architect,ApproxDate,RecordIDs,ArchMiddle,artists_keyword,primary_architect_last,primary_artist_middle,SubjectTags,EngravingText,longitude,state,BlkNum,acquisition,architecture_firm,borough_x,ArtForm,zip_code,ArtistGiven,landscape_architect,Medium,secondary_artist_middle,LotID,foundry,managing_city_agency
,True,177,,American,Embury II,George Richard,"animals, wpa, bathhouse",,-73.898056,NY,2941,Purchased with Works Progress Administration Funds,,Bronx,Bas-Relief Roundel,10457,Frederick,,Stone,,1.0,,Department of Parks and Recreation
,False,5177,,American,,Howard,animals,GROUP OF BEARS / PAUL MANSHIP 1885-1966 / ORIGINAL BRONZE CAST 1932 / THIS BRONZE CAST 1989 / A GIFT BY SAMUEL N. FRIEDMAN / IN MEMORY OF HIS BELOVED WIFE / PAT HOFFMAN FRIEDMAN,-73.963956,NY,1111,Gift of Samuel Friedman,Bruce Kelly/David Varnell,Manhattan,Statue,10028,Paul,,Bronze,,1.0,Paul King Foundry,Department of Parks and Recreation
,True,2530,,"Woman, American",,,"beach, summer, mosaic, recreation","MOSAIC DESIGNS BY ANN EVANS 1981 / PRODUCED BY CITYARTS WORKSHOP INC. / WITH A GRANT FROM THE NEW YORK CITY / DEPARTMENT OF CULTURAL AFFAIRS COMMUNITY / ARTS DEVELOPMENT PROGRAM AND THE / OFFICE OF NEIGHBORHOOD ECONOMIC / DEVELOPMENT, O.E.D. FUNDED BY / THE UNITED STATES DEPARTMENT OF HOUSING AND URBAN DEVELOPMENT COMMUNITY / DEVELOPMENT BLOCK GRANT PROGRAM. / MOSAICS PRESENTED IN COOPERATION WITH THE NEW YORK CITY DEPARTMENT OF PARKS / AND RECREATION AND THE CHAMBER OF / COMMERCE OF THE ROCKAWAYS.",-73.835982,NY,,Commissioned through Department of Cultural Affairs Community Art Development Program,,Queens,Mosaic,11694,Ann,,Brick,,,,Department of Parks and Recreation
,False,832,,American,Embury II,George Richard,"children, literary character, wpa",Signed: F.G.R. ROTH,", -73.965333",NY,1117,Commissioned by The City of New York through The Temporary Emergency Relief Administration,,Brooklyn,Bas-Relief,11225,Frederick,,Limestone,,1.0,,Department of Parks and Recreation
,False,628,,,Puma,,"athlete, sports, immigrant, irish, runner",FINISH LINE / PETE MCARDLE,-73.896050,NY,5900,Gift of Pete McArdle Memorial Committee,S. Puma Co. Inc.,Bronx,Installation,10471,,,Granite,,150.0,,Department of Parks and Recreation
,False,5165,,American,,Ordway,"ukrainian, world war ii, war, equestrian",Pedestal front: GRANT Pedestal rear: PRESENTED / TO THE CITY / BY THE UNION LEAGUE CLUB / OF BROOKLYN / APRIL 27TH 1896,-73.952778,NY,1218,Gift of The Union League Club of Brooklyn,,Brooklyn,Statue,11216,William,,Bronze,,20.0,"M.H. Mosman, Chicopee, MA",Department of Parks and Recreation
,False,1330,,Irish,Waldreaon,,"world war i, war","Pedestal: ERECTED BY THE CITIZENS / AND PATRIOTIC FRIENDS / TO THE MEMORY OF / THOSE OF THE BRONX / WHO SERVED AND TO THOSE / WHO FOUGHT AND DIED / IN THE WORLD WAR / THAT THE LIBERTY AND / THE IDEALS OF OUR / COUNTRY MIGHT ENDURE / MCMXXV Integral base: EAGLE BRONZE WORKS, INC. FOR J.W. FISK IRON WORKS, NEW YORK",-73.881083,NY,,Gift of Bronx Victory Memorial Association,,Bronx,Statue,10458,Jerome,,Bronze,,,,Department of Parks and Recreation
,False,1314,,"Jewish, LGBTQ+",,,"lgbtq+, stonewall inn, gay liberation, gay rights",GAY LIBERATION / BY / GEORGE SEGAL / BRONZE CAST -- 1980 / DEDICATED -- 1992 /---/ GIFT OF THE MILDRED ANDREWS FUND / TO THE CITY OF NEW YORK,-74.002402,NY,0592,Gift of Mildred Andrews Fund,,Manhattan,Statue,10014,George,Winslow,Bronze,,87.0,"Johnson Atelier, Hamilton Township, NJ",Department of Parks and Recreation
,False,1314,,"Italian, American",,Pasquale,"american civil war, military, war","GENERAL PHILIP HENRY / SHERIDAN / 1831-1888 Right of pedestal: ""HE BELONGS TO THE FIRST RANK / OF SOLIDERS. NOT ONLY OF OUR / COUNTRY BUT OF THE WORLD"" / U.S. GRANT Left of pedestal: ERECTED BY THE GENERAL SHERIDAN / MEMORIAL ASSOCIATION AND HIS COMRADES OF THE G.A.R.",-74.002103,NY,0592,"Gift of General Sheridan Memorial Association, Inc.",,Manhattan,Statue,10014,Joseph,,Bronze,,87.0,,Department of Parks and Recreation
,False,2939,,"American, Woman",,,"mayor, politician, public servant",FIORELLO LA GUARDIA / 1882-1947 / STATESMAN / HUMANITARIAN / AVIATOR / MAYOR OF / THE CITY OF NEW YORK / 1934-1945 / I HAVE FOUGHT A GOOD FIGHT / I HAVE FINISHED MY COURSE / I HAVE KEPT THE FAITH / *** II TIMOTH IV. 7 / THIS MEMORIAL / ERECTED BY / THE LA GUARDIA/ MEMORIAL ASSOCIATION / 1957,-73.987703,NY,0255,LaGuardia Memorial Association,Eggers & Higgins,Manhattan,"Bust, Pedestal",10002,Jo,,Bronze,,12.0,,Department of Parks and Recreation
,False,3297,,,,,"women, woman, first lady",THIS FORTY FLOWERING CHERRY TREES / IN THE MALLS BETWEEN 75TH AND 96TH STREETS / A GIFT OF THE / ALBERT & MARY LASKER FOUNDATION / WERE PLANTED IN MEMORY OF / SUSAN E. WAGNER / BELOVED FIRST LADY OF THE CITY OF NEW YORK / NOVEMBER 1964,-73.962479,NY,,Gift of Albert and Mary Lasker Foundation,Vollmer Associates,Manhattan,Plaque,10021,,,Bronze,,,,Department of Parks and Recreation
,False,"2019, 1859",,"Italian, American",,,"abstract, birdbath, woman",EDITH DEACON MARTIN / 1898 1941 / OMNIA AD MAIROEM DE GLORIAM /,-73.971894,NY,1111,"Gift of S. Holladay Philbin, Joan Kettering Martin, Patricia Martin Martin, and Nancy Walker",,Manhattan,Bird Bath,10019,Oronzio,,Marble,,1.0,,Department of Parks and Recreation
,False,"157, 195, 320",,American,,Louis,"general slocum disaster, fountain, children","(FRONT, UPPER RIGHT): THEY WERE / EARTH'S / PUREST / CHILDREN / YOUNG AND / FAIR (PROPER RIGHT SIDE): IN MEMORY OF / THOSE WHO LOST / THEIR LIVES / IN THE DISASTER TO / THE STEAMER / GENERAL SLOCUM / JUNE XV / MCMIV (PROPER LEFT SIDE): DEDICATED / BY / THE SYMPATHY SOCIETY / OF GERMAN LADIES / THE YEAR OF OUR LORD / MCMVI",-73.981378,NY,0403,Gift of Sympathetic Society of German Ladies,,Manhattan,"Stele, Bas-Relief",10009,Bruno,,Tennessee Pink Marble,,1.0,,Department of Parks and Recreation
,False,1859,,American,Embury II,George Richard,"animals, wpa",Signed: F.G.R. ROTH,-73.971273,NY,1111,Purchased with T.E.R.A. Funds,,Manhattan,Bas-Relief,10019,Frederick,,Limestone,,1.0,,Department of Parks and Recreation
,False,3184,,,,,"politician, public servant, city councilmember",IN MEMORY OF / GENEVIEVE BEAVERS EARLE / 1883-1956 LONGTIME RESIDENT OF BROOKLYN HEIGHTS / CIVIC LEADER AND GOOD NEIGHBOR / MEMBER AND MINORITY LEADER OF THE CITY COUNCIL / DEVOTED TO THE WELFARE OF BROOKLYN AND / THE CITY OF NEW YORK / THIS PLAQUE IS THE GIFT OF HER MANY FRIENDS,-73.998029,NY,0208,Gift of the Earle Plaque Committee,,Brooklyn,"Flagstaff Base, Plaque",11201,,,Bronze,,25.0,"Forman Company, Brooklyn, New York",Department of Parks and Recreation
,False,"1960, 1501",,,,,"world war ii, war",,-73.896372,NY,5900,Gift of Peter G. Lehman Post #8646,General Bronze Corporation,Bronx,Tree Marker,10471,,,Bronze,,150.0,,Department of Parks and Recreation
,True,3911,,American,,,"lawyer, politician, secretary of state, senator, congressman","LIBERTY AND UNION, / NOW AND FOREVER, / ONE AND INSEPARABLE. / DANIEL WEBSTER /",-73.974122,NY,1111,Gift of Gordan W. Burnham,,Manhattan,Statue,10024,Thomas,,Bronze,,1.0,"Von Miller's Foundry, Munich, Germany",Department of Parks and Recreation
,False,1903,,American,,,animals,,-73.986226,NY,0355,Gift of Tom Otterness,,Manhattan,Sculpture,10002,Tom,,Bronze,,10.0,"Beacon Fine Art Foundry, Beacon, NY",Department of Parks and Recreation
,False,1334,George,,Waldreaon,,"world war i, world war ii, korean war, vietnam war, war","Side 1: ERECTED BY THE / VAN NEST CITIZEN'S / PATRIOTIC LEAGUE / IN MEMORY OF / THOSE WHO SERVED / OUR COUNTRY / IN THE / WORLD WAR / 1917 --- 1918 / AND / WORLD WAR II / 1941 --- 1945 Bronze Plaque: REDEDICATION BY / ITALIAN AMERICAN WAR VETERANS / BRONX COUNTY POST 39 / OCTOBER 31, 1979 Side 2: KOREA / RALPH J. CELENTANO / ROBERT F. GORMAN Side 3: LEST WE FORGET / PAUL ARNONE / THOS. BARRY / F.M. BEGAN / VIVIEN BROWN / C. DIEDTRICH / H. ERLANDSEN / WM. GORTON / JOS. A. KALLAS / CHAS. KEEGAN / ARTHUR MCBRIDE / F. SCHLAICH / H. SCHEELER / J. SLATOBOLSKY / EUG. L. ZENGEN / JOHN N. BELMONT / DEDICATED / MCMXXVI Side 4: VIETNAM / MICHAEL P. GALEA / PATRICK J. GALLAGHER / DANIEL MEADE / MARTIN R. POWERS / ANGELO G. RAPTIG / DENNIS J. RUSSO / VINCENT M. SORANNO / ROBERT L. TARANTO / RICHARD J. TIRIGO / JULIO C. VARGAS / RICHARD PARKER / PETER R. WIESNEIFSKI",-73.865525,NY,4028,Gift of Van Nest Citizens Patriotic League,,Bronx,Stele,10462,,,Granite,,100.0,,Department of Parks and Recreation
,False,3033,,,,,"world war ii, war","Stele: THAT WE BE FREE / Tablet: 1941 1945 / THIS TABLET IS DEDICATED TO THE MEN OF THIS/ COMMUNITY WHO MADE THE SUPREME SACRIFICE IN WORLD WAR II / SSGT. ADAMS, V.J. --- PFC. D'AMATO, L.C. --- SGT. GWIAZDOWSKI, M. --- PVT. PROTO, L. / PFC. ARETINO, D.C. --- SGT. DEODATI, K. --- PFC. KAZAKEVICJ, V.L. --- PVT. RUBINETTI, J. / PVT. BIANCO, A.J. --- CPL. DESIO, J.S. --- LT. KORBELAK, S. --- PFC. RUBINETTI, J. / SFC BIELINSKI, J. --- PVT. DOMANICO, T.J. --- PFC. LA ROCCA, P.F. --- TCPL. RUSSO, J.A. / SSGT. BILASZ, S. --- PVT. FALCO, R. --- SGT. LA TORRE, G.M. --- PFC. SACCONE, A. / PFC. BOSCO, F.C. --- CPL. FALTER, F.F. --- SGT. LAWOR, G. --- PVT. SANTA MARIA, C. / PVT. BUONAGURO, J.A. --- PFC. FARANDA, F.F. --- PVT. LEONARD, E.A. --- PVT. SCHETTINO, V. / PFC. BUSRUS, A. --- 1ST LT. FEDERICO, D.J. --- PFC. LIGUORI, D.A. --- PVT. SCHMIEDER, A.J. / PVT. CALIENDO, P. --- PFC. FERONE, J.P. --- SFC. LOMBARDI, V.J. --- PFC. SCUDIERE, V. / PFC. CANDELA, S. --- CPL. FILL, J. --- PFC. LOMUTO, F.S. --- PFC. SEVERINO, C. / PFC. CARBONE, R. --- PVT. FORGIONE, V. --- PVT. MADDALONI, L. --- CPL. SIJEWIC, A. / CMOM. CHESTARO, T.W. --- PFC. FORLANO, L.A. --- PVT. MASCIA, V.J. --- SSGT. TAFURI, G. / TSGT. CHIAFARI, F.J. --- PVT. FRANZESE, S. --- PVT. MAZZA, N. --- CPL. THOMAS, A.J. / SSGT. CHIPICHETTA, J.A. --- COX. FURINO, L.A. --- CPL. MONTEFORTE, F.J. --- PFC. TITANO, S.C. / PFC. CIA, J. --- PVT. GAGAS, C.J. --- PFC. MURAWSKI, M. --- PVT. UVINO, A. P. / PFC. CIANTRO, JR., P. --- PL.SGT, GATTO, J.D. --- CPL. PACIA, M.A. --- PFC. VELOTTA, F.P. / CPL. CIFALDI, J. --- LT.FR. GIORGIO, E.J. --- PFC. PALLADINO, F.D. --- SSGT. VINTIS, C.V. / SGT. CIMINO, V.J. --- PVT. GRASSANO, N. --- PVT. PECORA, F.D. --- PFC. VITACCO, S. / PFC. CORTWRIGHT, W.H. --- PVT. GUIDICE, A.M. --- PFC. PIZZONIA, A. --- SFC. YODICE, G. I. / PVT. GUIDICE, J.V. --- PFC. POPPOPA, J. / ERECTED BY THE TWENTY-SEVEN MEMORIAL POST NO. 1751, AMERICAN LEGION",-73.951907,NY,2323,Gift of The Twenty-Seventh Memorial Post-American Legion # 1751,,Brooklyn,Stele,11211,,,Bronze,,31.0,,Department of Parks and Recreation
,False,1155,,American,Bacon,Chester,philanthropist,D.C. FRENCH 1922 ALFRED TREDWAY WHITE /1846-1921/LOVER OF NATURE/HELPER OF MANKINS/BELOVED OF ALL (Stele) GIFTS IN MEMORY OF/ SETH OLIVER HAWKINS/ 1965-1989/FROM HIS FAMILY AND FRIENDS/ MADE POSSIBLE THE PLACEMENT/OF THIS REPLICA OF/A DANIEL CHESTER FRENCH BAS RELIEF IN THIS/ THE ORIGINAL LOCATION/JUNE 1900,73.963158,NY,1183,Gift of The Hawkins Family and Friends,,Brooklyn,"Bas-Relief, Stele",11238,Daniel,,Bronze,,1.0,,Department of Parks and Recreation
,False,3911,,"Italian, American",Matriati,,"philosopher, politician",Front: GIUSEPPE MAZZINI Right: DIO E IL POPULO Left: PENSIERO ED AZIONE Rear: PRESENTED / TO THE CITY OF NEW YORK / BY THE ITALIANS / IN THE U.S. OF AMERICA / 1878,-73.976720,NY,1111,Gift of Italians in the United States of America,,Manhattan,"Bust, Pedestal",10023,Giovanni,,Bronze,,1.0,G. Fisher & Bros Brnz Works,Department of Parks and Recreation
,False,"1859, 2208",,American,Embury II,George Richard,"literary character, wpa, woman, women",F.G.R. ROTH,-73.969547,NY,1111,Commissioned by Department of Parks & Recreation,,Manhattan,Sculpture,10021,Frederick,,Granite,,1.0,,Department of Parks and Recreation
,False,2673,,American,,,"politician, public servant, governor, irish, catholic","Front: THESE HOUSES ARE NAMED / FOR / ALFRED EMANUEL SMITH / 1873 - 1944 / SPEAKER OF THE ASSEMBLY / SHERIFF OF NEW YORK COUNTY / PRESIDENT OF THE BOARD OF / ALDERMEN / FOUR TIMES GOVERNOR OF / THE STATE OF NEW YORK / NOMINEE FOR / PRESIDENCY OF THE / UNITED STATES / THIS MEMORIAL IS THE / GIFT OF HIS FRIENDS Right: BORN AND RAISED / IN THIS OLD EAST / SIDE AS WERE HIS / FATHER, MOTHER / WIFE AND FIVE / CHILDREN. HE/ WORKED DEVOT-/ EDLY TO MAKE IT / A BETTER AND A/ HAPPIER HOME / FOR HIS NEIGHBORS Left: HAPPY WARRIOR / FOR THE RIGHTS / OF HUMANITY HE / VOICED THE FAITH / ""THE GREATEST / PRIVILEGE THAT / CAN COME TO ANY / MAN IS TO GIVE / HIMSELF TO THE / NATION WHICH / REARED HIM""",-73.997278,NY,0111,Gift of the Governor Alfred E. Smith Memorial Committee,Eggers & Higgins,Manhattan,Statue,10038,Charles,,Bronze,,160.0,,Department of Parks and Recreation
,True,6519,,American,,,abstract,,-74.010521,NY,,Commissioned through Department of Cultural Affairs Percent for Art Program,Jaroff Design,Manhattan,Sculpture,10004,Bryan,,"Stainless Steel, Cast Glass",,,,Department of Parks and Recreation
,True,649,,,,,milestone,11 MILES FROM / N. YORK / ON THE KINGSBRIDGE RD / IN 1769 AT 170TH STREET / IN 1819 AT 189TH STREET / THE CITY HISTORY CLUB / 1912,-73.938384,NY,2106,Gift of the City History Club of New York,J&R Lamb Studios,Manhattan,"Plaque, Plinth",10032,,,Granite,,1.0,,Department of Parks and Recreation
,False,415,,"Austrian, American",Bacon,,"german, revolutionary, politician, journalist, reformer, veteran",CARL SCHURZ / SOLDIER - STATESMAN / PHILANTHROPIST / 1829 1906/,-73.959056,NY,1850,Gift of The Carl Schurz Memorial Association,,Manhattan,"Statue, Exedra",10026,Karl,,Bronze,,1.0,Jno. Williams,Department of Parks and Recreation
,True,,,,,,"spanish-american war, war","THIS TREE IS DEDICATED TO / THE MEMORY OF / PVT. WALTER B. ROBERTSON / COMPANY F - 8TH REG'T - U.S. ARMY / SPANISH AMERICAN WAR / DIED - AUGUST 3, 1939",-73.735556,NY,10771,,,Queens,Tree Marker,11428,,,Bronze,,25.0,,Department of Parks and Recreation
,False,3809,,American,,,"greek, playwright, author","Front: SOPHOCLES / 496 BC - 406 BC / ANCIENT GREEK PLAYWRIGHT, PRIEST, / POLITICIAN AND GENERAL OF ATHENS. / HIS COMPLETE PLAYS ARE / AJAX , ANTIGONE , ELECTRA, / OEDIPUS AT COLONUS, / OEDIPUS REX, TRACHINIAE, / PHILOCTETES Side 1: ONE WORK ALONE / REPAYS YOU FOR THE / LABOR OF OUR LIVES / LOVE / OEDIPUS AT COLONUS; Side 2: FOR KINDNESS / BEGETS KINDNESS / EVERMORE / AJAX Back: SOPHOCLES",-73.922377,NY,0594,"Gift of Athens Square Park, Inc.",,Queens,Statue,11102,Chris,,Bronze,,1.0,Modern Art Foundry,Department of Parks and Recreation
,False,1665,,,,,"harlem hellfighters, world war i, war",North side: 93RD ST / DIVISION / (US) / [Insignia] / 369TH / INFANTRY / REGIMENT / (15TH REG-NYG) / (COLORED) / IN MEMORY / 1918 / MEUSE-ARGONNE / OFFENSIVE / RIPONT / MONT-CUVELET / SECHAULT / 26 SEP - 1OCT South side: 161 ST / DIVISION / (FR) / [Insignia] / 369TH / INFANTRY / REGIMENT / (15TH REG-NYG) / (COLORED) / IN MEMORY / 1918 / MEUSE-ARGONNE / OFFENSIVE / RIPONT / MONT-CUVELET / SECHAULT / 26 SEP - 1OCT,-73.934458,NY,1740,Gift of 36t9th Historical Society & Veterans Association,,Manhattan,Obelisk,10037,,,Granite,,17.0,,Department of Parks and Recreation
,False,2252,,,,,firefighters,THIS MONUMENT IS ERECTED / BY THE MEMBERS OF / EAGLE FIRE ENGINE COMPANY / NO. 13 / IN CONNECTION WITH THE FRIENDS OF THE / DECEASED / TO COMMEMORATE THE SAD EVENT / CONNECTED WITH THEIR DEATH / AND THE LOSS / WHICH THEY DEPLORE / Marble side 2: HERE ARE INTERRED / THE BODIES OF / EUGENE UNDERHILL / AGED 20 YEARS 7 MONTHS AND 9 DAYS / AND FREDERICK A. WARD / AGED 22 YEARS 1 MONTH AND 16 DAYS / WHO LOST THEIR LIVES BY THE FALLING OF A BUILDING / WHILE ENGAGED / IN THE DISCHARGE OF THEIR DUTY AS / FIRE MEN / ON THE FIRST DAY OF DUTY / MDCCCXXXIV / Bronze plaque: THIS GROUND WAS USED AS A CEMETERY / BY TRINITY PARISH / DURING THE YEARS 1834-1898. / IT WAS MADE A PUBLIC PARK / BY THE CITY OF NEW YORK / IN THE YEAR 1897-8. / THIS MONUMENT STOOD IN THE CEMETERY / AND WAS REMOVED TO THIS SPOT / IN THE YEAR 1898. /,-74.006382,NY,0582,Gift of Eagle Fire Company and Friends,,Manhattan,Sarcophagu,10014,,,Marble,,1.0,,Department of Parks and Recreation
,False,1859,,American,Embury II,George Richard,"animals, wpa",,-73.972210,NY,1111,Purchased with T.E.R.A. Funds,,Manhattan,Bas-Relief,10019,Frederick,,Limestone,,1.0,,Department of Parks and Recreation
,False,2114,,"Woman, American",,Vanderbilt,"colonial, dutch, governor",Base: PETER STUYVESANT / DIRECTOR - GENERAL / OF / NEW NETHERLAND / 1647 - 1664 / Signed: G.V. Whitney,-73.984306,NY,0897,Gift of the Netherland-American Foundation,Noel & Miller,Manhattan,Statue,10003,Gertrude,,Bronze,,40.0,,Department of Parks and Recreation
,False,,,,Embury II,,"military, armed forces, veteran, american civil war, war",IN MEMORIAM / HORACE PORTER / AIDE DE CAMP AND MILITARY SECRETARY/ CHATTANOOGA 1863-VIRGINIA 1864-5 / BRIGADIER GENERAL U.S.A. - AMBASSADOR TO FRANCE / PRESIDENT GRANT MONUMENT ASSOCIATION/ 1891-1919,-73.9630609,NY,1897,Gift of President Grant Monument Association,,Manhattan,"Flagstaff, Plaque",10027,,,Bronze,,100.0,,Department of Parks and Recreation
,False,5961,,"German, American",,,"composer, german, musician,","BEETHOVEN / PRESENTED TO THE / CITY OF BROOKLYN / BY THE UNITED GERMAN SINGERS / OF THE CITY. / FIRST PRIZE AT THE / 17TH NATIONAL SAENGERFEST, / HELD AT NEW YORK JUNE 22 - 26. /",-73.964833,NY,1117,Gift of The United Singers of Brooklyn,,Brooklyn,"Bust, Pedestal",11226,Henry,,Bronze,,1.0,"Lorne & Aylry, New York (1894 )",Department of Parks and Recreation
,False,1445,Brown,American,Lord,Edwin,"president of the united states, vice president of the united states, politician, lawyer","Right side near base of sculpture: GEO. E. BISSELL/SCULPTOR 1898 Back side of sculpture: THE HENRY-BONNARD BRONZE CO./FOUNDERS, NY Front side of sculpture: JAMES BROWN LORD/ARCHITECT Front of pedestal: CHESTER ALANULLRTHUR/TWENTY-FIRST PRESIDENT/OF/THE UNITED STATES/OF AMERICA",-73.987115,NY,0852,Gift of Friends of Chester Alan Arthur,,Manhattan,Statue,10010,George,,Bronze,,1.0,"The Henry-Bonnard Bronze Company, New York",Department of Parks and Recreation
,False,"139, 2739",Morris,American,Hunt,Quincy Adams,"abolitionist, religious leader, clergy, orator",HENRY WARD BEECHER / 1813-1887 THE GRATEFUL GIFT / OF MULTITUDES OF / ALL CLASSES CREEDS / AND CONDITIONS / AT HOME AND ABROAD / TO HONOR THE GREAT / APOSTLE OF THE / BROTHERHOOD OF MAN.,-73.990111,NY,0139,Gift of The Beecher Statue Fund,,Brooklyn,Statue,11201,John,,Bronze,,1.0,Bonnard Bronze Co,Department of Parks and Recreation
,False,,,American,,Walter,sundial,,-73.969912,NY,1111,Gift of The Department of Parks & Recreation,,Manhattan,Sundial,10024,A.,,Bronze,,1.0,,Department of Parks and Recreation
,,,,,,,"world war i, war",THIS TREE IS DEDICATED TO / THE MEMORY OF / CORP. ROBERT GRAY / CO. L. 106TH INFANTRY / WHO DIED IN THE WORLD WAR / 1914-1918 /,-73.841651,NY,3907,,,Queens,Tree Marker,11418,,,Bronze,,1050.0,,Department of Parks and Recreation
,False,1593,,,,V.,"spanish-american war, war",IN MEMORY OF / ROBERT DITMARS VAN SICLEN / 1905 - 1928,-73.798554,NY,9848,Gift of James C. Van Siclen,,Queens,Flagstaff Base,11432,Anthony,,Granite,,164.0,,Department of Parks and Recreation
,False,2281,,,Lamb,,american revolutionary war,"1776 --- HUDSON FULTON CELBRATION COMMISSION --- 1909 / ON THIS HILL-TOP STOOD FORT TRYON / THE NORTHERN OUT-WORK OF / FORT WASHINGTON. / ITS GALLLANT DEFENSE AGAINST / THE HESSIAN TROOPS / BY / THE MARYLAND AND VIRGINIA REGIMENT/ 16 NOVEMBER 1776 / WAS SHARED BY / MARGARET CORBIN / THE FIRST AMERICAN WOMAN / TO TAKE A SOLDIER'S PART / IN THE WAR FOR LIBERTY / --- / ERECTED UNDER THE AUSPICES OF / THE AMERICAN SCENIC AND HISTORIC / PRESERVATION SOCIETY / THROUGH THE GENEROSITY OF / C.K.G. BILLINGS / ERECTED THROUGH THE GENEROSITY OF / JAMES GORDON BENNETT / BY THE EMPIRE STATE SOCIETY OF THE / SONS OF THE AMERICAN REVOLUTION / NOVEMBER 16, 1901. / SITE / REGISTERED BY / THE AMERICAN / SCENIC AND HISTORIC / PRESERVATION / SOCIETY / 1901 /",-73.937610,NY,2179,Gift of James Gordon Bennett and the Empire State Society of the Sons of the American Revolution,,Manhattan,Stele,10033,,,Bronze,,189.0,,Department of Parks and Recreation
,True,,,,,,"american revolutionary war, war, colonial, jewish, sephardic, polish, immigrant","THIS PLAQUE IS DEDICATED TO HAYM SOLOMON IN / RECOGNITION OF HIS TIRELESS EFFORTS ON BEHALF / OF THE REVOLUTIONARY ARMY. / SALOMON, A POLISH JEWISH IMMIGRANT, WAS SO / IMBUED WITH THE SPIRIT OF FREEDOM, HE WITHOUT / MUCH ASSISTANCE, FINANCED THE AMERICAN / REVOLUTIONARYT WAR BY HIS INEXHAUSTIBLE FUND- / RAISING. THOUGH HIS HEALTH WAS RUINED DURING / HIS IMPRISONMENT BY THE BRITISH, SALOMON'S FAITH / IN JUDAISM NEVER FALTERED, NOR DID HIS BELIEF IN / THE GREATNESS OF OUR COUNTRY, WHILE HE RAISED / HUNDREDS OF THOUSANDS OF DOLLARS FOR THE WAR / EFFORT, SALOMON, IRONICALLY, DIED PENNILESS. // APPROXIMATELY 100 YEARS AFTER HIS DEATH, HAYM / SALOMON WAS FINALLY ACKNOWLEDGED BY THE / UNITED STATES FOR HIS EXTRAORDINARY PATRIOTISM.",-73.821134,NY,,"Gift of Nat and Maxwell Dorr Post No. 793, Jewish War Veterans of the United States of America",,Queens,Stele,11367,,,Granite,,,,Department of Parks and Recreation
,False,"55, 1371",E.,American,Wallis,Scott,"american civil war, engineer, swedish, war","Integral plinth, right: [signed] J.S. Hartley 1902 / Pedestal front: ERICSSON / Pedestal back: THE CITY OF NEW YORK / ERECTS THIS STATUE TO THE / MEMORY OF A CITIZEN WHOSE / GENIUS HAS CONTRIBUTED / TO THE GREATNESS OF THE / REPUBLIC AND THE PROGRESS / OF THE WORLD /---/ APRIL 26 1893 /---/ ON JULY 31 1803 JOHN ERICSSON WAS / BORN IN LANGSBANSHYTTAN SWEDEN / DIED IN NEW YORK MARCH 8 1889",-74.014528,NY,0003,Commissioned by The City of New York,,Manhattan,Statue,10004,Jonathan,,Bronze,,1.0,"Gorham Manufacturing and Founders (statue); Roman Bronze Works, Inc. (plaques)",Department of Parks and Recreation
,False,1045,Greene,"Italian, American",Pollard,,"world war i, war, doughboy",TO THE MEMORY / OF THE / BUSHWICK-RIDGEWOOD / BOYS WHO SERVED / IN THE WORLD WAR / 1917-1918,-73.917907,NY,3299,Gift of The Bushwick-Ridgewood Monument Committee,,Brooklyn,Statue,11237,Pietro,,Bronze,,1.0,,Department of Parks and Recreation
,False,2587,,Japanese,,,"maritime, bas-relief, animals",,-73.975545,NY,,Commissioned through Department of Cultural Affairs Percent for Art Program,Goldstone & Hinz,Brooklyn,Bas-Relief Sculpture,11224,Toshio,,"Terrazzo, Ceramic, Concrete",,,,Department of Parks and Recreation
,False,5054,J.,"American, LGBTQ+",Koenen,,"maritime, pier",,-73.943766,NY,,Commissioned through Department of Cultural Affairs Percent for Art Program,Koenen Associates,Brooklyn,Installation,11235,Scott,,Mixed Media,,,,New York City Economic Development Corporation
,False,1712,,,,,"world war i, war","Stele (front): DEDICATED TO THE / RICHARD J. MC NALLY POST 263 / AMERICAN LEGION / IN HONOR OF THE MEN / WHO GAVE THEIR LIVES / FOR THEIR COUNTRY / IN THE WORLD WAR / AND WHO AT THE TIME / OF THEIR ENLISTMENT / RESIDED IN THE TERRITORY / COVERED BY THIS POST / [HONOR ROLL OF 62 NAMES] / Stele (rear): DEDICATED MAY 30, 1921.",-73.929768,NY,2149,"Gift of McNally Post 263, American Legion",,Manhattan,"Plaque, Stele",10033,,,Bronze,,525.0,Eagle Bronze Works,Department of Parks and Recreation
,False,5599,Lloyd,,Rampulla,M.,"women, reformer, environmentalism, animals, gates","GRETTA MOULTON GATE / GRETTA MOULTON WAS A HEROINE OF THE / ENVIRONMENTAL MOVEMENT THAT SAVED / HIGH ROCK PARK IN 1965. AN INSPIRED / LEADER OF EARLY EFFORTS TO PRESERVE / THE GREENBELT, SHE WAS ALSO A TRUSTEE / OF THE STATEN ISLAND INSTITUTE OF ARTS / AND SCIENCES AND THE FOUNDER OF THE / FRIENDS OF HIGH ROCK. THIS PARKLAND / AFFIRMS IN PERPETUITY THE PROFOUND / EFFECT OF HER DEVOTION TO CONSERVATION / OF OUR NATURAL RESOURCES. / DESIGN: BRADFORD M. GREENE / ERECTED BY: PHILIP LLOYD RAMPULLA / NEW YORK CITY DEPARTMENT OF PARKS AND RECREATION / HENRY J. STERN, COMMISSIONER / DEDICATED FALL 1995 BY: / THE GREENBELT CONSERVANCY, INC. /",-74.124861,NY,0939,Gift of the Greenbelt Conservancy,,Staten Island,Ornamental Gate,10306,Bradford,,Bronze,,1.0,,Department of Parks and Recreation
,False,1371,,Spanish,Puzi,,"immigration, immigrants, jewish, african american, black american, black history, slavery, labor",DEDICATED TO THE PEOPLE OF ALL NATIONS / WHO ENTERED AMERICA THROUGH CASTLE GARDEN / IN MEMORY OF SAMUEL RUDIN / 1896-1975 / WHOSE PARENTS ARRIVED IN AMERICA IN 1883 / SANGUINO,-74.016397,NY,0003,Gift of Samuel and Mary Rudin,,Manhattan,Sculpture,10004,Luis,,Bronze,,1.0,Modern Art Foundry,Department of Parks and Recreation
,True,1483,,"Italian, American",,S.J.,"world war i, war",Top plaque: DEDICATED TO THOSE WHO MADE THE SU- / PREME SACRIFICE AND TO ALL OTHERS / FROM CLASON POINT WHO ENTERED THE / SERVICE OF OUR COUNTRY IN THE WORLD WAR / NEW YORK CITY / A.D. 1928 Bottom left plaque: LET US RAISE / A STANDARD TO WHICH / THE WISE AND HON- / EST CAN REPAIR THE / EVENT IS IN THE HANDS / OF GOD. / WASHINGTON / THAT GOVERNMENT / OF THE PEOPLE BY THE / PEOPLE AND FOR THE / PEOPLE SHALL NOT PER- / ISH FROM THE EARTH / LINCOLN Bottom right plaque: NO IMPERIAL / DESIGNS LURK / IN THE AMERICAN / MIND THEY ARE / ALIEN TO AMERI - / CAN SENTIMENT / THOUGHT AND PURPOSE. / MCKINLEY / THAT THE WORLD / MAY BE MADE / SAFE FOR DEMOC- / RACY. / WILSON,-73.858085,NY,3499,Gift of Citizens War Memorial Committee of Clason Point,,Bronx,"Stele, Bas-Relief",10473,James,,Bronze,,100.0,,Department of Parks and Recreation
,False,1371,,"British, American",,,"korean war, mosaic, obelisk, veterans, sundial, war","Base (front): THE KOREAN WAR / 1950-1953 / Base (rear): THE UNIVERSAL SOLDIER Pavers: REPUBLIC OF KOREA -- DEAD 58,127 WOUNDED 175,743 MISSING 174,244 / AUSTRALIA -- DEAD 339 WOUNDED 1,216 MISSING 29 /BELGIUM -- DEAD 107 WOUNDED 345 MISSING 5 /CANADA -- DEAD 291 / WOUNDED 1,072 MISSING 21 / COLOMBIA -- DEAD 140 WOUNDED 452 MISSING 65 / DENMARK / ETHIOPIA -- DEAD 120 WOUNDED 536 / FRANCE -- DEAD 288 WOUNDED 818 MISSING 18 / GREECE -- DEAD 194 WOUNDED 610 MISSING 2 / INDIA / ITALY / LUXEMBOURG -- DEAD 2 WOUNDED 5 / NETHERLANDS -- DEAD 120 WOUNDED 645 MISSING 3 / NEW ZEALAND -- DEAD 42 WOUNDED 81 / NORWAY -- DEAD 2 / PHILIPPINES -- DEAD 92 WOUNDED 299 MISSING 57 / SOUTH AFRICA -- DEAD 20 MISSING 16 / SWEDEN / THAILAND -- DEAD 114 WOUNDED 794 MISSING 5 / TURKEY -- DEAD 721 WOUNDED 1,475 MISSING 175 / UNITED KINGDOM -- DEAD 909 WOUNDED 3,497 MISSING 141 / UNITED STATES OF AMERICA -- DEAD 54,246 WOUNDED 103,248 MISSING 8,177",-74.017052,NY,0003,Gift of New York Korean Veterans Memorial Commission,,Manhattan,Sculpture,10004,Mac,,Granite,,1.0,,Department of Parks and Recreation
,False,1170,,,,,"sports, african american, black american, black history, athlete, athletics, baseball","ON MAY 1947, ON CINCINNATI'S CROSLEY FIELD, / ROBINSON ENDURED RACIST TAUNTS, / JEERS, AND DEATH THREATS / THAT WOULD HAVE BROKEN THE SPIRIT / OF A LESSER MAN. / REESE, CAPTAIN OF THE BROOKLYN DODGERS, / WALKED OVER TO HIS TEAMMATE ROBINSON / AND STOOD BY HIS SIDE, / SILENCING THE TAUNTS OF THE CROWD. / THIS SIMPLE GESTURE / CHALLENGED PREJUDICE AND / CREATED A POWERFUL AND ENDURING FRIENDSHIP. / BORN 1919 CAIRO, GEORGIA - DIED 1972 STAMFORD, CONNECTICUT / JACK ROOSEVELT ROBINSON / 42 / ON APRIL 15, 1947 ROBINSON FIRST TOOK THE FIELD FOR THE BROOKLYN / DODGERS, BREAKING THE COLOR BARRIER IN MAJOR LEAGUE BASEBALL. IN THE / FACE OF HOSTILITY, HE REMAINED STEADFAST, WINNING HIS WAY INTO THE / HALL OF FAME AND THE HEARTS OF BASEBALL FANS. ROBINSON WAS A CHAMPION / OF THE GAME OF BASEBALL, OF JUSTICE, AND OF CIVIL RIGHTS. / CITY OF NEW YORK, PARKS & RECREATION / MICHAEL R. BLOOMBERG, MAYOR / ADRIAN BENEPE, COMMISSIONER / THE MAYOR'S FUND TO ADVANCE NEW YORK CITY / WILLIAM BEHRENDS, SCULPTOR, 2005 / BORN 1918 EKRON, KENTUCKY - DIED 1999 LOUISVILLE, KENTUCKY / HAROLD HENRY REESE / 1 / KNOWN AS PEE WEE, REESE WAS CAPTAIN OF THE BROOKLYN DODGERS DURING THE / LATE 1940S AND THE EARLY 1950S. HE RISKED HIS CAREER WHEN HE STOOD BY JACKIE / ROBINSON AGAINST PREJUDICED FANS AND FELLOW PLAYERS. WITH THIS ACT OF / DEFIANCE, THE HALL OF FAME SHORTSTOP BECAME A POWERFUL AND INFLUENTIAL / MODEL OF TRUE HUMANITY. / [engraved stone tablet outside of circle] THE JACKIE ROBINSON & / PEE WEE REESE / MONUMENT DONORS / BANK OF AMERICA - BLOOMBERG - BROOKLYN BREWERY - BRYAN CAVE - BOB DALY - FOREST CITY RATNER COMPANIES - THEODORE J. FORSTMANN - JAMES F. GILL - THE HONORABLE RUDOLPH W. GIULIANI - INDEPENDENCE COMMUNITY BANK - KEYSPAN / MAJOR LEAGUE BASEBALL - THOMAS S. MURPHY - THE NEW YORK METS - NEW YORK YANKEES - PETER O’MALLEY - STEVEN RATTNER FAMILY - THE STARR FOUNDATION - TIME WARNER INC. - TISCH FOUNDATION, INC. - TRI-STATE CONSUMER INSURANCE COMPANY / LOUIS M. ABRAMS - AHLFELD MERLINO - AVIATION AUDIT GROUP INC. - RHODA BARR - STEVEN C. BATTERMAN - RUBY & EUGENE BECKER - ANDREW BERKMAN - LAURA BOSS - MATTHEW BRIEF - BROOKFIELD PROPERTIES - TIMOTHY CAREY - THE HONORABLE RICHARD CONWAY CASEY / JOHN CASTLE - THE CENDANT CHARITABLE FOUNDATION - EDWARD T. CHASE - WILLIAM CHURCHILL CLARK - RICHARD COOK - MARY & ROBERT CURRAN - RENA REIGROD D’ANDREA - DENNIS MCHALE SERVICES - GORDON D. DEWART - SHEILA F. EPSTEIN - HOWARD H. FAIRWEATHER / JOHN D. FEERICK - FRANK FEINBERG - MICHAEL FEINBERG - RUTH FINN - CAROLE FORD - KEVIN FRAWLEY - GEORGE ARZT COMMUNICATIONS, INC. - ALAN GOLDBERG - ARTHUR J. GONZALEZ - RICHARD GRUBER - ROBERT S. GRUBER - GLORIA HANDLER - ALISON & SETH HEATON / MICHAEL D. HESS - CHARLES J. HYNES - PETER S. KALIKOW - STEPHEN KANE - MARTIN S. KAPLAN - IVO KATNICH - JOHN KEENAN - BRADFORD RANSOM KEMP - KESTER L. KEMP, SR. - ROSLYN LATTO - MICHAEL LEIBLE - LEA SCHERR LEVY - CAROL SUTTON LEWIS & WILLIAM M. LEWIS, JR. / TAMRA & JOSEPH LHOTA - LOWENTHAL FAMILY FOUNDATION - STEVEN M. LURIE - MARY JENNINGS MAHON - KIERAN MAHONEY - LOOMIS FREDERICK MAYER - GEORGE E. MCDONALD - MARION & BERNARD MEYERSON - PAUL Z. MILES - ANNE MARIE MITCHELL / MUTUAL OF AMERICA LIFE INSURANCE COMPANY - FRAN & FRED NATHAN - MARTIN NEEDELMAN - LEE BERMAN NEMIROFF - DEBORAH OVITZ - P.S. 7 BROOKLYN ABRAHAM LINCOLN ROUND TABLE - WILLIAM J. PAPE II - ANN & JOHN PRINTON - THELMA ROKOFSKY RAMM / JERRY M. REINSDORF - DANIEL RIORDAN - CAROL & MICHAEL ROSE - THE RUDIN FOUNDATION - NORMAN F. SABAH - TIM SCHANTZ - JUDITH & SCOTT SCHIAMBERG - ALAN SCHLOSSBERG - IN MEMORY OF SOL SCHWARTZ - SELECT EQUITY GROUP FOUNDATION - LEO SELIGSOHN / RENEE & JACK SHAPIRO - MERRY SHEILS - THE SHEIRER FAMILY - ED SHERMAN - CARLY SIMON - SHIRLEY & LESTER SPIVACK - BRUCE M. & SONDRA ASTOR STAVE - EVELYN SUCHER & ANDREW IRVING - RICHARD SULLIVAN - JAMES TROY - JOHN J. WALSH - EDWARD J. YODOWITZ /",-73.985250,NY,7073,Commissioned by The City of New York,Ken Smith Landscape Architects; LIV ART,Brooklyn,Statue,11224,William,,Bronze,,101.0,,Department of Parks and Recreation
,False,7422,,"Woman, American",,,"suffragettes, author, abolitionist, women, woman","FRONT: SOJOURNER TRUTH / SUSAN B. ANTHONY / ELIZABETH CADY STANTON // WOMEN'S RIGHTS PIONEERS BACK: DONATED BY MONUMENTAL WOMEN TO / THE CITY OF NEW YORK TO HONOR WOMEN'S HISTORY.// DEDICATED ON AUGUST 26, 2020. / THE 100TH ANNIVERSARY OF THE RATIFICATION OF / THE 19TH 'VOTES FOR WOMEN' AMENDMENT TO / THE UNITED STATES CONSTITUTION.",-73.972382,NY,1111,Gift of Monumental Women,,Manhattan,Statue,10019,Meredith,,Bronze,,1.0,Polich Tallix,Department of Parks and Recreation
,False,6152,,,,,"world war i, war","IN MEMORY OF/ PVT. FREDERICK STAATS/ 1894-1918/ DEDICATED BY/ STAATS POST NO.517/ AMERICAN LEGION/ OCTOBER 14, 1991",-74.072306,NY,,Gift of American Legion Post 517,,Staten Island,Plaque,10305,,,Bronze,,,,Department of Parks and Recreation
,False,3899,,,,,"war, veterans",IN MEMORY OF THOSE MEMBERS OF OUR ARMED FORCES WHO GAVE THEIR LIVES FOR OUR COUNTRY THESE DEAD SHALL NOT HAVE DIED IN VAIN,-74.019775,NY,,Gift of The Greater Bay Ridge Coffey Square Monument Committee,Brooklyn Monument Company,Brooklyn,"Stele, Bas-Relief",11228,,,Bronze,,,,Department of Parks and Recreation
,False,,,,,,"woman, conservationist","IN MEMORY OF / FLORENCE GALLAGHER / ""CASS"" / HELPMATE TO VAN CORTLANDT / 1912-1983 / KINGSBRIDGE HISTORICAL SOCIETY / OCTOBER 1983",-73.894559,NY,5900,Gift of the Kingsbridge Historical Society,,Bronx,"Plaque, Plinth",10471,,,Bronze,,150.0,,Department of Parks and Recreation
,False,2202,,,,,"world war ii, war","PETER CHAPPETTO / MEMORIAL SQUARE / DEDICATED TO / A GREAT SPORTSMAN / WHO LOVED / GOD AND HIS FELLOW MEN / AND WHO MADE THE SUPREME / SACRIFICE FOR HIS COUNTRY / ERECTED BY HIS FRIENDS NOV. 11, 1949. /",-73.922238,NY,0874,Gift of Friends of Peter Chappetto,General Bronze Corporation,Queens,"Flagstaff, Plaque",11102,,,Bronze,,52.0,,Department of Parks and Recreation
,True,1982,,German,,,"playwright, author, poet, activist",,-73.923194,NY,2469,Gift of Arion (German-American singing society),,Bronx,Fountain,10451,Ernst,,Bronze,,1.0,,Department of Parks and Recreation
,True,4222,Wrey,,Mould,,fountain,,-73.972140,NY,1111,,,Manhattan,Fountain,10024,,,Bronze,,1.0,,Department of Parks and Recreation
,False,145,,"German, American",,Alexander,"animals, eagle",,-73.971274,NY,1111,"Gift of The United States Government, The State of New York, New York City, and private contributions",,Brooklyn,Statue,10019,Adolph,,Bronze,,1.0,,Department of Parks and Recreation
,False,6049,,American,,Phimister,animals,THIEBAUT FRERES FONDEURS,-73.973542,NY,1117,Commissioned by The City of Brooklyn,,Brooklyn,Statue,11215,Alexander,,Bronze,,1.0,"Thiebaut Freres, Paris",Department of Parks and Recreation
,False,156,,,,,"war of 1812, war","THIS BLOCKHOUSE / WAS PART OF A LINE OF FORTIFICATIONS / EXTENDING FROM THE HUDSON TO THE / HARLEM RIVER, BUILT FOR THE DEFENCE / OF NEW YORK BY ITS PATRIOTIC CITIZENS / DURING THE WAR OF 1812-1815. / THIS TABLET IS ERECTED BY / THE WOMEN'S AUXILIARY TO THE AMERICAN SCENIC / AND HISTORIC PRESERVATION SOCIETY / A.D. 1905.",-73.956290,NY,1111,Gift of The Women's Auxiliary to the American Scenic and Preservation Society,,Manhattan,Plaque,10026,John,,Bronze,,1.0,,Department of Parks and Recreation
,True,1629,Wiley,American,Corbett,William,"doughboy, world war i, war","Front of pedestal: FROM 'FLANDERS FIELDS' / IF YE BREAK FAITH / WITH THOSE WHO DIED / WE SHALL NOT SLEEP / THOUGH POPPIES GROW / ON FLANDERS FIELDS Rear of pedestal: DEDICATED / NOVEMBER 11, 1929 / BY COMRADES AND FRIENDS / UNDER THE AUSPICES OF / CLINTON DISTRICT MONUMENT / ASSOCIATION AS A MEMORIAL / TO THE YOUNG FOLK OF THIS NEIGHBORHOOD / WHO GAVE THEIR ALL IN THE WORLD WAR",-73.993930,NY,1100,Gift of Clinton District Monument Association,,Manhattan,Statue,10019,Burt,,Bronze,,1.0,Gorham,Department of Parks and Recreation
,False,4641,,American,White,,"american revolutionary war, colonial, war",Pedestal (front): IN HONOR OF / MARYLAND'S FOUR HUNDRED / WHO ON THIS BATTLE-FIELD / AUGUST 27TH 1776 / SAVED THE AMERICAN ARMY / Pedestal (back): GOOD GOD! WHAT BRAVE FELLOWS / I MUST THIS DAY LOSE / GEORGE WASHINGTON/,-73.969767,NY,1117,"Gift of Maryland Society, Sons of the American Revolution",,Brooklyn,Column,11226,,,Bronze,,1.0,,Department of Parks and Recreation
,False,529,,,,,"religious leader, veteran, chaplain",South face: ERECTED BY THE / FATHER DUFFY D.S.C. / POST 54 / CATHOLIC WAR VETERANS / OF U.S.A. / A.D. 1954 North face: FOR GOD / FOR HOME / FOR COUNTRY / * * * / TO THOSE / WHO SERVED / THAT OTHERS / MIGHT LIVE,-73.984941,NY,1018,Gift of Father Duffy D.S.C. Post 54,,Manhattan,Flagstaff Base,10036,,,Bronze,,65.0,,Department of Parks and Recreation
,False,375,,American,,,"9/11, september 11 attacks","BROOKLYN REMEMBERS... FOR THOSE LOST ON SEPTEMBER 11, 2001",-74.037743,NY,6140,"Gift of Brooklyn Remembers, Inc.",,Brooklyn,Sculpture,11209,Robert,,Bronze,,1.0,"Bedi-Makky Foundry, Greenpoint, Brooklyn",Department of Parks and Recreation
,False,,,,Vellonakis,,fountain,"DEUTSCHE BANK DEDICATES THIS / FOUNTAIN TO ITS EMPLOYEES WHO LOST / THEIR LIVES ON SEPTEMBER 11, 2001 / AND TO THE ENDURING SPIRIT OF THE / CITIZENS OF NEW YORK.",-74.006182,NY,0037,Gift of Deutsche Bank,,Manhattan,Ornamental Fountain,10005,,,Glass,,1.0,,Department of Parks and Recreation
,False,832,,American,Embury II,George Richard,"children, literary character, wpa",Signed: F.G.R. ROTH,-73.964970,NY,1117,Commissioned by The City of New York through The Temporary Emergency Relief Administration,,Brooklyn,Bas-Relief,11225,Frederick,,Limestone,,1.0,,Department of Parks and Recreation
,True,4211,,American,,Kirke,"american civil war, president of the united states, war",,-73.990111,NY,0845,Gift of the Union League Club,,Manhattan,Statue,10003,Henry,,Bronze,,2.0,,Department of Parks and Recreation
,False,1765,,"African American, Black American",,,"abstract, african american, black american, black history",,-73.935583,NY,1705,Commissioned through Department of Cultural Affairs Percent for Art Program,Miceli Kulik Williams,Manhattan,Sculpture,10029,Melvin,,"Stainless Steel, Iron",,1.0,,Department of Parks and Recreation
,False,832,,"Hungarian, American",Embury II,Hunt,"children, literary character, wpa",,-73.964513,NY,1117,Commissioned by The City of New York through The Temporary Emergency Relief Administration,,Brooklyn,Bas-Relief,11225,William,,Limestone,,1.0,,Department of Parks and Recreation
,False,643,,American,,,"lantern, firehouse, firefighters, first responders",,-73.914505,NY,3343,Commissioned through Department of Cultural Affairs Percent for Art Program,STV Incorporated,Brooklyn,Installation,11221,Julian,,Aluminum,,29.0,,New York City Fire Department
,False,1730,,"Czech, American",,,"engineer, inventor",ROBERT FULTON / 1765-1815,-73.932877,NY,1690,Gifted by The Society of Old Brooklynites,,Brooklyn,Statue,11233,Caspar,,Bronze,,1.0,"M.J. Seelig & Company (original); Roman Bronze Works, Inc. (replica)",Department of Parks and Recreation
,False,,,,Tull,,"war, veterans, vietnam","THIS MONUMENT HONORS THE MORE THAN 58,000 AMERICANS WHO LOST THEIR LIVES WHILE SERVIING THEIR COUNTRY IN THE VIETNAM WAR 1959 - 1975. / CHARLES / VICTOR / PICCOLELLA / NOVEMBER 14, 1944 / AUGUST 14, 1966 / PRIVATE FIRST CLASS / UNITED STATES ARMY / OTHER DECORATIONS INCLUDED THE / VIETNAMESE HONOR MEDAL 2ND CLASS / & GALLANTRY CROSS WITH PALM // BENJAMIN / ROBERT / TURIANO / NOVEMBER 10, 1943 / MARCH 24, 1969 / CORPORAL / UNITED STATES ARMY / OTHER DECORATIONS INCLUDED THE NATIONAL / DEFENSE SERVICE MEDAL, THE VIETNAM SERVICE / MEDAL, & THE VIETNAMESE MILITARY MERIT MEDAL. // ROBERT / JOSEPH / ZERILLI / SEPTEMBER 03, 1947 / SEPTEMBER 11, 1968 / SARGEANT / UNITED STATES ARMY / OTHER DECORATIONS INCLUDED THE NATIONAL / DEFENSE SERVICE MEDAL, THE VIETNAM SERVICE / MEDAL, & THE COMBAT INFANTRYMAN BADGE. // VERNELL / OWENS / JANUARY 12, 1945 / JUNE 17, 1968 / PRIVATE FIRST CLASS / UNITED STATES ARMY / OTHER DECORATIONS INCLUDED THE NATIONAL / DEFENSE SERVICE MEDAL / THE VIETNAM SERVICE / MEDAL, AND THE VIETNAMESE CAMPAIGN MEDAL. // CHARLES / WILLIAM / EGLIN III / JUNE 12, 1947 / FEBRUARY 15, 1968 / LANCE CORPORAL / UNITED STATES MARINE CORPS// RANDOLPH / A. / EDWARDS / AUGUST 27, 1947 / FEBRUARY 07, 1968 / SPECIALIST FOURTH CLASS / UNITED STATES ARMY / OTHER DECORATIONS INCLUDED THE NATIONAL / DEFENSE SERVICE MEDAL, THE VIETNAM SERVICE / MEDAL, AND THE VIETNAMESE MILITARY MERIT MEDAL.// LEANDRO / GARCIA / AUGUST 02, 1946 / FEBRUARY 02, 1968 / PRIVATE FIRST CLASS / UNITED STATES ARMY / OTHER DECORATIONS INCLUDED THE VIETNAM SERVICE MEDAL, / THE VIETNAMESE MILITARY MERIT / MEDAL, & THE GALLANTRY CROSS WITH PALM. // ANTHONY / VICTOR / CAMPANIELLO / OCTOBER 11, 1946 / DECEMBER 19, 1967 / SPECIALIST FOURTH CLASS / UNITED STATES ARMY / OTHER DECORATIONS INCLUDED THE VIETNAM / SERVICE MEDAL, THE VIETNAMESE MILITARY MERIT / MEDAL, AND THE GALLANTRY CROSS WITH PALM// CHARLES / PHILIP / DETOMASO / NOVEMBER 27, 1946 / APRIL 29, 1967 / PRIVATE FIRST CLASS / UNITED STATES ARMY/ OTHER DECORATIONS INCLUDED THE VIETNAM / SERVICE MEDAL, THE VIETNAMESE MILITARY MERIT / MEDAL & THE COMBAT INFANTRYMAN BADGE. // WILLIAM / EARL / GRAY/ OCTOBER 04, 1967 / FEBRUARY 06, 1967 / PRIVATE FIRST CLASS / UNITED STATES ARMY / OTHER DECORATIONS INCLUDED THE COMBAT / INFANTRYMAN BADGE, THE VIETNAM SERVICE MEDAL / AND THE VIETNAMESE CAMPAIGN MEDAL.",-73.853056,NY,1966,Commissioned by The Department of Parks & Recreation,,Queens,"Flagstaff Base, Plaque",11368,,,Bronze,,87.0,Remco Casting; Modern Art Foundry (collar),Department of Parks and Recreation
,False,2103,,American,,,"1964-65 world's fair, space",,-73.842111,NY,2018,Commissioned for the New York World's Fair,,Queens,Sculpture,11368,Donald,,Bronze,,1.0,"Fonda Artista (Original); Modern Art Foundry, 1989 repair",Department of Parks and Recreation
,False,"814, 920",,American,White,Atkins,"president of the united states, american revolutionary war, war, colonial",,-73.997010,NY,0549,Gift of Washington Arch Committee,,Manhattan,Statue,10012,Hermon,,Granite,,1.0,,Department of Parks and Recreation
,False,1293,,,Embury II,,"world war i, war","THE BRONZE PLAQUES / FLAGPOLE AND GROVE / OF TREES. PROVIDED / BY THE CITIZENS OF THIS / COMMUNITY. UNDER / THE SPONSORSHIP OF / MURRY HILL POST NO. 56 / AMERICAN LEGION, ARE / DEDICATED IN HALLOWED / MEMORY OF THE SONS OF / THIS NEIGHBORHOOD / WHO GAVE THEIR LIVES / IN THE WORLD WAR / IN THE CAUSE OF / JUSTICE, FREEDOM / AND / DEMOCRACY / DEDICATED, 1936",-73.97330015,NY,0941,"Gift of Murry Hill Post No. 56, American Legion",,Manhattan,Plaque,10016,,,Bronze,,11.0,,Department of Parks and Recreation
,False,,,,,,"american revolutionary war, colonial, polish, war",1776 --- 1926 / ERECTED ON THE 150 ANNIVERSARY / OF THE AMERICAN REVOLUTION / BY THE / POLISH AMERICAN CITIZENS / OF RICHMOND CO. N.Y. / TO THE MEMORY OF / GENERAL TADEUS KOSCIUSZKO / AND / GENERAL KAZIMIERZ PULASKI / AS A TOKEN OF THEIR LOYALTY TO / THE CAUSE OF THE AMERICAN COLONISTS /,-74.091548,NY,0239,Gift of Polish American Citizens of Richmond County,,Staten Island,Stele,10301,,,Bronze,,1.0,,Department of Parks and Recreation
,False,4892,,"Italian, American",,,"explorer, italian, colonialism",Sculpture: A. PICCIRILLI Pedestal: COLVMBVS / OCTOBER 12 1492,-73.889317,NY,3072,Part of a Department of Parks & Recreation renovation project,,Bronx,"Bust, Pedestal",10458,Attilio,,Granite,,1.0,,Department of Parks and Recreation
,False,1859,,American,Embury II,George Richard,"animals, wpa",,-73.971379,NY,1111,Purchased with T.E.R.A. Funds,,Manhattan,Bas-Relief,10019,Frederick,,Limestone,,1.0,,Department of Parks and Recreation
,False,2674,,,,,"world war ii, war","TREES PLANTED ALONG THIS WALK / COMMEMORATE THE MAJOR / NAVAL BATTLES / OF WORLD WAR II / PEARL HARBOR CAPE ESPERANCE / LEYTE GULF CASABLANCA / JAVA SEA KOMANDORSKI / MIDWAY KULA GULF / CORAL SEA PHILLIPPINE SEA / SAVO ISLAND MAKASSAR STRAIT / DEDICATED MAY 24, 1947 /",-73.971418,NY,1111,Gifted by the Civilian Naval Reserve Committee,,Manhattan,"Plaque, Plinth",10024,Alexander,,Bronze,,1.0,,Department of Parks and Recreation
Severance,False,1611,,,Swarthout,F.,"fountain, maritime, mythology","Pedestal: ""EDGERTON SWARTHOUT ARCHITECT / EUGENE SAVAGE SCULPTOR / H. CRAIG SEVERANCE ARCHITECT "" ON PEDESTAL, EAST SIDE: ""TO BROOKLYN / THE GIFT / OF MR AND MRS FRANK BAILEY / MCMXXXI""",-73.970087,NY,,Gift of Frank and Mary Louise Bailey,,Brooklyn,Fountain,11238,Eugene,,Bronze,,,,Department of Parks and Recreation
,False,,,,Melnicker,,"politician, public servant , lawyer, judge, justice",EDWARD G. BAKER / LAWYER --- JURIST / BOROUGH PRESIDENT / THIS PARK IS DEDICATED AS A / TRIBUTE TO HIS ACCOMPLISHMENTS / ERECTED 1977 / BY HIS FRIENDS AND THE / RICHMOND COUNTY BAR ASSOCIATION /,-74.076465,NY,,Gift of The Richmond County Bar Association,,Staten Island,"Plaque, Plinth",10301,,,Bronze,,,,Department of Parks and Recreation
,True,,,,,,"politician, public servant, city councilmember","IN MEMORY OF / CITY COUNCILMAN FRED SAMUEL / 1921-1985 / WHOSE TIRELESS EFFORTS / HELPED TO MAKE OUR PARK / AN OASIS IN THE COMMUNITY / FRED JOHNSON PARK ASSOCIATION, INC. / MAY 31, 1986",-73.935527,NY,2016,Gift of the New York City Department of Parks and Recreation,,Manhattan,"Plaque, Plinth",10001,Albert,,Bronze,,101.0,,Department of Parks and Recreation
,False,832,,"Hungarian, American",Embury II,Hunt,"children, literary character, wpa",,-73.964553,NY,1117,Commissioned by The City of New York through The Temporary Emergency Relief Administration,,Brooklyn,Bas-Relief,11225,William,,Limestone,,1.0,,Department of Parks and Recreation
,False,2287,,,,,"world war ii, war, religious leader","CHAPLAINS MEMORIAL / THESE LONDON PLANE TREES / WERE PLANTED IN MEMORY OF / FOUR CHAPLAINS OF US ARMY / REV. GEORGE L. FOX, CHC. / RABBI ALEXANDER D. GOODE, CHC. / REV. CLARK V. POLING, CHC. / REV. FATHER / JOHN P. WASHINGTON, CHC. / WHO AFTER GIVING THEIR LIFE BELTS TO / THEIR FELLOW SERVICE MEN LOCKED ARMS / AND PRAYING WENT DOWN TOGETHER / WITH THE TRANSPORT DORCHESTER SUNK BY / A GERMAN SUBMARINE FEBRUARY 3, 1943 / PRESENTED TO THE CITY OF NEW YORK / BY DAUGHTERS OF THE DEFENDERS OF THE REPUBLIC USA / NOVEMBER 5, 1950",-73.963494,NY,1254,Gift of Daughters of the Defenders of the Republic,United States Bronze Sign Company,Manhattan,"Plaque, Plinth",10027,,,Bronze,,2.0,,Department of Parks and Recreation
,False,740,,American,Tracy,,"titanic, jewish, german, immigrant, immigration, philanthropist, politician, public servant, congressman","Bench inscription: IN MEMORY OF ISIDOR AND IDA STRAUS / WHO WERE LOST AT SEA IN THE TITANIC DISASTER APRIL 15, 1912 / LOVELY AND PLEASANT WERE THEY IN THEIR LIVES AND IN / THEIR DEATH THEY WERE NOT DIVIDED. / II SAMUEL I-23 / Bronze plaque: ERECTED / BY VOLUNTARY CONTRIBUTIONS / FROM MANY FELLOW CITIZENS / AND ACCEPTED FOR THE / CITY OF NEW YORK BY / MAYOR / JOHN PURROY MITCHEL / AND / CABOT WARD / COMMISSIONER OF PARKS / A.D. MCMXV /",-73.968261,NY,1878,Gift of Public Subscription,,Manhattan,"Statue, Exedra",10025,Augustus,,Bronze,,1.0,Jno. Williams Inc.,Department of Parks and Recreation
,False,3911,,American,,Quincy Adams,"american, animals, native american, indigenous",Center of base: J.Q.A. WARD 1860,-73.973151,NY,1111,Gift of the Indian Hunter Fund,,Manhattan,Statue,10019,John,,Bronze,,1.0,"L.A. Amouroux, N.Y.",Department of Parks and Recreation
,False,6572,,,,,"world war i, war, veterans","Plaque: AMERICAN LEGION / IN HONOR OF THE / MEN OF THIS COMMUNITY / WHO SERVED IN DEFENSE OF OUR COUNTRY / AND IN SACRED MEMORY OF / THOSE WHO MADE / THE SUPREME SACRIFICE. Granite (top): AMERICAN LEGION HILLGREST POST NO. 1078 / AND AUXILIARY Granite (bottom): WE CHERISH, TOO, THE POPPY RED / THAT GROWS ON FIELDS WHERE VALOR LED; / IT SEEMS TO SIGNAL TO THE SKIES / THAT BLOOD OF HEROES NEVER DIES, / BUT LENDS A LUSTRE TO THE RED / OF THE FLOWER THAT BLOOMS ABOVE THE DEAD / IN FLANDERS FIELD / MOINA MICHAEL / NOVEMBER 1918",-73.805440,NY,,Gift of Hillcrest Post No. 1078 of the American Legion,,Queens,"Plaque, Stele",11366,,,Granite,,,,Department of Parks and Recreation
,False,2026,,"Colombian, Latinx, Latin American",,Ramirez,abstract,,-73.932044,NY,2179,Gift of the 1971-1962 Mayor's Neighborhood Action Program,,Manhattan,Sculpture,10040,Eduardo,,Concrete,,625.0,,Department of Parks and Recreation
,False,4724,,American,,,"law, judge",,-74.000378,NY,0198,Commissioned through Department of Cultural Affairs Percent for Art Program,Urbahn Architects,Manhattan,Bas-Relief,10013,Richard,,Stone,,1.0,,Department of Citywide Administrative Services
,False,"1177, 3911",,German,,,"composer, german, musician, allegorical",Front: BEETHOVEN Rear: ERECTED / AND / PRESENTED / TO THE / CITY OF NEW YORK / BY THE / BEETHOVEN MAENNER CHOR / ON THEIR / 25TH ANNIVERSARY / JULY 22ND 1884. /,-73.971797,NY,1111,Gift of The Beethoven Maennerchor,,Manhattan,"Bust, Statue, Pedestal",10019,Hugo,,Bronze,,1.0,,Department of Parks and Recreation
,False,1052,,"German, American",,,"american revolutionary war, colonial, war","HERE IN THE ANCIENT COMMONS OF OUR CITY / WHERE, BEFORE THE TIME OF OUR NATIONAL INDEPENDENCE, / FIVE LIBERTY POLES WERE SUCCESSIVELY SET UP / THIS FLAG POLE OF 1921 IS PLACED / IN GRATEFUL REMEMBRANCE OF ALL LOVERS OF OUR COUNTRY / WHO HAVE DIED THAT THE LIBERTY WON ON THESE SHORES / MIGHT BE THE HERITAGE OF THE WORLD.",-74.006650,NY,0122,Gift of the Sons of the Revolution and the New York Historical Society,,Manhattan,Plaque,10007,Albert,,Granite,,1.0,,Department of Parks and Recreation
,False,1078,Beaumont,"American, Veteran",Herts,Cary,"world war i, war","Plaque: TO COMMEMORATE THOSE WHO AT THE CALL OF THEIR COUNTRY, LEFT ALL THAT WAS DEAR. / ENDURED HARDSHIP, FACED DANGER, AND FINALLY PASSED OUT OF SIGHT / OF MEN BY THE PATH OF DUTY AND SACRIFICE GIVING UP / THEIR LIVES THAT OTHERS MIGHT LIVE IN FREEDOM. / LET THOSE WHO COME AFTER SEE TO IT THAT THEIR NAMES NOT BE FORGOTTEN. / BY THE / CITIZENS MEMORIAL COMMITTEE / AND SOLDIERS' AND SAILORS' MEMORIAL COMMITTEES / OF THE AMERICAN LEGION, VETERANS OF FOREIGN WARS / AND JEWISH VETERANS OF THE WARS OF THE REPUBLIC. / COMPRISING LOCAL BOARDS 82 TO 88 / (LEFT HONOR ROLL, NAMES A-M) (RIGHT HONOR ROLL, NAMES M-Z)",-73.918581,NY,3513,"Gift of The Citizens' Memorial Committee of The American Legion, Veterans of Foreign Wars, and Jewish Veterans of the Wars of the Republic, from Local Boards 82 and 88",,Brooklyn,"Exedra, Bas-Relief",11212,Charles,,Bronze,,95.0,,Department of Parks and Recreation
,True,3809,P.,Greek,Lykos,,"philosopher, author, greek",,-73.922345,NY,0594,"Gift of Athens Square, Inc.",,Queens,Statue,11102,Anthony,,Bronze,,1.0,Modern Art Foundry,Department of Parks and Recreation
,False,2103,,"Woman, American",,,1964-65 world's fair,,-73.850025,NY,1789,Commissioned through Department of Cultural Affairs Percent for Art Program,Miceli Kulik Williams,Queens,Tile,11369,Jackie,,Brick,,65.0,,Department of Parks and Recreation
,False,832,,,,,animals,"Sculpture (front): VTOR PETER Sculpture (rear): THIEBAULT FRERES FONDEURS / PARIS / PRESENTED BY FREDERICK MACMONNIES / COPYRIGHT Pedestal: LIONESS AND CUBS / 1899 / VICTOR PETER, SC",-73.964622,NY,1117,Gift of Frederick W. MacMonnies,,Brooklyn,Statue,11238,Victor,,Bronze,,1.0,,Department of Parks and Recreation
,False,1859,,,Embury II,,"animals, wpa",Signed: WALTER,-73.971630,NY,1111,Purchased with T.E.R.A. Funds,,Manhattan,Bas-Relief,10019,J.,,Limestone,,1.0,,Department of Parks and Recreation
,False,1300,,German,,,"colonial, american revolutionary war, war",HIS TABLET MARKS THE SITE OF FORT STIRLING. / ON THIS BLUFF IN THE SPRING OF 1776 IT FORMED / ONE OF A CHAIN OF REDOUBTS BUILT IN BROOKLYN / OPPOSITE NEW YORK. THIS WORK FELL INTO THE HANDS OF / THE BRITISH DURING THE BATTLE OF LONG ISLAND AND / WAS THEREAFTER GARRISONED BY THE HESSIAN TROOPS / UNTIL VICTORY BY THE AMERICAN ARMY LED TO THE / EVACUATION OF NEW YORK NOVEMBER 25TH 1783. / ERECTED BY FORT GREENE CHAPTER / DAUGHTERS OF THE AMERICAN REVOLUTION 1924 /,-73.996462,NY,0208,"Gift of Fort Greene Chapter, Daughters of the American Revolution",,Brooklyn,Plaque,11201,Albert,,Bronze,,201.0,,Department of Parks and Recreation
,False,80,,"Irish, French, American",,,"philanthropist, banker","MDCCCL HENRY W. MAXWELL MCMII (BELOW ROUNDEL)""THIS MEMORIAL ERECTED BY HIS/ FRIENDS IS THEIR TRIBUTE TO HIS / DEVOTION TO PUBLIC EDUCATION AND / CHARITY IN THE CITY OF BROOKLYN"" / (SIGNED) ""A ST G""",-73.968917,NY,,Gift of Friends of Henry W. Maxwell,,Brooklyn,Plaque,11238,Augustus,,Bronze,,,,Department of Parks and Recreation
,False,1736,,,,,,OSCAR COMRAS / MALL / IN TRIBUTE TO THE MAN / WHO BROUGHT MUSIC TO / THE PELHAM PARKWAY / COMMUNIT,-73.8707778,NY,3120,Gift of Pelham Parkway Citizens Council,,Bronx,"Plaque, Natural Boulder",10462,,,Bronze,,20.0,,Department of Parks and Recreation
,False,1858,,"Czech, Woman",,Hellman,"abstract, animal",,-73.971313,NY,1111,Gift of Tino Perutz,,Manhattan,Sculpture,10019,Dolly,,Bronze,,1.0,Modern Art Foundry,Department of Parks and Recreation
,True,1945,,,,,"jewish, children",IN MEMORY OF / SHEILA KAY MARKS / 1936-1948/,-73.987751,NY,0852,Gift of Harry Marks,United States Bronze Sign Co.,Manhattan,"Plaque, Plinth",10010,,,Bronze,,1.0,United States Bronze Sign Co.,Department of Parks and Recreation
,False,1619,,American,,Holburn,"allegorical, history, law, government",,-73.923330,NY,2468,Purchased with Works Progress Administration Funds,,Bronx,Sculpture,10451,George,,Marble,,1.0,,Department of Citywide Administrative Services
,True,596,,,,,"world war i, war","TO THE MEMBERS OF THE CREW OF THE UNITED / STATES SHIP NEW HAMPSHIRE WHO LOST THEIR / LIVES BY DROWNING IN THE NORTH RIVER NEAR / THE FOOT OF 157TH STREET ON OCTOBER 1ST, 1910 / [HONOR ROLL] / THIS MEMORIAL WAS PLACED HERE BY THEIR SHIPMATES",-73.949751,NY,2101,"Gift of the Men of The U.S.S. ""New Hampshire""",The Gorham Company,Manhattan,Plaque,10031,,,Bronze,,55.0,,Department of Parks and Recreation
,False,827,,American,,Edmundson,"landscape architect, armed forces, veteran, american civil war, public servant, war","Pedestal (front, top): MEMORIAL TO MAJOR / CLARENCE T BARRETT / Pedestal (rear, lower): ERECTED IN LOVING MEMORY OF / 1840--MAJOR CLARENCE T. BARRETT--1906 / A FAITHFUL ACTIVE CITIZEN OF / RICHMOND BOROUGH, / WHO SERVED WITH DISTINCTION / THROUGH THE CIVIL WAR. / A DESCENDANT OF / COLONEL JAMES BARRETT, / COMMANDER AT BATTLE OF CONCORD, / APRIL 1775. / LOYAL, HONEST, BRAVE AND TRUE / Pedestal (side): PRESENTED BY / MRS. CLARENCE T. BARRETT /",-74.075896,NY,,"Gift of Julia Olivia Hardin, trustee for Anna E. Hutchins Barrett",,Staten Island,Statue,10301,Sherry,,Bronze,,,"Roman Bronze Works, New York",Department of Parks and Recreation
,False,"4087, 1947",,,,,"journalist, public servant, veteran","""DO THE RIGHT THING / AND NINE TIMES OUT / OF TEN IT TURNS OUT / TO BE THE RIGHT / THING POLITICALLY."" / --- / DEBS MYERS / CITIZEN/",-74.007331,NY,0122,Gift of the Friends of Deb Myers,,Manhattan,"Plaque, Plinth",10038,,,Bronze,,1.0,,Department of Parks and Recreation
,False,"2193, 3376",,Italian,,,"dominican, dominican republic, caribbean, latinx, south american, politician, reformer , writer, activist","Pedestal (front): JUAN PABLO DUARTE / 1813 - 1876 / FOUNDER OF THE DOMINICAN REPUBLIC Pedestal (rear):DONATED BY THE DOMINICAN GOVERNMENT / TO THE CITY OF NEW YORK / INITIATED BY THE CLUB JUAN PABLO DUARTE INC / JANUARY 26, 1978 Pedestal (right): NICOLA ARRIGHINI / PIETRASANTA 1978",-74.005444,NY,,Gift of The Government of the Dominican Republic,,Manhattan,Statue,10013,Nicola,,Bronze,,,,Department of Parks and Recreation
,False,,W.,,Bosworth,,"colonial, war, artillery, cannon","THIS EMINENCE COMMANDING / MC GOWNS'S PASS / WAS OCCUPIED BY BRITISH TROOPS SEPT. 15, 1776 / AND EVACUATED NOV. 21, 1783 / HERE BEGINNING AUG. 18, 1814 THE CITIZENS OF NEW YORK / BUILT FORT CLINTON TO PROTECT THE CITY / IN THE SECOND WAR WITH GREAT BRITAIN / THIS TABLET IS ERECTED BY THE CHILDREN OF THE CITY HISTORY CLUB OF NEW YORK A.D. 1906",-73.952139,NY,1111,Gift of the Children of the City History Club of New York,,Manhattan,"Artillery, Carronade, Plaque",10029,,,Bronze,,1.0,,Department of Parks and Recreation
,False,1425,,American,White,William,"arch, politician, president of the united states,","(South-facing side attic): ""LET US RAISE A STANDARD TO WHICH THE WISE AND HONEST CAN REPAIR / THE EVENT IS IN THE HAND OF GOD / -WASHINGTON"" (North-facing side attic): ""TO COMMEMORATE THE ONE HUNDREDTH ANNIVERSARY OF THE INAUGURATION OF GEORGE WASHINGTON AS FIRST PRESIDENT OF THE UNITED STATES""",-73.997107,NY,0549,Gift of the Washington Arch Committee,,Manhattan,Arch,10012,Frederick,,Marble,,1.0,,Department of Parks and Recreation
,False,105,,American,White,William,"american civil war, military, equestrian, war",SLOCUM,-73.969090,NY,,Commissioned by The City of Brooklyn,,Brooklyn,Statue,11238,Frederick,,Bronze,,,E. Gruet,Department of Parks and Recreation
,False,2103,,,,,"1964-65 world's fair, world's fair, catholics","Left inscription: THE VATICAN PAVILION / FRANCIS CARDINAL SPELLMAN / PRESIDENT / MOST REVEREND BRYAN J MCENTEGART / VICE PRESIDENT Central inscription: THIS THE SITE OF THE VATICAN PAVILION WAS / AUTHORIZED BY POPE JOHN XXIII / VISITED ON OCTOBER 4, 1965 BY / POPE PAUL VI / DURING HIS MISSION OF PEACE TO / THE UNITED NATIONS / THE BUILDING EXHIBITED MICHAELANGELO'S PIETA AND / OTHER ART TREASURES - IT SYMBOLIZED THE BROTHERHOOD / OF MAN THE SPIRIT OF ECUMENISM AND THE THEME / OF THE NEW YORK WORLD'S FAIR 1964-1965 / - PEACE THROUGH UNDERSTANDING Right Inscription: THE VATICAN PAVILION / WAS DEDICATED ON APRIL 19, 1964 Paving: SITE OF THE VATICAN PAVILION NEW YORK WORLDS FAIR 1964 - 1965",-73.844218,NY,2018,,Clarke and Rapuano,Queens,Exedra,11368,,,Granite,,1.0,,Department of Parks and Recreation
Clarke,True,2292,,,Embury II,,"civic leader, lawyer, justice",RICHARD S. NEWCOMBE / DISTRICT ATTORNEY 1924-1929 / SURROGATE 1930 / QUEENS COUNTY / A DISTINGUISHED CITIZEN AND PUBLIC OFFICIAL WHO / GAVE HIMSELF UNSELFISHLY TO THE ADVANCEMENT OF / GOOD GOVERNMENT AND TO THE WELFARE OF YOUTH / DEDICATED BY HIS FORMER ASSOCIATES / OCTOBER 1939,-73.830448,NY,,Gift of Associates of Richard Newcombe,,Queens,Plaque,11415,,,Bronze,,,,Department of Parks and Recreation
,True,1059,,,,V.,"world war i, war",MEMORIAL KNOLL / TO THOSE WHO GAVE THEIR / LIVES FOR THEIR COUNTRY / IN THE WORLD WAR / ERECTED / 1921,-73.806053,NY,5509,Gift of Flushing United Association,,Queens,Incised Boulder,11355,Anthony,,Natural Boulder,,301.0,,Department of Parks and Recreation
,False,1369,,Dutch,,,"colonial, dutch, native american",Base (west): ON THE / 22ND OF APRIL 1625 / AMSTERDAM CHAMBER OF / THE WEST INDIES COMPANY / DECREED THE ESTABLISHMENT / AND THE CREATION OF THE / ADJOINING FARMS / THE PURCHASE OF THE / ISLAND OF MANHATTAN / WAS ACCOMPLISHED IN / 1626. THUS WAS LAID THE / FOUNDATION OF THE / CITY OF NEW YORK. / Base (east): IN TESTIMONY OF ANCIENT AND / UNBROKEN FRIENDSHIP THIS FLAGPOLE / IS PRESENTED TO THE CITY OF NEW YORK / BY THE DUTCH PEOPLE / 1926,-74.014604,NY,0003,Gift of the People of the Netherlands,,Manhattan,Flagstaff Base,10004,H.a.,,Bronze,,1.0,,Department of Parks and Recreation
,False,580,,American,,,abstract,,-73.952735,NY,2670,Commissioned by the Department of Parks and Recreation,,Brooklyn,Sculpture,11222,Thomas,,Bronze,,1.0,"Modern Art Foundry, Inc., Long Island City, NY",Department of Parks and Recreation
,False,6606,,American,,,"abstract, canopy",,40.693746,NY,1905,Commissioned through Department of Cultural Affairs Percent for Art Program,,Brooklyn,Installation,11205,Matthew,,"Cor-Ten Steel, Glass",,120.0,,Department of Design and Construction
,False,726,,,,,"veteran, world war ii",THESE TREES / HONOR THE MEMORY OF / RICHARD SAUNDERS SCOTT / BORN MASSACHUSETTS 1904 / DIED NORTH AFRICA 1942 /,-73.966407,NY,1111,Gift of Mrs. S.S. Spivak,General Bronze Corporation,Manhattan,"Plaque, Plinth",10021,,,Bronze,,1.0,,Department of Parks and Recreation
,False,,,,,,"american revolutionary war, colonial",TO MARK THE CROSSING / OF / THE BLAZED TRAIL AND / WILLOW BROOK TRAIL / 1793 / ERECTED BY THE / STATEN ISLAND CHAPTER / DAUGHTERS OF THE / AMERICAN REVOLUTION / 1921,-74.147077,NY,,"Gift of Daughters of the American Revolution, Staten Island Chapter",,Staten Island,"Stele, Plaque",10314,,,Bronze,,,,Department of Parks and Recreation
,False,2722,,"Puerto Rican, Woman, Latinx, Latin American",,,"puerto rico, puerto rican, latin american, latinx, west indies, sports, athlete, athletics, baseball, humanitarian",,-73.917980,NY,,Commissioned through Department of Cultural Affairs Percent for Art Program,,Bronx,Sculpture,10455,Melissa,,Bronze,,,Polich Tallix Fine Art Foundry,"Department of Design and Construction, Department of Cultural Affairs, Department of Transportation"
,False,2287,,French,Stoughton,E.M.,"american civil war, soldier, sailor","PLAQUE: ERECTED BY / THE CITY OF NEW YORK / TO COMMEMORATE THE VALOR / OF THE / SOLDIERS AND SAILORS / WHO IN THE CIVIL WAR / FOUGHT IN DEFENSE OF THE UNION / PLAQUE: SOLDIERS' AND SAILORS' MEMORIAL MONUMENT / OF THE CITY OF NEW YORK / COMMISSIONERS, / ROBERT A. VAN WYCK, MAYOR. / GEORGE C. CLAUSEN, PRESIDENT, PARK BOARD. / JOHN W. GOFF, RECORDER. BIRD S. COLER, COMPTROLLER. / JOSEPH A. GOULDEN, CHAIRMAN, MEMORIAL COMMITTEE. / GRAND ARMY OF THE REPUBLIC. / ARCHITECTS, / CHARLES W. STOUGHTON, ARTHUR A. STOUGHTON, PAUL E. DUBOY. / BUILDERS, CULLEN AND DWYER. / ON A HIGH PILLAR STANDING SOUTHEAST OF THE STRUCTURE, INSCRIBED ON ALL 4 SIDES. SOUTH SIDE: N.Y. VOLUNTEER/REGIMENTS/ACTIVELY ENGAGED/SEVENTY SECOND/SEVENTY THIRD/SEVENTY FOURTH/SEVENTY NINTH/EIGHTY SECOND/EIGHTY THIRD./ WEST SIDE: FARRAGUT/NEW ORLEANS-FAIR OAKS/MALVERN HILL/HARPERS FERRY-ANTIETAM/IUKA-CORINTH/FREDERICKSBURG-MURFREESBORO/CHARLESON/JACKSON-CHANCELLORSVILLE NORTH SIDE: SICKLES/WINSLOW-KELLY/BARLOW-THOMAN/CAMERON-SCOTT/MURPHY MCMAHON/WARREN-MOESCH/HUSTON-STETSON/WINTHROP EAST SIDE: GRANT/FORT SUMTER/BULL RUN-HATTERAS INLET/BALLS BLUFF/PORT ROYAL-FORT HENRY/ROANOKE ISLAND/HAMPTON ROADS-SHILOH/ISLAND NO. 10. ON A HIGH PILLAR STANDING SOUTHWEST OF THE STRUCTURE, INSCRIBED ON ALL 4 SIDES. SOUTHSIDE: N-Y- VOLUNTEER/REGIMENTS/ACTIVELY ENGAGED/FIFTH-SEVENTH/FORTY SECOND/FIFTY NINTH/SIXTY FIRST/SIXTY NINTH/SEVENTY FIRST EASTSIDE: SHERMAN/GETTYSBURG=VICKSBURG/PORT HUDSON/CHICKAMAUGA/CHATANOOGA/FORT PILLOW/WILDERNESS-SPOTTSYLVANIA/COLD HARBOR/KENESAW MOUNTAIN-ATLANTA. NORTHSIDE: WORDEN/CUSHING-RYDER/SICARD-KAEPLIS/PHILIP-MEAGHER/SMITH-OLMSTEAD/WILKES-TAYLOR/WAINWRIGHT WESTSIDE: PORTER/ CHAMBERSBURG-MOBILE BAY/WINCHESTER/CEDAR CREEK-FORT FISHER/WILMINGTON/BENTONVILLE-FIVE FORKS/PETERSBURG/RICHMOND-APPOMATTOX",-73.978934,NY,1254,Gift by Act of the New York State legislature,Stoughton & Stoughton,Manhattan,"Temple, Monument",10024,Paul,,Marble,,1.0,,Department of Parks and Recreation
,False,3660,,,,,"jewish, veteran, war","IN MEMORIAM / LT. GEORGE H. GOLDMAN / COL. JERRY NEUMANN / AND / ALL OF OUR BRONX HEROES WHO HAVE MADE / THE SUPREME SACRIFICE TO KEEP AMERICA FREE / PRESENTED BY / NEUMANN-GOLDMAN POST NO. 69 / JEWISH WAR VETERANS OF THE UNITED STATES OF AMERICA / FOUNDED 1933 / DEDICATED MAY 30, 1966",-73.879596,NY,3343+AM133:AU135,"Gift of Neumann-Goldman Post No. 69, Jewish War Veterans of the United States",Sheredow Bronze Corp.,Bronx,"Flagstaff Base, Plaque",10467,,,Bronze,,500.0,A. Ottavino Corp. (granite base),Department of Parks and Recreation
,False,1523,,American,,,"firefighter, first responder","LT. GEORGE W. LENER, F.D.N.Y. / 1953-1994 / THIS MEMORIAL IS DEDICATED IN LOVING MEMORY OF LT. / GEORGE W. LENER, F.D.N.Y., A MAN WHOSE DEEDS AND / LOVE OF HIS COMMUNITY SET A STANDARD OF EXCELLENCE / FOR US ALL. / --- / MAY WE ALL ENJOY THE BEAUTY OF THIS PARK WITH OUR / FAMILY, FRIENDS AND COMMUNITY AS DID LT. LENER. / --- / ""GEORGE LENER WAS A GIFT TO US ALL...HE WAS A HERO...HE / HAS LEFT US A LEGACY WE CANNOT REPAY, BUT WE CAN / ADVANCE IT AS WE CARRY ON HIS LOVE FOR THIS / COMMUNITY..."" / MAYOR RUDOLPH GIULIANI / 7/25/94 /",-74.119778,NY,0319,"Gift of Friends of Lt. George W. Lener, Inc.",,Staten Island,Plaque,10310,Scott,,Bronze,,1.0,,Department of Parks and Recreation
,False,710,,,Nielson,,"world war ii, korean war, war","1. SGT. JOSEPH E. SCHAEFER / MEDAL OF HONOR / 2. SGT. JOSEPH E. SCHAEFER / COMPANY 18TH INFANTRY / FIRST INFANTRY DIVISION / UNITED STATES ARMY ['1' in shield] / 3. AWARDED CONGRESSIONAL / MEDAL OF HONOR / IN 1944 / 4. DEFENDED AMERICAN POSITION / AT STOLBERG, GERMANY / 24, SEPTEMBER 1944 / 5. WORLD WAR II - KOREA / 1941-1945 --- 1950-1951 / 6. RESIDENT OF RICHMOND HILL / FOR MORE THAN 40 YEARS / 7. SGT. SCHAEFER'S INDOMITABLE / COURAGE AND HIS DETERMINATION / WERE RESPONSIBLE FOR STOPPING / AN ENEMY BREAKTHROUGH / PRESIDENT TRUMAN / 8. OTHER DECORATIONS / TWO SILVER STARS, BRONZE STAR / THREE PURPLE HEARTS / THE LEGION OF MERIT / FRENCH CROIX DE GUERRE",-73.841481,NY,3907,Gift of Joseph E. Schaefer Monument Committee,,Queens,Planter,11418,,,Granite,,1050.0,,Department of Parks and Recreation
,False,2103,,"Spanish, Creole, American",,,1964-65 world's fair,JOSE DE RIVERA / 1964,-73.846811,NY,2018,Commissioned for the New York World's Fair,,Queens,Kinetic Sculpture,11368,José,,Granite,,1.0,,Department of Parks and Recreation
,False,228,,Italian,,,composer,GIUSEPPE VERDI,-73.981489,NY,1164,Gift of Resident Italians,,Manhattan,Statue,10023,Pasquale,,Limestone,,32.0,,Department of Parks and Recreation
,False,,,,,,"world war i, war","MICHAEL J. LEONARD MEMORIAL PLAZA / TO HONOR / THE MEMORY OF / CPL. MICHAEL J. / LEONARD /U.S. ARMY / KILLED IN ACTION / FRANCE/JULY 16, 1918 / AND ALL DECEASED / MEMBERS OF /GRASMER POST NO. 1191 / AMERICAN LEGION / MAY 30, 1968",-74.081518,NY,,"Gift of Grasmere Post # 1191, American Legion",,Staten Island,Plaque,10305,,,Granite,,,,Department of Parks and Recreation
,False,"5244, 5650",,"Venezuelan, Woman, Latinx, Latin American",,,"merchant marines, war","AMERICAN MERCHANT MARINERS' MEMORIAL / DEDICATED TO ALL MERCHANT MARINERS WHO HAVE SERVED AMERICA FROM THE REVOLUTIONARY WAR THROUGH THE PRESENT DAY. / IN THE PROSECUTION OF WAR AND IN PURSUIT OF PEACEFUL COMMERCE, UNRECOGNIZED THOUSANDS HAVE LOST THEIR LIVES AT SEA. / THEIR SACRIFICES HAVE HELPED SECURE AMERICA'S LIBERTY AND PROSPERITY. / THE SCULPTURE WAS INSPIRED BY A PHOTOGRAPH OF THE VICTIMS OF A SUBMARINE ATTACK ON AN AMERICAN MERCHANT SHIP / DURING WORLD WAR II. LEFT TO THE PERILS OF THE SEA, THE SURVIVORS LATER PERISHED. / THIS MEMORIAL SERVES AS A MARKER FOR / AMERICA'S MERCHANT MARINERS RESTING IN THE UNMARKED OCEAN DEPTHS / IN RECOGNITION AND APPRECIATION / U.S. SENATOR JOHN O. BREAUX / U.S. REPRESENTATIVE WALTER B. JONES --- U.S. REPRESENTATIVE HELEN DELICH BENTLEY / U.S. MARITIME ADMINISTRATOR CAPTAIN WARREN G. LEBACK / AMERICA'S MARITIME LABOR --- AMERICA'S MERCHANT MARINERS --- AMERICA'S MARITIME INDUSTRY / BATTERY PARK CITY AUTHORITY / AMERICAN MERCHANT MARINERS' MEMORIAL INCORPORATED / LANE KIRKLAND, CHAIRMAN --- REAR ADMIRAL THOMAS A. KING, USMS (RET), PRESIDENT --- BOARD OF DIRECTORS & MEMBERS / GOVERNOR MARIO M. CUOMO, STATE OF NEW YORK --- MAYOR DAVID N. DINKINS, CITY OF NEW YORK",-74.017779,NY,0016,"Gift of the American Merchant Mariner's Memorial, Inc.",,Manhattan,Statue,10004,Marisol,,Bronze,,1.0,"TALLIX, Beacon, NY",Department of Parks and Recreation
,False,,,,,,"world war ii, war, veterans","DEDICATED BY / METROPOLITAN POST 385 / THE AMERICAN LEGION DEPARTMENT / OF NEW YORK / TO ALL MEMBERS OF / METROPOLITAN LIFE INSURANCE COMPANY / WHO HAVE SERVED THEIR COUNTRY IN / THE ARMED FORCES IN THE TIME OF WAR / MAY 30, 1946/",-73.987452,NY,0852,"Gift of Metropolitan Post #385, American Legion",,Manhattan,Plaque,10010,,,Bronze,,1.0,,Department of Parks and Recreation
,False,1859,,American,Embury II,George Richard,"animals, wpa",,-73.971833,NY,1111,Purchased with T.E.R.A. Funds,,Manhattan,Bas-Relief,10019,Frederick,,Limestone,,1.0,,Department of Parks and Recreation
,False,864,,,,V.,"philanthropist, politician","1820 IN HONOR OF ANDREW HASWELL GREEN 1903 / DIRECTING GENIUS OF CENTRAL IN ITS FORMATIVE PERIOD / FATHER OF FREATER NEW YORKJ, THIS EMINENCE WAS / NAMED H. GREEN HILL / THESE FIVE SYMBOLICAL TREES WERE PLAJNTED / AND THIS SEAT WAS ERECTED ORIGINALLY AT E. SIDE OF EAST DRIVE, MOVED C. 1976 TO W. SIDE OF EAST DRIVE AT 104TH ST.",-73.954273,NY,1111,Gift of The Andrew H. Green Memorial Association,,Manhattan,Memorial Seat,10026,John,,Marble,,1.0,,Department of Parks and Recreation
,False,2281,,,,,"world war ii, latinx, war, soldier, war, nicaragua, latin american, central american","IN MEMORIAM / ON MARCH 27, 1945 / PRIVATE FIRST CLASS EMILIO BARBOSA WAS KILLED IN ACTION / ABOARD THE USS NEVADA BB-36 WHEN HIS 20MM TURRET / AS STRUCK BY A JAPANESE KAMIKAZE AT OKINAWA SHIMA. / --- / THIS VETERAN OF D-DAY IN EUROPE WAS POSTHUMOUSLY AWARDED / THE BRONZE STAR WITH COMBAT ""V"" FOR HEROIC SERVICE / DURING THE ATTACK. / --- / A NATIVE OF NICARAGUA, PFC BARBOSA GREW UP ON PINEHURST AVENUE / IN WASHINGTON HEIGHTS AND ATTENDED LOCAL PUBLIC SCHOOLS. / HE ENLISTED IN THE MARINE CORPS AT THE AGE OF SEVENTEEN. / --- / THIS PLAQUE, ERECTED IN 1996, HONORS HIS VALOR AND DUTY / TO COUNTRY ALONG WITH THE OTHER MARINES WHO SACRIFICED / THEIR LIVES SO THAT WE MAY LIVE IN FREEDOM. / --- / PFC EMILIO BARBOSA / 1926-1945 / UNITED STATES MARINES CORPS",-73.938015,NY,2179,Gift of Joseph Barbosa,,Manhattan,"Plaque, Plinth",10033,,,Bronze,,189.0,Art in Bronze,Department of Parks and Recreation
,False,2103,Henry,American,Deacy,,"president of the united states, american revolutionary war, war, colonial",Front: GEORGE WASHINGTON / FIRST MASTER MASONIC LODGE / ALEXANDRIA VIRGINIA 1788 / Right: ORIGINAL MODEL DISPLAYED BY / THE GRAND LODGE OF NEW YORK / AT ITS MASONIC BROTHERHOOD CENTER / NEW YORK WORLD'S FAIR 1964-1965 / Back: BROTHERHOOD / THE FOUNDATION OF / WORLD PEACE / ERECTED BY / THE GRAND LODGE F. & A.M. / STATE OF NEW YORK/ WITH PERMISSION OF THE GRAND LODGE OF LOUISIANA /,-73.842286,NY,2018,Gift of Grand Lodge F. & A. Masons,,Queens,Statue,11368,Donald,,Bronze,,1.0,,Department of Parks and Recreation
,False,2814,,"Woman, Jewish, American",,,"holocaust, jewish, world war ii, war",INDIFFERENCE TO INJUSTICE / IS THE GATE TO HELL / COMMANDANT'S HOUSE / EXECUTION WALL / TORTURE CHAMBER / GAS CHAMBER AND CREMATORIUM / AUSCHWITZ 1- 25 AUGUST 1944,-73.986816,NY,0855,Commissioned through Department of Cultural Affairs Percent for Art Program,,Manhattan,Sculpture,10010,Harriet,,Marble,,1.0,,Department of General Services
,False,1859,,American,Embury II,George Richard,"animals, wpa",[signed] F.G.R. ROTH,-73.970810,NY,1111,Purchased with T.E.R.A. Funds,,Manhattan,Bas-Relief,10019,Frederick,,Limestone,,1.0,,Department of Parks and Recreation
,False,2238,,Italian,Butter,,animals,,-73.960156,NY,,Gift of Salute to the Seasons Fund from donation by Hugh Trumbull Adams,Levine & Blumberg,Manhattan,Statue,10022,Pietro,,Bronze,,,,Department of Parks and Recreation
,False,1988,,,Embury II,,"colonial, american revolutionary war","BOWLING GREEN / THE FIRST PUBLIC PARK TO BE / ESTABLISHED IN NEW YORK / MARCH 12, 1733 / ""RESOLVED THAT THIS CORPORATION WILL / LEASE A PIECE OF LAND LYING AT THE / LOWER END OF BROADWAY FRONTING TO / ~ THE FORT TO SOME OF THE INHABITANTS ~ / OF THE SAID BROADWAY IN ORDER TO BE / INCLOSED TO MAKE A BOWLING GREEN / THEREOF WITH WALKS THEREIN, FOR THE / BEAUTY AND ORNAMENT OF THE SAID ~/ STREET AS WELL AS FOR THE RECREATION / & DELIGHT OF THE INHABITANTS OF THIS CITY."" / FROM THE MINUTES OF THE COMMON COUNCIL. / RECONSTRUCTED 1938",-74.013636,NY,0012,Gift of Gardner Osborn,,Manhattan,Plaque,10004,,,Bronze,,28.0,,Department of Parks and Recreation
,False,6446,,"African American, Black American",,,"abolitionist, african american, black american, black history, author","Granite block 1: BORN FREDERICK AUGUSTUS BAILEY, 1818, TALBOT COUNTY, MARYLAND. Granite block 2: MARRIED ANNA MURRAY IN 1838, WHO DIED IN 1882. Granite block 3: MARRIED HELEN PITTS IN 1884. Granite block 4: ""WHATEVER MAY BE SAID AS TO A DIVISION OF DUTIES AND AVOCATIONS, / THE RIGHTS OF MAN AND THE RIGHTS OF WOMAN ARE ONE AND / INSEPARABLE, AND STAND UPON THE SAME INDESTRUCTABLE BASIS."" - 1851 ""WHATEVER MAY BE SAID AS TO A DIVISION OF DUTIES AND AVOCATIONS, / THE RIGHTS OF MAN AND THE RIGHTS OF WOMAN ARE ONE AND / INSEPARABLE, AND STAND UPON THE SAME INDESTRUCTABLE BASIS."" - 1851 Granite block 5: ""THE FLIGHT WAS A BOLD AND PERILOUS ONE; BUT HERE / I AM, IN THE GREAT CITY OF NEW YORK, SAFE AND SOUND, / WITHOUT THE LOSS OF BLOOD OR BONE."" - 1855 Granite block 6: ""SUCH IS MY DETESTATION OF SLAVERY, THAT I WOULD KEEP THE MERCILESS SLAVEHOLDER PROFOUNDLY IGNORANT OF THE MEANS OF FLIGHT / ADOPTED BY THE SLAVE. HE SHOULD BE LEFT TO IMAGINE HIMSELF SURROUNDED BY MYRIADS OF INVISIBLE TORMENTORS..."" - 1855 Pavement: RIGHT IS OF NO SEX - TRUTH IS OF NO COLOR - GOD IS THE FATHER OF US ALL, AND WE ARE ALL BRETHREN / MASTHEAD OF THE NORTH STAR Fountain, north side: FREDERICK DOUGLASS / 1818-1895 / BORN INTO SLAVERY IN MARYLAND, FREDERICK / BAILEY FOUND THE WAY TO FREEDOM ALONG THE / UNDERGROUND RAILROAD IN 1838. DISGUISED AS A / SAILOR, HE TRAVELED TO MANHATTAN BY SHIP, AND FOUND SHELTER AT THE HOUSE OF ABOLITIONIST / DAVID RUGGLES ON LISPENARD STREET. THERE, HE / AWAITED THE ARRIVAL OF HIS FIANCEE, ANNA / MURRAY, A FREE BLACK WOMAN FROM MARYLAND. / THEY MARRIED, AND TOGETHER CONTINUED / BAILEY'S FREEDOM JOURNEY TO MASSACHUSETTS, WHERE HE CHANGED HIS NAME TO DOUGLASS. / LAUDED FOR HIS ORATION, HE BECAME A PROMINENT / ABOLITIONIST AND PURCHASED HIS LEGAL FREEDOM / FROM SLAVERY. / PUBLISHER OF THE ABOLITIONIST / JOURNAL THE NORTH STAR, HE CHAMPIONED / FREEDOM FOR ALL AMERICANS AND ENDORSED / WOMEN'S SUFFRAGE. DOUGLASS LATER HELD POSTS / AS ASSISTANT SECRETARY OF THE SANTO DOMINGO / COMMISSION (1871), MARSHALL OF THE DISTRICT OF / COLUMBIA (1877-1881) AND U.S. MINISTER TO HAITI / (1889-1891). FOLLOWING THE DEATH OF HIS WIFE / IN 1884, DOUGLASS MARRIED HELEN PITTS. HE DIED / IN WASHINGTON, D.C. ON FEBRUARY 20, 1895. Fountain, south side: GABRIEL KOREN, SCULPTOR / ALGERNON MILLER, SITE ARTIST / DECEMBER 2005",-73.958162,NY,,Commissioned through Department of Cultural Affairs Percent for Art Program,Quennell Rothschild & Partners,Manhattan,"Decorative Paving, Stone Seating, Fence",10026,Algernon,,Bronze,,,,Department of Parks and Recreation
,False,2080,,Austrian,,,"children, wpa",,-73.969655,NY,1111,Commissioned by Department of Parks and Recreation with Works Progress Administration Funds,,Manhattan,Sculpture,10021,Victor,,Stone,,1.0,,Department of Parks and Recreation
,,,,,,,"world war ii, war, veterans",IN HONOR OF THE / MEN AND WOMEN OF LIVINGSTON / WHO SERVED OUR COUNTRY / IN WORLD WAR II / AND IN MEMORY OF THOSE / WHO MADE THE SUPREME SACRIFICE / [List of Names],-74.106858,NY,0075,,,Staten Island,Plaque,10310,,,Bronze,,30.0,"U.S. Bronze Sign Company, NY",Department of Parks and Recreation
,False,531,,American,,Ordway,"governor, philanthropist, politician, public servant, lawyer","SAMUEL J. TILDEN / 1814-1886 / PATRIOT-STATESMAN / LAWYER-PHILANTHROPIST / GOVERNOR OF NEW YORK / DEMOCRATIC NOMINEE / FOR THE / PRESIDENCY / 1876 / ""I TRUST THE PEOPLE""",-73.967528,NY,1897,Gift of the Samuel J. Tilden Estate,Wilder & White,Manhattan,Statue,10025,William,,Bronze,,1.0,,Department of Parks and Recreation
,,4168,,,Love,,"war, veterans",IN MEMORY OF / DECEASED VETERANS OF / BROAD CHANNEL / V.F.W. #260 /,-73.818820,NY,,Gift of Veterans of Foreign Wars of U.S.,,Queens,Plaque,11693,,,Bronze,,,,Department of Parks and Recreation
,False,,,,,,"american revolutionary war, colonial, war","THIS TABLET MARKS / THE BROOKLAND FERRY LANDING / FROM WHICH POINT THE AMERICAN ARMY / EMBARKED DURING THE NIGHT / OF AUGUST 29TH 1776 / UNDER THE DIRECTION OF / GENERAL GEORGE WASHINGTON / ABLY ASSISTED BY / COLONEL JOHN GLOVER / OF MARBLEHEAD, MASSACHUSETTS / ERECTED BY THE / BROOKLYN BRIDGE PLAZA ASSOCIATION / 1929",-73.994942,NY,0025,Gift of The Brooklyn Bridge Plaza Association,,Brooklyn,Plaque,11201,,,Bronze,,1.0,,Department of Parks and Recreation
,False,3557,,Chinese,,,"asian, east asian, benches, chinese, poetry","XU BING / WRITINGS AT HELIN TEMPLE, 2015 / BENCHES MADE WITH SALVAGED DEER ISLE GRANITE. / TEXT FROM A POEM BY LI SHE (C. 806, C.E.), / CARVED IN SQUARE WORD CALLIGRAPHY / COMMISSIONED BY THE CITY OF NEW YORK / DEPARTMENT OF CULTURAL AFFAIRS PERCENT FOR ART PROGRAM, / THE DEPARTMENT OF TRANSPORTATION / AND THE DEPARTMENT OF DESIGN AND CONSTRUCTION",-73.994618,NY,0289,Commissioned through Department of Cultural Affairs Percent for Art Program,Xu Bing Studio,Manhattan,Site-Specific Installation,10002,Xu,Rothschild,Granite,,50.0,,Department of Cultural Affairs; Department of Transportation; Department of Design and Construction
,False,4126,,"African American, Black American",,,abstract,,-73.921639,NY,,Commissioned through Department of Cultural Affairs Percent for Art Program,Department of Transportation,Brooklyn,Sculpture,11233,Charles,,Bronze,,,,Department of Transportation
,False,6631,,"American, Woman",,,"environmental art, geology","Gravel, Sand & Pebbles / Dip to the W. dir. S. / Sand, generally White, / Contains some Iron crusta / & Lignite / Fine White micaceaus Sand / Contorted layers interlaminated / With Clay as if crushed together / Strata farther W. dir. S.",-73.847600,NY,11368,Commissioned through Department of Cultural Affairs Percent for Art Program,,Queens,"Installation, Mosaic",11417,Samm,,Brick,,20.0,,Department of Transportation
,False,1116,,American,,,"world war i, war",Front: TO PERPETUATE / IN GRATEFUL REMEM- / BRANCE THE SACRIFICE / HEROISM AND DEVOTION / OF THE MEN AND WOMEN / OF THE OLD TOWN OF / WESTCHESTER / WHO IN THE WORLD WAR / ANSWERED THE CALL / OF THEIR COUNTRY THAT / JUSTICE AND RIGHTEOUS- / NESS SHOULD NOT PERISH Side 1: THEY DIED / IN THE SERVICE OF / THEIR COUNTRY / *** / WILLIAM AGNEW / PAUL ARNONE / THOMAS E. BARRY / FRANK M. BEGEN / JOHN A. BICKHARDT / EDWARD BOSARA / DOMINICK BRESSI / VIVIAN BROWN / JOSEPH DALY / JOHN DELGAUDIO / CHARLES F. DIEDTERICH / HAROLD ERLANDSEN / BRIAN GALLAGHER / RAYMOND GILLIS / WILLIAM A GORTON / PHILIP G. HEWIRZ / HARRY HOPEMEISTER / CHARLES JABURECK / JOSEPH KALLAS / CHARLES H. KEEGAN / WILLIAM KELLY / THEODORE B. KORONY / WILLIAM LEMMON / CHARLES A. LINDBLOM Back: CAMBRAI / SOMME DEFENSIVE / LYS / AISNE / MONTDIDIER-NOYON / CHAMPAGNE-MARNE / SOMME-OFFENSIVE / OISE-AISNE / YPRES-LYS / SAINT MIHIEL / MEUSE-ARGONNE / VITTORIO-VENETO Side 2: THEY DIED / IN THE SERVICE OF / THEIR COUNTRY / *** / JOHN F. LOCKHART / GIUSTINO LOMBARDI / ARTHUR E. MCBRIDE / JAMES MCGURN / WILLIAM A. MCLAUGHLIN / ALOIS A. MESSENZEHL / EDWARD MORAN / JOHN NEWMAN / WILLIAM NOVY / HAROLD T. OSTERHAUS / WILLIAM S. REARDON / FREDERICK W. REYNOLDS / MICHAEL ROMITA / HENRY A. SCHEELER / FRANK SCHLAICH / GEORGE J. SCHNEIDER / EDWARD W. SCOTT / J. SLATOPOLSKY / WALTER L. SOFFEL / NICHOLAS VORTA / EDGAR YEURY JR. / SAMUEL H. YOUNG / WILLIAM G. ZELENKA / EUGENE L. ZENGEN,-73.843077,NY,3984,Gift of people of Westchester,,Bronx,Stele,10461,John,,Granite,,100.0,,Department of Parks and Recreation
,False,1523,,"Woman, American",,,"animals, literary characters","""A BIRD NAMED GOLDILOCKS"" / ANN MARIE MCDONNELL / 1995 / RECIPIENT OF THE 1994 / PUBLIC ART WORKS AWARD / SPONSORED BY / THE COUNCIL ON THE ARTS AND HUMANITIES / FOR STATEN ISLAND AND / THE NEW YORK CITY DEPARTMENT OF PARKS",-74.104491,NY,0319,Gift of The Cultural Coalition of Staten Island,,Staten Island,Sculpture,10301,Ann marie,,Bronze,,1.0,,Department of Parks and Recreation
,True,977,M.,Italian,Bowdin,,"world war ii, war, eagle, animals","Side 1: TO THE HONORED DEAD / WHO MADE / THE SUPREME SACRIFICE / FOR THEIR COUNTRY / THE GREAT WAR / MCMXVII - MCMXIX / ERECTED IN LOVING MEMORY / OF THEM AND THEIR PATRIOTISM / BY THEIR FRIENDS AND NEIGHBORS / OF LOCAL BOARD NUMBER TWO / NEW YORK CITY Side 2: JOHN B. GRAHAM --- EDWARD J. SMITH / JAMES M. HAMMER --- WILLIAM I. HAMMER / SAMUEL BRILL --- FRANK GREGG / THOMAS F. CASSIDY --- EDWARD ANDERSON / JOSEPH A. O'KEEFE --- HARRY HOFFMEISTER / THOMAS MCDERMOTT --- ARTHUR W. SCHILLING / JAMES P. KING --- LEO J. LYNCH / WILLIAM ROCHE --- WILLIAM J. SHAW / PHILIP J. MAUS, JR. --- CARI ROEHLKEN / JOHN C. NEWMAN --- EDWARD C. KIMBLE Side 3: JAMES J. CROWLEY --- JOHN J. BOLAND / CHARLES MCALFER --- AUGUST W. ARMS / ROBERT HAMMER --- ISIDORE FISHMAN / ADOLPH J. FRITZ --- DANIEL J. KELLY / WILLIAM VONN LUMM --- WILLIAM H. JONES / CHRISTOPHER AUGUSTIN --- MICHAEL J. GILFOY / WALTER FUCHS --- WILLIAM HURST / ERNEST R. NIELSON --- HAROLD WAHLSTADT / JOHN R. GARRITY --- EDWARD EVANS / PATRICK DEVANEY Side 4: WILLIAM G. STORCH --- CHARLES BRENNER / AMBROSE DOYLE --- GEORGE P. RYAN / DAVID W. GENTLE --- CHARLES WOLZ / ANTHONY SCHOENFELDER --- NICHOLAS DEFRANCESCO / LAWRENCE T. HANSEN --- JAMES J. GUGLIERI / WILLIAM MCGONIGAL --- THOMAS J. FITZPATRICK / ANDREW CEDER --- EDWARD LARSON / FRANCIS I. SHAW --- ARMANT J. BOISSY / HENRY P. JOHNSON --- FRANK B. HALPIN / JOHN. J. RECHLIN ---RAYMOND A. MURPHY Plaque: THE VETERANS OF FOREIGN WARS / HAVE PLACED THIS WREATH / ARMISTICE DAY / NOVEMBER 11, 1921. [---] ""ON FAMES ETERNAL CAMPING / GROUND THEIR SILENT TENTS / ARE SPREAD.",-73.926676,NY,3343,Gift of Citizens Patriotic Committee of Local Board No. 2.,Menconi Brothers,Bronx,Column,10451,,,Bronze,,500.0,,Department of Parks and Recreation
,,,,,,,"world war ii, war",Plaque 1: EDWARD A. BLOOM / CORP. CO. I. 165TH INF. / DIED IN FRANCE / AGE 21 / Plaque 2: HARRY A. GILL / PVT. CO. I. 165TH INF. / DIED IN FRANCE/ AGE 26 /,-74.177735,NY,,Commissioned by the New York State Department of Transportation,,Staten Island,Plaque,10303,,,Bronze,,,,Department of Parks and Recreation
,False,763,,American,,Wilson Alexander,"military, american civil war, colonial, battle of gettysburg, war",HANCOCK,-73.953269,NY,1950,"Gift of Veterans of Hancock Post, Number 259",,Manhattan,"Bust, Pedestal",10027,James,,Bronze,,21.0,"M.H. Mosman, Chicopee, MA",Department of Parks and Recreation
Embury II,False,2019,B.,,Post,,gates,,-73.951891,NY,1111,Gift of Mrs. Gertrude Vanderbilt Whitney,,Manhattan,Ornamental Gate,10029,,,Bronze,,1.0,,Department of Parks and Recreation
,False,,,,,,"world war i, war","THIS FLAG POLE / WAS DEDICATED BY THE / PVT. MICHAEL J. LYNCH / POST NO. 831 V.F.W. / DECEMBER 10, 1933 / IN MEMORY OF OUR / DEPARTED COMRADES/",-74.005466,NY,0624,"Gift of Michael Lynch Post No. 831, Veterans of Foreign Wars",,Manhattan,"Flagstaff, Plaque",10014,,,Bronze,,24.0,,Department of Parks and Recreation
,False,,,,,,"actor, world war i, war",IN MEMORY OF / S. RANKIN DREW / KILLED IN ACTION MAY-19-1918 / THIS TREE WAS PLANTED / MAY-19-1920 / BY S. RANKIN DREW POST / AMERICAN LEGION /,-73.972097,NY,1111,Gift of The American Legion,,Manhattan,"Plaque, Plinth",10019,,,Bronze,,1.0,,Department of Parks and Recreation
,False,5760,,,,,"woman, colonial","IN MEMORY OF / LADY DEBORAH MOODY / WHO ARRIVED IN THE MASSACHUSETTS BAY COLONY IN 1638 / A WEALTHY WIDOW AND LANDOWNER / IN 1643 LADY MOODY AND TWENTY-FIVE NEIGHBORS REMOVED / TO LONG ISLAND WHERE SHE FORMED A COLONY / AND WAS GRANTED A PATENT FOR LAND WITH FULL POWER TO GOVERN / SHE CALLED HER MODEL COMMUNITY GRAVESEND / DEDICATED OCTOBER 13, 1995 / IN CELEBRATION OF THE CENTENNIAL OF THE NATIONAL SOCIETY / COLONIAL DAUGHTERS OF THE SEVENTEENTH CENTURY / ORGANIZED IN BROOKLYN / MAY 4, 1896",-73.974134,NY,7146,Gift of The National Society Colonial Daughter's of The Seventeenth Century,,Brooklyn,Plaque,11223,,,Bronze,,1.0,,Department of General Services
,False,,,,,,"american revolutionary war, colonial, war","RICHMOND COUNTY D.A.R. / TABLET MARKING THE SITE OF THE / ROSE AND CROWN TAVERN / ERECTED BY THE HUGUENOTS IN 1665 / DEMOLISHED IN 1854 / THIS INN WAS OCCUPIED / DURING THE REVOLUTION BY / GENERAL WILLIAM HOWE / AS HIS HEADQUARTERS AND HERE THE / DECLARATION OF INDEPENDENCE / WAS READ TO THE BRITISH OFFICERS / JULY 9, 1776",-74.120016,NY,,Gift of Richmond County D.A.R.,,Staten Island,Plaque,10306,,,Bronze,,,"Eagle-Heath Bronze Corp., Mt. Vernon, NY",Department of Parks and Recreation
,False,2734,,,,,"world war ii, war",THE TREES IN THIS CIRCLE ARE DEDICATED / TO THOSE WHO MADE THE SUPREME SACRIFICE / IN WORLD WAR II / 1941-1945 / ARTHUR A. AMRON --- GEORGE P. HUMMEL --- JULES D. SCHLICHTER / FRANCIS T. ACTON --- AUSTIN W. KELLY JR. --- DONALD R. SCHNEIDER / LEONARD A. BENJAMIN --- JAMES P. KENNY --- LOUIS SEIDMAN / HAROLD J. BLANTHORN --- JOHN M. LEWIS JR. --- MURRAY SEIFF / CORNELIUS M. CALPIN --- LEONARD KRAM --- DONALD W. SELZ / JOHN E. CORRIGAN --- THOMAS MCARDLE --- HERBERT SPRINGER / RICHARD H. DAVIS --- BERNARD MEEHAN --- JOSEPH K. THIER / HENRY J. DEHNERT --- JAMES F. O'BRIEN --- ALVIN S. WEISS / ALAN EVANS --- VINCENT W. O'KEEFE --- BERNARD H. WIENER / ARNOLD P. FOX --- HAROLD W. ROBERTS --- GEORGE WILLIAMS / HERBERT HOFFENBERG --- GEORGE P. ROLLY --- ARTHUR ZIEGLER / BELLE HARBOR GARDEN CLUB /,-73.841040,NY,,Gift of Belle Harbor Garden Club,Artistic Bronze Tablet Company,Queens,Plaque,11694,,,Bronze,,,,Department of Parks and Recreation
,True,,,,,,"children, tomb",West side of pedestal: ERECTED TO THE MEMORY / OF AN AMIABLE CHILD / ST. CLAIRE POLLOCK / DIED 15 JULY 1797 / IN THE FIFTH YEAR OF HIS AGE East side of pedestal: MAN THAT IS BORN OF WOMAN / IS OF FEW DAYS AND FULL / OF TROUBLE. HE COMETH / LIKE A FLOWER AND IS / CUT DOWN; HE FLEETH ALSO / AS A SHADOW AND / CONTINUETH NOT.' / [space] JOB - XIV: 1-2,-73.963162,NY,1897,,,Manhattan,Urn,10027,,,Granite,,1.0,,Department of Parks and Recreation
,True,6331,,,,,"sandhog, tunnel, construction, tragedy",,-73.868243,NY,,Part of Department of Environmental Protection revitalization project,,Bronx,Manhole Cover,10470,,,Bronze,,,,Department of Environmental Protection
,False,320,NULL+S748B748M748:N748M748:AA748B748M748:N748M748:N748,,Embury II,,"world war ii, war, american legion",IN MEMORY OF OUR / DEPARTED COMRADES / EAST SIDE POST - 868 - A - L / PRESENTED BY / THE UKRAINIAN / PRODUCTION UNIT / OF THE NEW YORK / CHAPTER / A.D. 1942 / AMERICAN RED CROSS,-73.981517,NY,0403,Gift of the Ukrainian Production Unit of the American Red Cross,,Manhattan,"Flagstaff Base, Plaque",10009,,,Bronze,,1.0,,Department of Parks and Recreation
,False,1325,,,,,"politician, public servant, tammany hall",ERECTED TO / THE MEMORY OF / HON. FRANK / J. GOODWIN / BORN 1854 / DIED 1925 / BY THE SEYMOUR / TAMMANY CLUB / OF CHELSEA / NEIGHBORHOOD,-73.999350,NY,0724,Gift of Horatio Seymour Tammany Club,Murray and Matheson,Manhattan,Gatepost,10001,,,Granite,,100.0,,Department of Parks and Recreation
,False,"390, 1843",,American,Hastings,,"american, journalist, poet, author","WILLIAM CULLEN BRYANT / 1794-1878 / YET LET NO EMPTY GUST / OF PASSION FIND AN UTTERANCE IN THY LAY / A BLAST THAT WHIRLS THE DUST / ALONG THE HOWLING STREET AND DIES AWAY / BUT FEELINGS OF CALM POWER AND MIGHTY SWEEP, / LIKE CURRENTS JOURNEYING THROUGH THE / WINDLESS DEEP.",-73.982798,NY,1257,Gift of the William Cullen Bryant Memorial Committee,"Thomas Hastings, Carrere and Hastings",Manhattan,"Statue, Exedra",10018,Herbert,,Bronze,,2.0,,Department of Parks and Recreation
,True,3271,,,Pontius,,"egypt, egyptian, monolith, antiquity","Inscriptions on crabs holding obelisk: 1. REMOVED TO ALEXANDRIA EGYPT / AND ERECTED THERE B.C. 12 / BY THE ROMANS 2. REMOVED TO THE UNITED STATES / OF AMERICA A.D. 1880 AND ERECTED IN / NEW YORK CITY JANUARY 22, 1881/ 3. RUTHERFORD BURCHARD HAYES PRESIDENT / WILLIAM MAXWELL EVARTS SECRETARY OF / STATE OF THE UNITED STATES/ 4. LIEUTENANT COMMANDER / HENRY H. GORRINGE UNITED STATES NAVY/ DESIGNED THE PLANS FOR AND SUPERINTENDED / THE REMOVAL AND RE-ERECTION/ Base plaque: THE COST OF REMOVING / FROM EGYPT AND PLACING ON THIS / SPOT THIS OBELISQUE PEDESTAL AND BASE / WAS BORNE BY WILLIAM H. VANDERBILT/ West face: THE HORUS, STRONG-BULL-BELOVED-OF-RA, THE KING [OF] UPPER AND LOWER EGYPT, USER-MAAT RA, CHOSEN OF RA, CREATED BY THE GODS, WHO FOUNDED THE TWO LANDS, THE SON OF RA, RAMESSES, BELOVED-OF-AMUN, [---] THERE IS NO-ONE WHO DID WHAT HE DID, IN THE HOUSE OF HIS FATHER, THE LORD OF THE TWO LANDS, USER-MAAT-RA, CHOSEN OF RA, THE SON OF RA, RAMESSES, THE BELOVED OF AMUN, GRANTED LIFE LIKE RA. [------] THE HORUS, STRONG-BULL-APPEARING-IN-THEBES THE KING OF UPPER AND LOWER EGYPT, MEN-KHEPER-RA, WHO EMBELLISHES THE HOUSE OF HIM WHO CREATED HIM, [---] (THE SON OF RA, THUTMOSE), BELOVED OF (ATUN) LORD OF HELIOPOLIS, MAY HE LIVE FOREVER. [------] THE HORUS, STONG-BULL-SON-OF-RA, THE KING OF UPPER AND LOWER EGYPT, USER-MAAT-RA, CHOSEN OF RA, THE GOLDEN HORUS, MIGHTY-IN-YEARS-AND-GREAT-OF-VICTORIES, THE SON OF RA, RAMESSES, BELOVED-OF-AMUN, [---] THE LORD OF THE TWO LANDS, USER-MAAT-RA, CHOSEN-OF-RA, THE SON-OF-RA, RAMESSES, BELOVED-O-AMUN. North face: THE HORUS, STRONG-BULL-LOVING-TRUTH, THE KING OF UPPER AND LOWER EGYPT, USER-MAAT-RA, CHOSEN-OF-RA, LORD OF FESTIVALS LIKE HIS FATHER PTAH-TATENEN, THE SON OF RA, RAMESSES, BELOVED-OF-AMUN, WHOM RA CREATED IN ORDER TO MAKE HELIOPOLIS FESTIVE AND TO PROVIDE THE SANCTUARIES OF HIM WHO CREATED HIM WITH FOOD-OFFERINGS, THE LORD OF THE TWO LANDS, USER-MAAT-RA, RAMESSES, BELOVED-OF-AMUN GRANTED ALL LIFE LIKE RA. [------] THE HORUS, HIGH-OF-THE-WHITE-CROWN-BELOVED-OF-RA, THE KING OF UPPER AND LOWER EGYPT, MEN-KHEPER-RA, THE GOLDEN HORUS, CONTENTED-WITH-STRENGTH-WHO-SMILES-[AT]-THE-RULERS-OF-FOREIGN-LANDS-WHO-ATTACK-HIM, ACCORDING AS HIS FATHER RA HAS ORDAINED FOR HIM VICTORY AGAINST EVERY LAND AND STRENGTH IN HIS EFFORTS TO EXTEND THE BOUNDARIES OF EGYPT, THE SON OF RA, THUTMOSE, GRANTED ALL LIFE FOREVER. [------] THE HORUS, STRONG-BULL-SON-OF-RA, THE KING OF UPPER AND LOWER EGYPT USER-MAAT-RA, CHOSEN-OF-RA, HE OF THE TWO GODDESSES, PROTESTOR-OF-EGYPT-AND-CURBER-OF-FOREIGN-LANDS, THE SON OF RA, RAMESSES, BELOVED-OF-AMUN, A VALIANT KING ACTIVE WITH HIS ARMIES IN THE PRESENCE OF EVERY LAND, USER-MAAT-RA, CHOSEN-OF-RA, RAMESSES, BELOVED-OF-AMUN, GRANTED ALL LIFE LIKE RA. South face: THE HORUS STRONG-BULL-SON-OF-RA, THE KING OF UPPER AND LOWER EGYPT, USER-MAAT-RA, CHOSEN-OF-RA, HE OF THE TWO GODDESSES, PROTECTOR-OF-EGYPT-AND-CURBER-OF-FOREIGN-LANDS, THE SON OF RA, RAMESSES BELOVED-OF-AMUN, A KING EXCELLENT, LIKE RA. [---] THE LORD OF THE TWO LANDS, USER-MAAT-RA, CHOSEN-OF-RA, THE SON OF RA, RAMESSES, BELOVED-OF-AMUN. [------] THE HORUS, STRONG-BULL-BELOVED-OF-RA, THE KING OF UPPER AND LOWER EGYPT, MEN-KHEPER-RA; HE MADE (IT) AS HIS MONUMENT FOR HIS FATHER ATUM, LORD OF HELIOPOLIS, ERECTING FOR HIM TWO GREAT OBELISKS, WHOSE PYRAMIDIONS ARE OF FIND GOLD, [---] HELIOPOLIS [---] (THE SON OF RA, THUTMOSE), MAY [HE?] BE FOREVER. [------] THE HORUS, STRONG-BULL-LOVING-TRUTH, THE KING OF UPPER AND LOWER EGYPT, USER-MAAT-RA, CHOSEN-OF-RA, LORD OF FESTIVALS LIKE HIS FATHER PTAH-TATENEN, THE SON OF RA, RAMESSES, BELOVED-OF-AMUN, VERITABLE GOD STAR OF THE TWO LANDS, WHO IS VERSED IN THE LAWS AND IS WORTHY (IN HIS ACTIONS), THE LORD OF THE TWO LANDS, USER-MAAT-RA, CHOSEN OF RA, RAMESSES, BELOVED-OF-AMUN, GRANTED LIFE. East face: THE HORUS, STRONG-BULL-SON-OF-KHEPRI, THE KING OF UPPER AND LOWER EGYPT, USER-MAAT-RA, CHOSEN-OF-RA, THE GOLDEN HORUS, MIGHTY-IN-YEARS-AND-GREAT-OF-VICTORIES, THE SON OF RA, RAMESSES, BELOVED-OF-AMUN, WHO CAME FORTH FROM THE WOMB IN ORDER TO RECEIVE THE CROWNS, OF RA, WHO CREATED HIM TO BE SOLE LORD OF THE TWO LANDS, USER-MAAT-RA-CHOSEN-OF-RA, THE SON OF RA. RAMESSES, BELOVED-OF-AMUN, ONE SERVICEABLE TO RA AND GRANTED LIFE LIKE RA. [------] THE HORUS, STRONG-BULL-APPEARING-IN-THEBES, HE OF THE TWO LANDS, GODDESSES, ENDURING OF KINGSHIP-LIKE-RA-IN-HEAVEN, BODILY SON OF ATUM, WHOM THE MISTRESS OF HELIOPOLIS BORE TO HIM, THUTMOSE, WHOM THEY CREATED IN THE TEMPLE OF THEIR MEMBERS, KNOWING THAT HE WOULD EXERCISE ENDURING KINGSHIP THROUGHOUT ETERNITY, THE KING OF UPPER AND LOWER EGYPT, MEN-KHEPER-RA, BELOVED OF ATUM, THE GREAT GOD, TOGETHER WITH HIS ENNEAT, GRANTED ALL LIFE, STABILITY, AND DOMINION LIKE RA FOREVER. [------] THE HORUS, STRONG-BULL-BELOVED-OF-RA, THE KING OF UPPER AND LOWER EGYPT, USER-MAAT-RA, CHOSEN-OF-RA, RA, CREATED BY THE GODS, WHO FOUNDED THE TWO LANDS, THE SON OF RA RAMESSES, BELOVED-OF-AMUN, THE NOBLE YOUTH, BELOVED LIKE ATEN WHEN HE SHINES ON THE HORIZON, THE LORD OF THE TWO LANDS, USER-MAAT-RA, CHOSEN-OF-RA, THE SON OF RA, RAMESSES, BELOVED-OF-AMUN, ONE SERVICEABLE TO RA AND GRANTED LIFE LIKE RA.",40.779639,NY,1111,"Gift of Ismail, Khedive of Egypt, William H. Vanderbilt and Cecile B. DeMille",,Manhattan,Obelisk,10024,,,Bronze,,1.0,,Department of Parks and Recreation
,False,2233,,,,,"italian, italy, general, revolutionary, soldier, republican","GUISEPPE / GARIBALDI / LEADER OF / ITALIAN UNIFICATION / 1807-1882 / ORGANIZED THE RED SHIRTS / TO UNIFY ITALY, 1861 / FOUGHT FOR REPUBLICAN IDEALS / IN URAGUAY AND FRANCE. / ELECTED TO THE ITALIAN / PARLIAMENT, 1874 / ITALIAN HISTORICAL SOCIETY / OF AMERICA / BETTER WORLD JL INSTITUTE / JOHN LACORTE, FOUNDER / A. OTTAVINO CORP, DONOR / OCTOBER 3, 1990 /",-73.999968,NY,6315,Gift of the Italian Historical Society of America and A. Ottavino Corp.,,Brooklyn,Plaque,11214,,,Granite,,1.0,,Department of Parks and Recreation
,False,5467,,Chinese American,,,maritime,,-74.005491,NY,0036,Commissioned through Department of Cultural Affairs Percent for Art Program,Smith-Miller and Hawkinson Architects and Judith Heintz Landscape Architecture,Manhattan,Installation,10038,Carl,,"Steel, Concrete",,18.0,,Department of Transportation
,False,4724,,"Chinese, American, Woman",,,"abstract, biblical",,-74.000641,NY,0198,Commissioned through Department of Cultural Affairs Percent for Art Program,Urban & Lichfield Grosfeld,Manhattan,Installation,10013,Kit-yin,,Granite,,1.0,,Department of General Services
,False,1081,,"Italian, American",,S.J.,"world war i, war",Shield: DEDICATED / TO THOSE WHO / MADE THE / SUPREME SACRIFICE / AND TO ALL OTHERS / FROM WINFIELD / WHO ENTERED THE / SERVICE OF OUR / COUNTRY IN THE / WORLD WAR / NEW YORK CITY / AD / MCMXXVI Pedestal: EDWARD J. LANGE / HENRY C. LOCHMAN / OTTO MAREK / JAMES V. PERGOLA / FREDERICK JACKSON / RANDOLPH JARDINE / AUSTIN GREER,-73.899601,NY,,Gift of Winfield Honor Roll Association,,Queens,Statue,11377,James,,Bronze,,,American Art Foundry,Department of Parks and Recreation
,False,4211,Richard,American,Upjohn,Kirke,"president of the united states, american revolutionary war, war, colonial, equestrian",,-73.990703,NY,0845,Gift of Merchants of New York,,Manhattan,Statue,10003,Henry,,Bronze,Adams,2.0,Ames,Department of Parks and Recreation
,False,1937,,"Austrian, French",Embury II,,author,Signed: FREDERICH BEER,-73.987354,NY,0872,Gift of Joseph Weiner,,Manhattan,"Bust, Pedestal",10003,Friedrich,,Bronze,,57.0,,Board of Education; School Construction Authority
,False,2533,,Polish,Embury II,K.,"eastern european, equestrian, military, polish, poland, war",Base (both sides): POLAND Base (front): WLADYSLAW JAGIELLO / KING OF POLAND/GRAND DUKE OF LITHUANIA / 1386-1434 / FOUNDER OF A FREE UNION OF THE PEOPLES OF EAST CENTRAL EUROPE / VICTOR OVER THE TEUTONIC AGGRESSORS AT GRUNWALD / JULY 15-1410.,-73.966694,NY,1111,"Gift of The King Jagiello Monument Committee, Inc.",,Manhattan,Statue,10024,Stanislaw,,Bronze,,1.0,"Fon, FM, Italy",Department of Parks and Recreation
,False,2313,,,Embury,,"spanish-american war, war",Side 1: CUBA / [Medallion] U.S.A. --- CUBA --- PHILIPPINE ISLANDS --- PUERTO RICO --- SPANISH WAR VETERANS 1898 - 1902 --- ARMY UNITED NAVY / Side 2: PUERTO RICO / DEDICATED TO / THE HEROES OF / THE / SPANISH / AMERICAN / WAR / Side 3: CHINA / ERECTED A.D. 1941 / BY THE / CAPT. GEORGE H. TILLY / CAMP NO. 66. N.Y. / UNITED SPANISH WAR / VETERANS OF JAMAICA / Side 4: PHILIPPINES / DEDICATED TO / THE HEROES OF / THE / SPANISH / AMERICAN / WAR /,-73.798811,NY,9848,Gift of Spanish War Veterans of Jamaica,,Queens,Stele,11432,,,Granite,,164.0,,Department of Parks and Recreation
,False,529,,,,,"religious leader, veteran, chaplain",South face: ERECTED BY THE / FATHER DUFFY D.S.C. / POST 54 / CATHOLIC WAR VETERANS / OF U.S.A. / A.D. 1954 North face: FOR GOD / FOR HOME / FOR COUNTRY / * * * / TO THOSE / WHO SERVED / THAT OTHERS / MIGHT LIVE,-73.985047,NY,1018,Gift of Father Duffy D.S.C. Post 54,,Manhattan,Flagstaff Base,10036,,,Bronze,,65.0,,Department of Parks and Recreation
,False,2266,,,,,"educator, philanthropist, religious leader","THIS PARK IS NAMED IN MEMORY OF / FRANK SUTLIFF HACKETT, LITT. D.,/ EDUCATOR, CHURCHMAN, / LEADER IN COMMUNITY AFFAIRS.",-73.9040965,NY,,Gift of Ralph H. Bent and Friends of the late Dr. Frank S. Hackett,,Bronx,"Plaque, Natural Boulder",10471,,,Bronze,,,,Department of Parks and Recreation
,False,"1371, 6041",,British,,,"immigration, immigrants, jewish",ERECTED / BY / THE STATE OF NEW YORK / TO HONOR THE MEMORY / OF THE TWENTY THREE / MEN WOMEN & CHILDREN / WHO LANDED / IN SEPTEMBER 1654 / & / FOUNDED THE FIRST / JEWISH COMMUNITY / IN / NORTH AMERICA /---/ AMERICAN JEWISH TERCENTENARY / 1654-1954,-74.013194,NY,0003,Gift of the New York Joint Legislative Committee for the American Jewish Tercentenary Committee,,Manhattan,"Flagstaff Base, Plaque",10004,Abram,,Bronze,,3.0,Roman Bronze Works,Department of Parks and Recreation
,False,6696,,"American, Jewish",,,mural,,-73.997986,NY,1107,Commissioned through Department of Cultural Affairs Percent for Art Program,,Manhattan,Mural,10036,Sol,,"Graphite, Acrylic",,12.0,,New York City Economic Development Corporation
,False,1988,,,,,"philanthropist, publisher, colonial, american revolutionary war","IN MEMORY OF / GEORGE T. DELACORTE / JUNE 20, 1893 - MAY 4, 1991 / PUBLISHER AND PHILANTHROPIST / WHOSE MANY GIFTS BEAUTIFY / NEW YORK CITY / ***** / THE RESTORATION OF THIS HISTORIC PARK AND FOUNTAIN / IS AN ILLUSTRATION OF HIS GENEROSITY / BOWLING GREEN WAS RESTORED BY THE CITY OF NEW YORK / IN 1977 WITH HIS ASSISTANCE UNDER THE ADMINISTRATION OF / ABRAHAM D. BEAME, MAYOR / JOSEPH P. DAVIDSON, COMMISSIONER",-74.013998,NY,0012,Gift of Valerie Delacorte and City Parks Foundation,,Manhattan,Fountain,10004,,,Stone,,28.0,"International Bronze Tablet Company, Inc.",Department of Parks and Recreation
,False,1859,,American,Embury II,George Richard,"animals, wpa",,-73.970880,NY,1111,Purchased with T.E.R.A. Funds,,Manhattan,Bas-Relief,10019,Frederick,,Limestone,,1.0,,Department of Parks and Recreation
,True,,,,,,"world war i, war","IN MEMORIAM / TO THE MEN OF COLLEGE POINT / WHO MADE THE SUPREME SACRIFICE / DURING THE WORLD WAR / APRIL 6, 1917 - NOVEMBER 11, 1918 / OSCAR AMMANN --- ALBERT W. FREY / AUGUST BIEGLER --- CHRISTIAN GEIDEL / AUGUST BREISACHER --- CHARLES O. MAHLER / BENJAMIN BLUE --- THOMAS MC CORMACK / RUDOLPH BRUGGER --- WILLIAM J. MOHRMANN / WILLIAM BUERGER --- LOUIS SCHMIDT / JOHN H. EMBREE --- EMIL SCHWAB / JOHN B. ENDRES --- EDWARD STACK / THOMAS FAGAN --- ALFRED STENGEL / ERECTED BY / OSCAR AMMAN POST NO. 853 / AMERICAN LEGION / 1930 /",-73.841651,NY,4092,Gift of American Legion Association,,Queens,Stele,11356,,,Bronze,,4.0,,Department of Parks and Recreation
,False,320,,,Embury II,,"ukrainian, world war ii, war",IN MEMORY OF OUR / DEPARTED COMRADES / EAST SIDE POST - 868 - A - L / PRESENTED BY / THE UKRAINIAN / PRODUCTION UNIT / OF THE NEW YORK / CHAPTER A.D. 1942 / AMERICAN RED CROSS/,-73.981516,NY,0403,Gift of Ukrainian Red Cross Unit 1942,,Manhattan,"Flagstaff Base, Plaque",10009,,,Bronze,,1.0,,Department of Parks and Recreation
,False,563,,American,,Kirke,civic planner,CYRUS CLARK / A MEMORIAL / OF HIS MANY YEARS DEVOTION / TO THE INTERESTS OF THE WEST SIDE / FROM / THE WEST END ASSOCIATION / HIS FRIENDS AND NEIGHBORS,-73.981616,NY,1254,Gift of the West End Association,,Manhattan,Plaque,10024,Henry,,Bronze,,2.0,,Department of Parks and Recreation
,False,,,Danish,Embury II,C.,"animals, wpa",Signed: CARL C MOSE,-73.972066,NY,1111,Purchased with T.E.R.A. Funds,,Manhattan,Bas-Relief,10019,Carl,,Limestone,,1.0,,Department of Parks and Recreation
,False,832,,American,,,"children, literary character, wpa",,-73.964475,NY,1117,Commissioned by The City of New York through The Temporary Emergency Relief Administration,,Brooklyn,Bas-Relief,11225,Emil,,Limestone,,1.0,,Department of Parks and Recreation
,False,2739,,"Woman, American",,,"politician, public servant, reformer, united states attorney general, lawyer, senator","(BUST, FRONT) ""[signed] Anneta Duveen / 1971"" (BUST, REAR) [signed] Anneta Duveen / ROMAN BRONZE WORKS INC"" (PEDESTAL, FRONT) ""SENATOR / ROBERT / FRANCIS / KENNEDY /---/ NOVEMBER 20, 1925 / JUNE 6, 1968 /---/ DEDICATED NOVEMBER 2, 1972"" (PEDESTAL, LEFT) ""ANNETA DUVEEN, SC."" (PEDESTAL, RIGHT) ""A. OTTAVINO"" (BASE, FRONT) ""'FEW WILL HAVE THE GREATNESS TO / BEND HISTORY ITSELF, BUT EACH OF US / CAN WORK TO CHANGE A SMALL PORTION OF EVENTS, AND IN THE TOTAL OF ALL THOSE ACTS WILL / BE WRITTEN THE HISTORY OF THIS GENERATION.'"" [space] RFK (BASE, LEFT): ""'WHAT WE REQUIRE IS NOT THE SELF- / INDULGENCE OF RESIGNATION FROM THE / WORLD BUT THE HARD EFFORT TO WORK OUT / NEW WAYS OF FULFILLING OUR PERSONAL CONCERN / AND OUR PERSONAL RESPONSIBILITY.'"" [space] RFK (BASE, REAR) ""'WE MUST GET OUR OWN HOUSE IN / ORDER. WE MUST BECAUSE IT IS RIGHT. / WE MUST BECAUSE IT IS MIGHT.'"" [space] RFK (BASE, RIGHT) ""'ALL GREAT QUESTIONS MUST / BE RAISED BY GREAT VOICES, AND / THE GREATEST VOICE IS THE VOICE OF / THE PEOPLE - SPEAKING OUT - IN PROSE, OR / PAINTING, OR POETRY, OR MUSIC; SPEAKING OUT - / IN HOMES AND HALLS, STREETS AND FARMS, COURTS / AND CAFES - LET THAT VOICE SPEAK AND THE STILLNESS YOU / HEAR WILL BE THE GRATITUDE OF MANKIND.'"" [space] RFK",-73.990033,NY,0139,Gift of The Robert F. Kennedy Ad Hoc Memorial Committee,,Brooklyn,"Bust, Pedestal",11201,Anneta,,Bronze,,1.0,Roman Bronze Works Inc.,Department of Parks and Recreation
,False,1859,Coe,Italian,Embury,,"children, animals, philanthropist, clock",,-73.971152,NY,1111,"Gift of George T. Delacorte, George Delacorte Fund",,Manhattan,"Clock, Sculpture, Plaque",10065,Andrea,,Bronze,,1.0,,Department of Parks and Recreation
,False,,,,,,"civic leader, holocaust survivor, world war ii, woman, jewish, immigrant, austrian","DEDICATED TO THE MEMORY OF / ILSE METZGER / FOR HER DEVOTION AND / LABOR FOR THIS COMMUNITY / FAMILY AND FRIENDS / OCT. 2, 1983",-73.830731,NY,,,,Queens,Plaque,11375,,,Granite,,,,Department of Parks and Recreation
,True,1593,,,Embury,,"spanish-american war, war","DEDICATED TO THE / MEMORY OF / CAPTAIN GEORGE H. TILLY / 1898 (S.A.W. insignia) 1902 / SPANISH AMERICAN WAR""",-73.798789,NY,9848,Purchased with Temporary Emergency Relief Administration Funds,,Queens,"Plaque, Pedestal",11432,,,Bronze,,164.0,,Department of Parks and Recreation
,False,580,,,,,"world war ii, war","Top band, continuing around all four sides: WHERE LIGHTNINGS ARE SPED SHE DAZZLES THE / NATIONS WITH RIPPLES OF RED AND SHE'LL WAVE FOR / US LIVING OR DROOP O'ER US DEAD THE FLAG OF / OUR COUNTRY FOREVER * SHE'S UP THERE OLD GLORY / Side 1: IN MEMORY OF THOSE / WHO IN THE GREAT WAR / 1941-1945 / SERVED THEIR COUNTRY / IN EVERY LINE OF DUTY / WHEREVER OUR FLAG/ HAS FLOWN / Side 2: ASIATIC PACIFIC / Side 3: AMERICAN / Side 4: EUROPEAN AFRICAN /",-73.952584,NY,2670,Gift of Greenpoint Patriotic Organization,,Brooklyn,"Flagstaff Base, Tablet",11222,,,Granite,,1.0,,Department of Parks and Recreation
,True,5091,,American,,Kirke,"american civil war, president of the united states, animals, eagles, war",,-73.964955,NY,1117,Gift of The Citizens of Brooklyn,,Brooklyn,Statue,11226,Henry,,Bronze,,1.0,Lamoureux,Department of Parks and Recreation
,False,2080,,American,Price,Chester,"allegorical, architect","TO RICHARD MORRIS HUNT / OCTOBER 31, 1828 / JULY 31, 1895 / IN RECOGNITION / OF HIS SERVICES TO / THE CAUSE OF ART / IN AMERICA / THIS MEMORIAL / WAS ERECTED 1898 BY / THE ART SOCIETIES/ OF NEW YORK THE CENTURY ASSOCIATION / THE MUNICIPAL ART SOCIETY / THE METROPOLITAN MUSEUM OF ART / THE ARTIST ARTISANS OF NEW YORK / THE ARCHITECTURAL LEAGUE / NATIONAL SCULPTURE SOCIETY / NATIONAL ACADEMY OF DESIGN / SOCIETY OF AMERICAN ARTISTS / AMERICAN INSTITUTE OF ARCHITECTS / AMERICAN WATERCOLOR SOCIETY / SOCIETY OF BEAUX ARTS ARCHITECTS",-73.967851,NY,1111,Gift of the Art Societies of New York,,Manhattan,"Bust, Statue, Exedra",10065,Daniel,,Bronze,,1.0,Henry Bonnard Bronze Co.,Department of Parks and Recreation
,False,3183,Coe,"German, American",Embury,,"aviation, lithuanian","Base (left): SI SAVO SKRIDIMA / SKIRIAME IR AUKOJAME / TAU / JAUNOJI LIETUVA / Base (rear): ERECTED BY THE LITUANIANS / OF GREATER NEW YORK / 1957 / Base (rear): TO THE LITHUANIAN FLYERS / DARIUS AND GIRENAS / WHO CONQUERED THE ATLANTIC / NEW YORK TO KAUNAS / JUNE 15, 1933 /",-73.950944,NY,,Gift of The Lithuanians of Greater New York,,Brooklyn,"Flagstaff Base, Relief Plaque",11211,Bruno,,Granite,,,"Forman Co., Brooklyn, NY",Department of Parks and Recreation
,False,6856,,,,,"italian, immigrant, police officer","Plaque (west): LIEUTENANT JOSEPH PETROSINO / JOSEPH (GIUSEPPE) PETROSINO (1860-1909) WAS THE FIRST / ITALIAN-AMERICAN LIEUTENANT AND DETECTIVE IN THE NEW YORK / CITY POLICE DEPARTMENT. PETROSINO FORMED THE ""ITALIAN / BRANCH,"" AN ELITE CORPS OF ITALIAN-AMERICAN UNDERCOVER / POLICE THAT COMBATED THE ""BLACK HAND"" (MANO NERO) CRIME / ORGANIZATION IN AMERICA AND ITALY. AS A RESULT, THOUSANDS OF / ORGANIZED CRIME FIGURES WERE ARRESTED. HE ALSO FOUNDED THE / BOMB AND CANINE SQUADS, THE FIRST UNITS OF THEIR KIND IN THE / UNITED STATES. / PETROSINO WAS KILLED IN PALERMO, MAKING HIM THE ONLY NEW / YORK CITY POLICER OFFICER TO LOSE HIS LIFE IN THE LINE OF DUTY / OUTSIDE THE UNITED STATES. UPON HIS DEATH, PRESIDENT / THEODORE ROOSEVELT DECLARED, "" PETROSINO WAS A GREAT MAN / AND A GOOD MAN..HE DID NOT KNOW THE NAME OF FEAR."" MANY / THOUSANDS OF MOURNERS ATTENDED HIS STATE FUNERAL. / JOSEPH PETROSINO REMAINS A SYMBOL OF JUSTICE AND SOCIAL / RESPONSIBILITY THROUGHOUT THE NEW YORK CITY POLICE / DEPARTMENT. THE LIEUTENANT DETECTIVE JOSEPH PETROSINO / AWARDS ARE PRESENTED TO OUTSTANDING POLICE OFFICES AND / OTHER DISTINGUISHED INDIVIDUALS IN LAW ENFORCEMENT./ Plaque (east): LIEUTENANT JOSEPH PETROSINO / BORN 1860, PADULA (SA) ITALY / DIED 1909, PALERMO, ITALY / NEW YORK POLICE DEPARTMENT 1885-1909 / [NYPD Insignia] [ Padula, Italy insignia]",-73.997527,NY,,"Gift of NYPD Columbia Association & Lt. Det. Joseph Petrosino Association in America, Inc.",,Manhattan,Plaque,10012,Carter,,Bronze,,,Elliot Gantz & Co. Fine Art Bronze Sculpture Casting Foundry,Department of Parks and Recreation
,False,,,American,,George Richard,"animals, wpa",,-73.971921,NY,1111,,,Manhattan,Statue,10019,Frederick,,Bronze,,1.0,,Department of Parks and Recreation
,False,4208,Martin,,Huss,,"fountain, horse trough",PRESENTED TO / THE CITY OF NEW YORK / BY / JOHN HOOPER / ERECTED MDCCCXCIV,-73.939978,NY,,Gift of John Hooper,,Manhattan,"Fountain, Lantern",10031,,,Bronze,,,,Department of Parks and Recreation
Meyer,False,"12, 85, 1408",Coke,"American, Italian",Smith,,"declaration of independence, colonial, american revolutionary war","Signed: ANTHONY DE FRANCISCI / PERRY COKE SMITH / 1926 / At top of granite drum: """"HOW LITTLE DO MY COUNTRYMEN KNOW WHAT PRECIOUS BLESSINGS THEY ARE IN POSSESSION OF AND WHICH NO OTHER PEOPLE ON EARTH ENJOY"" THOMAS JEFFERSON""",-73.990302,NY,0845,Gift of Tammany Society,,Manhattan,"Flagstaff Base, Plaque",10003,Anthony,,Bronze,,2.0,,Department of Parks and Recreation
,False,,,"American, Woman",,,"women, veterans, woman","WOMEN VETERANS MONUMENT / DEDICATED BY THE / DANIEL M. O'CONNELL POST NO. 272 / AMERICAN LEGION AND FRIENDS, / SEPTEMBER 24, 1989 / IN GRATEFUL RECOGNITION OF ALL / THOSE WOMEN WHO SERVED THEIR / COUNTRY IN TIME OF CONFLICT / THROUGHOUT OUR COUNTRY'S / GLORIOUS HISTORY. / ""FOR GOD AND COUNTRY""",-73.817000,NY,,"Gift of Daniel M. O'Connell Post No. 272, American Legion (unauthorized installation - not approved by the Department of Parks and Recreation)",,Queens,Statue,11693,Eileen,,Bronze,,,"Joel Meisner Foundry, Farmingdale, NY",Department of Parks and Recreation
,False,2467,M.,,Kokkins,,"ukrainian, world war ii, war",DEDICATED TO / AMERICAN HEROES OF ALL / NATIONALITIES WHO DIED / FOR THEIR COUNTRY IN / THE SECOND WORLD WAR / ERECTED BY / UKRANIAN-AMERICANS / OF GREATER NEW YORK / IN MEMORY / OF THEIR SONS / JULY / 1944,-73.986936,NY,,Gift of Ukrainian-Americans of New York,,Manhattan,Flagstaff Base,10003,,,Granite,,,,Department of Parks and Recreation
,False,3005,,Japanese,,,"wind, air, nature, ecology, kinetic art",,-73.826303,NY,9653,Commissioned through Department of Cultural Affairs Percent for Art Program,Ehrenkrantz & Eckstut,Queens,Kinetic Sculpture,11415,Susumo,,Metal,,1.0,,Department of Citywide Administrative Services
,False,5554,,,,,"world war ii, war","Plaque 1: FRANK BUSSO / WT 2/C USN / 1921-1942 / BATTLE OF MIDWAY / JUNE 6, 1942 / Plaque 2: CONSTANTINO BUSSO / S 1/O USN / 1919-1943 / USS TICONDEROGA / JAN 21, 1945 /",-74.176608,NY,,Gift of Mariners Harbor Civic Association,,Staten Island,Plaque,10303,,,Granite,,,,Department of Parks and Recreation
,False,2492,,American,,,abstract,,-73.998476,NY,,Commissioned through Department of Cultural Affairs Percent for Art Program,"Greenman-Pedersen, Inc.",Brooklyn,Light Installation,11231,Jim,,"Leds, Structural Steel, Stainless Steel, Reflectors",,,,Department of Transportation
,False,2287,,"African American, Black American, Woman",,,"african american, black american, black history, black history, literary character, author","Stone marker (north, east face): RALPH ELLISON / 1914-1994 / AMERICAN WRITER / LONGTIME RESIDENT OF 730 RIVERSIDE DRIVE / HIS PIONEERING NOVEL, INVISIBLE MAN (1952), / DETAILS THE STRUGGLES OF A YOUNG / African American, Black American, Black History MAN IN A HOSTILE SOCIETY. / Stone marker (north, west face): ""THE VERY IDEA OF BEING IN NEW YORK WAS DREAMLIKE, / FOR LIKE MANY YOUNG NEGROES OF THE TIME, I THOUGHT / OF IT AS THE FREEST OF AMERICAN CITIES, AND CONSIDERED / HARLEM AS THE SITE AND SYMBOL OF AFRO-AMERICAN / PROGRESS AND HOPE. INDEED, I WAS BOTH YOUNG AND / BOOKISH ENOUGH TO THINK OF MANHATTAN AS MY / SUBSTITUTE FOR PARIS, AND OF HARLEM AS A PLACE OF LEFT / BANK EXCITEMENT. SO NOW THAT I WAS THERE IN ITS / GLAMOROUS SCENE, I MEANT TO MAKE THE MOST OF ITS / OPPORTUNITIES."" / -RALPH ELLISON / AN EXTRAVAGENCE OF LAUGHTER, 1986 / Stone marker (south): ""I AM AN INVISIBLE MAN... / I AM INVISIBLE, UNDERSTAND, SIMPLY BECAUSE / PEOPLE REFUSE TO SEE ME."" / -RALPH ELLISON, 1952 / INVISIBLE MAN / ELIZABETH CATLETT / SCULPTOR / MAY 2003 /",-73.949771,NY,2101,Gift of the Ralph Ellison Memorial Committee,,Manhattan,Sculpture,10031,Elizabeth,Smith,Bronze,,55.0,"Johnson Atelier, Mercerville, NJ",Department of Parks and Recreation
,False,,,"American, Jewish",,W.,"german, jewish, philanthropist, banker","""AND THERE SHALL COME WATER OUT OF IT THAT THE PEOPLE MAY DRINK. EXODUS XVII:VI”",-73.989828,NY,0311,Gift of Jacob H. Schiff,Brunner & Tyron,Manhattan,Fountain,10002,Arnold,,Bronze,,1.0,,Department of Parks and Recreation
,True,1709,,,Grandy,,"world war i, world war ii, korean war, vietnam war, war",ERECTED BY / THE CITIZENS OF / LAUREL HILL / IN MEMORY OF / THOSE WHO DIED IN / THE WORLD WAR / I - II / KOREA AND VIETNAM /,-73.918979,NY,,Gift of Citizens of Laurel Hill,,Queens,"Flagstaff Base, Plaque",11378,,,Granite,,,,Department of Parks and Recreation
,False,4174,,Chinese,,,"chinese, asian, east asian, viceroy, governor general, china, qing dynasty",LIN ZE XU / 1785-1850 / PIONEER IN THE WAR / AGAINST DRUGS /,-73.998160,NY,0117,Gift of Lin Ze Xu Foundation U.S.A.,,Manhattan,Statue,10038,Li,,Bronze,,100.0,Lin Zexu Foundation of U.S.A.,Department of Transportation
,False,1124,,,,,"world war i, spanish-american war, world war ii, korean war, vietnam war, war","Plaque (front, east): DEDICATED / TO THE SONS OF MORRIS PARK AND / VICINITY WHO SERVED IN THE / WORLD WAR -1917-18 AND IN LOVING / REMEMBRANCE OF THE FOLLOWING / MEN WHO MADE THE SUPREME SACRIFICE / (NAMES OF 70 WAR DEAD)/ Plaque (rear, west): (EAGLE) / V.F.W. SEAL / WITH UNDYING LOVE / AND GRATITUDE / TO GIVE HOMAGE / TO ALL VETERANS / OF / THE SPANISH AMERICAN WAR / WORLD WAR I / WORLD WAR II / KOREAN CAMPAIGN/ VIET-NAM CAMPAIGN / LT. F.J. MC CONNELL, POST 229/ VETERANS OF FOREIGN WARS / OF THE UNITED STATES / DEDICATED, MAY 30, 1973 /",-73.827689,NY,9437,"Gift of Lt. F.J. McConnell Post No. 229, Gift of Veterans of Foreign Wars (plaque)",,Queens,"Plaque, Stele",11419,H.,,Bronze,,60.0,,Department of Parks and Recreation
,False,1224,,"German, American",,,"inventor, scientist, politician, public servant, journalist, american revolutionary war, colonial","Foundry mark: G. FISCHER BRONZE FOUNDRY, NEW YORK CITY Pedestal front: BENJAMIN / FRANKLIN / 1706-1790 / PRINTER --- PATRIOT / PHILOSOPHER / STATESMEN / PRESENTED BY / ALBERT DE GROOT / TO THE / PRESS AND PRINTERS / OF THE / CITY OF NEW YORK / UNVEILED / JANUARY 12, 1872",-74.005773,NY,0102,Gift of Albert DeGroot,Fisher and Bird,Manhattan,Statue,10037,Ernst,,Bronze,,1.0,"George Fischer & Brothers, New York City",Department of Parks and Recreation
,False,1859,,American,Embury II,George Richard,"animals, wpa",Signed: F.G.R. ROTH,-73.971356,NY,1111,Purchased with T.E.R.A. Funds,,Manhattan,Bas-Relief,10019,Frederick,,Limestone,,1.0,,Department of Parks and Recreation
,False,2648,,American,,,"war, veterans","(INSCRIPTION ON MEMORIAL) IN MEMORY OF THOSE WHO MADE THE SUPREME SACRIFICE IN DEFENSE OF THEIR COUNTRY (ON PLAQUE) ERECTED BY/ THE MORRIS DICKSTEIN POST NO. 462/ VETERANS OF FOREIGN WARS/ OF THE UNITED STATES/ MAY 30, 1953/ DEDICATED TO OUR SERVICE MEN AND WOMEN ORIGINATING FROM THE LOWER EAST SIDE/ WHO SERVED OUR COUNTRY DURING/ WORLD WAR I..WORLD WAR II..KOREAN ACTION/ OUR NATION AND ALL FREE PEOPLES/ ARE PERPETUALLY IN THEIR DEBT/ GROUND DEDICATED BY HONORABLE HUGO E. ROGERS/ BOROUGH PRESIDENT, MANHATTAN 1946-1950.",-73.989996,NY,,Gift of The Morris Dickstein Post #462,"H.K. Peacock Memorials, Inc.",Manhattan,"Stele, Bas-Relief",10002,Joseph,,Bronze,,,,Department of Parks and Recreation
,True,,,,,,"world war ii, war","IN MEMORY OF / THE RESIDENTS OF ANNADALE / WHO GAVE THEIR LIVES / IN WORLD WAR II / WALTER BERNERT --- JAMES JOHNSON / RICHARD G. BLANKE --- PAUL R. LAGNO / JOHN DALLAND, SR. --- ALF L. LARSEN / IGNATIUS J. EDELKRAUT --- HARRY MALONE / WILLIAM J. HUGHES --- ROBERT E. OST / PETER STORHAUG /---/ KOREAN WAR / THEODORE GEORGE /",-74.177710,NY,6226,Gift of the Beauvais-Hudson Post No. 126 of the American Legion,,Staten Island,Plaque,10312,,,Bronze,,69.0,,Department of Parks and Recreation
,False,1843,,"Brazilian, Latinx, Latin American",,Otavio Correia,"abolitionist, brazilian, politician, scientist, south american",Pedestal (front): ANDRADA / Medallion: ESTADOS UNIDOS DO BRASIL / 15 NOVEMBRO DE 1889 / Base (proper right): JOSE BONIFACIO DE ANDRADA E SILVA / 1763 --- 1838 / PATRIARCH OF THE INDEPENDENCE / OF BRAZIL / STATESMAN --- SCIENTIST --- AUTHOR / Base (proper left): THIS STATUE IS THE GIFT OF THE / UNITED STATES OF BRAZIL / TO THE / UNITED STATES OF AMERICA / 1953 / Integral plinth (proper left): RIO DE JANEIRO / C LIMA ESCULTOR --- 1954 / Integral plinth (rear): FUNDIÇÃO CAVINA. LTDA / RIO DE JANEIRO --- BRASIL --- 1954 /,-73.984665,NY,1257,Gift of Brazil,Clarke and Rapuano,Manhattan,Statue,10018,José,,Bronze,,2.0,"Fundição Cavina Ltda., Rio de Janeiro; Carbonic Engineering Co., 551 5th Avenue, New York, NY",Department of Parks and Recreation
,False,5888,,"Woman, Swedish",,,"architect, holocaust, humanitarian, christian, swedish, diplomat","Inscription 1: ON JANUARY 17, 1945 / RAOUL WALLENBERG / WAS DETAINED / AND IMPRISONED BY / THE SOVIET GOVERNMENT. / HIS FATE REMAINS / UNKNOWN. Inscription 2: …RAOUL WALLENBERG, / WITH EXTRAORDINARY / COURAGE AND WITH / TOTAL DISREGARD / FOR THE CONSTANT / DANGER TO HIMSELF, / SAVED THE LIVES / OF ALMOST / ONE HUNDRED THOUSAND / MEN, WOMEN, /AND CHILDREN…. / FROM THE 1981 / JOINT RESOLUTION OF CONGRESS, / MAKING / RAOUL WALLENBERG / AN HONORARY CITIZEN / OF THE UNITED STATES Inscription 3: ""I COULD NEVER / RETURN TO STOCKHOLM, / KNOWING THAT I HAD / FAILED TO DO / EVERYTHING / WITHIN HUMAN POWER / TO SAVE AS MANY / JEWS AS POSSIBLE"" -RAOUL WALLENBERG Inscription 4:DISPLAYING GREAT / DARING AND INGENUITY, / RAOUL WALLENBERG / SAVED THE LIVES / OF COUNTLESS / HUNGARIAN JEWS / BY PLACING THEM / UNDER THE PROTECTION OF / THE SWEDISH GOVERNMENT Inscription 5: DEDICATED TO / RAOUL WALLENBERG / A SWEDISH DIPLOMAT / BORN IN 1912, / WHO WAS STATIONED / IN BUDAPEST, HUNGARY / 1944-45",-73.967658,NY,,Gift of Marcus Storch and family (in memory of Hillel Storch),"Abel, Bainnson, Butz",Manhattan,Sculpture,10017,Gustav,,"Diabase, Ceramic, Basalt",,,"Bermans Bronze Foundry, Stockholm, Sweden (attaché case)",Department of Parks and Recreation
,False,,,,,,"prisoners of war, pow, veterans, war",THE FREEDOM TREE / WITH THE VISION OF UNIVERSAL FREEDOM / FOR ALL MANKIND / THIS TREE IS DEDICATED TO / THE MEN OF NEW YORK STATE / AND ALL / PRISONERS OF WAR / AND / MISSING IN ACTION / 1973,-74.007421,NY,0122,,,Manhattan,"Plaque, Plinth",10038,,,Bronze,,1.0,,Department of Parks and Recreation
,True,177,,American,Embury II,George Richard,"animals, wpa, bathhouse",,-73.898056,NY,2941,Purchased with Works Progress Administration Funds,,Bronx,Bas-Relief Roundel,10457,Frederick,,Stone,,1.0,,Department of Parks and Recreation
,False,,,American,,George Richard,"animals, wpa",,-73.971222,NY,1111,Purchased with Works Progress Administration Funds,,Manhattan,Statue,10019,Frederick,,Bronze,,1.0,,Department of Parks and Recreation
,False,403,,American,,Louis,"women, suffragists, fountain , woman","ERECTED / BY THE / WOMAN'S HEALTH / PROTECTIVE / ASSOCIATION / OF NEW YORK CITY / TO COMMEMORATE / ITS TWENTY FIFTH / YEAR OF ACTIVITY / ON BEHALF OF / THE PUBLIC HEALTH / 1884---1909 / MARY E. TRAUTMANN, PRESIDENT / ESTHER HERRMAN - FRANCES STIEBEL / HELENE S. BELL - ANNA C. HOLT /",-73.966003,NY,1897,Gift of Woman's Health Protective Association,,Manhattan,"Stele, Exedra, Fountain",10027,Bruno,,Marble,,1.0,,Department of Parks and Recreation
,False,3375,,American,,,"1964-65 world's fair, flight, transit",FORMS IN TRANSIT. THE IDEA FOR THE SCULPTURE / EMERGED FROM VARIOUS FORMS IN MOTION HAVING / THEIR COMBINED ORIGIN BOTH IN NATURE AS WELL AS / IN MAN MADE OBJECTS. THE BAS-RELIEFS ILLLUSTRATE / EVOLUTIONARY SEQUENCE OF MOVEMENT FROM A SINGLE / FIRST STEP TO THE COSMIC SPEED OF A METEOR / THEODORE ROSZAK SC. 1964,-73.851411,NY,2018,Commissioned for the New York World's Fair,,Queens,Sculpture,11368,Theodore,,"Sheet Metal, Tube Metal",,1.0,,Department of Parks and Recreation
,False,2336,,German,,,"animals, eagle",,-73.879794,NY,3120,Gift of artist,,Bronx,Statue,10460,C. paul,,Bronze,,20.0,,Department of Parks and Recreation
,False,1168,,"German, American",,Alexander,"journalist, politician, judge","Front: WILLIAM JAY / GAYNOR / MAYOR OF / NEW YORK CITY / 1910 - 1913 / Back: WILLIAM JAY GAYNOR / LAWYER JURIST EXECUTIVE / DEFENDER OF CIVIL LIBERTIES / BORN ORISKANY, NY FEBRUARY 23, 1851, DIED / SEPTEMBER 10, 1913, JUSTICE OF THE SUPREME / COURT OF THE STATE OF NEW YORK 1894 TO / 1900 MAYOR OF NEW YORK CITY 1910 TO 1913 / ""OURS IS A GOVERNMENT OF LAWS NOT OF MEN"" /",-73.990533,NY,0058,Gift of The Gaynor Memorial Association,,Brooklyn,"Bust, Pedestal, Stele",11201,Adolph,,Bronze,,50.0,"American Art Foundry, New York",Department of Parks and Recreation
,,,,,,,politician,"AT THIS PLACE 24 MARCH 1900 / HON. ROBERT A. VAN WYCK / MADE THE FIRST EXCAVATION FOR THE / UNDERGROUND RAILWAY / RAPID TRANSIT COMMISSION / ALEXANDER E. ORR, PRESIDENT --- CHARLES STEWART SMITH / JOHN H. STARIN --- MORRIS K. JESUP / WOODBURY LANGDON --- ROBERT A. VAN WYCK, MAYOR / GEORGE L. RIVES --- BIRD S. COLER, COMPTROLLER / WM. BARCLAY PARSONS / CHIEF ENGINEER / CONTRACTORS / JOHN B. MCDONALD / RAPID TRANSIT SUBWAY CONSTRUCTION CO / AUGUST BELMONT / PRESIDENT",-74.00618,NY,0122,Gift of a Private Donor,,Manhattan,Tablet,10038,,,Bronze,,1.0,,Department of Parks and Recreation
,False,446,,American,,,"german, singer",CARL MARIA VON WEBER / PRESENTED TO THE BOROUGH / OF BROOKLYN / BY THE / UNITED GERMAN SINGERS /-/ 1ST PRIZE AT THE / 22ND NATIONAL SAENGERFEST / HELD AT NEW YORK / JUNE 22ND 1907,-73.964294,NY,1117,Gift of United German Singers of Brooklyn,,Brooklyn,"Bust, Pedestal",11226,Chester,,Bronze,,1.0,,Department of Parks and Recreation
,False,1177,,French,,,"animals, eagle",PRESENTED BY / G. W. BURNHAM / MDCCCLXIII,-73.972532,NY,1111,Gift of Gordon Webster Burnham,,Manhattan,Statue,10019,Christophe,,Bronze,,1.0,,Department of Parks and Recreation
,False,126,,"Austrian, American",,,"military, equestrian, immigrant, american civil war, war, veteran, german american",,-73.970083,NY,,Gift of Sigel Monument Association,,Manhattan,Statue,10025,Karl,Bosworth,Bronze,,,,Department of Parks and Recreation
,False,4669,,"Mexican, American, Latinx, Latin American",,,"african american, black american, black history, musician","EDWARD KENNEDY “DUKE” ELLINGTON/ 1899-1974/ ORCHESTRA LEADER, PIANIST, COMPOSER/ A GIFT TO THE CITY OF NEW YORK/ FROM/ BOBBY SHORT, FOUNDER/ THE DUKE ELLINGTON MEMORIAL FUND/ AND THOUSANDS OF/ ELLINGTON FANS AROUND THE WORLD/ DEDICATED JULY 1, 1997",-73.949346,NY,1111,Gift of the Duke Ellington Memorial Fund,,Manhattan,Statue,10029,Robert,,Bronze,,1.0,Artworks Foundr,Department of Parks and Recreation
,False,,,,,,"president of the united states, american revolutionary war, war, colonial","GEN. GEORGE WASHINGTON / TRAVELED THIS ROAD ON HIS TOUR / OF LONG ISLAND APRIL 24TH, 1790 / TO COMMEMMORATE THAT EVENT, THE / MATINECOCK CHAPTER OF / THE DAUGHTERS OF THE AMERICAN REVOLUTION / OF FLUSHING, NEW YORK HAVE SET THIS MARKER / MAY 25TH, 1934",-73.745437,NY,7720,"Gift of Daughters of the American Revolution, Matinecock Chapter",,Queens,"Plaque, Boulder",11364,,,Bronze,,100.0,,Department of Parks and Recreation
,False,"912, 1611",,American,White,William,"american civil war , war",F[']ICK MACMONNIES / SCULP 1900 / LEBLANC-BARBEDIENNE / PARIS,-73.970006,NY,,Commissioned by The City of Brooklyn,,Brooklyn,Relief,11238,Frederick,,Bronze,,,LeBlanc Barbedienne,Department of Parks and Recreation
,False,1049,,American,,,philanthropist,THIS TABLET IS ERECTED / BY / THE CITY OF NEW YORK / IN HONOR OF / DR. LOUIS A. DREYFUS / AND HIS WIFE / BERTA E. DREYFUS / WHO DEEDED THIS LAND AS A PARK TO / THE CITY OF NEW YORK / TO PERPETUATE THE MEMORY OF THE / HEROES OF STATEN ISLAND / WHO MADE THE SUPREME SACRIFICE / IN THE WORLD WAR. /---/ A.D. 1920. /,-74.087585,NY,0588,Commissioned by The City of New York,,Staten Island,Plaque,10301,Francis,,Bronze,,40.0,,Department of Parks and Recreation
,False,"1062, 1183, 2994",Morris,American,Hunt,Quincy Adams,"american civil war, soldier, veterans, war","Front: THE SEVENTH REGIMENT MEMORIAL / OF / 1861-1865 Side: IN HONOR OF THE MEMBERS / OF THE / SEVENTH REGIMENT/ N.G.S.N.Y., FIFTY EIGHT IN NUMBER / WHO GAVE THEIR LIVES / IN / DEFENCE OF THE UNION / 1861-1865 Rear: ERECTED / BY THE/ SEVENTH REGIMENT / NATIONAL GUARD S.N.Y. / 1873",-73.976472,NY,1111,"Gift of 7th Regiment National Guard, State of New York",,Manhattan,Statue,10023,John,,Bronze,,1.0,"R. Wood & Co., Phila",Department of Parks and Recreation
,False,"85, 1947, 2573, 4020",,American,,Edwin,"mayor, governor","Pedestal front, top: ABRAHAM DE PEYSTER/ 1685 ALDERMAN, 1691-95 MAYOR, 1701 COMPTROLLER,/ AND 1708 RECEIVER GENERAL OF THE PORT OF NEW YORK;/ 1698 MEMBER OF EARL BELLOMONT'S COUNCIL / 1698 ASSOCIATE JUDGE OF THE SUPREME COURT / 1700 COLONEL COMMANDING REGIMENT OF MILITIA OR CITY TRAINED BANDS/ 1701 CHIEF JUSTICE; 1701-PRESIDENT OF THE KINGS COUNCIL AND THUS/ ACTING GOVERNOR OF THE PROVINCE OF NEW YORK./ 1706-1721 TREASURER OF THE PROVINCES OF NEW YORK AND NEW JERSEY. / BORN 8TH JULY, 1657 -- DIED 2ND AUG 1728./ JOHANNES, COL. ABRAHAM DE PEYSTER'S FATHER/ WAS BURGOMASTER 1673, ALDERMAN 1666-69, 1673-76,/ AND DEPUTY MAYOR, N.Y. 1677./ JOHANNES, JR. HIS SON, ALDERMAN, 1700-1-10, MAYOR 1698. Pedestal front, bottom: ERECTED BY/ JOHN WATTS DE PEYSTER,/ 7TH GENERATION IN DIRECT DECENT/ RESIDENT OF, AND 6TH BORN IN/ 1ST WARD, CITY OF NEW YORK. Sculpture, base: GEO E BISSELL, SCULPTOR, 1896 Self base, lower left: ""E GRUET JNE FONDEUR PARIS",-74.002788,NY,0168,Gift of John Watts De Peyster,,Manhattan,Statue,10013,George,,Bronze,,1.0,E. Gruet Jne. Fondeur,Department of Parks and Recreation
,False,4719,,,,,"veterans, world war i, world war ii, war","Front: GRAVESEND VETERANS MEMORIAL / IN HONOR OF THOSE WHO / SERVED IN THE ARMED FORCES / OF THE UNITED STATES OF AMERICA / TO PRESERVE LIFE, LIBERTY / AND THE PURSUIT OF HAPPINESS. Rear: GRAVESEND WAS FOUNDED IN 1643 / BY LADY DEBORAH MOODY / WHO NAMED THIS COMMUNITY / AFTER HER HOME TOWN GRAVESEND / ENGLAND, FOUNDED ON THE PRECEPTS OF / RELIGIOUS FREEDOM, GRAVESEND / WHICH MEANS / AT THE END OF THE GROVE / DERIVES ITS NAME FROM / TWO SAXON WORDS / ""GRAFES ENDE""",73.974472,NY,7123,Gift of the Gravesend Chamber of Commerce Inc.,,Brooklyn,Stele,11223,,,Granite,,2.0,,Department of Parks and Recreation
,False,3943,,British,Butter,,"astronomy, sundial",,-73.962126,NY,,Gift of Hugh Trumbull Adams,Levine & Blumberg,Manhattan,"Sundial, Sculpture",10022,Albert,,Bronze,,,,Department of Parks and Recreation
,False,,,,,,american revolutionary war,1776 --- HUDSON FULTON CELBRATION COMMISSION --- 1909 / ON THIS HILL-TOP STOOD FORT TRYON / THE NORTHERN OUT-WORK OF / FORT WASHINGTON. / ITS GALLLANT DEFENSE AGAINST / THE HESSIAN TROOPS / BY / THE MARYLAND AND VIRGINIA REGIMENT/ 16 NOVEMBER 1776 / WAS SHARED BY / MARGARET CORBIN / THE FIRST AMERICAN WOMAN / TO TAKE A SOLDIER'S PART / IN THE WAR FOR LIBERTY / --- / ERECTED UNDER THE AUSPICES OF / THE AMERICAN SCENIC AND HISTORIC / PRESERVATION SOCIETY / THROUGH THE GENEROSITY OF / C.K.G. BILLINGS,-73.932586,NY,2179,Gift of C.K.G. Billings and the American Scenic and Historic Preservation Society,,Manhattan,Stele,10040,,,Bronze,,625.0,J & R Lamb Co.,Department of Parks and Recreation
,False,5296,,French,,Auguste,"american revolutionary war, colonial, french, president of the united states, war",Plaque: LAFAYETTE WASHINGTON / PRESENTED TO THE CITY OF NEW YORK / BY/CHARLES B. ROUSS / APRIL NINETEENTH NINETEENHUNDRED,-73.958000,NY,1849,Gift of Charles Broadway Rouss,,Manhattan,Statue,10026,Frederic,,Bronze,,1.0,,Department of Parks and Recreation
,False,1371,,,,,"norwegian, world war ii, war","Large boulder (south):DEDICATED IN THE YEAR 1982 / TO THE PEOPLE OF THE UNITED STATES OF AMERICA / BY WAR VETERANS OF / THE NORWEGIAN MERCHANT MARINE / AND THE ROYAL NORWEGIAN NAVY / IN MEMORY OF HELP AND HOSPITALITY / SHOWN DURING OUR MUTUAL STRUGGLE / FOR FREEDOM AND PEACE / IN WORLD WAR II / Large boulder (north): THESE BOULDERS WERE BROUGHT HERE / FROM THE COAST OF NORWAY / -- WHERE FORCES OF NATURE HAVE WORN / AND SHAPED THEM FOR THOUSANDS OF YEARS / Granite marker: IN WORLD WAR II 1100 / NORWEGIAN SHIPS SERVED THE / ALLIED CAUSE BY HAULING SUPPLIES / BETWEEN U.S. PORTS AND THE WAR / THEATERS ABROAD. / A SIZEABLE PART OF THE ALLIED / FORCES WERE SUPPLIED BY SHIPS / FLYING THE NORWEGIAN FLAG. / MORE THAN 30,000 SAILORS / AND NAVAL GUNNERS MANNED THE SHIPS. / MANY OF THEM LOOKED TO / NEW YORK, THE PRINCIPAL PORT OF / CALL, AS THEIR HOME PORT DURING / THE WAR. / THE LOSSES WERE HEAVY / 570 SHIPS AND 4000 SAILORS. /",-74.017333,NY,0003,Gift of Norwegian War Veterans,,Manhattan,Plaque,10004,,,Granite,,1.0,,Department of Parks and Recreation
,True,5009,,Polish,,,"public servant, politician, judge","HON. HAROLD W. COHN / 1913-1974 / STATE ASSEMBLYMAN 1958-1969 / CIVIL AND ACTING / SUPREME COURT JUDGE 1969-1974 / A GREAT HUMANITARIAN / RESPONSIBLE FOR THE / BETTERMENT OF THE / QUALITY OF LIFE / FOR THE CITIZENS OF / WILLIAMSBURG / GREENPOINT / FORT GREENE / OCTOVBER 28, 1992 /",-73.964583,NY,,Gift of Friends of Cohn Square,,Brooklyn,"Bas-Relief, Stele",11211,Stanislaw,,Bronze,,,Bedi-Makky Art Foundry Corp.,Department of Parks and Recreation
,False,1619,,"German, American",,Alexander,"allegorical, history, law, government",,-73.923397,NY,2468,Purchased with Works Progress Administration Funds,,Bronx,Sculpture,10451,Adolph,,Marble,,1.0,,Department of Citywide Administrative Services
,False,,,,,,"world war i, war",THIS GRANITE BOULDER / LEFT HERE DURING THE / GLACIAL PERIOD HAS BEEN / KNOWN FOR GENERATIONS AS / SUGAR LOAF ROCK / AND MARKS THE BOYHOOD / PLAYGROUND OF MANY / OF THE MEN / WHOSE GALLANT DEEDS / IT NOW COMMEMORATES,-74.087535,NY,0588,Gift of Dr. Louis and Berta E. Dreyfus,,Staten Island,Plaque,10301,,,Bronze,,40.0,,Department of Parks and Recreation
,False,6887,,"Woman, Spanish",,,"fountain, native american, indigenous, south american",,-73.938008,NY,,Commissioned through Department of Cultural Affairs Percent for Art Program,RBA Group,Manhattan,Fountain,10033,Ester,,"Cast Concrete, Ceramic Tile, Stainless Steel",,,,Department of Design and Construction; Department of Transportation
,False,1638,,,,,"american revolutionary war, colonial, war","HISTORIC MARKER OF BATTLE PASS / AT THIS POINT THE OLD PORTE ROAD OR VALLEY GROVE ROAD / INTERSECTED THE LINE OF HILLS SEPARATING FLATBUSH FROM / BROOKLYN AND GOWANUS. IN THE BATTLE OF LONG ISLAND, AUGUST 27, 1776, THIS PASS WAS BARRICADED IN FRONT BY DONGAN OAK / AND OTHER OBSTRUCTIONS. IT WAS PROTECTED BY ARTILLERY ON / REDOUT HILL JUST TO THE EAST. HERE THE AMERICAN FORCES / STOOD THEIR GROUND AGAINST THE HESSIANS COMING FROM THE / SOUTH TILL FLANKED FROM THE RIVER BY A BODY OF BRITISH TROOPS. / GENERAL SULLIVAN WAS CAPTURED, BUT MOST OF HIS TROOPS / RETREATED ACROSS WHAT IS NOW THE LONG MEADOW, JOINING / THE MARYLAND AND OTHER TROOPS FOR THE FINAL RESISTANCE / NEAR THE OLD STONE HOUSE OF GOWANUS. /",-73.967262,NY,1117,"Gift of Battle Pass Chapter, Daughters of the American Revolution",,Brooklyn,"Plaque, Boulder",11238,,,Bronze,,1.0,Pitbladdo Monument Works (original); U.S. Bronze (replacement),Department of Parks and Recreation
,False,,,,,,"korean war, war","IN MEMORY OF / ROBERT R. PELLICANE / BORN APRIL 10, 1924 / DIED MAY 3, 1950 / 1ST LIEUTENANT / 52ND FIGHTER WING / 1957",-73.7692791,NY,,,,Queens,Plaque,11423,,,Bronze,,,,Department of Parks and Recreation
,False,832,,American,,,"children, literary character, wpa",,-73.964475,NY,1117,Commissioned by The City of New York through The Temporary Emergency Relief Administration,,Brooklyn,Bas-Relief,11225,Emil,,Limestone,,1.0,,Department of Parks and Recreation
,False,1949,,American,,George Richard,"women, reformer, wpa, fountain, literary character, woman, journalist, child welfare",IN THE DEPTHS / OF DESPAIR MAY / I NEVER LOSE / HOPE/ 2. MAY I NEVER FAIL A FRIEND / NOR FIGHT A / FOE BUT FAIRLY/ 3. IN MEMORY OF / SOPHIE IRENE / LOEB / LOVER OF CHILDREN / A HOME FOR EVERY CHILD/ 4. SPARE ME / FROM JUDGING / HARSHLY 5 / HER GREATEST / WEALTH WAS HER / HEART OF GOLD LOEB WAS A NEWSPAPERWOMAN AND PROMINENT SOCIAL WORKER. SHE WAS THE FIRST PRESIDENT OF THE CHILD WELFARE BOARD OF NYC.,-73.965104,NY,1111,Gift of August Heckscher,Badgeley & Wood,Manhattan,Fountain,10021,Frederick,,Granite,,1.0,,Department of Parks and Recreation
,False,1096,,"French, German",,Wellington,"american civil war, war",,-73.788544,NY,9831,Gift of Soldiers and Sailors Memorial Association,,Queens,Statue,11432,Frederick,,Bronze,,50.0,,Department of Parks and Recreation
,False,2284,Morris,American,Hunt,Quincy Adams,"abolitionist, christian, philanthropist, politician, reformer, temperance movement",Sculpture: J Q A WARD / SCULPTOR / 1885 / Pedestal front: WILLIAM EARL DODGE Pedestal rear: ERECTED BY / VOLUNTARY SUBSCRIPTION / UNDER THE AUSPICES OF THE / CHAMBER OF COMMERCE / OF THE / STATE OF NEW YORK / 1885,-73.983287,NY,1257,Gift of the Chamber of Commerce of the State of New York,,Manhattan,Statue,10018,John,,Bronze,,2.0,"Henry-Bonnard Bronze Company, New York",Department of Parks and Recreation
,False,207,Russell,American,Pope,Earle,"equestrian, politician, president of the united states, governor",,-73.972829,NY,1130,Acquired by provision of the New York State Legislature,,Manhattan,Statue,10024,James,,Bronze,,1.0,,Department of Parks and Recreation
,True,889,E.,American,Davis,,"spanish-american war, war",TO THE BRAVE MEN / OF BRONX BOROUGH / WHO GAVE THEIR LIVES / FOR THEIR COUNTRY / IN THE WAR WITH SPAIN / THIS MEMORIAL / IS DEDICATED / A.D. 1919 / Plaque: IN MEMORIAM / U.S.S MAINE / DESTROYED IN HAVANA HARBOR / FEBRUARY 15TH 1898 / THIS TABLET IS CAST FROM METAL RECOVERED FROM THE U.S.S. MAINE,-73.927718,NY,2318,Gift of Public Subscription,,Bronx,"Column, Globe, Bas-Relief, Plaque",10454,Charles,,Bronze,,75.0,"Jno Williams Inc, NY (plaque with bas-relief)",Department of Parks and Recreation
,False,2267,,,,,"president of the united states, politician, public servant",IN MEMORY OF / JOHN FITZGERALD KENNEDY / 35TH PRESIDENT OF THE UNITED STATES / THIS TREE PLANTED ON DECEMBER 6TH 1963 / BY / ABE STARK / PRESIDENT OF THE BOROUGH OF BROOKLYN,-73.989860,NY,0139,Gift of the Brooklyn Borough President,,Brooklyn,Plaque,11201,,,Granite,,1.0,,Department of Parks and Recreation
,True,150,,American,,C.,allegorical,Rear of dolphin base: CARL TEFFT / SCULPTOR / ROMAN BRONZE WORKS NY 1905,-73.879170,NY,3272,Purchase,,Bronx,Ornamental Fountain,10458,Carl,,Bronze,,1.0,Roman Bronze Works,Department of Parks and Recreation
,False,4375,,"African American, Black American",,,abstract,"Base: ""When I was about four or five still wearing dresses, I lived with mother in a place called Brick Row - a lot of cement, rented rooms sort of like a motel. And right in the middle of that on Perdido Street was the Funky Butt Hall old, beat up. Big cracks in the wall. On Saturday nights, Mama couldn't find us because we wanted to hear that music. Before the dance the band would play out front about a half-hour. And us little kids would all do little dances.""",-73.861392,NY,1722,Commissioned through Department of Cultural Affairs Percent for Art Program,Dattner Architects,Queens,Sculpture,11368,Howard,,"Cast Iron, Welded Steel",,5.0,,Department of Parks and Recreation
,False,1807,,"Puerto Rican, American, Latinx, Latin American",,Luis,"tree, nature, seed, metamorphosis",,-73.938828,NY,1769,Commissioned through Department of Cultural Affairs Percent for Art Program,Housing Preservation and Development Open Spaces Program,Manhattan,Sculpture,10035,Jorge,,Painted Steel,,29.0,,Department of Parks and Recreation
,True,177,,American,Embury II,George Richard,"animals, wpa, bathhouse",,-73.898056,NY,2941,Purchased with Works Progress Administration Funds,,Bronx,Bas-Relief Roundel,10457,Frederick,,Stone,,1.0,,Department of Parks and Recreation
,False,1945,,,,,fountain,"THIS FOUNTAIN ORIGINALLY STOOD ON SITE OF OLD POST OFFICE. BEGUN IN 1842, COMPLETED JAN. 7, 1843. EMBELLISHED 1847. IT WAS REMOVED TO MADISON SQUARE PARK AND REDEDICATED JUNE 28, 1867.",-73.988297,NY,0852,,,Manhattan,Fountain,10010,,,Granite,,1.0,,Department of Parks and Recreation
,False,1348,,American,,George Richard,"animals, alaska","Integral plinth, front: BALTO Integral plinth, right: F.G.R. ROTH Integral plinth, rear: Founder's mark Plaque: DEDICATED TO THE INDOMITABLE SPIRIT OF / THE SLED DOGS / THAT RELAYED ANTI TOXIN SIX HUNDRED MILES OVER ROUGH ICE / ACROSS TREACHEROUS WATERS THROUGH ARCTIC BLIZZARDS FROM / NENNANA TO THE RELIEF OF STRICKEN NOME IN THE / WINTER OF 1925 /---/ ENDURANCE FIDELITY INTELLIGENCE Bas-relief on plaque: F.G.R. ROTH",-73.971013,NY,1111,"Gift of The ""Balto Monument Committee""",,Manhattan,Statue,10022,Frederick,,Bronze,,1.0,,Department of Parks and Recreation
,True,1396,,American,,,abstract,,-73.842834,NY,3984,Commissioned through Department of Cultural Affairs Percent for Art Program,,Bronx,Sculpture,10461,David,,Bronze,,100.0,"Art Foundry, Santa Fe, NM",Department of Parks and Recreation
,False,1947,,,,,"crime, victims, justice","THIS TREE IS DEDICATED IN / MEMORY AND RECOGNITION OF THE CITIZENS OF NEW YORK / WHO HAVE BEEN VICTIMS OF VIOLENT CRIMES / DEDICATED APRIL 24, 1991",-74.00553,NY,0122,Gift of the National Victim Center,Department of Parks and Recreation,Manhattan,Tablet,10007,,,Granite,,1.0,,Department of Parks and Recreation
,False,451,Van Buren,,Magonigle,,"animals, horses, firefighters",MAY 1927 / THIS TABLET IS DEDICATED / TO THE HORSES THAT SHARED / IN VALOR AND DEVOTION / AND WITH MIGHTY SPEED / BORE THE RESCUE. / --- / SUBSCRIBED /UNDER THE AUSPICES OF THE / AMERICAN SOCIETY / FOR THE PREVENTION / OF CRUELTY TO / ANIMALS.,-73.97328687,NY,1897,Gift of the American Society for the Prevention of Cruelty of Animals,,Manhattan,Tablet,10025,,,Bronze,,1.0,,Department of Parks and Recreation
,False,2580,,American,,,"entertainer, african american, black american, black history","BILL 'BOJANGLES' ROBINSON / BILL 'BOJANGLES' ROBINSON (1878-1949) WAS A WELL / KNOWN TAP DANCER FROM THE EARLY 1900's TO THE / LATE 1940's. HE PERFORMED IN THEATERS ON BROADWAY / AND THROUGHOUT THE UNITED STATES AND EUROPE, / AND STARRED IN SEVERAL HOLLYWOOD MADE MOVIES. / DANCE CRITICS REFER TO HIM AS THE ''MASTER / OF TAP DANCING."" / BILL ROBINSON RESIDED AT THE DUNBAR APARTMENTS / LOCATED ACROSS WEST 150TH STREET. IN 1934, HE / ARRANGED TO HAVE THE SITE DEVELOPED AS A PUBLIC / PLAYGROUND. THROUGHOUT HIS LIFE HE GAVE GENEROUS / DONATIONS TO AND MADE PERSONAL APPEARANCES / FOR CHARITY CAUSES IN HARLEM AND IN MANY UNITED / STATES CITIES.",-73.937285,NY,2036,Gift of the Office of the Mayor,,Manhattan,Mural,10039,,Adams,Aluminum,,25.0,,Department of Parks and Recreation
,False,4248,,,,,"world war i, world war ii, korean war, vietnam war, war, veterans","Panel 1: IN MEMORY OF / MATTHEW J. BUONO / BORN JUNE 28 1942 / DIED APRIL 4 1968 / PLEASE TAKE A MOMENT TO REMEMBER MATTHEW. / HE AND ALL OF AMERICA'S WAR DEAD GAVE THEIR LIVES / FOR THEIR COUNTRY, FOR FREEDOM AND FOR YOU. / NEVER FORGET. / Panel 2: KOREAN WAR / Panel 3: VIETNAM WAR / MATTHEW J. BUONO / Panel 4: WORLD WAR I /[list of 6 names] / Panel 5: WORLD WAR II / [list of 37 names] /",-74.063596,NY,2830,Commissioned by the Department of Parks and Recreation,Storch Associates,Staten Island,Fountain,10305,,,Granite,,150.0,,Department of Parks and Recreation
,False,6278,,"Italian, American",,,"italian americans, italy, italians, immigrant, immigration","Top inscription: INSPIRATIO PER EXEMPLUM - INSPIRATION THROUGH EXAMPLE / Far left section: THIS GARDEN HONORS THE LEGACY OF ITALIAN-AMERICAN / JOHN N. LACORTE (1910-1991) / Middle left section: JOHN LACORTE CHAMPIONED AWARENESS OF THE POSITIVE / ACHIEVEMENTS OF ITALIANS AND ITALIAN-AMERICANS. HIS EFFORTS / LED TO THE ESTABLISHMENT OF THE ITALIAN HISTORICAL SOCIETY OF AMERICA (1949), WHOSE MISSION IS TO PERPETUATE THE NAMES OF THOSE OF ITALIAN HERITAGE WHO HAVE CONTRIBUTED TO THE / ADVANCEMENT OF HUMANKIND. / Middle bottom section: THE VERRAZANO MEDALLION, THE WORK OF ARTIST ALBINO MANCA / (1898-1976), WAS ORIGINALLY COMMISSIONED TO COMMEMORATE THE / 1964 DEDICATION OF THE VERRAZANO-NARROWS BRIDGE, VANDALIZED / AND LOST FOR MANY YEARS, THE RESTORED MEDALLION HAS BEEN / INCORPORATED INTO THIS COMMEMORATIVE GARDEN. / Middle right section: AMONG THESE INDIVIDUALS WAS GIOVANNI DA VERRAZANO (1480-1528), / THE FIRST EUROPEAN TO SAIL THROUGH THESE NARROWS TO DISCOVER / UPPER NEW YORK BAY AND THE HUDSON RIVER IN 1524, EIGHTY-FIVE / YEARS PRIOR TO HENRY HUDSON'S ARRIVAL. THE DEDICATED EFFORT / OF JOHN LACORTE LED TO THE NAMING OF THIS MAGNIFICENT BRIDGE / AFTER THE GREAT ITALIAN EXPLORER / Far right section: THROUGHOUT HIS LIFE JOHN LACORTE WAS GUIDED BY THE PRINCIPLE / ""INSPIRATIO PER EXEMPLUM,"" WHICH BECAME THE MOTTO OF THE ITALIAN HISTORICAL SOCIETY OF AMERICA. / JULY 4TH, 2003 BROOKLYN, NEW YORK /",-74.033067,NY,6140,Gift of The Italian Historic Society,"Mark Sullivan, Sullivan Group Design LLC",Brooklyn,Memorial Wall,11209,Albino,,Bronze,,1.0,,Department of Parks and Recreation
,,4191,,,,,"maritime, mythology, roman mythology",,-74.100806,NY,0076,,John W. Fiske Iron Works (1892); Quennell Rothschild Associates (1994),Staten Island,Fountain,10301,,,Bronze,,200.0,,Department of Parks and Recreation
,False,"653, 1947, 6081",,American,White,William,"american revolutionary war, colonial, war, prisoner of war","Base (proper left): [signed] Frederick MacMonnies / Paris 1890 / Base (proper right): Jaboeuf & Bezout / Fondeurs à Paris Pedestal (front): NATHAN HALE. /---/ A CAPTAIN / IN THE REGULAR / ARMY / OF THE / UNITED STATES / WHO GAVE HIS LIFE / FOR HIS COUNTRY / IN THE CITY OF / NEW YORK / SEPT. 22nd / 1776. Bandeau: “I REGRET THAT I HAVE BUT ONE LIFE TO LOSE FOR MY COUNTRY” / Pedestal (rear, in field): EXECI MONUMENTUM AERE PERENNUS / Pedestal (rear): 1776 / 1883 / SONS OF THE REVOLUTION / Pedestal (outer band): ERECTED BY THE SONS OF THE REVOLUTION OF THE STATE OF / NEW YORK",-74.006386,NY,0122,Gift of Sons of the Revolution of New York State,,Manhattan,Statue,10007,Frederick,,Bronze,,1.0,,Department of Parks and Recreation
,False,883,,,Hastings,,"architect, artist",TO THE MEMORY OF / JOHN MERVEN CARRÉRE / 1858 --- 1911,-73.974424,NY,1897,Gifted by The Committee on Memorial to John Merven Carrere,Carrere & Hastings,Manhattan,Railing,10025,,,Granite,,1.0,,Department of Parks and Recreation
,False,1859,,American,Embury II,George Richard,"animals, wpa",Signed: F.G.R. ROTH,-73.971080,NY,1111,Purchased with T.E.R.A. Funds,,Manhattan,Bas-Relief,10019,Frederick,,Limestone,,1.0,,Department of Parks and Recreation
,False,1362,,,,,"world war i, war","WILLIAM F. MOORE MEMORIAL PARK / RECONSTRUCTED AND DEDICATED 1980 / IN MEMORIAM TO OUR BELOVED PRIVATE - USMC / 47TH COMPANY 3RD BATTALION 5TH REGIMENT / WHO SACRIFICED HIS LIFE IN COMBAT / BELLEAU WOODS, FRANCE - JUNE 7, 1918",-73.855417,NY,,,,Queens,Flagstaff Base,11368,,,,,,,Department of Parks and Recreation
,False,"1286, 1371",,,Bacon,,"belgian, colonial","PRESENTED TO THE CITY / OF NEW YORK BY THE / CONSEIL PROVINCIAL DU HAINAUT / IN MEMORY OF THE WALLOON SETTLERS / WHO CAME OVER TO AMERICA IN THE / ""NIEW NEDERLAND"" UNDER THE / INSPIRATION OF JESSE DE FOREST OF / AVESNES THEN COUNTY OF HAINAUT / ONE OF THEPROVINCES / --- / 1624 - 1924 /",-74.015667,NY,0003,Gift of the Conseil Provincial du Hainaut (Belgium),,Manhattan,Stele,10004,,,Limestone,,1.0,,Department of Parks and Recreation
,False,,,,,,"explorer, italian, colonialism","BUT FOR COLUMBUS THERE WOULD BE NO AMERICA / PRESIDENT FRANKLIN D. ROOSEVELT / ON THIS SITE / WILL BE ERECTED / A MONUMENT TO / CHRISTOPHER COLUMBUS / THIS TABLET DEDICATED / ON OCTOBER 12, 1937 / BY THE ITALIAN CHAMBER OF COMMERCE OF/ THE BOROUGH OF QUEENS & ALLIED SOCIETIES",-73.917662,NY,,Gift of Italian Chamber of Commerce of Queens,,Queens,Plaque,11102,,,Bronze,,,,Department of Parks and Recreation
,True,6181,,Chinese,,,"nature, gate",,-73.832310,NY,4975,,,Queens,Ornamental Gate,11354,Ming,,Bronze,,15.0,Bronze Arts Inc.,New York City Economic Development Corporation
,False,2287,,,,,"korean war, military, war","THE FOUR TREES / WEST OF THE CHAPLAINS ROW / ARE PLANTED / IN SACRED MEMORY OF / MEMBERS OF ALL / OUR ARMED FORCES / OF THE UNITED STATES / WHO MADE / THE SUPREME SACRIFICE / IN THE KOREAN WAR OF 1950 / IN THE DEFENSE OF FREEDOM / PRESENTED TO / THE CITY OF NEW YORK / OCTOBER 25, 1953 / BY DAUGHTERS OF THE DEFENDERS OF THE REPUBLIC, U.S.A. / AMANDA SHAW HIRSCH / FOUNDER, PRESIDENT GENERAL",-73.963571,NY,1897,Gift of the Daughters of the Defenders of the Republic,,Manhattan,Plaque,10027,,,Bronze,,1.0,,Department of Parks and Recreation
,False,320,,,Embury II,,"world war i, war, astronomer, soldier, armed forces, veteran, czech","IN MEMORY OF / GENERAL MILAN R. STEFANIK / ASTRONOMER - SOLIDER / CZECHO-SLOVAK PATRIOT / BORN JULY 31, 1880 / DIED MAY 4, 1919 / DEDICATED BY / SLOVAK WELFARE CLUB (TATRA) / MAY 3, 1942 /",-73.982905,NY,0403,Gifted by the Slovak Welfare Club,,Manhattan,"Plaque, Plinth",10009,,,Bronze,,1.0,,Department of Parks and Recreation
,False,546,,"Woman, American",,Whitney,children,,-73.965397,NY,1183,Gift of Mrs. Walter V. Cranford,,Brooklyn,Statue,11238,Harriet,,Bronze,,1.0,American Art Foundry N.Y.,Brooklyn Botanic Garden
,False,832,,"Hungarian, American",,Hunt,"children, literary character, wpa",,-73.964445,NY,1117,Commissioned by The City of New York through The Temporary Emergency Relief Administration,,Brooklyn,Bas-Relief,11225,William,,Limestone,,1.0,,Department of Parks and Recreation
,False,6352,,"African American, Black American, Woman",,,"abstract, african american, black american, black history",,-73.925421,NY,1356,Commissioned through Department of Cultural Affairs Percent for Art Program,Jefferson Architects,Brooklyn,Sculpture,11213,Chakaia,,"Rubber Tires, Stainless Steel",,50.0,,Department of Design and Construction
,False,1400,,"American, Irish, French",,,"korean war, war, veterans",Front: THE KOREAN WAR / 1950-1953 / THE FORGOTTEN WAR / Rear: IN REMEMBRANCE OF THOSE FROM QUEENS / WHO GAVE THEIR LIVES / IN THE KOREAN WAR /,-73.809556,NY,5509,Gift of Korean War Veterans Memorial Committee,,Queens,Statue,11355,William,Zilianti,Bronze,,301.0,Polich/Tallix,Department of Parks and Recreation
,False,4329,,,,,"engineering, museum","THE ROTUNDA / A SMALL DOMED ROMAN-STYLE BUILDING NAMED FOR THE ROTUNDA / STOOD ON THIS SITE, 1818-1870. IT WAS THE CITY'S FIRST ART / MUSEUM AND WAS ERECTED TO DISPLAY PANORAMAS PAINTED / BY THE ARTIST, JOHN VANDERLYN. AT TIMES THE STRUCTURE / HOUSED A POST OFFICE, COURTS AND VARIOUS CITY AGENCIES. / --- / ON NOVEMBER 5, 1852 IN THE OFFICES OF THE CROTON / AQUEDUCT DEPARTMENT, THE AMERICAN SOCIETY OF CIVIL / ENGINEERS WAS FOUNDED. THE SOCIETY IS THE OLDEST / NATIONAL ASSOCIATION OF ENGINEERS IN THE UNITED STATES. / --- / THIS MARKER DONATED TO THE CITY OF NEW YORK BY THE SOCIETY MAY 1981. /",-74.004622,NY,0122,Gift of the American Society of Civil Engineers,American Society of Civil Engineers and J.J. Kasmer Co.,Manhattan,"Plaque, Plinth",10007,,,Bronze,,1.0,,Department of Parks and Recreation
,False,3964,,,,,"lgbtq+, stonewall inn, gay liberation, gay rights",IN MEMORY OF GENE FARMER / 1919-1972 / WHO PROMOTED THE IDEA OF THIS PARK,-74.079775,NY,0021,"Gift of Plan Our Park Committee of St. George, Inc.",,Staten Island,Plaque,10301,,,Granite,,1.0,,Department of Parks and Recreation
,False,2051,,,Embury II,,"politician, world war i, war, public servant",IN MEMORIAM / W. ARTHVR / CVNNINGHAM / CITY COMPTROLLER / 1894 --- 1934 /,-73.774314,NY,7300,,,Queens,"Flagstaff Base, Plaque",11366,,,Bronze,,1.0,,Department of Parks and Recreation
,False,1929,,,,,abstract,,-73.942036,NY,2139,Commissioned by the Public Arts Council and Neighborhood Action Council,,Manhattan,Sculpture,10033,Terry,,Aluminum,,404.0,,Department of Parks and Recreation
,False,3911,,American,,B.,"author, irish, poet, author",Pedestal: MOORE,-73.973253,NY,1111,Gift of the Friendly Sons of St. Patrick Society,,Manhattan,Bust,10019,Dennis,,Bronze,,1.0,Geo. Fischer & Bros,Department of Parks and Recreation
,False,1045,Greene,"Italian, American",Pollard,,"allegorical, world war i, doughboy","1) pedestal, front: ""TO THE MEMORY / OF THE / BUSHWICK-RIDGEWOOD / BOYS WHO SERVED / IN THE WORLD WAR / 1917-1918"" 2) tablet: ""NOV. / 11 / 1920""",-73.917917,NY,3299,Gift of Bushwick-Ridgewood Citizens,,Brooklyn,Statue,11237,Pietro,,Bronze,,1.0,,Department of Parks and Recreation
Barber,False,1403,,"German, American",Hastings,Alexander,"bust, mayor, politician, public servant,","IN MEMORY OF /JOHN PURROY MITCHEL / MAYOR OF THE / CITY OF NEW YORK / 1914-1918 / BORN JULY 19, 1879 / DIED IN THE / SERVICE OF THE / UNITED STATES / JULY 1918 /",-73.959212,NY,1111,Gifted by The Mitchel Memorial Committee,Carrere & Hastings,Manhattan,"Stele, Ornamental Wall, Bust",10128,Adolph,,Bronze,,1.0,,Department of Parks and Recreation
,False,,,American,Embury II,George Richard,"animals, wpa",Signed: F.G.R. ROTH,-73.972196,NY,1111,Purchased with T.E.R.A. Funds,,Manhattan,Bas-Relief,10019,Frederick,,Limestone,,1.0,,Department of Parks and Recreation
,True,,,,,,"explorer, english",HENRY / HUDSON / MEMORIAL / PARK,-73.918097,NY,5740,,,Bronx,Plaque,10463,,,Bronze,,343.0,,Department of Parks and Recreation
,False,4196,,"Woman, American",,,animals,,-74.115126,NY,0314,Commissioned through Department of Cultural Affairs Percent for Art Program,"Janiga, Coe & Lee",Staten Island,Mosaic,10310,Amanda,,Ceramic Tile,,70.0,,Department of General Services
,False,1371,,American,,Chester,"military, spanish-american war, war","Obverse of medal at top of plaque: THE GIFT / OF THE / PEOPLE OF THE / UNITED STATES / TO THE OFFICERS / AND MEN OF THE / ASIATIC SQUADRON / UNDER THE COMMAND / OF COMMODORE GEORGE DEWEY / --- / D.C. FRENCH 1898 Reverse of medal at top of plaque: IN MEMORY OF THE VICTORY OF MANILA BAY / MAY 1 1898 / U.S.S. OLYMPIA Main text on plaque: THIS MONUMENT ERECTED ON / ADMIRAL GEORGE DEWEY / PROMENADE / TO COMMEMORATE THE / 75TH ANNIVERSARY OF / THE BATTLE OF MANILA BAY / MAY 1, 1898 / UNITED SPANISH WAR VETERANS / NAVAL ACADEMY ASSOCIATION OF NEW YORK / SONS OF THE REVOLUTION IN THE STATE OF NEW YORK / SONS OF THE AMERICAN REVOLUTION, NEW YORK CHAPTER / NAVAL ORDER OF THE UNITED STATES / NAVY LEAGUE OF THE UNITED STATES - NEW YORK COUNCIL / NEW YORK STATE SOCIETY OF THE CINCINNATI / UNITED STATES NAVAL INSTITUTE / THE MILITARY CHAPLAINS ASSOCIATION OF THE / UNITED STATES OF AMERICA / RESERVE OFFICERS ASSOCIATION OF THE UNITED STATES / NAVAL RESERVE ASSOCIATION / ROBERT L. HAGUE POST, AMERICAN LEGION / CATHOLIC WAR VETERANS, DEPARTMENT OF NEW YORK / THE SEAMEN'S BANK FOR SAVINGS / PHILIPPINE AMERICAN CHAMBER OF COMMERCE / NEW YORK CITY NATIONAL SHRINES ASSOCIATES / NAVAL HISTORICAL FOUNDATION / BATTERY CASTLE CLINTON MONUMENT ASSOCIATES / SPONSORS / MAY 1, 1973",-74.016988,NY,0003,Gift of The Admiral George Dewey Memorial Committee,,Manhattan,Plaque,10004,Daniel,,Bronze,,1.0,"U.S. Bronze Sign Company, NY",Department of Parks and Recreation
,False,4191,,"American, Woman",,,abstract,SEENA DONNESON,-74.103338,NY,0076,Gift of the Grow-Kiewit - MK Tunneling Corporation,,Staten Island,Sculpture,10301,Seena,,Concrete,,1.0,,Department of Parks and Recreation
,False,,,British,Becker Finney,,"map, new amsterdam, colonial",,-74.013434,NY,0003,,,Manhattan,Sculpture,10004,Simon,,Bronze,,1.0,"Laran Bronze, Chester, PA",Department of Parks and Recreation
,False,1371,,American,,Millet,"world war ii, war, maritime",IN MEMORY OF THE MEN AND WOMEN / OF THE UNITED STATES COAST GUARD / WHO SERVED THEIR COUNTRY / IN WORLD WAR II A.D. 1941-1945,-74.013000,NY,0003,Gift of Coast Guard World War II Memorial Fund,,Manhattan,Statue,10004,Norman,,Bronze,,1.0,"Capital Products Inc., Long Island City",Department of Parks and Recreation
,False,4745,,American,,,"firefighters, fire station",,-73.915688,NY,2377,Purchase,Stephen Kagel & Associates,Bronx,Relief,10455,David,,Aluminum,,1.0,,Department of General Services
,False,6437,,"Woman, American",,,"abstract, fountain",,-74.006093,NY,0220,Funded by the Paul Milstein Foundation,,Manhattan,Fountain,10013,Elyn,Wittwer-Laird,Granite,,8.0,,Department of Parks and Recreation
,False,726,,,,,merchant,THESE TREES / HONOR THE MEMORY OF / ROBERT SKIRVING PIRIE / BORN ILLINOIS 1904 / DIED WYOMING 1946 /,-73.967054,NY,1111,Gift of Mrs. S.S. Spivak,General Bronze Corporation,Manhattan,"Plaque, Plinth",10021,,,Bronze,,1.0,,Department of Parks and Recreation
,False,1817,,German,,,"author, bust, german, playwright, poet, author",GOETHE / 1749-1832 / --- / ERECTED 1932 / BY THE / GOETHE SOCIETY / OF AMERICA /,-73.983801,NY,1257,Gift of Goethe Society of America,,Manhattan,"Bust, Pedestal",10018,Karl,,Bronze,,2.0,,Department of Parks and Recreation
,False,451,Van Buren,"Italian, American",Magonigle,,firefighters,TO THE MEN OF THE FIRE DEPARTMENT / OF THE CITY OF NEW YORK / WHO DIED AT THE CALL OF DUTY / SOLDIERS IN A WAR THAT NEVER ENDS / THIS MEMORIAL IS DEDICATED / BY THE PEOPLE OF A GRATEFUL CITY / ERECTED MCMXII,-73.973353,NY,1897,Gift of Public Subscription and commissioned by the City of New York,,Manhattan,"Sarcophagus, Statues, Bas-Relief",10025,Attilio,,Bronze,,1.0,,Department of Parks and Recreation
,True,,,American,,G.,"governor, politician","DANIEL D. TOMPKINS / 1774-1825 / GOVERNOR OF THE STATE OF NEW YORK 1807-1817 / VICE-PRESIDENT OF THE UNITED STATES 1817-1825 / AND A RESIDENT OF STATEN ISLAND. / AMONG MANY MERITORIOUS ACTS HE AIDED THE / PASSAGE OF THE LAW ABOLISHING SLAVERY WITHIN / THE STATE, ADDED TO THE FORTIFICATIONS AT THE / NARROWS DURING THE WAR OF 1812; FOUNDED THE / VILLAGE OF TOMPKINSVILLE; LAID OUT THE RICHMOND / TURNPIKE; GAVE THE LAND ON WHICH THE / DUTCH REFORM CHURCH WAS BUILT AND ESTABLISHED / THE FIRST STEAMBOAT FERRY FROM STATEN ISLAND. / IN 1824 HE AND DR. VAN PELT ENTERTAINED / GENERAL LAFAYETTE ON STATEN ISLAND / ERECTED BY / RICHMOND BOROUGH / GEORGE WASHINGTON BICENTENNIAL COMMISSION / JUNE 21, 1932 /",-74.076197,NY,0497,Gift of the Richmond Borough George Washington Bicentennial Commission,,Staten Island,Plaque,10301,Allen,,Bronze,,50.0,,Department of Parks and Recreation
,True,1371,,,,,"colonial, artillery, cannon",THIS ANCIENT CANNON / WAS EXHUMED IN 1892 ON THE SITE OF / NO.55 BROADWAY ON THE CORNER OF EXCHANGE ALLEY / OR THE HIGHWAY LEADING TO THE / FORTIFICATION CALLED OYSTER PASTY 1695-1783 / PRESENTED TO THE CITY OF NEW YORK BY / WILLIAM HENRY MAIRS / PLACED HERE BY THE CHILDREN OF / THE CITY HISTORY CLUB / 1914,-74.014513,NY,0003,Gift of William Henry Mairs; Children of the City History Club,J.V. & R.V. Lamb,Manhattan,Artillery,10004,,,Granite,,1.0,,Department of Parks and Recreation
,False,5151,,"Woman, American",,,"abstract, assemblage, constructivism, justice",,-73.810721,NY,6797,Commissioned through Department of Cultural Affairs Percent for Art Program,Perkins Eastman,Queens,Sculpture,11365,Alice,,Steel,,40.0,,Department of Citywide Administrative Services
,False,1371,,,,,"italian, colonial, immigrant","IN HONOR OF / PETER CAESAR ALBERTI / FIRST ITALIAN TO ARRIVE IN NEW AMSTERDAM / JUNE 2, 1635 / --- / ALBERTI, A NATIVE OF VENICE, SETTLED NEAR / THE WALL STREET AREA OF MANHATTAN AND LATER / IN THE FORT GREENE SECTION OF BROOKLYN. / PRESENTED BY / THE ITALIAN HISTORICAL SOCIETY OF AMERICA / THE COLUMBUS CITIZENS FOUNDATION / THE CITY OF VENICE / THE ORIGINAL MARKER WAS PLACED IN THE BATTERY / JUNE 2, 1958 AS PART OF THE COMMEMORATION / OF NEW YORK STATE’S “YEAR OF HISTORY” /",-74.016200,NY,0003,"Gift of Italian Historical Society of America, the Columbus Citizens Foundation and the City of Venice",,Manhattan,Plaque,10004,,,Granite,,1.0,,Department of Parks and Recreation
,False,1177,,American,,Wilson Alexander,"poet, author",WILSON McDONALD / SCULPTOR / 1876 / FITZ GREENE HALLECK,-73.972133,NY,1111,Gift of Public Subscription,,Manhattan,Statue,10021,James,,Bronze,,1.0,,Department of Parks and Recreation
,False,5273,,,,,"world war i, world war ii, korean war, vietnam war, war, veterans","Center: MIDLAND BEACH VETERANS MEMORIAL / DEDICATED TO THOSE WHO / SERVED AND DIED / WORLD WAR I / CHARLES C. KRIDER / WORLD WAR II / JOSEPH ALOI / JOHN J. KOHM / JAMES J. MOLLOY / ANDREW T. OTT / CHARLES E. STEINIGER / Left: KOREA / JOHN J. CRAIG / PAUL E. PAKIDES, JR / Right: VIETNAM / LOUIS W. BELLACH, JR. / CHRISTOPHER W. MEAGHER / RAYMOND RODRIGUEZ / JOHN R. TAMBURRI, JR. /",-74.090111,NY,3879,Gift of the Midland Beach Community Center,,Staten Island,Stele,10305,,,Granite,,1.0,,Department of Parks and Recreation
,False,6544,,"African American, Black American, Woman",,,"sports, athletics, recreation",,-73.960188,NY,0006,Commissioned through Department of Cultural Affairs Percent for Art Program,,Queens,Sculpture,11101,Karyn,,"Steel, Concrete",,1.0,,New York City Economic Development Corporation
,False,124,,"American, Woman",Melniker,Rachel,"judge, lawyer",,-74.076245,NY,0007,Gift of the Paulo Foundation Committee,,Staten Island,Statue,10301,Amy,,Bronze,,12.0,,Department of Citywide Administrative Services
,False,1062,,"American, Veteran",,Morningstar,"veterans, world war i, war",SEVENTH REGIMENT NEW YORK / ONE HUNDRED AND SEVENTH UNITED INFANTRY / 1917 IN MEMORIAM 1918,-73.969558,NY,1111,Gift of 7th Regiment and 107th Infantry Memorial Committee,Rogers & Haneman,Manhattan,Statue,10065,Karl,,Bronze,,1.0,,Department of Parks and Recreation
,False,6601,,"Woman, American",,,"abolitionist, african american, black american, black history, underground railroad, woman","HARRIET TUBMAN MEMORIAL ALISON SAAR SWING LOW, 2007 PLAZA DESIGN IN COLLABORATION WITH QUENNELL ROTHSCHILD & PARTNERS LLP COMMISSIONED BY THE CITY OF NEW YORK MANHATTAN BOROUGH PRESIDENT'S OFFICE DEPARTMENT OF CULTURAL AFFAIRS PERCENT FOR ART PROGRAM DEPARTMENT OF PARKS & RECREATION DEPARTMENT OF TRANSPORTATION DEPARTMENT OF DESIGN AND CONSTRUCTION",-73.952802,NY,,Commissioned through Department of Cultural Affairs Percent for Art Program,Quennell Rothschild Partners,Manhattan,Sculpture,10027,Alison,,Bronze,,,"Decker Studios, North Hollywood, CA",Department of Parks and Recreation
,False,868,V.,"Woman, American",Van Pelt,Vaughn Hyatt,"women, equestrian, french, france, woman, saint, religious leader","(ON BASE, UPPER FRONT) JOAN OF ARC/ BORN AT DOMREMY FRANCE/ JANUARY 6, 1411/ BURNED AT THE STAKE IN ROUEN FRANCE/ MAY 30, 1431 (ON BASE, LOWER FRONT) ERECTED BY / THE JOAN OF ARC STATUE COMMITTEE/IN THE CITY OF NEW YORK 1915",-73.976556,NY,,Gift of The Joan of Arc Statue Committee,,Manhattan,Statue,10025,Anna,,Bronze,,,,Department of Parks and Recreation
,False,3256,,Italian,,,"explorer, italian, colonialism","Top: TO CHRISTOPHER COLUMBUS / THE ITALIANS RESIDENT IN AMERICA, / SCOFFED AT BEFORE, / DURING THE VOYAGE, MENACED, / AFTER IT, CHAINED, / AS GENEROUS AS OPPRESSED, / TO THE WORLD HE GAVE A WORLD. Bottom: JOY AND GLORY / NEVER UTTERED A MORE THRILLING CALL / THAT THAT WHICH RESOUNDED / FROM THE CONQUERED OCEAN / IN SIGHT OF THE FIRST AMERICAN ISLAND /LAND! LAND! / ON THE XII OF OCTOBER MDCCCXCII / THE FOURTH CENTENARY / OF THE DISCOVERY OF AMERICA / IN IMPERISHABLE REMEMBRANCE",-73.981900,NY,,"Gift of Italian Americans led by Carlo Barsotti, publisher of Il Progreso Italo Americano",,Manhattan,"Statue, Rostral Column",10019,Gaetano,,Bronze,,,"Nelli, Rome",Department of Parks and Recreation
,False,2739,,,,,architect,WASHINGTON A. ROEBLING / BUILDER OF THE / BROOKLYN BRIDGE / 1870-1883 / THE ENGINEERING / MIRACLE OF ITS DAY: / THE LONGEST SUSPENSION / BRIDGE IN THE WORLD / SOCIETY OF OLD BROOKLYNITES / 1973,-73.989889,NY,0139,Gift of Society of Old Brooklynites,,Brooklyn,"Stele, Bas-Relief",11201,S.,,Bronze,,1.0,"Bronze Arts & Crafts Co, Bkln",Department of Parks and Recreation
,True,3223,,,,,"world war i, world war ii, women, woman, war, healthcare, medical service",IN MEMORY OF MEMBERS OF / THE OVERSEAS SERVICE LEAGUE / WHO SERVED WITH THE RED CROSS / IN THE FIRST AND SECOND WORLD WARS./,-73.968716,NY,1111,Gift of the Red Cross,,Manhattan,Flagstaff Base,10065,,,Granite,,1.0,,Department of Parks and Recreation
,False,6228,,"Woman, American",,,animals,NYC SEWERS 2000 / MADE IN INDIA,-74.196691,NY,,Commissioned through Department of Cultural Affairs Percent for Art Program,,Staten Island,Manhole Cover,10309,Elizabeth,,Cast Iron,,,,Department of Environmental Protection
,False,1033,,,,,"world war i, war","THIS MONUMENT IS DEDICATED / TO THE MEN OF / EGBERTVILLE, STATEN ISLAND, N.Y. / WHO SERVED IN THE WORLD WAR / 1917-1918 / ROLL OF HONOR / ARMY / SAMUEL AVINS --- JOHN DIMARCO --- LUIGI PETOSA / GEORGE BRAND --- MAZZARENO DIMARCO --- WILLIAM ROSS / FRANK BRODERICK --- LOUIS EUPHRAT --- MICHELE RUBERTO / GEORGE BRODERICK --- S. GEORGE HARRIS --- NICHOLAS TESTA / JOSEPH BRODERICK --- JAMES HENNESSY --- PETER VARRIANO / WILLIAM BRODERICK --- MICHELE IACAMPO --- JOHN VENDITTI / EDWARD COMERY --- DONATO MANCINO --- WILFRED YOUDS / JOHN COMERY --- ERM. MANGONE --- FRANK ZICKI / J. VINCENT CURRY --- F.J. MATTES --- GEORGE ZICKI / MICHAEL DELANEY --- OTTO MORATH --- RUPPERT ZICKI / NAVY / LOUIS BETHOS --- JOHN FINLEY --- FRANK STEINERT / HENRY BREDSON --- CHARLES FISCHER --- PERCY WHITEY / WILLIAM COMERY --- PETER GARRAMONE --- STANLEY YOST / STEP. FALKENBURY --- FREDERICK ZICKI / MEMORIAL COMMITTEE / MICHAEL RAPP, PRES. --- JOHN H. NUGENT, TREAS. --- EDWARD A. FINLEY, SEC. / HENRY YOUDS --- EDWARD GORHAM --- DANIEL GUNDACKER / ROBERT STEINERT, JR. --- JOHN J. MCMANUS --- PATSY VURCHIO / FRANCIS DILLON --- JOSEPH GARRAVONE --- ALBERT RAPP / Small plaque 1: WORLD WAR II / HONOR / Small plaque 2: KOREA / HONOR / Small plaque 3: THESE POSTS AND CHAINS / ARE DONATED BY THE / CHILDREN OF / EGBERTVILLE, / 1921 / Pedestal: ERECTED / MCMXX / BY / THE CITIZENS / OF / EGBERTVILLE /",-74.126905,NY,4312,Gifted by the People of Egbertville,,Staten Island,Stele,10306,,,Bronze,,7501.0,,Department of Parks and Recreation
,False,,,,,,national parks,,-73.911086,NY,5937,Gift of National Parks Service,,Bronx,Plaque,10471,,,Bronze,,440.0,,Department of Parks and Recreation
,False,4174,,Taiwanese,Chen,,"philosopher, chinese, asian, east asian","Integral plinth: [foundry mark in Chinese] Pedestal, east side: CONFUCIUS [name in Chinese] / [eighteen-column Chinese inscription, followed by a red seal] / THE CHAPTER OF GREAT HARMONY (TA TUNG) / BY CONFUCIUS (551-479 B C) / WHEN THE GREAT PRINCIPLE PREVAILS THE WORLD IS A COMMON- / WEALTH IN WHICH RULERS ARE SELECTED ACCORDING TO THEIR WIS- /DOM AND ABILITY. MUTUAL CONFIDENCE IS PROMOTED AND GOOD / NEIGHBORLINESS CULTIVATED. HENCE, MEN DO NOT REGARD AS PA- / RENTS ONLY THEIR OWN PARENTS NOR DO THEY TREAT AS CHILDREN / ONLY THEIR OWN CHILDREN. PROVISION IS SECURED FOR THE AGED / TIL DEATH, EMPLOYMENT FOR THE ABLE BODIED AND THE MEANS OF / GROWING UP FOR THE YOUNG. / HELPLESS WIDOWS AND WIDOWERS, / ORPHANS AND THE LONELY, AS WELL AS THE SICK AND THE DISABLED, / ARE WELL CARED FOR. MEN HAVE THEIR RESPECTIVE OCCUPATIONS / AND WOMEN THEIR HOMES. THEY DO NOT LIKE TO SEE WEALTH LYING / IDLE, YET THEY DO NOT KEEP IT FOR THEIR OWN GRATIFICATION / THEY DESPISE INDOLENCE, YET THEY DO NOT USE THEIR ENERGIES / FOR THEIR OWN BENEFIT. IN THIS WAY, SELFISH SCHEMINGS ARE REPRESSED, AND ROBBERS, / THIEVES AND OTHER LAWLESS MEN NO / LONGER EXIST AND THERE IS NO NEED FOR PEOPLE TO SHUT THEIR OUTER DOORS. THIS IS THE GREAT HARMONY (TA TUNG). Pedestal, west side: [one-column Chinese inscription] / THE WORLD IS A COMMONWEALTH Pedestal, South Side: ""[one-line horizontal Chinese inscription] / [twelve-column Chinese inscription] / [one-line horizontal Chinese inscription] / SEPTEMBER 1983 Pedestal, north side: ""[four-line Chinese inscription] / PRESENTED TO / THE CITY OF NEW YORK / BY / THE CHINESE CONSOLIDATED BENEVOLENT ASSOCIATION N.Y.C. / ON BEHALF OF THE CHINESE COMMUNITY / IN COMMEMORATION OF / THE BICENTENNIAL CELEBRATION / OF/ THE UNITED STATES OF AMERICA / 1776-1976",-73.997124,NY,0289,Gift of Chinese Consolidated Benevolent Association of New York City,,Manhattan,Statue,10022,Liu,,Bronze,,1.0,,Department of Parks and Recreation
,False,2716,Lundberg,"African American, Black American",Waehler,,"african american, black american, black history, diplomat, nobel peace prize, obelisk","Paver: ""...PEACE, TO HAVE MEANING FOR / MANY WHO HAVE KNOWN ONLY SUFFERING / IN BOTH PEACE AND WAR / MUST BE TRANSLATED INTO BREAD OR RICE, / SHELTER, HEALTH, AND EDUCATION, / AS WELL AS FREEDOM AND HUMAN DIGNITY."" / NOBEL PEACE PRIZE LECTURE, 1950 / RALPH JOHNSON BUNCHE / UNDER SECRETARY-GENERAL FOR / SPECIAL POLITICAL AFFAIRS / THE UNITED NATIONS / 1904 - 1971 / DANIEL LARUE JOHNSON, ARTIST /",-73.969610,NY,1335,Gift of The Phelps-Stokes Fund,,Manhattan,Sculpture,10017,Daniel,,Bronze,,23.0,,Department of Parks and Recreation
,False,,,,,,"environmentalism, environmental","EVEN DURING PERIODS OF / HARSH CONFLICT AND CONFRONTATION, / THE DELICATE BEAUTY AND FRAGRANCE / OF THE LILAC HAVE BEEN FAITHFUL/ANNUAL REMINDERS OF LOVELIER / ASPECTS IN HUMAN RELATIONS. / IN TRIBUTE TO THOSE ASPECTS, / THIS LILAC WALK IS DEDICATED TO / THE PEOPLE OF THE CITY OF NEW YORK / NELL SINGER LILAC WALK / APRIL 8, 1970 /",-73.973265,NY,1111,Gift of Herbert M. Singer,,Manhattan,Plaque,10019,,,Bronze,,1.0,,Department of Parks and Recreation
,False,80,,"Irish, French, American",,,"philanthropist, banker","MDCCCL HENRY W. MAXWELL MCMII (BELOW ROUNDEL)""THIS MEMORIAL ERECTED BY HIS/ FRIENDS IS THEIR TRIBUTE TO HIS / DEVOTION TO PUBLIC EDUCATION AND / CHARITY IN THE CITY OF BROOKLYN"" / (SIGNED) ""A ST G""",-73.968917,NY,,Gift of David Schwartz Foundation,,Brooklyn,Plaque,11238,Augustus,,Bronze,,,,Department of Parks and Recreation
,False,6278,,,,,"american revolutionary war, maritime, navy, war","IN HONOR OF / JOHN PAUL JONES / FATHER OF THE U.S. NAVY / THIS FLAGPOLE HAS BEEN REFABRICATED FROM THE / MAST OF THE U.S.S. DANIEL NO. 335 / BY LT. ALTON DOUGLAS AND THE CREW OF / U.S.S. SEATTLE A.O.E.3, AND INSTALLED / ON THIS SITE WITH THE GENEROUS / ASSISTANCE OF INTERESTED CONTRACTORS. / MEMORIAL COMMITTEE / EDWARD W. EVANS, PRESIDENT / ARTHUR J. O'BRIEN, VICE PRESIDENT / HONORABLE ANGELO J. ARCULCO, CITY COUNCIL / MINORITY LEADER / CHARLES J. HENRY, ENGINEER / ERECTED OCTOBER 27, 1980 / U.S.S. SEATTLE / AOE-3 / (BRONZE SEAL)",-74.033944,NY,6140,Gifted by The Committee for John Paul Jones,,Brooklyn,Plaque,11209,,,Bronze,,1.0,,Department of Parks and Recreation
,False,1375,,American,,,"world war i, war",GREATER LOVE HATH NO MAN THAN THIS THAT / A MAN LAY DOWN HIS LIFE FOR HIS FRIENDS /---/ ERECTED 1926 BY THE PEOPLE OF LONG ISLAND CITY / IN HONOR OF ALL THEIR FELLOW CITIZENS WHO SERVED IN THE WORLD WAR 1914-1918,-73.923334,NY,0898,Gift of Long Island City Memorial Association,Ruehl and Warren,Queens,Stele,11105,Gaetano,,Granite,,1.0,,Department of Parks and Recreation
,False,1342,,"Bulgarian, Greek",,,"athlete, sports, athletics, allegorical",Pedestal: THE DISCUS THROWER Plaque: PRESENTED BY / MR. AND MRS. ERY KEHAYA / MCMXXVI,-73.919244,NY,1819,Gift of Mr. and Mrs. Ery Kehaya,"McKim, Mead and White",Manhattan,Statue,10035,Konstantinos,,Bronze,,203.0,,Department of Parks and Recreation
,True,1347,,,,,flagstaff,,-73.841545,NY,3907,,,Queens,"Flagstaff Base, Plaque",11418,,,Bronze,,1050.0,Gorham Co.,Department of Parks and Recreation
,True,177,,American,Embury II,George Richard,"animals, wpa, bathhouse",,-73.898056,NY,2941,Purchased with Works Progress Administration Funds,,Bronx,Bas-Relief Roundel,10457,Frederick,,Stone,,1.0,,Department of Parks and Recreation
,False,,,,,,"world war ii, war","HONOR ROLL WORLD WAR II ERECTED AND AFFECTIONATELY INSCRIBED TO THE MEMORY OF THE HEROIC MEN AND WOMEN OF CONCORD, STATEN ISLAND, AS A TRIBUTE TO THE SELF SACRIFICING SPIRIT THAT THEY DISPLAYED IN THEIR COUNTRY'S SERVICE DURING THE MOMENTOUS YEARS OF 1941-1945. MAY GOD'S BLESSINGS REST UPON THEM FRANKLIN D. ROOSEVELT Inset box OUR HONORED DEAD [16 names] YOU CAN CALL YOURSELF AN AMERICAN ONLY BECAUSE THESE MEN SERVED AND DIED, TO GIVE YOU THE RIGHT TO SAY SO. [564 Names] ERECTED BY THE CONCORD COMMUNITY COUNCIL IN THE YEAR 1947 WITH THE AID OF CONTRIBUTIONS FROM THE PEOPLE OF THIS TOWNSHIP. SITE GRANTED THROUGH THE COURTESY OF THE PATRICK J. DALESSIO POST NO. 1310 OF THE AMERICAN LEGION.",-74.089614,NY,,Gifted by the Concord Community Council,,Staten Island,"Stele, Plaque",10304,,,Bronze,,,,Department of Parks and Recreation
,False,734,,,Hastings,,"christmas, christmas tree, holidays",,-73.988508,NY,0852,Gift of Minnie Dwight Rouland Trust Fund,The New York Edison Company,Manhattan,Flagpole,10010,,,"Cast-Iron, Light Bulbs",,1.0,,Department of Parks and Recreation
,False,1986,,,,,"world war i, war","""LEST WE FORGET"" / ERECTED IN MEMORY / OF THE / VETERANS OF BORO PARK / WHO MADE THE / SUPREME SACRIFICE / DEDICATED BY / PVT. BUD H. ALBEN POST / NO. 1436 / VETERANS OF FOREIGN WARS / OF THE UNITED STATES / 1935 /",-73.994571,NY,5615,"Gift of Bud H. Alben Post No. 1436, Veterans of Foreign Wars of the United States",,Brooklyn,"Flagstaff Base, Plaque",11219,,,Bronze,,80.0,"U.S. Bronze Sign Company, NY",Department of Parks and Recreation
,False,2103,,,,,"1939-40 world's fair, 1964-65 world's fair, world's fair, time capsule","THE TIME CAPSULES / DEPOSITED / SEPTEMBER 23, 1938 / AND / OCTOBER 16, 1965 / BY THE / WESTINGHOUSE ELECTRIC CORPORATION / AS A RECORD OF / TWENTIETH CENTURY CIVILIZATION / TO ENDURE FOR 5000 YEARS",-73.845926,NY,2018,Gift of Westinghouse Electric Corporation,,Queens,Granite Marker,11368,,,Granite,,1.0,,Department of Parks and Recreation
,False,88,,,,,"women, american revolutionary war, colonial, woman, war","IN HONOR OF / MARY LINDLEY MURRAY / WIFE OF ROBERT MURRAY / FOR SERVICES RENDERED HER COUNTRY / DURING THE AMERICAN REVOLUTION / ENTERTAINING AT HER HOME ON THIS SITE / GEN. HOWE AND HIS OFFICERS, UNTIL THE / AMERICAN TROOPS UNDER GEN. PUTNAM ESCAPED / SEPTEMBER 15, 1776. NOVEMBER 25, 1903 ERECTED BY / KNICKERBOCKER CHAPTER, NEW YORK CITY / DAUGHTERS OF THE AMERICAN REVOLUTION /",-73.980024,NY,,"Gift of Knickerbocker Chapter, Daughters of the American Revolution",,Manhattan,Plaque,10016,,,Bronze,,,,Department of Parks and Recreation
,False,,,,,,"world war i, war","WALKER PARK / DEDICATED TO THE MEMORY OF / RANDOLPH ST.G. WALKER JR. / PVT. 1ST CL., CO. 'K,' 107TH INFANTRY, U.S.A. / KILLED IN ACTION SEPT. 29, 1918, AGE 20 YRS. / IN THE ATTACK ON THE HINDENBURG LINE. / THIS TABLET IS PLACE BY / RANDOLPH WALKER, JR. POST NO. 1056 / THE AMERICAN LEGION. /",-74.108806,NY,0138,"Gift of Randolph Walker Jr. Post #1056, American Legion",,Staten Island,Plaque,10310,,,Bronze,,1.0,,Department of Parks and Recreation
,False,,,,,,merchant,THIS PLAQUE IS IN MEMORY / OF THE SIGNIFICANT CIVIC / ACHIEVEMENTS MADE BY / LOUIE STERN ON BEHALF OF / THE WASHINGTON HEIGHTS / COMMUNITY / NOVEMBER 1969 / THE PORT AUTHORITY OF NEW YORK / CHAMBER OF COMMERCE / OF / WASHINGTON HEIGHTS /,-73.941378,NY,2178,"Gift of Port Authority of New York, Chamber of Commerce of Washington Heights",,Manhattan,Plaque,10032,,,Bronze,,3.0,,Department of Parks and Recreation
,False,2225,,,,,"religious leader, catholic, nypd, veteran, world war i, war","WE DEDICATE THIS PLAQUE WITH GREAT HONOR TO THE REMEMBRANCE OF MONSIGNOR JOSEPH A. MCCAFFREY. / ""WE LOVE YOU JOE"" / FROM HIS FAITHFUL PARISHONERS, ADMIRERS AND FRIENDS / 1973",-73.991498,NY,1034,Gift of Holy Cross Church & The Neighborhood Opportunity Center,,Manhattan,"Flagstaff, Plaque",10036,,,Bronze,,5.0,Bronze Arts Inc.,Department of Parks and Recreation
,False,203,,,,,"american revolutionary war, colonial, prison","NEAR THIS SITE STOOD / THE PROVOST PRISON / WHERE PATRIOTS DIED FOR / THE CAUSE OF FREEDOM / 1776 ----- 1783 / --- / ERECTED BY / THE MARY WASHINGTON / COLONIAL CHAPTER / DAUGHTERS OF THE / AMERICAN REVOLUTION / APRIL 15, A.D. 1801",-74.00541,NY,0122,Gifted by the Daughters of the American Revolution,,Manhattan,"Plaque, Plinth",10007,,,Bronze,,1.0,J & R Lamb Co.,Department of Parks and Recreation
,True,2287,,,,,"american revolutionary war, colonial, war","BATTLE OF HARLEM HEIGHTS / SEPTEMBER 16 - 1776 / IN GRATEFUL REMEMBRANCE OF / THE BRAVE SOLDIERS / OF NEW YORK, NEW JERSEY, / CONNECTICUT, MASSACHUSETTS, / RHODE ISLAND, PENNSYLVANIA,/ MARYLAND AND VIRGINIA / WHO UNDER / GENERAL GEORGE WASHINGTON / FOUGHT AND DIED ON THIS SITE / FOR LIBERTY / IN THEIR COUNTRY'S STRUGGLE / AGAINST BRITISH TYRANNY. /---/ DEDICATED BY THE / DAUGHTERS OF THE DEFENDERS OF THE REPUBLIC, U.S.A. / [emblem of D.D.R.] / AMANDA SHAW HIRSCH / FOUNDER & PRESIDENT-GENERAL / MAY 16, 1961",-73.963499,NY,1897,"Gift of Daughters of the Defenders of the Republic, U.S.A.",,Manhattan,Plaque,10025,,,Bronze,,1.0,United States Bronze Sign Co.,Department of Parks and Recreation
,False,2238,,"Woman, American",,,abstract,,-73.957737,NY,1474,Commissioned by the New York City Economic Development Corporation,Thornton Tomasetti Engineers,Manhattan,Sculpture,10022,Alice,,Aluminum,,60.0,,Department of Parks and Recreation
,False,2322,,,,,"world war i, war","WE DEDICATE THIS MEMORIAL IN HONOR / OF THOSE WHO GAVE THEIR LIVES / IN THE WORLD WAR 1917-1918 / IN ORDER THAT OUR FLAG MAY CONTINUE / TO WAVE FOR LIBERTY, FREEDOM, JUSTICE",-73.958510,NY,1442,"Gift of Colonel Francis Vigo Post No. 1093, American Legion",,Manhattan,"Plaque, Flagstaff",10065,,,Bronze,,15.0,,Department of Parks and Recreation
,False,3897,L.,,Segrete,,"war, veterans",Sides 1 and 3: TO OUR / GLORIOUS / WAR HEROES; Side 2: ALL WHO / SHALL HEREAFTER LIVE IN / FREEDOM WILL BE REMINDED / THAT TO THESE MEN AND / THEIR COMRADES WE OWE / A DEBT TO BE PAID WITH / GRATEFUL REMEMBRANCE / OF THEIR SACRIFICE AND / WITH HIGH RESOLVE THAT / THE CAUSE FOR WHICH THEY / DIED SHALL LIVE ETERNALLY. / GENERAL DWIGHT D. EISENHOWER; Side 4: THERE ARE / NO GREAT MEN THERE ARE / ONLY GREAT CHALLENGES / THAT BY CIRCUMSTANCE / ORDINARY MEN ARE FORCED / TO MEET. / ADMIRAL WILLIAM F. HALSEY,-73.915703,NY,,Gift of Memorial Monument Committee,,Queens,Obelisk,11104,,,Granite,,,,Department of Parks and Recreation
,False,2287,,Hungarian,,,"hungarian, hungary, revolution, hungarian revolution of 1956","Seat (left): DEDICATED IN GRATEFUL REMEMBRANCE / OF THE FALLEN HEROES OF THE/ HUNGARIAN REVOLUTION / WHO GAVE THEIR LIVES FOR FREEDOM / FROM COMMUNIST DICTATORSHIP / IN THE AUTUMN OF 1956 Seat (right): IN MEMORY OF THE 1956 HUNGARIAN REVOLUTION Granite medallion: CONSTELLATIONS OF STARS, AS SYMBOLS OF HOPE, VISIBLE IN THE / NIGHT SKY OVER BUDAPEST ON OCTOBER 23, 1956, WHEN THE / FIRST SHOTS OF THE REVOLUTION WERE FIRED",-73.967362,NY,1897,Gift of The Hungarian American Memorial Committee,,Manhattan,Memorial Seat,10025,Tamás,,Granite,,1.0,LaCroix Granite,Department of Parks and Recreation
,False,1699,J.,"Woman, American",Sheridan,,"world war i, war",A GRATEFUL CITY ERECTED THIS SHAFT / TO THE GLORIOUS MEMORY / OF ITS BRONX COUNTY SONS / WHO GAVE THEIR LIVES FOR THEIR COUNTRY IN THE WORLD WAR,-73.823116,NY,,Gift of Public Subscription,,Bronx,Corinthian Column,10465,Belle,,Bronze,F.,,,Department of Parks and Recreation
,False,1619,,American,,,"allegorical, history, law, government",,-73.923908,NY,2468,Purchased with Works Progress Administration Funds,,Bronx,Sculpture,10451,Edward,,Marble,,1.0,,Department of Citywide Administrative Services
,False,603,,"Irish, French, American",White,,"inventor, philanthropist",Pedestal (front): ERECTED BY THE / CITIZENS OF NEW YORK IN / GREATFUL REMEMBRANCE / OF / PETER COOPER / FOUNDER OF THE / COOPER UNION / FOR THE ADVANCEMENT / OF SCIENCE AND ART / ANNO DOMINI M-D-C-C-C-XCVII / Pedestal (rear): PETER COOPER / BORN / FEBRUARY XII AD / M-D-C-C-XCI / DIED / APRIL III AD / M-D-C-C-CLXXXIII / Sculpture base: AUGUSTUS SAINT-GAUDENS / FECIT MD CCC XCIV [---] CAST BY LORNE & AUBRY,-73.990694,NY,0544,Gift of Peter Cooper Memorial Committee,,Manhattan,Statue,10003,Augustus,,Bronze,,75.0,Lorne and Aubry,Department of Parks and Recreation
,False,2738,,American,,,"allegorical, world war ii, war, veterans",THIS MEMORIAL DEDICATED / TO THE HEROIC MEN AND WOMEN OF THE BOROUGH OF BROOKLYN / WHO FOUGHT FOR LIBERTY IN THE SECOND WORLD WAR 1941-1945 / AND ESPECIALLY TO THOSE WHO SUFFERED AND DIED / MAY THEIR SACRIFICE INSPIRE FUTURE GENERATIONS / AND LEAD TO UNIVERSAL PEACE.,-73.990611,NY,0058,"Gift of The Brooklyn War Memorial, Inc.",Eggers and Higgins,Brooklyn,Memorial Hall,11201,Charles,,Limestone,,50.0,,Department of Parks and Recreation
,False,1170,,,,,"9/11, september 11 attacks, firefighter, first responders","BROOKLYN WALL OF REMEMBRANCE/ IN OUR HEARTS FOREVER/ SEPTEMBER 11, 2001",-73.984521,NY,7073,,"Ebbets Field, Inc.",Brooklyn,Memorial Wall,11224,,,Granite,,101.0,,Department of Parks and Recreation
,False,"1928, 1170",,American,,,"maritime, fence",,-73.932387,NY,7481,Commissioned through Department of Cultural Affairs Percent for Art Program,Pirnie-Baker,Brooklyn,Site-Specific Installation,11235,Ned,,Chain-Link Fence,,1.0,,Department of Environmental Protection
,False,,,,,,"world war i, war","SERGEANT COLYER SQUARE / DEDICATED TO THE MEMORY OF/ WILBUR E. COLYER SERGEANT CO. A 1ST ENGINEERS, 1ST DIVISION, U.S.A. / --- / KILLED IN ACTION, / OCT. 10, 1918. HILL 269, VERDUN FRANCE. / --- / AWARDED / MEDAL OF HONOR. / ERECTED BY THE WILBUR E. COLYER POST 28, / AMERICAN LEGION, / AND CITIZENS OF THIS COMMUNITY. / 1932",-73.805609,NY,,Gift of American Legion & Community Citizens,,Queens,"Plaque, Boulder",11420,,,Bronze,,,,Department of Parks and Recreation
,False,6105,,Chinese,,,abstract,,-73.919025,NY,2444,Commissioned through Department of Cultural Affairs Percent for Art Program,Rafael Viñoly Architects,Bronx,Installation,10451,Cai,,Granite,,1.0,,Department of Design and Construction
,True,441,,,,,"american revolutionary war, war, colonial",THIS STONE / MARKS THE POSITION OF / THE FIRST LINE OF DEFENCE / CONSTRUCTED ACROSS / THESE HEIGHTS AND / BRAVELY DEFENDED BY / THE AMERICAN ARMY / 1776 / ERECTED BY / THE WASHINGTON HEIGHTS CHAPTER / DAUGHTERS OF / THE AMERICAN REVOLUTION / SEPTEMBER 29 1909 [D.A.R. seal at right],-73.949403,NY,,"Gift of the Washington Heights Chapter, Daughters of the American Revolution",,Manhattan,"Plaque, Natural Boulder",10031,,,Bronze,,,"J.V. & R.V. Lamb (original); Newman Brothers, Inc. (replacement)",Department of Parks and Recreation
,False,,,"German, American",,,philanthropist,"POPPENHUSEN / TO THE MEMORY OF/ THE BENEFACTOR OF / COLLEGE POINT / ERECTED NOV. 1, 1884 /",-73.845823,NY,4030,Gift of Residents of College Point,,Queens,"Bust, Pedestal",11356,Henry,,Bronze,,42.0,,Department of Parks and Recreation
,False,5593,P.,,Vellonakis,,"holocaust, world war ii, war","1) ENCIRCLING CROWN: ""['REMEMBER' IN ENGLISH AND HEBREW?]"" 2A) TOP TIER OF BASE, COUNTERCLOCKWISE: ""POLAND [...]"" 2B) MIDDLE TIER OF BASE, COUNTERCLOCKWISE: ""GERMANY [...] HUNGARY"" 2C) BOTTOM TIER OF BASE, COUNTERCLOCKWISE: "" AUSTRIA [...] DENMARK [...]"" 3) HORIZONTAL MARKER: ""[...]"" 4) VERTICAL MARKERS: ""[...]""",40.582500,NY,,Gift of Brooklyn Borough President's Office,,Brooklyn,Sculpture,11235,,,Bronze,,,,Department of Parks and Recreation
,,,,,,,"world war i, war",TO COMMEMORATE THE / PATRIOTISM AND PERPETUATE / THE NAMES OF THOSE WHO / SERVED WITH HONOR IN THE / WORLD WAR 1917-18. THIS TABLET IS / ERECTED BY THE CITIZENS OF / NEW DORP S.I. / HONOR ROLL / JAMES M. BEAUCHAMP --- EDWARD HETT / JOHN BOLICE --- HOWARD HETT / THOMAS BROWN --- CLIFFORD P. JACKSON / ARTHUR BRITCHER --- FRANK JOHNSON / ARTHUR BOUTON --- CLARENCE A. KENNEDY / EDWARD BURDGE --- GRIFFITH MCCONAUGHY / MICHAEL CARBONE --- NATH'L MCCONAUGHY / GEORGE E. CHERRIE --- JAMES A. MCDOWELL / JOSEPH CHOIDO --- LLOYD MCSHEEHY / EDWARD D. COUGHLIN --- EDWARD C. MADORY / C.N. CRAMER --- MARTIN MARCOVECCHIO / FRANK CRAMER --- MICHAEL MARAFINO / HOWARD CRUISE --- ALFRED MARTIN / JOSEPH DAMORA --- GEORGE MAYITT / DOMINICK DEPILLO --- ROBERT MORLEY / BENJAMIN DUMONT --- JOSEPH MURPHY / CHARLES DUMONT --- IGNATIUS MURPHY / GEORGE DUMONT --- GEORGE NIRO / LAWRENCE ENGELHART --- OSWALD D. REICH / FRED E. ENGLEMAN --- G. PIERRE REYNAUD / WILLIAM FIRNEISEN --- HENRY J. REYNAUD / WESLEY FORREST --- LOUIS J. REYNAUD / ANTHONY GUTTELLO --- LOUIS RUSSO / FRANK GRENNIE --- HAYDEN L. SCHOFIELD / WILLIAM GREEB --- WILLIAM SLAIGHT / JOSEPH GRIFFITHS --- HAMILTON D. SMITH / FRANK GUARINO --- RODERICK R. SMITH / HARRY W. HALE --- FRANK STAHL JR. / EDWARD J. HANLEY --- A. TIMBERIO / MICHAEL H. HANLEY --- JOHN TURLEY / OLIVER J. HANLEY --- WESLEY E. WITTICH / FRED HELMEYER --- WILLIAM WILCOX JR. / ALBERT HETT --- GEORGE WILSON,-74.120082,NY,,Gift of Citizens of New Dorp,,Staten Island,"Plaque, Stele",10306,,,Bronze,,,,Department of Parks and Recreation
,False,3911,,British,,Blackall,animals,Pedestal:THE FALCONER / PRESENTED BY GEORGE KEMP / MDCCCLXXII Base: GEORGE SIMONDS ROMAE / MDCCCLXXI,-73.973823,NY,1111,Gift of George Kemp,,Manhattan,Statue,10019,George,,Bronze,,1.0,"Chevalier Clemente Pape, Florence, Italy",Department of Parks and Recreation
,False,,,,,,"american revolutionary war, colonial, war, native americans, indigenous","AUGUST 31, 1778/ UPON THIS FIELD, / CHIEF NIMHAM / AND SEVENTEEN STOCKBRIDGE INDIANS / AS ALLIES OF THE PATRIOTS, / GAVE THEIR LIVES FOR LIBERTY. / ERECTED BY THE BRONX CHAPTER, DAUGHTERS OF THE AMERICAN REVOLUTION/ MOUNT VERNON, NEW YORK. / JUNE 14, 1906 /",-73.873529,NY,5900,"Gift of Daughters of the American Revolution, Bronx Chapter",,Bronx,Plaque,10470,,,Bronze,,50.0,"Henry -Bonnard Bronze Co, Mount Vernon, NY",Department of Parks and Recreation
,True,5276,,,,,"women, woman, public servant","DORIS C. FREEDMAN PLAZA / THIS PLAZA IS DEDICATED TO THE MEMORY AND VISION OF / DORIS CHANIN FREEDMAN (1928-1981). AS DIRECTOR OF CULTURAL AFFAIRS / FOR NEW YORK CITY, PRESIDENT OF CITY WALLS, THE MUNICIPAL ART SOCIETY / AND THE PUBLIC ART FUND, SHE WAS A CHAMPION FOR THE ARTS, FOR ARTISTS, / AND FOR THE RIGHT OF THE PUBLIC TO ENJOY ART IN THEIR DAILY LIVES. / THANKS TO DORIS FREEDMAN, ARTISTS WERE ALLOWED TO RESIDE LEGALLY IN / THEIR SOHO STUDIOS. THROUGH HER EFFORTS, NEW YORK CITY / INTRODUCED / PERCENT FOR ART LEGISLATION REQUIRING CIVIC CONSTRUCTION PROJECTS / TO SPEND A PORTION OF THEIR BUDGETS ON ART. AS A PIONEER IN THE / FIELD OF PUBLIC ART, DORIS FREEDMAN LABORED TIRELESSLY TO ENLIVEN / AND HUMANIZE THE URBAN ENVIRONMENT. / THE PEOPLE OF THE CITY OF NEW YORK ARE THE BENEFICIARIES OF HER VISION",-73.972622,NY,1111,Gift of Susan Freedman,"Hardy, Holzman Pheiffer, Association",Manhattan,Plaque,10019,,,Bronze,,1.0,,Department of Parks and Recreation
,True,2248,,,,,"war, veterans",,-73.816233,NY,,Gift of Catholic War Veterans,,Queens,Cro,11420,,,Granite,,,,Department of Parks and Recreation
,False,2225,,,,,"catholic, clergy, chaplain, world war i, armed forces, war","WE DEDICATE THIS PLAQUE WITH GREAT HONOR TO THE REMEMBRANCE OF MONSIGNOR JOSEPH A. MCCAFFREY. / ""WE LOVE YOU JOE"" / FROM HIS FAITHFUL PARISHONERS, ADMIRERS AND FRIENDS / 1973",-73.99149944,NY,1034,Gift of Holy Cross Church & The Neighborhood Opportunity Center,,Manhattan,"Flagstaff, Plaque",10036,,,Bronze,,5.0,,Department of Parks and Recreation
,False,,,,,,"world war i, war",IN MEMORIAM /---/ [142 names],-74.087535,NY,0588,Gift of Dr. Louis and Berta E. Dreyfus,,Staten Island,Plaque,10301,,,Bronze,,40.0,,Department of Parks and Recreation
Deacy,False,2083,,,Embury II,,"bronx river parkway, public servant",TO / RECORD / THE FACT THAT / WILLLIAM WHITE NILES / WAS THE FOUNDER/ OF THE / BRONX RIVER PARKWAY / THIS MEMORIAL / HAS BEEN ERECTED / BY HIS FRIENDS,-73.864417,NY,3360,Gift of Niles Memorial Committee,,Bronx,"Flagstaff Base, Plaque",10467,,Clark,Bronze,,20.0,Stanton Studios,Department of Parks and Recreation
,False,873,Morris,American,Hunt,Quincy Adams,"journalist, publisher",HORACE GREELEY / FOUNDER OF / THE NEW YORK TRIBUNE,-74.004943,NY,0122,Gift of Tribune Association,,Manhattan,Statue,10007,John,,Bronze,,1.0,Henry Bonnard Bronze Co.,Department of Parks and Recreation
,False,4401,,"African American, Black American",,,abstract,,-73.917865,NY,3307,Commissioned by The City of New York,A.W. Geller & Associates / Architects,Brooklyn,Sculpture,11237,Todd,,Stainless Steel,,22.0,,Department of Citywide Administrative Services
,False,738,,,,,"irish, philanthropist, fountain",TO THE MEMORY OF / JERRY MCAULEY / I WILL GIVE / TO HIM / THAT IS / ATHIRST / OF THE / FOUNTAIN / OF THE / WATER OF / LIFE FREELY /,-73.988222,NY,0834,Gifted by McAuley Committee of the New York City Rescue Mission,,Manhattan,Fountain,10001,,,Granite,,1.0,,Department of Parks and Recreation
,False,1254,,American,,Atkins,"world war i, war",Signed: H A MACNEIL SCULP MCMXXV Front: THE WORLD WAR / IN MEMORY / OF THOSE WHO GAVE THEIR LIVES / Side 1: 39 names Side 2: 38 names,-73.829153,NY,4977,Gift of Flushing Memorial Association,,Queens,Exedra,11354,Herman,,Georgia Pink Marble,,130.0,,Department of Parks and Recreation
,False,2176,,,,,"jewish, veteran, soldier, civil servant, lawyer","COLONEL DAVID MARCUS PLAYGROUND /---/ DEDICATED TO THE MEMORY OF / COLONEL DAVID MARCUS - AMERICAN / SOLDIER - LAWYER - NEW YORK CITY / OFFICIAL - KILLED JUNE 10, 1948 WHILE / LEADING ISRAELI FORCES NEAR / JERUSALEM. LIBERTY AND EQUALITY / FOR ALL MEN WERE MORE PRECIOUS / TO HIM THAN HIS LIFE. /",-73.969643,NY,6612,Gift of Colonel David Marcus Memorial Committee,Department of Parks and Recreation,Brooklyn,"Plaque, Plinth",11230,,,Bronze,,33.0,,Department of Parks and Recreation
,False,4724,,American,,,"immigration, immigrants, justice, mural",,-73.999786,NY,0198,Commissioned through Department of Cultural Affairs Percent for Art Program,Urbahn Architects,Manhattan,Mural,10013,Richard,,Stone,,1.0,,Department of Citywide Administrative Services
,True,"1031, 699",,French,,,"athlete, sports, athletics, allegorical","AMERICAN BOY / 1932 / PELHAM BAY PARK / THIS LIMESTONE SCULPTURE ONCE STOOD AT THE TOP OF THE GRANDSTAND OF RICE STADIUM IN PELHAM BAY PARK. / THE STADIUM, BUILT IN THE EARLY 1920S AND FUNDED THROUGH A GIFT OF JULIA RICE IN MEMORY OF HER LATE / HUSBAND ISAAC RICE, WAS DEMOLISHED IN 1989. THE STATUE WAS RESTORED IN 2002 , AND REINSTALLED IN 2004. / IT HAS BEEN PLACED ON A NEW PEDESTAL NOT FAR FROM ITS ORIGINAL LOCATION. KNOWN AS THE AMERICAN BOY, / THIS STATUE WAS SCULPTED BY LOUIS ST. LANNES. THE PIECE WAS INTENDED TO REFLECT AN IDEAL OF YOUTH. / THE ORIGINAL PLAQUE TEXT READ: / ""YOUTH IS ENTITLED TO FREEDOM / THE FUTURE OF CIVILIZATION DEPENDS / UPON OUR CHILDREN. IT IS / ESSENTIAL IF WE CAN HOPE FOR HUMAN / PROGRESS. THAT CHILDREN SHOULD BE / UNFETTERED BY THE DOMINATION / AND THE CONVENTIONS OF THE PAST. / WE OWE TO YOUTH AN UNTRAMMELED / HAPPINESS GUIDED BUT NOT STULTIFIED / BY STERN OBEDIENCE TO RIGID / RULES SET DOWN BY THEIR ELDERS. / THE PROPER SPIRIT OF PLAY MUST BE / ENCOURAGED: IT IS THE NATURAL / INSTINCT OF THE YOUNG. / HEALTHY CLEAN MIND IN A STRONG / CLEAN BODY IS THE IDEAL / FOR WHICH WE SHOULD STRIVE.""",-73.823264,NY,4335,Gift of wife and children of Isaac L. Rice,Herts & Robertson,Bronx,Statue,10465,Louis,,Bronze,,1.0,,Department of Parks and Recreation
,False,,,American,Embury II,George Richard,"animals, wpa",Signed: F.G.R. ROTH,-73.971663,NY,1111,Purchased with T.E.R.A. Funds,,Manhattan,Bas-Relief,10019,Frederick,,Limestone,,1.0,,Department of Parks and Recreation
,False,,,,,,"china, diplomacy","THIS TREE IS PLANTED / AT THE SIDE OF THE TOMB OF / GENERAL U.S. GRANT, / EX-PRESIDENT OF THE / UNITED STATES OF AMERICA, / FOR THE PURPOSE / OF COMMEMORATING HIS / GREATNESS BY / LI HUNG-CHANG, / GUARDIAN OF THE PRINCE, / GRAND SECRETARY OF STATE / EARL OF THE FIRST ORDER, / YANG YU / ENVOY EXTRAORDINARY / AND MINISTER / PLENIPOTENTIARY OF CHINA, / VICE PRESIDENT / OF THE BOARD OF CENSORS' / KWANG HSU 23RD YEAR, / 4TH MOON, MAY 1897",-73.962777,NY,1254,Gift of Li-Hung Chang,,Manhattan,"Plaque, Plinth",10027,,,Bronze,,2.0,,Department of Parks and Recreation
,False,1723,C.,,Hunter,,"world war i, war",Side 1: ERECTED / IN / MEMORY / OF / THOSE WHO DIED / IN / THE SERVICE OF/ THEIR COUNTRY / IN / THE WORLD WAR Side 2: MARTIN BEIFUS / PETER CHESLOCK / HARRY DALY / LOUIS ENGESSER / THOMAS ERB / WILLIAM FOYLE / WALTER A. GARLINGE / ANTON KILEY / FRANK KOWALINSKI / EDWARD LACHANCE / BOLESLAW WIENIEWSKI / MICHAEL J. IMPERIAL Side 3: ROY MCNEIL / CHARLES MILLER / ANTHONY NOWAK / LOUIS ROSCOE / FREDERICK SCHOLZE / STEPHEN SHADDOCK / LOUIS SERLIN / FRANK SCHLERETH / WILLIAM STENCHEVER / LEO STANCIEVITCH / HARVEY THORN / OTTO WINDHORST,-73.890878,NY,2808,Gift of Maspeth Memorial Committee,,Queens,"Stele, Memorial Seat",11378,,,Tennessee Pink Marble,,86.0,,Department of Parks and Recreation
,False,6857,,American,,,"american civil war, war",Plaque 1: TO THE MEMORY OF / THE BRAVE MEN / WHO GAVE THEIR LIVES / TO PRESERVE THE UNION / 1861-65; Plaque 2: BY THE MAYOR / ALDERMEN & COMMONALTY / OF THE / CITY OF NEW YORK,-73.929794,NY,2508,"Gift of Mayor, Alderman and commonality of the City of New York",,Queens,"Obelisk, Statue",11378,Daniel,,Bronze,,1.0,National Fine Art Foundry,Department of Parks and Recreation
,True,1118,,,,,"world war i, war",Boulder (front): TO THE DEAD / OF THE / 307TH INFANTRY A.E.F / 590 OFFICERS AND MEN / 1917-1919/; Boulder (back): 1917 HONOR ROLL OF THE 307TH INFANTRY 1919 / 77TH DISICISION A.E.F. BACCARAT-OISE-MEUSE-ARGONNE / (NAMES OF 590 MEN ARE LISTED IN 9 COLUMNS.),-73.971017,NY,1111,Gift of 307th Infantry Post- American Legion,,Manhattan,Marker,10022,,,Bronze,,1.0,,Department of Parks and Recreation
,False,3093,,American,Hepler,,"fountain, maritime, animals","IN HONOR OF / JAMES P. MOLINARO / DEPUTY BOROUGH PRESIDENT / FOR HIS TIRELESS EFFORTS / TO RESTORE SOUTH BEACH / STATEN ISLANDERS SHARE YOUR DREAM / AND APPLAUD YOUR VISION / SEPTEMBER 12, 1998 /",-74.066428,NY,3525,Gift of the Staten Island Borough President's Office,,Staten Island,Fountain,10305,Steven,,Bronze,,200.0,"Bronzart Foundry, Inc.",Department of Parks and Recreation
,False,320,,Danish,,Bertel,"fountain, mythology, temperance",HOPE / TEMPERANCE / FAITH / CHARITY,-73.982183,NY,0403,Gift of the Henry Cogswell and the Moderation Society,,Manhattan,Fountain,10009,Albert,,Bronze,,1.0,,Department of Parks and Recreation
,False,580,,"American, Woman",,,mural,,-73.949941,NY,2696,Commissioned through Department of Cultural Affairs Percent for Art Program,,Brooklyn,Mural,11222,Mary,,"Stucco Substrate, Commercial Exterior Latex Paint",,1.0,,Department of Parks and Recreation
,True,1402,F.,American,Langman,John,"public servant, civil servant",IN / COMMEMORATION / OF THE HEROISM / AND SACRIFICES / OF THE / CITY EMPLOYEES / WHO FOUGHT / IN THE / VARIOUS WARS / OF THE / UNITED STATES / PRESENTED BY / MRS. CHARLES / AUGUSTINE ROBINSON / NATIONAL FLAG-LADY / OF THE VETERANS OF / FOREIGN WARS OF / THE UNITED STATES,-73.971972,NY,1111,Gift of Mrs. Charles Augustine Robinson,,Manhattan,"Flagstaff Base, Plaque",10019,Georg,,Bronze,,1.0,,Department of Parks and Recreation
,False,,,,,,"world war i, war","THIS MONUMENT IS ERECTED / IN HONOR OF / THE MEN OF WOODLAWN HEIGHTS / WHO SERVED OUR COUNTRY / IN THE WORLD WAR / 1917-1919 / THOSE WHO MADE THE SUPREME SACRIFICE / HOWARD F. BUSE / ALVAH E. KENNEDY / ALBERT LANZER / F.X. LYNCH / GEORGE MARTIN / JARVIS P. ROGERS / HERMAN H. SCHERR / WALTER E. WILHELM / DEDICATED JULY 4, 1925 / CONCEIVED AND ERECTED BY THE WOODLAWN HEIGHTS / TAXPAYERS AND COMMUNITY ASSOCIATION WITH THE / ASSISTANCE OF THE PEOPLE OF WOODLAWN. /",-73.873083,NY,3368,Gift of Woodlawn Heights Taxpayers & Community Association,,Bronx,Plinth,10470,,,Bronze,,50.0,,Department of Parks and Recreation
,True,177,,American,Embury II,George Richard,"animals, wpa, bathhouse",,-73.897994,NY,2941,Purchased with Works Progress Administration Funds,,Bronx,Bas-Relief Roundel,10457,Frederick,,Stone,,1.0,,Department of Parks and Recreation
,False,2287,,American,,,animals,,-73.978044,NY,1254,"Gift of the Playground Project, Inc.",Mark K. Morrison Landscape Architecture,Manhattan,"Sculpture, Fountain",10025,Bob,,"Fiberglass, Silica Gel Coating, Vinyl Ester Resin, Kevlar Fiber",,1.0,,Department of Parks and Recreation
,False,794,,British,,William,"allegorical, british, journalist, titanic",W.T. STEAD / 1849 --- 1912 / THIS TRIBUTE TO THE MEMORY OF A / JOURNALIST OF WORLDWIDE RENOWN IS / ERECTED BY AMERICAN FRIENDS AND / ADMIRERS. HE MET DEATH ABOARD THE / TITANIC APRIL 15 1912 AND IS NUMBERED / AMONGST THOSE WHO DYING NOBLY / ENABLED OTHERS TO LIVE. / FINIS CORONAT OPUS. / FORTITUDE ---- SYMPATHY /,-73.958264,NY,1111,Gift of the Committee of the American Stead Memorial,Carrere and Hastings,Manhattan,"Stele, Bas-Relief",10128,George,,Bronze,,1.0,,Department of Parks and Recreation
,False,2847,,,,,"vietnam war, war","IN MEMORY OF / LIEUTENANT VINCENT R. CAPODANNO / CHAPLAINS CORPS / UNITED STATES NAVAL RESERVE / WHO GALLANTLY GAVE HIS LIFE IN THE CAUSE / OF FREEDOM ALTHOUGH HIS ONLY WEAPON / WAS FAITH. --- / LIEUTENANT CAPODANNO, A CATHOLIC CHAPLAIN, WAS BORN / ON STATEN ISLAND ON FEBRUARY 13, 1929. HE WAS / POSTHUMOUSLY PRESENTED THIS NATION'S HIGHEST / AWARD FOR HEROISM -- THE CONGRESSIONAL MEDAL OF / HONOR -- FOR HIS ACTIONS ON A BATTLEFIELD IN THE / REPUBLIC OF VIETNAM WHERE, ON SEPTEMBER 4, 1967, / HE WAS MORTALLY WOUNDED WHILE GIVING MEDICAL AID / AND ADMINISTERING LAST RITES TO HIS WOUNDED AND / DYING COMRADES OF THE 3RD BATTALION, 5TH REGIMENT, / 1ST UNITED STATES MARINE DIVISION. FATHER CAPODANNO / DIED IN THE MANNER WHICH HE HAD LIVED -- / UNSELFISHLY SERVING GOD, HIS COUNTRY AND HIS / FELLOW MAN. / --- / ERECTED BY / MADONNA COUNCIL NO. 5915, KNIGHTS OF COLUMBUS. / THROUGH THE CONTRIBUTIONS OF THE PEOPLE OF / STATEN ISLAND, NEW YORK, AND DEDICATED JULY 3, 1976. / ON THE EVE OF THE BICENTENNIAL CELEBRATION OF / THE FOUNDING OF THE NATION WHICH HE SO / HONORABLY SERVED. /",-74.066657,NY,3525,Gift of the Knights of Columbus/ Madonna Council,"Ring Monuments, Inc.",Staten Island,Stele,10305,,,Bronze,,200.0,,Department of Parks and Recreation
,False,1945,,American,,H.,abstract,,-73.977714,NY,0934,Gift of the Association for a Better New York,,Manhattan,Sculpture,10016,Antoni,,Cor-Ten Steel,,50.0,,Department of Parks and Recreation
,False,,,,,,"war, veterans, vietnam war","HERNDON A. BIVENS / INDUCTED - MARCH, 1969 / MISSING - APRIL 15, 1970 / PLACE - VIETNAM STAFF SGT. WILLIAM K. COLWELL / INDUCTED - SEPT. 20, 1942 / MISSING - DEC. 24, 1965 / PLACE - VIETNAM CAPT. JOSEPH P. FANNING / COMMISIONED - JAN, 1967 / MISSING - DEC. 13, 1968 / PLACE - LAOS",-73.816993,NY,,,,Queens,Tree Marker,11693,,,Bronze,,,,Department of Parks and Recreation
,True,2064,,,,,"world war i, war","DEDICATED/TO THE MEMORY OF / PRIVATE/ WM. J. HENNESSY/ CO. A 4TH INFANTRY 3D DIV. 1917/ KILLED IN ACTION/OCTOBER 9, 1918/ WORLD WAR/ 1917 1918/ ERECTED BY WM. J. HENNESSY POST 1918/ VETERANS OF FOREIGN WARS",-73.968852,NY,,Gift of Veterans of Foreign Wars Post No. 1938,,Brooklyn,"Flagstaff Base, Plaque",11235,,,Bronze,,,,Department of Parks and Recreation
,True,177,,American,Embury II,George Richard,"animals, wpa, bathhouse",,-73.898056,NY,2941,Purchased with Works Progress Administration Funds,,Bronx,Bas-Relief Roundel,10457,Frederick,,Stone,,1.0,,Department of Parks and Recreation
,False,1843,,,Rosenblatt,,philanthropist,ANDREW HEISKELL PLAZA,-73.983991,NY,1257,Gift of the Bryant Park Restoration Corporation,,Manhattan,Plaza,10018,,,Granite,,2.0,,Department of Parks and Recreation
,True,177,,American,Embury II,George Richard,"animals, wpa, bathhouse",,-73.898056,NY,2941,Purchased with Works Progress Administration Funds,,Bronx,Bas-Relief Roundel,10457,Frederick,,Stone,,1.0,,Department of Parks and Recreation
,False,5176,,,,,firefighter,"THIS PARK AND PIER DEDICATED IN HONOR OF HERO FIREFIGHTER LOUIS VALENTINO, JR.",-74.018061,NY,0595,Commissioned by The Brooklyn Borough President's Office,,Brooklyn,Flagstaff Base,11231,,,Granite,,52.0,,Department of Parks and Recreation
,False,814,,American,White,Stirling,"president of the united states, american revolutionary war, war, colonial",,-73.997175,NY,0549,Gift of Washington Arch Committee,,Manhattan,Statue,10012,Alexander,,Granite,,1.0,,Department of Parks and Recreation
,False,"137, 320",,"American, Woman",,,"politician, public servant, congressman, journalist, tammany hall, american civil war","PEDESTAL FRONT: SAMUEL S. COX PLAQUE 1: SAMUEL SULLIVAN COX / THE LETTER CARRIER'S FRIEND / ERECTED IN GRATEFUL AND LOVING MEMORY / OF HIS / SERVICES IN CONGRESS / BY THE / LETTER CARRIERS OF NEW YORK, HIS HOME, / AND OF THE / UNITED STATES, HIS COUNTRY / JULY 4, 1891 / COMMITTEE; GEORGE H. NEWSOM, CHAIRMAN / THOMAS MURPHY, TREASURER, JAMES GREER, / JAMES MC VEY, BERNARD S. KENNEDY, / MICHEAL J. HARNEY, CHARLES P. KELLY. / PLAQUE 2: THE LETTER CARRIERS / OF THE FOLLOWING CITIES / ERECTED THIS MONUMENT TO / SAMUEL SULLIVAN COX. / [HERE FOLLOWS A LIST OF ABOUT 200 CITIES.]",-73.983243,NY,0403,Gift of United States Letter Carriers,,Manhattan,Statue,10009,Louise,,Bronze,,1.0,"Henry-Bonnard Bronze Company, New York",Department of Parks and Recreation
,False,207,,Spanish,,,"abstract, time capsule","plaque: THIS IS THE TIMES CAPSULE, DESIGNED BY / SANTIAGO CALATRAVA, CREATED BY THE NEW / YORK TIMES AND PLACED AT THE AMERICAN / MUSEUM OF NATURAL HISTORY IN 2001. / THE CONTENTS ARE INTENDED TO OFFER / INSIGHT INTO DAILY LIFT TODAY. WE ASK THAT / IT REMAIN SEALED UNTIL JANUARY 1, 3000.",-73.974778,NY,1130,Gift of the New York Times,Polshek Partnership,Manhattan,Sculpture,10024,Santiago,,Stainless Steel,,1.0,"A.R.T. Research Enterprises, Lancaster, PA",Department of Parks and Recreation
,False,3202,,"Spanish, American",Texidor,,"literary character, animals","1) TWINKLE, TWINKLE LITTLE BAT! / HOW I WONDER WHAT YOU'RE AT! / UP ABOVE THE WORLD YOU FLY, / LIKE A TEA-TRAY IN THE SKY 2) THEY TOLD ME YOU HAD BEEN TO HER, / AND MENTIONED ME TO HIM: / SHE GAVE ME A GOOD CHARACTER, / BUT SAID I COULD NOT SWIM 3) BEAUTIFUL SOUP, SO RICH AND GREEN / WAITING IN A HOT TUREEN! / WHO FOR SUCH DAINTIES WOULD NOT STOOP? / SOUP OF THE EVENING, BEAUTIFUL SOUP! 4) TWEEDLEDUM AND TWEEDLEDEE / AGREED TO HAVE A BATTLE; / FOR TWEEDLEDUM SAID TWEEDLEDEE / HAD SPOILED HIS NICE NEW RATTLE. 5) TWAS BRILLIG, AND THE SLITHY TOVES / DID GYRE AND GIMBLE IN THE COABE; / ALL MIMSY WERE THE BOROGROVES, / AND THE MOME RATHS OUTGRABE. 6) SPEAK ROUGHLY TO YOUR LITTLE BOY, / AND BEAT HIM WHEN HE SNEEZES; / HE ONLY DOES IT TO ANNOY, / BECAUSE HE KNOWS IT TEASES 7) ALICE IN WONDERLAND / IN MEMORY OF MY WIFE / MARGARITA DELACORTE / WHO LOVED ALL CHILDREN / GTD / MAGARITA DELACORTE MEMORIAL",-73.966714,NY,1111,Gift of the George & Marguerite De LaCorte Foundation,,Manhattan,Statue,10021,José,Sasaki,Bronze,,1.0,Modern Art Foundry,Department of Parks and Recreation
,False,1314,,,,,"civil war, war","THIS FLAGSTAFF / RAISED IN MEMORY OF THE / VALOROUS YOUNG PATRIOT, / EPHRAIM ELMER ELLSWORTH / BORN 1837 - DIED 1861 / AND HIS FIRE ZOUAVES WHOSE / MEMBERS ENLISTED IN 1861 FOR / MILITARY SERVICE IN THE WAR / BETWEEN THE STATES. / COL. ELLSWORTH WAS THE FIRST / MAN OF HIS RANK KILLED / --- / STAFF ERECTED BY GREENWICH VILLAGE / HISTORICAL SOCIETY; MARKER SUPPLIED BY / STATE OF NEW YORK AND CITY OF NEW YORK / JUNE 14, 1936",40.733722,NY,0592,Purchase of New York City and New York State,,Manhattan,"Flagstaff Base, Plaque",10014,,,Bronze,,87.0,,Department of Parks and Recreation
,False,1351,,American,,Andrew,"literary character, children",C.A. HAFNER SC. / N.Y. 1928 /,-73.943235,NY,1592,Gift of Hugh Adams of the Salute to the Seasons Fund,,Manhattan,Statue,10128,Charles,,Bronze,,1.0,,Department of Parks and Recreation
,False,5961,,American,,Wilson Alexander,author,IRVING,-73.963292,NY,1117,Gift of Demas Barnes,,Brooklyn,"Bust, Pedestal",11225,James,,Bronze,,1.0,,Department of Parks and Recreation
,True,,,,,,animals,PRESENTED TO THE / A. S. P. C. A. / BY / EDITH G. BOWDOIN / 1909,-73.829864,NY,4977,Gift of Edith G. Bowdoin,,Queens,Basin,11354,,,Granite,,130.0,,Department of Parks and Recreation
,False,3783,,American,,,"african american, black american, black history, civil rights, activist",,-73.984708,NY,1157,,,Manhattan,Sculpture,10023,William,,Steel,,25.0,,Board of Education; School Construction Authority
,False,"912, 1611",Hemingway,"French, American",Duncan,H.,"american civil war, war",,-73.969922,NY,,Commissioned by The City of Brooklyn,,Brooklyn,Arch,11238,Philip,,Granite,,,,Department of Parks and Recreation
,False,2289,,"African American, Creole, LGBTQ+, Black American",,,journalist,ARTHUR BRISBANE 1864-1936 / AMERICAN EDITOR AND PATRIOT / HE SPREAD BEFORE ALL A PANORAMA OF THE EVENTS OF HIS / TIMES. HE WAS THE CHAMPION OF WORK AND PEACE BEFORE / ALL MANKIND. HE GAVE TO THE PEOPLE A CLEAR UNDERSTANDING / OF THE HISTORY OF ALL AGES. HE IMPARTED / TO MILLIONS AN APPRECIATION AND LOVE OF THE LITERATURE / ART AND RELIGION WHICH HAVE ENNOBLED THE WORLD.,-73.953250,NY,1111,Gift of Friends of Mr. Brisbane,"Shreve, Lamb & Harmon",Manhattan,Memorial Seat,10029,Richmond,,Granite,,1.0,,Department of Parks and Recreation
,False,5711,,,,,"civil servant, police officer, immigrant, honduran","Plaque (front): LUIS REYNALDO LOPEZ / 1957-1993 / THIS PARK IS DEDICATED TO THE / MEMORY OF A MAN WHO GAVE OF / HIMSELF TO MAKE NEW YORK A / SAFER PLACE FOR CHILDREN TO PLAY / GROUNDBREAKING MAY 23, 1995 / RUDOLPH W. GIULIANI / MAYOR OF THE CITY OF NEW YORK / GUY V. MOLINARI / BOROUGH PRESIDENT OF STATEN ISLAND / HENRY J. STERN / COMMISSIONER OF PARKS AND RECREATION / JEROME X. O'DONOVAN / ALFRED C. CERULLO III, JOHN A. FUSCO / MEMBERS OF THE CITY COUNCIL / Plaque (left): POLICE OFFICER / 1985-1988 / NEW YORK POLICE DEPARTMENT / BORN JULY 18, 1957 / SAN PEDRO SULA, HONDURAS / MOVED TO STATEN ISLAND, 1968 / GRADUATED FROM MCKEE HIGH SCHOOL / ST. GEORGE, STATEN ISLAND, 1975 / MARRIED NELLIE GONZALEZ, 1980 / CHILDREN - LUIS JR. AND ERNESTINA / Plaque (right): DETECTIVE / 1988-1993 / NEW YORK POLICE DEPARTMENT / ROOKIE OF THE YEAR / AWARDED BY STATEN ISLAND / COMMUNITY BOARD #1, 1987 / POLICE OFFICER OF THE YEAR / AWARDED BY STATEN ISLAND / CHAMBER OF COMMERCE, 1989 / MEDAL OF HONOR / AWARDED FOR EXTRAORDINARY / BRAVERY BY NYPD, 1995 / KILLED IN THE LINE OF DUTY / IN THE WAR AGAINST NARCOTICS / ON MARCH 10, 1993 /",-74.084995,NY,2886,Commissioned by the Department of Parks and Recreation,Department of Parks and Recreation,Staten Island,"Flagstaff Base, Plaque",10304,,,Bronze,,40.0,Modern Art Foundry,Department of Parks and Recreation
,False,145,,"German, American",White,Alexander,"american revolutionary war, colonial","Bronze door in base of column: 1776 / THE / PRISON / SHIP / MARTYRS / MONUMENT / 1908 / Vault on lower platform of interior stairway: IN THE NAME OF THE SPIRITS OF / THE DEPARTED FREE / SACRED TO THE MEMORY OF THAT POR- / TION OF AMERICAN SEAMEN, SOLDIERS & / CITIZENS WHO PERISHED IN THE CAUSE OF / LIBERTY & THEIR COUNTRY ON BOARD THE / PRISON SHIPS OF THE BRITISH (DURING THE / REVOLUTIONARY WAR) AT THE WALL ABOUT. / THIS IS THE CORNER STONE OF THE VAULT / WHICH CONTAINS THEIR RELICS. ERECTED BY / THE TAMMANY SOCIETY OF THE COLUMBIAN / ORDER OF THE CITY OF NEW YORK. THE GROUND / FOR WHICH WAS BESTOWED BY JOHN JACKSON, / NASSAU ISLAND, SEASON OF BLOSSOM / YEAR OF DISCOVERY, THE 316TH /. OF THE INSTITUTION THE 19TH AND OF / AMERICAN INDEPENDENCE THE 32ND / APRIL THE 6TH, 1808. / WALL-ABOUT COMMITTEE: / JACOB VANDERVOORT / JOHN JACKSON / BURDET STRYKER / ISAACHER COZZENS / ROBERT TOWNSEND / BENJAMIN WATSON / SAMUEL COWDRY / WILLIAM AND DAVID CAMPBELL – BUILDERS / Plaque on front of monument (1960): IN MEMORY OF THE / 11,500 PATRIOTIC AMERICAN / SAILORS AND SOLDIERS / WHO ENDURED / UNTOLD SUFFERING / AND DIED ON THE / BRITISH PRISON SHIPS. / ANCHORED IN WALLABOUT / DURING THE / REVOLUTIONARY WAR / 1776-1782. / THEIR REMAINS LIE BURIED / IN THE CRYPT / AT THE BASE OF / THIS MONUMENT / WHICH WAS DEDICATED / ON NOVEMBER 14, 1908. / THIS PLAQUE WAS AFFIXED / BY THE / SOCIETY OF OLD BROOKLYNITES / ON JUNE 1, 1960 / FOELLY CRANE, M.D. / PRESIDENT / JAMES A. KELLY / BOROUGH HISTORIAN /",-73.975532,NY,2088,"Gift of The United States Government, The State of New York, New York City, and private contributions","McKim, Mead, and White",Brooklyn,"Column, Urn, Statue",11201,Adolph,,Bronze,,1.0,,Department of Parks and Recreation
,True,,,,,,"world war i, war",THIS PLAYGROUND / IS DEDICATED TO THE MEMORY OF / LOUIS ZIMMERMAN / CORPORAL; / HEADQUARTERS COMPANY; / 305TH INFANTRY; 77TH DIVISION; / KILLED IN ACTION ON NOVEMBER 5TH; 1918 / IN THE ARGONNE - MEUSE OFFENSIVE / THIS SITE WAS PURCHASED AND / DEVELOPED WITH FUNDS CONTRIBUTED BY / RESIDENTS OF THE CITY OF NEW YORK.,-73.868735,NY,4507,Gift of Residents of New York City,,Bronx,Plaque,10467,,,Bronze,,23.0,,Department of Parks and Recreation
,False,,,American,Embury II,,"animals, wpa, eagle",Signed: E. SIEBERN,-73.971392,NY,1111,Purchased with T.E.R.A. Funds,,Manhattan,Bas-Relief,10019,Emil,,Limestone,,1.0,,Department of Parks and Recreation
,False,1053,,"Italian, American",,,"american civil war, swedish, maritime, war","ERECTED BY THE PEOPLE OF THE / STATE OF NEW YORK / TO COMMEMORATE THE BATTLE OF THE / MONITOR AND MERRIMAC / MARCH 9TH, 1862 / AND IN MEMORY / OF THE MEN OF THE MONITOR / AND ITS DESIGNER - JOHN ERICSSON",-73.942796,NY,2687,Gift of The State of New York,,Brooklyn,Statue,11222,Antonio,,Bronze,,1.0,,Department of Parks and Recreation
,False,,,,,,"artillery, world war ii, war","75 MM HOWITZER / MECHANISM, RECOIL / 4"" BORE",-73.718534,NY,,,,Queens,Artillery,11426,,,Steel,,,Rock Island Arsenal,Department of Parks and Recreation
,False,,,,,,"american revolutionary war, colonial","THIS TABLET MARKS THE LAND / UPON WHICH STOOD ""FOUR CHIMNEYS"" . / THE HOUSE OCCUPIED BY / GENERAL GEORGE WASHINGTON / AS HEADQUARTERS / DURING THE BATTLE OF LONG ISLAND / IN WHICH THE COUNCIL OF WAR / WAS HELD AUGUST 29, 1776, WHEN / IT WAS DECIDED TO WITHDRAW THE / AMERICAN ARMY FROM LONG ISLAND. / --- / ERECTED BY / LONG ISLAND STATE SOCIETY / DAUGHTERS OF THE REVOLUTION / 1929",-73.997859,NY,0208,"Gift of The Long Island State Society, Daughters of the American Revolution",,Brooklyn,Plaque,11201,,,Bronze,,25.0,"Jno Williams, Inc.",Department of Parks and Recreation
,False,6846,,"Japanese, American",,,"abstract, sidewalk",,-147.986739,NY,0529,Commissioned by The Department of Buildings,BKSK Architects LLP,Manhattan,Site-Specific Installation,10012,Ken,,Granite,,7508.0,,Department of Buildings
,True,3278,,,,,"world war i, war","FOR GOD AND COUNTRY/ EGBERT SQUARE/ NAMED IN HONOR OF/ ARTHUR STANLEY EGBERT/ SEA 2C USNRF/ WHO DIED IN THE SINKING OF THE/ USS PRESIDENT LINCOLN, ON MAY 31, 1918/ AND DEDICATED TO THE MEN AND WOMEN/ OF PORT RICHMOND AND GRANITEVILLE/ WHO DEVOTEDLY SERVED THEIR COUNTRY / IN THE WORLD WAR 1917-1918 / ERECTED BY / ARTHUR S. EGBERT POST NO 95 / THE AMERICAN LEGION",-74.144332,NY,,Gifted by American Legion Post # 95,Bronze & Marble Maint. Co.,Staten Island,"Stone Monument, Plaque",10302,,,Bronze,,,,Department of Parks and Recreation
,False,5401,McLaughlin,"African American, Black American",Diaz,,"immigration, decorative paving, mosaic",,-73.912528,NY,3498,Commissioned through Department of Cultural Affairs Percent for Art Program,,Brooklyn,Decorative Pavement,11212,Willie,,Terrazzo,,8.0,,Department of Juvenile Justice
,False,1012,,,,Thomas,"allegorical, world war i, war",Plaque (front): IN MEMORIAM / TO THE SOLDIERS AND SAILORS OF THE / FIFTH WARD WHO MADE THE / SUPREME SACRIFICE. / HEROIC DEAD: / GEORGE C. ANDROVETTE --- PHILIP P. GLISMANN / WALTON U. BEAUVAIS --- ALONZO HERBSTREET / MARTIN O. BROWN --- CLARENCE KLINGER / THOMAS CAVALLO --- PETER MASSEY / MARTIN L. DIETZ --- JOHN W. O'MEARA JR. / JOHN L. GARDNER --- ALMER G. RUSSELL / ELWOOD LAFORGE SMITH. / ERECTED BY THE CITIZENS OF THE FIFTH WARD / IN HONOR OF THE SOLDIERS AND SAILORS / WHO SERVED THEIR COUNTRY IN THE / WORLD WAR OF 1914-1918. / Plaques (three sides): [Listing the 480 names of soldiers and sailors from the Fifth Ward who served in World War I and survived],-74.216111,NY,,Gift of Citizens of the Fifth Ward (original); City of New York (replacement),,Staten Island,Sculpture,10309,George,,Bronze,,,Gorham Company (original figure and plaques); Modern Art Foundry (replacement figure),Department of Parks and Recreation
,False,832,,American,Embury II,George Richard,"children, literary character, wpa",Signed: F.G.R. ROTH,-73.965312,NY,1117,Commissioned by The City of New York through The Temporary Emergency Relief Administration,,Brooklyn,Bas-Relief,11225,Frederick,,Limestone,,1.0,,Department of Parks and Recreation
,False,832,,"Welch, Woman",,,"abstract, animals",,-73.964509,NY,1117,Commissioned through Department of Cultural Affairs Percent for Art Program,Gladstone and Hinz Architects; Quinnell Rothschild,Brooklyn,Sculpture,11225,Mags,,Aluminum,,1.0,,Department of Parks and Recreation
,False,3747,,American,,,abstract,ROSENTHAL/1971-74,-74.002931,NY,0119,Commissioned by the Department of Public Works for the new Police Headquarters,,Manhattan,Sculpture,10007,Tony,,"Cor-Ten Steel, Painted",,1.0,,Department of Citywide Administrative Services
,False,,,,,,"naturalist, environmentalist, preservationist, journalist","IN MEMORY OF / J. OTIS SWIFT / 1871-1948 / FOUNDER AND LEADER / OF THE / YOSIAN BROTHERHOOD / NEWSPAPERMAN NATURALIST / HUMANITARIAN / ""WE SEEK JEHOVAH ON THE MOUNTAIN TOPS AND REST OUR SOULS IN THE SILENCE OF WOODLAND PLACES"" / PRESENTED BY THE YOSIAHS / 1947",-73.894873,NY,5900,Gift of the Yosians,,Bronx,"Plaque, Plinth",10471,,,Bronze,,150.0,,Department of Parks and Recreation
,False,,,American,,W.,"african american, black american, black history, christian, baptist, religious leader","Pedestal (front) REV. BENJAMIN J. LOWRY / Pedestal (proper left): REV. BENJAMIN J. LOWRY / ""LIFE HAS TAUGHT ME THAT / THERE IS NO SUBSTITUTE FOR PERSISTENCE / AND HARD WORK. / NO MATTER HOW GIFTED OR TALENTED / AN INDIVIDUAL, LIFE DOES NOT / GUARANTEE HIM SUCCESS. / SUCCESSFUL AND WORTHWHILE LIVES / COME FROM CONSECRATION, DEDICATION, / PERSISTENCE AND FAITH IN GOD."" / DR. B.J. LOWRY / Pedestal (rear): REV. BENJAMIN J. LOWRY / DEDICATED / JUL Y 31, 1982 / Pedestal (proper right): REV. BENJAMIN J. LOWRY / D.D. PH.D LL.D / UNIVERSALIST SCHOLAR / DEDICATED TO RELIGIOUS / SERVICE. HIS INNER / STRENGTH AND MANIFEST / PRACTICE OF THE / SPIRITUAL VALUES / PREACHES WILL ALWAYS / BE A VITAL FORCE / AMONG US. / ZION BAPTIST CHURCH INC. / AND THE COMMUNITY /",-73.964504,NY,1123,Gift of Zion Baptist Church and Community,,Brooklyn,"Bust, Pedestal",11238,Robert,,Granite,,1.0,,Department of Parks and Recreation
,False,1014,Sarsfield,,Kennedy,,"world war i, war","(PLAQUE 1) 1917 ERECTED BY THE --- 1919 / CITIZENS OF FORT HAMILTON / IN MEMORY OF OUR MEN / WHO DIED IN THE WORLD WAR / AND IN HONOR OF THOSE / WHO ANSWERED THEIR COUNTRY'S CALL / DIED / [24 names] / ROLL OF HONOR / EDWARD A. WALLACE, CHAPLAIN / [120 names] / (PLAQUE 2) ROLL OF HONOR / [67 names] (PLAQUE 3) ROLL OF HONOR / [198 names] (Plaque 4) ROLL OF HONOR / [68 names]",-74.030733,NY,,Gift of Citizens of Fort Hamilton,,Brooklyn,"Obelisk, Statue",11209,,,Bronze,,,John Polachek Bronze & Iron Co.,Department of Parks and Recreation
,False,585,,,,,"american revolutionary war, colonial, navy, armed forces, war, maritime","COMMODORE JOHN BARRY / FATHER OF THE AMERICAN NAVY / BORN Co. WEXFORD, IRELAND MARCH 15, 1745 / DIED PHILADELPHIA, PA. SEPTEMBER 13, 1803 / TO MARK THE 250TH ANNIVERSARY / OF HIS BIRTH MARCH 15, 1995 / GIFT OF THE COMMODORE BARRY CLUB OF BROOKLYN /",-73.977638,NY,2025,Gift of the Commodore Barry Club,,Brooklyn,Stele,11205,,,Granite,,1.0,,Department of Parks and Recreation
,False,1160,,American,,W.,"world war i, war",South side: MASSIMO GAMACONE / JOSEPH F. GRASEK / EDMUND H. HAMF / R. J. HANRAHAN JR. / CHRISTIAN M. HANSEN / WALTER HELLMERS / ALBERT HUNTLY / HENRY KANE/ --- / CAMBRAI / CHAMPAGNE MARNE / West side: PAUL A. ALBUS / GEORGE S. ASKEY / ERNEST F. BAUER / SYLVESTER V. CANALES / EDWARD J. COHEN / GUIDO DI AGOSTINO / THOMAS F. DONOVAN / ALPHONSO FRENGS / --- / LEST / WE FORGET / ST. MIHIEL / MEUSE ARGONNE North side: JAMES C. PRITCHARD / HENRY QUIST JR. / JOSEPH RAIA / WILLIAM F. RUSER / WALTER SMITH / CARMINE SPACCERELLI / JOHN UZZI / WALTER BRANDT / --- / VITTORIO VENETO / CHATEAU THIERRY East side: PAUL MARINO / FRANK J. MURPHY / MATTHEW W. MURRAY / LUIGI NARDOZZA / WILLIAM J. NOVY / JOSEPH J. PAVIA / WILLIAM PEGG / MARK PENNACHIO / --- / SOMME / YPRES LYS Northwest side: MCMXXIII Southwest side: STOUGHTON / ARCHITECT,-73.866227,NY,,Gift of Seventh Draft Board of the Bronx,,Bronx,"Obelisk, Relief",10467,Charles,,Granite,,,,Department of Parks and Recreation
,False,6278,,,,,"vietnam war, war",DEDICATED TO THE MEMORY OF / THOSE WHO GAVE THEIR LIVES / IN THE VIETNAM WAR / JOHN A. PAYNE --- FRANCIS S. OBERSON / MILES J. MCLOUGHLIN --- HAROLD SCOTT / VINCENT A. CHIARELLO --- ALFRED TIMMS / DONALD G. COOK --- WAYNE P. PUMA / WILLIAM G. JERRO --- ROCCO R. LUCISANO /JOSEPH COLORIO --- VINCENT R. CAPODANNO / RICHARD COCHEO --- THOMAS R. KEAVENEY / RUSSELL A. PEDERSEN --- CHARLES J. PATRIZIO / DOMINICK SANSONE --- THOMAS F. CAMPBELL / PHILIP F. SHERIDAN --- RICHARD J. COWELL /GREGORY V. MAYNARD --- PAUL A. PARAMATTO / BERNARD BRAY HUGH --- THOMAS SANDSTROM / MICHAEL J. LONGABARDI --- MICHAEL P. CUSICK / JOHN F. MCNAMARA --- JOHN M. GEARY / 1959 --- 1975,-74.033909,NY,6140,Gift of Bay Ridge Vietnam Memorial Committee,U.S. Army New York City Recruiting Battalion,Brooklyn,Plaque,11209,,,Granite,,1.0,Supreme Memorials,Department of Parks and Recreation
,True,5029,,,,,"world war i, war","THIS PARK IS DEDICATED TO / JOHN VINCENT DANIELS, JR. / WOODSIDE RESIDENT WHO DIED IN THE LAST DAYS OF WORLD WAR I. / [circular relief] / PRIVATE FIRST CLASS 102ND FIELD SIGNAL COMPANY / WORLD WAR I",-73.913093,NY,1320,Commissioned by The Department of Parks & Recreation,,Queens,Plaque,11377,,,Bronze,,64.0,,Department of Parks and Recreation
,True,,,Italian,,,"american civil war, war",BRONX / RIVER / SOLDIER,-73.879444,NY,3343,Gift of John B. Lazzarri,,Bronx,Statue,10467,John,,Granite,,500.0,,Department of Parks and Recreation
,False,4700,,"Greek, American",,,"installation, neon, maritime",,-73.993945,NY,1109,Commissioned through Department of Cultural Affairs Percent for Art Program,Richard Dattner and Partners Architects,Manhattan,Light Installation,10019,Stephen,,Neon,,99.0,,Department of Sanitation
,False,4002,,American,,,"abstract, literary character",THE TEMPEST / GIFT OF GEORGE DELACORTE /,-73.968639,NY,1111,Gift of the Delacorte Foundation,,Manhattan,Sculpture,10023,Milton,,Bronze,,1.0,A. Ottavino Corp.,Department of Parks and Recreation
,True,177,,American,Embury II,George Richard,"animals, wpa, bathhouse",,-73.898056,NY,2941,Purchased with Works Progress Administration Funds,,Bronx,Bas-Relief Roundel,10457,Frederick,,Stone,,1.0,,Department of Parks and Recreation
,False,1859,,American,Embury II,George Richard,"animals, wpa",Signed: F.G.R. ROTH,-73.972177,NY,1111,Purchased with T.E.R.A. Funds,,Manhattan,Bas-Relief,10019,Frederick,,Limestone,,1.0,,Department of Parks and Recreation
,False,4165,,"Woman, Jewish, Russian, American",,,abstract,,-74.007966,NY,,Gift of The Mildred Andrews Fund,Smith-Miller & Hawkinson Architects,Manhattan,Sculpture,10038,Louise,,Cor-Ten Steel,,,,Department of Design and Construction
,False,"2912, 5472",,American,Embury II,,"animals, gate, literary characters",East Pylon: IN / MEMORY OF / WILLIAM / CHURCH / OSBORN / 1861-1951 / HE SERVED HIS / CITY AND STATE / FAITHFULLY / AND WELL West Pylon: PRESIDENT / THE CHILDREN'S / AID SOCIETY / 1901-1949 / NEW YORK / SOCIETY FOR / THE RELIEF OF / THE RUPTURED / AND CRIPPLED / 1910-1925 / 1928-1937 / METROPOLITAN / MUSEUM OF ART / 1941-1947 East Gates: THE FOX AND THE CROW / THE CROW LISTENED TO THE FOXES / FLATTERY DROPPED THE CHEESE / THE HARE AND THE TORTOISE / SLOW AND STEADY WINS THE RACE/ West Gates: THE CRANE ALOFT SURVEYS THE WORLD. / THE EARTHBOUND / PEACOCK STRUTS AND BOASTS / WOE TO THE LAMB THAT DISPUTES THE WOLF / THE CITY MOUSE AND THE COUNTRY MOUSE./,-73.961243,NY,1111,Gift of William Church Osborn Memorial Committee,,Manhattan,Ornamental Gate,10028,Paul,,Bronze,,1.0,,Department of Parks and Recreation
,False,674,,Italian,,,"author, poet, italian, italy",,-73.982560,NY,1116,Gifts of Citizens of Italian Descent / Gift of Comitato Nazionale Italiano,Warren and Wetmore,Manhattan,Statue,10023,Ettore,,Bronze,,1.0,,Department of Parks and Recreation
,False,5660,,,,,"politician, public servant","ANTHONY R. GAETA / 1927-1988 / ""KNOW WHAT YOUR VALUES ARE IN LIFE - THEN TOUGH DECISIONS ARE NOT HARD TO MAKE."" / BOROUGH PRESIDENT OF STATEN ISLAND / 1977-1984 / IN APPRECIATION OF HIS ACHIEVEMENTS - OUTSTANDING LEADERSHIP IN THIRTY-NINE / YEARS OF DISTINGUISHED PUBLIC SERVICE, HIS CONTRIBUTION TO THE RESTORATION OF / THE ALICE AUSTEN HOUSE, AND HIS ROLE IN THE OFFICIAL DESIGNATION OF THE GREENBELT. / PARK DEDICATED OCTOBER 22, 1994 / RUDOLPH W. GIULIANI, MAYOR OF THE CITY OF NEW YORK / GUY V. MOLINARI, BOROUGH PRESIDENT OF STATEN ISLAND / HENRY J. STERN, COMMISSIONER OF PARKS & RECREATION /",-74.148816,NY,,Commissioned by the Department of Parks and Recreation,,Staten Island,Plaque,10314,,,Bronze,,,Modern Art Foundry,Department of Parks and Recreation
,False,2103,,"Scandinavian, American",,,1964-65 world's fair,"BEDI-MAKKY ART FOUNDRY, N.Y.",-73.845882,NY,2018,Commissioned for the New York World's Fair,,Queens,Sculpture,11368,Marshall,,Bronze,,1.0,,Department of Parks and Recreation
Brown,False,6198,,,Moody,,"world war ii, war","BATTLE OF THE BULGE/ BELGIUM AND LUXEMBOURG / DECEMBER 16, 1944 JANUARY 25, 1945/ WWII THIS IS UNDOUBTEDLY THE GREATEST AMERICAN BATTLE OF THE WAR AND WILL, I BELIEVE, BE REMEMBERED AS AN EVER FAMOUS AMERICAN VICTORY/ SIR WINSTON CHURCHILL HOUSE OF COMMONS 1945",-74.187677,NY,6596,Gift of Veterans of the Battle of the Bulge and the Department of Parks & Recreation,,Staten Island,"Column, Decorative Pavement",10312,,,Granite,,1.0,,Department of Parks and Recreation
,False,1619,,American,,Holburn,"allegorical, history, law, government",,-73.923700,NY,2468,Purchased with Works Progress Administration Funds,,Bronx,Sculpture,10451,George,,Marble,,1.0,,Department of Citywide Administrative Services
,False,3982,,American,,,"vietnam war, war, veterans",(Inscriptions are quotes from letters sent to friends and family from the men in Vietnam during the war),-74.009806,NY,0006,Gift of Vietnam Veterans Memorial Commission,,Manhattan,Memorial Wall,10041,William,,Bronze,,1.0,,Department of Parks and Recreation
,False,"529, 2006",,American,,,"religious leader, veteran, chaplain, wpa","Front: FATHER DUFFY Back: LIEUTENANT COLONEL / FRANCES P. DUFFY / MAY 2, 1871 - JUNE 26, 1932 / CATHOLIC PRIEST / CHAPLIN / 165TH U.S. INFANTRY / OLD 69TH N.Y. / A LIFE OF SERVICE / FOR GOD AND COUNTRY / SPANISH AMERICAN WAR / NEW YORK NATIONAL GUARD / MEXICAN BORDER / WORLD WAR / DISTINGUISHED SERVICE CROSS / DISTINGUISHED SERVICE MEDAL / CONSPICUOUS SERVICE CROSS / LEGION D'HONNEUR / CROIX DE GUERRE",-73.984992,NY,1018,Gift of Father Duffy Memorial Committee and the Works Progress Administration,,Manhattan,Statue,10036,Charles,,Bronze,,65.0,,Department of Parks and Recreation
,True,3752,,American,,,abstract,"ALAMO 1966-1967 BY TONY ROSENTHAL AN ANONYMOUS GIFT TO THE CITY OF NEW YORK NOVEMBER 1976 JOHN V. LINDSAY MAYOR AUGUST HECKSCHER, ADMINISTRATOR PARKS, RECREATION AND CULTURAL AFFAIRS DORIS FREEDMAN, DIRECTOR DEPARTMENT OF CULTURAL AFFAIRS",-73.991027,NY,,"Gifted by Knoedler & Company, Tony Rosenthal, and an anonymous donor",,Manhattan,Sculpture,10003,Tony,,Cor-Ten Steel,,,Donald Lippincott,Department of Parks and Recreation
,False,2421,,American,,,maritime,,-73.946532,NY,2525,Commissioned through Department of Cultural Affairs Percent for Art Program,Quennell Rothschild and Partners,Brooklyn,Landscape Installation,11222,George,,Stone,,1.0,,Department of Environmental Protection
,False,1096,,"French, German",,Wellington,colonial,"Main plaque: SITE OF THE DONGAN OAK / AT THE BATTLE OF LONG ISLAND, / ON THE HILL TO THE NORTH OF THIS / SPOT, THE AMERICANS HAD A REDOUBT / WITH TWO GUNS, TO GUARD THE OLD / VALLEY GROVE ROAD, CALLED BY THE / EARLY SETTLERS THE ""PORTE"", MEANING / GATE-WAY THROUGH THE HILLS, AND WHICH / RAN IN FRONT OF THIS MONUMENT. BY / THAT ROAD STOOD A WHITE-OAK, MENTIONED / IN THE PATENT OF GOVERNOR DONGAN, / NOVEMBER 12, 1685, AS A MARKER BETWEEN / FLATBUST AND BROOKLYN. THIS TREE WAS / CUT DOWN AND THROWN ACROSS THE / ROAD, WITH THE DENSE WOODS ON THE / SOUTH AND SWAMPS ON THE NORTH, IT / MADE AN IMPORTANT OBSTRUCTION. / AMERICANS, COMMANDED BY GENERAL / SULLIVAN, VALIANTLY DEFENDED THIS POSITION / AGAINST THE HESSIAN GENERAL DE HEISTER, / UNTIL ATTACKED FROM THE REAR BY BRITISH / TROOPS, UNDER GENERAL CLINTON, THEN / THEY RETIRED IN GOOD ORDER, BRINGING / OFF THEIR ARTILLERY. / Plaque in ground: THIS MONUMENT / DEDICATED ON / NOVEMBER 25, 1922 / WAS RESTORED BY / THE PROSPECT PARK ALLIANCE. /---/ ALEXANDER ETTL, / THE ORIGINAL CASTER / RECREATED F.W. RUCKSTULL'S / EAGLE AND PLAQUE. /---/ REDEDICATED / JUNE 6, 1991. /",-73.966539,NY,1117,Gift of the St. Nicholas Society of New York (original marker); Prospect Park Alliance ( second replacement eagle and plinth),,Brooklyn,Plaque,11238,Frederick,,Bronze,,1.0,"Bertelli Foundry, Brooklyn, NY (original eagle); Sculpture House Casting, NY, NY (replacement eagles)",Department of Parks and Recreation
,False,3968,,American,,W.,"african american, black american, black history, athlete, tennis","FREDERICK JOHNSON PARK / DEDICATED TO / THE MEMORY OF / FREDERICK JOHNSON / TENNIS PLAYER COACH / AND CITIZEN OF THE / HARLEM COMMUNITY / A TESTAMENT TO HIS / COMMITMENT IS HIS / FOREMOST PUPIL MISS ALTHEA GIBSON / UNITED STATES AND WIMBLEDON TENNIS / CHAMPION /(SIGNATURE): FREDERICK JOHNSON / JAN. 9, 1891N.Y. / MAY 15, 1963 N.Y. Back: FREDERICK JOHNSON PARK / COMMITTEE / VICTOR A. COLLYMORE/ THEODOSIA G. MAPLES / RUOBERT W. PUGH / DEDICATED OCTOBER 23, 197",-73.936233,NY,2016,Gift of Frederick Johnson Memorial Committee,,Manhattan,Stele,10039,Robert,,Granite,,101.0,,Department of Parks and Recreation
,False,6446,,"Woman, American, Hungarian",,,"abolitionist, african american, black american, black history, author","Granite block 1: BORN FREDERICK AUGUSTUS BAILEY, 1818, TALBOT COUNTY, MARYLAND. / Granite block 2: MARRIED ANNA MURRAY IN 1838, WHO DIED IN 1882. / Granite block 3: MARRIED HELEN PITTS IN 1884. / Granite block 4: ""WHATEVER MAY BE SAID AS TO A DIVISION OF DUTIES AND AVOCATIONS, / THE RIGHTS OF MAN AND THE RIGHTS OF WOMAN ARE ONE AND / INSEPARABLE, AND STAND UPON THE SAME INDESTRUCTABLE BASIS."" - 1851 / Granite block 5: ""THE FLIGHT WAS A BOLD AND PERILOUS ONE; BUT HERE / I AM, IN THE GREAT CITY OF NEW YORK, SAFE AND SOUND, / WITHOUT THE LOSS OF BLOOD OR BONE."" - 1855 / Granite block 6: ""SUCH IS MY DETESTATION OF SLAVERY, THAT I WOULD KEEP THE MERCILESS SLAVEHOLDER PROFOUNDLY IGNORANT OF THE MEANS OF FLIGHT / ADOPTED BY THE SLAVE. HE SHOULD BE LEFT TO IMAGINE HIMSELF SURROUNDED BY MYRIADS OF INVISIBLE TORMENTORS..."" - 1855 / Granite block 7: ""OF MY FATHER I KNOW NOTHING. SLAVERY HAD NO RECOGNITION / OF FATHERS, AS NONE OF FAMILIES."" - 1845 / Granite block 8: ""IF THERE IS NO STRUGGLE THERE IS NO PROGRESS. / THOSE WHO PROFESS TO FAVOR FREEDOM AND / YET DEPRECATE AGITATION...WANT CROPS WITHOUT / PLOWING UP THE GROUND...THEY WANT THE OCEAN / WITHOUT THE AWEFUL ROAR OF ITS MANY WATERS...POWER / CONCEDES NOTHING WITHOUT A DEMAND."" - 1857 / Pavement: RIGHT IS OF NO SEX - TRUTH IS OF NO COLOR - GOD IS THE FATHER OF US ALL, AND WE ARE ALL BRETHREN / MASTHEAD OF THE NORTH STAR / Fountain, north side: FREDERICK DOUGLASS / 1818-1895 / BORN INTO SLAVERY IN MARYLAND, FREDERICK / BAILEY FOUND THE WAY TO FREEDOM ALONG THE / UNDERGROUND RAILROAD IN 1838. DISGUISED AS A / SAILOR, HE TRAVELED TO MANHATTAN BY SHIP, AND FOUND SHELTER AT THE HOUSE OF ABOLITIONIST / DAVID RUGGLES ON LISPENARD STREET. THERE, HE / AWAITED THE ARRIVAL OF HIS FIANCEE, ANNA / MURRAY, A FREE BLACK WOMAN FROM MARYLAND. / THEY MARRIED, AND TOGETHER CONTINUED / BAILEY'S FREEDOM JOURNEY TO MASSACHUSETTS, WHERE HE CHANGED HIS NAME TO DOUGLASS. / LAUDED FOR HIS ORATION, HE BECAME A PROMINENT / ABOLITIONIST AND PURCHASED HIS LEGAL FREEDOM / FROM SLAVERY. / PUBLISHER OF THE ABOLITIONIST / JOURNAL THE NORTH STAR, HE CHAMPIONED / FREEDOM FOR ALL AMERICANS AND ENDORSED / WOMEN'S SUFFRAGE. DOUGLASS LATER HELD POSTS / AS ASSISTANT SECRETARY OF THE SANTO DOMINGO / COMMISSION (1871), MARSHALL OF THE DISTRICT OF / COLUMBIA (1877-1881) AND U.S. MINISTER TO HAITI / (1889-1891). FOLLOWING THE DEATH OF HIS WIFE / IN 1884, DOUGLASS MARRIED HELEN PITTS. HE DIED / IN WASHINGTON, D.C. ON FEBRUARY 20, 1895. / Fountain, south side: GABRIEL KOREN, SCULPTOR / ALGERNON MILLER, SITE ARTIST / DECEMBER 2005 /",-73.958162,NY,,Commissioned through Department of Cultural Affairs Percent for Art Program,Quennell Rothschild & Partners,Manhattan,Statue,10026,Gabriel,,Bronze,,,,Department of Parks and Recreation
,False,1521,,American,,,"abstract, sundial",,-73.893201,NY,1349,,,Queens,Sculpture,11377,Robert,,Aluminum,,28.0,,Board of Education; School Construction Authority
,False,,,,,,"world war ii, war","Plaque 1 (bronze): IN MEMORY OF THE MEN OF / BAYSIDE HILLS / WHO MADE THE SUPREME SACRIFICE / 1941-1945 / ALFRED B. FISCHETTI GERALD MCCARTHY / LEO MANZI LAMBERT CHARLES SCHROEDER/ERECTED BY / BAYSIDE HILLS CIVIC ASSOCIATION INC. / MAY, 1949 /; Plaque 2 (iron): DEDICATED TO OUR BOYS / IN THE U.S. SERVICE / 1942 / BAYSIDE HILLS / CIVIC ASSOCIATION; Plaque 3: THE BAYSIDE HILLS CIVIC ASSOCIATION / RE-DEDICATES THIS MALL TO THE MEMORY OF / OUR BRAVE RESIDENTS WHO SACRIFICED / THEIR LIVES IN DEFENSE OF THE / PRINCIPLES AND IDEALS OF FREEDOM / ""GOD BLESS AMERICA"" / MAY 25, 2002",-73.764547,NY,,Gift of Bayside Hills Civic Association,,Queens,Plaque,11364,,,Bronze,,,,Department of Parks and Recreation
,False,500,Pelham,,Bolton,,"american revolutionary war, colonial",AMERICAN REDOUT [sic] / 1776 / WASHINGTON HEIGHTS / CHAPTER D.A.R. / 1910,-73.944556,NY,2178,"Gift of the Daughters of the American Revolution, Fort Washington Chapter",,Manhattan,Plaque,10033,,,Bronze,,3.0,,Department of Parks and Recreation
,False,4641,,American,,,"fountain, animals",,-73.963069,NY,1117,Commissioned by the Department of Parks and Recreation,,Brooklyn,Fountain,11226,Christian,,Bronze,,1.0,,Department of Parks and Recreation
,False,529,Frederick,American,Langmann,John,"playwright, entertainer","South side: GEORGE / M / COHAN / 1878-1942"" /---/ GIVE MY REGARDS TO BROADWAY East side: FORTY FIVE MINUTES FROM BROADWAY / YANKEE DOODLE BOY North side: YOUR A GRAND OLD FLAG / OVER THERE West side: MARY'S A GRAND OLD NAME / HARRIGAN",-73.985151,NY,1018,Gift of George M. Cohan Memorial Fund,,Manhattan,Statue,10036,Georg,,Bronze,,65.0,,Department of Parks and Recreation
,False,1835,,,,,"colonial, native american, indigenous, reckgawawang","SHORAKKOPOCH / ACCORDING TO LEGEND, ON THIS SITE OF THE / PRINCIPAL MANHATTAN INDIAN VILLAGE, PETER MINUIT / IN 1626, PURCHASED MANHATTAN ISLAND FOR TRINKETS / AND BEADS THEN WORTH ABOUT 60 GUILDERS. / THIS BOULDER ALSO MARKS THE SPOT WHERE / A TULIP TREE (LIRIODENRON TULIPIFERA) GREW TO A HEIGHT / OF 165 FEET AND A GIRTH OF 20 FEET. IT WAS, UNTIL / ITS DEATH IN 1932 AT THE AGE OF 220 YEARS, THE LAST LIVING LINK WITH THE RECKGAWAWANG INDIANS / WHO LIVED HERE / DEDICATED AS PART OF / NEW YORK CITY'S 300TH ANNIVERSARY CELEBRATION / BY THE PETER MINUIT POST 1247 AMERICAN LEGION / JANUARY 1954",-73.923716,NY,2255,"Gift of The Peter Minuit Post 1247, American Legion",General Bronze Corporation,Manhattan,Plaque,10034,,,Bronze,,2000.0,,Department of Parks and Recreation
