city,borough,title,foundry,fabricator,primary_architect_first,landscape_architect_last,artwork_type1,location_name,landscape_architect_middle,lot,date_created_approximation,primary_artist_first,date_dedicated,date_dedicated_approximation,secondary_artist_first,inscription,pdc_records,secondary_artist_last,material,subject_keyword,primary_architect_middle,date_created,landscape_architect_first,primary_artist_last,block,secondary_architect_last,address,secondary_architect_middle,artwork_type2,alternate_title,secondary_architect_first,latitude,state
Bronx,Bronx,Poor Fish,,,Aymar,,Bas-relief roundel,Crotona Pool Bath House,,1.0,Y,Frederick,1936,N,,,177,,Stone,"Animals, WPA, Bathhouse",,1936,,Roth,2941,,173rd Street and Fulton Avenue,,Artwork,,,40.839942,NY
New York,Manhattan,Group of Bears,Paul King Foundry,,,,Statue,Central Park,,1.0,N,Paul,1990,N,,GROUP OF BEARS / PAUL MANSHIP 1885-1966 / ORIGINAL BRONZE CAST 1932 / THIS BRONZE CAST 1989 / A GIFT BY SAMUEL N. FRIEDMAN / IN MEMORY OF HIS BELOVED WIFE / PAT HOFFMAN FRIEDMAN,5177,,"Bronze, granite",Animals,,1989,,Manship,1111,,Fifth Avenue and 79th Street,,Artwork,,,40.777487,NY
Rockaway Park,Queens,Rockaway Mosaic,,City Arts Workshop,,,Mosaic,Rockaway Park,,,Y,Ann,1981,N,,"MOSAIC DESIGNS BY ANN EVANS 1981 / PRODUCED BY CITYARTS WORKSHOP INC. / WITH A GRANT FROM THE NEW YORK CITY / DEPARTMENT OF CULTURAL AFFAIRS COMMUNITY / ARTS DEVELOPMENT PROGRAM AND THE / OFFICE OF NEIGHBORHOOD ECONOMIC / DEVELOPMENT, O.E.D. FUNDED BY / THE UNITED STATES DEPARTMENT OF HOUSING AND URBAN DEVELOPMENT COMMUNITY / DEVELOPMENT BLOCK GRANT PROGRAM. / MOSAICS PRESENTED IN COOPERATION WITH THE NEW YORK CITY DEPARTMENT OF PARKS / AND RECREATION AND THE CHAMBER OF / COMMERCE OF THE ROCKAWAYS.",2530,,Brick,"Beach, Summer, Mosaic, Recreation",,1981,,Evans,,,Ocean Promenade and East 116th Street,,Artwork,,,40.577715,NY
Brooklyn,Brooklyn,Mowgli Rides the Bull Against the Tiger,,,Aymar,,Bas-relief,Prospect Park Zoo,,1.0,N,Frederick,1935,N,,Signed: F.G.R. ROTH,832,,Indiana limestone,"Children, Literary Character, WPA",,1935,,Roth,1117,,450 Flatbush Avenue,,Artwork,,,40.665417,NY
Bronx,Bronx,Pete McArdle,,,Al,,Installation,Van Cortlandt Park,,150.0,N,,1986,N,,FINISH LINE / PETE MCARDLE,628,,"Aluminum, granite","Athlete, Sports, Immigrant, Irish, Runner",,1986,,,5900,,Broadway and West 251nd Street,,Artwork/Memorial,,,40.894001,NY
Brooklyn,Brooklyn,Ulysses Simpson Grant,"M.H. Mosman, Chicopee, MA",,,,Statue,Grant Square Gore,,20.0,N,William,1896,N,,"Pedestal front: GRANT

Pedestal rear: PRESENTED / TO THE CITY / BY THE UNION LEAGUE CLUB / OF BROOKLYN / APRIL 27TH 1896",5165,,"Bronze, dark Barre granite","Ukrainian, World War II, War, Equestrian",,1896,,Partridge,1218,,Bergen Street between Bedford and Rogers Avenue,,Monument/Memorial,,,40.676694,NY
Bronx,Bronx,Bronx Victory Memorial,,,A.S.,,Statue,Mosholu Parkway,,,N,Jerome,1925,N,,"Pedestal: ERECTED BY THE CITIZENS / AND PATRIOTIC FRIENDS / TO THE MEMORY OF / THOSE OF THE BRONX / WHO SERVED AND TO THOSE / WHO FOUGHT AND DIED / IN THE WORLD WAR / THAT THE LIBERTY AND / THE IDEALS OF OUR / COUNTRY MIGHT ENDURE / MCMXXV Integral base: EAGLE BRONZE WORKS, INC. FOR J.W. FISK IRON WORKS, NEW YORK",1330,,"Bronze, Rockport granite, Deer Isle granite","World War I, War",,1925,,Connor,,,Mosholu Parkway and Marion Avenue,,Monument/Memorial,,,40.871083,NY
New York,Manhattan,Gay Liberation,"Johnson Atelier, Hamilton Township, NJ",,,Winslow,Statues,Christopher Park,N.,87.0,N,George,1992,N,,GAY LIBERATION / BY / GEORGE SEGAL / BRONZE CAST -- 1980 / DEDICATED -- 1992 /---/ GIFT OF THE MILDRED ANDREWS FUND / TO THE CITY OF NEW YORK,1314,,Lacquered bronze,"LGBTQ+, Stonewall Inn, Gay Liberation, Gay Rights",,1980,Philip,Segal,592,,"Christopher Street, Grove Street and West 4th Street",,Artwork,,,40.733585,NY
New York,Manhattan,General Philip Henry Sheridan,,,,,Statue,Christopher Park,,87.0,N,Joseph,1936,N,,"GENERAL PHILIP HENRY / SHERIDAN / 1831-1888 Right of pedestal: ""HE BELONGS TO THE FIRST RANK / OF SOLIDERS. NOT ONLY OF OUR / COUNTRY BUT OF THE WORLD"" / U.S. GRANT Left of pedestal: ERECTED BY THE GENERAL SHERIDAN / MEMORIAL ASSOCIATION AND HIS COMRADES OF THE G.A.R.",1314,,"Bronze, granite","American Civil War, Military, War",,1936,,Pollia,592,,West 4th Street and Grove Street,,Monument/Memorial,,,40.733639,NY
New York,Manhattan,Fiorello H. La Guardia,,,,,"Bust, pedestal",Little Flower Playground,,12.0,N,Jo,1957,N,,"FIORELLO LA GUARDIA / 1882-1947 / STATESMAN / HUMANITARIAN / AVIATOR / MAYOR OF / THE CITY OF NEW YORK / 1934-1945 / I HAVE FOUGHT A GOOD FIGHT / I HAVE FINISHED MY COURSE / I HAVE KEPT THE FAITH / *** II TIMOTH IV. 7 / THIS MEMORIAL / ERECTED BY / THE LA GUARDIA/
MEMORIAL ASSOCIATION / 1957",2939,,"Bronze, granite","Mayor, politician, public servant",,1934,,Davidson,255,,Madison Street and Jefferson Street,,Monument/Memorial,,,40.712390,NY
New York,Manhattan,Susan E. Wagner,,,,,Plaque,Park Avenue Malls,,,N,,1965,N,,THIS FORTY FLOWERING CHERRY TREES / IN THE MALLS BETWEEN 75TH AND 96TH STREETS / A GIFT OF THE / ALBERT & MARY LASKER FOUNDATION / WERE PLANTED IN MEMORY OF / SUSAN E. WAGNER / BELOVED FIRST LADY OF THE CITY OF NEW YORK / NOVEMBER 1964,3297,,Bronze,"Women, Woman, First Lady",,1965,,,,,Park Ave between East 75th Street and East 76th Street,,Marker,,,40.773052,NY
New York,Manhattan,Martin Birdbath,,,,,Bird bath,Central Park,,1.0,N,Oronzio,1942,N,,EDITH DEACON MARTIN / 1898 1941 / OMNIA AD MAIROEM DE GLORIAM /,"2019, 1859",,Marble,"Abstract, Birdbath, Woman",,1942,,Maldarelli,1111,,Park Road and East 63rd Street,,Artwork,,,40.766981,NY
New York,Manhattan,Slocum Disaster Memorial,,,,,"Stele, bas-relief",Tompkins Square Park,,1.0,N,Bruno,1906,N,,"(FRONT, UPPER RIGHT): THEY WERE / EARTH'S / PUREST / CHILDREN / YOUNG AND / FAIR

(PROPER RIGHT SIDE): IN MEMORY OF / THOSE WHO LOST / THEIR LIVES / IN THE DISASTER TO / THE STEAMER / GENERAL SLOCUM / JUNE XV / MCMIV

(PROPER LEFT SIDE): DEDICATED / BY / THE SYMPATHY SOCIETY / OF GERMAN LADIES / THE YEAR OF OUR LORD / MCMVI","157, 195, 320",,Tennessee pink marble,"General Slocum disaster, Fountain, children",,1906,,Zimm,403,,East 10th Street between Avenue A and Avenue B,,Monument/Memorial,,,40.726912,NY
New York,Manhattan,Wolf and Lynxes,,,Aymar,,Bas-relief,Central Park Zoo,,1.0,N,Frederick,1935,N,,Signed: F.G.R. ROTH,1859,,Indiana limestone,"Animals, WPA",,1935,,Roth,1111,,Central Park Zoo,,Artwork,,,40.768280,NY
Brooklyn,Brooklyn,Genevieve Beavers Earle,"Forman Company, Brooklyn, New York",,,,"Flagstaff base, plaque",Brooklyn Heights Promenade,,25.0,N,,1956,N,,"IN MEMORY OF / GENEVIEVE BEAVERS EARLE / 1883-1956 
LONGTIME RESIDENT OF BROOKLYN HEIGHTS / CIVIC LEADER AND GOOD NEIGHBOR / MEMBER AND MINORITY LEADER OF THE CITY COUNCIL / DEVOTED TO THE WELFARE OF BROOKLYN AND / THE CITY OF NEW YORK / THIS PLAQUE IS THE GIFT OF HER MANY FRIENDS",3184,,"Bronze, Granite","Politician, public servant, City Councilmember",,1956,,,208,,Montague Street and Montague Terrace,,Monument/Memorial,,,40.695822,NY
Bronx,Bronx,Van Cortlandt Memorial Grove (39 tablets),,General Bronze Corporation,,,Tree markers,Van Cortlandt Park,,150.0,N,,1949,N,,,"1960, 1501",,"Bronze, granite","World War II, War",,1949,,,5900,,Broadway and 242nd Street,,Monument/Memorial,,,40.891360,NY
New York,Manhattan,Daniel Webster,"Von Miller's Foundry, Munich, Germany",,,,Statue,Central Park,,1.0,Y,Thomas,1876,N,,"LIBERTY AND UNION, / NOW AND FOREVER, / ONE AND INSEPARABLE. / DANIEL WEBSTER /",3911,,"Bronze, granite","Lawyer, politician, Secretary of State, Senator, Congressman",,1876,,Ball,1111,,West Drive at Terrace Drive,,Monument/Memorial,,,40.774762,NY
New York,Manhattan,Large Coqui,"Beacon Fine Art Foundry, Beacon, NY","Insun Kim, Beacon Fine Art Foundry, Beacon, NY",,,Sculpture,ABC Playground,,10.0,N,Tom,2007,N,,,1903,,Bronze,Animals,,2004,,Otterness,355,,East Houston Street and Essex Street,,Artwork,,,40.721976,NY
Bronx,Bronx,Van Nest Memorial,,,Arthur,,Stele,Van Nest Memorial Park,,100.0,N,,1926,N,,"Side 1: ERECTED BY THE / VAN NEST CITIZEN'S / PATRIOTIC LEAGUE / IN MEMORY OF / THOSE WHO SERVED / OUR COUNTRY / IN THE / WORLD WAR / 1917 --- 1918 / AND / WORLD WAR II / 1941 --- 1945 Bronze Plaque: REDEDICATION BY / ITALIAN AMERICAN WAR VETERANS / BRONX COUNTY POST 39 / OCTOBER 31, 1979 Side 2: KOREA / RALPH J. CELENTANO / ROBERT F. GORMAN Side 3: LEST WE FORGET / PAUL ARNONE / THOS. BARRY / F.M. BEGAN / VIVIEN BROWN / C. DIEDTRICH / H. ERLANDSEN / WM. GORTON / JOS. A. KALLAS / CHAS. KEEGAN / ARTHUR MCBRIDE / F. SCHLAICH / H. SCHEELER / J. SLATOBOLSKY / EUG. L. ZENGEN / JOHN N. BELMONT / DEDICATED / MCMXXVI  Side 4: VIETNAM / MICHAEL P. GALEA / PATRICK J. GALLAGHER / DANIEL MEADE / MARTIN R. POWERS / ANGELO G. RAPTIG / DENNIS J. RUSSO / VINCENT M. SORANNO / ROBERT L. TARANTO / RICHARD J. TIRIGO / JULIO C. VARGAS / RICHARD PARKER / PETER R. WIESNEIFSKI",1334,,Deer Isle granite,"World War I, World War II, Korean War, Vietnam War, War",George,1926,,,4028,,"White Plains Road, Unionport Road, and Mead Street",,Monument/Memorial,,,40.842990,NY
Brooklyn,Brooklyn,Greenpoint World War II Memorial,,,,,Stele,Macri Triangle,,31.0,N,,1954,N,,"Stele:
THAT WE BE FREE /

Tablet:
1941 1945 / THIS TABLET IS DEDICATED TO THE MEN OF THIS/ COMMUNITY WHO MADE THE SUPREME SACRIFICE IN WORLD WAR II / SSGT. ADAMS, V.J. --- PFC. D'AMATO, L.C. --- SGT. GWIAZDOWSKI, M. --- PVT. PROTO, L. / PFC. ARETINO, D.C. --- SGT. DEODATI, K. --- PFC. KAZAKEVICJ, V.L. --- PVT. RUBINETTI, J. / PVT. BIANCO, A.J. --- CPL. DESIO, J.S. --- LT. KORBELAK, S. --- PFC. RUBINETTI, J. / SFC BIELINSKI, J. --- PVT. DOMANICO, T.J. --- PFC. LA ROCCA, P.F. --- TCPL. RUSSO, J.A. / SSGT. BILASZ, S. --- PVT. FALCO, R. --- SGT. LA TORRE, G.M. --- PFC. SACCONE, A. / PFC. BOSCO, F.C. --- CPL. FALTER, F.F. --- SGT. LAWOR, G. --- PVT. SANTA MARIA, C. / PVT. BUONAGURO, J.A. --- PFC. FARANDA, F.F. --- PVT. LEONARD, E.A. --- PVT. SCHETTINO, V. / PFC. BUSRUS, A. --- 1ST LT. FEDERICO, D.J. --- PFC. LIGUORI, D.A. --- PVT. SCHMIEDER, A.J. / PVT. CALIENDO, P. --- PFC. FERONE, J.P. --- SFC. LOMBARDI, V.J. --- PFC. SCUDIERE, V. / PFC. CANDELA, S. --- CPL. FILL, J. --- PFC. LOMUTO, F.S. --- PFC. SEVERINO, C. / PFC. CARBONE, R. --- PVT. FORGIONE, V. --- PVT. MADDALONI, L. --- CPL. SIJEWIC, A. / CMOM. CHESTARO, T.W. --- PFC. FORLANO, L.A. --- PVT. MASCIA, V.J. --- SSGT. TAFURI, G. / TSGT. CHIAFARI, F.J. --- PVT. FRANZESE, S. --- PVT. MAZZA, N. --- CPL. THOMAS, A.J. / SSGT. CHIPICHETTA, J.A. --- COX. FURINO, L.A. --- CPL. MONTEFORTE, F.J. --- PFC. TITANO, S.C. / PFC. CIA, J. --- PVT. GAGAS, C.J. --- PFC. MURAWSKI, M. --- PVT. UVINO, A. P. / PFC. CIANTRO, JR., P. --- PL.SGT, GATTO, J.D. --- CPL. PACIA, M.A. --- PFC. VELOTTA, F.P. / CPL. CIFALDI, J. --- LT.FR. GIORGIO, E.J. --- PFC. PALLADINO, F.D. --- SSGT. VINTIS, C.V. / SGT. CIMINO, V.J. --- PVT. GRASSANO, N. --- PVT. PECORA, F.D. --- PFC. VITACCO, S. / PFC. CORTWRIGHT, W.H. --- PVT. GUIDICE, A.M. --- PFC. PIZZONIA, A. --- SFC. YODICE, G. I. / PVT. GUIDICE, J.V. --- PFC. POPPOPA, J. / ERECTED BY THE TWENTY-SEVEN MEMORIAL POST NO. 1751, AMERICAN LEGION",3033,,"Bronze, granite","World War II, War",,1954,,,2323,,Union Avenue and Metropolitan Avenue,,Monument/Memorial,,,40.714254,NY
Brooklyn,Brooklyn,Alfred Tredway White Memorial,,,Henry,,"Bas-relief, stele",Brooklyn Botanic Garden,,1.0,N,Daniel,1923,N,,"D.C. FRENCH 1922


ALFRED TREDWAY WHITE /1846-1921/LOVER OF NATURE/HELPER OF MANKINS/BELOVED OF ALL

(Stele) GIFTS IN MEMORY OF/ SETH OLIVER HAWKINS/ 1965-1989/FROM HIS FAMILY AND FRIENDS/
MADE POSSIBLE THE PLACEMENT/OF THIS REPLICA OF/A DANIEL CHESTER FRENCH BAS RELIEF IN THIS/
THE ORIGINAL LOCATION/JUNE 1900",1155,,"Bronze, fieldstone",Philanthropist,,1922,,French,1183,,Washington Street and Crown Street,,Monument/Memorial,,,40.667947,NY
New York,Manhattan,Giuseppe Mazzini,G. Fisher & Bros Brnz Works,"F. Malnati, Woodlawn, NY",F.,,"Bust, pedestal",Central Park,,1.0,N,Giovanni,1878,N,,"Front: GIUSEPPE MAZZINI Right: DIO E IL POPULO Left: PENSIERO ED AZIONE Rear: PRESENTED / TO THE CITY OF NEW YORK / BY THE ITALIANS / IN THE
U.S. OF AMERICA / 1878",3911,,"Bronze, granite","Philosopher, Politician",,1876,,Turini,1111,,West Drive,,Monument/Memorial,,,40.772996,NY
New York,Manhattan,Mother Goose,,"J. Cacioppo, R. Anslow (?)",Aymar,,Sculpture,Central Park,,1.0,N,Frederick,1938,N,,F.G.R. ROTH,"1859, 2208",,Granite,"Literary Character, WPA, Woman, women",,1938,,Roth,1111,,Rumsey Playfield,,Artwork,,,40.772405,NY
New York,Manhattan,Governor Alfred E. Smith Memorial,,,,,Statue,Alfred E. Smith Playground,,160.0,N,Charles,1950,N,,"Front: THESE HOUSES ARE NAMED / FOR / ALFRED EMANUEL SMITH / 1873 - 1944 / SPEAKER OF THE ASSEMBLY / SHERIFF OF NEW YORK COUNTY / PRESIDENT OF THE BOARD OF / ALDERMEN / FOUR TIMES GOVERNOR OF / THE STATE OF NEW YORK / NOMINEE FOR / PRESIDENCY OF THE / UNITED STATES / THIS MEMORIAL IS THE / GIFT OF HIS FRIENDS Right: BORN AND RAISED / IN THIS OLD EAST / SIDE AS WERE HIS / FATHER, MOTHER / WIFE AND FIVE / CHILDREN. HE/ WORKED DEVOT-/ EDLY TO MAKE IT / A BETTER AND A/ HAPPIER HOME / FOR HIS NEIGHBORS Left: HAPPY WARRIOR / FOR THE RIGHTS / OF HUMANITY HE / VOICED THE FAITH / ""THE GREATEST / PRIVILEGE THAT / CAN COME TO ANY / MAN IS TO GIVE / HIMSELF TO THE / NATION WHICH / REARED HIM""",2673,,"Bronze, marble","Politician, public servant, Governor, Irish, Catholic",,1946,,Keck,111,,Catherine Street and Cherry Street,,Monument/Memorial,,,40.710861,NY
New York,Manhattan,Coenties Ship,,,,,Sculpture,Coenties Slip,,,Y,Bryan,2006,N,,,6519,,"Stainless steel, cast glass",Abstract,,2006,,Hunt,,,Coenties Slip between Water Street and Pearl Street,,Artwork,,,40.703484,NY
New York,Manhattan,Eleventh Milestone Marker,,,,,"Plaque, plinth",Roger Morris Park,,1.0,Y,,1912,Y,,11 MILES FROM / N. YORK / ON THE KINGSBRIDGE RD / IN 1769 AT 170TH STREET / IN 1819 AT 189TH STREET / THE CITY HISTORY CLUB / 1912,649,,"Granite, brass, brownstone",Milestone,,1912,,,2106,,West 160th Street and Jumel Terrace,,Marker,,,40.834578,NY
New York,Manhattan,Carl Schurz Memorial,Jno. Williams,Piccirilli Brothers,Henry,,"Statue, exedra",Morningside Park,,1.0,N,Karl,1913,N,,CARL SCHURZ / SOLDIER - STATESMAN / PHILANTHROPIST / 1829 1906/,415,,"Bronze, granite","German, Revolutionary, Politician, Journalist, Reformer, Veteran",,1913,,Bitter,1850,,Morningside Drive and 116th Street,,Monument/Memorial,,,40.805984,NY
Queens Village,Queens,Private Walter B. Robertson,,,,,Tree marker,Queens Village Veterans Plaza,,25.0,Y,,1939,N,,"THIS TREE IS DEDICATED TO / THE MEMORY OF / PVT. WALTER B. ROBERTSON / COMPANY F - 8TH REG'T - U.S. ARMY / SPANISH AMERICAN WAR / DIED - AUGUST 3, 1939",,,"Bronze, granite","Spanish-American War, War",,1939,,,10771,,Jamaica Avenue and Springfield Boulevard,,Marker,,,40.718139,NY
Astoria,Queens,Sophocles,Modern Art Foundry,Cold Spring Granite; Domenick de Nigris Monuments,,,Statue,Athens Square Park,,1.0,N,Chris,2015,N,,"Front: SOPHOCLES / 496 BC - 406 BC / ANCIENT GREEK PLAYWRIGHT, PRIEST, / POLITICIAN AND GENERAL OF ATHENS. / HIS COMPLETE PLAYS ARE / AJAX , ANTIGONE , ELECTRA, / OEDIPUS AT COLONUS, / OEDIPUS REX, TRACHINIAE, / PHILOCTETES Side 1: ONE WORK ALONE / REPAYS YOU FOR THE / LABOR OF OUR LIVES / LOVE / OEDIPUS AT COLONUS;  Side 2: FOR KINDNESS / BEGETS KINDNESS / EVERMORE / AJAX  Back: SOPHOCLES",3809,,"Bronze, Mountain Green granite","Greek, Playwright, Author",,2010,,Vilardi,594,,30th Avenue between 29th Street and 30th Street,,Artwork,,,40.767584,NY
New York,Manhattan,369th Infantry Regiment Memorial,,,,,Obelisk,369th Regiment Armory,,17.0,N,,2006,N,,North side: 93RD ST / DIVISION / (US) / [Insignia] / 369TH / INFANTRY / REGIMENT / (15TH REG-NYG) / (COLORED) / IN MEMORY / 1918 / MEUSE-ARGONNE / OFFENSIVE / RIPONT / MONT-CUVELET / SECHAULT / 26 SEP - 1OCT South side: 161 ST / DIVISION / (FR) / [Insignia] / 369TH / INFANTRY / REGIMENT / (15TH REG-NYG) / (COLORED) / IN MEMORY / 1918 / MEUSE-ARGONNE / OFFENSIVE / RIPONT / MONT-CUVELET / SECHAULT / 26 SEP - 1OCT,1665,,"Gray granite, polished","Harlem Hellfighters, World War I, War",,2006,,,1740,,2366 Fifth Avenue,,Monument/Memorial,,,"40.817006,",NY
New York,Manhattan,Firemen's Memorial,,,,,Sarcophagus,James J. Walker Park,,1.0,N,,1834,N,,"THIS MONUMENT IS ERECTED / BY THE MEMBERS OF / EAGLE FIRE ENGINE COMPANY / NO. 13 / IN CONNECTION WITH THE FRIENDS OF THE / DECEASED / TO COMMEMORATE THE SAD EVENT / CONNECTED WITH THEIR DEATH / AND THE LOSS / WHICH THEY DEPLORE /

Marble side 2:
HERE ARE INTERRED / THE BODIES OF / EUGENE UNDERHILL / AGED 20 YEARS 7 MONTHS AND 9 DAYS / AND FREDERICK A. WARD / AGED 22 YEARS 1 MONTH AND 16 DAYS / WHO LOST THEIR LIVES BY THE FALLING OF A BUILDING / WHILE ENGAGED / IN THE DISCHARGE OF THEIR DUTY AS / FIRE MEN / ON THE FIRST DAY OF DUTY / MDCCCXXXIV /

Bronze plaque:
THIS GROUND WAS USED AS A CEMETERY / BY TRINITY PARISH / DURING THE YEARS 1834-1898. / IT WAS MADE A PUBLIC PARK / BY THE CITY OF NEW YORK / IN THE YEAR 1897-8. / THIS MONUMENT STOOD IN THE CEMETERY / AND WAS REMOVED TO THIS SPOT / IN THE YEAR 1898. /",2252,,Marble,Firefighters,,1834,,,582,,Leroy Street & Clarkson Street,,Monument/Memorial,,,40.730092,NY
New York,Manhattan,Rocky Mountain Goats,,,Aymar,,Bas-relief,Central Park Zoo,,1.0,N,Frederick,1935,N,,,1859,,Indiana limestone,"Animals, WPA",,1935,,Roth,1111,,Central Park Zoo,,Artwork,,,40.767416,NY
New York,Manhattan,Peter Stuyvesant,,,,,Statue,Stuyvesant Square,,40.0,N,Gertrude,1941,N,,Base: PETER STUYVESANT / DIRECTOR - GENERAL / OF / NEW NETHERLAND / 1647 - 1664 / Signed: G.V. Whitney,2114,,"Bronze, granite","Colonial, Dutch, Governor",,1938,,Whitney,897,,Second Avenue between 15th Street and 17th Street,,Monument/Memorial,,,40.734030,NY
New York,Manhattan,General Horace Porter,,,Aymar,,"Flagstaff, plaque",Riverside Park,,100.0,N,,1939,N,,"IN MEMORIAM / HORACE PORTER / AIDE DE CAMP AND MILITARY SECRETARY/ CHATTANOOGA 1863-VIRGINIA 1864-5 / BRIGADIER GENERAL U.S.A. - AMBASSADOR TO FRANCE / PRESIDENT GRANT MONUMENT ASSOCIATION/
1891-1919",,,"Granite, bronze","Military, Armed Forces, Veteran, American Civil War, War",,1939,,,1897,,Riverside Drive and 122nd Street,,Monument/Memorial,,,40.8131333,NY
Brooklyn,Brooklyn,Ludwig Van Beethoven,"Lorne & Aylry, New York (1894 )",,,,"Bust, pedestal",Prospect Park,,1.0,N,Henry,1894,N,,"BEETHOVEN / PRESENTED TO THE / CITY OF BROOKLYN / BY THE UNITED GERMAN SINGERS / OF THE CITY. / FIRST PRIZE AT THE / 17TH NATIONAL SAENGERFEST, / HELD AT NEW YORK JUNE 22 - 26. /",5961,,"Bronze, granite","Composer, German, Musician,",,1894,,Baerer,1117,,Flower Garden,,Monument/Memorial,,,40.658778,NY
New York,Manhattan,Chester Alan Arthur,"The Henry-Bonnard Bronze Company, New York",,James,,Statue,Madison Square Park,,1.0,N,George,1899,N,,"Right side near base of sculpture: GEO. E. BISSELL/SCULPTOR 1898 Back side of sculpture: THE HENRY-BONNARD BRONZE CO./FOUNDERS, NY Front side of sculpture: JAMES BROWN LORD/ARCHITECT Front of pedestal: CHESTER ALANULLRTHUR/TWENTY-FIRST PRESIDENT/OF/THE UNITED STATES/OF AMERICA",1445,,"Bronze, granite","President of the United States, Vice President of the United States, politician, lawyer",Brown,1898,,Bissell,852,,Madison Avenue and East 26th Street,,Monument/Memorial,,,40.742738,NY
Brooklyn,Brooklyn,Henry Ward Beecher Monument,Bonnard Bronze Co,,Richard,,Statue,Columbus Park,,1.0,N,John,1891,N,,HENRY WARD BEECHER / 1813-1887 THE GRATEFUL GIFT / OF MULTITUDES OF / ALL CLASSES CREEDS / AND CONDITIONS / AT HOME AND ABROAD / TO HONOR THE GREAT / APOSTLE OF THE / BROTHERHOOD OF MAN.,"139, 2739",,"Bronze, granite","Abolitionist, Religious leader, Clergy, Orator",Morris,1890,,Ward,139,,Johnson Street between Cadman Plaza W and Adams Street,,Monument/Memorial,,,40.694870,NY
New York,Manhattan,Sundial,,General Bronze Corporation,,,Sundial,Central Park,,1.0,N,A.,1945,N,,,,,"Bronze, stone",Sundial,,1945,,Beretta,1111,,Shakespeare Garden,,Artwork,,,40.779811,NY
Richmond Hill,Queens,Corporal Robert Gray Tree Marker,,,,,Tree marker,Forest Park,,1050.0,,,,,,THIS TREE IS DEDICATED TO / THE MEMORY OF / CORP. ROBERT GRAY / CO. L. 106TH INFANTRY / WHO DIED IN THE WORLD WAR / 1914-1918 /,,,Bronze,"World War I, War",,,,,3907,,Schaefer Circle,,Marker,,,40.701459,NY
Jamaica,Queens,Upland Park Memorial,,,,,Flagstaff base,Captain Tilly Memorial Park,,164.0,N,Anthony,1929,N,,IN MEMORY OF / ROBERT DITMARS VAN SICLEN / 1905 - 1928,1593,,Gray westerly granite,"Spanish-American War, War",,1929,,Grande,9848,,Highland Avenue and 165th Street,,Monument/Memorial,,,40.711315,NY
New York,Manhattan,Fort Washington Memorial,,,Charles,,Stele,Fort Washington Park,,189.0,N,,1901,N,,"1776 --- HUDSON FULTON CELBRATION COMMISSION --- 1909 / ON THIS HILL-TOP STOOD FORT TRYON / THE NORTHERN OUT-WORK OF / FORT WASHINGTON. / ITS GALLLANT DEFENSE AGAINST / THE HESSIAN TROOPS / BY / THE MARYLAND AND VIRGINIA REGIMENT/ 16 NOVEMBER 1776 / WAS SHARED BY / MARGARET CORBIN / THE FIRST AMERICAN WOMAN / TO TAKE A SOLDIER'S PART / IN THE WAR FOR LIBERTY / --- / ERECTED UNDER THE AUSPICES OF / THE AMERICAN SCENIC AND HISTORIC / PRESERVATION SOCIETY / THROUGH THE GENEROSITY OF / C.K.G. BILLINGS / ERECTED THROUGH THE GENEROSITY OF / JAMES GORDON BENNETT / BY THE EMPIRE STATE SOCIETY OF THE / SONS OF THE AMERICAN REVOLUTION / NOVEMBER 16, 1901. / SITE / REGISTERED BY / THE AMERICAN / SCENIC AND HISTORIC / PRESERVATION / SOCIETY / 1901 /",2281,,"Marble, bronze, granite",American Revolutionary War,,1901,,,2179,,Fort Washington Avenue and 183rd Street,,Monument/Memorial,,,40.852744,NY
Flushing,Queens,Haym Salomon,,,,,Stele,Haym Solomon Memorial,,,Y,,1976,N,,"THIS PLAQUE IS DEDICATED TO HAYM SOLOMON IN / RECOGNITION OF HIS TIRELESS EFFORTS ON BEHALF / OF THE REVOLUTIONARY ARMY. /  SALOMON, A POLISH JEWISH IMMIGRANT, WAS SO / IMBUED WITH THE SPIRIT OF FREEDOM, HE WITHOUT / MUCH ASSISTANCE, FINANCED THE AMERICAN / REVOLUTIONARYT WAR BY HIS INEXHAUSTIBLE FUND- / RAISING. THOUGH HIS HEALTH WAS RUINED DURING / HIS IMPRISONMENT BY THE BRITISH, SALOMON'S FAITH / IN JUDAISM NEVER FALTERED, NOR DID HIS BELIEF IN / THE GREATNESS OF OUR COUNTRY, WHILE HE RAISED / HUNDREDS OF THOUSANDS OF DOLLARS FOR THE WAR / EFFORT, SALOMON, IRONICALLY, DIED PENNILESS. // APPROXIMATELY 100 YEARS AFTER HIS DEATH, HAYM / SALOMON WAS FINALLY ACKNOWLEDGED BY THE / UNITED STATES FOR HIS EXTRAORDINARY PATRIOTISM.",,,"Granite, concrete","American Revolutionary War, War, Colonial, Jewish, Sephardic, Polish, Immigrant",,1976,,,,,"Main Street, Vleigh Place, 72nd Drive, and 72nd Road",,Monument/Memorial,,,40.725893,NY
New York,Manhattan,John Ericsson Memorial,"Gorham Manufacturing and Founders (statue); Roman Bronze Works, Inc. (plaques)",,Frank,,Statue,Battery Park,,1.0,N,Jonathan,1903,N,,"Integral plinth, right:
[signed] J.S. Hartley 1902 /

Pedestal front:
ERICSSON /

Pedestal back:
THE CITY OF NEW YORK / ERECTS THIS STATUE TO THE / MEMORY OF A CITIZEN WHOSE / GENIUS HAS CONTRIBUTED / TO THE GREATNESS OF THE / REPUBLIC AND THE PROGRESS / OF THE WORLD /---/ APRIL 26 1893 /---/ ON JULY 31 1803 JOHN ERICSSON WAS / BORN IN LANGSBANSHYTTAN SWEDEN / DIED IN NEW YORK MARCH 8 1889","55, 1371",,"Bronze, granite","American Civil War, Engineer, Swedish, War",E.,1903,,Hartley,3,,State Street and Bridge Street,,Monument/Memorial,,,40.703639,NY
Brooklyn,Brooklyn,Bushwick-Ridgewood Memorial,,,Giles,,Statue,Heisser Square Park,,1.0,N,Pietro,1921,N,,TO THE MEMORY / OF THE / BUSHWICK-RIDGEWOOD / BOYS WHO SERVED / IN THE WORLD WAR / 1917-1918,1045,,"Bronze, granite","World War I, War, Doughboy",Greene,1919,,Montana,3299,,Myrtle Avenue between Knickerbocker Avenue and Bleecker Street,,Monument/Memorial,The Fighting Doughboy,,40.698726,NY
Brooklyn,Brooklyn,First Symphony of the Sea,,,,,Bas-relief sculpture,Coney Island Beach,,,N,Toshio,1993,N,,,2587,,"Terrazzo, ceramic, concrete","Maritime, bas-relief, animals",,1992,,Sasaki,,,Riegelmann Boardwalk,,Artwork,,,40.573723,NY
Brooklyn,Brooklyn,Design Team Project,,,Michael,,Installation,Sheepshead Bay Fishing Piers,,,N,Scott,1994,N,,,5054,,Mixed media,"Maritime, pier",J.,1994,,Burton,,,Emmons Avenue between East 21st Street and East 26th Street,,Artwork,,,40.584709,NY
New York,Manhattan,McNally Plaza Memorial,Eagle Bronze Works,Tuscan Granite Co.,,,"Plaque, stele",McNally Plaza,,525.0,N,,1921,N,,"Stele (front): DEDICATED TO THE / RICHARD J. MC NALLY POST 263 / AMERICAN LEGION / IN HONOR OF THE MEN / WHO GAVE THEIR LIVES / FOR THEIR COUNTRY / IN THE WORLD WAR / AND WHO AT THE TIME / OF THEIR ENLISTMENT / RESIDED IN THE TERRITORY / COVERED BY THIS POST / [HONOR ROLL OF 62 NAMES] / Stele (rear): DEDICATED MAY 30, 1921.",1712,,"Bronze, Deer island granite","World War I, War",,1921,,,2149,,Laurel Hill Terrace and McNally Plaza,,Monument/Memorial,,,40.848046,NY
Staten Island,Staten Island,Gretta Moulton Gate,,,Philip,,Ornamental gates,High Rock Park,,1.0,N,Bradford,1995,N,,"GRETTA MOULTON GATE / GRETTA MOULTON WAS A HEROINE OF THE / ENVIRONMENTAL MOVEMENT THAT SAVED / HIGH ROCK PARK IN 1965. AN INSPIRED / LEADER OF EARLY EFFORTS TO PRESERVE / THE GREENBELT, SHE WAS ALSO A TRUSTEE / OF THE STATEN ISLAND INSTITUTE OF ARTS / AND SCIENCES AND THE FOUNDER OF THE / FRIENDS OF HIGH ROCK. THIS PARKLAND / AFFIRMS IN PERPETUITY THE PROFOUND / EFFECT OF HER DEVOTION TO CONSERVATION / OF OUR NATURAL RESOURCES. / DESIGN: BRADFORD M. GREENE / ERECTED BY: PHILIP LLOYD RAMPULLA / NEW YORK CITY DEPARTMENT OF PARKS AND RECREATION / HENRY J. STERN, COMMISSIONER / DEDICATED FALL 1995 BY: / THE GREENBELT CONSERVANCY, INC. /",5599,,"Bronze, steel","Women, Reformer, Environmentalism, Animals, Gates",Lloyd,1995,,Greene,939,,200 Nevada Avenue,,Artwork/Memorial,,,40.584694,NY
New York,Manhattan,The Immigrants,Modern Art Foundry,A. Ottavino Corp. (base),Frank,,Sculpture,Battery Park,,1.0,N,Luis,1983; 2005,N,,DEDICATED TO THE PEOPLE OF ALL NATIONS / WHO ENTERED AMERICA THROUGH CASTLE GARDEN / IN MEMORY OF SAMUEL RUDIN / 1896-1975 / WHOSE PARENTS ARRIVED IN AMERICA IN 1883 / SANGUINO,1371,,"Bronze, Minnesota Rideau Red granite","Immigration, Immigrants, Jewish, African American, Black American, Black History, Slavery, Labor",,1973,,Sanguino,3,,State Street and Whitehall Street,,Artwork,,,40.703063,NY
Bronx,Bronx,Clason Point World War I Memorial,,,,,"Stele, bas-relief",Woodrow Wilson Square,,100.0,Y,James,1928,N,,Top plaque: DEDICATED TO THOSE WHO MADE THE SU- / PREME SACRIFICE AND TO ALL OTHERS / FROM CLASON POINT WHO ENTERED THE / SERVICE OF OUR COUNTRY IN THE WORLD WAR / NEW YORK CITY / A.D. 1928 Bottom left plaque: LET US RAISE / A STANDARD TO WHICH / THE WISE AND HON- / EST CAN REPAIR THE / EVENT IS IN THE HANDS / OF GOD. / WASHINGTON / THAT GOVERNMENT / OF THE PEOPLE BY THE / PEOPLE AND FOR THE / PEOPLE SHALL NOT PER- / ISH FROM THE EARTH / LINCOLN Bottom right plaque: NO IMPERIAL / DESIGNS LURK / IN THE AMERICAN / MIND THEY ARE / ALIEN TO AMERI - / CAN SENTIMENT / THOUGHT AND PURPOSE. / MCKINLEY / THAT THE WORLD / MAY BE MADE / SAFE FOR DEMOC- / RACY. / WILSON,1483,,"Bronze, Deer Isle Granite","World War I, War",,1927,,Novelli,3499,,"Soundview Avenue, Underhill Avenue and Patterson Avenue",,Monument/Memorial,,,40.813472,NY
New York,Manhattan,New York Korean War Veterans Memorial,,,,,Sculpture,Battery Park,,1.0,N,Mac,1991,N,,"Base (front): THE KOREAN WAR / 1950-1953 / 
Base (rear): THE UNIVERSAL SOLDIER
Pavers: REPUBLIC OF KOREA -- DEAD 58,127 WOUNDED 175,743 MISSING 174,244 / AUSTRALIA -- DEAD 339 WOUNDED 1,216 MISSING 29 /BELGIUM -- DEAD 107 WOUNDED 345 MISSING 5 /CANADA -- DEAD 291 / WOUNDED 1,072 MISSING 21 / COLOMBIA -- DEAD 140 WOUNDED 452 MISSING 65 / DENMARK / ETHIOPIA -- DEAD 120 WOUNDED 536 / FRANCE -- DEAD 288 WOUNDED 818 MISSING 18 / GREECE -- DEAD 194 WOUNDED 610 MISSING 2 / INDIA / ITALY / LUXEMBOURG -- DEAD 2 WOUNDED 5 / NETHERLANDS -- DEAD 120 WOUNDED 645 MISSING 3 / NEW ZEALAND -- DEAD 42 WOUNDED 81 / NORWAY -- DEAD 2 / PHILIPPINES -- DEAD 92 WOUNDED 299 MISSING 57 / SOUTH AFRICA -- DEAD 20 MISSING 16 / SWEDEN / THAILAND -- DEAD 114 WOUNDED 794 MISSING 5 / TURKEY -- DEAD 721 WOUNDED 1,475 MISSING 175 / UNITED KINGDOM -- DEAD 909 WOUNDED 3,497 MISSING 141 / UNITED STATES OF AMERICA -- DEAD 54,246 WOUNDED 103,248 MISSING 8,177",1371,,"Granite, stainless steel, mosaic tile","Korean War, Mosaic, Obelisk, Veterans, Sundial, War",,1991,,Adams,3,,north of Castle Clinton,,Monument/Memorial,The Universal Soldier,,40.704075,NY
Brooklyn,Brooklyn,Jackie Robinson and Pee Wee Reese Monument,,,,,Statue,MCU Park,,101.0,N,William,2005,N,,"ON MAY 1947, ON CINCINNATI'S CROSLEY FIELD, / ROBINSON ENDURED RACIST TAUNTS, / JEERS, AND DEATH THREATS / THAT WOULD HAVE BROKEN THE SPIRIT / OF A LESSER MAN. /

REESE, CAPTAIN OF THE BROOKLYN DODGERS, / WALKED OVER TO HIS TEAMMATE ROBINSON / AND STOOD BY HIS SIDE, / SILENCING THE TAUNTS OF THE CROWD. /

THIS SIMPLE GESTURE / CHALLENGED PREJUDICE AND / CREATED A POWERFUL AND ENDURING FRIENDSHIP. / 

BORN 1919 CAIRO, GEORGIA - DIED 1972 STAMFORD, CONNECTICUT / JACK ROOSEVELT ROBINSON / 42 / ON APRIL 15, 1947 ROBINSON FIRST TOOK THE FIELD FOR THE BROOKLYN / DODGERS, BREAKING THE COLOR BARRIER IN MAJOR LEAGUE BASEBALL. IN THE / FACE OF HOSTILITY, HE REMAINED STEADFAST, WINNING HIS WAY INTO THE / HALL OF FAME AND THE HEARTS OF BASEBALL FANS. ROBINSON WAS A CHAMPION / OF THE GAME OF BASEBALL, OF JUSTICE, AND OF CIVIL RIGHTS. /

CITY OF NEW YORK, PARKS & RECREATION / MICHAEL R. BLOOMBERG, MAYOR / ADRIAN BENEPE, COMMISSIONER / THE MAYOR'S FUND TO ADVANCE NEW YORK CITY / WILLIAM BEHRENDS, SCULPTOR, 2005 / 

BORN 1918 EKRON, KENTUCKY - DIED 1999 LOUISVILLE, KENTUCKY / HAROLD HENRY REESE / 1 / KNOWN AS PEE WEE, REESE WAS CAPTAIN OF THE BROOKLYN DODGERS DURING THE / LATE 1940S AND THE EARLY 1950S. HE RISKED HIS CAREER WHEN HE STOOD BY JACKIE / ROBINSON AGAINST PREJUDICED FANS AND FELLOW PLAYERS. WITH THIS ACT OF / DEFIANCE, THE HALL OF FAME SHORTSTOP BECAME A POWERFUL AND INFLUENTIAL / MODEL OF TRUE HUMANITY. /

[engraved stone tablet outside of circle]
THE JACKIE ROBINSON & / PEE WEE REESE / MONUMENT DONORS / BANK OF AMERICA - BLOOMBERG - BROOKLYN BREWERY - BRYAN CAVE - BOB DALY - FOREST CITY RATNER COMPANIES - THEODORE J. FORSTMANN - JAMES F. GILL - THE HONORABLE RUDOLPH W. GIULIANI - INDEPENDENCE COMMUNITY BANK - KEYSPAN / MAJOR LEAGUE BASEBALL - THOMAS S. MURPHY - THE NEW YORK METS - NEW YORK YANKEES - PETER O’MALLEY - STEVEN RATTNER FAMILY - THE STARR FOUNDATION - TIME WARNER INC. - TISCH FOUNDATION, INC. - TRI-STATE CONSUMER INSURANCE COMPANY /

LOUIS M. ABRAMS - AHLFELD MERLINO - AVIATION AUDIT GROUP INC. - RHODA BARR - STEVEN C. BATTERMAN - RUBY & EUGENE BECKER - ANDREW BERKMAN - LAURA BOSS - MATTHEW BRIEF - BROOKFIELD PROPERTIES - TIMOTHY CAREY - THE HONORABLE RICHARD CONWAY CASEY / JOHN CASTLE - THE CENDANT CHARITABLE FOUNDATION - EDWARD T. CHASE - WILLIAM CHURCHILL CLARK - RICHARD COOK - MARY & ROBERT CURRAN - RENA REIGROD D’ANDREA - DENNIS MCHALE SERVICES - GORDON D. DEWART - SHEILA F. EPSTEIN - HOWARD H. FAIRWEATHER / JOHN D. FEERICK - FRANK FEINBERG - MICHAEL FEINBERG - RUTH FINN - CAROLE FORD - KEVIN FRAWLEY - GEORGE ARZT COMMUNICATIONS, INC. - ALAN GOLDBERG - ARTHUR J. GONZALEZ - RICHARD GRUBER - ROBERT S. GRUBER - GLORIA HANDLER - ALISON & SETH HEATON / MICHAEL D. HESS - CHARLES J. HYNES - PETER S. KALIKOW - STEPHEN KANE - MARTIN S. KAPLAN - IVO KATNICH - JOHN KEENAN - BRADFORD RANSOM KEMP - KESTER L. KEMP, SR. - ROSLYN LATTO - MICHAEL LEIBLE - LEA SCHERR LEVY - CAROL SUTTON LEWIS & WILLIAM M. LEWIS, JR. / TAMRA & JOSEPH LHOTA - LOWENTHAL FAMILY FOUNDATION - STEVEN M. LURIE - MARY JENNINGS MAHON - KIERAN MAHONEY - LOOMIS FREDERICK MAYER - GEORGE E. MCDONALD - MARION & BERNARD MEYERSON - PAUL Z. MILES - ANNE MARIE MITCHELL / MUTUAL OF AMERICA LIFE INSURANCE COMPANY - FRAN & FRED NATHAN - MARTIN NEEDELMAN - LEE BERMAN NEMIROFF - DEBORAH OVITZ - P.S. 7 BROOKLYN ABRAHAM LINCOLN ROUND TABLE - WILLIAM J. PAPE II - ANN & JOHN PRINTON - THELMA ROKOFSKY RAMM / 
JERRY M. REINSDORF - DANIEL RIORDAN - CAROL & MICHAEL ROSE - THE RUDIN FOUNDATION - NORMAN F. SABAH - TIM SCHANTZ - JUDITH & SCOTT SCHIAMBERG - ALAN SCHLOSSBERG - IN MEMORY OF SOL SCHWARTZ - SELECT EQUITY GROUP FOUNDATION - LEO SELIGSOHN / 
RENEE & JACK SHAPIRO - MERRY SHEILS - THE SHEIRER FAMILY - ED SHERMAN - CARLY SIMON - SHIRLEY & LESTER SPIVACK - BRUCE M. & SONDRA ASTOR STAVE - EVELYN SUCHER & ANDREW IRVING - RICHARD SULLIVAN - JAMES TROY - JOHN J. WALSH - EDWARD J. YODOWITZ /",1170,,"Bronze, granite","Sports, African American, Black American, Black History, Athlete, athletics, Baseball",,2005,,Behrends,7073,,Surf Avenue between West 17th and West 19th Street,,Monument/Memorial,,,40.574899,NY
New York,Manhattan,Women's Rights Pioneers Monument,Polich Tallix,,,,Statue,Central Park,,1.0,N,Meredith,2020,N,,"FRONT: SOJOURNER TRUTH / SUSAN B. ANTHONY / ELIZABETH CADY STANTON // WOMEN'S RIGHTS PIONEERS

BACK: DONATED BY MONUMENTAL WOMEN TO / THE CITY OF NEW YORK TO HONOR WOMEN'S HISTORY.// DEDICATED ON AUGUST 26, 2020. / THE 100TH ANNIVERSARY OF THE RATIFICATION OF / THE 19TH 'VOTES FOR WOMEN' AMENDMENT TO / THE UNITED STATES CONSTITUTION.",7422,,"Bronze, granite","suffragettes, author, abolitionist, women, woman",,2020,,Bergmann,1111,,The Mall,,Monument/Memorial,,,40.770752,NY
Staten Island,Staten Island,Private Frederick Staats,,,,,Plaque,Staats Circle,,,N,,1991,N,,"IN MEMORY OF/ PVT. FREDERICK STAATS/ 1894-1918/ DEDICATED BY/ STAATS POST NO.517/ AMERICAN LEGION/ OCTOBER 14, 1991",6152,,"Bronze, natural boulder","World War I, War",,1991,,,,,West Fingerboard Road and Hyland Boulevard,,Monument/Memorial,,,40.599250,NY
Brooklyn,Brooklyn,Coffey Square,,,,,"Stele, bas-relief",Coffey Square,,,N,,1970,N,,"IN MEMORY OF THOSE MEMBERS OF OUR ARMED FORCES 
WHO GAVE THEIR LIVES FOR OUR COUNTRY 
THESE DEAD SHALL NOT HAVE DIED IN VAIN",3899,,"Bronze, granite","War, Veterans",,1970,,,,,7th Avenue and 81st Street,,Monument/Memorial,Lt. William E. Coffey Memorial,,40.622387,NY
Bronx,Bronx,Florence Gallagher,,,,,"Plaque, plinth",Van Cortlandt Park,,150.0,N,,1983,N,,"IN MEMORY OF / FLORENCE GALLAGHER / ""CASS"" / HELPMATE TO VAN CORTLANDT / 1912-1983 / KINGSBRIDGE HISTORICAL SOCIETY / OCTOBER 1983",,,"Bronze, granite","Woman, Conservationist",,1983,,,5900,,6036 Broadway,,Monument/Memorial,,,40.89114,NY
Astoria,Queens,Peter Chappetto Flagstaff,,General Bronze Corporation,,,"Flagstaff, plaque",Peter Chappetto Memorial Square,,52.0,N,,1949,N,,"PETER CHAPPETTO / MEMORIAL SQUARE / DEDICATED TO / A GREAT SPORTSMAN / WHO LOVED / GOD AND HIS FELLOW MEN / AND WHO MADE THE SUPREME / SACRIFICE FOR HIS COUNTRY / ERECTED BY HIS FRIENDS NOV. 11, 1949. /",2202,,"Bronze, cast stone","World War II, War",,1949,,,874,,"Hoyt Avenue, 21st Street, and 23rd Street",,Monument/Memorial,,,40.7747106,NY
Bronx,Bronx,Heinrich Heine Fountain,,,,,Fountain,Joyce Kilmer Park,,1.0,Y,Ernst,1899,N,,,1982,,"marble, bronze, granite","Playwright, Author, Poet, Activist",,1888,,Herter,2469,,East 161st Street and Grand Concourse,,Monument/Memorial,Lorelei Fountain,,40.827500,NY
New York,Manhattan,Cherry Hill Fountain,,,Jacob,,Fountain,Central Park,,1.0,Y,,1870,N,,,4222,,"Bluestone, granite, Minton tiles, bronze, wrought iron",Fountain,Wrey,1870,,,1111,,Cherry Hill Concourse,,Artwork/Monument,,,40.774683,NY
New York,Brooklyn,Fort Greene Eagles,,,,,Statue,Central Park,,1.0,N,Adolph,1908,N,,,145,,Bronze,"Animals, eagle",,1908,,Weinman,1111,,Fifth Avenue and East 64th Street,,Artwork,,,40.767646,NY
Brooklyn,Brooklyn,Panthers,"Thiebaut Freres, Paris",,,,Statue,Prospect Park,,1.0,N,Alexander,1898,N,,THIEBAUT FRERES FONDEURS,6049,,"Bronze, Indiana limestone",Animals,,1898,,Proctor,1117,,Prospect Park West and West Drive,,Artwork,,,40.668186,NY
New York,Manhattan,Blockhouse,,,,,Plaque,Central Park,,1.0,N,John,1905,N,,"THIS BLOCKHOUSE / WAS PART OF A LINE OF FORTIFICATIONS / EXTENDING FROM THE HUDSON TO THE / HARLEM RIVER, BUILT FOR THE DEFENCE / OF NEW YORK BY ITS PATRIOTIC CITIZENS / DURING THE WAR OF 1812-1815. / THIS TABLET IS ERECTED BY / THE WOMEN'S AUXILIARY TO THE AMERICAN SCENIC / AND HISTORIC PRESERVATION SOCIETY / A.D. 1905.",156,,Bronze,"War of 1812, War",,1905,,Williams,1111,,West 109th Street,,Marker,,,40.798660,NY
New York,Manhattan,Clinton War Memorial,Gorham,,Harvey,,Statue,De Witt Clinton Park,,1.0,Y,Burt,1929,N,,"Front of pedestal: FROM 'FLANDERS FIELDS' / IF YE BREAK FAITH / WITH THOSE WHO DIED / WE SHALL NOT SLEEP / THOUGH POPPIES GROW / ON FLANDERS FIELDS Rear of pedestal: DEDICATED / NOVEMBER 11, 1929 / BY COMRADES AND FRIENDS / UNDER THE AUSPICES OF / CLINTON DISTRICT MONUMENT / ASSOCIATION AS A MEMORIAL / TO THE YOUNG FOLK OF THIS NEIGHBORHOOD / WHO GAVE THEIR ALL IN THE WORLD WAR",1629,,Bronze on granite,"Doughboy, World War I, War",Wiley,1927,,Johnson,1100,,11th Avenue and 53rd Street,,Monument/Memorial,Flanders Field Statue,,40.767517,NY
Brooklyn,Brooklyn,Maryland Memorial,,,Stanford,,Columns,Prospect Park,,1.0,N,,1895,N,,"Pedestal (front): IN HONOR OF / MARYLAND'S FOUR HUNDRED / WHO ON THIS BATTLE-FIELD / AUGUST 27TH 1776 / SAVED THE AMERICAN ARMY / 

Pedestal (back): GOOD GOD! WHAT BRAVE FELLOWS / I MUST THIS DAY LOSE / GEORGE WASHINGTON/",4641,,"Granite, bronze, marble","American Revolutionary War, Colonial, War",,1895,,,1117,,Lookout Hill,,Monument/Memorial,,,40.658230,NY
New York,Manhattan,Father Duffy D.S.C. Post 54 Flagstaffs (east),,,,,Flagstaff base,Father Duffy Square,,65.0,N,,1954,N,,South face: ERECTED BY THE / FATHER DUFFY D.S.C. / POST 54 / CATHOLIC WAR VETERANS / OF U.S.A. / A.D. 1954 North face: FOR GOD / FOR HOME / FOR COUNTRY / * * * / TO THOSE / WHO SERVED / THAT OTHERS / MIGHT LIVE,529,,"Granite, bronze","Religious Leader, Veteran, Chaplain",,1954,,,1018,,45th Street & 7th Avenue,,Monument/Memorial,,,40.759037,NY
Brooklyn,Brooklyn,Beacon,"Bedi-Makky Foundry, Greenpoint, Brooklyn",,,,Sculpture,69th Street Pier,,1.0,N,Robert,2005,N,,"BROOKLYN REMEMBERS... FOR THOSE LOST ON SEPTEMBER 11, 2001",375,,Bronze,"9/11, September 11 attacks",,2004,,Ressler,6140,,Shore Road and Bay Ridge Avenue,,Monument/Memorial,Brooklyn Remembers,,40.639377,NY
New York,Manhattan,Wall Street Fountain,,,George,,Ornamental fountain,,,1.0,N,,2007,N,,"DEUTSCHE BANK DEDICATES THIS / FOUNTAIN TO ITS EMPLOYEES WHO LOST / THEIR LIVES ON SEPTEMBER 11, 2001 / AND TO THE ENDURING SPIRIT OF THE / CITIZENS OF NEW YORK.",,,Glass,Fountain,,2007,,,37,,Wall Street and South Street,,Artwork/Monument,,,40.704457,NY
Brooklyn,Brooklyn,Mowgli and Friends Attack the Monkey City,,,Aymar,,Bas-relief,Prospect Park Zoo,,1.0,N,Frederick,1935,N,,Signed: F.G.R. ROTH,832,,Indiana limestone,"Children, Literary Character, WPA",,1935,,Roth,1117,,450 Flatbush Avenue,,Artwork,,,40.665249,NY
New York,Manhattan,Abraham Lincoln,,,,,Statue,Union Square Park,,2.0,Y,Henry,1870,N,,,4211,,Bronze on granite pedestal,"American Civil War, President of the United States, War",,1869,,Brown,845,,69 East 17th Street,,Monument/Memorial,,,"40.736222,",NY
New York,Manhattan,Tomorrow's Wind,,,,,Sculpture,Thomas Jefferson Park,,1.0,N,Melvin,1995,N,,,1765,,"Stainless steel, iron","Abstract, African American, Black American, Black History",,1990,,Edwards,1705,,First Avenue between 111th Street and 114th Street,,Artwork,,,40.792722,NY
Brooklyn,Brooklyn,Mowgli is Carried by the Monkeys,,,Aymar,,Bas-relief,Prospect Park Zoo,,1.0,N,William,1935,N,,,832,,Indiana limestone,"Children, Literary Character, WPA",,1935,,Diederich,1117,,450 Flatbush Avenue,,Artwork,Mowgli with the Monkeys,,40.665830,NY
Brooklyn,Brooklyn,Sentinel Lanterns,,,,,Installation,Engine Company 277,,29.0,N,Julian,2007,N,,,643,,"Acrylic, stainless steel, aluminum","Lantern, Firehouse, Firefighters, First Responders",,2007,,LaVerdiere,3343,,582 Knickerbocker Avenue,,Artwork,,,40.696529,NY
Brooklyn,Brooklyn,Robert Fulton,"M.J. Seelig & Company (original); Roman Bronze Works, Inc. (replica)",,,,Statue,Fulton Park,,1.0,N,Caspar,1872; 1955,N,,ROBERT FULTON / 1765-1815,1730,,"Bronze, granite","Engineer, Inventor",,1872,,Buberl,1690,,Schenectady Avenue and Fulton Street,,Monument/Memorial,,,40.679756,NY
Flushing,Queens,Ten Heroes Plaza flagstaff,Remco Casting; Modern Art Foundry (collar),,Stacia,,"Flagstaff base, plaque",Ten Heroes Plaza,,87.0,N,,2004,N,,"THIS MONUMENT HONORS THE MORE THAN 58,000 AMERICANS WHO LOST THEIR LIVES WHILE SERVIING THEIR COUNTRY IN THE VIETNAM WAR 1959 - 1975. /

CHARLES / VICTOR / PICCOLELLA / NOVEMBER 14, 1944 / AUGUST 14, 1966 / PRIVATE FIRST CLASS / UNITED STATES ARMY / OTHER DECORATIONS INCLUDED THE / VIETNAMESE HONOR MEDAL 2ND CLASS / & GALLANTRY CROSS WITH PALM //

BENJAMIN / ROBERT / TURIANO / NOVEMBER 10, 1943 / MARCH 24, 1969 / CORPORAL / UNITED STATES ARMY / OTHER DECORATIONS INCLUDED THE NATIONAL / DEFENSE SERVICE MEDAL, THE VIETNAM SERVICE / MEDAL, & THE VIETNAMESE MILITARY MERIT MEDAL. //

ROBERT / JOSEPH / ZERILLI / SEPTEMBER 03, 1947 / SEPTEMBER 11, 1968 / SARGEANT / UNITED STATES ARMY / OTHER DECORATIONS INCLUDED THE NATIONAL / DEFENSE SERVICE MEDAL, THE VIETNAM SERVICE / MEDAL, & THE COMBAT INFANTRYMAN BADGE. //

VERNELL / OWENS / JANUARY 12, 1945 / JUNE 17, 1968 / PRIVATE FIRST CLASS / UNITED STATES ARMY / OTHER DECORATIONS INCLUDED THE NATIONAL / DEFENSE SERVICE MEDAL / THE VIETNAM SERVICE / MEDAL, AND THE VIETNAMESE CAMPAIGN MEDAL. //

CHARLES / WILLIAM / EGLIN III / JUNE 12, 1947 / FEBRUARY 15, 1968 / LANCE CORPORAL / UNITED STATES MARINE CORPS//

RANDOLPH / A. / EDWARDS / AUGUST 27, 1947 / FEBRUARY 07, 1968 / SPECIALIST FOURTH CLASS / UNITED STATES ARMY / OTHER DECORATIONS INCLUDED THE NATIONAL / DEFENSE SERVICE MEDAL, THE VIETNAM SERVICE / MEDAL, AND THE VIETNAMESE MILITARY MERIT MEDAL.//

LEANDRO / GARCIA / AUGUST 02, 1946 / FEBRUARY 02, 1968 / PRIVATE FIRST CLASS / UNITED STATES ARMY / OTHER DECORATIONS INCLUDED THE VIETNAM SERVICE MEDAL, / THE VIETNAMESE MILITARY MERIT / MEDAL, & THE GALLANTRY CROSS WITH PALM. //

ANTHONY / VICTOR / CAMPANIELLO / OCTOBER 11, 1946 / DECEMBER 19, 1967 / SPECIALIST FOURTH CLASS / UNITED STATES ARMY / OTHER DECORATIONS INCLUDED THE VIETNAM / SERVICE MEDAL, THE VIETNAMESE MILITARY MERIT / MEDAL, AND THE GALLANTRY CROSS WITH PALM//

CHARLES / PHILIP / DETOMASO / NOVEMBER 27, 1946 / APRIL 29, 1967 / PRIVATE FIRST CLASS / UNITED STATES ARMY/ OTHER DECORATIONS INCLUDED THE VIETNAM / SERVICE MEDAL, THE VIETNAMESE MILITARY MERIT / MEDAL & THE COMBAT INFANTRYMAN BADGE. //

WILLIAM / EARL / GRAY/ OCTOBER 04, 1967 / FEBRUARY 06, 1967 / PRIVATE FIRST CLASS / UNITED STATES ARMY / OTHER DECORATIONS INCLUDED THE COMBAT / INFANTRYMAN BADGE, THE VIETNAM SERVICE MEDAL / AND THE VIETNAMESE CAMPAIGN MEDAL.",,,"Bronze, granite","War, Veterans, Vietnam",,2004,,,1966,,"Van Doren Street, Westside Street and 108th Street",,Monument/Memorial,,,40.739972,NY
Corona,Queens,Rocket Thrower,"Fonda Artista (Original); Modern Art Foundry, 1989 repair",,,,Sculpture,Flushing Meadows Corona Park,,1.0,N,Donald,1964,N,,,2103,,Bronze,"1964-65 World's Fair, Space",,1964,,De Lue,2018,,Hall of Astronauts,,Artwork,,,40.747389,NY
New York,Manhattan,George Washington Accompanied by Fame and Valor,,,,,Statue,Washington Square Park,,1.0,N,Hermon,1916,N,,,"814, 920",,Granite,"President of the United States, American Revolutionary War, War, Colonial",,1916,,MacNeil,549,,Washington Square North,,Monument/Memorial,,,40.731247,NY
New York,Manhattan,Murray Hill War Memorial,,,Aymar,,Plaques,St. Vartan Park,,11.0,N,,1936,N,,"THE BRONZE PLAQUES / FLAGPOLE AND GROVE / OF TREES. PROVIDED / BY THE CITIZENS OF THIS / COMMUNITY. UNDER / THE SPONSORSHIP OF / MURRY HILL POST NO. 56 / AMERICAN LEGION, ARE / DEDICATED IN HALLOWED / MEMORY OF THE SONS OF / THIS NEIGHBORHOOD / WHO GAVE THEIR LIVES / IN THE WORLD WAR / IN THE CAUSE OF / JUSTICE, FREEDOM / AND / DEMOCRACY / DEDICATED, 1936",1293,,Bronze,"World War I, War",,1936,,,941,,East 36th Street and 1st Avenue,,Monument/Memorial,,,40.74498712,NY
Staten Island,Staten Island,General Kazimierz Pulaski,,,,,Stele,Silver Lake Park,,1.0,N,,1926,N,,1776 --- 1926 / ERECTED ON THE 150 ANNIVERSARY / OF THE AMERICAN REVOLUTION / BY THE / POLISH AMERICAN CITIZENS / OF RICHMOND CO. N.Y. / TO THE MEMORY OF / GENERAL TADEUS KOSCIUSZKO / AND / GENERAL KAZIMIERZ PULASKI / AS A TOKEN OF THEIR LOYALTY TO / THE CAUSE OF THE AMERICAN COLONISTS /,,,"Bronze, granite","American Revolutionary War, Colonial, Polish, War",,1926,,,239,,Forest Avenue and Duer Lane,,Monument/Memorial,,,40.630653,NY
Bronx,Bronx,Christopher Columbus,,,,,"Bust, pedestal",D'Auria Murphy Triangle,,1.0,N,Attilio,1926; 1992,N,,Sculpture: A. PICCIRILLI  Pedestal: COLVMBVS / OCTOBER 12 1492,4892,,"Carrara marble, granite","Explorer, Italian, Colonialism",,1926,,Piccirilli,3072,,"East 183rd St, Crescent Avenue, and Adams Place",,Monument/Memorial,,,40.853258,NY
New York,Manhattan,Rocky Mountain Sheep,,,Aymar,,Bas-relief,Central Park Zoo,,1.0,N,Frederick,1935,N,,,1859,,Indiana limestone,"Animals, WPA",,1935,,Roth,1111,,Central Park Zoo,,Artwork,,,40.767130,NY
New York,Manhattan,Navy Walk,,,,,"Plaque, plinth",Central Park,,1.0,N,Alexander,1947,N,,"TREES PLANTED ALONG THIS WALK / COMMEMORATE THE MAJOR / NAVAL BATTLES / OF WORLD WAR II / PEARL HARBOR CAPE ESPERANCE / LEYTE GULF CASABLANCA / JAVA SEA KOMANDORSKI / MIDWAY KULA GULF / CORAL SEA PHILLIPPINE SEA / SAVO ISLAND MAKASSAR STRAIT / DEDICATED MAY 24, 1947 /",2674,,"Bronze, granite","World War II, War",,1947,,Victor,1111,,Terrace Drive,,Monument/Memorial,,,40.774342,NY
Brooklyn,Brooklyn,Bailey Fountain,,,Edgerton,,Fountain,Grand Army Plaza,,,N,Eugene,1932,N,,"Pedestal: ""EDGERTON SWARTHOUT ARCHITECT / EUGENE SAVAGE SCULPTOR / H. CRAIG SEVERANCE ARCHITECT ""  
ON PEDESTAL, EAST SIDE: ""TO BROOKLYN / THE GIFT / OF MR AND MRS FRANK BAILEY / MCMXXXI""",1611,,Bronze,"Fountain, Maritime, Mythology",,1931,,Savage,,Severance,Grand Army Plaza between Plaza Street E and Plaza Street W,,Monument/Memorial,,H. Craig,40.673874,NY
Staten Island,Staten Island,Baker Monument,,,Albert,,"Plaque, plinth",Baker Square,,,N,,1977,N,,EDWARD G. BAKER / LAWYER --- JURIST / BOROUGH PRESIDENT / THIS PARK IS DEDICATED AS A / TRIBUTE TO HIS ACCOMPLISHMENTS / ERECTED 1977 / BY HIS FRIENDS AND THE / RICHMOND COUNTY BAR ASSOCIATION /,,,"Bronze, granite","Politician, Public Servant , Lawyer, Judge, Justice",,1977,,,,,Stuyvesant Place and Hyatt Street,,Marker,,,40.642145,NY
New York,Manhattan,Frederick E. Samuel,,,,,"Plaque, plinth",Frederick Johnson Playground,,101.0,Y,Albert,1992,N,,"IN MEMORY OF / CITY COUNCILMAN FRED SAMUEL / 1921-1985 / WHOSE TIRELESS EFFORTS / HELPED TO MAKE OUR PARK / AN OASIS IN THE COMMUNITY / FRED JOHNSON PARK ASSOCIATION, INC. / MAY 31, 1986",,,"Bronze, concrete","Politician, public servant, City Councilmember",,1986,,Benevento,2016,,Seventh Avenue and West 151st Street,,Monument/Memorial,,,40.824778,NY
Brooklyn,Brooklyn,Mowgli Protected from the Tiger by the Wolves,,,Aymar,,Bas-relief,Prospect Park Zoo,,1.0,N,William,1935,N,,,832,,Indiana limestone,"Children, Literary Character, WPA",,1935,,Diederich,1117,,450 Flatbush Avenue,,Artwork,"The Wolf Mother, Raksha, Protects the Infant Mowgli from the Tiger, Shere Khan",,40.665847,NY
New York,Manhattan,Chaplains Memorial,,,,,"Plaque, plinth",Riverside Park,,2.0,N,,1950,N,,"CHAPLAINS MEMORIAL / THESE LONDON PLANE TREES / WERE PLANTED IN MEMORY OF / FOUR CHAPLAINS OF US ARMY / REV. GEORGE L. FOX, CHC. / RABBI ALEXANDER D. GOODE, CHC. / REV. CLARK V. POLING, CHC. / REV. FATHER / JOHN P. WASHINGTON, CHC. / WHO AFTER GIVING THEIR LIFE BELTS TO / THEIR FELLOW SERVICE MEN LOCKED ARMS / AND PRAYING WENT DOWN TOGETHER / WITH THE TRANSPORT DORCHESTER SUNK BY / A GERMAN SUBMARINE FEBRUARY 3, 1943 / PRESENTED TO THE CITY OF NEW YORK / BY DAUGHTERS OF THE DEFENDERS OF THE REPUBLIC USA / NOVEMBER 5, 1950",2287,,"Bronze, granite","World War II, War, Religious leader",,1950,,,1254,,121st Street and Riverside Drive,,Monument/Memorial,,,40.812098,NY
New York,Manhattan,Isidor and Ida Straus,Jno. Williams Inc.,,Evarts,,"Statue, exedra",Straus Park,,1.0,N,Augustus,1915,N,,"Bench inscription:
IN MEMORY OF ISIDOR AND IDA STRAUS / WHO WERE LOST AT SEA IN THE TITANIC DISASTER APRIL 15, 1912 / LOVELY AND PLEASANT WERE THEY IN THEIR LIVES AND IN / THEIR DEATH THEY WERE NOT DIVIDED. / II SAMUEL I-23 /

Bronze plaque:
ERECTED / BY VOLUNTARY CONTRIBUTIONS / FROM MANY FELLOW CITIZENS / AND ACCEPTED FOR THE / CITY OF NEW YORK BY / MAYOR / JOHN PURROY MITCHEL / AND / CABOT WARD / COMMISSIONER OF PARKS / A.D. MCMXV /",740,,"Bronze, Deer Isle granite","Titanic, Jewish, German, Immigrant, Immigration, Philanthropist, Politician, public servant, Congressman",,1915,,Lukeman,1878,,Broadway and 106th Street,,Monument/Memorial,,,40.801668,NY
New York,Manhattan,The Indian Hunter,"L.A. Amouroux, N.Y.",,,,Statue,Central Park,,1.0,N,John,1869,N,,Center of base: J.Q.A. WARD 1860,3911,,"Bronze, Rockport granite","American, Animals, Native American, Indigenous",,1866,,Ward,1111,,The Mall,,Artwork,,,40.770186,NY
Staten Island,Staten Island,"Private Joseph F. Merrell, Jr.",,Joseph G. Hall & Son Monuments,,,Plaque,Clove Lakes Park,,1.0,N,,1995,N,,"PRIVATE / JOSEPH F. MERRELL, JR. / CO. ""I"" 15TH INFANTRY, U.S. ARMY / BORN AUG. 21, 1926 STATEN ISLAND, N.Y. / DIED APRIAL 18, 1945 LOHE GERMANY / AWARDED THE / MEDAL OF HONOR / [etching of Congressional Medal of Honor] / ""FOR A WILLINGNESS TO SACRIFICE HIS LIFE / SO HIS COMRADES COULD GO ON TO VICTORY."" / HARRY S. TRUMAN / ""LEST WE FORGET""",1523,,"Marble, natural boulder","World War II, War",,1995,,,319,,Victory Boulevard and Labau Avenue,,Monument/Memorial,,,40.615476,NY
Flushing,Queens,Weeping Beech Tree Landmark Plaque,,,,,"Plaque, medallion",Weeping Beech Park,,5.0,Y,,1972,N,,"DESIGNATED LANDMARK / NEW YORK CITY / THE WEEPING BEECH TREE / THIS HUGE AND ANCIENT TREE HAS GROWN FROM A / CUTTING WHICH SAMUEL PARSONS BROUGHT FROM BELGIUM / AND PLANTED HERE IN 1847. THE SHELTERING BRANCHES / HAVE A SPREAD OF 85 FEET AND ARE SUPPORTED BY A TRUNK / 14 FEET IN CIRCUMFERENCE WHICH RISES TO A HEIGHT OF / 65 FEET. SAMUEL PARSONS, A FLUSHING NURSERYMAN, SUPPLIED / MANY OF THE ORIGINAL TREES AND SHRUBS IN CENTRAL PARK / IN MANHATTAN AND PROSPECT PARK IN BROOKLYN. / PLAQUE PROVIDED BY THE NEW YORK COMMUNITY TRUST, 1972 /",,,Bronze,Landmark,,1972,,,5012,,37th Avenue and Bowne Street,,Marker,,,40.763620,NY
New York,Manhattan,Giovanni da Verrazzano,Roman Bronze Works,,,,Statue,Battery Park,,1.0,N,Ettore,1909,N,,,436,,Bronze,"Explorer, Italian",,1909,,Ximenes,3,,Battery Place and West Street,,Monument/Memorial,,,40.704392,NY
Staten Island,Staten Island,Hero Park Memorial Plaque,,,,,Plaque,Hero Park,,40.0,N,,1920,N,,THIS / HERO PARK / AND MEMORIAL / IS LOVINGLY DEDICATED / TO THE MEMORY / OF THE SPLENDID SONS / OF STATEN ISLAND / WHO SO NOBLY / GAVE THEIR LIVES / IN THE WORLD WAR / 1917 -- 1918,,,Bronze,"World War I, War",,1920,,,588,,Howard Avenue and Louis Street,,Monument/Memorial,,,40.630210,NY
New York,Manhattan,Hans Christian Andersen,Modern Art Foundry,,Otto,,Statue,Central Park,,1.0,N,Georg,1956,N,,"Bench: HANS * CHRISTIAN * ANDERSEN / THIS MONUMENT IS THE GIFT OF / THE CHILDREN OF DENMARK AND / NEW YORK CITY AND THEIR FRIENDS / 1956 / SPONSORED BY / THE DANISH AMERICAN WOMEN'S ASSOCIATION / BARONESS ALMA DAHLERUP FOUNDER /
Open Book:  THE UGLY DUCKLING /---/ IT WAS BEAUTIFUL IN THE COUNTRY. IT WAS SUMMER / THE WHEAT FIELDS WERE GOLDEN AND THE OATS WERE / GREEN. DOWN AMONG THE GREEN / MEADOWS AND IN THE MIDDLE OF THE FORESTS WERE / DEEP LAKES. YES IT WAS INDEED LOVELY OUT / THERE IN THE COUNTRY. IN THE MIDST OF / THE SUNSHINE THERE STOOD AN OLD MANOR / HOUSE THAT HAD A DEEP MOAT AROUND IT. / FROM THE WALLS OF THE MANOR RIGHT DOWN TO / THE WATER'S EDGE [...]Hat Brim: OTTO F. LANGMANN / -ARCHITECT- / GEORG J. LOBER / -SCULPTOR- / 1956 © Coat: MODERN ART FDRY N.Y.",2975,,"Bronze, granite","Author, animals, literary characters, Danish",Frederick,1956,,Lober,1111,,East Drive at East 74th Street,,Monument/Memorial,,,40.774472,NY
Bronx,Bronx,Life Saver,,,Aymar,,Bas-relief roundel,Crotona Pool Bath House,,1.0,Y,Frederick,1936,N,,,177,,Stone,"Animals, WPA, Bathhouse",,1936,,Roth,2941,,173rd Street and Fulton Avenue,,Artwork,,,40.839942,NY
New York,Manhattan,Charles B. Stover,,,Aymar,,Exedra,Central Park,,1.0,N,,1936,N,,CHARLES B. STOVER / 1861 - 1929 / FOUNDER OF OUTDOOR PLAYGROUNDS / WHO DEVOTED HIS LIFE TO PUBLIC SERVICE / IN GRATEFUL RECOGNITION / 1936,2033,,Granite,"Civil servant, Commissioner, Parks",,1936,,,1111,,79th Street Transverse Road,,Monument/Memorial,Whisper Bench,,40.780019,NY
Bronx,Bronx,"Loyalty, Valor and Sacrifice",,,,,Sculpture,Bronx County Courthouse,,1.0,N,Joseph,1934,N,,,1619,,Marble,"Allegorical, History, Law, Government",,1932,,Kiselewski,2468,,851 Grand Concourse,,Artwork,,,40.826590,NY
New York,Manhattan,The Totally Kid Carousel,,,,,Carousel,Riverbank State Park,,117.0,N,Milo,1998,N,,,3534,,"Fiberglass on wood, metal, foam armature","Carousel, Children, Recreation",,1998,,Mottola,2101,,West 145th Street and Riverside Drive,,Artwork,,,40.827711,NY
Richmond Hill,Queens,Job,Modern Art Foundry,,,,Sculpture,Forest Park,,2000.0,N,Natan,1987,N,,,710,,"Bronze, darkly mottled schist","Biblical, Holocaust, World War II, War",,1967,,Rapoport,3312,,80th Road and Park Lane South,,Artwork,,,40.710416,NY
Middle Village,Queens,Middle Village War Memorial,"Jos. Bermel Inc., Middle Village, L.I. NY",,,,Stele,Middle Village Playground,,,Y,A.,1945,N,,TO HONOR / THE MEMORY OF THE / HEROES WHO FOUGHT / IN THE WORLD WAR / 1917-1918 / MIDDLE VILLAGE POST 784 / ERECTED BY THE CITIZENS OF MIDDLE VILLAGE / PROPERTY OWNERS ASS'N OF MIDDLE VILLAGE / WORLD WAR II / 1941-1945 / KOREA / 1950-1955 / VIETNAM / 1964-1975/,2124,,Barre granite,"World War I, World War II, Korean War, Vietnam War, War, Veterans",,1945,,Althoff,,,"77th Street, 66th Road and Gray Street",,Monument/Memorial,,,40.714475,NY
New York,Manhattan,Marine Memorial,,,,,Tablet,Riverside Park,,2.0,Y,,1950,Y,,"""IN MEMORY OF / OUR MARINE HEROES /---/ MARINE CORPS FATHERS' ASS'N. / OF NEW YORK""",2287,,Granite,"United States Marine Corps, Armed Services",,1948,,,1254,,Riverside Drive between West 91st street and West 93rd street,,Monument/Memorial,,,40.793604,NY
New York,Manhattan,Peace Clock,,The Verdin Company,,,Kinetic sculpture,Trygve Lie Plaza,,23.0,N,Lina,2016,N,,"Plaque (northern corner of wall):  TRYGVE HALVDAN LIE /
1896 – 1968 /
""IT IS THE FUTURE OF THE WHOLE CIVILIZED WORLD WHICH IS AT STAKE."" /
ACCEPTANCE SPEECH AS THE UNITED NATIONS SECRETARY-GENERAL, FEBRUARY 2, 1946 /
THIS PLAZA AND SCULPTURE HONOR NORWEGIAN DIPLOMAT AND HUMANITARIAN TRYGVE LIE, FIRST SECRETARY-GENERAL OF THE UNITED NATIONS, 1946-1952. LIE’S PRINCIPLED LEADERSHIP IN THE PIONEER YEARS HELPED ESTABLISH THE UNITED NATIONS’ MISSION IN PROMOTING WORLD PEACE, FUNDAMENTAL HUMAN RIGHTS, AND INTERNATIONAL LAW. HE WAS IN CHARGE OF DEVELOPING THE GROWING UNITED NATIONS ORGANIZATION AND OF ESTABLISHING ITS HEADQUARTERS IN MANHATTAN. /
IN NORWAY LIE SERVED AS THE SECRETARY OF THE NORWEGIAN LABOR PARTY IN THE 1920S, MINISTER OF JUSTICE IN THE 1930S AND DURING WORLD WAR II AS FOREIGN MINISTER OF THE EXILED NORWEGIAN GOVERNMENT IN LONDON. HE SERVED AS NORWEGIAN MINISTER OF INDUSTRY AND MINISTER OF TRADE AND SHIPPING IN THE 1960S. /
THE PEACE CLOCK, 2015 /
LINA VISTE GRØNLI /
THIS ARTWORK COMMEMORATES TRYGVE LIE’S LIFE AND LEGACY AND CONNECTS HIS ASPIRATION FOR PEACE WITH THE ONGOING WORK OF THE UNITED NATIONS, LOCATED ACROSS FIRST AVENUE. THE ABSTRACT KINETIC SCULPTURE FUNCTIONS AS A CLOCK WHOSE HANDS, TWICE A DAY, ASSUME THE POSITION OF THE PEACE SIGN. /
COMMISSIONED BY THE CITY OF NEW YORK’S DEPARTMENT OF CULTURAL AFFAIRS PERCENT FOR ART PROGRAM AND DEPARTMENT OF PARKS AND RECREATION, AND THE GOVERNMENT OF NORWAY. /
THE CITY OF NEW YORK THANKS THE FOLLOWING DONORS: /
DNB BANK • FORD FOUNDATION • GOVERNMENT OF NORWAY • INTERNATIONAL PEACE INSTITUTE/ RAGNAR MEYER KNUTSEN • NORDEA BANK • NORDIC AMERICAN TANKERS LTD /
STEIN ERIK HAGEN ALLMENNYTTIGE • AGNES E. WERRING AND PETTER F. NESLEIN /
ARTHUR W. ZECKENDORF • GURI LIE ZECKENDORF • LAURA AND WILLIAM LIE ZECKENDORF /",2716,,Brass,"Abstract, Clock",,2016,,Gronli,1334,,725 United Nations Plaza,,Artwork,,,40.748792,NY
Brooklyn,Brooklyn,Police Officer Jose A. Perez,,,,,Plaque,Prospect Park,,1.0,N,,1994,N,,"DEDICATED TO THE MEMORY / OF / P.O. JOSE A. PEREZ / WHO ON APRIL 27, 1994 / DIED IN THE LINE OF DUTY / WHILE PROTECTING THE / RESIDENTS OF BROOKLYN.",,,Bronze,"Police Officer, NYPD, law enforcement",,1994,,,1117,,Prospect Park West and 3rd Street,,Monument/Memorial,,,40.668250,NY
New York,Manhattan,Lieutenant Colonel Isaac Barre,Paul E. Cabaret & Co.,,,,Plaque,City Hall Park,,1.0,N,Paul,1925,N,,"IN MEMORY OF/ LIEUTENANT COLONEL ISAAC BARRE / BORN 1726 - DIED 1802 / AN ARDENT ADVOCATE OF AMERICAN LIBERTIES / WHO IN OPPOSING THE OPPRESSIVE STAMP ACT / IN THE BRITISH HOUSE OF COMMONS IN 1765 / DECLARED THAT: / ""THE AMERICANS ARE SONS OF LIBERTY"" / AND IN MEMORY OF / THE SONS OF LIBERTY / WHO ERECTED FIVE LIBERTY POLES SUCCESSIVELY / FROM 1766 TO 1776 / ON THE COMMON, NOW CITY HALL PARK / ERECTED BY / THE ELLEN HARDIN WALWORTH CHAPTER / DAUGHTERS OF THE AMERICAN REVOLUTION / 1925 /",1274,,"Bronze, granite","American Revolutionary War, Colonial, War",,1925,,Cabaret,122,,Broadway between Murray Street and Warren Street,,Monument/Memorial,,,40.713085,NY
New York,Manhattan,Fiorello H. La Guardia,,A. Ottavino Corp.,Ruth,,Statue,LaGuardia Houses,,20.0,Y,Neil,1994,N,,"Northwest tablet: BORN / DECEMBER 11, 1882 / IN GREENWICH VILLAGE / DIED / SEPTEMBER 20, 1947 / BURIED / IN WOODLAWN CEMETERY  / THE BRONX Front center tablet: THE SON OF IMMIGRANTS, FIORELLO LAGUARDIA WAS /THE FIRST ITALIAN-AMERICAN TO SERVE IN CONGRESS. HE DEVOTED HIS LIFE TO THE PUBLIC / INTEREST. HE / WAS A CHAMPION OF SOCIAL JUSTICE AND A / DEFENDER OF THE POOR AND THE OPPRESSED. FOUGHT AGAINST DISCRIMINATION AND CORRUPTION. AS MAYOR OF NEW YORK, HE WAS A LEADER IN / BUILDING THE MODERN METROPOLIS. HE GAVE THE / PEOPLE OF THIS CITY TWELVE YEARS OF HUMANE / AND PROGRESSIVE GOVERNMENT. HE WAS HONEST. / HE CARED. HE WAS BELOVED / HE SET THE STANDARD / FOR ALL OTHERS TO FOLLOW. Southwest tablet: U.S. CONGRESSMAN 1917-1919 / MAJOR, U.S. ARMY 1917-1918 / PRES. N.Y.C. BOARD OF ALDERMEN 1920-1921  / U.S. CONGRESSMAN 1923-1932 / MAYOR OF NEW YORK 1934-1945 Northeast tablet: NEIL ESTERN, SCULPTOR",2939,,"Bronze, granite","Mayor, politician, public servant",,1994,,Estern,533,,535 LaGuardia Place,,Monument/Memorial,,,40.728694,NY
New York,Manhattan,American Memorial to Six Million Jews of Europe,,,,,Tablet,Riverside Park,,2.0,N,,1947,N,,THIS IS THE SITE FOR / THE AMERICAN MEMO- / RIAL TO THE HEROES OF / THE WARSAW GHETTO / BATTLE APRIL-MAY 1943 / AND TO THE SIX MIL- / LION JEWS OF EUROPE / MARTYRED IN THE CAUSE / OF HUMAN LIBERTY,2875,,Granite,"Jewish, Holocaust, World War II",,1947,,,1254,,Riverside Drive and West 83rd Street,,Monument/Memorial,Warsaw Ghetto Memorial,,"40.788114,",NY
Woodside,Queens,Woodside Memorial,"Sheidow Bronze Co, Kingwood, West Virginia",Riley Brothers,Joseph,,"Stele, plaque",Woodside Memorial Park,,,N,,1971,N,,WOODSIDE MEMORIAL PARK / DEDICATED TO ALL MEMBERS / OF THE COMMUNITY WHO / MADE THE SUPREME SACRIFICE / FOR THE GOOD AND WELFARE / OF THEIR COUNTRY AND FOR / THE PEAE AND FREEDOM / OF MANKIND / THE WORLD WARS / KOREA AND VIETNAM,,,"Bronze, Impala black granite","World War I, World War II, Korean War, Vietnam War, War",,1971,,,,,Roosevelt Avenue and 60th Street,,Monument/Memorial,,,40.745303,NY
Bronx,Bronx,Bronx Archway,,,,,Installation,"161st Street Bridge, 161st Street & Concourse Village",,,N,Alison,2014,N,,,955,,"Stainless steel, LED lights",Abstract,,2014,,Sky,,,161st Street and the Grand Concourse,,Artwork,,,40.826786,NY
Brooklyn,Brooklyn,Edward Robinson Squibb,,,,,Plaque,Squibb Park,,25.0,N,Joseph,1959,N,,"EDWARD ROBINSON SQUIBB / 1819-1900 / SQUIBB PARK / THIS PARK IS NAMED IN HONOR OF / EDWARD ROBINSON SQUIBB, MD / ONE OF THE FOUNDERS OF MODERN / AMERICAN MEDICAL CHEMISTRY AND / PIONEER IN THE BUILDING OF A / PHARMACEUTICAL INDUSTRY IN THE / UNITED STATES. HIS FIRST SMALL / LABORATORY, OPENED IN 1858, WAS / LOCATED JUST A SHORT DISTANCE / FROM THIS SITE. /",3299,,Bronze,"Inventor, Physician",,1959,,DiLorenzo,208,,Squibb Park Bridge between Columbia Heights and Furman Street,,Monument/Memorial,,,40.701109,NY
Brooklyn,Brooklyn,Ulysses S. Grant,,,,,Bas-relief,Soldiers' and Sailors' Arch,,,N,Thomas,1901,N,William,W.R. O'DONOVAN / THOMAS EAKINS / SCULPTORS / 1893-4,"912, 1611",O'Donovan,Bronze,"American Civil War, President of the United States, War",,1894,,Eakins,,,Grand Army Plaza between Eastern Parkway and Union Street,,Monument/Memorial,,,40.673000,NY
Ozone Park,Queens,Corporal George J. Wellbrock Memorial,,"Geo. H. Noll & Son, Brooklyn, NY",,,Obelisk,Corporal George J. Wellbrock Triangle,,1.0,N,,1929,N,,"Main plaque: ERECTED BY THE MEMBERS OF THE / OXFORD CIVIC ASSOCIATION, INC. / AND FRIENDS OF THE BOYS / WHO MADE THE SUPREME SACRIFICE / IN THE GREAT WORLD WAR 1917-1918 / ERECTED 1929 / Small name plaques: GEORGE J. WELLBROCK / THOMAS HURLEY / JAMES G. GAFFNEY / LAWRENCE F. CONDON / HERMAN SELNER / VALENTINE E. GROSS / Small plaque at bottom: GEO. H. NOLL & SON / MEMORIALS / BROOKLYN, N.Y. /",,,"Georgia granite, flagstone, bronze","World War I, War",,1929,,,11473,,"Rockaway Boulevard, 106th Street & 109th Avenue",,Monument/Memorial,,,40.678870,NY
Brooklyn,Brooklyn,Edge of the Plant/Edge of the Neighborhood,,,,,Installation,Visitor Center at the Newtown Creek Water Treatment Plant,,1.0,N,Vito,2010,N,,,2421,,,Fountain,,2010,,Acconci,2525,,329 Greenpoint Avenue,,Artwork,,,40.731681,NY
New York,Manhattan,Chelsea Park Memorial,"Roman Bronze Works, New York",,Charles,,"Statue, plinth",Chelsea Park,,82.0,N,Philip,1921,N,,TO / THE SOLDIERS / AND SAILORS / OF CHELSEA / WORLD WAR / 1914 - 1918,1018,,"Bronze, granite","Doughboy, World War I, War",R.,1921,,Martiny,724,,303 9th Avenue,,Monument/Memorial,Doughboy,,40.749516,NY
New York,Manhattan,Arthur Ross Pinetum marker,Bronze Arts & Crafts Co.,,,,Plaque,Central Park,,1.0,N,,1973,N,,"THIS PINETUM / A GIFT TO THE CITY / FROM / AN INTERESTED CITIZEN / MAY, 1973/",,,"Bronze, boulder","Philanthropist, Environmentalist",,1973,,,1111,,Arthur Ross Pinetum,,Marker,,,40.783364,NY
New York,Manhattan,Deer,,,Aymar,,Bas-relief,Central Park Zoo,,1.0,N,Frederick,1935,N,,Signed: F.G.R. ROTH,,,Indiana limestone,"Animals, WPA",,1935,,Roth,1111,,Central Park Zoo,,Artwork,,,40.767411,NY
Bronx,Bronx,Genius of Administration,,,,,Sculpture,Bronx County Courthouse,,1.0,N,Edward,1934,N,,,1619,,Marble,"Allegorical, History, Law, Government",,1932,,Sanford,2468,,851 Grand Concourse,,Artwork,Triumph of Civic Administration,,40.825933,NY
Brooklyn,Brooklyn,The Navy: American Sailors At Sea Urged On By the Genius of Patriotism,"Thiebaut Freres, Paris; Henry-Bonnard Company, New York",,Stanford,,Relief,Soldiers' and Sailors' Arch,,,N,Frederick,1901,N,,,"912, 1611",,Bronze,"American Civil War , War",,1901,,MacMonnies,,,Grand Army Plaza between Eastern Parkway and Union Street,,Monument/Memorial,,,40.672982,NY
Forest Hills,Queens,Gerald MacDonald,,,Henry,,Statue,MacDonald Park,,,N,Frederic,1934,N,,CAPT. GERALD MACDONALD / MEMORIAL DEDICATED BY / FOREST HILLS POST NO. 630 / THE AMERICAN LEGION / TO THOSE WHO SERVED / IN WORLD WAR / 1934,1862,,"Bronze, granite","World War I, War",,1934,,De Henwood,,,Queens Boulevard and 70th Avenue,,Monument/Memorial,,,40.721970,NY
New York,Manhattan,Senator Robert F. Wagner,,,,,"Bust, stele",Wagner Playground,,110.0,N,Georg,1959,N,,"ROBERT F. WAGNER SR / 1877 1953 / ""THE PURSUIT OF HAPPI- / NESS REQUIRES MORE / THAN VERBAL AFFIR- / MATION - IT REQUIRES / DECENT HOUSING, FAIR / EMPLOYMENT AND / EQUAL OPPORTUNITIES / FOR ALL OUR CITIZENS"" /",3272,,"Bronze, granite","Bust, Politician, Senator, German",,1959,,Lober,1797,,Second Avenue and 120th Street,,Monument/Memorial,,,40.799642,NY
Long Island City,Queens,Sunbather,,,,,Sculpture,Jackson Avenue Streetscape,,,N,Ohad,2016,N,,,61,,"Cast bronze, auto body paint",Abstract,,2016,,Meromi,,,Jackson Avenue and 43rd Avenue,,Artwork,,,40.747612,NY
New York,Manhattan,Two To One,Scot Forge,,,,"Sculpture, bench",Museum of Arts and Design,,1.0,N,Tom,2014,N,,,3256,,Forged stainless steel,Abstract,,2014,,Joyce,1030,,2 Columbus Circle,,Artwork,,,40.767428,NY
Brooklyn,Brooklyn,John F. Kennedy Memorial,,,,,"Bust, pedestal",Grand Army Plaza,,,N,Neil,1965; 2010 (recast),N,,"Front: JOHN / FITZGERALD / KENNEDY/ MAY 29, 1917 / NOVEMBER 22, 1963 / 35TH PRESIDENT / OF THE / UNITED STATES / 1961-1963 / 

Base: ASK NOT WHAT YOUR / COUNTRY CAN DO FOR YOU; / ASK WHAT YOU CAN DO FOR / YOUR COUNTRY",1611,,"Bronze, granite","President of the United States, politician, public servant",,1965,,Estern,,,Grand Army Plaza,,Monument/Memorial,,,40.674263,NY
New York,Manhattan,U.S.S. Maine National Monument,,,Harold,,"Pylon, statue, frieze, plaque",Central Park,,1.0,N,Attilio,1913,N,Charles,"1) Front group, proper right: ATTILIO PICCIRILLI SCULPTOR /

2) Front group, proper left: HAROLD VAN BVREN MAGONIGLE FAIA ARCHITECT /

3) Front: TO / THE VALIANT SEAMEN / WHO PERISHED IN THE / MAINE / BY FATE UNWARNED / IN DEATH UNAFRAID /---/ MDCCCXCVIII / MCMXII /

4) Above rear group: TO THE FREEMEN / WHO DIED IN THE / WAR WITH SPAIN / THAT OTHERS / MIGHT BE FREE /---/ MDCCCXCVIII / MCMXII /

5) Below rear group: ERECTED THROUGH PUBLIC SUBSCRIPTION / BY THE NATIONAL MAINE MONUMENT COMMITTEE / JAMES GRANT WILSON --- CHAIRMAN / WILLIAM R HEARST --- GEORGE F SHRADY / JOHN W KELLER --- J EDWARD SIMMONS /

6) Plaque, proper right of rear group: IN MEMORY OF RT. REV. MSGR. JOHN P. CHIDWICK / CHAPLAIN IN CHIEF / UNITED SPANISH WAR VETERANS / CHAPLAIN, UNITED STATES NAVY, / IN SERVICE ON THE / BATTLESHIP MAINE / AT THE TIME OF HER DESTRUCTION. / DEDICATED BY / THE SPANISH WAR VETERANS / SEPTEMBER 15, 1935. /

7) Plaque, proper left of rear group: IN MEMORIAM /---/ U.S.S. MAINE / DESTROYED IN HAVANA HARBOR / FEBRUARY 15th 1898 / THIS TABLET IS CAST FROM METAL RECOVERED FROM THE U.S.S. MAINE /

8) Plaque, proper left of Pacific Ocean figure: ILLUMINATION PROVIDED / IN MEMORY OF / E. BARTLEY OSBORN / BY HIS LOVING WIFE / GLORIA / 1983 /",21,Keck,"Bronze, granite","Allegorical, Maritime, Spanish-American War, equestrian, War",Van Buren,1912,,Piccirilli,1111,,West 59th Street and Columbus Circle,,Monument/Memorial,The Maine Monument,,40.768222,NY
New York,Manhattan,Christopher Columbus,"Federicao Masriera, Fundador, Barcelona",,Napoleon,,Statue,Central Park,,1.0,N,Jeronimo,1894,N,,PRESENTED BY THE CITIZENS OF NEW YORK / IN COMMEMORATION OF THE / FOUR HUNDREDTH ANNIVERSARY / OF THE / DISCOVERY OF THE NEW WORLD / OCTOBER 1492,1177,,"Bronze, granite","Explorer, Italian, Colonialism",,1892,,Sunol,1111,,The Mall,,Monument/Memorial,,,40.769941,NY
New York,Manhattan,Union Square Park Labor & History Plaques,,,,,Plaque,Union Square Park,,2.0,N,Gregg,2002,N,,,4211,,Bronze,"Labor, Reformer",,2002,,LeFevre,845,,Between Union Square East and Union Square West from E 4th to E 17th Street,,Artwork/Marker,,,40.735750,NY
New York,Manhattan,Voice IV,"Soapstone Studios, Brooklyn, NY","Soapstone Studios, Brooklyn, NY",,,Sculpture,West Harlem Piers,,92.0,N,Nari,2009,N,,,6482,,Stainless steel,"Abstract, African American, Black American, Black History, Mosaic",,2008,,Ward,2004,,Hudson River between 132nd Street and 133rd Street,,Artwork,,,40.820217,NY
Bronx,Bronx,Amorphophallus Titanum,,,,,Sculpture,New York Botanical Garden,,1.0,N,Tom,2005,N,,,1950,,Bronze,"Nature, Garden",,2005,,Otterness,4336,,Nolen Greenhouses,,Artwork,,,40.857234,NY
Staten Island,Staten Island,Washington Kill Von Kull Monument,,,,,Plaque,Faber Park,,34.0,N,,1932,N,,"IN HONOR OF / GEORGE WASHINGTON / WHO SAILED THROUGH THE KILL VON KUL L/ PAST THIS SPOT ON HIS WAY FROM / ELIZABETHTOWN TO NEW YORK CITY / APRIL 23, 1789 / FOR HIS INAUGURATION AS / PRESIDENT OF THE UNITED STATES / ERECTED BY THE STATEN ISLAND CHAPTER / DAUGHTERS OF THE AMERICAN REVOLUTION / IN RECOGNITION OF THE BICENTENNIAL OF THE / BIRTH OF / GEORGE WASHINGTON / NOVEMBER 6, 1932",1716,,Tablet: Bronze (missing as of 2020); Natural Boulder,"Colonial, President of the United States",,1932,,,1070,,Richmond Terrace and North Street,,Marker,,,40.640563,NY
New York,Manhattan,Community Island Pond,,,,,Installation,East River Greenway,,18.0,N,Carl,2001,N,,,5467,,Steel,Maritime,,2000,,Cheng,36,,South Street between Wall Street and Gouverneur Lane,,Artwork,,,40.703790,NY
New York,Manhattan,Reunion,,,James,,"Decorative pavement, mosaic",Police Plaza Path,,1.0,N,Valerie,1989,N,,,3747,,Brick,Mosaic,F.,1989,,Jaudon,121,,1 Centre Street,,Artwork,,,40.712778,NY
Bronx,Bronx,Louis J. Heintz Memorial,"Aubry Bros., Founders NY",,William,,Sculpture,Joyce Kilmer Park,,1.0,N,Pierre,1909,N,,"Plinth (proper left): PIERRE FEITU NY 1909 /

Plinth (proper right): AUBRY BRO'S FOUNDERS N.Y. /

Pedestal (front): LOUIS J. HEINTZ / 

Pedestal (front, words being written by figure of Fame): TO COMMEMORATE / THE FOUNDING OF / THE PROGRESS AND / PROSPERITY OF THE / BRONX /

Plaque (rear): JOHN J. RONNER / JOHN H. KNOPPEL / WILLIAM G. MC CREA / LOUIS A. RISSE / LOUIS F. FAFFEN / ADOLPH C. HUPFEL / MATHEW P. BREEN / HENRY C. SCHRADER / ARTHUR C. BUTTS / 1905 /","386, 1982",,"Bronze, Somesound granite","Civil servant, businessman, Urban planning, Department of Street Improvements",Welles,1905,,Feitu,2469,,Walton Avenue and East 161st Street,,Monument/Memorial,,,40.828035,NY
New York,Manhattan,Admiral David Glasgow Farragut,Adolphe Gruet,,Stanford,,"Statue, exedra, bas-relief",Madison Square Park,,1.0,N,Augustus,1881,N,,Center: DAVID GLASGOW / FARRAGUT West exedra: THAT THE MEMORY OF A / DARING AND SAGACIOUS COMMANDER AND / GENTLE GREAT-SOULED MAN WHOSE LIFE FROM CHILD- / HOOD WAS GIVEN TO HIS COUNTRY BUT WHO / SERVED HER SUPREMELY IN THE WAR / FOR THE UNION MDCCCLX I - MDCCCLXV / MAY BE PRESERVED AND / HONORED AND THAT THEY WHO COME AFTER / HIM AND WHO WILL OWE HIM SO MUCH MAY / SEE HIM AS HE WAS SEEN BY FRIEND AND / FOE HIS COUNTRYMEN HAVE SET UP / THIS MONUMENT AD MDCCCLXXXI. East exedra: BORN NEAR KNOXVILLE TENNESSEE / JULY V MDCCCI MID- / SHIPMAN MDCCCX BATTLE OF ESSEX / AND PHOEBE MARCH XXVIII MDCCCXIV / LIEUTENANT MDCCCXXV COMMAND- / ER MDCCCXLI CAPTAIN MDCCCLV / BATTLE OF NEW ORLEANS APRIL / XXV MDCCCLXII REAR ADMIRAL / MDCCCLXII BATTLE OF MOBILE BAY AUGUST / V MDCCCLXIV VICE ADMIRAL DECEMBER XX III MDCCCLXIV FIRST ADMIRAL OF THE UNITED STATES OF AMERICA JULY XXVI MDCCCLXVI DIED AT PORTSMOUTH NEW HAMPSHIRE AUGUST XIV MDCCCLXX Bronze crab: AUGUSTUS SAINT GAUDENS SCULPTOR / STANFORD WHITE ARCHITECT,"439, 1945",,Bronze sculpture on granite pedestal,Military,,1880,,Saint-Gaudens,852,,428 Madison Square North,,Monument/Memorial,,,"40.742762,",NY
Staten Island,Staten Island,New Brighton War Memorial,,,,,"Flagstaff base, plaque",North Shore Esplanade Park,,599.0,N,,1953,N,,"THIS TABLET HAS BEEN ERECTED / TO HONOR THE MEN AND WOMEN / OF NEW BRIGHTON WHO ANSWERED / THEIR COUNTRY'S CALL IN /WORLD WAR II 1941-1945 / DEDICATED BY / DONEGAN-MCGINLEY-LANDY POST NO. 1366 / THE AMERICAN LEGION / JULY 4, 1953.",2815,,"Bronze, granite","World War II, War",,1952,,,2,,Richmond Terrace between St. Peters Place and Nicholas Street,,Monument/Memorial,,,40.647986,NY
New York,Manhattan,Claremont Inn Marker,,,,,Plaque,Riverside Park,,1.0,N,,1952,N,,SITE OF THE CLAREMONT INN / ERECTED IN 1788 AS A RESIDENCE / THE BUILDING BECAME A PUBLIC / TAVERN BEFORE THE CIVIL WAR. / IT WAS ACQUIRED BY THE CITY / IN 1878 AND WAS OPERATED AS A / RESTAURANT UNTIL ITS DEMOLITION / IN 1950,,,Deer Isle granite,Landmark,,1952,,,1897,,Riverside Drive and 123rd Street,,Marker,,,40.815433,NY
New York,Manhattan,José Julián Martí,"Domico Scoma Bronze Works, Queens, NY",,,,Statue,Central Park,,1.0,N,Anna,1965,N,,"South side: JOSE MARTI

East side: APOSTOL DE LA INDEPENDENCIA / DE CUBA GUIA DE LOS PUEBLOS / AMERICANOS Y PALADIN DE LA / DIGNIDAD HUMANA SU GENIO / LITERARIO RIVALIZA CON SU / CLARIVIDENCIA POLITICA NACIO / EN HABANA EL 28 DE ENERO DE / 1853. VIVIO QUINCE ANOS DE SU / DESTIERRO EN LA CIUDAD DE NUEVA / YORK MURIO EN EL COMBATE DE / DOS RIOS PROVINCIA DE ORIENTE / EL 19 DE MAYO DE 1895.

West side: APOSTLE OF CUBAN INDEPENDENCE / LEADER OF THE PEOPLES OF AMERICA / AND DEFENDER OF HUMAN DIGNITY / HIS LITERACY GENIUS VIED WITH HIS / POLITICAL FORESIGHT. HE WAS BORN / IN HAVANA ON JANUARY 28, 1853 / FOR FIFTEEN YEARS OF HIS EXILE HE LIVED IN THE CITY OF NEW YORK. / HE DIED IN ACTION AT DOS RIOS IN / ORIENTE PROVINCE ON MAY 19, 1895.","2773, 3190",,"Bronze, dark Barre granite","Equestrian, Cuban, Journalist, Caribbean, Author, philosopher, Latinx, Latin American",,1959,,Huntington,1111,,Avenue of the Americas and West 59th Street,,Monument/Memorial,,,40.766056,NY
New York,Manhattan,Grand Street Boys War Tablet,,U.S. Bronze Sign Company,,,"Plaque, plinth",Sherman Square,,,N,,1954,N,,"A TRIBUTE TO THOSE / WHO GAVE THEIR LIVES / THAT WE MAY LIVE / IN FREEDOM / GRAND STREET BOYS POST NO. 1025 / AMERICAN LEGION/ NOVEMBER 11, 1954",3038,,"Bronze, granite","World War I, World War II, War",,1954,,,,,Broadway and 70th Street,,Monument/Memorial,,,40.777348,NY
Brooklyn,Brooklyn,Abraham Lincoln,,,John,,Relief,Soldiers' and Sailors' Arch,,,Y,Thomas,1901,N,William,"W.R. DONOVAN/ THOMAS EAKINS/
SCULPTORS/ 1893-4","912, 1611",O'Donovan,Bronze,"American Civil War, President of the United States, equestrian, War",Hemingway,1894,,Eakins,,,Grand Army Plaza,,Monument/Memorial,,,40.672987,NY
New York,Manhattan,Jane Addams,,,,,Plaque,City Hall Park,,1.0,N,,1935,N,,"TO COMMEMORATE THE SEVENTY FIFTH BIRTHDAY OF / JANE ADDAMS / SEPTEMBER 6, 1935 / THE FOUNDER OF WOMEN’S INTERNATIONAL LEAGUE FOR / PEACE AND FREEDOM / 1860-1935",,,Bronze,"Women, Reformer, Activist, woman",,1935,,,122,,Broadway and Chambers Street,,Monument/Memorial,,,40.713825,NY
Brooklyn,Brooklyn,Dr. Alexander J.C. Skene,,,,,"Bust, pedestal, stele",Grand Army Plaza,,,N,John,1905,N,,"(ON STELE)
""ALEXANDER J. C. SKENE / M.D.[---]LL.D./ PHYSICIAN [---] AUTHOR / PRESIDENT / DEAN AND / GYNECOLOGIST / OF THE LONG / ISLAND COLLEGE / HOSPITAL""

(ON BUST)
""SKENE""

(ON PEDESTAL)
""FYVIE / ABERDEENSHIRE / SCOTLAND / 1838 / HIGHMOUNT / ULSTER CO. N. Y. / 1900""",141,,"Bronze, marble",Physician,,1905,,Rhind,,,Grand Army Plaza between Vanderbilt and Flatbush Avenue,,Monument/Memorial,,,40.674940,NY
Brooklyn,Brooklyn,Milestone Park tablet,,,,,Plaque,Milestone Park,,1.0,N,,1917,N,,"THIS PARK IS AT THE LOCATION OF THE OLDEST EXISTING MILE- / STONE IN NEW YORK CITY. THE NEW UTRECHT MILESTONE WAS PLACE- / ED HERE IN APPROXIMATELY 1741, UNDER THE REIGN OF GEORGE / II. THE STONE, WHICH SERVED AS A DIRECTIONAL POST TO / TRAVELERS, STOOD AT THE JUNCTURE OF TWO COLONIAL ROADS; / KING'S HIGHWAY AND OLD NEW UTRECHT-FLATBUSH ROAD (NOW 18TH / AVENUE). IT ALSO SERVED AS A GUAGE TO DETERMINE POSTAL RATES / THE INSCRIPTION READS AS FOLLOWS: / FRONT: 8 1/4 MILE TO N. YORK FERRY, THIS ROAD TO DENY'S FERRY, 2 1/2 MILES. / SIDE: 10 1/2 MILES TO N. YORK FERRY. THIS ROAD TO JAMAICA, 15 MILES/",537,,"Brass, granite","Colonial, milestone",,1917,,,6296,,81st Street and 18th Avenue,,Marker,,,40.609583,NY
Brooklyn,Brooklyn,William E. Kelly,,,,,"Stele, plaque, memorial",Kelly Park Playground,,23.0,N,L.N.,1930,N,,"WILLIAM E. KELLY / BORN: / OCTOBER 10, 1872 / LETTER CARRIER: MAY 4, 1893 - MARCH 15, 1914 / POSTMASTER: / MARCH 16, 1914 - DECEMBER 2, 1915 / COUNTY CLERK KINGS COUNTY: / JANUARY 1, 1916 - SEPTEMBER 20, 1929 / HONORED, RESPECTED AND LOVED BY ALL / ERECTED BY HIS FRIENDS./",1695,,"Bronze, granite","Public Servant, United States Postal Service",,1930,,Anderson,6820,,Avenue S and East 14th Street,,Monument/Memorial,,,40.603893,NY
Bronx,Bronx,Old Man River,,,Aymar,,Bas-relief roundel,Crotona Pool Bath House,,1.0,Y,Frederick,1936,N,,,177,,Stone,"Animals, WPA, Bathhouse",,1936,,Roth,2941,,173rd Street and Fulton Avenue,,Artwork,,,40.839942,NY
Brooklyn,Brooklyn,James S.T. Stranahan,E. Gruet,,Stanford,,Statue,Prospect Park,,1.0,N,Frederick,1891,N,,STRANAHAN,,,"Bronze, granite",Politician,,1891,,MacMonnies,1117,,Grand Army Plaza between Flatbush Avenue and Prospect Park West,,Monument/Memorial,,,40.672145,NY
Brooklyn,Brooklyn,Mowgli Skins the Tiger,,,Aymar,,Bas-relief,Prospect Park Zoo,,1.0,N,William,1935,N,,,832,,Indiana limestone,"Children, Literary Character, WPA",,1935,,Diederich,1117,,450 Flatbush Avenue,,Artwork,,,40.665696,NY
Jamaica,Queens,Baisley Pond Park Memorial,,,,,"Stele, plinth",Baisley Pond Park,,1.0,Y,James,1921,N,,"ERECTED BY THE / CITIZENS OF THIS COMMVNITY / IN GRATEFVL MEMORY / OF THE MEN OF THIS VICINITY / WHO SERVED IN / THE WORLD WAR / 1917-1918 / DEDICATED SEPT. 5, 1921 /",1008,,Granite,"World War I, War",,1921,,Walsh,12230,,125th Avenue at 155th Street,,Monument/Memorial,,,40.674763,NY
Bronx,Bronx,Private David W. Gentle,,General Bronze Corporation,,,"Flagstaff base, tablet",Graham Square Park,,1.0,N,,1950,N,,"IN MEMORY / OF / PVT. DAVID W. GENTLE / 107TH INF. U.S. ARMY / BORN OCT. 28, 1895 / KILLED IN ACTION / OCT. 14, 1918 / ERECTED BY / DAVID W. GENTLE POSTNO. 618 / AMERICAN LEGION / 1950 /",,,"Concrete, granite","World War I, War",,1950,,,2325,,"East 139th Street, Morris Avenue, and Third Avenue",,Monument/Memorial,,,40.811780,NY
New York,Manhattan,Burnett Memorial Fountain,,,Aymar,,Fountain,Central Park,,1.0,N,Bessie,1936,N,,FOUNTAIN GROUP GIVEN TO / THE CHILDREN OF THE CITY / IN THE NAME OF / FRANCES HODGSON BURNETT / 1849-1924,1404,,Bronze on granite,"Author, literary characters",,1926,,Potter Vonnoh,1111,,Conservatory Garden,,Monument/Memorial,,,40.793163,NY
New York,Manhattan,Harlem Hybrid,,,,,Sculpture,Roosevelt Triangle,,,N,Richard,1976,N,,HARLEM HYBRID / R. HUNT 1976 / P.S. H.H. B.M.,4507,,Welded bronze,"Assemblage, abstract",,1976,,Hunt,,,West 125th Street and Morningside Avenue,,Artwork,,,40.811335,NY
New York,Manhattan,The Isaiah Wall,,,,,Memorial wall,Ralph Bunche Park,,23.0,N,,1948; 1975,N,,"THEY SHALL BEAT THEIR SWORDS INTO / PLOWSHARES, AND THEIR SPEARS INTO / PRUNING HOOKS; NATION SHALL NOT LIFT / UP SWORD AGAINST NATION. NEITHER / SHALL THEY LEARN WAR ANY MORE / ISAIAH

LETTERS ISAIAH ADDED 9/8/75 BY A. OTTAVINO GRANITE CORP.",2716,,Granite,Biblical,,1948,,,1335,,1st Avenue and 43rd Street,,Monument/Memorial,,,40.749639,NY
New York,Manhattan,Untermyer Fountain,,,,,Fountain,Central Park,,1.0,N,Walter,1947,N,,THIS FOUNTAIN ERECTED / IN MEMORY OF / SAMUEL UNTERMYER / 1858-1940 / AND / MINNIE UNTERMYER / 1859-1924 /,2019,,"Bronze, limestone","Dance, Fountain, German",,1947,,Schott,1111,,Conservatory Garden,,Monument/Memorial,Fountain of the Three Dancing Maidens,,40.794267,NY
Brooklyn,Brooklyn,Greenpoint War Memorial,,Lavery Granite Company,,,Statue,Monsignor McGolrick Park,,1.0,N,Carl,1923,N,,"(FRONT)
TO THE LIVING AND THE / DEAD HEROES OF / GREENPOINT / WHO FAUGHT IN THE / WORLD WAR BECAUSE / THEY LOVED AMERICA / REVERED ITS IDEALS / UNDER GOD AND / SUPPORTED ITS INSTITUTIONS / AND GAVE THEIR ALL THAT / OUR GOVERNMENT SHALL NOT / PERISH FROM THE EARTH 

(RIGHT)
ARGONNE /
 
(LEFT)
ST. MIHIEL / 

(BACK)
SOMME / CHATEAU THIERRY /",1053,,"Bronze, granite","Allegorical, World War I, War",,1923,,Heber,2687,,Russell Street between Nassau Avenue and Driggs Avenue,,Monument/Memorial,,,40.724444,NY
Brooklyn,Brooklyn,Dr. Ronald McNair,,"Anchor Casting, Milton Osborne, bust and plaques; A. Ottavino Corp., pedestal",,,"Bust, relief",Dr. Ronald McNair Park,,1.0,N,Ogundipe,1994,N,,"Center:
DEDICATED TO THE MEMORY OF / DR. RONALD MCNAIR / BORN OCTOBER 21, 1950 / LAKE CITY SOUTH CAROLINA / DIED JANUARY 28, 1986 / ABOARD THE SPACE / SHUTTLE CHALLENGER / PHYSICIST, ASTRONAUT / TEACHER MUSICIAN ATHLETE / ""MY WISH IS THAT WE / WOULD ALLOW THIS PLANET / TO BE THE / BEAUTIFUL OASIS THAT SHE / IS, AND ALLOW / OURSELVES TO LIVE MORE / IN THE PEACE THAT / SHE GENERATES."" 

Left:
""TRULY / THERE IS NO MORE / BEAUTIFUL SIGHT / THAN TO SEE / THE EARTH / FROM A SPACE BEYOND.""

Right:
""THE SATISFYING / THING ABOUT / PHYSICS ITSELF IS THE / FEELING OF HAVING / UNDERSTOOD AND / UNLOCKED SOMETHING / HERETOFORE / UNKNOWN"" / ""DEFY AND SIMPLY IGNORE / ANY OF THE INEVITABLE / OBSTACLES THAT WILL / IMPEDE THE PURSUIT OF / YOUR GOAL.""

Plaque:
SCULPTOR OGUNDIPE FAYOMI / DR. RONALD MCNAIR MONUMENT / MATERIAL: BRONZE & GRANITE / COLLECTION OF THE CITY OF NEW YORK / COMMISSIONED BY / DEPARTMENT OF CULTURAL AFFAIRS / PERCENT FOR ART PROGRAMS / SPONSORED BY / DEPARTMENT OF PARKS & RECREATION / ACCESSION NUMBER: PFA 94.1",1627,,"Bronze, granite","African American, Black American, Black History, Astronaut, Physicist, Science",,1994,,Fayomi,1184,,Eastern Parkway between Washington Avenue and Classon Avenue,,Monument/Memorial,,,40.670556,NY
New York,Manhattan,Washington Square Memorial Flagstaff,,,,,Flagstaff base,Washington Square Park,,1.0,N,,1920,N,,"IN HONOR / OF / ALL THOSE FROM / THIS DISTRICT / WHO GAVE THEIR / LIVES IN THE / WORLD WAR / PRESENTED BY THE / WASHINGTON SQUARE / ASSOCIATION / 1920 / 

CAPT. KENELM WINSLOW / LT. CHARLES DERHAM JR. / LT. JOUETT FITCH SINGLETON / LT. ARTHUR RICHMOND TABER / LT. HARRY THRASHER / LT. JACK M. WRIGHT / Q.M. CLEMENT LAWRENCE / SGT. BERNARD BULNTE / SGT. PAUL BURKE HEFLIN / SGT. GEORGE WADE SMITH / CORP. EDWARD GRANT COXE / CORP. ALEXANDER AMADOR KIN / CORP. HENRY JOSEPH LYNCH / CORP. HENRY LONSDALE SCANNELL / PVT. GEORGE JOSEPH CUDDY / PVT. WILLIAM CHARLES DAGAN / PVT. DANIEL ESPOSITO / PVT. JOHN JOSEPH PULLIS / PVT. SWAN AUSTIN MORRISON / PVT. ALOYSIUS P. MCMAHON /

FOR THE / GREAT REPUBLIC / FOR THE PRINCIPLE / IT LIVES BY AND / KEEPS ALIVE / FOR MAN'S VAST / FUTURE. / ABRAHAM LINCOLN / 

Inscription 4:
FOURTEENTH STREET / SEVENTH AVE. / BLEECKER ST. / BROADWAY /",1002,,Marble,"Flagstaff, Veterans, World War I",,1920,,,549,,Washington Square North and 5th Avenue,,Monument/Memorial,,,40.731023,NY
New York,Manhattan,Grant's Tomb Flagstaff,,,Aymar,,"Flagstaff base, plaque",General Grant National Memorial,,100.0,N,,1939,N,,IN MEMORIAM / FRED'K D. GRANT / ELDEST SON OF U.S. GRANT / VICKSBURG 1863 -VIRGINIA 1864-5 / MAJOR GENERAL U.S.A. MINISTER TO AUSTRIA./ MAJOR GENERAL U.S.A. MINISTER TO AUSTRIA. MEMBER GRANT MONUMENT ASSOCIATION 1908-191,1590,,"Granite, bronze","President of the United States, General, American Civil War, War, Veteran, Politician, public servant, tomb",,1939,,,1897,,Riverside Drive at 122nd Street,,Monument/Memorial,,,40.813191,NY
New York,Manhattan,Bethesda Fountain,Ferdinand von Muller,"Royal Foundry, Munich",,,Fountain,Central Park,,1.0,N,Emma,1873,N,,EMMA STEBBINS INV.. MOD. ROM. 1868,554,,Bronze,"Allegorical, fountain",,1873,,Stebbins,1111,,72nd Street Cross Drive,,Monument/Memorial,Angel of the Waters,,40.774311,NY
New York,Manhattan,Simón Bolívar,,,,,Statue,Central Park,,1.0,N,Sally,1921,N,,"SIMON BOLIVAR / EL LIBERATOR /---/ VENEZUELA A LA CIUDAD / DE NUEVA YORK /---/ LIBERTADOR DE VENEZUELA / NUEVA GRANADA / ECUADOR, PERU / FUNDADOR DE BOLIVIA / ---/ NACIO EN CARACAS / EL 24 DE JULIO DE 1783 / MURIO EN SANTA MARTA / EL 17 DE DICIEMBRE DE 1830","954, 2774",,"Bronze, granite","Equestrian, Latin American, Reformer, Venezuelan, Venezuela, South American, Latinx",,1919,,Farnham,1111,,Central Park South and Avenue of the Americas,,Monument/Memorial,,,40.765689,NY
New York,Manhattan,Roscoe Conkling,Henry-Bonnard Bronze Company,,,,Statue,Madison Square Park,,1.0,N,John,1893,N,,ROSCOE CONKLING,1945,,"Bronze, Quincy granite","Politician, public servant, lawyer, Congressman, Senator",,1893,,Ward,852,,Madison Avenue and East 23rd Street,,Monument/Memorial,,,40.741245,NY
Bronx,Bronx,General Josiah Porter,Gorham Mfg. Co. Founders,,Harry,,Statue,Van Cortlandt Park,,150.0,Y,William,1902,N,,"Front side: MAJOR GENERAL / PORTER / ADJUTANT GENERAL / STATE OF NEW YORK/1886-1894 Left side: ERECTED BY / THE NATIONAL GUARD OF NEW YORK / IN APPRECIATION OF HIS FIDELITY / AS A PATRIOT, / HIS QUALITIES AS A SOLDIER, / AND HIS SERVICES ON BEHALF OF / THE NATIONAL GUARD Back side: JOSIAH PORTER / 1ST. LIEUT. 1ST. BATTERY / MASS. VOLS. 1861. / CAPTAIN, JULY 1861 TO / SEPTEMBER 1862. / CAPTAIN 22ND. REGIMENT N.G. N.Y. / JUNE 1865, / MAJOR, MAY 1867. / LIEUT. COLONEL, JANUARY 1869. / MAJOR GENERAL AND / ADJUTANT GENERAL, 1886. Right side: HE LABORED / TO INCREASE THE EFFICIENCY, / PERFECT THE DISCIPLINE AND / ELEVATE THE STANDARD OF / THE NATIONAL GUARD.","22, 6067",,"Bronze, Westerly granite","American Civil War, Military, War",E.,1902,,Noble,5900,,Broadway and 245th Street,,Monument/Memorial,,,40.891311,NY
Flushing,Queens,Flushing Park Memorial,,,,,Obelisk,Flushing Greens,,125.0,Y,,1865,N,,Side 1: ERECTED / IN MEMORY OF THE / PATRIOTIC VOLUNTEERS / FROM / FLUSHING / WHO / SACRIFICED THEIR LIVES / IN THE WAR / FOR THE PRESERVATION / OF OUR UNION / 1861-1865 /  Side 2: CAPT. WM. DERMODY / LIEUT. EMIL SCHUBERT --- SGT. WM. H. TEPPY / SGT. ASA. FOWLER --- CORP. WASHT. W. FOWLER / HENRY APEL --- BENJ. COVERT / JOHN B. BAUER --- CHRIS. CROOKER / JOHN BRADY --- HARSN. CURTIS / L. BRUNNEMER --- PHILIP DERKES / JOHN BUCKLEY --- JOS. A. DOBIECK / JOHN W. BYRD --- JOHN DOHERTY / JAS. BYRNS --- JAS. E. ELDERD / THADDS. CAMPBELL --- CHAS. ERLING / JOS. CATHCART --- JAS. FEELY / VALENT. CLINCH --- WM. H. H. FIELD / WM. J. CONN --- GEO. H. FOWLER / THOS. CONNER --- WM. GOODWIN /Side 3: CAPT. LOUIS BRISKY / SGT. BENJ. HARPELL --- SGT. JAS. P. SMITH / CORP. GEO. HUNTSMAN --- CORP. WM. E. JOHNSTON / WM. GRIFFIN --- THOS. H. JENKINS / LOUIS GROESEL --- ROBERT KANE / SETH HARPELL --- JOHN KENALEY /JOHN HEFEPMEHL --- PHILIP KENNA / VALENT. HELFRICH --- JOHN KEPPLER / JOHN HEPPLER --- JOS. KIERSTEAD / JOHN HICKS --- PETER KIMMEEP / JOHN HUNTSMAN --- WASH. D. KNIGHT / JOHN HODGES --- PHILIP MAHER / PATRICK HURLEY --- JACOB MANNWEILER / C. JACKSON --- PATRICK MARTIN / THOS. JACKSON --- THOS. MCREADY / Side 4: CAPT. ELIJAH W. PECK / SGT. FREDK. WERNER --- SGT. ADAM WORTH / CORP. JOHN MARA --- COPR. LORENZO D. WOOD / MARTIN MOORE --- ELIAS H. SEAMAN / EDW. D. MURRAY --- CHAS. D. SMITH / HENRY NEIMER --- JAS. STARKINS / ANTHONY PARKS --- JURGEN STURNBERG / SAML. O. PORTLAND --- J. STEINBRUECKER / ANDW. REINHARDT --- JOHN STONEBANKS / GOTHARD RENIKER --- CHAS. W. TOWNSEND / FRANK RICHTER --- WILLIS H. TYRRELL / CHRISTN. SCHATZMAN --- GEO. VIX / GEO. W. SCHENCK --- CARL WIDDEMAN / DAVID SCHULTZ --- ROBT. WRIGHT JR. /,,,Granite,"American Civil War, War",,1865,,,4977,,Northern Boulevard and Linden Street,,Monument/Memorial,,,40.763383,NY
New York,Manhattan,Navy Terrace,,,,,Plaque,Central Park,,1.0,N,Alexander,1947,N,,"NAVY TERRACE / NAMED IN HONOR OF / THE MEN AND WOMEN / OF NEW YORK CITY / WHO SERVED THEIR COUNTRY / DURING THE WORLD WARS / IN THE UNITED STATES NAVY / UNITED STATES MARINE CORPS / UNITED STATES COAST GUARD / DEDICATED MAY 24, 1947 /",2674,,"Bronze, granite","World War II, War, Navy, Coast Guard, Marine Corps",,1947,,Victor,1111,,The Mall,,Monument/Memorial,,,40.77407271,NY
Jamaica,Queens,Wingdale,,,,,Sculpture,Major John W. Mark Park,,50.0,N,Roger,1973,N,,,4073,,Painted Cor-ten steel,Abstract,,1971,,Bolomey,9831,,173rd Street and Hillside Avenue,,Artwork,,,40.711889,NY
Brooklyn,Brooklyn,General Gouverneur Kemble Warren,Henry-Bonnard Bronze Co. New York,,,,Statue,Grand Army Plaza,,,N,Henry,1896,N,,WARREN,1611,,"Bronze, granite","American Civil War, Military, War",,1893,,Baerer,,,Union Street between Plaza Street West and Grand Army Plaza,,Monument/Memorial,,,40.673013,NY
Richmond Hill,Queens,Raoul Wallenberg Marker,,,,,Plaque,Forest Park,,1050.0,Y,,1982,N,,"RAOUL WALLENBERG / SQUARE / SWEDISH RIGHTEOUS CHRISTIAN / IN DEDICATION TO HIS EFFORTS / IN SAVING 100,000 HUNGARIAN / JEWS FROM THE HOLOCAUST / QUEENS WALLENBERG / COMMITTEE / DEDICATED APRIL 25, 1982",,,"Granite, concrete","Architect, Holocaust, Humanitarian, Christian, Swedish, Diplomat",,1982,,,3907,,Metropolitan Avenue and Park Lane South,,Monument/Memorial,,,40.707908,NY
Flushing,Queens,Theodor Herzl Memorial,,,,,"Flagstaff base, plaque",Freedom Square,,50.0,N,Joseph,1960,N,,"plaque: 1860-1904 --- CENTENNIAL / THEODOR HERZL / FIGHTER FOR FREEDOM / ""IF YOU WILL IT, IT IS NO DREAM"" / MAY 2ND 1960 / KEW GARDENS HILLS / ZIONIST DISTRICT /",3145,,"Bronze, Stony Creek granite","Jewish, Journalist, Playwright, Activist",,1960,,Dilorenzo,6626,,73rd Terrace and Vleigh Place,,Monument/Memorial,,,40.723614,NY
New York,Manhattan,Mary Harriman Rumsey,,,Aymar,,Plaque,Central Park,,1.0,N,,1937,N,,"MARY HARRIMAN RUMSEY / PLAYGROUND / IN MEMORY OF / MARY HARRIMAN RUMSEY / NOV. 17, 1881 - DEC. 18, 1934 / GRACIOUS CITIZEN / WHO GAVE GLADLY OF HER MEANS / AND HERSELF / FOR THE HEALTH AND HAPPINESS / OF LITTLE CHILDREN",2080,,Bronze,"Women, Reformer",,1937,,,1111,,Rumsey Playground,,Monument/Memorial,,,40.77244026,NY
Bronx,Bronx,Medusa,,,Aymar,,Bas-relief roundel,Crotona Pool Bath House,,1.0,Y,Frederick,1936,N,,,177,,Stone,"Mythology, Greek, Greek mythology, WPA, Bathhouse, woman, women",,1936,,Roth,2941,,173rd Street and Fulton Avenue,,Artwork,,,40.839942,NY
New York,Manhattan,Foley Square Medallions,,,,,Medallions,Foley Square,,1.0,N,,2000,N,,,2573,,Bronze,"African America, Black American, Black Hisotry, Slavery, Foley Square, History, African Burial Ground",,2000,,,168,,Duane Street between Federal Plaza and Centre Street,,Artwork,,,40.714658,NY
New York,Manhattan,Sergeant Joyce Kilmer,,,,,"Plaque, plinth",Central Park,,,N,,1931,N,,"IN MEMORIAM / SERGEANT JOYCE KILMER / POET OF THE TREES / KILLED IN ACTION - BOIS COLAS / JULY 30, 1918",,,"Bronze, cast stone","Poet, World War I, Writer, Journalist, Lecturer, Soldier, War",,1931,,,1111,,The Mall,,Monument/Memorial,,,40.77191,NY
New York,Manhattan,Union Square Drinking Fountain,"G. Howaldt, Braunschweig",,,,Fountain,Union Square Park,,2.0,N,Karl,1881,N,,A. DONNDORF.FEC.STUTTGART.G.HOWALT.GEG.BRAUNTSCHWEIG / 1881 / -DEUTSCHLAND,4211,,"Bronze, granite","Fountain, Temperance Movement",,1881,,Donndorf,845,,Union Square West between East 15th and East 16th Street,,Artwork/Monument,The James Fountain,,40.736102,NY
New York,Manhattan,Marie Sklodowska Curie,,,Aymar,,Plaque,City Hall Park,,1.0,N,,1934,N,,"MARIE SKLODOWSKA CURIE / FROM THE / POLISH AMERICAN CHILDREN / OF NEW YORK CITY / NOVEMBER 7, 1934 / ON THE SIXTY SEVENTH ANNIVERSARY / OF HER BIRTH /",1939,,Bronze,"Woman, Scientist, Polish, French",,1934,,,122,,Broadway and Murray Street,,Monument/Memorial,,,40.712747,NY
New York,Manhattan,The Judgment of Solomon,,,,,Bas-relief,White Street Detention Center,,1.0,N,Richard,1989,N,,,4724,,"Sculptural epoxy, cast stone","Biblical, Law, Judge",,1989,,Haas,198,,125 White Street,,Artwork,,,40.716750,NY
New York,Manhattan,Crack Is Wack,,,,,Mural,Crack is Wack Playground,,80.0,N,Keith,1986,N,,,,,"Paint, concrete","Graffiti, Pop Art",,1986,,Haring,1803,,East 128th Street & Harlem River Drive,,Artwork,,,40.804722,NY
New York,Manhattan,The Rowers,"Roman Bronze Works, Inc.",,,,Sculpture,Central Park,,1.0,N,Irwin,1968,N,,,1430,,"Bronze, black granite","Maritime, Philanthropist",,1968,,Glusker,1111,,East Drive at 75th Street,,Artwork,,,40.775222,NY
New York,Manhattan,Dr. Sun Yat Sen,"Chain Chi Art Bronze Statue Co., Ltd.",Ottavino Stone Corp,,,Statue,Columbus Park,,1.0,N,Lu,2019,N,,,7347,,"Bronze, granite","Founding Father, Chinese, Asian, East Asian",,2011,,Chun-Hsiung,165,,Bayard Street between Baxter Street and Mulberry Street,,Monument/Memorial,,,40.715662,NY
New York,Manhattan,Bear and Faun,Roman Bronze Works,,,,Fountain,Morningside Park,,1.0,N,Edgar,1914,N,,,516,,Bronze,"Animals, Mythology, Fountain",,1914,,Walter,1850,,114th Street and Morningside Avenue,,Artwork,Alfred Lincoln Seligman Fountain; Children's Playground Fountain,,40.804241,NY
New York,Manhattan,Richard Tucker,,,,,"Bust, pedestal",Richard Tucker Park,,36.0,N,Milton,1980,N,,"Bust: HEBALD 1979 / 

Base (south): RICHARD TUCKER  / AUGUST 28 1913  - JANUARY 8 1975  / METROPOLITAN OPERA TENOR / GIFT TO THE CITY OF NEW YORK / IN LOVING MEMORY OF RICHARD TUCKER / FROM / MRS RICHARD TUCKER AND FAMILY / 

Base (north): IL TROVATORE / LA BOHEME / LA FANCIULLA DEL WEST / LA FORZA DEL DESTINO / LA GIOCONDA / LA JUIVE / LA TRAVIATA / LUCIA DE LAMMERMOOR / LUISA MILLER / MADAMA BUTTERFLY / 

Base (west): MANON LESCAUT / MARTHA / RIGOLETTO / SAMSON ET DELILA / SIMON BOCCANEGRA / THE MAGIC FLUTE / THE TALES OF HOFFMAN / TOSCA / TURANDOT / BALLO EN MASCHERA /

Base (east): AIDA / ANDREA CHENIER / BORIS GODUNOV / CARMEN / CAVALLERIA RUSTICANA / COSI FAN TUTTE / DIE FLEDERMAUS / DON CARLOS / EUGENE ONEGIN / FAUST / I PAGLIACCI /",4179,,"Bronze, granite","Jewish, Musician, Opera",,1979,,Hebald,1137,,Columbus Avenue and West 66th Street,,Monument/Memorial,,,40.773534,NY
New York,Manhattan,Fort George Memorial Tablet,,,,,Tablet,Battery Park,,1.0,N,,1818,N,,"TO PERPETUATE / THE SITE OF THE S.W. BASTION OF / FORT GEORGE / IN 40°42'8"" N. LATITUDE / AS OBSERVED BY / CAPT. JOHN MONTRESOR AND DAVID RITTENHOUSE / IN OCTOBER 1769 / THE CORPORATION OF THE CITY OF NEW YORK / HAVE ERECTED / THIS MONUMENT / A.D. MDCCCXVIII",,,White Vermont marble,American Revolutionary War,,1818,,,3,,State Street and Bridge Street,,Marker,,,40.703913,NY
Bronx,Bronx,Paul Rainey Memorial Gate,,,Charles,,Ornamental gates,Bronx Zoo,,20.0,N,Paul,1934,N,,,1776,Howard,"Bronze, Stony Creek granite, limestone",Animals,A.,1934,,Manship,3120,,East Fordham Road and Bronx Park Road,,Artwork/Memorial,,,40.855006,NY
New York,Manhattan,Pilgrim,"H. Bonnard, NYC",,Richard,,Statue,Central Park,,1.0,Y,John,1885,N,,"TO COMMEMORATE / THE LANDING OF THE / PILGRIM FATHERS / ON / PLYMOUTH ROCK / DECEMBER 21, 1620 / ERECTED BY THE / NEW ENGLAND SOCIETY / IN THE CITY OF NEW YORK /
1885/",3836,,"Bronze, granite","Colonial, English",Morris,1885,,Ward,1111,,East 72nd Street and Terrace Drive,,Monument/Memorial,,,40.773139,NY
New York,Manhattan,Bowling Green Fence Plaque,,,,,Plaque,Bowling Green,,28.0,N,,1964,N,,"LANDMARKS OF NEW YORK / BOWLING GREEN FENCE / ERECTED BY COMMON COUNCIL IN 1771 / THIS FENCE SURROUNDS NEW YORK'S EARLIEST/PARK. THE PARK WAS LEASED IN 1733 FOR USE / AS A BOWLING GREEN AT A RENTAL OF ONE / PEPPERCORN A YEAR. PATRIOTS, WHO IN 1776 / DESTROYED AN EQUESTRIAN STATUE OF GEORGE / III WHICH STOOD HERE, ARE SAID TO HAVE / REMOVED THE CROWNS WHICH CAPPED THE / FENCE POSTS BUT THE FENCE ITSELF REMAINS. / PLAQUE ERECTED 1964 BY / THE NEW YORK COMMUNITY TRUST/",1988,,Bronze,"Colonial, American Revolutionary War",,1964,,,12,,Broadway and Beaver Street,,Marker,,,40.704730,NY
New York,Manhattan,Turkeys,,,Aymar,,Bas-relief,Central Park Zoo,,1.0,N,Frederick,1935,N,,Signed: F.G.R. ROTH,1859,,Indiana limestone,"Animals, WPA",,1935,,Roth,1111,,Central Park Zoo,,Artwork,,,40.767106,NY
Brooklyn,Brooklyn,John Cashmore Marker,,,Aymar,,Stele,Columbus Park,,1.0,N,,1965,N,,"1) front: ""JOHN CASHMORE /---/ 1895-1961 /---/ PRESIDENT OF THE BOROUGH / OF BROOKLYN FROM 1940 / UNTIL HIS DEATH / IT WAS DURING HIS LONG & / FRUITFUL ADMINISTRATION / THAT THE IDEA OF THIS / BROOKLYN CIVIC CENTER / WAS PLANNED & ACHIEVED /---/ THIS SPOT IS DEDICATED TO HIS MEMORY / BY HIS FELLOW CITIZENS / OF BROOKLYN""

2) rear: ""JOHN CASHMORE / 1895-1961""","111, 2739",,Granite; Bronze,"Politician, Public Servant, Borough President",,1965,,,139,Embury,Montague and Court Street,Coe,Monument/Memorial,,Edward,40.693528,NY
Bronx,Bronx,Macombs Dam Park Fountain,,,,,Fountain,Macombs Dam Park,,1.0,N,Martin,1908,N,,,"193, 4208",,"Indiana limestone, Stony creek granite",Fountain,,1908,,Schenck,2511,,Jerome Avenue between Ogden Avenue and Woodycrest Avenue,,Monument/Memorial,,,40.830229,NY
New York,Manhattan,Irving and Estelle Levy Playground Gate,,,John,,Ornamental gates,Pat Hoffman Friedman Playground,,1.0,N,A.,1958,N,,"Original plaque: ""THIS PLAYGROUND IS THE GIFT / OF THE / IRVING AND ESTELLE LEVY FOUNDATION / IN MEMORY OF IRVING LEVY / 1957""  2) each replacement plaque, left leaf: ""PAT HOFFMAN FRIEDMAN PLAYGROUND / A GIFT OF SAMUEL N. FRIEDMAN / 1990""  3) each replacement plaque, right leaf: ""THIS GATE COMMEMORATES / THE IRVING AND ESTELLE LEVY PLAYGROUND / A GIFT IN MEMORY OF IRVING LEVY IN / 1957""",3188,,Bronze,"Philanthropist, Gate",,1957,,Beretta,1111,,Fifth Avenue and East 79th Street,,Artwork/Memorial,,,40.777520,NY
Corona,Queens,Joseph Lisa,,,,,Plaque,William F. Moore Park,,,Y,,1976,N,,THIS TREE PLANTED / IN MEMORY OF / JOSEPH LISA SR. / DEMOCRATIC DISTRICT LEADER / FROM 1950-1976,,,Granite,"Politician, public servant",,1976,,,,,"108th Street, Corona Avenue and 51st Avenue",,Monument/Memorial,,,40.743583,NY
New York,Manhattan,Voice I,"Soapstone Studios, Brooklyn, NY","Soapstone Studios, Brooklyn, NY",,,Sculpture,West Harlem Piers,,56.0,N,Nari,2009,N,,,6482,,Stainless steel,"Abstract, African American, Black American, Black History, Mosaic",,2008,,Ward,2004,,Hudson River between 132nd Street and 133rd Street,,Artwork,,,40.818858,NY
New York,Manhattan,Knights of Pythias Memorial,Phil Madonick Monuments Inc.,,,,Stele,Central Park,,1.0,Y,,1961,N,,"TO OUR VALIANT BROTHERS WHO DIED / IN THE SERVICE OF OUR COUNTRY / IN WORLD WAR I / KNIGHTS OF PYTHIAS - STATE OF NEW YORK/ SIDNEY A. SCHWARTZ 60TH INFANTRY, MACHINE CO. TRIANGLE LODGE #153 / MORRIS DICKSTEIN 4TH INFANTRY, CO. C. COSMOPOLITAN, LODGE #202 / LOUIS I. HIRSCHFIELD 30TH INFANTRY, CO. D. COSMOPOLITAN LODGE #202 / DAVID RIESMAN COMMISSARY DEPT. WASHINGTON D.C. NONPAREIL LODGE #214 / JEROME HEINE 111TH INFANTRY, CO. 11 PINTA LODGE #331 / DAVID M. KLEIN 307TH INFANTRY, CO. K. COLUMBUS LODGE #332 / JESSE STEINTHAL 308TH INFANTRY, CO. K. SIOUX LODGE #337 / ALEXANDER GOLDBERG 308TH INFANTRY, CLAREMORE LODGE #451 / EMANUEL BRODE 30TH INFANTRY HEADQUARTERS CO. FANCOURT LODGE #452 /",2649,,Granite,"World War I, War",,1961,,,1111,,The Mall,,Monument/Memorial,,,40.771708,NY
New York,Manhattan,Tigress and Cubs,"F. Barbedienne, Fondeur, Paris",,,,Statue,Central Park,,1.0,N,Auguste,1867,N,,"Front:  A. CAIN / 1866 
Rear: F. BARBEDIENNE FONDEUR, PARIS",81,,Bronze,Animals,,1866,,Caïn,1111,,Fifth Avenue and 64th Street,,Artwork,,,40.767472,NY
New York,Manhattan,Romeo and Juliet,"Spartaco Dionesi Foundry, Rome",,,,Sculpture,Central Park,,1.0,N,Milton,1978,N,,ROMEO AND JULIET / GIFT OF GEORGE DELACORTE,4176,,"Bronze, granite",Literary Characters,,1978,,Hebald,1111,,Central Park West and West 81st Street,,Artwork,,,40.780517,NY
Oakland Gardens,Queens,Firefighting Mosaic,,,,,Mosaic,FDNY Engine 326 / Ladder 160 / Battalion 53,,12.0,N,Ned,1984,N,,,4393,,Marble,"Fire Station, Mosaic, Firefighters",,1984,,Smyth,7621,,64-05 Springfield Boulevard,,Artwork,,,40.747067,NY
Brooklyn,Brooklyn,Bill Brown Post Memorial,,,,,Plaque,Bill Brown Memorial Playground,,471.0,N,,1940,N,,FOR GOD AND COUNTRY / IN MEMORY OF THOSE / WHO SERVED / IN THE ARMED FORCES / OF OUR COUNTRY / BILL BROWN POST NO. 507 / AMERICAN LEGION /,1917,,"Bronze, natural boulder","War, Veterans",,1940,,,7441,,East 22nd between Jerome Avenue and Ave Z,,Monument/Memorial,,,40.588673,NY
Staten Island,Staten Island,Sullivan's Attack,,,,,Plaque,Veterans Park,,1.0,N,,1930; 1998,N,,"SULLIVAN'S ATTACK / AUGUST 22, 1777 / GEN. WILLIAM SMALLWOOD / ROUTED BRITISH PROVINCIALS / AT DECKER'S FERRY NEARBY / THIS MEMORIAL / CREATED BY / STATEN ISLAND CHAPTER / DAUGHTERS OF THE AMERICAN REVOLUTION / JUNE 1930 / REDEDICATED APRIL 1998 /",,,"Bronze, natural boulder","American Revolutionary War, War, Colonial",,1930,,,1019,,Park Avenue and Bennett Street,,Marker,,,40.637370,NY
Hollis,Queens,Hollis World War Memorial,,,,,"Plaque, stele",,,,N,,1920,N,,"1914 - ROLL OF HONOR - 1919 / IN HONOR OF THE MEN OF HOLLIS / WHO SERVED IN THE GREAT WORLD WAR 

UNITED STATES ARMY 
B.T. ABRAMS --- H.E. GRIMSHAW --- H.H. PLIMPTON 
P.C. ALBEE --- A.T. GRINYER --- R.A.PLIMPTON 
J.B. ALLISON --- H.W.GRINYER --- W.M. PRIMONT 
H.D. ALLISON --- A.F.GRUNENTHAL --- M.J. REMSEN 
E.P. ARMSTRONG --- C.C. GRUNENTHAL --- R. REMSEN 
R.S.H. BALDWIN --- B.B. HALLECK --- H.B. RUPP 
F.A. BATES --- H.W. HEINS --- W.H. RUPP 
J. BEBELL --- C. HOOPER --- F.W. SCHEIDENHEIM 
W.F. BEBELL --- F. HOOPER --- G.P. SCOTT 
W. BEHRMAN --- E.E. JACKSON --- C. SJOBERG 
M. BOLLING --- W.C. JOHNSON --- C.J. SOLAN 
R. BRISTOL 
K.O. KLAESSIG --- H. SPOONER 
W.H. BRODE --- A.F. KOLM --- W.L. STEIN 
G.K. BRUNER --- FLORENCE L. LENOX ---N. STOUTENBURGH 
R.V. BUCHER --- MARGARET I. STRACHAN --- P. STOUTENBURGH 
W.J. BULGER --- J.J. MCDONNELL --- J.F. SYLVESTER 
D.L. CANTOR --- D.B. MCGOLDRICK --- O.C. TRAPPE 
W. CHROSTOWSKI --- E.A. MCGUIRE, JR. --- M.D. UTER 
J.W. CLERKE --- W. MCLAUGHLIN --- J. VANDERPOOL 
W.B.COLYER --- S.R. MALLETT --- A.D. VANSICLEN 
B. COTTON --- D.T. MARSHALL --- C.D. VANSICLEN 
R.V. CROKER --- J.T. MARSHALL --- H.R. VANSICLEN 
L.L. DAVIS --- W.P. MARSHALL --- C.A. WARDLOW 
R.H. FELTNER --- H.F. MERRITT --- A. WATHERSTON 
W.P. FISCHER --- A. MIGLENO --- R.D. WHITE JR. 
J. FITZGIBBONS --- B. NEISLOSS --- V.R. WHITE 
H.O. FORWARD --- A.F. NERGER --- C.P. WILLIAMS 
F. GLASER --- T. O'CALLAGHAN --- E.G. WILLIAMS 
W.W. GOETZ --- J.D. OUCHTERLONEY --- F.A. WILLIAMS 
C. GREGORIUS --- J.H. PHILLIPS --- J.J. WILLIAMS 
T. WISNER --- G.R. WOOD 

UNITED STATES NAVY 
LILLIAN I. BULGER --- W.F. BUCKNER, JR. --- J. KEENAN 
EDITH H. CROKER --- H.G. COLYER --- A. LYNCH 
ETHEL L. FARNER --- C.E. CRAWFORD --- C.B. MALOY 
H.W.R. BAUER --- B.B. DUBOCQ --- W.F. MULLER 
J.H. BEDFORD --- J. GILL --- G. SUMNER 
E. BENYON --- W.A. HARGRAVE --- T.G. SWEET 
W.B. BORSDORF --- F.W. HASSLER --- E.S. TABER 
W.J. BROWN --- L. JENSEN --- E.C. THOMSEN 
M.C. VANDINE --- P. WOODS 


UNITED STATES MARINE CORPS 
A. E. FLEISCHAUER --- H.C. GREGORIUS --- J.H. SWEET 

ALLIED FOREIGN SERVICE 
B.V. MCGUIRE, FOREIGN LEGION --- G.V. TONNER, CANADIAN FORCES 


OVERSEAS SERVICE 
B.F. PLIMPTON, RED CROSS --- BESSIE PLIMPTON, Y.M.C.A. 
P.A. MCGUIRE, Y.M.C.A.",,,"Bronze, pink granite","World War I, War",,1920,,,,,193rd Street and Hillside Avenue,,Monument/Memorial,,,40.716814,NY
Bronx,Bronx,Tortoise and Hare,,,,,Sculpture,Van Cortlandt Park,,150.0,N,Michael,1996,N,Stuart,,,Smith,Steel,"Animals, Literary Characters",,1996,,Browne,5900,,Broadway and 242nd Street,,Artwork,,,40.893962,NY
Richmond Hill,Queens,Richmond Hill War Memorial,"American Art Foundry, NY",,William,,Statue,Forest Park,,1050.0,Y,Joseph,1925,N,,"Right of pedestal: ERECTED BY THE / PEOPLE OF RICHMOND / HILL IN MEMORY OF / HER MEN WHO SERVED / AND DIED IN THE / WORLD WAR / 1917 Left of pedestal: AN EXPRESS - / ION OF EVER - / LASTING / GRATITUDE / AND LOVE / 1918 Bronze plaque: HONOR ROLL / CHARLES F.W. ALBRECHT JR. --- CHARLES M. HOERNING --- BERNARD RIPOLL / EDWARD M. ANDERSON --- WILLIAM R. HOLLER --- ARCHIBALD E. ROBBINS / CHARLES C. BAIRD --- JOHANNES A. JENSEN --- THOMAS R. ROBERTS / MORTIMER BENJAMIN --- GEORGE ELMER JOHNSON --- PAUL E. SALLAH / LOUIS J. BERGEN --- ALBERT A. JUSTIS --- ARTHUR A. SCHNORR / GEORGE B. BURLING, JR. --- HARRY LERCH, JR. --- FRANK L. SCHWEITHELM / ROBERT J. BURTIS --- LEWIS LICHTENSTEIN --- JOSEPH SHERIDAN / EDWARD CATER --- FRED LIPPERT --- FRED H. SHIRE / FREDERICK A. CLARK --- DANIEL C. MCCAULEY --- JOHN A. SMITH / HAROLD J. COKELEY --- FRANK J. MCCONNELL --- ARTHUR J. STRUCK / GEORGE M. COLEMAN / FRANK J. MENNINGER --- STEPHEN T. SULLIVAN / CHARLES F. COOK --- JOHN S. MERTZ --- FRED. W. SUNDERMIER / ALFRED NELSON DOW --- FRANK A. MEYER --- ADAM H. SUTTMEIER / JOSEPH DUNKEL --- FINLAY W. MILLAR --- JOHN TALLARIO / MARIO FERRARA --- CUTHBERT C. MURPHY --- DOMINICK TRAPASSO / CHARLES F. GAUS --- FRED WM. NEUMEYER --- CHARLES L. TRINKARD / DAVID E. GLADD --- GEORGE R. NICHOLSON --- JOHN F. VERMAELEN / ROBERT GRAY, JR. --- BERTRAM S. NOBLE --- CHARLES VOGT / EUGENE A. GRIFFITH --- LESTER W. OGILVIE --- LAWRENCE J. WHALEN / GEORGE B. HALL --- GEORGE F. PETTIT --- GEORGE A. WEBER / JOSEPH HARTEL, JR. --- LOUIS PINE --- WILLIAM A. WILLIAMS / WILLIAM F. HAUSMANN --- ANDREW J. PROVOST, JR. --- HARRY J. WITTMAN / JEROME HEINE --- FRED. E. REIF --- CHARLES WORTH / WILLIAM A. RIEHL --- PETER A. ZEIS /",1306,,"Bronze, Deer Isle granite","World War I, War",,1925,,Pollia,3907,,Myrtle Avenue and Park Lane South,,Monument/Memorial,My Buddy,,40.701349,NY
New York,Manhattan,Pulitzer Fountain,,,Thomas,,Fountain,Grand Army Plaza,,34.0,N,Karl,1916,N,Karl,"RESTORED IN 1936 BY D. EVERETT WAID ARCHITECT / REHABBED 7/25/56 / RESTORED IN THE 1980'S / AFTER BITTERS DIED, ABUNDANCE STATUE WAS COMPLETE BY ISIDORE
KONTI /",736,Gruppe,"Bronze, marble","Fountain, Journalism, Mythology",,1916,,Bitter,1274,,Fifth Avenue and 59th Street,,Artwork/Monument,,,40.764053,NY
Bronx,Bronx,Grand Central Stones,,,,,Pillars,Van Cortlandt Park,,150.0,Y,,1905,Y,,,,,"Granite, limestone, marble","Railroad, material samples",,1905,,,5900,,Old Putnam Trail,,Marker,,,40.890892,NY
Brooklyn,Brooklyn,Theodore Roosevelt,,,,,"Plaque, stele",Asser Levy Park,,1.0,N,James,1925,N,,"DOOR MEDALLION: OWL & CRESCENT, ""LA NUIT PORTE CONSEIL""",1340,,"Bronze, granite","Spanish-American War, War, Veterans, President of the United States",,1925,,Fraser,8657,,Seabreeze Avenue and Surf Avenue,,Monument/Memorial,,,40.575024,NY
Staten Island,Staten Island,Postcards,,,,,Installation,North Shore Esplanade Park,,20.0,N,Masayuki,2004,N,,"[Names of each Staten Island victim is on granite plaque with their name, birthdate, and place of work on September 11]",6145,,"Glass fiber, White granite, Stainless steel uplights, metal panels","9/11, September 11 attacks, First Responders",,2004,,Sono,2,,Hamilton Avenue and Richmond Terrace,,Monument/Memorial,The Staten Island September 11th Memorial,,40.646818,NY
New York,Manhattan,Kryeti-Aekyad #2,,,,,Sculpture,John Jay Park,,17.0,N,Douglas,1979,N,,,4217,,Steel,Abstract,,1979,,Abdell,1488,,East 76 Street and Cherokee Place,,Artwork,,,40.769011,NY
New York,Manhattan,Still Hunt,M.J. Power,,,,Statue,Central Park,,1.0,N,Edward,1883,N,,Front: E. KEMEYS,5049,,"Bronze, natural stone",Animals,,1883,,Kemeys,1111,,East Drive near East 77th Street,,Artwork,,,"MECHANISM, RECOIL",NY
New York,Manhattan,Freedom Tree Marker,,A. Ottavino Corp.,,,"Plaque, plinth",Madison Square Park,,1.0,Y,,1972,N,,THE FREEDOM TREE / WITH THE VISION OF UNIVERSAL FREEDOM / FOR ALL MANKIND / THIS TREE IS DEDICATED TO / CWO MICHAEL F. O'CONNOR / AND ALL / PRISONERS OF WAR / AND / MISSING IN ACTION / 1972,,,"Bronze, granite","Prisoners of War, POW, Veterans, War",,1972,,,852,,Broadway and West 24th Street,,Marker,,,40.74213565,NY
Bronx,Bronx,The Song of Achievement,,,,,Sculpture,Bronx County Courthouse,,1.0,N,Adolph,1934,N,,,1619,,Marble,"Allegorical, History, Law, Government",,1932,,Weinman,2468,,851 Grand Concourse,,Artwork,Effect of Good Administration,,40.826257,NY
New York,Manhattan,American Antelopes,,,Aymar,,Bas-relief,Central Park Zoo,,1.0,N,Frederick,1935,N,,Signed: F.G.R. ROTH,1859,,Indiana limestone,"Animals, WPA",,1935,,Roth,1111,,Central Park Zoo,,Artwork,,,40.767949,NY
New York,Manhattan,Imagine,,,Bruce,,Mosaic,Central Park,,1.0,N,,1985,N,,IMAGINE ALL THE PEOPLE LIVING LIFE IN PEACE /---/ JOHN LENNON / [names of 118 countries arranged in vertical columns] / THE TREES AND STONES IN THIS GARDEN OF PEACE WERE DEDICATED / BY THE ABOVE COUNTRIES IN HONOR OF JOHN LENNON,4591,,"Marble, bronze",Musician,,1985,,,1111,,Central Park West & 72nd Street,,Monument/Memorial,,,40.775787,NY
Brooklyn,Brooklyn,The Horse Tamers,LeBlanc Barbedienne,,Stanford,,Statue,Prospect Park,,1.0,N,Frederick,1899,N,,FREDERICK MAC MONNIES SCVLPr. 1898 / MAC-MONNIES SCVLPTEVR 1898,6066,,"Bronze, granite","Equestrian, animals",,1898,,MacMonnies,1117,,South Lake Drive and Park Circle,,Artwork,,,40.651675,NY
New York,Manhattan,General William Jenkins Worth,,,,,Obelisk,Worth Square,,42.0,Y,James,1857,N,,"South side: MAJ. GEN. WORTH West side: BY THE CORPORATION / OF THE / CITY OF NEW YORK / 1857. / HONOR THE BRAVE North side: UNDER THIS MONUMENT / LIES THE BODY OF / WILLIAM JENKINS WORTH / BORN IN HUDSON N.Y. / MARCH 1, 1794 / DIED IN TEXAS / MAY 7, 1849 East side: DUCIT AMOR PATRIAE Pavement Inscription: MAJOR GENERAL / WILLIAM JENKINS WORTH / 1794 - 1849 / WILLIAM J. WORTH, BORN IN HUDSON, N.Y. / BEGAN HIS MILITARY CAREER IN THE WAR OF 1812, / AND FROM 1820-1828 WAS COMMANDANT OF CADETS AT WEST POINT. / IN THE MEXICAN-AMERICAN WAR, HE DISTINGUISHED HIMSELF / IN BATTLES INSCRIBED ON THIS MONUMENT. / BREVETTED A MAJOR GENERAL IN 1846, WE WAS AWARDED A / CONGRESSIONAL SWORD OF HONOR IN 1847. / WORTH WAS ARMY COMMANDER OF THE DEPARTMENT OF TEXAS, / WHEN CHOLERA TOOK HIS LIFE IN 1849. / NAMED IN HIS HONOR ARE FORT WORTH, TEXAS; / LAKE WORTH, FLORIDA; AND WORTH STREET IN LOWER MANHATTAN. // DEDICATED 1857 / JAMES GOODWIN BATTERSON, ARCHITECT / MONUMENT AND TOMB ARE QUINCY GRANITE AND BRONZE / CAST-IRON FENCE REPLICATES THE CONGRESSIONAL SWORD // RESTORATION IN 1995 MADE POSSIBLE BY / THE PAUL AND KLARA PORZELT FOUNDATION AND/ JAMES A. WOODRUFF, JR., COMMANDER USN (RET.), / GREAT-GREAT-GRANDSON OF MAJOR GENERAL WORTH, / AND OTHER PRIVATE DONATIONS / THROUGH THE ADOPT-A-MONUMENT PROGRAM SPONSORED BY / THE MUNICIPAL ART SOCIETY, / ART COMMISSION OF THE CITY OF NEW YORK, / CITY OF NEW YORK / PARKS & RECREATION. / PERPETUAL MAINTENANCE ENDOWMENT FUNDED BY / JAMES A. WOODRUFF, JR., COMMANDER, USN (RET.)","1945, 1972",,"Granite, bronze, cast iron","Military, Equestrian, Mexican-American War, War",,1857,,Batterson,826,,Broadway and 24th Street,,Monument/Memorial,,,40.742745,NY
New York,Manhattan,Jerusalem Grove Marker,,,,,Plaque,Battery Park,,1.0,N,,1976,N,,"JERUSALEM GROVE / TO THE PEOPLE OF NEW YORK CITY FROM THE PEOPLE OF JERUSALEM / TEDDY KOLLEK, MAYOR 
JERUSALEM / ABRAHAM D. BEAME, MAYOR / NEW YORK CITY / JULY 1976",1371,,Stone,"Jerusalem, grove",,1976,,,3,,State Street and Battery Place,,Marker,,,40.704226,NY
Bronx,Bronx,Rockefeller Fountain,,,,,Fountain,Bronx Zoo,,20.0,N,Biagio,1903,N,,"THIS FOUNTAIN / FROM THE CITY OF COMO, ITALY / WAS PRESENTED BY / WILLIAM ROCKEFELLER / AND BY HIM ERECTED ON ITS PRESENT SITE / 1902",24,,Bianco Pi Italian marble,Fountain,,1872,,Catella,3120,,2300 Southern Boulevard,,Artwork/Monument,Italian Fountain,,40.853830,NY
Brooklyn,Brooklyn,Call of the Sea,,,,,Sculpture,Brooklyn Botanic Garden,,1.0,N,Harriet,1936; 1998 (recast),N,,,546,,Bronze,"Children, Maritime, animals",,1924,,Fishmuth,1183,,Rose Arc Pool,,Artwork,,,40.667918,NY
Corona,Queens,Gates of Life,,,,,Ornamental gates,Flushing Meadows  Corona Park,,1.0,N,Albino,1968,N,,,2103,,Bronze,"Animals, Zoo, Gate",,1968,,Manca,2018,,Zoo Path,,Artwork/Monument,,,40.744025,NY
Long Island City,Queens,Diagonal Sonata,,,,,Bas-relief sculpture,Long Island City Library,,1.0,N,Toshio,2007,N,,,6172,,Cast concrete,"bas-relief, abstract",,2007,,Sasaki,363,,37-44 21st Street,,Artwork,Asymmetric Inversion,,40.757779,NY
New York,Manhattan,Japanese Cherry Tree Tablet,,,,,Plaque,Sakura Park,,1.0,N,,1912,N,,"SEPTEMBER 25, 1909 / TO GENERAL STEWART L. WOODFORD, / PRESIDENT, HUDSON- FULTON / CELEBRATION COMMISSION / DEAR SIR: / YOUR HONORABLE COMMISSION AND THE GOVERNMENT OF YOUR GREAT CITY HAVING GRACIOUSLY / SIGNIFIED TO THE UNDERSIGNED COMMITTEE OF JAPANESE RESIDENTS THEIR PLEASURE IN / PERMITTING US TO TAKE PART IN THE MOMENTOUS HUDSON-FULTON CELEBRATION BY ACCEPTING /OUR OFFERING OF TWENTY-ONE HUNDRED CHERRY TREES FROM JAPAN TO BE PLANTED ALONG YOUR /BEAUTIFUL AND UNIQUE RIVERSIDE DRIVE, WE BEG HEREBY TO TENDER THEM TO YOU IN THE FULLEST /AND WARMEST SPIRIT OF AFFECTION, GRATITUDE AND GOOD-WILL. / WHAT THE CHERRY TREE IS TO JAPAN WE WOULD WISH IT TO SYMBOLIZE TO YOU, THE EVER-LIVING / SPIRIT OF THE LAND BRINGING WITH EVERY SPRING A WORLD OF BLOSSOM AND JOY. ALONG THE / BANKS OF THE MIGHTY STREAM WHOSE DISCOVERER AND FIRST STREAM NAVIGATOR WE CELEBRATE / TO-DAY AND AROUND THE TOMB OF GENERAL GRANT, WHOSE MEMORY WE OF JAPAN HOLD DEAR, / MAY THE RIVER OF JAPANESE BLOOMS FLOW YEAR AFTER YEAR A FLOWERING WITNESS TO ALL TIME OF / OUR AFFECTION FOR NEW YORK AND THE UNITED STATES. / WE THANK YOU AND THE MUNICIPAL AUTHORITIES FOR THE PRECIOUS PRIVILEGE OF TAKING THIS  / HUMBLE PART IN THE GREAT AND HISTORIC CELEBRATION, AND FEELINGLY SUBSCRIBE OURSELVES. / KOKICHI MIDZUNO / JOKICHI TAKAMINE / RIOICHIRO ARAI / DAIJIRO USHIKUBO / KIKUSABURO FUKUI / COMMITTEE OF JAPANESE RESIDENTS OF NEW YORK / GIVEN TO THE CITY IN 1912",652,,Bronze,"Asian, Japanese, East Asian",,1912,,Tokyo Fine Arts School,1994,,West 122nd St and Riverside Drive,,Marker,,,40.813440,NY
Staten Island,Staten Island,Staten Island War Memorial,,,,,Bas-relief,Richmond Borough Hall,,1.0,N,Albert,1920,N,,ERECTED BY THE CITIZENS OF THE BOROUGH OF RICHMOND / 1920 / IN PROUD MEMORY OF STATEN ISLAND MEN WHO DIED IN THE / SERVICE OF OUR COUNTRY IN THE WAR WITH GERMANY 1914-1919 /,1028,,Bronze,"Allegorical, World War I, War",,1920,,Weinert,7,,10 Richmond Terrace,,Monument/Memorial,,,40.642303,NY
Bronx,Bronx,Henry Hudson Memorial,,Henry M. Schrady,,,Statue,Henry Hudson Park,,2.0,N,Karl,1938,N,Karl,"COLUMN ERECTED BY PRIVATE / SUBSCRIPTION *** MCMIX / STATUE AND
PANELS ERECTED / BY HENRY HUDSON PARKWAY AUTHORITY *** MCMXXXVIII/
BABB, COOK AND WELCH, ARCHITECTS / KARL BITTER, KARL GRUPPE,
SCULPTORS /",459,Bitter,"Milford granite, bronze","Explorer, English",,1938,,Gruppe,5744,,Henry Hudson Parkway and 227th Street,,Monument/Memorial,,,40.881873,NY
New York,Manhattan,Nobel Monument,,,,,Stele,Theodore Roosevelt Park,,1.0,N,Sivert,2003,N,A.,"Stele (north, top): PHYSICS, CHEMISTRY, / MEDICINE, LITERATURE, / PEACE, ECONOMICS /
Stele (north, bottom): ALFRED NOBEL / 1833-1896 / [BRONZE MEDALLION] / FOUNDER OF / THE NOBEL PRIZE / SWEDISH INVENTOR / INDUSTRIALIST / PHILANTHROPIST / AND HUMANIST / 
Stele (west): AMERICAN RECIPIENTS OF / THE NOBEL PRIZE / [NAMES OF AMERICAN NOBEL LAUREATES FROM 1906-1979] / 
Stele (south, top): AMERICAN RECIPIENTS OF / THE NOBEL PRIZE / [NAMES OF AMERICAN NOBEL LAUREATES FROM 1980-PRESENT]. / 
Stele (south, bottom): A GIFT TO THE PEOPLE OF THE CITY OF NEW YORK FROM THE MERCK COMPANY FOUNDATION / CREATED BY SIVERT LINDBLOM 2002 /",6306,Lindberg,Vanga red granite,"Engineer, Inventor, Swedish, Nobel Prize",,2003,,Lindblom,1130,,Columbus Avenue and West 80th Street,,Monument/Memorial,,,40.782302,NY
Staten Island,Staten Island,The Hiker,"Jno. Williams, Inc.",,,,Statue,Tompkinsville Park,,50.0,N,Allen,1916,N,,"Pedestal (north face): HIKER MONUMENT / ERECTED / IN COMMEMORATION OF / THE HEROES OF ALL WARS / IN WHICH / OUR BELOVED COUNTRY / WAS ENGAGED / FOR THE / PRINCIPLES OF DEMOCRACY / AND / A LASTING CIVILIZATION [---] JOSEPH S. DECKER COM. / NO. 20 DEPT. N.Y. UNITED / SPANISH WAR VETERANS /
Pedestal (south face): DEDICATED / TO / THE DAUGHTERS / OF THE / AMERICAN / REVOLUTION / 1776-1812 / 1848-1861-65 / 1898-1917-18 /
Pedestal (east face): DEDICATED / TO / OUR YOUNGER COMRADES / OF THE / AMERICAN LEGION / 1917-1918 / WHO SUCCESSFULLY / WAGED WAR ON FOREIGN SOIL / FOR / FREEDOM / PATRIOTISM / AND HUMANITY /
Pedestal (west face): DEDICATED / TO / OUR OLDER COMRADES / OF / ROBERT G. SHAW POST NO. 112 / GRAND ARMY OF / THE REPUBLIC / WHO BATTLED IN THE WAR/ THAT TRIED MEN'S SOULS / AND GAVE / TO FUTURE GENERATIONS / THE HERITAGE OF / A REUNITED COUNTRY / 1861-1865 /",349,,"Bronze, North Jay granite","Spanish-American War, War",,1916,,Newman,497,,Victory Boulevard and Bay Street,,Monument/Memorial,,,40.637620,NY
New York,Manhattan,Emma Lazarus,,,,,"Plaque, plinth",Battery Park,,1.0,N,,1955,N,,"A TRIBUTE TO / EMMA LAZARUS / POET-PATRIOT /---/ AUTHOR OF THE NEW COLOSSUS / THE SONNET INSCRIBED ON THE STATUE OF LIBERTY /---/ THE NEW COLOSSUS. / NOT LIKE THE BRAZEN GIANT OF GREEK FAME, / WITH CONQUERING LIMBS ASTRIDE FROM LAND TO LAND. / HERE AT OUR SEA-WASHED, SUNSET GATES SHALL STAND / A MIGHTY WOMAN WITH A TORCH, WHOSE FLAME / IS THE IMPRISONED LIGHTNING, AND HER NAME / MOTHER OF EXILES, FROM HER BEACON-HAND / GLOWS WORLD-WIDE WELCOME; HER MILD EYES COMMAND / THE AIR-BRIDGED HARBOR THAT TWIN CITIES FRAME. / ""KEEP ANCIENT LANDS, YOUR STORIED POMP!"" CRIES SHE / WITH SILENT LIPS, ""GIVE ME YOUR TIRED, YOUR POOR, / YOUR HUDDLED MASSES YEARNING TO BREATHE FREE. / THE WRETCHED REFUSE OF YOUR TEEMING SHORE / SEND THESE, THE HOMELESS, TEMPEST-TOST TO ME. / I LIFT MY LAMP BESIDE THE GOLDEN DOOR!"" /---/ PRESENTED BY THE / FEDERATION OF JEWISH WOMEN'S ORGANIZATIONS, INC. / ON THE OCCASION OF THE / AMERICAN JEWISH TERCENTENARY /---/ THIS FOUNDATION STONE IS THE GIFT OF THE / STATE OF ISRAE",1371,,"Bronze, Israel limestone","Writer, Patriot, Jewish, Woman",,1955,,,3,,West of Castle Clinton,,Monument/Memorial,,,40.703635,NY
Brooklyn,Brooklyn,Pratt and White Memorial,,,,,Plaque,Marine Park,,1.0,Y,,1939,N,,IN APPRECIATION OF / THE FORESIGHT OF / FREDERIC B. PRATT / ALFRED T. WHITE / WHO ASSEMBLED / THE LAND AROUND / GERRITSEN BASIN / AND GAVE IT TO THE / CITY FOR A PARK. / THIS GIFT WAS THE / BEGINNING OF / MARINE PARK. / ERECTED BY THE LEAGUE FOR THE / IMPROVEMENT OF MARINE PARK / 1939 /,,,Bronze,Philanthropist,,1939,,,8496,,Madison Place and Filmore Avenue,,Monument/Memorial,,,40.607830,NY
Staten Island,Staten Island,Lt. Nick Lia Memorial,,Cheshenko Carving,,,Plaque,Lt. Lia Playground,,1.0,N,,1994,N,,IN MEMORY OF / LT. NICK LIA / 1944-1968 / KILLED IN ACTION VIETNAM / PRESENTED BY / MILITARY ORDER OF DEVIL DOGS #69 / MARINE CORPS LEAGUE / S.I. DET NO. 1 1994 /,,,Granite,"Vietnam War, War",,1994,,,21,,"Wall Street, St. Marks Place and Belmont Place",,Monument/Memorial,,,40.643241,NY
Bronx,Bronx,Netanyahu Memorial,,,,,"Tablet, plinth",Pelham Parkway,,,N,,1977,N,,REMEMBER / [HEBREW LETTERS] / THIS MALL DEDICATED / IN MEMORY / OF / LT. COL. / YONATHAN NETANYAHU / WHO DIED SAVING JEWS / FROM TERRORISM AT ENTEBBE / BORN - U.S.A. 1945 - DIED 1976 / BRONX REGION / ZIONIST ORGANIZATION OF AMERICA / JUNE 1977 -SIVAN 5737,,,Gray granite,"Jewish, War, Israel, Zionism",,1977,,,,,Pelham Parkway and Holland Avenue,,Monument/Memorial,,,40.856917,NY
New York,Manhattan,Edith G. Bowdoin ASPCA Horse Trough,,M. McGrath and Co.,,,Basin,Grand Army Plaza,,1.0,N,,1912,N,,West face: PRESENTED TO THE / A.S.P.C.A. / BY / EDITH G. BOWDOIN / 1912 East face: REDEDICATED TO THE HORSES / OF THE CITY OF NEW YORK / BY THE / CITY OF NEW YORK / PARKS & RECREATION / CENTRAL PARK CONSERVANCY / AND THE ASPCA / 2001,4118,,Granite,Animals,,1912,,,1111,,East Drive and Grand Army Plaza,,Monument/Memorial,,,40.765229,NY
Bronx,Bronx,Bronx County Building Frieze (30 panels),,,,,Frieze,Bronx County Courthouse,,1.0,N,Charles,1934,N,,,1619,,Stone,"Allegorical, History, Law, Government, War, American Revolutionary War, Spanish-American War, American Civil War, World War I",,1933,,Keck,2468,,851 Grand Concourse,,Artwork,,,40.826156,NY
Bronx,Bronx,Wave Hill Landmarks Plaque,,,,,Plaque,,,440.0,N,,1963,N,,"LANDMARKS OF NEW YORK / WAVE HILL / THIS STRUCTURE, BUILT FOR WILLIAM LEWIS MORRIS / PRIOR TO 1620, HAS BEEN THE RESIDENCE OF / THOMAS H. APPLETON, THEODORE ROOSEVELT / MARK TWAIN, GEORGE W. PERKINGS, BASHFORD DEAN, / ARTURO TOSCANINI AND OTHERS. VISITORS / TO WAVE HILL HAVE INCLUDED THACKERAY, / TYNDALL, HERBERT SPENCER, THOMAS HUXLET AND / QUEEN MOTHER ELIZABETH. FROM 1950 TO 1956 IT / WAS LEASED TO THE BRITISH GOVERNMENT AS A / RESIDENCE FOR ITS AMBASSADOR TO THE UNITED NATIONS. / IN 1960 IT WAS PRESENTED TO THE DEPARTMENT OF / PARKS BY MR. AND MRS. EDWARD WOOLSEY FREEMAN. / PLAQUUE ERECTED 1963 BY / THE NEW YORK COMMUNITY TRUST",3503,,Aluminum,Landmark,,1963,,,5937,,West 252nd Street and Independence Avenue,,Marker,,,40.900093,NY
Glendale,Queens,Glendale War Memorial,,,,,"Plaque, stele",Glendale Veterans Triangle,,,N,Anton,1921,N,,ERECTED BY THE PEOPLE OF GLENDALE / IN GRATEFUL REMEMBRANCE / OF THOSE OF THEIR NUMBER WHO / SERVED IN THE WORLD WAR / 1917-1918 / THE NAMES OF THOSE WHO / LOST THEIR LIVES ARE / HERE INSCRIBED / P.D. BODAMER --- J.J. MCCOURTY / S. BIRNEY --- F.E. PAYNTON / J.V. DETTLING --- G.G. POWELL / C. FREY --- J.E. RAUTH / J.E. GRAUMANN --- C. ROESCH / C. KAYSER --- P.J. SCHEIBEL / A. KNIPPER --- C.J. SCHMIDT / O. KOCH --- W. SCHULTZ / C.T. LEONARD --- E.V. SULLIVAN / J.F. MATHIS --- F. WINTER / A.R. WALKER / PRO PATRIA /,984,,"Bronze, Georgia Granite","World War I, War",,1921,,Schaaf,,,Myrtle Avenue and Cooper Avenue,,Monument/Memorial,,,40.701848,NY
Bronx,Bronx,Puerto Rican Sun,,Lippincott Inc.,,,Sculpture,Fox Playground,,17.0,N,Rafael,1979,N,,,4195,,Cor-Ten Steel,"Puerto Rico, Puerto Rican, Latinx, Latin American, Nature, West Indies",,1979,,Ferrer,2720,,Fox Street and 156th Street,,Artwork,,,40.815278,NY
New York,Manhattan,Macaque and Orang-outang,,,Aymar,,Bas-relief,Central Park Zoo,,1.0,N,Frederick,1935,N,,Signed: F.G.R. ROTH,1859,,Indiana limestone,"Animals, WPA",,1935,,Roth,1111,,Central Park Zoo,,Artwork,,,40.768033,NY
New York,Manhattan,Cormorants,,,Aymar,,Bas-relief,Central Park Zoo,,1.0,N,Emil,1935,N,,Signed: E. SIEBERN,,,Indiana limestone,"Animals, WPA",,1935,,Siebern,1111,,Central Park Zoo,,Artwork,,,40.767221,NY
New York,Manhattan,Eternal Light Flagstaff,,,Thomas,,"Flagstaff base, plaque",Madison Square Park,,1.0,N,Paul,1924,N,,East face: TO OUR HEROES / 'TIS THE / STAR SPANGLED BANNER / OH LONG MAY IT WAVE/ O'ER THE LAND / OF THE FREE / AND THE HOME OF / THE BRAVE / YPRES-LYS / AISNE LYS / SOMME DEFENSIVE / SOMME OFFENSIVE West face: OISE-AISNE / ST. MIHIEL / CAMBRAI / AISNE-MARNE/ VITTORIO-VENETO/ MEUSE-ARGONNE / SOMME OFFENSIVE / CHAMPAGNE-MARNE / MONTDIDIER-NOYON/ THIS STAR WAS LIGHTED / NOVEMBER XI MCMXXIII North face: IN MEMORY OF THOSE / WHO HAVE MADE / THE SUPREME SACRIFICE / FOR THE TRIUMPH OF / THE FREE PEOPLES / OF THE WORLD South face: ERECTED / TO COMMEMORATE / THE FIRST HOMECOMING / OF THE VICTORIOUS / ARMY AND NAVY / OF THESE UNITED STATES / OFFICIALLY RECEIVED BY / THE CITY OF NEW YORK / ON THIS SITE / ANNO DOMINI MCMXVIII,734,,"Bronze, granite","World War I, War",,1924,,Bartlett,852,,Broadway and Fifth Avenue,,Monument/Memorial,,,40.742050,NY
New York,Manhattan,"Richard C. Patterson, Jr.",,,,,"Plaque, plinth",Central Park,,1.0,N,,1962,N,,"TO COMMEMORATE THE PLANTING / OF TWENTY ONE TREES / IN HONOR OF / COMMISSIONER RICHARD C. PATTERSON, JR / CO-CHAIRMAN OF NEW YORK'S SALUTE TO SEASONS / FOR HIS UNTIRING EFFORTS TO / BEAUTIFY OUR
CITY / PRESENTED BY A GRATEFUL NEW YORKER / 1962 / FIFTH AVENUE - EAST 60TH STREET TO EAST 79TH STREET/",3481,,"Bronze, marble",Diplomat,,1962,,,1111,,Fifth Avenue between 60th Street and 61st Street,,Monument/Memorial,,,40.774503,NY
New York,Manhattan,James Gordon Bennett Memorial,"s101 - decauville, paris, 1894",E. Gargani & Sons (restoration,Aymar,,"Sculpture, clock",Herald Square,,45.0,N,Antonin,1895,N,,"A MEMORIAL TO / JAMES GORDON BENNETT (1795-1872) / FOUNDER OF THE NEW YORK HERALD IN 1835 / AND TO HIS SON / JAMES GORDON BENNETT (1841-1918) / THRUGH WHOSE VISION AND ENTERPRISE / THE NEW YORK HERALD BECAME ONE OF THE / WORLD'S GREAT / NEWSPAPERS / THE BRONZE FIGURES OF MINERVA AND THE / BELLRINGERS ARE THE WORK OF ANTONIN/ JEAN CARLES. THEY STOOD, FROM 1895 TO / 1921. ABOVE THE CORNICES OF JAMES / GORDON BENNETT'S NEW YORK HERALD / BUILDING ON THE NORTH SIDE OF HERALD / SQUARE AND TOLLED THE ACTIVE HOURS TO / THE MILLIONS. IN 1928, THEY WERE GIVEN / BY WILLIAM T. DEWART, PUBLISHER OF THE / NEW YORK SUN, TO NEW YORK UNIVERSITY, / THROUGH WHOSE GENEROSITY IN 1928 THEY / ENTERED ON PERMANENT LOAN, THE
CARE / OF THE DEPARTMENT OF PARKS OF THE CITY / OF NEW YORK, THAT THEY MAY BE HERE / RESTORED TO THEIR ORIGINAL AREA OF PLEASANT SERVICE, AND / TO THEIR PLACE IN THE HEARTS OF OUR / CITIZENS. FUNDS FOR THE RESTORATION / WERE PROVIDED BY SUBSCRIPTION OF/ BUSINESS ORGANIZATIONS WHOSE LIVES ARE / DEEP ROOTED IN THE NEIGHBORHOOD OF / HERALD SQUARE. / MCMXL /

DOOR MEDALLION: OWL & CRESCENT, ""LA NUIT PORTE CONSEIL""

GODDESS OF LIBERTY ORIGINALLY FROM ALTAR OF LIBERTY IN GREENWOOD CEMETARY COMMEMORATING THE BATTLE OF LONG ISLAND. TABLET INSCRIPTION: MINERVA, GODDESS OF WISDOM, GLORY AND PATRIOTISM / HERE SALUTES THE STATUE OF LIBERTY.",97,,"Bronze, Milford pink granite","Journalist, Publisher, Mythology, clock",,1895,,Carlès,810,,Sixth Avenue and West 34th Street,,Monument/Memorial,"Bell Ringers Monument, Minerva and the Bell Ringers, Bell Ringers",,40.750389,NY
New York,Manhattan,Robert Ray Hamilton Fountain,,,,,Fountain,Riverside Park,,2.0,N,,1906,N,,BEQUEATHED TO THE CITY OF NEW YORK BY / ROBERT RAY HAMILTON,83,,Marble,"Fountain, Horse Trough, Politician",,1906,,,1254,,Riverside Drive and West 76th Street,,Monument/Memorial,Hamilton Drinking Fountain,,40.783260,NY
Brooklyn,Brooklyn,Christopher Columbus,,,Aymar,,"Statue, pedestal",Columbus Park,,1.0,N,Emma,1934,N,,CHRISTOPHER / COLUMBUS /,"3974, 2739",,"Marble, limestone","Explorer, Italian, Colonialism",,1867,,Stebbins,139,,Cadman Plaza West between Pierrepont and Montague Street,,Monument/Memorial,,,40.693916,NY
Far Rockaway,Queens,Rockaway Veterans Memorial,,,William,,Statue,Rockaway Beach Boulevard at Beach 94th Street,,,N,Joseph,1927,N,,"Medallion (front): American Legion

Plaque 1 (front): MAINTAINED BY / DANIEL M. O'CONNELL POST 272 / AMERICAN LEGION

Honor roll (front): / IF YE BREAK FAITH / WITH US / WE SHALL NOT SLEEP / HONOR ROLL / 1917 --- WORLD / WAR --- 1919 / WALTER BATES / IRVING FRIEDMAN / FRANK GEORGE / CHARLES HARRIS / JEROME O. HEINE / NELSON HEWLETT / CHARLES JACOB / ALBERT MAHER / PETER MOONEY / JOSEPH MCVAY / CHARLES W. MURRAY / DANIEL M. O'CONNELL / LOUIS E. REYNOLDS / ROBER F. RINCK / NICHOLAS SCHETTING / JULIUS STRAUSS / ARTHUR THOMPSON / 1917 --- WORLD WAR --- 1919

Honor roll (west): 1941 --- 1945 / DEDICATED TO / THOSE WHO MADE / THE SUPREME SACRIFICE / DURING WORLD WAR II / FRANCIS T. ACTON, JR. --- JOHN M. LEWIS, JR. / PHILIP AGLIATA --- HAROLD LORMAN / GODFREY R. AMES --- THOMAS MCARDLE / ARTHUR A. AMRON --- MYLES J. MCPARTLAND / JOSEPH N. ANGELONE --- BERNARD MEEHAN / JOSEPH ARCARIO, JR. --- FRED J. MEEHAN / JAMES M. BARRAVECHIA --- DONALD F. MURDOCK / IRVING BELDNER --- EDWARD MUROFCHICK / SAUL W. BERSON --- JAMES F. O'BRIEN / HAROLD J. BLANTHORN --- FRANCIS X. O'CONNELL / JOHN B. BRADY --- VINCENT W. O'KEEFE / LEONARD BUSCHEL --- OWEN P. O'REILLY / CORNELIUS M. CALPIN --- ALEXANDER G. OLSEN / SAMUEL P. CARCANIS --- GIRTSOL OPPENHEIMER / SAM CASALINO --- ALFRED ORLANDO / MARTIN F. COOGAN --- ISIDORE REIMER / JOHN E. CORRIGAN --- ALDO J. RIVARA / RICHARD H. DAVIS --- HAROLD W. ROBERTS / HENRY J. DEHNERT --- GEORGE P. ROLLY / THOMAS J. DENAPOLI --- STANLEY D. ROSE / PATRICK J. DONAHUE --- MICHAEL F. ROTONDO / JOHN G. DUNN --- OTTO SCHAFFNER / ALAN EVANS --- HERBERT SCHIMEK / VINCENT J. FAY --- JULES D. SCHLICHTER / OSCAR FINKELSTEIN --- SAMUEL J. SCHLOSSER
ARNOLD P. FOX --- DONALD R. SCHNEIDER / EDWARD GLEASON --- JACK P. SCHWARTZ / WILLIAM H. GUTERDING --- LLOYD SEASONWEIN / WALTER F. HAWTHORNE --- LOUIS SEIDMAN / PATRICK F. HESLIN --- MURRAY SEIFF / MELVILLE T. HESS --- DONALD W. SELZ / HERBERT HOPFENBERG --- DAVID DANIEL SHAPIRO / GEORGE P. HUMMEL --- FRANK SORENSEN / CHARLES JAMIESON --- HERBERT SPRINGER / JAMES KEHOE --- JOSEPH L. THIER / AUSTIN E. KELLY --- JOSEPH S. VELARDI / JAMES P. KENNY --- PAUL VERDONE / PHILIP J. KIELEY --- WILBERT A. WANKEL / SAMUEL KITOGRAD --- ALVIN S. WEISS / LEONARD KRAM --- BERNARD H. WIENER / SOL. IRVING LANDAU --- GEORGE A. WILLIAM / JOHN LEWIS --- JOHN P. ZIMMER

Honor roll (east): 1950 --- KOREA --- 1955 / IN MEMORY OF THOSE WHO SERVED THEIR COUNTRY / THOMAS W. AUGUST --- GEORGE MAMMES --- RALPH R. MITOLA / JOSEPH DIPIETRO --- GEORGE V. MCCORMICK --- / EDWARD P. O'DONNELL / JAMES F. FARRELL --- EDMUND J. MCGRATH --- DANIEL P. ROGERS / WALTER F. GROSS --- MORTIMER DOMROE --- WILLIAM VOGEL /

1961 --- VIETNAM --- 1975 / IN OUR HEARTS AND MINDS / THEY SHALL LIVE FOREVER / STEDMAN ADAMS --- / WILLIAM HAYES --- WILLIAM MORRIS / GERALD BREEN --- CHARLES R. HEMPEL --- DAVID C. NELSON / MCKINLEY CAUGHMAN --- THOMAS HOARE --- COSMO PACETTA / JOSE CRESPO --- ELBERT R. HUBSCHMITT --- JOSEPH A. SILON / WILLIAM H. DORAN --- TERRANCE P. JORDAN --- DANIEL J. SULLIVAN / MICHAEL ELFLEIN --- JAMES F. LUCAS --- PHILIP A. TINGLEY / HAROLD B. ELSERT --- JOHN MCGONIGAL --- / WILLIE J. WASHINGTON / FRANK FLORIO --- PETER T. MELAHAN --- WALTER WETZEL / HOWARD M. / GERSTEL --- GARY K. MORRIS --- FREDERICK F. WOODWARD / STEVEN V. GOLDSTEIN --- EDWARD J. ZEWERT",1474,,"Bronze, Deer Isle granite","World War I, World War II, Korean War, Vietnam War",,1927,,Pollia,,,Rockaway Beach Boulevard and Beach 94th Street,,Monument/Memorial,,,40.585708,NY
Brooklyn,Brooklyn,Cornelius Heeney,,,,,Plaque,Columbus Park,,1.0,N,Anneta,1977,N,,"Cornelius Heeney /---/ CORNELIUS HEENEY / 1754-1848 / IRISH IMMIGRANT, AMERICAN PATRIOT / EXEMPLARY CATHOLIC, PIONEER, PHILANTHROPIST, / STATESMAN, COMING IN POVERTY, RISING BY / INDUSTRY, STILL SHARING IN GENEROSITY, / FRIEND OF ORPHANS, WIDOWS, / AND POOR OF BROOKLYN. / DEDICATED OCTOBER 27, 1977 / BROOKLYN BENEVOLENT SOCIETY / FOUNDED MAY 10, 1845",2739,,"Bronze, granite","Irish, Immigrant, Immigration, Philanthropist, Religious leader",,1977,,Duveen,139,,Cadman Plaza West between Pierrepont Street and Montague Street,,Monument/Memorial,,,40.694166,NY
Bronx,Bronx,Corporal Walter J. Fufidio Flagstaff,,General Bronze Corporation,,,Flagstaff,Corporal Fufidio Square,,,Y,J.,1955,N,Dominick,Side one: FREEDOM / IN HONOR OF ALL / WHO GAVE THEIR LIVES / TO PRESERVE OUR NATION / ERECTED BY / CPL. WALTER J. FUFIDIO / POST 38 OF AMVETS /1955  Side two: WORLD WAR II Side three: KOREA / VIETNAM,3011,De Nigris,Granite,"World War II, Korean War, Vietnam War, War",,1955,,Lorenzi,,,"Spofford Avenue, Longwood Avenue, and Tiffany Street",,Monument/Memorial,,,40.813603,NY
Brooklyn,Brooklyn,Verrazzano Memorial Flagstaff,,,,,"Flagstaff base, relief",John J. Carty Park,,60.0,N,Albino,1964,N,,GIOVANNI DA VERRAZANO / 1480 / FLORENTINE EXPLORER / 1528,,,"Bronze, marble","Explorer, Italian",,1964,,Manca,6153,,Fort Hamilton Parkway and 95th Street,,Monument/Memorial,,,40.614861,NY
Brooklyn,Brooklyn,Shirley Chisholm Plaque,,Lewis Monument Company,,,Plaque,Brower Park,,1.0,N,,2016,N,,"SHIRLEY CHISHOLM CIRCLE / SHIRLEY ANITA ST. HILL CHISHOLM /1924 -2005 / EDUCATOR, COMMUNITY ACTIVIST, N.Y. STATE / ASSEMBLY MEMBER,U.S. CONGRESS MEMBER, / 1972 PRESIDENTIAL CANDIDATE / “WHEN I DIE I WANT TO BE REMEMBERED AS / A WOMAN WHO LIVED IN THE 20TH CENTURY / AND WHO DARED TO BE A CATALYST OF CHANGE.”",,,Bronze,"Women, African American, Black American, Black History, Politician, woman",,2016,,,1236,,Kingston Avenue between Prospect and Park Place,,Monument/Memorial,,,40.673463,NY
Bronx,Bronx,Ibis Totem,,,Aymar,,Bas-relief,Crotona Pool Bath House,,1.0,Y,Frederick,1936,N,,,177,,Stone,"Animals, WPA, Bathhouse",,1936,,Roth,2941,,173rd Street and Fulton Avenue,,Artwork,,,40.839942,NY
Brooklyn,Brooklyn,Pageant,,,,,Sculpture,Flatbush Avenue Extension,,,N,Brian,2017,N,,,5587,,"Acrylic resin, steel, motors, LED lights","Allegorical, Light installation",,2017,,Tolle,,,Flatbush Avenue and Tillary Street,,Artwork,Miss Manhattan and Miss Brooklyn,,40.695715,NY
Brooklyn,Brooklyn,Peter & Willie,"Bedi-Makky Art Foundry, 227 India Street Greenpoint, Brooklyn",,,,Statue,Prospect Park,,1.0,N,Otto,1997,N,,,4641,,"Bronze, basalt, ceramic","African American, Black American, Black History, Children, Literary Characters",,1997,,Neals,1117,,Ocean Avenue between Lincoln Road and Parkside Avenue,,Artwork,,,40.658528,NY
New York,Manhattan,Robert F. Wagner,,,,,Plaque,,Department of Parks and Recreation,21.0,N,,1961,N,,TO COMMEMORATE THE PLANTING / OF ONE HUNDRED TREES / IN HONOR OF/ ROBERT F. WAGNER / MAYOR OF THE CITY OF NEW YORK / FOR HIS GREAT VISION AND DEVOTION / TO CIVIC IMPROVEMENT/ PRESENTED BY THE ALBERT AND MARY LASKER FOUNDATION / 1960 /,3387,,Bronze,"Politician, Mayor, Veteran, World War II, Public Servant, Ambassador, War",,1961,,,1375,,655 Madison Avenue,,Monument/Memorial,,,40.7644678,NY
Brooklyn,Brooklyn,Leiv Eiriksson,,,,,"Stele, bas-relief",Leif Ericson Park,,1.0,N,August,1939,N,,"Main plaque: LEIV EIRIKSSON / DISCOVERED AMERICA YEAR 1000 / 

Lower plaque: THIS IS A REPLICA OF A RUNE STONE FOUND / IN TUNE, NORWAY --- RUNE STONES / WERE ERECTED IN HONOR OF VIKING HEROES / DEDICATED JULY 6TH, 1939 BY / H.R.H. CROWN PRINCE OLAV OF NORWAY /",1927,,"Bronze, granite","Explorer, Norwegian",,1939,,Werner,5843,,Shore Road Drive between 4th Avenue and 5th Avenue,,Monument/Memorial,Leif Ericson,,40.636639,NY
New York,Manhattan,Antonin Dvorak,,,Jan,,Statue,Stuyvesant Square,,1.0,N,Ivan,1997,N,,ANTONIN DVORAK / 1841 - 1904,2114,,Bronze on granite,"Composer, Music, Musician",Hird,1963,,Mestrovic,922,,East 17th Street and Nathan D. Perlman Place,,Monument/Memorial,,,"40.733828,",NY
Brooklyn,Brooklyn,Brooklyn Public Library Gates,,,Raymond,,Decorative panels,Grand Army Plaza Library,,2.0,N,Thomas,1941,N,,,300,,Bronze,"Library, Literary Characters",,1940,,Jones,1183,,10 Grand Army Plaza,,Artwork,,,40.672534,NY
Brooklyn,Brooklyn,Timecast,,,,,Installation,,,,N,Nobuho,2012,N,,"[The name of tree, date and time of shadow tracing, are inscribed alongside the shadows].",6825,,Bluestone Pavers,"Abstract, Sidewalk",,2012,,Nagasawa,,,Columbia Street and Baltic Street,,Artwork,,,40.688284,NY
New York,Manhattan,The Family,Bedi-Makky Art Foundry,Lithos International (pedestal),,,Sculpture,Bleecker Playground,,2.0,N,Chaim,1992,N,,"Base: THE FAMILY / 1979 / CHAIM GROSS /---/ DONATED TO THE CITY OF NEW YORK, 1991 / IN HONOR OF / EDWARD I. KOCH / MAYOR 1978-1989",5357,,"Bronze, Carnelian red granite","Abstract, Children",,1979,,Gross,632,,Bleecker Street and West 11th Street,,Artwork,,,40.736066,NY
Brooklyn,Brooklyn,V.F.W. Post 4658 World War II Memorial Plaque,,,,,Plaque,Lady Moody Square,,2.0,N,,1937,N,,IN GRATEFUL / REMEMBRANCE OF THOSE FROM THIS COMMUNITY / WHO MADE THE SUPREME SACRIFICE / IN WORLD WAR II / ERECTED BY THE / CHARLES AND FRANK TRAPANI TWINS / POST #4658 V.F.W.,4719,,"Bronze, concrete","World War II, War",,1937,,,7123,,Avenue U and Village Road North,,Monument/Memorial,,,40.596738,NY
Corona,Queens,Etched Granite Pavement,,,,,Site-specific installation,Flushing Meadows Corona Park,,1.0,Y,Matt,1995,N,,,2103,,Black granite,1964-65 World's Fair,,1994,,Mullican,2018,,Unisphere,,Artwork,,,40.746667,NY
New York,Manhattan,East 107th Street Recreational Pier,,,,,Pier,East River Playground,,58.0,N,Andrea,1997,N,,,5053,,"Paving, concrete, terrazzo",Pier,,1997,,Blum,1700,,East 107th Street and Bobby Wagner Walk,,Artwork,,,40.789216,NY
New York,Manhattan,Wireless Operators Memorial,,,Edward,,"Cenotaph, fountain, benches",Battery Park,,1.0,N,,1915,N,,ERECTED IN / MEMORY OF / WIRELESS / OPERATORS / LOST AT SEA / AT THE POST / OF DUTY,760,,Granite,"Maritime, War",S.,1913,,,3,Bottomley,State Street and Pearl Street,L.,Monument/Memorial,,Will,40.703167,NY
New York,Manhattan,Kimlau War Memorial,,,Poy,,Arch,Chatham Square,,100.0,N,,1962,N,,IN MEMORY OF THE AMERICANS OF / CHINESE ANCESTRY WHO LOST THEIR LIVES / IN DEFENSE OF FREEDOM AND DEMOCRACY,"3332, 4174",,"Granite, structural steel, cement","Chinese, Arch, Asian, East Asian, Veterans",G.,1962,,,117,,East Broadway and Worth Street,,Monument/Memorial,,,40.713500,NY
New York,Manhattan,Frank L. Dowling,,,,,Gateposts,Chelsea Park,,100.0,N,,1926,N,,ERECTED TO / THE MEMORY OF / HON. FRANK / L. DOWLING / BORN 1865 / DIED 1919 / BY THE / SEYMOUR / TAMMANY CLUB / OF CHELSEA / NEIGHBORHOOD,1325,,Granite,"Politician, Public Servant, Borough President",,1926,,,724,,9th Avenue and 27th Street,,Monument/Memorial,,,40.749293,NY
Long Island City,Queens,Luminescence,Dura Art Stone,,,,Site-specific installation,Hunters Point South Waterfront Park,,1.0,N,Nobuho,2018,N,,,6544,,"White Portland cement (integrated with phosphorous particles, pigment, reflective silicon carbide grains)","Abstract, Nature, Lunar",,2017,,Nagasawa,6,,"54th Avenue, Center Boulevard, 55th Avenue and East River",,Artwork,,,40.740883,NY
Brooklyn,Brooklyn,General Edward Fowler,,,,,Statue,Fowler Square,,56.0,N,Henry,1902,N,,"FRONT : FOWLER 

BACK: ERECTED BY THE CITY OF BROOKLYN 
IN HONOR OF THE SERVICES RENDERED BY THE 14TH REGT. N.Y.G.M. 
1861 - 1865 
BULL RUN 
BURNS HILLS --- FALMOUTH 
SPOTTSYLVANIA AUG. 1896 --- CHANTILLY 
FREDERICKSBURG --- WILDERNESS 
MINE RUN --- LAUREL HILL 

RAPPAHANNOCK STATION --- FITZBURGH CROSSING 
SOUTH MOUNTAIN --- PORT ROYAL 
CHANCELLORSVILLE --- SEMINARY HILL 

MANASSAS PLAINS --- SULPHUR SPRINGS 
GETTYSBURG --- ANTIETAM 
GROVETON --- GAINESVILLE 
SPOTTSYLVANIA 1864 
DEDICATED MAY 18TH, 1902",915,,"Bronze, granite","American Civil War, War",,1902,,Baerer,2113,,Lafayette Avenue between South Elliott Place and Fulton Street,,Monument/Memorial,,,40.686950,NY
Bronx,Bronx,City Island World War Memorial,,,,,"Stele, plaque",City Island Park,,37.0,,,,,,IN HONOR OF THE / BOYS OF CITY ISLAND / WHO SERVED IN THE WORLD WAR / [104 names] / AND IN MEMORY OF / LEONARD H. HAWKINS / WHO GAVE HIS LIFE FOR HIS COUNTRY / THIS TABLET DEDICATED BY THE PEOPLE / OF CITY ISLAND AND ERECTED BY THE / WOMEN'S AUXILIARY OF LEONARD H. HAWKINS / POST NO. 156 OF THE AMERICAN LEGION,6948,,"Bronze, granite","World War I, War",,,,,5630,,City Island Avenue and Hawkins Street,,Monument/Memorial,,,40.846581,NY
Bronx,Bronx,"Riverdale, Spuytenduyvil, Kingsbridge Memorial Bell Tower",,,Dwight,,"Belfry tower, plaques",Bell Tower Park,,,N,,1931,N,,,1667,,"Bronze, fieldstone, limestone","World War I, War",James,1931,,,,,Riverdale Avenue and 239th Street,,Monument/Memorial,Riverdale Monument,,40.889281,NY
New York,Manhattan,Carmine Street Pool Mural,,,,,Mural,James J. Walker Park,,1.0,N,Keith,1987; 1997,N,,,265,,Paint,"Graffiti, Pop Art",,1987,,Haring,582,,1 Clarkson Street,,Artwork,,,40.729716,NY
New York,Manhattan,William Tecumseh Sherman,"Group and wreaths--Thiebaut Freres, Paris","Plaque--International Bronze, Garden City, Long Island",Charles,,Statue,Central Park,,1.0,N,Augustus,1903,N,,"TO GENERAL / WILLIAM TECUMSEH SHERMAN / BORN FEB. 8, 1820 / DIED FEB. 14, 1891 / ERECTED BY CITIZENS OF NEW YORK / UNDER THE AUSPICES OF THE / CHAMBER OF COMMERCE / OF THE STATE OF NEW YORK / 

GENERAL WILLIAM TECUMSEH SHERMAN / AUGUSTUS SAINT-GAUDENS, SCULPTOR / CHARLES FOLLEN MCKIM, ARCHITECT / 1903 /",26,,"Gilded bronze, granite","Allegorical, American Civil War, Equestrian",Follen,1902,,Saint-Gaudens,1111,,Central Park South and Fifth Avenue,,Monument/Memorial,Sherman Monument,,40.764806,NY
New York,Manhattan,Close Contact,,,,,"Sculpture, bench",Museum of Arts and Design,,1.0,N,Gustav,2009,N,Ulla,,3256,Kraitz,Diabase,Abstract,,2009,,Kraitz,1030,,2 Columbus Circle,,Artwork,,,40.767538,NY
Brooklyn,Brooklyn,Lafayette Memorial,Gorham Co.,,Henry,,"Stele, bas-relief",Prospect Park,,1.0,N,Daniel,1917,N,,"Front: THE MARQUIS DE LAFAYETTE [---] THIS MONUMENT WAS / ERECTED AND PRESENTED BY HENRY HARTEAU A DISTINGUISHED CITIZEN OF BROOKLYN TO BE AN / ENDURING TRIBUTE TO THE MEMORY OF ONE WHO AS / A FRIEND AND COMPANION OF THE IMMORTAL WASHINGTON FOUGHT TO ESTABLISH IN OUR COUNTRY / THOSE VITAL PRINCIPLES OF LIBERTY AND HUMAN / BROTHERHOOD WHICH HE AFTERWARD LABORED TO ESTABLISH IN HIS OWN

Rear: THIS MEMORIAL WAS UNVEILED AND DEDICATED BY / MARSHALL JOFFRE AND M. VIVANI OF THE FRENCH / WAR COMMISSION, MAY 10, 1917",832,,"Bronze, Milford pink granite","American Revolutionary War, Colonial, French, War",,1917,,French,1117,,9th Street and Prospect Park West,,Monument/Memorial,,,40.664472,NY
Brooklyn,Brooklyn,Sixty First District Memorial,,,,,"Statue, stele",Greenwood Playground,,53.0,N,Charles,1922,N,,"Stele (front): IN HONOR OF/ THE MEN OF THIS DISTRICT / WHO SERVED THEIR COUNTRY/IN THE WORLD WAR / 1917-1918

Relief (front): THEY GAVE THEIR LIVES/IN THE CAUSE OF FREEDOM / [47 names arranged in two columns] / GREATER LOVE HATH NO MAN THAN THIS / THAT A MAN LAY DOWN HIS LIFE FOR HIS FRIENDS 

Stele (left): AISNE MARNE / CHATEAU THIERRY / BELLEAU WOOD /HIDENBURG LINE/ST MIHIEL/MEUSE ARGONNE

Stele (rear): ERECTED NOVEMBER 11 1922 / BY THE / CITIZENS MEMORIAL ASSOCIATION / OF DRAFT BOARD DISTRICT SIXTY ONE",1119,,"Bronze, granite","Allegorical, World War I, War",,1922,,Keck,5274,,Greenwood Ave and East 5th Street,,Monument/Memorial,,,40.650879,NY
Brooklyn,Brooklyn,Bartel-Pritchard Circle War Memorial,,,,,Plaque,Bartel-Pritchard Square,,,Y,,1965,N,,"Side 1: 
[VFW symbol] / IN MEMORY OF THE MEN / OF THIS COMMUNITY WHO / HAVE GIVEN THEIR LIVES / IN WARTIME SERVICE/ TO THEIR COUNTRY/ ERECTED BY / PATRICK J. DEVANEY POST #964 / V.F.W. OF U.S. / 1965 / 

Side 2:
[VFW symbol] / FOR VALOR / AND / SACRIFICE / 1965 /",3624,,Granite,"War, Veterans",,1965,,,,,Prospect Park Southwest and Prospect Park West,,Monument/Memorial,,,40.661006,NY
New York,Manhattan,Charles and Murray Gordon,,,,,"Plaque, plinth",Fort Washington Park,,2.0,N,,1925,N,,"1st tablet: IN MEMORY OF / CHARLES GORDON / DIED IN THE SERVICE OF HIS COUNTRY / OCT. 7, 1918 / DEDICATED BY / CHARLES AND MURRY GORDON/ POST NO. 130 / JEWISH WAR VETERANS / OF THE UNITED STATES 2nd tablet: IN MEMORY OF / MURRY GORDON / A.E.F. - KILLED IN ACTION / FRANCE OCT. 10, 1918 / DEDICATED BY / CHARLES AND MURRY GORDON / POST NO. 130 / JEWISH WAR VETERANS / OF THE UNITED STATES",,,"Bronze, cast stone","Jewish, World War I, War, Veterans",,1925,,,2140,,Riverside Drive and West 156th Street,,Monument/Memorial,,,40.834443,NY
Brooklyn,Brooklyn,Mathematical Star,,Miotto Mosaics Art Studios,,,"Decorative pavement, mosaic",Marcy Plaza,,1.0,N,Ellen,2013,N,,,6371,,Ceramic tile,"Mosaic, Pattern",,2013,,Harvey,1854,,Marcy Avenue and MacDonough Street,,Artwork,Quilt,,40.680646,NY
Brooklyn,Brooklyn,Sgt. Charles W. Heisser,,,,,"Plaque, plinth",Heisser Square Park,,1.0,N,,1920,N,,"HEISSER SQUARE / WAS NAMED IN HONOR OF / SGT. CHARLES W. HEISSER / CO. H. 106TH. INFANTRY / KILLED IN ACTION, SEPT. 29, 1918. / HINDENBURG LINE, / LIES IN BONY, FRANCE /",,,"Bronze, granite","World War I, War, Veterans",,1920,,,3299,,Myrtle Avenue between Knickerbocker and Bleecker Street,,Monument/Memorial,,,40.698706,NY
New York,Manhattan,Night Presence IV,,"Lippincott, North Haven, Connecticut",,,Sculpture,Park Avenue Malls,,,N,Louise,1973,N,,NEVELSON / 1/3/1972 / WORK EXECUTED BY LIPPINCOTT / NORTH HAVEN CONN SIGNED,3297,,Cor-Ten steel,Abstract,,1972,,Nevelson,,,East 92nd Street and Park Avenue,,Artwork,,,40.784111,NY
Flushing,Queens,Corporal William Leonard Square,,,,,"Plaque, flagstaff",Corporal Leonard Square,,,N,,1934,N,,"IN MEMORIAM / CORPORAL / WM. A . LEONARD / AMERICAN LEGION / POST 422 / NOV. 11, 1934",,,"Bronze, cast stone","World War I, War",,1934,,,,,"155th Street, Northern Boulevard, Roosevelt Avenue",,Monument/Memorial,,,40.764093,NY
Bronx,Bronx,Orchard Beach Flagstaff,,,Aymar,Clarke,"Flagstaff base, plaque",Pelham Bay Park,D.,1.0,N,,1938,N,,"IN MEMORY OF / VINCENT MANGO / ""JIMMY CIGARS"" / MAYOR OF ORCHARD BEACH / 1926-1978 / FROM HIS FRIENDS",1842,,"Granite, steel",,,1938,Gilmore,,5650,,Orchard Beach,,Monument/Memorial,Vanities Flagstaff,,40.866116,NY
Bronx,Bronx,Fort Number Four Tablet,Paul E. Cabaret and Co.,,,,Plaque,Fort Four Playground,,220.0,N,,1914,N,,FORT NUMBER FOUR / OF THE EXTERIOR DEFENSES OF / FORT WASHINGTON AND KING'S BRIDGE / CONSTRUCTED BY THE AMERICAN ARMY / UNDER GENERAL WASHINGTON / 1776 / --- / THE DAUGHTERS OF THE REVOLUTION / STATE OF NEW YORK / ERECTED THIS MEMORIAL / 1914,778,,Bronze,"American Revolutionary War, Colonial, War",,1914,,,3250,,Reservoir Avenue and University Avenue,,Marker,,,40.873806,NY
New York,Manhattan,Charles Revson Fountain,,"Slattery Contracting Co. (GC); Eugene Duklauer Inc. (plumbing); Nager Electric Co., Inc. (electric); Syska & Hennessy Inc. (mechanical engineer); J.S. Hamel of Hamel & Langer (fountain engineer)",,,Fountain,Lincoln Center,,1.0,N,,1964,N,,"Dedicated: INAUGURATED BY HON. PAUL R. SCREVANE, PRES OF NYC COUNCIL AND WILLIAM SCHUMAN PRES OF LINCOLN CENTR / 

Inscription: THIS FOUNTAIN IS DONATED BY THE REVLON FOUNDATION IN HONOR OF CHARLES REVSON",3470,,Black Granite,"Fountain, philanthropist, businessman, Revlon",,1964,,,1134,,Columbus Avenue between 62nd Street and 63rd Street,,Artwork/Monument,Lincoln Center fountain,,40.772310,NY
New York,Manhattan,New York City AIDS Memorial,,,,,"Sculpture, engraved paving",St. Vincent's Triangle,,1.0,N,Jenny,2016,N,,Paving: [PASSAGES FROM WALT WHITMAN’S POEM “SONG OF MYSELF”],7074,,"Steel, Granite","Abstract, AIDS, LGBTQ+, Activism, Health Professionals, Health",,2016,,Holzer,617,,West 12th Street and Greenwich Avenue,,Monument/Memorial,,,40.737428,NY
Staten Island,Staten Island,Eugene G. Putnam,,,,,Fountain,Veterans Park,,1.0,N,Virgil,1915,N,,1865-1913 / IN MEMORY OF / EUGENE G. PUTNAM / PRINCIPAL FOR 17 YEARS / OF PUBLIC SCHOOL 20 / PRESENTED BY HIS FRIENDS / IN SCHOOL AND COMMUNITY/,802,,Granite,"Public Servant, Education",,1915,,Fuller,1019,,Heberton Avenue and Vreeland Street,,Monument/Memorial,,,40.636838,NY
Staten Island,Staten Island,The Watering Place,,,,,Plaque,Tompkinsville Park,,50.0,N,,1925,N,,"THE WATERING PLACE / NEAR THIS SPOT EARLY / COLONIAL NAVIGATORS / REPLENISHED THEIR SHIPS' / SUPPLY OF WATER FROM / A SPRING WELL KNOWN / TO THOSE ANCHORING / INSIDE THE NARROWS / BEFORE THE YEAR 1623. / THE RICHMOND COUNTY CHAPTER, / DAUGHTERS OF / THE AMERICAN REVOLUTION, / PLACE THIS TABLET TO MARK / THE EARLIEST HISTORICAL SPOT / ON STATEN ISLAND. / 1925 /",,,"Bronze, natural boulder",Colonial,,1925,,,497,,Bay Street and Victory Boulevard,,Marker,,,40.637523,NY
Bronx,Bronx,Scorpions,,,Aymar,,Bas-relief roundel,Crotona Pool Bath House,,1.0,Y,Frederick,1936,N,,,177,,Stone,"Animals, WPA, Bathhouse",,1936,,Roth,2941,,173rd Street and Fulton Avenue,,Artwork,,,40.839942,NY
New York,Manhattan,Mohandas Gandhi,,,,,Statue,Union Square Park,,2.0,N,Kantilal,1986,N,,"“MY OPTIMISM RESTS IN MY BELIEF IN THE INFINITE POSSIBILITIES OF THE INDIVIDUAL TO DEVELOP NONVIOLENCE. ..IN A GENTLE WAY YOU CAN SHAKE THE WORLD.”/
MOHANDAS K. GANDHI/OCTOBER 2, 1869-JANUARY 30, 1948/
STATUE PRESENTED TO THE CITY OF NEW YORK /AND CITIZENS OF THE UNITED STATES OF AMERICA BY/
GANDHI MEMORIAL INTERNATIONAL FOUNDATION/
PATRON/MOHAN B. MURJANI/
CONTRIBUTORS/
MURJAN INTERNATIONAL, LTD., PAR PHARMACEUTICALS, AIR INDIA, GANDHI BROTHERS, INC., PRAVEEN AFRIDI, RAM M. BACAI, SANTS CHATWAL, DEV R. CHITKARA, SURESH C. GUPTA, NARENDRA K. HADPAWAT, KAMLU AND SHAM LALL, PERRY LEVINE, SURESH P. MASTER, KRISHNA K. MEHTA, PAVNOV PANDHI, HARSHAD PAREKH, ASHOK PATEL, R.K. PATEL, ZLATKO PAUNOV, GOVINDAPPA RANGAIAH, H.K. CHANDRA SEKHAR,  SHAMAROA AND LAXMI TATTI, DON SHELDON, KOTHARI AND GANDHI FAMILY, ANONYMOUS/ DEDICATED OCTOBER 2, 1986/ EDWARD I. KOCH/ MAYOR OF THE CITY OF NEW YORK/ HENERY J. STERN/ COMMISSIONER OF PARKS AND RECREATION/",4211,,Bronze,"Activist, Civil Rights, Hindu, Indian, Reformer, Asian, South Asia",,1986,,Patel,845,,Union Square West between East 15th Street and East 14th Street,,Monument/Memorial,,,40.735556,NY
New York,Manhattan,Marquis de Lafayette,,,,,Statue,Union Square Park,,2.0,N,Frederic,1876,N,,"(LEFT SIDE OF PEDESTAL)
TO THE CITY OF NEW YORK/ FRANCE/IN REMEMBRANCE OF SYMPATHY/ IN THE TIME OF TRIAL/ 1870-1871/

(ON RIGHT SIDE OF PEDESTAL)
AS SOON AS I HEAR OF AMERICAN INDEPENDENCE/MY HEART WAS ENLISTED/ 1776

(LOWER RIGHT OF SCULPTURE)
A. BARTHOLDI 1873",762,,"Bronze, granite","American Revolutionary War, Colonial, French, Military, War",,1873,,Bartholdi,845,,Union Square East Between East 15th and East 16th street,,Monument/Memorial,,,40.735694,NY
Brooklyn,Brooklyn,This Way,,,,,Light Installation,Brooklyn Bridge Pedestrian Underpasses,,,N,Linnaea,2009,N,Karin,,389,Tehve,"LED, Fiberoptic cable, steel, aluminum","Abstract, Light Installation",,2009,,Tillett,,,Intersection of Washington Street and Prospect Street,,Artwork,,,40.700705,NY
Long Island City,Queens,Capt. Malcolm A. Rafferty,,,,,Stele,Captain Malcolm A. Rafferty Square,,,N,,1937,N,,"IN MEMORIAM / CAPT. MALCOLM A. RAFFERTY / CAMP NO 80 U.S.W.V. / DIED AUGUST 16, 1903 / MAY 30, 1937 /",,,"Bronze, natural boule","Spanish-American War, War",,1937,,,,,"44th Road and 44th Drive, near Jackson Avenue",,Monument/Memorial,,,40.747504,NY
Brooklyn,Brooklyn,Antonio Meucci Memorial,A. Ottavino Corp.,,,,Statue,Meucci Triangle,,,N,,1989,N,,"ANTONIO MEUCCI / 1808-1889 / FATHER OF THE TELEPHONE / FIRST U.S. PATENT CAVEAT 3335 / DEC. 28, 1871 / ERECTED AD MCMLXXXIX / ITALIAN HISTORICAL SOCIETY / JOHN LA CORTE - FOUNDER / A. OTTAVINO - DONOR/",5184,,Granite,"Inventor, Italian",,1989,,,,,Ave U between W 12th and 86th Street,,Monument/Memorial,,,40.595737,NY
Staten Island,Staten Island,9/11 First Responders Memorial,,,,,"Railing, marker",North Shore Esplanade Park,,20.0,N,Masayuki,2017,N,,"Dedicated to those / First Responders / who lost their lives as a result of their / service in the / rescue and recovery efforts at the / World Trade Center / in the days and months following / September 11, 2001",6145,,Blue green quartzite,"9/11, , September 11 attacks, First Responders",,2017,,Sono,2,,Hamilton Avenue and Richmond Terrace,,Monument/Memorial,,,40.646881,NY
New York,Manhattan,Albert Bertel Thorvaldsen,,,,,Statue,Central Park,,1.0,N,Albert,1894,N,,Lower Rear: ERECTED BY THE DANES IN THE U.S. OF AMERICA Front pedestal: THORVALDSEN,251,,Bronze on granite base,"Danish, Artist, Sculptor",,1892,,Thorvaldsen,1111,,Fifth Avenue at 96th Street,,Monument/Memorial,,,"40.788611,",NY
Brooklyn,Brooklyn,George Washington at Valley Forge,Roman Bronze Works,,,,Statue,Williamsburg Bridge Plaza and Playground,,56.0,N,Henry,1906,N,,"VALLEY FORGE/ THIS MONUMENT IS PRESENTED TO THE CITY/ BY JAMES R. HOWE / MEMBER OF 54TH-55TH U.S. CONGRESS / AND REGISTER OF KINGS COUNTY / COMMITTEE OF SUPERVISION AND CONSTRUCTION / 22 FEBRUARY 1901 / CHARLES A. SCHILREN, JAMES H. POST, HENRY BATTERMAN, / E.H.M. ROEHR, ANDREW AND WILLIAM BERRI, THOMAS P. PETER, / EDWARD M. GROUT, I.F. FISHER, JOSEPH W. KAY, E. DWIGHT/ CHUCH, G.H. TIEBOUT, GILBERT B. MASTERS, THOMAS H. / HULL, HUBERT G. TAYLOR, HERMAN SCHWICKART, ANDREW MC / LEAN, GEO. W. SCHAEDLE, HERBERT E. GUNNISON, JAMES D. / BELL, M.S. KENNEDY, GEORGE W. BRUSH, GEORGE W. BROWER, / I.S. REMSON, H.M. ROEHR, N.W. WELLS, GEO. R. VALENTINE, / JOHN F. CLARKE, DAVID GIFFING, NATHAN H. ROBERTS, / D.G. DOWNEY /",1429,,"Bronze, granite","President of the United States, American Revolutionary War, War, Colonial, Euqestrian",,1906,,Shrady,2446,,"Roebling Street, S. 5th Place and S. 4th Street",,Monument/Memorial,,,40.710500,NY
New York,Manhattan,East Coast Memorial,"Bedi-Rassy Art Foundry, NY",,Paul,,"Statue, pedestals",Battery Park,,1.0,N,Albino,1963,N,,"Front pedestal: 1941 **** 1945 / ERECTED BY THE UNITED STATES OF AMERICA / IN PROUD AND GRATEFUL REMEMBRANCE / OF HER SONS / WHO GAVE THEIR LIVES IN HER SERVICE/ AND WHO SLEEP IN THE AMERICAN COASTAL WATER / OF THE ATLANTIC OCEAN / INTO THY HANDS, OH LORD Back of pedestal: 1941 *** 1945 / IN ADDITION TO THE 4,597 AMERICAN SERVICEMENT HONORED HERE / WHO LOST THEIR LIVES IN HER SERVICE AND / WHO SLEEP IN THE AMERICAN COASTAL WATERS OF THE ATLANTIC OCEAN / THE UNITED STATES OF AMERICA / HONORS THE 6,185 SEAMEN OF THE UNITED STATES MERCHANT MARINE / AND THE 529 SEAMEN OF THE UNITED STATES ARMY TRANSPORT SERVICE / WHO LOST THEIR LIVES DURING WORLD WAR II",1371,,"Bronze, granite","World War II, War",Cret,1961,,Manca,3,,,,Monument/Memorial,,,40.702154,NY
Jamaica,Queens,The Wheel of Justice,,,,,Sculpture,Queens Supreme Court,,1.0,N,Claudia,2002,N,Ed,,1983,McGowin,"Bronze, granite","Judiciary, Justice",,2002,,DeMonte,9691,,88-11 Sutphin Boulevard,,Artwork,,,40.704406,NY
Staten Island,Staten Island,Python,,,,,Sculpture,Staten Island Zoo,,70.0,N,Steve,2007,N,,,4196,,Bronze,Animals,,2007,,Foust,314,,614 Broadway,,Artwork,,,40.625110,NY
Corona,Queens,Soul In Flight: Arthur Ashe Memorial,Polich Artworks,,Mark,,Statue,Flushing Meadows Corona Park,,1.0,N,Eric,2000,N,,"FROM WHAT WE GET, WE CAN MAKE A LIVING; WHAT WE GIVE, HOWEVER, MAKES A LIFE.",2103,,"Bronze, brass, concrete","Sports, African American, Black American, Black History, Athlete, athletics, tennis",,2000,,Fischl,2018,,United States National Tennis Center,,Monument/Memorial,,,40.748762,NY
Brooklyn,Brooklyn,Jenkins Fountain,,,Harold,,Fountain,Brooklyn Botanic Garden,,1.0,N,Isabel,1930,N,,,546,,Limestone,Fountain,A.,1930,,Kimball,1183,,990 Washington Avenue,,Monument/Memorial,,,40.666793,NY
New York,Manhattan,Robert Burns,,,,,Statue,Central Park,,1.0,N,Sir John,1880,N,,"Pedestal front: ROBERT BURNS
Pedestal rear: PRESENTED / TO THE / CITY OF NEW YORK / BY ADMIRERS OF / SCOTIA'S PEASANT BARD / ON THE 121ST ANNIVERSARY / OF HIS BIRTH",3911,,"Bronze, granite","Poet, Scottish, Author",,1880,,Steell,1111,,Central Park Mall,,Monument/Memorial,,,40.770194,NY
Jamaica,Queens,Jamaica Estates,,General Bronze Corporation,William,,"Gatehouse, stele",Midland Malls,,,Y,,1950,N,,1941---1945 / WORLD WAR II / JOHN ADIKES JR. --- NORMAN H. PUFF / SIGMUND GILLMORE --- PETER P. RENZO / KENNETH S. KINNES --- JOSEPH A. SCHIEBEL / JOHN B. LOVELY --- DONALD J. SCHNEIDER / PAUL W. OLSON --- CHARLES J. YODICE / IN HONOR OF THESE MEN OF / JAMAICA ESTATES / WHO MADE THE SUPREME SACRIFICE / TO BUILD A BETTER CIVILIZATION. / SPONSORED BY / JAMAICA ESTATES ASSOCIATION INC. /,2708,,"Bronze, granite, natural stone","World War II, War",Francis,1950,,,,,Midland Parkway Mall & Hillside Avenue,,Monument/Memorial,,,40.713327,NY
Brooklyn,Brooklyn,Plaza Perch,,,,,Sculpture,Humboldt Plaza,,20.0,N,Austin,2017,N,,,2318,,"Stainless steel, reclaimed wood, acrylic","Street Furniture, bench, canopy",,2017,,Thomas,3106,,Humboldt Street between Varet Street and Moore Street,,Artwork,,,40.703645,NY
Brooklyn,Brooklyn,Father Giorgio Memorial,,,,,Stele,Father Giorgio Square,,,N,A.S.,1954,N,,"(PLAQUE) IN MEMORY OF / OUR STANDARD BEARER / FATHER EDWARD J. GIORGIO / MARCH 23, 1909 - JANUARY 13, 1946 /---/ BELOVED PRIEST OF / OUR LADY OF MT. CARMEL CHURCH / CHAPLAIN, U.S. ARMY /---/ HIS GREATEST LOVE WAS GOD, / HIS GREATEST DEVOTION, HUMANITY / HIS GREATEST HERITAGE / A LIVING INSPIRATION TO ALL. /---/ DEDICATED JUNE 13, 1954 BY FATHER EDWARD J. GIORGIO POST NO. 689 / CATHOLIC WAR VETERANS OF AMERICA /",3001,,"Granite, bronze","Catholic, World War II, War, Chaplain",,1954,,Cianfarani,,,Jackson Street and Lorimer Street,,Monument/Memorial,,,40.716278,NY
Bronx,Bronx,Algernon Sidney Sullivan,,,Frank,,"Stele, fountain base",Van Cortlandt Park,,150.0,N,Jonathan,1906,N,,IN HONOR OF / ALGERNON - SIDNEY - SULLIVAN / JURIST - STATESMAN - ORATOR / BORN 1826 --- DIED 1887 / HE REACHED OUT BOTH HANDS IN / CONSTANT HELPFULNESS TO HIS / FELLOWMEN / ERECTED BY CITIZENS OF NEW YORK / 1906 / FRANK E. WALLIS - ARCHITECT,104,,"Deer Isle Granite, bronze","Politician, Lawyer, Public Servant",E.,1906,,Hartley,5900,,"John Kieran Nature Trail, Van Cortlandt Park South",,Monument/Memorial,,,40.889013,NY
Brooklyn,Brooklyn,McLaughlin Park World War I Memorial,,,Edwin,,Stele,McLaughlin Park,,1.0,N,,1919,N,,"Honor roll (front): LT. HENRY J. DUFF --- CORP. OSCAR GARDENAS / ENS. EDW. FITZGERALD --- COPR. JOHN J. FARRELL / ENS. SIDNEY J. KELLY --- CORP. RALPH DE FLORA / SGT. VINCENT AITKEN --- CORP. OSCAR E. FLEURY / SGT. THOS. CAMPBELL --- CORP. TOHS. HARRINGTON / SGT. EDWARD MESSER --- CORP. JOHN. A KIERNAN / SGT. OTTO SCHINDLER --- CORP. GEO. MICHOLOSKI / SGT. WM. V. STORCH --- CORP. JAMES OCONNOR / FREDERICK I. ALLARD --- JOSEPH P. GRIFFIN / JOHN ARCOMANO --- ANTONIO GUARINO / CHARLES I. ASH --- JOS. A. GUGLULINO / ARTHUR CAMPBELL --- CLARENCE F. HARRIS / FRANCIS J. CARR --- SIDNEY W. HARRIS / PATRICK CORCORAN --- MICHAEL HALEY / PETER J. CRIMMINS --- EDWARD H. HERNON / HARRY M. GUNDY --- FRANK J. HOLAHAN / GEORGE P. DAVIS --- THOMAS KELLY / HARRY EUBANKS --- PATRICK JOS. KANE / THOS. M. GAFFNEY --- ALBERT J. KERN / THOMAS K. GILROY --- WILLIM E. LANNAN / BENJAMIN GREEN --- RICHARD MCGEEHAN /

Front: IN LOVING MEMORY / OF THOSE MEN OF THIS DISTRICT / WHO IN THE WAR OF 1917 AND 1918 / FOUGHT AND DIED FOR FREEDOM / THEIR NEIGHBORS THROUGH THE / SEAWANHAKA DEMOCRATIC CLUB / ERECT THIS MONUMENT / AD MDCCCCXIX /

Honor roll (rear): BERNARD MCGONIGLE --- STEPHEN REARDON / JAMES D. MCKEEVER --- FRANK RENO / JOHN MCLOUGHLIN --- HAROLD A. ROTH / THOS. J. MCLOUGHLIN --- FERD. SANTARPIA / ATTILIO MANFREDI --- WILLIAM B. SARLO / JACK L. MARTIN --- DENNIS P. SHEEHAN / ANTONIO MASSONI --- SIMON STEWART / JOSEPH A. MERNAH --- THOMAS I. STONEY / EDWARD MORRISSEY --- ALFRED J. SULLIVAN / JOHN J. O'ROURKE --- JOSEPH WALLACE / JULIO PEREIRA --- JOHN E. WHITE / CHAS. E. REARDON --- JOSPEH YANTORNO / WILLIAM F. DEVINE /",983,,"Limestone, granite","World War I, War",H.,1919,,,119,,Tillary Street and Jay Street,,Monument/Memorial,,,40.696250,NY
Brooklyn,Brooklyn,Boy Scout's Tablet,,,,,Plaque,Prospect Park,,1.0,N,,1919; 1988,Y,,IN REMEMBERANCE OF / THEODORE ROOSEVELT / THE BOY SCOUTS OF AMERICA / OF THE PROSPECT HEIGHTS DISTRICT / PLANTED THESE TREES / 1919,1182,,Bronze,"President of the United States, Boy Scouts of America",,1919,,,1117,,Long Meadow,,Marker,,,40.667833,NY
Far Rockaway,Queens,Broad Channel Memorial Park Flagstaff,,,,,"Flagstaff base, plaque",Broad Channel Park,,530.0,N,,1991,N,,OUR BROAD CHANNEL BOYS WHO DIED / TO GIVE US A BETTER LIFE,4168,,"Bronze, granite (?)","War, Veterans",,1991,,,15481,,Crossbay Boulevard & W. 17th Road,,Monument/Memorial,,,40.601215,NY
Bronx,Bronx,Honor 2000,,,,,Mural,Firehouse for Engine Co. 75,,37.0,N,Mierle,2000,N,,,6056,,"Concrete masonry units, etched blocks","Firefighters, Firehouse",,2000,,Ukeles,3186,,2175 Walton Avenue,,Artwork,,,40.856117,NY
Brooklyn,Brooklyn,Father Kehoe Square Memorial,Jack Kipnes Inc.,,,,Plaque,Father Kehoe Triangle,,1.0,N,Jack,1968,N,,DEDICATED IN / MEMORY OF / THOSE WHO GAVE / THEIR LIVES /IN VIETNAM. / --- / ERECTED BY / TEEN ACTIVITY CENTER / OF KINGS / 1968,3755,,Granite,"Vietnam War, War",,1968,,Kipnis,7818,,Flatlands Avenue between Avenue M and Coleman Street,,Monument/Memorial,,,40.620460,NY
Ridgewood,Queens,Ridgewood Memorial,,,,,"Column, globe, bas-relief, honor roll",Myrtle Avenue Clemens Triangle,,1.0,N,Anton,1920,N,,"Base: MEN OF RIDGEWOOD --- ""AND THEY EARNED ETERNITY IN A BRIEF SPACE OF TIME"" / 

Army bas-relief: ""I AM SUMMONED BY MY COUNTRY WHOSE VOICE / I CAN NEVER HEAR BUT WITH VENERATION AND LOVE."" / 

Air Force bas-relief: THEY UPHELD AMERICA'S CAUSE AND THE / HALLOWED MEMORY ABIDES WITH US. /

Navy bas-relief: FOR FREEDOM OF THE SEAS AND IN DEFENCE / OF OUR RIGHTS THEY SERVED US WELL /

Honor Roll 1: AMMON TOBIAS J / BADER JOHN / BENDRICK BERNARD / BRESS FREDERICK H. / BOHN GEORGE J. / BRIGGEMAN FRANK J. / BRUNKHARDT JOHN W. / BRAUNWORTH CHARLES / BRINDISI CONSTANTINE / BANSCHER WILLIAM / BRENNEIS GEORGE JR. / BARIS ALEXANDER D. / BOULTON CHARLES W. / BEDELL SAMUEL H. / BLUMMERT GUSTAVE / CASEY JOHN P. JR. / CAVANAUGH ANDREW R. / DAUB JOHN / DRENNAN THOMAS F. / DOUTY HARRY C. / DOLAN JOHN J. / DANNHARDT PETER / EBERT LOUIS T. / ERNST OTTO J. / EICHSTAEDT ALBERT / EAGAN JAMES J. / EPP STEPHEN / FORD DENNIS J. / FLECK CARL W. / FREY JOHN W. / GUNTHNER CHARLES / GOLLHARDT HENRY J. / GEYER JOHN / GREEN ELMER J. / GARITY JOSEPH B. JR. / GAYNOR FRANK / GRABOW WILLIAM / 

Honor Roll 2: HAILE JOHN J. / HEGEL AUGUST / HEEG FRANK / HALL JOSEPH A. / HECK ANTHONY / HANEL ROBERT W. / HOBERG EDWARD W. / HERMANN DOMINIC H. / KIEDAISCH HERMAN / KAUFMAN FRANK E. / KEIHN FREDERICK W. / KENNEDY JOSEPH F. / KUNZERT CHARLES G. / KIENINGER OTTO J. / LANDAU EDWARD H. / LACHER CHARLES W. / LAUER GEORGE P. / LEHLE CONRAD / LOUGHRAN FRANCIS M. / LAFFERY JOHN N. / LIVINGSTON PABOR / LEHMAN HENRY / LOEDER WILLIAM / MADDEN ARTHUR / MEILER WILLIAM / MOORE ARTHUR R. / MONEYPENNY JOHN / MAGENHEIMER FREDERICK / MORE EDWARD T. / MILLER CHAS. J. / MANN BERNARD / NEVITT ERNEST / OEHLER MAX S. / OHLHAUSEN GEORGE N. / OFFENBUGER WILLIAM / OSWALD JULIUS / PROKOP FRANK C. /

Honor Roll 3: REISCHMANN HENRY V. / ROSALINO FREDERICK C. / REUSS FRANK / RANNACHER WILLIAM / ROBBINS ARCHIE / RUDOLPH ALOYSIUS I. / REICHERT CHAS. P. / SCHEIBEL PETER J. / SCHWAB ADOLPH / STIEHLER OSCAR / STEIN FRED / STIEFLEIN MICHAEL / SIMENDINGER ALBERT / SCHOENTHALER LOUIS F. / STARK FRED W. / SELWIN RICHARD R. / STUMPF HENRY / SCHWAB FREDERICK G. / SCHULTZ WILLIAM / SOBECK THOMAS / STECKEL HENRY E. / TRENKA JOSEPH J. / TAYLOR THATCHER / UNFUR WILLIAM / VAJDA HENRY J. / WENGART PETER / WILLIAMS JOHN / WALLACE JOHN J. / WEINRICH ALBERT / WOLF JOSEPH J. JR. / WUNDERSEE WILLIAM N. / WENZ JOSEPH / WALSH JOSEPH C. / WRIGHT WILLIAM J. / ZIEGLER ANDREW A. / ZAPKE WILLIAM /",1039,,"North Jay granite, bronze","World War I, War",,1920,,Schaaf,3461,,Myrtle Avenue and Cornelia Street,,Monument/Memorial,,,40.700203,NY
New York,Manhattan,Marabou,,,Aymar,,Bas-relief,Central Park Zoo,,1.0,N,J.,1935,N,,Signed: J. WALTER,1859,,Indiana limestone,"Animals, WPA",,1935,,Walter,1111,,Central Park Zoo,,Artwork,,,40.767284,NY
New York,Manhattan,Isham Park Benches,,,William,,Bench,Isham Park,,10.0,Y,,1932,Y,,Bench 1: IN THAT MANSION USED TO BE / FREE HEARTED HOSPITALITY /   Bench 2: IN MEMORY OF A HOME / OF INTEGRITY AND AFFECTION /,1825,,Granite,,,1932,,,2243,,Broadway and 212th Street,,Marker,,,40.868694,NY
Bronx,Bronx,Speeder,,,Aymar,,Bas-relief roundel,Crotona Pool Bath House,,1.0,Y,Frederick,1936,N,,,177,,Stone,"Animals, WPA, Bathhouse",,1936,,Roth,2941,,173rd Street and Fulton Avenue,,Artwork,,,40.839942,NY
Brooklyn,Brooklyn,Saratoga Park Memorial,Roman Bronze Works (original); Modern Art Foundry (replica),,,,"Sculpture, stele",Saratoga Square Park,,1.0,N,James,1921,N,Anatoly,"Shield: E PLURIBUS UNUM 
[106 Names]",1024,Mikhailov,"Bronze, granite","Allegorical, World War I, War",,1921,,Novelli,1494,,Halsey Street between Howard Street and Saratoga Avenue,,Monument/Memorial,,,40.685017,NY
New York,Manhattan,Bernard McCarthy World War II Memorial,,,,,Flagstaff base,McCarthy Square,,,N,,1944,N,,"BRAVE MEN AND WORTH / PATRIOTS DEAR TO / GOD AND
FAMOUS / TO ALL AGES / ERECTED BY THE RESIDENTS / OF THE VICINITY AND THE / DR. GEORGE A. HAYUNGA / MARITIME POST 1069 AMERICAN / LEGION TO HONORTHOSE SERVING / FOR GOD AND COUNTRY / WITH THE U.S. FORCES / WORLD
WAR II",2437,,Granite,"World War II, War",,1944,,,,,"Charles Street, Waverly Place",,Monument/Memorial,,,40.735215,NY
Brooklyn,Brooklyn,Dawn of Glory,"American Art Foundry, New York",,,,Statue,Highland Park,,1.0,N,Pietro,1924,N,,IN HONOR / OF THOSE / WHO FOUGHT FOR / OUR COUNTRY / 1917-1918,1188,,"Bronze, granite","World War I, War",,1924,,Montana,3889,,Jamaica Avenue at Cleveland Street,,Monument/Memorial,,,40.683580,NY
Brooklyn,Brooklyn,Four Eagles,,,Stanford,,Statue,Soldiers' and Sailors' Arch,,1.0,N,Frederick,1901,N,,,912,,"Bronze, granite","Animals, American Civil War, War, eagle",,1901,,MacMonnies,1117,,Grand Army Plaza between Eastern Parkway and Union Street,,Monument/Memorial,,,40.672262,NY
Brooklyn,Brooklyn,Thomas Moore,P.E. Guerin,,,,"Bust, pedestal",Prospect Park,,1.0,N,John,1879,N,,"THOUGH GLORY BE GONE / AND THOUGH HOPE FADE AWAY / THY NAME, LOVED
ERIN / SHALL LIVE IN HIS SONGS / ERECTED BY THE / ST. PATRICK SOCIETY / OF THE CITY OF BROOKLYN / TO COMMEMORATE THE / CENTENNIAL ANNIVERSARY / OF THE BIRTH OF / ""THE POET OF ALL CIRCLES AND / THE IDOL OF HIS OWN."" / MAY 28, 1879/",5961,,"Bronze, granite","Author, Irish, Poet, Author",,1879,,Draddy,1117,,Flower Garden,,Monument/Memorial,,,40.658639,NY
New York,Manhattan,Japanese Tori,,,,,Lantern,Sakura Park,,1.0,N,,1960,N,,"PRESENTED BY THE CITIZENS OF THE METROPOLIS OF TOKYO TO THE CITIZENS OF THE CITY OF NEW YORK IN CELEBRATION OF THE TOKYO-NEW YORK SISTER-CITY AFFILIATION INAUGURATED ON FEBRUARY 29TH, 1960",3346,,Limestone,"Asian, Japanese, East Asian",,1960,,,1994,,West 122nd St and Riverside Drive,,Artwork/Monument,Kasuga-Toro (Stone Lantern),,40.813502,NY
Flushing,Queens,Flushing World War Memorial,John Polachek Bronze and Iron Company,,S.E.,,"Stele, exedra",Flushing Fields,,12.0,N,,1935,N,,"Stele: IN MEMORIAM /---/ GREATER LOVE HATH NO / MAN THAN THIS THAT / A MAN LAY DOWN HIS / LIFE FOR HIS FRIENDS / ST. JOHN XV, 13 / Plaque: MEMORIAL / FIELD /---/ 1917 --- THE WORLD WAR --- 1918 /---/ DEDICATED TO THE MEMORY OF / FLUSHING'S HEROIC DEAD / [70 names] /",1905,,"Granite, bronze","World War I, War",,1935,,,4812,,149th Street and Bayside Avenue,,Monument/Memorial,,,40.772090,NY
Brooklyn,Brooklyn,Joseph A. Guider,,,,,"Urn, pedestal",Dr. Ronald McNair Park,,1.0,N,Romeo,1930,N,,"ERECTED BY THE PEOPLE / OF BROOKLYN / IN LOVING MEMORY OF / JOSEPH A. GUIDER / MEMBER OF ASSEMBLY STATE OF N.Y. / 1896, 1898, 1899, 1900 / COMMISSIONER OF PUBLIC WORKS / 1918 - 1924 / PRESIDENT BOROUGH OF BROOKLYN / 1925-1926 BORN / MARCH 12, 1870 / DIED / SEPT. 22, 1926",1627,,"Bronze, granite","Politician, Public Servant, Borough President",,1930,,Frassanito,1184,,Eastern Parkway and Washington Avenue,,Monument/Memorial,,,40.670083,NY
Brooklyn,Brooklyn,Quadriga: the Triumphal Progress of Columbia,LeBlanc Barbedienne,,Stanford,,Statue,Soldiers' and Sailors' Arch,,,N,Frederick,1898,N,,,"912, 1611",,Bronze,"American Civil War, Allegorical, Equestrian, War",,1898,,MacMonnies,,,Grand Army Plaza between Eastern Parkway and Union Street,,Monument/Memorial,,,40.673035,NY
New York,Manhattan,Lions,,,Aymar,,Bas-relief,Central Park Zoo,,1.0,N,Frederick,1935,N,,Signed: F.G.R. ROTH,1859,,Indiana limestone,"Animals, WPA",,1935,,Roth,1111,,Central Park Zoo,,Artwork,,,40.768280,NY
Astoria,Queens,Doric Columns,,,Stamatios,,Columns,Athens Square Park,,1.0,Y,Anthony,1996,N,,,3809,,Granite,"Architecture, Greek, Columns",P.,1996,,Frudakis,594,,30th Avenue between 29th Street and 30th Streets,,Artwork,,,40.767778,NY
New York,Manhattan,Margaret Corbin,,,,,Plaque,Fort Tryon Park,,625.0,N,,1982,N,,"MARGARET COCHRAN CORBIN / 1751 - 1800 / DURING THE BRITISH-HESSIAN ATTACK ON FORT / WASHINGTON 16 NOVEMBER 1776 MARGARET / CORBIN WAS WOUNDED WHEN SHE FILLED THE / POST OF HER HUSBAND JOHN AND WAS KILLED / WHILE LOADING ARTILLERY. THE FIRST WOMAN / TO FIGHT AS A SOLDIER IN THE REVOLUTIONARY / WAR, SHE IS BURIED AT WEST POINT. / CHAMBER OF COMMERCE / WASHINGTON HEIGHTS INWOOD 1982 /",,,Bronze,"Women, Woman, American Revolutionary War, Colonial, War",,1982,,,2179,,190th Street and Fort Washington Avenue,,Marker,,,40.859428,NY
New York,Manhattan,Joseph Pulitzer,,,,,Plaque,City Hall Park,,1.0,N,Carl,1954,N,,"NEAR THIS SPOT STOOD / THE NEW YORK WORLD BUILDING / WHOSE PUBLISHER / JOSEPH PULITZER / UPHELD THE HIGHEST TRADITIONS / OF AMERICAN JOURNALISM /

AN IMMIGRANT / HE ROSE TO FAME AND FORTUNE / AND NEVER IN THE PROCESS / LOST THE COMMON TOUCH / 1954/",1947,,Bronze,"Journalist, Politician, Philanthropist, Immigrant",,1954,,Schmitz,122,,Centre Street and Chambers Street,,Marker,,,40.712900,NY
New York,Manhattan,Augustus Heckscher Gate Posts,,,,,Gateposts,Central Park,,1.0,N,,1936,N,,Left gate: HECKSCHER PLAYGROUND / OPENED 1924 / IMPROVED 1936 Right gate: A GIFT TO / THE CHILDREN OF / NEW YORK CITY / BY / AUGUST HECKSCHER,,,Granite,"Donor, Philanthropist, Gate",,1936,,,1111,,Heckscher Playground,,Monument/Memorial,,,"40.768965,",NY
Brooklyn,Brooklyn,Edvard Grieg Memorial,"Florentine Brotherhood, Chicago, Illinois",,,,"Bust, pedestal",Prospect Park,,1.0,N,Sigvald,1914,N,,"Pedestal: GRIEG /---/ 1914 / 

Plaque: PRESENTED TO THE BOROUGH OF / BROOKLYN / BY THE NORWEGIAN SOCIETIES / 1914 /",483,,"Bronze, granite","Norwegian, Musician",,1914,,Asbjornsen,1117,,,,Monument/Memorial,,,40.658596,NY
New York,Manhattan,Fort Tryon Park Tablet,T.F. McGann and Sons,,,,Tablet,Fort Tryon Park,,625.0,N,,1935,N,,"FORT TRYON PARK / THIS HISTORIC AREA / AND ITS SURROUNDINGS / WERE DEVELOPED AND / PRESENTED TO THE / PEOPLE OF THE CITY OF / NEW YORK IN 1935 BY / JOHN D. ROCKEFELLER, JR. / THE ADJACENT HILLTOP / AN OUTPOST OF FORT / WASHINGTON WAS GAL / LANTLY DEFENDED IN / NOVEMBER 1776 BY THE / MARYLAND AND VIRGINIA / REGIMENT. AFTER ITS / CAPTURE IT WAS NAMED / FORT TRYON IN HONOR / OF THE LAST ENGLISH CIVIL / GOVERNOR OF NEW YORK",,,Bronze,"American Revolutionary War, Colonial",,1935,,,2179,,Margaret Corbin Drive,,Marker,,,40.861522,NY
New York,Manhattan,Eaphae-Aekyad #2,,,,,Sculpture,John Jay Park,,17.0,N,Douglas,1979,N,,,4217,,Steel,Abstract,,1979,,Abdell,1488,,East 77th Street and Cherokee Place,,Artwork,,,40.769279,NY
New York,Manhattan,Johann Christoph Friedrich Von Schiller,,,,,"Bust, pedestal",Central Park,,1.0,N,C.L.,1859,N,,"(FRONT OF PEDESTAL) JOHANN CHRISTOPH / FRIEDRICH VON / SCHILLER / 1759 - 1805 / POET / DRAMATIST / HISTORIAN
(BACK OF BUST) C.L. RICHTER. FECIT.",2969,,"Bronze, granite","Bust, German, Philosopher, Poet, Author, Playwright",,1859,,Richter,1111,,The Mall,,Monument/Memorial,,,40.773185,NY
Brooklyn,Brooklyn,Theodore Roosevelt Tablet,Gorham Manufacturing Co,,,,"Plaque, natural boulder",Prospect Park,,1.0,Y,,1919; 1991,N,,IN REMEMBERANCE OF / THEODORE ROOSEVELT / THE BOY SCOUTS OF AMERICA / OF THE PROSPECT HEIGHTS DISTRICT / PLANTED THESE TREES / 1919,1182,,"Bronze, natural boulder","President of the United States, politician",,1919,,,1117,,Long Meadow,,Monument/Memorial,,,40.667833,NY
Forest Hills,Queens,New York State Marine Amphitheater Bas-Reliefs,,,,,Bas-relief,Flushing Meadows Corona Park,,10.0,N,,1939,N,,,2103,,"Cast stone, faux limestone",1939-40 World's Fair,,1939,,,2209,,14 Ederle Promenade,,Artwork,Ederle Amphitheater,,40.739094,NY
Staten Island,Staten Island,Port Authority World War II Honor Roll,,,,,Plaque,Joseph Manna Park,,,,,,,,IN HONOR / OF THE MEN AND WOMEN OF / THE PORT OF NEW YORK AUTHORITY / WHO SERVED IN OUR COUNTRY / IN WORLD WAR II / [honor roll],,,Bronze,"World War II, War",,,,,,,Forest Avenue and Goethals Road North,,Monument/Memorial,,,40.625869,NY
New York,Manhattan,William Henry Seward,"Ferd V. Miller & Sohne, Munchen",,,,Statue,Madison Square Park,,1.0,N,Randolph,1876,N,,WILLIAM H. SEWARD / GOVENOR / U.S.SENATOR / SECRETARY OF STATE / OF U.S.,"1945, 1971",,"Bronze, granite","Governor, Politician, Senator",,1876,,Rogers,852,,Broadway and East 23rd Street,,Monument/Memorial,,,40.741491,NY
Astoria,Queens,Athena,"Dimitrus Gavalas, Patmou 3, Marousi, Atiki, Greece",Stavros Georgopoulos,Stamatios,,Statue,Athens Square Park,,1.0,N,Spiro,1998,N,,"ATHENA /---/ A GIFT FROM THE PEOPLE OF / ATHENS, CAPITAL OF GREECE /---/ TO THE PEOPLE OF / THE CITY OF NEW YORK /---/ DIMITRIS L. AVRAMOPOULOS / MAYOR OF ATHENS /---/ RUDOLPH W. GIULIANI / MAYOR OF NEW YORK / MARCH 1998",3809,,"Bronze, green granite","Mythology, Greek",P.,1998,,Goggakis,594,,"30th Avenue, between 29th and 30th Streets",,Artwork,,,40.767581,NY
Bronx,Bronx,Glover's Rock,,Sheredow Bronze Co.,,,"Plaque, natural boulder",Pelham Bay Park,,1.0,N,,1960,N,,"GLOVER'S ROCK / NEAR THIS SITE ON OCTOBER 18, 1776, / COL. JOHN GLOVER AND 600 PATRIOTS HELD OFF / BRITISH AND HESSIAN FORCES UNDER GEN. HOWE / LONG ENOUGH TO SAVE WASHINGTON'S TROOPS / FROM DESTRUCTION, ENABLING THEM TO WITHDRAW / TO WESTCHESTER AND ULTIMATE VICTORY / BRONX COUNTY HISTORICAL SOCIETY / OCTOBER 18, 1960",1842,,"Bronze, natural boulder","American Revolutionary War, Colonial, War",,1960,,,5650,,Orchard Beach Relief Road,,Marker,,,40.865028,NY
New York,Manhattan,John T. Brush Stairway,,,,,Plaque,Highbridge Park,,1.0,N,,1913,N,,THE / JOHN T. BRUSH / STAIRWAY / PRESENTED BY THE / NEW YORK / GIANTS,1712,,"Bronze, concrete","Athlete, Sports, football",,1913,,,2106,,Edgecomb Avenue and West 158th Street,,Monument/Memorial,Highbridge Brush Stairway,,40.832469,NY
Brooklyn,Brooklyn,Brooklyn Korean War Veterans Plaza,,A. Ottavino Corp.,George,,Plaza and Flagstaff,Cadman Plaza Park,,100.0,N,,1992,N,,"West Pier:
KOREAN WAR / VETERANS / PLAZA / LEST / WE / FORGET / 
(Honor Roll)

East Pier:
KOREAN WAR / VETERANS / PLAZA / IN MEMORY OF THOSE / BROOKLYN HEROES WHO / MADE THE SUPREME SACRIFICE / DURING THE KOREAN WAR / JUNE 26, 1950 TO JULY 27, 1953 / THEY WILL REMAIN IN OUR / HEARTS AND MINDS FOREVER / KOREAN WAR VETERAN CHAPTER #171 / BROOKLYN NY / 

Front and rear of flagstaff base: 
TO HONOR ALL / WHO SERVED / KOREAN WAR / 1950 - 1953",2738,,"Granite, concrete","Korean War, War",P.,1992,,,112,,287 Cadman Plaza West,,Monument/Memorial,,,40.695886,NY
New York,Manhattan,Josephine Shaw Lowell,,,Charles,,Fountain,Bryant Park,,2.0,N,,1912,N,,THIS FOUNTAIN COMMEMORATES / THE STRONG AND BEAUTIFUL CHARACTER OF / JOSEPHINE SHAW LOWELL / 1843-1905 / WIFE FOR ONE YEAR OF A PATRIOT SOLDIER / WIDOW AT TWENTY ONE / SERVANT OF NEW YORK STATE AND CITY / IN THEIR PUBLIC CHARITIES / SINCERE CANDID COURAGEOUS AND TENDER / BRINGING HELP AND HOPE TO THE FAINTING / AND INSPIRING OTHERS TO CONSECRATED LABORS/,416,,Granite,"Woman, Reformer, Philanthropist, Public Servant, Fountain",Adams,1912,,,1257,,6th Avenue and West 41st Street,,Monument/Memorial,Lowell Memorial Fountain,,40.753993,NY
Staten Island,Staten Island,Korean War Veterans Memorial,JVA General Contractor,,,,"Stele, plaque",Korean War Veterans Park,,1.0,N,,1996,N,,"VETERANS OF THE KOREAN WAR /  25 JUNE 1950 / 27 JULY 1953
WE HONOR / STATEN ISLANDERS / WHO SERVED /",5826,,"Bronze, natural boulder","Korean War, War, Veterans",,1996,,,1019,,Ocean Terrace and Milford Drive,,Monument/Memorial,,,40.609816,NY
Bronx,Bronx,Highbridge World War I Memorial,J.W. Fiske Iron Works,,Max,,Statue,Macombs Dam Park,,1.0,N,,1923,N,,"FOR GOD AND COUNTRY / IN HONOR OF THE BOYS OF / HIGHBRIDGE / WHO SERVED THEIR COUNTRY / AND IN MEMORY OF THOSE WHO / MADE THE SUPREME SACRIFICE / IN THE WORLD WAR / 1917 1918 / KILLED IN ACTION / (LIST OF 21 NAMES) / ERECTED BY THE HIGHBRIDGE REGULAR / DEMOCRATIC CLUB / HON. WILLIAM J. FLYNN, CHAIRMAN / JOHN A. HARMS, SECRETARY / MAX HAUSLE, ARCHITECT",1135,,"Bronze, Maine granite","Doughboy, World War I, War",,1923,,,2500,,161st Street and Jerome Avenue,,Monument/Memorial,Highbridge Doughboy,,40.829757,NY
New York,Manhattan,Eleanor Roosevelt Memorial,Paul King Foundry,Giuliano Cecchirelli,,,Statue,Riverside Park,,1.0,N,Penelope,1996,N,Michael,"Medallion 1: WHERE AFTER ALL, / DO UNIVERSAL HUMAN RIGHTS BEGIN? / IN SMALL PLACES, CLOSE TO HOME / SUCH ARE THE PLACES / WHERE EVERY MAN, WOMAN AND CHILD / SEEKS EQUAL JUSTICE, / EQUAL OPPORTUNITY, / EQUAL DIGNITY. / --- / ELEANOR ROOSEVELT / 1958 Medallion 2: SHE WOULD RATHER LIGHT A CANDLE / THAN CURSE THE DARKNESS / AND HER GLOW / HAS WARMED THE WORLD / --- / ADLAI E. STEVENSON / 1962 Plaque 1: ANNA ELEANOR ROOSEVELT / 1884-1962 / --- / BORN IN NEW YORK CITY ON OCTOBER 11, 1884, SHE WAS ORPHANED AT AGE / TEN AND EDUCATED IN ENGLAND. SHE MARRIED FRANKLIN DELANO ROOSEVELT / IN 1905 AND BORE SIX CHILDREN BETWEEN 1906 AND 1916. SHE BECAME A / LEADER IN NEW YORK STATE'S DEMOCRATIC PARTY IN THE 1920'S AND SERVED / ACTIVELY FOR FOUR YEARS AS WIFE OF GOVERNOR ROOSEVELT. FROM 1933 / TO 1945 SHE GREATLY EXPANDED THE ROLE OF FIRST LADY OF THE / UNITED STATES. SHE FOUGHT FOR THE ADVANCEMENT OF LABOR, MINORITIES, / THE POOR, WOMEN AND YOUNG PEOPLE. SHE WAS APPOINTED UNITED STATES / DELEGATE TO THE UNITED NATIONSBY PRESIDENT TRUMAN IN 1946. AS CHAIR / OF THE UNITED NATIONS COMMISSION ON HUMAN RIGHTS, SHE LED THE / SUCCESSFUL EFFORT THAT SECURED PASSAGE OF THE UNIVERSAL DECLARATION / OF HUMAN RIGHTS IN 1948. SHE CONTINUED HER WORK AS TEACHER, WRITER, / ADVOCATE, AND HUMANITARIAN UNTIL HER DEATH ON NOVEMBER 7, 1962. / SHE IS REMEMBERED AS THE ""FIRST LADY OF THE WORLD."" Plaque 2: THE ELEANOR ROOSEVELT MONUMENT FUND EXPRESSES ITS GRATITUDE / TO THESE INDIVIDUALS AND ORGANIZATIONS FOR THE GENEROSITY AND TALENT / THAT HELPED RESTORE THE SOUTH LAWN OF RIVERSIDE PARK / AND CREATED THIS MONUMENT TO ELEANOR ROOSEVELT. / --- / [28 NAMES] / --- / PENELOPE JENCKS, SCULPTOR / BRUCE KELLY/DAVID VARNELL, LANDSCAPE ARCHITECTS / --- / RUDOLPH W. GIULIANI, MAYOR OF THE CITY OF NEW YORK / RUTH W. MESSENGER, PRESIDENT OF THE BOROUGH OF MANHATTAN / RONNIE M. ELDRIDGE, MEMBER OF THE CITY COUNCIL / --- / HENRY J. STERN, COMMISSIONER OF PARKS AND RECREATION / MCMXCVI",2287,Dwyer,"Bronze, granite, bluestone","Woman, First Lady, Reformer",,1996,,Jencks,1187,,72nd Street & Riverside Drive,,Monument/Memorial,,,40.780639,NY
New York,Manhattan,Alexander Hamilton,,,,,Statue,Central Park,,1.0,N,Carl,1880,N,,HAMILTON / PRESENTED BY / JOHN C. HAMILTON / 1880 /,3911,,Granite,"Politician, Public Servant, American Revolutionary War",,1880,,Conrads,1111,,East Drive and 83rd Street,,Monument/Memorial,,,"40.780972,",NY
Far Rockaway,Queens,Best on the Beach,,,,,Fence,Far Rockaway Emergency Medical Station and Fire Station,,3.0,N,Jane,2004,N,,,6324,,"Steel, powder coat epoxy paint","Beach, Water, Waves, Atlantic Ocean, Jamaica Bay",,2004,,Greengold,15841,,480 Rockaway Beach Boulevard,,Artwork,,,40.593527,NY
New York,Manhattan,Cactus Couple,,,,,Sculpture,Central Park,,1.0,N,Thea,1990,N,,,1858,,"Marble, Formica",Plants,,1985,,Tewi,1111,,830 Fifth Avenue,,Artwork,,,40.767580,NY
New York,Manhattan,Sheridan Square Viewing Garden Plaque,,,,,Plaque,Sheridan Square Viewing Garden,,,N,,1983,N,,"THE SHERIDAN SQUARE GARDEN / CREATED AND MAINTAINED BY THE / SHERIDAN SQUARE TRIANGLE ASSOCIATION, INC. / A NON-PROFIT NEIGHBORHOOD GROUP. / THIS SQUARE WAS NAMED IN 1896 / FOR CIVIL WAR GENERAL PHILIP SHERIDAN. / THE GARDEN WAS FOUNDED IN 1982 WITH / THE COOPERATION OF THE NEW YORK CITY / DEPARTMENT OF TRANSPORTATION. /",4433,,Bronze,"American Civil War, Environmentalism, Community Garden, War",,1983,,,,,West 4th Street and Barrow Street,,Marker,,,40.733162,NY
New York,Manhattan,Louis Kossuth Monument,Dodd's Granite Co. (?),,,,Statue,Riverside Park,,1.0,N,János,1928,N,,"KOSSUTH / ERECTED BY A / LIBERTY LOVING / RACE OF / AMERICANS / OF/ MAGYAR ORIGIN / TO / LOUIS KOSSUTH / THE / GREAT CHAMPION / OF LIBERTY / KOSSUTH MONUMENT COMMITTEE / CEZA D. BERKO, PRESIDENT/ MARCH 15, 1928","1451, 2287",,"Bronze, Milford pink granite","Hungarian, Reformer, Revolution",,1927,,Horvay,1897,,Riverside Drive and West 113th Street,,Monument/Memorial,Lajos Kossuth Memorial,,40.806754,NY
New York,Manhattan,Inside Out,,,,,Site-specific installation,Riverside Health Center,,49.0,N,Richard,2014,N,,,2756,,"Terra cotta tile, orange grout",,,2014,,Artschwager,1852,,160 West 100th Street,,Artwork,,,40.796059,NY
New York,Manhattan,Declaration of Independence Marker,H. Berger Sons,,,,"Plaque, plinth",City Hall Park,,1.0,N,,1892,N,,"NEAR THIS SPOT IN THE PRESENCE OF / GENERAL GEORGE WASHINGTON / THE DECLARATION OF / INDEPENDENCE / WAS READ AND / PUBLISHED / TO THE / AMERICAN ARMY / JULY 9, 1776 [---] ERECTED BY / SONS OF THE REVOLUTION 1776-1782.",,,"Bronze, gray granite","Declaration of Independence, American Revolutionary War, Colonial, War",,1892,,,122,,Broadway,,Marker,,,40.712882,NY
New York,Manhattan,Subway Map Floating on a New York Sidewalk,,,,,Installation,110 Greene Street,,7.0,N,Francoise,1985,N,,"""SUBWAY MAP FLOATING ON A N.Y.C. SIDEWALK"" / 
ARTIST FRANCOISE SCHEIN/SPONSOR GOLDMAN PROPERTIES /
THIS PROJECT INSPIRED THE ARTIST TO REINVENT /
FIVE SUBWAY STATIONS ARTICULATING THE MESSAGE /
OF ""THE UNIVERSAL DECLARATION OF HUMAN RIGHTS"" /
PARIS-BRUSSELS-LIBSON-STOCKHOLM-BERLIN",4730,,"Stainless steel bars, terrazzo flooring, glass","Abstract, Transportation, Sidewalk",,1985,,Schein,499,,110 Greene Street,,Artwork,,,"4"" BORE",NY
Brooklyn,Brooklyn,Fort Hamilton D.A.R. Tablet,Paul E. Cabaret & Co.,,,,Plaque,John Paul Jones Park,,1.0,N,,1916,N,,TO COMMEMORATE / THE FIRST RESITANCE / MADE TO BRITISH ARMS / IN NEW YORK STATE / AUGUST 1776 / ERECTED BY THE / LONG ISLAND SOCIETY / DAUGHTERS OF THE REVOLUTION / A.D. 1916,907,,"Bronze, natural boulder","American Revolutionary War, Colonial, War",,1916,,,6140,,4th Avenue and 101st Street,,Marker,,,40.611583,NY
New York,Manhattan,Eagles,,,,,Statue,Central Park Zoo,,1.0,N,,1941,N,,,,,Granite,"Animals, eagle",,1941,,,1111,,Central Park Zoo,,Artwork,,,40.767737,NY
Staten Island,Staten Island,Schmul Memorial,,,Aymar,,Plaque,Schmul Park,,120.0,N,,1938,N,,SCHMUL PARK / LOUIS AND HERMINE SCHMUL / PRESENTED THIS PROPERTY TO THE / CITY OF NEW YORK / IN MEMORY OF / HEIMAN AND ROSA SCHMUL / 1938 /,2192,,"Bronze, boulder",Philanthropist,,1938,,,2665,,Pearson Street and Wild Avenue,,Monument/Memorial,,,40.590571,NY
New York,Manhattan,Francis Makemie,Duncan Long Inc.,,,,"Plaque, plinth",Bowling Green Park,,28.0,N,,1982,N,,"FRANCIS MAKEMIE / NEAR THIS SITE IN 1707, FRANCIS MAKEMIE, / A NATIVE OF IRELAND AND FATHER OF AMERICAN PRESBYTERIANISM, / CHALLENGED THE EDICT OF LORD CORNBURY, GOVERNOR OF THE / COLONY, FORBIDDING HIM FROM PREACHING HERE. THE SERVICES / HE CONDUCTED IN WILLIAM JACKSON'S HOME RESULTED IN HIS / BEING INDICTED FOR PREACHING A ""PERNICIOUS DOCTRINE."" / HIS SPIRITED COURT APPEARANCE RESULTED IN HIS ACQUITTAL. / IT WAS THE FIRST GREAT VICTORY HERE FOR / RELIGIOUS LIBERTY. / JULY 27, 1982 / IRISH INSTITUTE OF NEW YORK /",,,"Bronze, granite","Irish, Religious Leader",,1982,,,12,,Broadway and Beaver Street,,Marker,,,40.705162,NY
Bronx,Bronx,"Victory, Peace and Love of County",,,,,Sculpture,Bronx County Courthouse,,1.0,N,Joseph,1934,N,,,1619,,Marble,"Allegorical, History, Law, Government",,1932,,Kiselewski,2468,,851 Grand Concourse,,Artwork,,,40.826361,NY
Flushing,Queens,Garden of Meditation,,,,,Plinth,Flushing Meadows  Corona Park,,1.0,,,,,,GARDEN / OF MEDITATION / GOD ALMIGHTY FIRST / PLANTED A GARDEN / AND INDEED IT IS THE PUREST OF / HUMAN PLEASURES. IT IS THE / GREATEST REFRESHMENT / TO THE SPIRITS OF MAN. / FRANCIS BACON /,,,Marble,1964-65 World's Fair,,,,,2018,,Meridian Road and Avenue of Africa,,Marker,,,40.744210,NY
Flushing,Queens,Alfred J. Kennedy Memorial Flagstaff,,General Bronze Corporation,,,"Flagstaff base, plaque",Flushing Park Center Plots,,125.0,N,,1950,N,,"Side one: * A TRIBUTE TO * / 1898 1902 / DEDICATED AND ERECTED TO THE MEMORY OF/ HON. ALFRED J. KENNEDY/ COMMANDER IN CHIEF/ UNITED SPANISH WAR VETERANS/ 1937 1938/ COMPANY F 22ND REG'T N.Y. VOL. INF. / CITIZEN / LEGISLATOR / STATESMAN / SOLDIER/ ANSWERED LAST ROLL CALL JULY 25, 1944 Side two: * THE MEN WHO * / WE HONOR THOSE / WHO DIED FOR / THEIR COUNTRY Side three: * SERVED IN THE * / ""REMEMBER THE MAINE"" / FREEDOM / PATRIOTISM / HUMANITY Side four:
* WAR WITH SPAIN * / HONOR TO WHOM / HONOR IS DUE / DEDICATED JULY 23, 1950 /",2775,,"Deer Isle Granite, bronze","Spanish-American War, War, Veterans",,1950,,,4977,,Northern Boulevard and Main Street,,Monument/Memorial,,,40.763053,NY
New York,Manhattan,Sir Walter Scott,MacDonald Field Co.,,,,Statue,Central Park,,1.0,N,Sir John,1872,N,,"(Front of base:) WALTER SCOTT / JOHN STEELL R.S.A. / EDINBURGH. SCULP

(Rear of base:) MACDONALD FIELD & CO / GRANITE WORKS ABERDEEN SCOT / PRESENTED TO CITY OF NEW YORK / BY RESIDENT SCOTSMEN AND THEIR SONS / ON THE 15TH AUGUST 1871 / THE 100TH ANNIVERSARY OF THE BIRTH OF / SIR WALTER SCOTT. BARONET. Signed.",3911,,"Bronze, Aberdeen granite","Author, Poet, Scottish",,1872,,Steell,1111,,The Mall,,Monument/Memorial,,,40.770167,NY
New York,Manhattan,Gertrude Stein,,,,,Statue,Bryant Park,,2.0,N,Jo,1992,N,,"Front of base: GERTRUDE STEIN / 1874-1976 / BY JO DAVIDSON, 1923 / BRONZE CAST 1991 -- Rear of base: GIFT OF / DR. MAURY LEIBOVITZ / TO THE / CITY OF NEW YORK / 1992",1843,,"Bronze, granite","Author, Jewish, Woman, LGBTQ+",,1991,,Davidson,1257,,West 40th Street between 5th Avenue and 6th Avenue,,Monument/Memorial,,,40.753349,NY
New York,Manhattan,El Arbol de Esperanza,,,,,Sculpture,Thomas Jefferson Park,,1.0,N,L.,1995,N,,,1765,,"Stainless steel, brass, bronze","Tree, Nature",,1995,,Hatcher,1705,,,,Artwork,,,40.793050,NY
New York,Manhattan,Horace Greeley,Henry Bonnard Bronze Co.,,,,Statue,Greeley Square,,1.0,N,Alexander,1894,N,,THIS STATUE OF THE FIRST PRESIDENT / NEW YORK TYPOGRAPHICAL UNION NO. 6 / WAS PRESENTED TO THE CITY OF NEW YORK BY / HORACE GREELY POST NO. 577 G.A.R. / NEW YORK TYPOGRAPHICAL UNION NO.6 AND / BROOKLYN TYPOGRAPHICAL UNION NO. 98 / GIVEN TO THE CITY OF NEW YORK IN 1890,382,,"Bronze, granite","Journalist, Publisher",,1892,,Doyle,834,,32nd Street and Broadway,,Monument/Memorial,,,40.748582,NY
New York,Manhattan,Chimpanzee,,,Aymar,,Bas-relief,Central Park Zoo,,1.0,N,Frederick,1935,N,,Signed: F.G.R. ROTH,,,Indiana limestone,"Animals, WPA",,1935,,Roth,1111,,Central Park Zoo,,Artwork,,,40.767972,NY
Woodside,Queens,Woodside Doughboy,,,C.N.,,Statue,Doughboy Plaza,,1.0,N,Burt,1923,N,,LEST WE FORGET / 1917-1918,1111,,"Bronze, granite","World War I, War, Doughboy",,1923,,Johnson,1239,,"Woodside Avenue, Roosevelt Avenue, 39th Road and 52nd Street",,Monument/Memorial,,,40.746266,NY
New York,Manhattan,Fred Lebow,,,,,Statue,Central Park,,1.0,N,Jesus,1994,N,,,,,Bronze,"Athlete, sports, athletics, runner, marathon",,1994,,Dominguez,1111,,90th Street and East Drive,,Monument/Memorial,Forever at the Finish Line,,40.784082,NY
Staten Island,Staten Island,Carmine Liotti and Lloyd Ikefugi,,,,,Plaque,Liotti-Ikefugi Playground,,6.0,N,,1962,N,,"DEDICATED TO / THE MEMORY OF / CARMINE LIOTTI / BORN DEC. 13, 1924 / KILLED IN ACTION APRIL 15, 1945 / LLOYD IKEFUGI / BORN SEPT. 16, 1923 / KILLED IN ACTION APRIL 25, 1945 / CARMINE GRANITO / WILLIAM SMITH / POST NO. 1296",3464,,Bronze,"Veteran, World War II, War",,1962,,,37,,Winter Avenue and Bismark Avenue,,Monument/Memorial,,,40.638834,NY
Staten Island,Staten Island,Robert Richard Randall,"Beaureau Brothers, Philadelphia (original) Johnson Atelier, Princeton, NJ (replica)",,,,Statue,Snug Harbor Cultural Center,,1.0,N,Augustus,1884,N,,"Base: ROBERT RICHARD / RANDALL / DIED-1801 / 

Signature on base: AVGVSTVS SAINT / GAUDENS SCVLPTOR / NEW-YORK MDCCCLXXXVIII / BEAUREAU BROTHERS FOUNDERS /

Plaque: ROBERT RICHARD RANDALL / --- / THIS BRONZE STATUE, CAST IN 1983, FROM THE ORIGINAL (1883) BY / AUGUSTUS SAINT-GAUDENS, REPRESENTS ROBERT RICHARD RANDALL / (1750-1801) BENEFACTOR OF SAILORS SNUG HARBOR. THE ORIGINAL IS NOW IN SEA LEVEL, NORTH CAROLINA. / --- / THIS REPLICA IS MADE POSSIBLE BY GENEROUS CONTRIBUTIONS FROM / MANY FRIENDS OF SNUG HARBOR TO COMMEMORATE THE 150TH  / ANNIVERSARY OF THE ARRIVAL OF THE FIRST SEAMEN TO MAKE THEIR / HOME HERE. SNUG HARBOR RECOGNIZES THE FOLLOWING FOR THEIR / SPECIAL GIFTS FOR THE RANDALL STATUE FUND: / --- / MR. & MRS. JACK FRIEDLAND / --- / PEAT MARWICK MITCHELL N.Y. FOUNDATION / --- / MR. & MRS. ALLAN PROSKE / --- / THE STANLEY TIMOLAT FOUNDATION / --- / MRS. PETER J. TIMPONE JR. /",4191,,"Bronze, granite","Maritime, Philanthropist",,1884,,Saint-Gaudens,76,,Richmond Terrace and Snug Harbor Road,,Monument/Memorial,,,40.644869,NY
New York,Manhattan,John Wolfe Ambrose,Aegis Restauro,,Aymar,,"Bust, stele",Battery Park,,1.0,Y,Andrew,1936; 2018,N,Frederick,"Stele (top): 1838 --- 1899 / 

Stele (left): DEDICATED BY / THE CITY OF / NEW YORK TO / JOHN WOLFE AMBROSE / FOR WHOM THE / DEEP SEA / CHANNEL  / IS NAMED / 

Stele (right): HIS VISION, / SCIEN- / TIFIC KNOWLEDGE / AND INDEFATIGABLE / COURAGE AIDED IN / MAKING NEW YORK / THE GREATEST / SEA PORT OF / THE WORLD / 

Stele (bottom): map of Lower New York Bay showing Ambrose Channel",1109,Roth,"Bronze, granite","Irish, Maritime, Bust, Engineer,",,1899,,"O'Connor, Jr.",3,,State Street between Pearl Street and Water Street,,Monument/Memorial,,,40.702540,NY
New York,Manhattan,General Daniel Butterfield,,,,,Statue,Sakura Park,,1.0,N,Gutzon,1918,N,,GUTZON BORGLUM / SCULPTOR 1917 / BUTTERFIELD / 1831-1901,916,,"Bronze, granite","Military, American Civil War, War, Businessman",,1917,,Borglum,1994,,Riverside Drive and 122nd Street,,Monument/Memorial,,,40.812695,NY
New York,Manhattan,Sundial,,,Aymar,,Sundial,Roger Morris Park,,106.0,N,,1935,N,,,,,"Bronze, granite",Sundial,,1935,,,2109,,Edgecombe Avenue and West 162nd Street,,Artwork,,,40.834722,NY
New York,Manhattan,City Hall Park Fountain,,,Jacob,,Fountain,City Hall Park,,1.0,Y,,1871; 1999,N,,,1011,,"Granite, bronze",Fountain,Wrey,1871,,,122,,43 Park Row,,Artwork/Monument,,,40.712163,NY
Brooklyn,Brooklyn,Liberty Avenue War Memorial,,,,,"Stele, plaque",Public Place,,26.0,N,,1947,N,,"Plaque: WORLD WAR II / AN EVERLASTING TRIBUTE / TO / BOWEN, FRANCIS N. --- LASALLE, WALTER F. / BYRNES, JOHN P. --- LYNCH, REV. LAWRENCE E. / CATALANO, EDWARD J. --- MAITEN, MEYER L. / CATALANO, VINCENT C. --- MANISCALCO, AUGUST / CLARK, MATTHEW J. --- MAZZIE, PATRICK J./ DE BLASIO, JOHN J. --- MCKINLEY, DAVID S. / DEVANEY, WILLIAM P. JR. --- MULCARE, ARTHUR V. / DIMINO, ALPHONSO --- PFOHLMAN, THOMAS G. / DUNNE, ELLSWORTH F. --- POLO, ALBERT J. / GLASSEN, JOSEPH A. --- RANDAZZO, JOHN J. / GROVE, KENNETH --- SOCHA, JOHN L. / INNUSE, MARON J. --- VALENTI, JAMES V. / JONES, ARTHUR J. --- VOLDO, ANGELO M. / KAHRS, WALTER J. JR. --- VIZZI, CHARLES / WHO SO GLORIOUSLY GAVE / THEIR LIVES SERVING / THEIR COUNTRY / 

Stele: ERECTED BY THE PEOPLE / OF THIS COMMUNITY / IN HONOR OF THEIR / SONS AND DAUGHTERS / SERVING IN OUR / NATION'S ARMED FORCES / IN THE STRUGGLE FOR / FREEDOM AND JUSTICE / FOR ALL MANKIND / 1941-1945 /",3362,,"Bronze, granite","World War II, War, Armed Forces, eagle",,1947,,,4204,,Eldert Lane between Liberty Avenue and Glenmore Avenue,,Monument/Memorial,,,40.678232,NY
Brooklyn,Brooklyn,Bushwick War Memorial,,,,,Plinth,Memorial Gore,,1.0,N,,1920,N,,"1) THIS MEMORIAL / RECORDS THE / PATRIOTISM / AND DEVOTION / OF THE MEN OF / THE 13TH ASSEMBLY / DISTRICT WHO / SERVED THE / UNITED STATES/
IN THE WORLD / WAR / 1917-1918

2)/ [Honor Rolls]

3) Tablet:: "": DEC / 5 / 1920""",1046,,Marble,"World War I, War",,1920,,,2897,,Metropolitan Avenue between Humboldt Street and Bushwick Avenue,,Monument/Memorial,Williamsburg War Memorial,,40.714833,NY
Staten Island,Staten Island,Cespino-Russo Post Plaque,,,,,"Plaque, plinth",Franklin D. Roosevelt Boardwalk and Beach,,200.0,N,,1951,N,,IN MEMORY OF / THE MEN AND WOMEN / OF OUR COMMUNITY WHO SERVED / AND MADE THE SUPREME SACRIFICE / IN THE SERVICE OF OUR COUNTRY / DEDICATED BY / CESPINO-RUSSO POST 1544 / AMERICAN LEGION /,2847,,"Bronze, granite","War, Veterans",,1951,,,3525,,Sand Lane and Seaside Boulevard,,Monument/Memorial,,,40.590085,NY
Brooklyn,Brooklyn,Family Library Table,,,,,Ornamental gates,Cypress Hill Library,,33.0,N,Rolando,1995,N,,,5168,,"Epoxy enamel, painted steel, cast aluminum","Library, abstract",,1995,,Briseno,4247,,1197 Sutter Avenue,,Artwork,,,40.672583,NY
New York,Manhattan,Giuseppe Garibaldi,Henry Bonnard Bronze Company,"Lazzari & Barton Woodlawn, N.Y.",,,Statue,Washington Square Park,,1.0,N,Giovanni,1888,N,,IL II GIUGNO / MDCCCLXXXVIII / GLI ITALIANI / DEGLI STATI UNITI / D' AMERICA / ERESSERO,1425,,"Bronze, granite","Italian, Italy, General, Revolutionary, Soldier, Republican",,1888,,Turini,549,,Washington Square East,,Monument/Memorial,,,40.730583,NY
Elmhurst,Queens,Reverend Matthew J. Crosson,,U.S. Bronze Sign Company,,,Plaque,Crosson Park,,56.0,N,,1968,N,,"CROSSON MEMORIAL PARK / DEDICATED IN FOND REMEMBRANCE / AND APPRECIATION OF / THE REVEREND MATTHEW J. CROSSON / OF WOODSIDE (1908-1968) / BY FRIENDS AND ADMIRERS OF / HIS DEVOTION TO GOD, TO COUNTRY / AND TO HIS FELLOW MEN",3803,,Bronze,"Civic leader, Religious leader, Veteran, World War II, War",,1968,,,1308,,Woodside Avenue and 69th Street,,Monument/Memorial,,,40.743123,NY
New York,Manhattan,Benito Juarez,,,Enrique,,Statue,Bryant Park,,2.0,N,Moises,2004,N,,"Front pedestal: BENITO JUAREZ / 1806-1972 / PRESIDENT OF MEXICO (1858-1872) / BORN IN GUELATAO, OAXACA, OF HUMBLE ORIGINS. JUAREZ ESTABLISHED / THE FOUNDATION FOR THE MEXICAN REPUBLIC. IN 1867, HE DEFEATED / THE FRENCH INVASION, THUS PRESERVING THE INDEPENDENCE OF MEXICO. / GIFT FROM THE PEOPLE AND THE GOVERNMENT OF THE STATE OF OAXACA, MEXICO TO THE CITY OF NEW YORK.  On tablet: EL RESPETO AL / DERECHO AJENO / ES LA PAZ / RESPECT FOR THE / RIGHTS OF OTHERS / IS PEACE Proper right side of pedestal: BENEMERITO DE / LAS AMERICAS /",1843,,Bronze,"Mexican, President, Zapotec, Indigenous",,2002,,Cabrera Orozco,1257,,Sixth Avenue and 42nd Street,,Monument/Memorial,,,40.754414,NY
Corona,Queens,Flanders Field Flagstaff,,,,,"Flagstaff, plaque",Park of the Americas,,28.0,,,,,,DEDICATED / TO THE MEMORY OF THOSE / WHO MADE THE / SUPREME SACRIFICE / IN THE WORLD WAR 1917-1918 / BY / FLANDERS FIELD POST NO. 150 / VETERANS OF FOREIGN WARS /,1362,,"Bronze, granite","World War I, War, Veterans",,,,,1976,,41st Avenue and 103th Street,,Monument/Memorial,,,40.74879,NY
Brooklyn,Brooklyn,Mozart,"Bureau Brothers, Philadelphia",,,,"Bust, pedestal",Prospect Park,,1.0,N,Augustus,1897,N,,"Bust: A.M.J. MUELLER SCULPTOR PHILADELPHIA, 1897

Pedestal (front): MOZART / PRESENTED TO THE / CITY OF BROOKLYN / BY THE UNITED / GERMAN SINGERS / OF THE CITY / FIRST PRIZE AT THE 18TH / NATIONAL SAENGERFEST / HELD AT PHILADELPHIA / JUNE 23RD / 1897

Pedestal (rear): S.K. SAENGER / PRESIDENT / ARTHUR CLASSEN / CONDUCTOR""",5961,,"Bronze, granite","Austrian, Composer, Musician",,1897,,Mueller,1117,,Concert Grove,,Monument/Memorial,,,40.658785,NY
New York,Manhattan,Bayard Rustin,Causeway Contracting,,,,Plaque,Ralph Bunche Park,,23.0,N,,1990,N,,"BAYARD RUSTIN / MARCH 17, 1912 - AUGUST 24, 1987 / HUMAN RIGHTS LEADER / ""THE PRINCIPAL FACTORS WHICH INFLUENCED MY LIFE ARE: / NON-VIOLENT TACTICS: CONSTITUTIONAL MEANS; / DEMOCRATIC PROCEDURES; RESPECT FOR HUMAN PERSONALITY; / A BELIEF THAT ALL PEOPLE ARE ONE","2287, 2716",,"Bronze, granite","Civil Rights, African American, Black American, Black History, LGBTQ+, Labor",,1990,,,1335,,First Avenue and East 43rd Street,,Monument/Memorial,,,40.749059,NY
New York,Manhattan,Salvation Army Monument,,,,,"Stele, plaque",Battery Park,,1.0,N,,1952,N,,"TO THE GLORY OF GOD / UNDER THE DIRECTION OF / GENERAL WILLIAM BOOTH / THE FOUNDER OF THE SALVATION ARMY / COMMISSIONER GEORGE S. RAILTON AND SEVEN WOMEN / OFFICERS UNFURLED THE FLAG OF THE SALVATION ARMY / HERE ON MARCH 10, 1880 / --- / THIS TABLET IS PLACED BY / COMMANDER EVANGELINE BOOTH / NOVEMBER 14, 1927 / AS AN EXPRESSION OF ABOUNDING GRATITUDEON THE PART / OF MULTITUDES WHO HAVE REAPED THE FRUITAGE OF THAT / GRACIOUS INVASION /",1505,,"Bronze, granite",Philanthropist,,1952,,,3,,Greenwich Street and Battery Place,,Monument/Memorial,,,40.704688,NY
Brooklyn,Brooklyn,Dongan Oak Marker,"Bertelli Foundry, Brooklyn, NY (original ); Sculpture House Casting, NY, NY (replacement )",Alexander Ettl (original ); Alex J. Ettl (first replacement ),,,"Sculpture, plinth, stele, plaque",Prospect Park,,1.0,Y,Frederick,1922,N,Joseph,"Main plaque: SITE OF THE DONGAN OAK / AT THE BATTLE OF LONG ISLAND, / ON THE HILL TO THE NORTH OF THIS / SPOT, THE AMERICANS HAD A REDOUBT / WITH TWO GUNS, TO GUARD THE OLD / VALLEY GROVE ROAD, CALLED BY THE / EARLY SETTLERS THE ""PORTE"", MEANING / GATE-WAY THROUGH THE HILLS, AND WHICH / RAN IN FRONT OF THIS MONUMENT. BY / THAT ROAD STOOD A WHITE-OAK, MENTIONED / IN THE PATENT OF GOVERNOR DONGAN, / NOVEMBER 12, 1685, AS A MARKER BETWEEN / FLATBUST AND BROOKLYN. THIS TREE WAS / CUT DOWN AND THROWN ACROSS THE / ROAD, WITH THE DENSE WOODS ON THE / SOUTH AND SWAMPS ON THE NORTH, IT / MADE AN IMPORTANT OBSTRUCTION. / AMERICANS, COMMANDED BY GENERAL / SULLIVAN, VALIANTLY DEFENDED THIS POSITION / AGAINST THE HESSIAN GENERAL DE HEISTER, / UNTIL ATTACKED FROM THE REAR BY BRITISH / TROOPS, UNDER GENERAL CLINTON, THEN / THEY RETIRED IN GOOD ORDER, BRINGING / OFF THEIR ARTILLERY. / (ground plaque): THIS MONUMENT / DEDICATED ON / NOVEMBER 25, 1922 / WAS RESTORED BY / THE PROSPECT PARK ALLIANCE. /---/ ALEXANDER ETTL, / THE ORIGINAL CASTER / RECREATED F.W. RUCKSTULL'S / EAGLE AND PLAQUE. /---/ REDEDICATED / JUNE 6, 1991. /",1096,Petrovics,"Bronze, granite","American Revolutionary War, Colonial, War",,1922,,Ruckstull,1117,,Prospect Park Wildlife Center,,Marker,,,40.666181,NY
New York,Manhattan,Washington Heights-Inwood War Memorial,,,,,Statue,Mitchel Square,,65.0,N,Gertrude,1922,N,,ERECTED BY THE PEOPLE OF WASHINGTON HEIGHTS AND INWOOD IN COMMEMORATION OF THE MEN WHO GAVE THEIR LIVES IN THE WORLD WAR,1093,,"Bronze, granite","World War I, War, Veterans, Soldier",,1922,,Whitney,2124,,Broadway between 167th Street and 168th Street,,Monument/Memorial,,,40.840389,NY
Staten Island,Staten Island,Working in the Same Direction,,,,,Sculpture,Fire and Emergency Station,,252.0,N,Béatrice,2003,N,,,6257,,Stainless Steel,"Public Servants, Firefighters, Emergency medical services, Fire Station",,2003,,Coron,7067,,1100 Rossville Avenue,,Artwork,,,40.554096,NY
New York,Manhattan,William Shakespeare,Robert Wood & Co. foundry,,Jacob,,Statue,Central Park,,1.0,N,John,1872,N,,(On rear of base) ERECTED BY/CITIZENS OF NEW YORK / APRIL 23 1864 / THE THREE HUNDREDTH ANNIVERSARY / OF THE BIRTH OF / SHAKESPEARE,4983,,"Bronze, granite","Actor, British, Playwright, Theater, Author",Wray,1870,,Ward,1111,,Literary Mall,,Monument/Memorial,,,40.769815,NY
Bronx,Bronx,Adoption of the Constitution,,,,,Plaque,Van Cortlandt Park,,150.0,Y,,1937,N,,"TO COMMEMORATE / THE ADOPTION OF THE CONSTITUTION / OF THE UNITED STATES OF AMERICA / SEPT. 17, 1787 / THIS TREE WAS PLANTED ON THE / 150TH ANNIVERSARY / BY THE NATIONAL SOCIETY OF / COLONIAL DAMES / IN THE STATE OF NEW YORK / VAN CORTLANDT PARK - 1937",,,"Bronze, boulder","Constitution, Colonial, American Revolutionary War",,1937,,,5900,,Broadway and 259th Street,,Marker,,,"40.890985,",NY
Brooklyn,Brooklyn,Face to Face,,,,,Sculpture,New York City Police Department 73rd Precinct,,2.0,Y,Peter,1984,N,,,4263,,Stainless steel,Abstract,,1984,,Chinni,3497,,1470 East New York Avenue,,Artwork,,,40.670831,NY
Brooklyn,Brooklyn,Carroll Park Memorial,,,Gordon,,Stele,Carroll Park,,1.0,N,Eugene,1921,N,,"Side 1: THEY FACED THE PERILS / OF THE SEA AND THE / HIDDEN FOE / BENEATH THE / WAVES.

Side 2: THEY SOUGHT NO / GLORY BUT THEIR / COUNTRY'S GOOD / 

2 Honor Rolls entitled: DIED / IN THE / SERVICE OF / THEIR COUNTRY",989,,"Bronze, granite","World War I, War, Veterans",,1920,,Morahan,442,,Smith Street between Carroll and President Street,,Monument/Memorial,Soldiers and Sailors Monument,,40.681050,NY
Bronx,Bronx,Happy Land Memorial,,A. Ottavino Corp.,Steve,,Obelisk,Crotona Parkway Malls,,,Y,José,1995,N,,"IN MEMORY / OF THE / 87 MEN AND WOMEN / WHO LOST THEIR LIVES / IN THE / HAPPY LAND / SOCIAL CLUB FIRE / AT 1959 SOUTHERN BLVD. / WEST OF THIS SITE / ON MARCH 25, 1990 / DEDICATED 1995 / MAY THEY ALL BE HAPPY IN ETERNITY / ALTHOUGH WE CANNOT SEE THEM / FOREVER THEY WILL BE / A BEAUTIFUL PART OF OUR HEARTS' MEMORY / [87 NAMES]",2329,,Rose granite,,,1995,,Velasquez,,Dudley,"Southern Boulevard, East Tremont Avenue and Crotona Parkway",,Monument/Memorial,,Claire,40.842974,NY
Bronx,Bronx,Phillip Mazzei Flagstaff,,,,,"Flagstaff base, plaque",Mazzei Playground,,300.0,N,,1981,N,,"DEDICATED TO THE MEMORY OF / PHILIP MAZZEI / DIPLOMAT AND WRITER WHOSE WORDS / ""ALL MEN ARE CREATED EQUAL"" / WERE INTEGRATED INTO THE / DECLARATION OF INDEPENDENCE. / COLUMBUS ESCA ALLIANCE INC. / BRONX COUNTY / MAY 1981",,,"Steel, granite","Diplomat, Author, Italian, American Revolutionary War, Colonial, War",,1981,,,4444,,Mace Avenue and Williamsbridge Road,,Monument/Memorial,,,40.862485,NY
Flushing,Queens,Unisphere Tablets (4),,,,,Plaque,Flushing Meadows Corona Park,,1.0,N,,1964,N,,"UNISPHERE / DEDICATED TO MAN'S ASPIRATIONS TOWARD PEACE THROUGH MUTUAL UNDERSTANDING AND SYMBOLIZING HIS ACHIEVEMENTS IN AN EXPANDING UNIVERSE / BUILT AND PRESENTED BY / UNITED STATES STEEL CORPORATION / TO THE 1964-65 NEW YORK WORLD'S FAIR, APRIL 22, 1964 / MADE OF STAINLESS STEEL, THE UNISPHERE IS 140' HIGH, 120' IN DIAMETER AND WEIGHS 700,00 POUNDS",,,"Stainless steel, granite",1964-65 World's Fair,,1964,,,2018,,Unisphere,,Marker,,,40.746811,NY
Staten Island,Staten Island,Joseph H. Lyons Plaque,,,Aymar,,Plaque,Lyons Pool Recreation Center,,100.0,N,,1938,N,,"ERECTED / IN MEMORY OF / JOSEPH H. LYONS / BORN NOV. 13, 1891 --- DIED DEC. 12, 1934 / --- / A GALLANT SOLDIER / IN THE WORLD WAR / 1917-1918 / --- / A CIVIC MINDED CITIZEN / BELOVED BY ALL WHO KNEW HIM / PRO PATRIA /
DEDICATED BY / JAMES S. SLOSSON POST / AMERICAN LEGION / MAY 28, 1938 /",2133,,Bronze,"World War I, War",,1938,,,487,,6 Victory Boulevard,,Monument/Memorial,,,40.637658,NY
New York,Manhattan,Voice II,"Soapstone Studios, Brooklyn, NY","Soapstone Studios, Brooklyn, NY",,,Sculpture,West Harlem Piers,,92.0,N,Nari,2009,N,,,6482,,Stainless steel,"Abstract, African American, Black American, Black History, Mosaic",,2008,,Ward,2004,,Hudson River between 132nd Street and 133rd Street,,Artwork,,,40.819944,NY
New York,Manhattan,Victor Herbert,,,,,"Bust, pedestal",Central Park,,1.0,N,Edmond,1927,N,,VICTOR/HERBERT / 1859-1924,1398,,"Bronze, granite","Composer, Irish-American, Musician",,1927,,Quinn,1111,,"The Mall, opposite the bandstand",,Monument/Memorial,,,40.772692,NY
Bronx,Bronx,Beach and Sea Lion,,,Aymar,,Bas-relief roundel,Crotona Pool Bath House,,1.0,Y,Frederick,1936,N,,,177,,Stone,"Animals, WPA, Bathhouse",,1936,,Roth,2941,,173rd Street and Fulton Avenue,,Artwork,,,40.839942,NY
Bronx,Bronx,Joseph Rodman Drake,Tiffany Studio,,,,Monolith,Joseph Rodman Drake Park,,170.0,N,,1915,N,,"JOSEPH RODMAN DRAKE / 1795-1820 / GREEN BE THE TURF ABOVE THEE FRIEND OF / MY BETTER DAYS / NONE KNEW THEE BUT TO LOVE THEE / NORNAMED THEE BUT TO PRAISE / FITZ-GREENE HALLECK / ERECTED BY / THE BRONX SOCIETY OF ARTS AND SCIENCES / MAY 29, 1915",849,,"Bronze, marble","Author, Poet",,1915,,,2272,,Hunts Point Avenue and Oak Point Avenue,,Monument/Memorial,,,40.810255,NY
New York,Manhattan,Alexander von Humboldt,"Georg Howaldt & Sohn, Braunschweig",,,,"Bust, pedestal",Central Park,,1.0,N,Gustav,1869,N,,South side of bust:  GUST.BLAESER Fec. / Berlin 1869 North side of bust: GEORG HOWALDT & SOHN geg. / Braunschweig 1869 Bottom front of bust: ALEXANDER VON HUMBOLDT,"3911, 4354",,"Bronze, granite","Scientist, Explorer, Inventor",,1869,,Bläser,1111,,Central Park West and 77th Street,,Monument/Memorial,,,40.779486,NY
New York,Manhattan,John Purroy Mitchel Memorial Flagstaff (2),Tiffany Studios,,Raffaele,,Flagstaff base,New York Public Library,,1.0,N,,1912,N,,Flagstaff (north): TO COMMEMORATE / JOHN PURROY MITCHEL / MAYOR / 1913 - 1917; Flagstaff (south): IN HONOR OF / MAJOR JOHN PURROY MITCHEL / DIED IN SERVICE / 1918,"208, 2039",,Bronze,"Mayor, Politician, Veteran, War, World War I",,1912,,,1257,Menconi,476 5th Avenue,,Monument/Memorial,,Francesco,40.753355,NY
New York,Manhattan,Alexander Lyman Holley,,,Thomas,,Statue,Washington Square Park,,1.0,N,John,1890,N,,"HOLLEY /---/ BORN IN LAKEVILLE / CONN., JULY 20TH 1832 / DIED IN BROOKLYN, N.Y. / JANUARY 29TH, 1882 [---] IN HONOR OF / ALEXANDER LYMAN HOLLEY / FOREMOST AMONG THOSE / WHOSE GENIUS AND ENERGY / ESTABLISHED IN AMERICA / AND IMPROVED /THROUGHOUT THE WORLD / THE MANUFACTURE OF / BESSEMER STEEL / THIS MEMORIAL IS ERECTED / BY ENGINEERS / OF TWO HEMISPHERES",1425,,Bronze on limestone,"Inventor, Engineer",,1889,,Ward,549,,Fifth Avenue and Washington Place,,Monument/Memorial,Holley Memorial,,40.731133,NY
Rockaway Park,Queens,Flight 587 Memorial,,,,,Memorial wall,,,,N,Freddy,2006,N,,"Lintel: AFTERWARDS I WANT ONLY PEACE / -PEDRO MIR /

Main inscription:
ON NOVEMBER 12, 2001: AMERICAN AIRLINES FLIGHT 587 DEPARTED JFK INTERNATIONAL AIRPORT EN / ROUTE TO THE DOMINICAN REPUBLIC. AT 9:16 AM, SECONDS AFTER TAKE OFF, THE JET CRASHED INTO / THE COMMUNITY OF BELLE HARBOR KILLING ALL 260 PASSENGERS AND CREW AND FIVE BELLE HARBOR / RESIDENTS. PEOPLE FROM FRANCE, HAITI, ISRAEL, TAIWAN, THE UNITED KINGDOM, AND THE UNITED / STATES AND PUERTO RICO WERE ON THE FLIGHT YET THE MAJORITY WERE OF DOMINICAN DESCENT / TRAVELING TO THEIR HOMELAND OR RETURNING FROM VISITING FAMILY. THE PLANE STRUCK THE / GROUND AT THE INTERSECTION OF BEACH 131ST STREET AND NEWPORT AVENUE WHERE MEMBERS OF THE / FIRE AND POLICE DEPARTMENTS (MANY OF THEM OFF DUTY) AND NUMEROUS VOLUNTEERS RUSHED / TO THE SCENE. DESPITE THEIR HEROIC EFFORTS, THE CRASH OF FLIGHT 587 STANDS TO DATE AS THE / SECOND LARGEST AVIATION TRAGEDY IN U.S. HISTORY. ALL NEW YORKERS WERE DEVASTATED BY THIS / TERRIBLE EVENT, OCCURRING ONLY TWO MONTHS AND A DAY AFTER THE WORLD TRADE CENTER ATTACK. / THE COMMUNITIES OF WASHINGTON HEIGHTS AND BELLE HARBOR WERE UNIQUELY AFFECTED. MANY OF / THE PASSENGERS LIVED IN AND AROUND WASHINGTON HEIGHTS. BELLE HARBOR WAS HOME TO MANY / POLICE OFFICERS AND FIREFIGHTERS WHO LOST THEIR LIVES ON 9/11. THESE COMMUNITIES, TOGETHER / WITH THE FAMILIES OF THE VICTIMS AND THE CITY OF NEW YORK HAVE CREATED THIS MONUMENT TO / HONOR THOSE WHO PERISHED AND ENSURE THAT WE NEVER FORGET THOSE WE HAVE LOVED AND LOST. /

EL 12 DE NOVIEMBRE DEL 2001, EL VUELO 587 DE AMERICAN AIRLINES PARTIÓ DEL AEROPUERTO / INTERNACIONAL JFK CON DESTINO A LA REPÚBLICA DOMINICANA. A LAS 9:16 AM, EL AVIÓN SE ESTRELLÓ / EN LA COMUNIDAD DE BELLE HARBOR, DONDE PERECIERON LOS 260 PASAJEROS Y TRIPULACIÓN, Y / CINCO RESIDENTES LOCALES. PERSONAS DE FRANCIA, HAITÍ, ISRAEL, TAIWÁN, EL REINO UNIDO, Y LOS / ESTADOS UNIDOS Y PUERTO RICO SE ENCONTRABAN A BORDO. SIN EMBARGO, LA MAYORÍA ERAN DE / ORIGEN DOMINICANO Y VIAJABAN A SU TIERRA O REGRESABAN A ELLA LUEGO DE HABER VISITADO A / FAMILIARES. EL AVIÓN SE ESTRELLÓ EN LA INTERSECCIÓN DE LA CALLE BEACH 131 Y LA AVENIDA / NEWPORT, DONDE MIEMBROS DEL DEPARTAMENTO DE BOMBEROS Y DE LA POLICÍA (MUCHOS DE ELLOS / LIBRE DE SERVICIO), Y NUMEROSOS VOLUNTARIOS ACUDIERON AL LUGAR DEL ACCIDENTE. A PESAR DE / SU HEROICO ESFUERZO, LA CAÍDA DEL VUELO 587 ES HASTA HOY LA SEGUNDA MAYOR TRAGEDIA DE / AVIACIÓN EN LA HISTORIA DE LOS ESTADOS UNIDOS. TODOS LOS NEOYORQUINOS SE SINTIERON / DEVASTADOS ANTE ESTE TERRIBLE SUCESO OCURRIDO SÓLO DOS MESES Y UN DÍA DESPUÉS DEL ATAQUE / AL WORLD TRADE CENTER. LAS COMUNIDADES DE WASHINGTON HEIGHTS Y BELLE HARBOR FUERON LAS / MÁS AFECTADAS. MUCHOS DE LOS PASAJEROS VIVÍAN EN WASHINGTON HEIGHTS O SUS ALREDEDORES. / BELLE HARBOR ERA EL HOGAR DE MUCHOS AGENTES DE POLICÍA Y BOMBEROS QUE PERDIERON SUS / VIDAS EN EL 11 DE SEPTIEMBRE. ESTAS COMUNIDADES, JUNTO A LAS FAMILIAS DE LAS VÍCTIMAS Y LA / CIUDAD DE NUEVA YORK, HAN CREADO ESTE MONUMENTO PARA CONMEMORAR A AQUELLOS QUE / PERECIERON Y ASEGURAR QUE NUNCA OLVIDAREMOS A QUIENES HEMOS AMADO Y PERDIDO.",2530,,Vermilion granite,Flight 587,,2006,,Rodriguez,,,Beach 116th Street,,Monument/Memorial,,,40.578008,NY
East Elmhurst,Queens,Frank J. McManus,,,,,"Plaque, stele",,,200.0,N,,1975,N,,"A COMMUNITY REMEMBERS / FRANK J. MCMANUS / PFC - US ARMY / DIED IN ACTION / DAU TIENG VIETNAM / MAY 7, 1948 - SEPTEMBER 17, 1968",,,"Bronze, granite","Vietnam War, War",,1975,,,926,,81st Street and Ditmars Boulevard,,Monument/Memorial,,,40.768736,NY
New York,Manhattan,Private Passage,,,,,Sculpture,Clinton Cove at Hudson River Park,,,N,Malcolm,2005,N,,THE STATE OF NEW YORK,6296,,"stainless steel, security glass",Maritime,,2005,,Cochran,,,West 54th Street and Hudson River Greenway,,Artwork,,,40.770982,NY
New York,Manhattan,General José Artigas,"Vignali and Company, 3226 Joaquín Suárez, Montevideo, Uruguay",,Maria,,Statue,Spring Street Park,,,N,José Luis,1987,N,,"Black granite: GEN. JOSE ARTIGAS / 1764 - 1850 Pink granite: NATIONAL HERO OF URUGUAY / PROTECTOR DE LOS PUEBLOS LIBRES Pink granite, black: GIFT FROM THE PEOPLE OF URUGUAY / TO THE PEOPLE OF NEW YORK CITY / JOSE LUIS ZORRILLADE SAN MARTIN, SCULPTOR / MARIA CRISTINA CAOUIAS, ARCHITECT / DEDICATED SEPTEMBER 1997 On plaque: SPECIAL THANKS TO / MINISTERIO DE RELACIONES EXTERIORES DEL URUGUAY / CONSULADO GENERAL DEL URUGUAY - COMISION 25 DE AGOSTO / BANCO DE LA REPUBLICA ORIENTAL DEL URUGUAY - UTE / A N T E L - ABAL HNOS. S.A. - KRAFT SUCHARD URUGUAY S.A. / EMPRESAS PHILIP MORRIS EN URUGUAY / CITIBANK MONTIVIDEO - FUNDACION BANCO DE BOSTON / ALICO - BANCO SURINVEST S.A. - ESSO STANDARD OIL CO. URUGUAY S.A. / TEXACO URUGUAY S.A. - METZEN Y SENA S.A. - AMERICAN AIRLINES / J. CASTILLO FLYNN - ATTILION MARICHAL - W.Y.B. CALCAGNO - A.YM. CASTEX / C.S.C. Y D. URUGUAY OSSINING - L. Y M. CORTAZZO - A. Y F. GARET / C. GUENDJIAN - R. GUENDJIAN - J.Y R. MELKISSETIAN - J. Y J. MOREIRA / W. Y M. PASCALE - J. Y M. TUR - FUNDACIONPAEZ VILARO / ANCAP --- SEPT. 24, 1997",5025,,"Bronze, granite","Military, Politician, Independence, Latin American, Uruguay, South America, Latinx",Cristina,1987,,Zorilla de San Martin,,,Sixth Avenue and Dominick Street,,Monument/Memorial,,,40.724926,NY
New York,Manhattan,Tigers,,,Aymar,,Bas-relief,Central Park Zoo,,1.0,N,Frederick,1935,N,,Signed: F.G.R. ROTH,1859,,Indiana limestone,"Animals, WPA",,1935,,Roth,1111,,Central Park Zoo,,Artwork,,,40.767450,NY
New York,Manhattan,Tree of Hope III,,,,,Sculpture,Adam Clayton Powell Jr. Malls,,,N,Algernon,1972,N,,,4004,,Cor-ten steel,"Abstract, African American, Black American, Black History",,1972,,Miller,,,Adam Clayton Powell Boulevard and West 131 Street,,Artwork,,,40.812916,NY
Staten Island,Staten Island,Sundial,,,,,Sculpture,Port Richmond High School,,1.0,N,Robert,1994,N,,,,,"Painted steel, brass paving inserts","Abstract, sundial",,1994,,Adzema,1121,,85 St. Joseph's Avenue,,Artwork,,,40.634662,NY
New York,Manhattan,Time Sculpture,,,,,"Sculpture, clock",Dante Park,,1.0,N,Philip,1999,N,,"Front base: TIME SCULPTURE AT LINCOLN CENTER / BY PHILIP JOHNSON 1998 / GIFT OF YAFFE & GEDALIO GRINBERG
Clock faces (4): MOVADO",3470,,"Bronze, granite",Clock,,1998,,Johnson,1116,,Columbus Avenue and West 63rd Street,,Artwork,,,40.772093,NY
Astoria,Queens,Aristotle,,,Chris,,Statue,Athens Square Park,,1.0,N,George,2008,N,,"ARISTOTLE / A GIFT FROM THE PEOPLE OF / CHALKIDIKI, GREECE / TO THE PEOPLE OF / THE CITY OF NEW YORK / VASILIOS VASILAKIS / GOVERNOR OF CHALKIDIKI / MICHAEL R. BLOOMBERG / MAYOR OF NEW YORK / 2008",3809,,"Bronze, Cold Mountain Green granite","Philosopher, Greek",,2008,,Tsaras,594,,30th Avenue and 30th Street,,Artwork,,,40.767681,NY
Brooklyn,Brooklyn,Father Jerzy Popieluszko Monument,,,,,Sculpture,McCarren Park,,1.0,N,Stanislaw,1990,N,,"(PLAQUE 1)
CONQUER EVIL WITH GOOD / JOHN PAUL II / IN MEMORY OF / FATHER JERZY POPIELUSZKO / 1947 - 1984 / PRIEST, / DEFENDER OF HIS COUNTRY / AND NATIONAL SOLIDARITY, / MARTYR FOR THE TRUTH, / BY THE HANDS OF COMMUNISTS / IN POLAND ON 19 OCTOBER 1984. / POLISH AMERICAN CONGRESS / DOWNSTATE N.Y. DIVISION / 

(PLAQUE 2)
ZLO DOBREM ZWYCIEZAJ / JAN PAWEL II / KU PAMIECI / KS. JERZEGO POPIELUSZKI / 1947 - 1984 / KAPLANA / OBRONCY OJCZYZNY / BOHATERA PRAWDY / I NARODOWEJ SOLIDARNOSCI / ZAMORDOWANEGO OKRUTNIE PRZEZ KOMMUNISTOW. / W DN. 19 PAZDZIERNIKA 1984 R. / W HOLDZIE / KONGRES POLONII AMERYKANSKIEJ / NA DOLNA CZESC STANU NOWEGO YORKU /",580,,Granite,"Religious leader, Polish",,1990,,Lutostanski,2670,,Bedford and Nassau Avenue,,Monument/Memorial,,,40.723111,NY
Staten Island,Staten Island,Joseph Manna,"Hall Monuments, Staten Island",,,,Plaque,Joseph Manna Park,,,N,,1993,N,,"SEAMAN FIRST CLASS / (RADIOMAN) U.S. NAVY / JOSEPH MANNA / 18 YEARS OF AGE / WENT DOWN WITH THE / USS DUNCAN OFF THE / SOLOMON ISLANDS / OCTOBER 11, 1942 /",5554,,"Granite, natural boulder","World War II, War",,1993,,,,,Forest Avenue and Goethals Road North,,Monument/Memorial,,,40.625768,NY
New York,Manhattan,Samuel Finley Breese Morse,M.J. Power Bronze Founder NY,,,,Statue,Central Park,,1.0,N,Byron,1871,N,,MORSE,1336,,"Bronze, granite","Inventor, Artist, Painter",,1870,,Pickett,1111,,Fifth Avenue and East 72nd Street,,Monument/Memorial,,,40.772546,NY
Brooklyn,Brooklyn,Dover Patrol Monument,,,,,Obelisk,John Paul Jones Park,,1.0,N,,1931,N,,"(SIDE 1):
THIS MONUMENT / TO THE DOVER PATROL / ERECTED AS A TRIBUTE TO THE / COMRADSHIP AND SERVICE OF THE / AMERICAN NAVAL FORCES / IN EUROPE / DURING THE WORLD WAR. / MONUMENTS OF IDENTICAL DESIGN AT / DOVER ENGLAND--CAP BLANC NEZ FRANCE--NEW YORK, NY. / ERECTED FORM FUNDS PROVIDED BY PUBLIC SUBSCRIPTION / IN GREAT BRITAIN /

(SIDE 2)
TO THE GLORY OF GOD / AND IN EVERLASTING / REMEMBERANCE OF / THE DOVER PATROL / 1914-1919 / THEY DIED THAT WE MIGHT LIVE / MAY WE BE / WORTHY OF THEIR SACRIFICE /

(SIDE 3)
193",1679,,Granite,"United States Navy, World War I, War",,1931,,,6140,,Fort Hamilton Parkway and Shore Road,,Monument/Memorial,,,40.611429,NY
Queens Village,Queens,Queens Village-Bellerose Memorial,,,Harvey,,Stele,Queens Village Veterans Plaza,,25.0,N,,1949,N,,North side: 1941 --- 1945 / ERECTED BY THE CITIZENS OF QUEENS VILLAGE-BELLEROSE / IN HONOR AND MEMORY / TO THOSE WHO SERVED / IN WORLD WAR II / South side: THESE MEN DIED TO KEEP YOU LIVING WITHOUT FEAR / [162 names] / KOREA / 1950 - 1955 / [3 names] / VIETNAM / 1961 - 1975 / [19 names],2752,,"Barre granite, brick","World War II, War",,1949,,,10771,,Jamaica Avenue and Springfield Boulevard,,Monument/Memorial,,,40.717999,NY
New York,Manhattan,Major General Frederick D. Grant,,,Aymar,,"Flagstaff, plaque",Riverside Park,,100.0,N,,1939,N,,IN MEMORIAM / FRED'K D. GRANT / ELDEST SON OF U.S. GRANT / VICKSBURG 1863 -VIRGINIA 1864-5 / MAJOR GENERAL U.S.A. MINISTER TO AUSTRIA./ MAJOR GENERAL U.S.A. MINISTER TO AUSTRIA. MEMBER GRANT MONUMENT ASSOCIATION 1908-1912 /,,,"Granite, bronze","Politician, Military, Armed Forces, Public servant, Spanish-American War, War",,1939,,,1897,,Riverside Drive and West 122nd Street,,Monument/Memorial,,,40.81320638,NY
Staten Island,Staten Island,Reinhard E. Kaltenmeier,,,,,Plaque,Reinhard E. Kaltenmeier Playground,,28.0,Y,,1936,N,,IN MEMORY OF / REINHARD E. KALTENMEIER / ALDERMAN SHERIFF/ THIS PLAYGROUND IS DEDICATED / 1936 /,,,Bronze,"Politician, public servant, Board of Alderman, Sheriff",,1936,,,2848,,Virginia Avenue and Anderson Street,,Monument/Memorial,,,40.614861,NY
Brooklyn,Brooklyn,Emily Warren Roebling Memorial Tablet,,,,,Plaque,Brooklyn Bridge,,,N,,1953,N,,"THE BUILDERS OF THE BRIDGE / DEDICATED TO THE MEMORY OF / EMILY WARREN ROEBLING / 1843-1903 / WHOSE FAITH AND COURAGE HELPED HER STRICKEN HUSBAND / COL. WASHINGTON A. ROEBLING, C.E. / 1837-1926 / COMPLETE THE CONSTRUCTION OF THIS BRIDGE / FROM THE PLANS OF HIS FATHER / JOHN A. ROEBLING, C.E. / 1806-1869 / WHO GAVE HIS LIFE TO THE BRIDGE / ""BACK OF EVERY GREAT WORK WE CAN FIND / THE SELF-SACRIFICING DEVOTION OF A WOMAN"" / THIS TABLET ERECTED 1951 BY / THE BROOKLYN ENGINEERS CLUB / WITH FUNDS RAISED BY POPULAR SUBSCRIPTION",389,,Bronze,"Women, Brooklyn Bridge, woman",,1953,,,,,Brooklyn Bridge Promenade,,Monument/Memorial,,,40.704271,NY
Brooklyn,Brooklyn,Argonne-Marine Memorial Oval Marker,,,,,Plaque,Gerritsen Beach Park,,600.0,N,,1971,N,,"DEDICATED ON MAY 30, 1971 / BY THE ARGONNE MARINE PARK / POST NO. 107 OF THE V.F.W. / AND ITS LADIES AUXILIARY / TO THE MEN AND WOMEN / OF THIS COMMUNITY / WHO GAVE THEIR YESTERDAYS / TO INSURE OUR TOMORROWS. /",1516,,Granite,"War, Veterans",,1971,,,8590,,Burnett Street and Veterans Memorial Way,,Monument/Memorial,,,40.599482,NY
Bronx,Bronx,Unionport Memorial,Lavery Granite Co.,,,,"Stele, eternal light",Church Triangle,,80.0,N,John,1924,N,,THIS MONUMENT IS ERECTED / AS A TOKEN OF ESTEEM TO THE / MEN AND WOMEN OF UNIONPORT / WHO SO NOBLY RESPONDED TO / THEIR COUNTRY'S CALL IN THE / WORLD WAR OF / 1914-1918. / TO MAKE THE WORLD SAFE FOR / DEMOCRACY AND WHO THROUGH / GOD'S MERCY WERE SAFELY / RETURNED TO US / IT IS ESPECIALLY DEDICATED TO THE / MEMORY OF THOSE WHO GAVE / THEIR LIVES FOR THIS GREAT CAUSE. / WILLIAM A AGNEW / EDWARD BOERA / JOSEPH J. DALY / GEORGE P. ESSENWANGER / HARRY HOFFMEISTER / CHARLES C. JABURECK / WILLIAM LEMMON / CHARLES A. LINDBLOM / JOHN C. NEWMAN / WILLIAM S. REARDON / GEORGE J. SCHNEIDER / WALTER SOFFEL / THAT THEIR NAMES MAY LIVE / WITH THEIR VALOR.,1102,,"Granite, bronze","World War I, War",,1924,,Boyd,3818,,"Castle Hill Avenue, Watson Avenue, and Cross Bronx Expressway",,Monument/Memorial,,,40.829889,NY
Flushing,Queens,Column of Jerash,,,,,Column,Flushing Meadows Corona Park,,1.0,N,,1964,N,,"THIS COLUMN WAS PRESENTED TO/ THE NEW YORK WORLDS FAIR AND THE CITY OF NEW YORK BY/ HIS MAJESTY KING HUSSEIN / OF THE HASHEMITE KINGDOM OF JORDAN/ ON THE OCCASION / OF JORDAN'S PARTICIPATION IN THE FAIR./ THE COLUMN WAS RECEIVED BY THE HONORABLE ROBERT MOSES, PRESIDENT, / NEW YORK WORLD'S FAIR 1964-1965 CORPORATION./ THIS IS ONE OF MANY COLUMNS IN A TEMPLE ERECTED BY THE ROMANS/IN 120 A.D./ THAT STOOD IN THE ROMAN CITY OF JERASH, JORDAN./ THE COLUMNS ARE KNOWN AS THE WHISPERING COLUMNS OF JERASH.",,,Marble,"1964-65 World's Fair, antiquity",,120,,,2018,,United Nations Avenue South,,Monument/Memorial,Whispering Column of Jerash,,40.746509,NY
New York,Manhattan,Gus Stanley,,,,,Plaque,Highbridge Park,,1.0,N,,1953,N,,THE GUS STANLEY MEMORIAL / THESE TWO TREES PLANTED AND DEDICATED / BY THEIR FRIENDS AND NEIGHBORS / TO THE MEMORY OF / THE FOLLOWING MEN OF 180 STREET WHO GAVE THEIR LIVES IN WORLD WAR II / WOODWARD W. CRAWFORD MILTON G. STATHIS / COSTAS LEKANIDES ANDREW G. SUMAKIS / OLIVER LEON CHARLES WEINSTEIN / STEPHEN OLANCIN EDWARD S. SCHMELZER JR. / VITO A. SCARINGI JOHN WILLIAMS/,1322,,Bronze,"World War II, War",,1953,,,2106,,180th Street and Amsterdam Avenue,,Monument/Memorial,,,40.847373,NY
Brooklyn,Brooklyn,Mowgli Removes a Thorn from a Wolf's Paw,,,Aymar,,Bas-relief,Prospect Park Zoo,,1.0,N,William,1935,N,,,832,,Indiana limestone,"Children, Literary Character, WPA",,1935,,Diederich,1117,,450 Flatbush Avenue,,Artwork,Mowgli Pulls Thorns,,40.665811,NY
New York,Manhattan,Right Reverend Monsignor John P. Chidwick,,,,,Plaque,Central Park,,1.0,N,Charles,1935,N,,"IN MEMORY OF / RT. REV. MSGR. JOHN P. CHIDWICK / CHAPLAIN IN CHIEF / UNITED SPANISH WAR VETERANS / CHAPLAIN, UNITED STATES NAVY, / IN SERVICE ON THE / BATTLESHIP MAINE / AT THE TIME OF HER DESTRUCTION. / DEDICATED BY / THE UNITED SPANISH WAR VETERANS / SEPTEMBER 15, 1935",21,,Bronze,"Spanish American War, War, Veterans, Chaplain, Religious leader",,1935,,Keck,1111,,"Columbus Circle, 59th Street and 8th Avenue",,Monument/Memorial,,,40.768219,NY
New York,Manhattan,Governor Alfred E. Smith Flagstaff,,,,,Flagstaff base,Alfred E. Smith Playground,,160.0,N,Paul,1950,N,,GOVERNOR ALFRED EMANUEL SMITH GREAT AND GOOD FRIEND OF THE CHILDREN,2673,,"Bronze, granite","Politician, public servant, Governor, Irish, Catholic",,1946,,Manship,111,,Catherine Slip and Cherry Street,,Monument/Memorial,,,40.711057,NY
Staten Island,Staten Island,Irish Hunger Monument,Artists Memorial Monuments Inc.,,,,Plaque,Silver Lake Park,,100.0,N,,2002,N,,"“THE FORGOTTEN BURIAL GROUND” / 1849-1858 / HERE LIE THE UNMARKED GRAVES OF IRISH IMMIGRANTS / WHO FLED THE GREAT FAMINE IN SEARCH OF FREEDOM / THOSE WHO ARE BURIED HERE DIED FROM DISEASE, ALONE / AND ISOLATED, IN THE TOMPKINSVILLE QUARANTINE  BEFORE / EVER TASTING FREEDOM. THE 7,000 DEAD, MOST OF WHOM / HAD NO SURVIVORS WHO COULD AFFORD MARKERS / WERE BURIED ANONYMOUSLY / THEY WILL NOT BE FORGOTTEN / 2002",,,"Bronze, natural boulder","Immigration, Irish, Ireland, Great Famine, Irish Potato Famine",,2002,,,239,,"Forest Avenue, Victory Boulevard and Clove Road",,Marker,,,40.622096,NY
Glendale,Queens,Sergeant Edward R. Miller,,,,,"Plaque, stele",,,,Y,,1951,N,,"Stele (center): MILLER SQUARE / DEDICATED TO / SGT. EDWARD R. MILLER / COMPANY B, 26TH REGIMENT / FIRST INFANTRY DIVISION / KILLED IN ACTION / HUERTGEN FOREST, GERMANY / NOVEMBER 22, 1944 / ERECTED BY / SGT. EDW. R. MILLER POST NO. 7336 / VETERANS OF FOREIGN WARS OF U.S. / NOVEMBER 20, 1955

Stele (left): DEDICATED TO ALL / WHO SERVED AND DIED / IN WORLD WARS I AND II / DEDICATED BY / SGT. EDWARD R. MILLER POST #7336 / V.F.W. --- NOV. 11 1981 / AND LADIES AUXILIARY 

Stele (right): DEDICATED TO ALL / WHO SERVED AND DIED / IN KOREA AND VIETNAM / DEDICATED BY / SGT. EDWARD R. MILLER POST #7336 / V.F.W. --- NOV. 11 1981 / AND LADIES AUXILIARY",,,"Bronze, granite","World War I, World War II, Vietnam War, Korean War, War",,1951,,,,,Central Avenue and 73rd Place,,Monument/Memorial,,,40.705529,NY
New York,Manhattan,Gertie A. Gorman Memorial,,,,,Stele,Gorman Park,,48.0,N,C.,1929,N,,GORMAN MEMORIAL PARK / ESTABLISHED AND ENDOWED IN MEMORY OF/ GERTIE A. GORMAN / BY HER DAUGHTER / GERTIE EMILY GORMAN WEBB AND CHARLES WEBB / ACCEPTED BY THE CITY OF NEW YORK / MCMXXIX,1846,,Granite,"Woman, Philanthropist",,1929,,Weimer,2170,,West 189th Street & Wadsworth Terrace,,Monument/Memorial,,,40.855361,NY
New York,Manhattan,Father Demo Square Memorial Flagpole,,,Fernando,,Flagstaff base,Father Demo Square,,,N,,1946,N,,"DEDICATED BY THE ITALIAN AMERICAN / COMMUNITY AND THEIR FRIENDS TO / THE REVEREND ANTONIO DEMO, C.S. / PASTOR OF OUR LADY OF POMPEII / CHURCH FROM 1900 TO 1933 AND / BUILDER OF THE PRESENT CHURCH IN 1926",2588,,Granite,"Religious Leader, Italian",E.,1946,,,,,Sixth Avenue and Bleecker Street,,Monument/Memorial,,,40.730061,NY
Staten Island,Staten Island,The Passage: A Moving Memorial,,,,,Installation,Staten Island Courthouse,,21.0,Y,Mary,2012,N,,,6885,,"Stainless steel, tempered glass","Abstract, Immigration, Immigrants",,2012,,Miss,6,,26 Central Avenue,,Artwork,,,40.641635,NY
Bronx,Bronx,Achilles and Odysseus,,,,,Sculpture,Horizon Juvenile Center,,1.0,N,Tim,2001,N,K.O.S.,,5402,,"Bronze, marble, granite",Mythology,,2001,,Rollins,2276,,560 Brook Avenue,,Artwork,,,40.815477,NY
Bronx,Bronx,Fort Independence Park Tablet,Paul E. Cabaret Co.,,,,Plaque,Fort Independence Park,,25.0,N,,1916,N,,"FORT / INDEPENDENCE PARK / ""KING'S BRIDGE AND THE / HEIGHTS ADJACENT, OF THE / UTMOST IMPORTANCE TO THE / COMMUNICATION BETWEEN / NEW YORK AND THE MAIN / LAND, & TO THE SECURITY OF / THE HUDSON , WERE RECON- / NOITERED BY WASHINGTON / ON HORSE BACK ABOUT JUNE / 16, 1776. BY DIRECTION OF / THE COMMANDER IN CHIEF, / BREAST WORKS WERE THROWN / UP FOR DEFENCE OF THE / BRIDGE, AND AN ADVANCED / WORK (SUBSEQUENTLY CALL- / ED FORT INDEPENDENCE) / WAS BUILT BEYOND IT, ON / THE HILL NEAR THIS SPOT / COMMANDING SPYT DEN DEIVEL CREEK.""",884,,"Bronze, Somesound granite","American Revolutionary War, Colonial, War",,1916,,,3246,,Sedgwick Avenue and Giles Place,,Marker,,,40.881358,NY
Brooklyn,Brooklyn,Mowgli Learns the Law of the Jungle,,,Aymar,,Bas-relief,Prospect Park Zoo,,1.0,N,William,1935,N,,,832,,Indiana limestone,"Children, Literary Character, WPA",,1935,,Diederich,1117,,450 Flatbush Avenue,,Artwork,"The Bear, Baloo, Teaches Mowgli the Law of the Jungle",,40.665726,NY
Brooklyn,Brooklyn,Line of Defense,Talix foundry,,,,Plaque,Prospect Park,,1.0,N,,1987,N,,"LINE OF DEFENSE / AUGUST 27, 1776 / BATTLE OF LONG ISLAND / 175 FEET SOUTH ------ / SITE OF VALLEY GROVE HOUSE / -------150 FEET NORTH","5140, 1096, 1638",,Bronze,"American Revolutionary War, Colonial, War",,1987,,,1117,,Nellie's Lawn,,Marker,,,40.666780,NY
Brooklyn,Brooklyn,Red Hook Stadium Reliefs,,,Aymar,,Bas-relief,Red Hook Park,,1.0,N,,1939,N,,,2081,,Cast Stone,"Sports, athletics, WPA",,1939,,,582,,155 Bay Street,,Artwork,Red Hook Pool Reliefs,,40.672507,NY
Corona,Queens,Joseph J. Lynch and Ferdinand A. Socho Memorial,,,,,"Plaque, plinth",Flushing Meadows Corona Park,,1.0,N,A.,1964,N,,"THIS PLAQUE IS DEDICATED TO THE/ MEMORY OF DETECTIVES/ JOSEPH J. LYNCH AND FERDINAND A. SOCHA / BOMB AND FORGERY SQUAD / WHO WERE KILLED IN THE LINE OF DUTY / WHILE EXAMINING A TIME BOMB TAKEN FROM / THE BRITISH PAVILION OF THE WORLD'S FAIR / IN FLUSHING MEADOW PARK AT 4:45 PM ON / JULY 4, 1940.",,,Bronze,"1939-40 World's Fair, 1964-65 World's Fair, NYPD, Police",,1964,,Beretta,2018,,Avenue of the States,,Monument/Memorial,,,40.745694,NY
Flushing,Queens,Unisphere and Fountain,,,,,"Sculpture, Fountain",Flushing Meadows Corona Park,,1.0,N,Gilmore,1964,N,,,,,"Stainless steel cage, steel mesh, granite, lights",1964-65 World's Fair,,1964,,Clarke,2018,,Unisphere,,Monument/Memorial,,,40.746459,NY
New York,Manhattan,Waldo Hutchins Memorial,,,Eric,,"Exedra, sundial, memorial",Central Park,,1.0,N,Paul,1932,N,Corrado,"Inscription: ALTERI - VIVAS - OPORTET - SI - FIS- TIBI - VIVERI

WALDO HUTCHINS / MDCCCXXII - MDCCCXC / PRESIDENT OF THE BOARD / MDCCLXXXIX - MDCCCXC / A FOUNDER OF CENTRAL PARK / MDCCCLVII - MDCCLXVII / NE - DIR -VAT - VR - FUGA - TEMPORIUM MCMXXX",1626,Howard,"Granite, bronze","Sundial, Politician, Exedra",,1932,,Manship,1111,,72 Street and Fifth Avenue,,Monument/Memorial,,,40.772780,NY
Brooklyn,Brooklyn,Prospect Park War Memorial,,,Arthur,,"Statue, honor roll wall",Prospect Park,,1.0,N,Augustus,1921,N,,"Wall (left): MEN AND WOMEN OF BROOKLYN WHO DIED / IN THE WORLD WAR / MCMXIV - MCMXVIII
Wall (right):  [...] FOR LIBERTY / [...] PEACE / [...] COUNTRY
Plaques: 2,800 names 
Plaque (rear): PRESENTED BY / WILLIAM H. TODD / AND ACCEPTED FOR THE / CITY OF NEW YORK BY / MAYOR / JOHN F. HYLAN / AND / JOHN N. HARMAN / COMMISSIONER OF PARKS / A.D. MCMXX1",985,,"Bronze, Milford pink granite","World War I, War",D.,1921,,Lukeman,1117,,South of Flower Garden,,Monument/Memorial,Prospect Park Honor Roll,,40.657165,NY
New York,Manhattan,General José de San Martín,"Humberto Radaelli, Buenos Aires",,,,Statue,Central Park,,1.0,N,Louis-Joseph,1951,N,,"HOMENAJE AL BICENTENARIO DEL NACIMIENTO DEL LIBERADOR DE/ ARGENTINE, CHILE Y PERU. GENERAL DON JOSE DE SAN MARTIN / CUSULADO GENERAL ARGENTINO. / MISSION ARGENTINA ANTE NACIONES UNIDAS COMMUNIDAD ARGENTINA EN NUEVA YORK. / 25 DE FEBRERO DE 1978.",2733,,"Bronze, granite","Politician, Independence, Latin American, equestrian, Argentinia, South America, Central America, Spanish, Spain, Peru",,1950,,Daumas,1111,,Central Park South and Avenue of the Americas,,Monument/Memorial,,,40.766028,NY
New York,Manhattan,Triumph of the Human Spirit,,,,,Sculpture,Foley Square Park,,1.0,N,Lorenzo,2000,N,,"TRIUMPH OF THE HUMAN SPIRIT / LORENZO PACE (1943- / THIS SCULPTURE WAS COMMISSIONED / BY THE CITY OF NEW YORK / THROUGH THE PERCENT FOR ART PROGRAM / 2000 / RUDOLPH W. GIULIANI, MAYOR / SCHUYLER G. CHAPIN, COMMISSIONER OF CULTURAL AFFAIRS / HENRY J. STERN, COMMISSIONER OF PARKS & RECREATION /",2573,,Granite,"Abstract, African, Black History, Fountain, Slavery",,2000,,Pace,168,,Centre Street and Worth Street,,Artwork,,,40.714444,NY
New York,Manhattan,Highest Natural Point in Manhattan,,,Aymar,,"Tablet, natural boulder",Bennett Park,,189.0,Y,,1939,Y,,THE HIGHEST / NATURAL POINT / ON MANHATTAN / 265.05 FEET / ABOVE SEA LEVEL / USC & GS DATUM,2281,,"Granite, natural boulder","Landmark, geography",,1939,,,2179,,Fort Washington Avenue and 183rd Street,,Marker,,,40.852934,NY
New York,Manhattan,River That Flows Two Ways,,,,,Fence,Battery Park,,1.0,N,Wopo,2000,N,,,6070,,"Bronze, Cast Iron","Maritime, River",,2000,,Holup,3,,Admiral Dewey Promenade,,Artwork,,,40.702694,NY
Staten Island,Staten Island,Captain Roald Amundsen Plaque,,,,,Plaque,Amundsen Circle,,,N,,1933,N,,"ERECTED IN HONOR / OF / CAPTAIN ROALD AMUNDSEN /---/ DISCOVERER OF THE NORTHWEST / PASSAGE, JUNE 1903-AUGUST 26, / 1905 AND DISCOVERER OF THE / SOUTH POLE DEC. 14, 1911. HE / CROSSED THE NORTH POLE MAY / 12, 1926 IN THE AIRSHIP NORGE. / HE WAS BORN IN NORWAY JULY / 16, 1872 AND PERISHED IN THE / ARCTIC SEA JUNE 18, 1928, BOUND / ON A RESCUE MISSION. /---/ ERECTED 1933 BY / THE NORSEMEN GLEE CLUB OF STATEN ISLAND / AND / THE NORWEGIAN SINGING SOCIETY OF BROOKLYN, / DURING ADMINISTRATION OF / BOROUGH PRESIDENT JOHN A. LYNCH",2444,,"Bronze, natural boulder","Explorer, Norwegian, Maritime",,1933,,,,,Amboy Road and Clark Street,,Monument/Memorial,,,40.564654,NY
New York,Manhattan,Abingdon Square Doughboy,"Bureau Brothers, Philadelphia",,William,,Statue,Abingdon Square Park,,24.0,Y,Philip,1921,N,,ERECTED / BY POPULAR SUBSCRIPTION / IN HONOR / OF THE BRAVE MEN / WHO WENT FORTH / FROM THIS NEIGHBOR- / HOOD TO JOIN THE / ARMED FORCES OF / THE UNITED STATES DURING THE WORLD WAR,992,,"Bronze, Deer Isle granite","World War I, War, Soldier, Doughboy",A.,1921,,Martiny,624,,Hudson Street and 8th Avenue,,Monument/Memorial,Abingdon Square War Memorial; The Doughboy,,"40.737220,",NY
Astoria,Queens,Christopher Columbus,,,,,Statue,Columbus Square,,,N,Angelo,1941,N,,COLUMBUS / 1451-1506,2349,,"Bronze, cast stone","Explorer, Italian, Colonialism",,1941,,Racioppi,,,"Astoria Boulevard, Hoyt Avenue & 31st Street",,Monument/Memorial,,,40.770032,NY
Bayside,Queens,Bayside Civil War Boulder,"U.S. Bronze Sign Company, NY",,,,"Plaque, boulder",Captain William C. Dermody Square,,,N,,1935 (boulder); 1973 (plaque),N,,"Incised boulder:  ""FOR / A BETTER UNION / 1861-1865"" Plaque: ""CAPTAIN WILLIAM C. DERMODY / 1830-1864 / 67TH REGIMENT NEW YORK VOLUNTEERS / DIED IN ACTION AT SPOTSYLVANIA, VA. / DURING THE CIVIL WAR. / THIS PLOT, THEN A PART OF THE / JAMES O'DONNELL FARM, WAS SET ASIDE / IN 1866 BY MRS. JAMES O'DONNELL / AS A MEMORIAL TO HER BROTHER, / CAPTAIN DERMODY, AND NAMED / DERMODY SQUARE IN HIS HONOR. / THIS BOULDER WAS UNVEILED / DURING REDEDICATION IN 1935. / BAYSIDE HISTORICAL SOCIETY / 1973""",4044,,"Granite, bronze","American Civil War, War",,1935,,,,,216th Street and 48th Avenue,,Marker,,,40.755808,NY
