src_block,_2010source_eui_kbtu_ft,_2014_source_eui_kbtu_ft,building,LOT,BRGH_CD,ghg_emissions_intensity,bin,agency
1044.0,Not Available,86.5,Midtown Community Court,1900-01-21,1.0,2.5,1025397.0,DCAS
16.0,182.2,181.7,Battery Park City Branch,1920-07-29,1.0,4.8,1087518.0,NYPL
880.0,107.4,111.7,K088,1899-12-31,3.0,5.8,3331276.0,DOE
1983.0,124.2,141.1,Manhattanville Health Center,1900-01-02,1.0,5.7,1059720.0,DOHMH
4336.0,121.3,381,New York Botanical Garden Campus: Operations Multi-Purpose Building,1899-12-31,2.0,12.8,2115623.0,CIG
8188.0,110.9,103.5,K242,1899-12-31,3.0,4.6,3229773.0,DOE
24.0,56,131.5,44th Dr Garage - South Building,1900-01-06,4.0,5.2,4000025.0,DOT
4327.0,130.9,99.8,K857,1900-01-23,3.0,3.3,3097429.0,DOE
3024.0,113.6,108.1,"X885 within (X085, X885)",1900-01-20,2.0,4.7,2011054.0,DOE
1957.0,251.1,202.8,ASRC - Advanced Science Research Center,1899-12-31,1.0,5.5,1813294.0,CUNY-S
2605.0,344.9,399.5,Rikers Island RNDC Campus: Rikers Island RNDC Campus: RNDC Detention Facility,1900-02-08,2.0,15.7,2109479.0,DOC
1830.0,158.2,169.1,M088,1900-01-18,1.0,7,1055204.0,DOE
3652.0,93.1,94.3,"X093 within (X093, X893)",1899-12-31,2.0,4.2,2097341.0,DOE
5107.0,213.1,234.6,Queens Botanical Garden Campus: Administration Building,1900-07-18,4.0,8.2,4439683.0,CIG
2672.0,129.1,103.3,X198,1899-12-31,2.0,4.4,2004869.0,DOE
1188.0,222.1,128.5,"K241 within (K241, K840)",1899-12-31,3.0,6,3378160.0,DOE
3356.0,Not Available,258.9,X361,1900-02-04,2.0,8.8,2115241.0,DOE
154.0,222.4,216.5,City Planning Building,1900-01-22,1.0,7,1078613.0,DCAS
3949.0,215.3,120.2,"K290 within (K290, K948)",1900-01-17,3.0,4.6,3087821.0,DOE
1743.0,90,92.6,K033,1900-01-17,3.0,4.5,3048517.0,DOE
1183.0,187.3,168.6,Central Library and Learning Center,1900-01-01,3.0,5.1,3029665.0,BPL
3272.0,121.3,381,New York Botanical Garden Campus: Enid A. Haupt Conservatory,1899-12-31,2.0,12.8,2113012.0,CIG
872.0,220.9,170.1,"FIA, MICSA Social Services Office (Leased)",1900-01-12,1.0,5.6,1017821.0,HRA
6726.0,58.2,108.3,"Q163 within (Q163, Q968)",1900-03-10,4.0,4.4,4146042.0,DOE
4986.0,131.2,147.9,"X068 within (X068, X918)",1900-03-21,2.0,7.4,2067852.0,DOE
3782.0,93.9,149.5,Q087,1900-01-26,4.0,5.2,4091737.0,DOE
2897.0,102.3,90.2,X147,1900-01-04,2.0,3.7,2009400.0,DOE
3126.0,199,208.4,"Engine Co. 45 and Ladder Co. 58, Batt. 18",1900-01-11,2.0,7.2,2013192.0,FDNY
6613.0,98,102,"R455 within (R455, R456)",1899-12-31,5.0,5,5082634.0,DOE
10144.0,175.9,126.8,Q048,1900-02-10,4.0,5.7,4216099.0,DOE
5918.0,128.3,131.6,X141,1901-01-10,2.0,5.1,2085870.0,DOE
3114.0,181.5,170.9,X864,1900-02-20,2.0,4.5,2013047.0,DOE
8034.0,128.6,109.5,"K923 within (K276, K923)",1899-12-31,3.0,5.1,3225637.0,DOE
2350.0,174.9,209.3,Administration Bldg - G,1900-01-23,2.0,7.5,2001088.0,CUNY-C
2118.0,176.4,180.9,M004,1900-01-21,1.0,6.5,1062792.0,DOE
11673.0,94.9,98.3,"Q155 within (Q155, Q976)",1899-12-31,4.0,5.3,4252357.0,DOE
16127.0,153.5,153.9,Engine Co. 266,1899-12-31,4.0,5.6,4439014.0,FDNY
356.0,88,88.1,M188,1900-04-09,1.0,3.4,1004349.0,DOE
11049.0,90.3,106,"Q490 within (Q490, Q491)",1899-12-31,4.0,4.5,4238003.0,DOE
16112.0,121.7,112.6,Q183,1899-12-31,4.0,5.5,4303354.0,DOE
7894.0,105.6,117.2,R034,1899-12-31,5.0,6.5,5088090.0,DOE
2215.0,117.1,112,"X475 within (X475, X476, X960)",1900-03-20,2.0,5.4,1064532.0,DOE
1845.0,85.5,96,K258,1899-12-31,3.0,4.8,3053075.0,DOE
1894.0,248.9,160.4,Hazmat Citywide Field Operations,1900-02-06,3.0,5.7,3054607.0,DEP
10917.0,182.7,179.6,Charles R Drew Early Learning Center (Leased),1900-01-28,4.0,4.9,4233644.0,ACS
2759.0,80.7,52,K132,1899-12-31,3.0,2.7,3068728.0,DOE
2722.0,212.3,181.3,Hunt's Point Branch Library,1900-03-03,2.0,7.2,2005755.0,NYPL
1548.0,169.4,Not Available,K028 (closed),1900-01-18,3.0,0,3042090.0,DOE
10104.0,33.1,290.3,Academic Core,1900-02-11,4.0,9.2,4215630.0,CUNY-S
3189.0,16.2,13.8,Parking Garage,1900-01-08,2.0,0.4,2014125.0,DOT
3081.0,149.3,127.1,X057,1900-01-25,2.0,5.4,2012359.0,DOE
1060.0,202,192.6,Columbus Branch Library,1900-03-03,1.0,6.6,1026706.0,NYPL
8760.0,293.6,302.7,West Academic Cluster - Wing E,1900-02-28,3.0,10.2,3347724.0,CUNY-C
1423.0,84.2,97.1,Q227,1899-12-31,4.0,3.5,4034891.0,DOE
86.0,183.5,185.9,Midway Building,1920-07-14,3.0,5.2,3000176.0,CUNY-S
1111.0,2718.5,2170.2,Central Park Lasker Rink and Pool,1899-12-31,1.0,68,1083839.0,DPR
3696.0,65.2,67.4,R002,1900-04-09,5.0,3.2,5053571.0,DOE
2525.0,1101.8,654.9,Newtown Creek WPCP Campus: Skimmings Building,1899-12-31,3.0,18.3,3398215.0,DEP
3691.0,Not Available,316.6,Engine Co. 332 & Ladder Co. 175,1899-12-31,3.0,10.9,3083579.0,FDNY
3023.0,138.4,122.6,Bushwick Improvement Society Inc. (Leased),1900-01-31,3.0,3.2,3070819.0,ACS
4651.0,146.1,122.2,Williamsbridge NAACP Early EEC (Leased),1900-02-12,2.0,3.4,2057523.0,ACS
3343.0,268.5,381.1,Engine Co. 277 and Ladder Co. 112,1900-01-28,3.0,13,3076461.0,FDNY
2605.0,344.9,429,Rikers Island GMDC Campus: Rikers Island GMDC Campus: West Sprungs,1900-02-08,2.0,16.5,0.0,DOC
12261.0,94.8,121.3,Q400,1899-12-31,4.0,6.9,4265978.0,DOE
175.0,412.3,540.5,Brooklyn House of Detention #129,1899-12-31,3.0,20.5,3000605.0,DOC
1868.0,186.1,178.8,K853,1900-01-27,3.0,4.7,3323075.0,DOE
8760.0,293.6,302.3,Leon M. Goldstein Performing Arts Center,1900-02-28,3.0,10.2,3226937.0,CUNY-C
1235.0,183.1,241.9,K867,1900-02-05,3.0,6.4,3031296.0,DOE
3106.0,107.2,216.1,Moore Street Market (Leased),1900-01-19,3.0,7.3,3071521.0,EDC
2071.0,45.7,297,Engine Co. 80 and Ladder Co. 23,1900-01-26,1.0,10.9,1075504.0,FDNY
2215.0,92.5,94.7,M918,1902-04-10,1.0,3.2,1064704.0,DOE
3437.0,89.8,92.1,"Q081 within (Q081, Q917)",1899-12-31,4.0,3.7,4082076.0,DOE
1985.0,122,97.6,Q721,1899-12-31,4.0,3.4,4048820.0,DOE
1971.0,102.9,112.4,M161,1899-12-31,1.0,5.4,1059645.0,DOE
8760.0,293.6,302.3,Robert J. Kibbee Library and Media Center,1900-02-28,3.0,10.2,3348024.0,CUNY-C
2803.0,Not Available,193.9,Q585,1899-12-31,4.0,5.9,4062864.0,DOE
2578.0,105.6,98.8,X155,1900-01-26,2.0,5.6,2003910.0,DOE
311.0,231.7,254.9,Seward Park Branch Library,1900-01-30,1.0,8.4,1004053.0,NYPL
794.0,93.9,84.6,Q084,1900-01-16,4.0,3.3,4015334.0,DOE
3583.0,93.5,66.8,Fannie Barnes (Urban Transitional Housing),1900-01-05,3.0,3.1,3082035.0,DHS
319.0,954.8,1222.7,Staten Island CO,1899-12-31,5.0,32.3,5112427.0,FDNY
545.0,112.4,106.9,R014,1900-04-19,5.0,4.1,5014176.0,DOE
3356.0,98,102.9,X094,1900-02-04,2.0,4.2,2018628.0,DOE
2634.0,158.4,135.8,"X400 within (X400, X961)",1899-12-31,2.0,5.3,2004526.0,DOE
6927.0,97,122.7,"Q723 within (Q173, Q723)",1900-01-21,4.0,7,4149690.0,DOE
1600.0,210.6,236.9,Q744,1900-03-01,4.0,7.3,4437166.0,DOE
3491.0,245.2,325,Ridgewood Community Library,1899-12-31,4.0,10.9,4083512.0,QPL
10944.0,84.4,97.7,Q192,1900-10-27,4.0,4.3,4234318.0,DOE
5774.0,87.9,103.1,K176,1899-12-31,3.0,4.5,3143190.0,DOE
397.0,72.1,82.8,K804,1900-01-10,3.0,3.1,3006356.0,DOE
1111.0,282.6,303.8,CPC 79th St Maintenance Yard,1899-12-31,1.0,9.4,1083837.0,DPR
2306.0,226.6,101.9,"Engine Co. 60 and Ladder Co. 17, Batt. 14",1900-02-20,2.0,3.1,2000656.0,FDNY
1229.0,120.6,97.8,K289,1900-01-27,3.0,5.1,3031050.0,DOE
215.0,146.6,171.2,R-2 Water and Sewer Maintenance Yard,1900-02-14,5.0,6,5106681.0,DEP
1607.0,124.3,82.4,"Q819 within (Q019, Q914, Q819)",1899-12-31,4.0,3,4437176.0,DOE
2139.0,82.3,139.1,J Hood Wright Park Recreation Center,1901-02-07,1.0,4.8,1063445.0,DPR
1747.0,Not Available,338.5,Henry J. Carter Hospital,1900-02-03,1.0,10.9,1077376.0,HHC
1640.0,168.4,134.5,M057,1900-05-18,1.0,4.9,1083184.0,DOE
3242.0,95.5,100.2,K865,1899-12-31,3.0,4.2,3073761.0,DOE
4461.0,177.3,175.7,701 Euclid Ave Office,1899-12-31,3.0,5.5,3098536.0,HPD
2692.0,125.4,118.1,X099,1900-01-13,2.0,5.2,2005276.0,DOE
634.0,269.1,204.6,Q798,1900-02-04,4.0,6.5,4009499.0,DOE
3802.0,98.6,93.9,K174,1900-01-14,3.0,4.2,3084617.0,DOE
4278.0,117.9,125.5,K218,1899-12-31,3.0,5.1,3095977.0,DOE
2172.0,107,110.1,M218,1900-01-15,1.0,5.1,1076756.0,DOE
2388.0,234.7,259.2,"Engine Co. 50 and Ladder Co. 19, Batt. 26",1900-02-13,2.0,8.9,2001584.0,FDNY
11151.0,122.8,126.7,"Q034 within (Q034, Q834)",1900-03-21,4.0,5.2,4240503.0,DOE
12973.0,165.4,173.6,Q270,1899-12-31,4.0,6,4529511.0,DOE
8712.0,148.4,140.3,K225,1900-02-24,3.0,6.2,3245498.0,DOE
2347.0,246.8,232.4,Queens Borough Repair Shop,1900-02-23,4.0,7.7,4054170.0,DSNY
6769.0,61.4,105.5,K197,1900-01-17,3.0,4.8,3182169.0,DOE
3222.0,95.3,123.2,Havemeyer Lab,1900-03-02,2.0,3.3,2100256.0,CUNY-C
7677.0,82.8,78.5,Q213,1899-12-31,4.0,4.1,4163698.0,DOE
7281.0,115.3,129.1,K100,1899-12-31,3.0,7.6,3196595.0,DOE
21.0,Not Available,209.2,Q312,1900-01-29,4.0,7,4542629.0,DOE
1101.0,149.7,118.8,K107,1899-12-31,3.0,4.3,3026517.0,DOE
4916.0,152.2,152.7,"X937 within (X111, X937)",1899-12-31,2.0,7.2,2065992.0,DOE
4074.0,119.9,125.9,DOT Bronx Borough Commissioners Office,1899-12-31,2.0,4.3,2044091.0,DOT
1653.0,242.9,223.7,R861,1899-12-31,5.0,6.7,5032481.0,DOE
2802.0,126.1,124.4,Q058,1900-04-03,4.0,4.2,4062861.0,DOE
2040.0,313.9,418.5,English / Modern Languages,1899-12-31,5.0,11.1,5107303.0,CUNY-S
5653.0,115.8,146.4,"K160 within (K160, K521)",1900-01-20,3.0,5,3138276.0,DOE
7006.0,101.4,128.5,K188,1899-12-31,3.0,6.8,3188726.0,DOE
3222.0,95.3,122.6,Meister Hall,1901-09-11,2.0,3.3,2104900.0,CUNY-C
2306.0,97.4,122.2,X149,1900-02-22,2.0,5.9,2097038.0,DOE
1933.0,219.3,235.1,Precinct,1900-04-30,3.0,9.2,3055379.0,NYPD
8760.0,293.6,302.2,Arts and Sciences Center,1900-02-28,3.0,10.2,3326934.0,CUNY-C
9799.0,227.4,241.1,Precinct,1900-01-26,4.0,8.5,4525758.0,NYPD
2032.0,193.6,208.5,Lutheran Social Service of NY #13 (Leased),1900-01-16,1.0,5.5,1060503.0,ACS
15819.0,107.7,194,Q907,1900-05-27,4.0,9.8,4531136.0,DOE
2932.0,87.1,80.6,X110,1899-12-31,2.0,4.2,2009718.0,DOE
3270.0,128.4,133.7,Q101,1899-12-31,4.0,5.8,4078312.0,DOE
2126.0,103.8,95.8,Q157,1900-01-13,4.0,3.7,4442846.0,DOE
2847.0,155.3,145.7,X170,1900-02-09,2.0,4.6,2103870.0,DOE
2918.0,284.2,293.2,Tremont Branch Library,1899-12-31,2.0,10.4,2009573.0,NYPL
534.0,113.2,125.4,R722,1900-03-15,5.0,5.5,5013955.0,DOE
2344.0,2464.3,522.1,Building Maintenance/Quartermaster,1900-01-29,4.0,20,4054168.0,NYPD
3434.0,48.8,71.4,Q848,1899-12-31,4.0,3.2,4081987.0,DOE
2945.0,263.1,235.8,Tremont Health Center,1900-01-17,2.0,8,2009891.0,DOHMH
3089.0,204,207.7,Belmont Community Day Care Center (Leased),1900-01-23,2.0,5.5,2012517.0,ACS
8018.0,78.3,77.3,K068,1899-12-31,3.0,4,3224947.0,DOE
950.0,97.1,96,K282,1900-01-23,3.0,5,3019597.0,DOE
1008.0,142.6,180.5,New York City Center Campus: New York City Center,1900-01-14,1.0,6.6,1023391.0,CIG
9774.0,78.1,92.8,"Q505 within (Q505, Q086, Q506)",1899-12-31,4.0,4.5,4448767.0,DOE
211.0,84.7,149.6,K008,1899-12-31,3.0,5.1,3001540.0,DOE
696.0,93.3,92.1,"K231 within (K371, K231)",1900-01-30,3.0,4.9,3337060.0,DOE
4346.0,131.9,199.4,Queens 7/11 Garage and Boro Office,1900-03-15,4.0,8.6,4802407.0,DSNY
2696.0,106.9,164.5,Lutheran Social Services of NY (Leased),1900-01-29,2.0,4.3,2005346.0,ACS
2138.0,615.7,468.1,Washington Heights Health Center,1900-01-23,1.0,20.2,1063379.0,DOHMH
3247.0,60.7,107.8,"X868 within (X086, X868)",1900-03-10,2.0,4.6,2100971.0,DOE
6858.0,363.6,403.6,Queens Hospital Center Campus: Center,1899-12-31,4.0,15.3,4442433.0,HHC
1120.0,293.2,218.6,William E. Macaulay Honors College,1900-01-08,1.0,7.1,1028237.0,CUNY-S
1396.0,240.3,262.7,Eastern Parkway Branch Library and Learning Center,1900-01-05,3.0,8.6,3037543.0,BPL
2605.0,344.9,359.2,Rikers Island AMKC Campus: Rikers Island AMKC Campus: AMKC Detention Facility,1900-02-08,2.0,14.6,2109476.0,DOC
12820.0,112.1,122.9,"Q176 within (Q176, Q992)",1899-12-31,4.0,6,4276382.0,DOE
1876.0,168.4,194.1,Regent Hotel Shelter,1900-01-19,1.0,8.6,1056586.0,DHS
11714.0,139,118,"Q226 within (Q226, Q923)",1900-04-09,4.0,4.7,4253607.0,DOE
644.0,174.5,483.9,Museum of the Moving Image,1899-12-31,4.0,16.6,4441089.0,CIG
76.0,166.8,143.1,Snug Harbor Campus: Bldg G/Newhouse Gallery,1900-07-18,5.0,5.1,5000000.0,CIG
3247.0,106.5,174.3,Old Gymnasium Building,1899-12-31,2.0,4.6,2097314.0,CUNY-S
2567.0,82,162.9,Jackson Family Residence,1900-01-12,2.0,6.2,2003811.0,DHS
9321.0,151.5,139,"Q944 within (Q475, Q944)",1899-12-31,4.0,7.2,4195688.0,DOE
941.0,141.1,149.3,K902,1900-02-18,3.0,5.6,3259250.0,DOE
5641.0,170.3,149.5,"X175 within (X175, X906)",1900-10-06,2.0,6.5,2082444.0,DOE
0.0,Not Available,55.9,Port Jervis WWTP,1899-12-30,6.0,2.7,0.0,DEP
295.0,246.9,211.8,FDNY Fleet Services (Leased),1900-02-13,4.0,8.8,4307187.0,FDNY
4353.0,94.4,104.8,K166,1900-02-18,3.0,5.4,3097675.0,DOE
497.0,256.1,263.8,"MICSA,APS Offices(Leased)",1899-12-31,5.0,8.8,5013236.0,HRA
2605.0,344.9,391.5,Rikers Island Powerhouse,1900-02-08,2.0,15.5,2116652.0,DOC
4791.0,178,165.1,Crown Heights Branch Library (Leased),1900-02-14,3.0,5.1,3106505.0,BPL
3137.0,123.2,108,K120,1900-01-25,3.0,4,3071806.0,DOE
5900.0,16.2,268.5,SI 3 District Garage; RBS,1901-05-14,5.0,7.6,5000000.0,DSNY
4126.0,114,130.3,K065,1900-02-15,3.0,4.7,3092063.0,DOE
2944.0,156.7,192.2,BWS Storehouse (GS1),1900-01-10,3.0,8.4,3070524.0,DEP
5850.0,210.1,198.4,"K977 within (K485, K977)",1900-01-29,3.0,7.5,3144482.0,DOE
3976.0,111,100,"Q129 within (Q129, Q924)",1899-12-31,4.0,3.8,4096774.0,DOE
308.0,60.6,70.1,R027,1899-12-31,5.0,4,5008403.0,DOE
1160.0,148.5,138.9,K813,1899-12-31,3.0,6.8,3028862.0,DOE
9540.0,99.3,117.7,"Q480 within (Q480, Q481, Q726)",1900-01-01,4.0,6.2,4202849.0,DOE
2763.0,92,136.6,X074,1900-10-05,2.0,5.8,2006566.0,DOE
4382.0,Not Available,133.1,College Point Tow Pound,1899-12-31,4.0,4.8,4000000.0,NYPD
2793.0,120.6,113.2,"X070 within (X070, X870)",1900-01-27,2.0,5.2,2007387.0,DOE
374.0,169.3,143.9,M015,1900-01-19,1.0,9.6,1004415.0,DOE
3544.0,100,119.1,K284,1900-05-14,3.0,5,3081460.0,DOE
1700.0,105.4,113.7,M146,1899-12-31,1.0,5.5,1052999.0,DOE
3098.0,190.3,148.3,Bushwick Branch Library,1900-01-18,3.0,5.3,3071470.0,BPL
4244.0,91,93.5,"R440 within (R440, R441)",1899-12-31,5.0,3.8,5107621.0,DOE
3227.0,131,118.1,Bushwick United Housing Development Fund Corp (Leased),1900-01-09,3.0,3.1,3073394.0,ACS
4140.0,337.6,257,Cypress Hills Senior Center (Leased),1900-01-12,3.0,6.8,3092631.0,DFTA
10021.0,146.3,149.7,Clifford Glover Day Care Center Inc. (Leased),1899-12-31,4.0,4,4214446.0,ACS
4077.0,69.2,154.8,Rose McCarthy Family Residence Campus: Rose McCarthy Family Residence,1900-01-27,3.0,6.5,3090430.0,DHS
1962.0,82.5,100.3,K011,1900-01-09,3.0,4.9,3332865.0,DOE
6065.0,237,186.9,K989,1900-02-11,3.0,6.6,3154215.0,DOE
8760.0,293.6,302.6,Health and Physical Education Center,1900-02-28,3.0,10.2,3347725.0,CUNY-C
5598.0,123.8,136.8,Borough Park Branch Library,1900-02-16,3.0,4.8,3135907.0,BPL
6507.0,29,145.2,Q515,1900-07-18,4.0,4.8,4538714.0,DOE
2269.0,268.2,279.4,Segundo Ruiz Belvis Diagnostic and Treatment Center,1900-01-20,2.0,10,2090354.0,HHC
1787.0,95.5,97.6,K025,1900-01-13,3.0,4.3,3049858.0,DOE
280.0,243.4,205.1,Chatham Square Branch Library,1900-02-12,1.0,6.6,1003425.0,NYPL
8276.0,70.5,86.2,Q221,1901-09-11,4.0,4.7,4171759.0,DOE
1331.0,172.2,155.5,Mosdoth Day Care Center (Leased),1900-01-08,3.0,4.2,3035444.0,ACS
8760.0,293.6,302.1,West Academic Cluster - Wing F,1900-02-28,3.0,10.2,3347724.0,CUNY-C
3834.0,157,173.8,X194,1900-03-10,2.0,6.2,2103494.0,DOE
3120.0,654.4,713.9,"Bronx Zoo Campus: Shelter Bldg (Elephant, Rhino, Tiger)",1900-01-19,2.0,36,2123911.0,CIG
7774.0,103.1,93.7,Q188,1900-06-13,4.0,3.8,4164350.0,DOE
6180.0,95.9,136.4,"K112 within (K112, K961)",1899-12-31,3.0,5.5,3157760.0,DOE
2454.0,68.3,70.3,Williamsburg Bridge Lighting and Shop,1899-12-31,3.0,2.5,3335964.0,DOT
3007.0,98.3,91.3,X084,1900-01-07,2.0,4.1,2010910.0,DOE
4336.0,121.3,381,New York Botanical Garden Campus: Operations Garage/Storage Building,1899-12-31,2.0,12.8,2115623.0,CIG
4812.0,337.1,296.6,Chief Medical Examiner,1899-12-31,3.0,7.8,3831514.0,OCME
926.0,78.2,75,M104,1899-12-31,1.0,2.9,1081671.0,DOE
1472.0,222.3,193.2,East New York Avenue SRO (Single Room Occupancy) Residence,1899-12-31,3.0,6.8,3319475.0,DHS
1595.0,53.1,102.3,"M208 within (M185, M208)",1900-01-14,1.0,5,1051410.0,DOE
2907.0,265.1,264.1,Precinct,1900-01-09,2.0,8.9,2009509.0,NYPD
9327.0,163.9,111.5,Q051,1900-01-25,4.0,4.4,4449704.0,DOE
1218.0,148.3,127.5,R044,1899-12-31,5.0,4.9,5027641.0,DOE
5107.0,213.1,234.6,Queens Botanical Garden Campus: Greenhouse / Maintenance Building,1900-07-18,4.0,8.2,4439682.0,CIG
6858.0,Not Available,271.6,Q695,1899-12-31,4.0,8.5,4442432.0,DOE
11942.0,112.4,123.7,"Q160 within (Q160, Q958)",1900-10-28,4.0,6.3,4258143.0,DOE
1689.0,105.9,107.2,M155,1900-01-04,1.0,6,1052986.0,DOE
1233.0,106,121.2,K138,1900-01-25,3.0,5.5,3330794.0,DOE
2605.0,344.9,391.3,Rikers Island Transportation Garage,1900-02-08,2.0,15.5,0.0,DOC
111.0,80.9,77.5,K287,1899-12-31,3.0,4,3000203.0,DOE
1957.0,251.1,202.9,Mott Hall - D. O. E.,1899-12-31,1.0,5.5,1084067.0,CUNY-S
3718.0,85.6,90.3,X123,1899-12-31,2.0,5.1,2087014.0,DOE
7084.0,115.5,115.3,K228,1899-12-31,3.0,4.7,3190273.0,DOE
6517.0,229,223.2,Paul Klapper Hall,1899-12-31,4.0,7.5,4439911.0,CUNY-S
2873.0,101.1,95.8,X104,1900-01-26,2.0,3.9,2088263.0,DOE
139.0,419.9,248.4,Brooklyn Borough Hall,1899-12-31,3.0,7.7,3000256.0,DCAS
1925.0,106,106,M081,1900-01-18,1.0,5.7,1058447.0,DOE
2683.0,140.2,130.2,X062,1900-03-05,2.0,7.5,2005089.0,DOE
2091.0,99.4,122.9,K020,1900-01-02,3.0,7.1,3058531.0,DOE
6038.0,94.6,99.3,Q159,1900-01-12,4.0,4.4,4134525.0,DOE
2670.0,132.3,125.2,K610,1899-12-31,3.0,5,3066698.0,DOE
3520.0,119,102.7,"K396 within (K327, K396)",1900-01-07,3.0,5.2,3081032.0,DOE
9756.0,220.1,248.1,Jamaica Health Center Main,1900-01-05,4.0,9.1,4208836.0,DOHMH
1722.0,217.6,228.8,Harlem Branch Library,1900-01-29,1.0,7.9,1053460.0,NYPL
2861.0,160.7,123.2,Babove Worldwide Institute Inc.,1900-05-08,2.0,4.3,2109470.0,ACS
3272.0,121.3,381,New York Botanical Garden Campus: Garden Cafe & Terrace Room,1899-12-31,2.0,12.8,2113012.0,CIG
142.0,251.9,408.2,Chambers St. Bldg (Main Campus),1900-02-18,1.0,15.4,1066406.0,CUNY-C
4015.0,104.2,94.1,K158,1899-12-31,3.0,4.1,3089176.0,DOE
2284.0,114.5,110.3,"Q125 within (Q125, Q825, Q947)",1900-01-05,4.0,4.1,4052874.0,DOE
6640.0,107.5,109.5,K238,1900-01-12,3.0,4.5,3176229.0,DOE
2913.0,213.4,207.8,X970,1899-12-31,2.0,6.1,2009555.0,DOE
1482.0,267.9,250.2,K987,1899-12-31,3.0,8.6,3039676.0,DOE
4493.0,100.7,97.6,X144,1899-12-31,2.0,5.2,2053518.0,DOE
7065.0,161.2,154.4,YWCA of the City of New York (Leased),1899-12-31,3.0,4.9,3189617.0,ACS
7870.0,142.1,127.5,Q566,1900-03-12,4.0,4.2,4529899.0,DOE
4051.0,330.7,401.7,Precinct,1900-01-15,3.0,13.9,3089813.0,NYPD
1183.0,227.8,362.3,Brooklyn Botanical Garden Campus: Brooklyn Botanical Garden Palm House,1899-12-31,3.0,13.4,3337842.0,CIG
2572.0,276,166,Transitional Housing Office,1900-01-05,2.0,6.3,2091301.0,DHS
8698.0,832.8,580.2,New York Aquarium Campus: Sea Cliffs,1899-12-31,3.0,17.5,3115623.0,CIG
2902.0,138.8,134.6,X055,1899-12-31,2.0,5.5,2009463.0,DOE
489.0,94.9,109.9,DOT Sign Shop,1900-02-16,5.0,4.9,5013187.0,DOT
742.0,118.2,122.7,M440,1900-01-06,1.0,4.9,1013096.0,DOE
2040.0,313.9,209.2,Education Building,1899-12-31,5.0,5.5,5107304.0,CUNY-S
3498.0,152.8,182.9,Crossroads Juvenile Center,1900-01-07,3.0,6,3378202.0,ACS
3325.0,312,423.5,Precinct,1900-01-04,2.0,17.4,2017718.0,NYPD
2527.0,Not Available,284.5,X285,1900-02-26,2.0,9.3,2117349.0,DOE
2284.0,98.2,98.1,X040,1900-02-02,2.0,4.1,2000308.0,DOE
7490.0,303.5,310.1,Cafeteria / Student Union Building,1900-01-01,4.0,11.5,4862627.0,CUNY-C
2084.0,225.7,264.5,M093,1900-01-28,1.0,7.8,1087824.0,DOE
4648.0,119.7,121.5,K219,1899-12-31,3.0,5.5,3101168.0,DOE
9768.0,116.7,111.4,"Q595 within (Q595, Q969)",1900-01-21,4.0,3.9,4209031.0,DOE
4876.0,243.9,218.2,Precinct,1899-12-31,2.0,7.5,2065163.0,NYPD
15693.0,109.8,133,Q104,1899-12-31,4.0,7.7,4442313.0,DOE
6517.0,229,223.3,School of Music,1899-12-31,4.0,7.5,4467563.0,CUNY-S
998.0,91.1,74,K763,1899-12-31,3.0,4,3012840.0,DOE
3222.0,95.3,122.7,Community Hall,1900-03-02,2.0,3.3,2100240.0,CUNY-C
2885.0,Not Available,123.2,Barbara Kleinman Residence Campus: Barbara Kleinman Residence,1899-12-31,3.0,3.8,3338306.0,DHS
1117.0,579.7,574,Prospect Park Zoo,1899-12-31,3.0,15.3,3339261.0,DPR
1726.0,184.1,171.5,Episcopal Social Services of NY (Leased),1900-01-04,4.0,4.5,4042862.0,ACS
962.0,471.8,430.3,Bellevue Hospital Center Campus: Center,1900-04-09,1.0,16.4,1086515.0,HHC
2613.0,204.8,126,B-9 Yard (Leased),1899-12-31,3.0,4.8,3065473.0,DEP
1065.0,164.9,138.3,M834,1899-12-31,1.0,4.6,1026841.0,DOE
1472.0,211.4,207.6,Webster Branch Library,1900-01-27,1.0,7.5,1045991.0,NYPL
128.0,183.5,220.8,Pearl Bldg,1899-12-31,3.0,7,3335890.0,CUNY-S
5336.0,117.4,126.1,R055,1899-12-31,5.0,6.8,5069075.0,DOE
386.0,119.8,115.6,Catholic Charities Neighborhood Services Inc. (Leased),1900-01-06,4.0,3.8,4004679.0,ACS
1592.0,285.5,298.5,Precinct,1900-03-12,4.0,10.1,4445296.0,NYPD
12104.0,91.9,92.8,Q045,1899-12-31,4.0,4.1,4262725.0,DOE
16212.0,194.3,200.1,Engine Co. 268 and Ladder Co. 137,1900-01-16,4.0,7.5,4304442.0,FDNY
307.0,223.1,360.5,"Engine Co. 259 and Ladder Co. 128, Batt. 45",1900-01-28,4.0,11.7,4003673.0,FDNY
7490.0,303.5,306.2,W Building,1900-01-01,4.0,11.4,4458074.0,CUNY-C
4916.0,152.2,152.7,"X111 within (X111, X937)",1899-12-31,2.0,7.2,2065992.0,DOE
2655.0,109.2,91.7,X184,1900-01-29,2.0,3.7,2004690.0,DOE
10178.0,121.3,119.5,Q008,1899-12-31,4.0,5.9,4216655.0,DOE
2763.0,289.6,235.5,Hunt's Point Recreation Center,1899-12-31,2.0,9.3,2109472.0,DPR
5368.0,156.7,166.4,"X405 within (X405, X406)",1899-12-31,2.0,8.2,2074045.0,DOE
3222.0,95.3,122.6,New Hall,1900-03-02,2.0,3.3,2100250.0,CUNY-C
1911.0,99.2,115.3,Help Harbor Transitional Housing Site II,1900-02-11,1.0,4.5,1057874.0,HRA
1931.0,214,224,M853,1900-01-26,1.0,5.9,1058660.0,DOE
928.0,185.8,165.1,Pacific Branch Library,1900-01-05,3.0,6.1,3018376.0,BPL
10171.0,176.5,152.8,South Jamaica Community Library,1900-01-07,4.0,4.9,4539786.0,QPL
7371.0,354.4,383.7,Precinct,1900-02-20,3.0,13.6,3200556.0,NYPD
422.0,116.9,111.7,M510,1900-03-12,1.0,4.4,1005626.0,DOE
1751.0,273.7,269.6,Bedford Stuyvesant Alcohol Treatment Center,1900-01-24,3.0,8.7,3329636.0,HHC
394.0,134.6,144.1,M061,1900-01-11,1.0,5.9,1079053.0,DOE
880.0,74.3,79.3,K845,1899-12-31,3.0,3.2,3331274.0,DOE
925.0,104.9,113.1,M040,1900-01-11,1.0,4.7,1020513.0,DOE
962.0,107.1,113.6,OCME DNA Lab,1900-04-09,1.0,3.9,1087242.0,OCME
3222.0,95.3,122.6,Colston Hall,1900-03-02,2.0,3.3,2100240.0,CUNY-C
4341.0,133.8,125.9,"X912 within (X096, X912)",1900-01-12,2.0,6.2,2049999.0,DOE
10092.0,611.2,596.7,NYPD Police Laboratory,1900-01-05,4.0,20.7,4215603.0,NYPD
3490.0,98.9,113.4,Q093,1899-12-31,4.0,5.3,4083511.0,DOE
3507.0,110.4,87,K298,1900-01-06,3.0,4.6,3080768.0,DOE
6826.0,131.4,78,Q168,1899-12-31,4.0,2.6,4147847.0,DOE
5778.0,119.1,72.4,American Museum of Natural History Storage,1899-12-31,3.0,1.9,3257059.0,CIG
2717.0,90,92.1,X150,1900-01-04,2.0,4.8,2005681.0,DOE
1510.0,129.2,116.4,K137,1899-12-31,3.0,4.9,3040878.0,DOE
4719.0,114.1,111.4,X078,1899-12-31,2.0,6,2060191.0,DOE
6517.0,229,222.1,Virginia Frese Hall,1899-12-31,4.0,7.5,4439914.0,CUNY-S
848.0,44.1,33.9,M905,1920-07-15,1.0,0.9,1016163.0,DOE
1939.0,91.1,84.5,M092,1900-01-10,1.0,3.9,1058808.0,DOE
2727.0,427,502.4,Precinct,1900-01-16,2.0,16.6,2005802.0,NYPD
2423.0,135.2,149.3,Q229,1899-12-31,4.0,6.1,4440274.0,DOE
3222.0,95.3,122.6,Bliss Hall,1900-03-02,2.0,3.3,2100252.0,CUNY-C
6517.0,229,223.4,Lloyd T. Delany Hall,1899-12-31,4.0,7.5,4442883.0,CUNY-S
1791.0,4528.4,6625.7,DOT Asphalt Plant,1900-02-20,4.0,330.4,4311982.0,DOT
1367.0,101.3,115,K210,1900-01-21,3.0,6,3036289.0,DOE
15736.0,118.6,107.9,"Q465 within (Q465, Q466)",1899-12-31,4.0,4.6,4300730.0,DOE
1121.0,145.6,120.2,"R445 within (R445, R815)",1899-12-31,5.0,4.9,5026076.0,DOE
11018.0,100.2,108.4,Q136,1900-01-20,4.0,4.5,4236757.0,DOE
3606.0,118.4,131.1,K184,1899-12-31,3.0,5.9,3082391.0,DOE
9172.0,145.8,150,Q137,1899-12-31,4.0,5.2,4467457.0,DOE
996.0,91.6,135.3,M896,1900-01-20,1.0,4.5,1022615.0,DOE
7312.0,68.7,79.3,Q158,1899-12-31,4.0,4.3,4438325.0,DOE
4717.0,204.3,179.8,East Flatbush Branch Library,1900-02-06,3.0,5.6,3103597.0,BPL
3208.0,104,106.2,"X091 within (X091, X891)",1899-12-31,2.0,5.6,2014505.0,DOE
4552.0,119,129.2,"X926 within (X076, X926)",1900-01-09,2.0,5.9,2054933.0,DOE
1772.0,129.2,132.8,Manhattan Lot Cleaning (Leased),1900-01-30,1.0,4.3,1054433.0,DSNY
3966.0,20.4,Not Available,K897 (closed),1899-12-31,3.0,0,3327112.0,DOE
12495.0,105.6,92.6,"Q030 within (Q030, Q962)",1900-03-05,4.0,4.6,4270045.0,DOE
2039.0,294.4,497.3,Cumberland Diagnostic and Treatment Center,1900-04-10,3.0,22.7,3251647.0,HHC
0.0,173.7,57.5,Offices and Storage,1899-12-30,3.0,1.5,3336609.0,DOT
13578.0,161.3,156.8,Q138,1899-12-31,4.0,6.6,4288640.0,DOE
1773.0,263.4,308,"Engine Co. 35 and Ladder Co. 14, Batt. 12",1900-02-01,1.0,10.7,1054465.0,FDNY
3842.0,167.8,156.5,X833,1900-01-01,2.0,5,2027195.0,DOE
11018.0,143.5,175,Q822,1900-01-20,4.0,4.6,4236757.0,DOE
16257.0,123.5,137.3,Q114,1899-12-31,4.0,7.6,4305615.0,DOE
1643.0,169.2,139.4,K309,1900-02-04,3.0,7.8,3045047.0,DOE
563.0,149.9,139.6,Property Clerk & Youth Aid,1900-01-18,1.0,5.2,1009128.0,NYPD
3120.0,654.4,713.9,Bronx Zoo Campus: Congo Gorilla Forest,1900-01-19,2.0,36,2123911.0,CIG
776.0,409.3,414.7,Bowery Bay WPCP Campus: BIN 4539570,1900-05-29,4.0,12,4539570.0,DEP
1888.0,226,180.7,K914,1900-02-02,3.0,5.8,3054323.0,DOE
11151.0,122.8,126.7,"Q834 within (Q034, Q834)",1900-03-21,4.0,5.2,4240503.0,DOE
3948.0,95.8,115.1,X127,1900-02-23,2.0,6.4,2041247.0,DOE
4258.0,516.3,469.6,Samaritan Forbell Residence,1900-02-04,3.0,12.4,3095610.0,DHS
1461.0,108,112.2,"M183 within (M183, M390)",1900-01-06,1.0,5.1,1045569.0,DOE
683.0,227,207.7,"R886 within (R880, R080, R881, R883, R884, R885, R886, R887)",1899-12-31,5.0,7.6,5113169.0,DOE
3365.0,Not Available,Not Available,Q290,1900-01-26,4.0,2.6,4080234.0,DOE
1920.0,304.9,388.6,Countee Cullen Branch Library,1900-01-25,1.0,17.1,1058275.0,NYPL
3803.0,173.2,170,University Settlement Society of New York Inc. (Leased),1900-02-14,3.0,4.5,3342526.0,ACS
99999.0,4.9,7,Fresh Kills Landfill - MTS,1899-12-31,5.0,0.2,5000000.0,DSNY
4090.0,155.1,234.8,New Lots Branch Library,1899-12-31,3.0,7.3,3090726.0,BPL
2160.0,161.7,146.5,"M965 within (M465, M466, M965)",1900-01-17,1.0,8,1076751.0,DOE
1355.0,113.6,111.2,K335,1900-01-22,3.0,5.7,3035887.0,DOE
6834.0,105.4,119.7,Q154,1899-12-31,4.0,4.7,4148003.0,DOE
5891.0,Not Available,201.2,K331,1900-02-16,3.0,6.2,3146550.0,DOE
3123.0,108.6,110.1,"X067 within (X067, X967)",1900-01-02,2.0,5.6,2013142.0,DOE
2953.0,236.6,277.7,"Bronx 6, 6A District Garage",1900-01-20,2.0,11.9,2097277.0,DSNY
3060.0,210.7,238.4,Crotona Job Center #41 Offices (Leased),1900-01-31,2.0,8.1,2011826.0,HRA
438.0,171.4,158.5,Q725 (Leased),1900-01-25,4.0,5.1,4005184.0,DOE
6271.0,129.5,141.1,"K445 within (K445, K446)",1899-12-31,3.0,5.5,3162711.0,DOE
12927.0,125.6,111,"Q132 within (Q132, Q996)",1900-01-27,4.0,4.8,4278380.0,DOE
2605.0,344.9,539.3,Rikers Island GRVC Detention Facility,1900-02-08,2.0,19.4,2096863.0,DOC
344.0,84.8,99.2,M140,1899-12-31,1.0,5,1004091.0,DOE
1680.0,121.9,147.1,Leonardo Coverio Senior Center,1900-02-13,1.0,5.9,1074278.0,DFTA
8464.0,93.3,101.7,"K236 within (K236, K975)",1899-12-31,3.0,4,3326821.0,DOE
5263.0,238.1,263.3,X189,1900-04-24,2.0,7.9,2115403.0,DOE
8388.0,85.8,74.6,K078,1900-01-01,3.0,4,3236496.0,DOE
1957.0,251.1,298.8,Baskerville Hall,1900-07-18,1.0,9.6,1084085.0,CUNY-S
113.0,271.3,225.7,M520,1900-04-09,1.0,8.4,1001388.0,DOE
5756.0,116.2,123.1,X007,1900-07-13,2.0,5.2,2083564.0,DOE
2793.0,120.6,113.2,"X870 within (X070, X870)",1900-01-27,2.0,5.2,2007387.0,DOE
1518.0,126.6,103.1,K040,1899-12-31,3.0,5.2,3041214.0,DOE
3222.0,95.3,122.3,"Hall of Fame, Auditorium and Colonnade",1900-03-02,2.0,3.3,2100243.0,CUNY-C
881.0,204.6,261.1,Library and Technology Bldg,1900-01-30,1.0,8,1018107.0,CUNY-S
275.0,347.1,382.4,Library Services Center (Leased),1920-07-14,4.0,12.2,4003522.0,NYPL
99999.0,Not Available,Not Available,Q802 (closed),1927-05-17,4.0,0,4000000.0,DOE
2552.0,204.2,182.9,X855,1900-03-10,2.0,4.8,2003646.0,DOE
4904.0,148,161.4,K181,1900-01-09,3.0,6.3,3327776.0,DOE
3188.0,109.7,117.6,X939,1900-01-07,2.0,4.7,2014098.0,DOE
1554.0,29.8,94.9,M816,1900-01-14,1.0,5.6,1050217.0,DOE
2069.0,126.6,218,Manhattan Sewer Maintenance Yard,1900-01-25,1.0,8,1075503.0,DEP
2685.0,Not Available,297.3,Plant 1: Tractor Shops,1900-04-09,5.0,16.7,5141714.0,DSNY
3823.0,109,99.8,K013,1899-12-31,3.0,4.3,3085070.0,DOE
5900.0,235.9,266.4,Bucket Shop / Garage 3,1901-05-14,5.0,14.4,5130986.0,DSNY
3246.0,288.2,264.4,X905,1900-01-01,2.0,7.6,2015222.0,DOE
3247.0,106.5,174.2,Speech and Theater Building,1899-12-31,2.0,4.6,2098697.0,CUNY-S
606.0,210.8,212,Jefferson Market Branch Library,1899-12-31,1.0,7.2,1082668.0,NYPL
5362.0,104.2,112.4,K223,1900-01-20,3.0,4.9,3125676.0,DOE
2359.0,130.3,169.5,"X470 within (X470, X920)",1900-08-27,2.0,7.1,2001153.0,DOE
4324.0,142.2,134.8,"K213 within (K213, K893)",1899-12-31,3.0,7.7,3097334.0,DOE
11972.0,132,140.4,"Q142 within (Q142, Q875)",1900-03-10,4.0,5.6,4259200.0,DOE
1849.0,94.2,97,Q455,1899-12-31,4.0,4.2,4045629.0,DOE
2605.0,344.9,359.2,Rikers Island AMKC Campus: Modules WW & XX/ (7&8),1900-02-08,2.0,14.6,0.0,DOC
2738.0,28.7,8.1,Bridges Juvenile Center Intake and Admissions,1900-02-03,2.0,0.2,2005938.0,ACS
4125.0,110.9,119.5,X083,1899-12-31,2.0,6,2045344.0,DOE
3067.0,105.1,101.1,X045,1899-12-31,2.0,4.1,2011937.0,DOE
2111.0,151.6,147.8,Rena Day Care Center (Leased),1900-02-26,1.0,4,1062652.0,ACS
7128.0,46.6,50.4,Q179,1900-01-09,4.0,2.4,4153407.0,DOE
962.0,204.5,162.1,Brookdale East Building,1900-04-09,1.0,6.9,1069579.0,CUNY-S
1488.0,109.8,166,"John Jay Park, Pool and Comfort Station",1900-01-16,1.0,6.6,1046409.0,DPR
3222.0,95.3,122.6,North Hall and Library,1900-03-02,2.0,3.3,2831930.0,CUNY-C
7490.0,303.5,310.2,Administration / Business Building,1900-01-01,4.0,11.5,4862628.0,CUNY-C
5103.0,135.1,124.7,K465,1900-01-09,3.0,5.4,3336215.0,DOE
5917.0,104.1,100.1,X024,1900-05-19,2.0,5.5,2085869.0,DOE
170.0,208.4,149.5,Clocktower Building (Leased),1900-01-05,1.0,6.2,1001835.0,DCAS
3561.0,142,135.5,Q239,1899-12-31,4.0,4.4,4435561.0,DOE
85.0,517.9,481.9,OEM Headquarters,1900-01-05,3.0,13.8,3000172.0,DCAS
8215.0,295.7,228.9,K366,1900-01-11,3.0,6.4,3396940.0,DOE
3043.0,75,94.7,Bushwick United Housing Development Fund Corp (Leased),1899-12-31,3.0,2.9,3070967.0,ACS
259.0,68.6,74.5,M446,1900-02-12,1.0,3.1,1003214.0,DOE
4599.0,143.1,116.4,"K189 within (K189, K889)",1899-12-31,3.0,5.1,3099537.0,DOE
7452.0,780.4,689.3,Coney Island WPCP Campus: 2580 Knapp St,1899-12-31,3.0,24.3,3204772.0,DEP
503.0,192.5,194.1,Department of Probation Offices (Leased),1900-01-31,5.0,7.1,5013302.0,DOP
228.0,160.4,161.1,Q600,1900-01-19,4.0,5.5,4003259.0,DOE
4827.0,341.8,373.5,Brooklyn North 9 District Garage,1900-02-07,3.0,14.6,3327687.0,DSNY
683.0,227,207.7,"R080 within (R880, R080, R881, R883, R884, R885, R886, R887)",1899-12-31,5.0,7.6,5113169.0,DOE
1489.0,104.9,108,M158,1899-12-31,1.0,4.1,1046411.0,DOE
3330.0,241.8,235.2,"X020 within (X020, X931)",1899-12-31,2.0,8.5,2086851.0,DOE
2329.0,304.5,296.8,X807,1900-03-15,2.0,9.8,2000876.0,DOE
1767.0,Not Available,77.7,Graduate Center Housing (Leased),1900-01-29,1.0,3.6,1088293.0,CUNY-S
10813.0,300.4,283.1,Q263,1900-01-04,4.0,8.3,4231378.0,DOE
437.0,128.8,140.5,"K979 within (K032, K979)",1899-12-31,3.0,6.9,3007326.0,DOE
489.0,108.6,100.3,Q801,1899-12-31,4.0,4.3,4005429.0,DOE
2605.0,344.9,399.5,"Rikers Island RNDC Campus: Rikers Island RNDC Campus: Sprungs, MOD 3",1900-02-08,2.0,15.7,0.0,DOC
153.0,249.1,237.5,Manhattan Surrogate's Court,1900-01-23,1.0,9.1,1001670.0,DCAS
16.0,201.2,203.9,M477,1900-08-02,1.0,6.3,1084587.0,DOE
1267.0,313.9,187.2,K824 (Leased),1899-12-31,3.0,5.3,3032886.0,DOE
3564.0,123.7,105.2,X182,1899-12-31,2.0,4.6,2021923.0,DOE
22.0,155.2,162.4,"R450 within (R450, R451, R814)",1899-12-31,5.0,8.7,5106483.0,DOE
971.0,115.9,117.6,"K321 within (K321, K896)",1900-01-27,3.0,5.3,3337516.0,DOE
9707.0,86.8,88.8,Q680,1900-02-16,4.0,2.7,4207510.0,DOE
127.0,251.9,143.9,Fiterman Hall,1899-12-31,1.0,6.2,1088292.0,CUNY-C
3247.0,106.5,173.8,Childcare Center,1899-12-31,2.0,4.6,2119733.0,CUNY-S
798.0,241.1,240.6,Sunset Park Branch Library,1900-02-02,3.0,7.7,3013507.0,BPL
3702.0,93.3,212.5,"Bronx 9, 10, 11 District Garages Campus: Bronx 9/10 Sanitation Garage",1899-12-31,2.0,10.8,2094841.0,DSNY
2947.0,277.5,182.8,Bronx Bergen Building,1900-01-17,2.0,6.6,2009911.0,DCAS
176.0,95,109.4,R018,1900-01-09,5.0,4,5004877.0,DOE
1316.0,108.4,101.6,K061,1900-01-14,3.0,3.8,3337872.0,DOE
7868.0,237.8,191.8,Flatlands Branch Library,1900-02-07,3.0,6.3,3219626.0,BPL
2267.0,120.5,107.4,X030,1900-01-14,2.0,5.7,2000077.0,DOE
7266.0,100.6,80.1,K090,1900-02-08,3.0,4.1,3196558.0,DOE
197.0,213.1,193.9,Excelsior Building,1900-01-16,1.0,6.2,1002358.0,DCAS
2688.0,107,132.5,X130,1899-12-31,2.0,7.9,2005168.0,DOE
1616.0,115.6,93.7,K057,1899-12-31,3.0,3.8,3043822.0,DOE
6606.0,94.9,102,Q164,1900-01-01,4.0,5.6,4142980.0,DOE
1183.0,637.6,802,Brooklyn CO,1900-02-19,3.0,21.2,3029669.0,FDNY
6595.0,97.9,103.3,K096,1900-02-01,3.0,4.4,3174076.0,DOE
4744.0,120.3,91.6,K285,1899-12-31,3.0,3.5,3104599.0,DOE
1111.0,877.5,710.7,Manhattan Co.,1899-12-31,1.0,18.8,1000000.0,FDNY
3222.0,95.3,122.8,Brown Annex,1900-03-02,2.0,3.3,2100247.0,CUNY-C
350.0,162.5,151,Escuela Hispana Montessori #2 (Leased),1900-01-07,1.0,5.3,1004240.0,ACS
1419.0,98.2,100.6,Q148,1899-12-31,4.0,4.1,4034841.0,DOE
1923.0,Not Available,274.2,Sydenham Health Center,1900-02-21,1.0,11.4,1058399.0,HHC
1616.0,91.2,77,K026,1899-12-31,3.0,3,3393805.0,DOE
100.0,Not Available,394,M971 (Leased),1920-07-15,1.0,10.4,1087485.0,DOE
799.0,201.3,133.9,"Engine Co. 201 and Ladder 114, Batt. 40",1900-01-04,3.0,3.6,3013535.0,FDNY
1149.0,83,79,M087,1900-01-06,1.0,4.1,1030196.0,DOE
3632.0,217.2,247,Precinct,1899-12-31,4.0,9.1,4088186.0,NYPD
4006.0,181.4,168.4,X879,1900-01-02,2.0,5.4,2042451.0,DOE
1199.0,176.1,197.2,Atlantic Avenue Men's Shelter (Armory),1900-01-14,3.0,8.4,3029748.0,DHS
11900.0,800.9,644.7,Jamaica WPCP Campus: 130th Pl,1900-01-01,4.0,19.3,4459553.0,DEP
10523.0,135.5,185.7,Highway District #3,1900-03-09,4.0,8.3,4467695.0,NYPD
3176.0,83.5,94.7,St. James Park Recreation Center,1899-12-31,2.0,3.9,2118325.0,DPR
1660.0,216.1,211,Engine Co. 91,1900-01-29,1.0,8.2,1052473.0,FDNY
1253.0,105.1,100.4,Day Care Center (Leased),1900-01-06,3.0,2.7,3032188.0,ACS
2454.0,323.3,288.1,Bronx Family and Criminal Court,1899-12-31,2.0,9.2,2002704.0,DCAS
2018.0,208.5,218.6,New York Hall of Science,1899-12-31,4.0,7.2,4441124.0,CIG
1239.0,176.2,147.4,"Q011 within (Q011, Q810, Q932)",1899-12-31,4.0,7.1,4028447.0,DOE
3416.0,95.5,88.1,K296,1899-12-31,3.0,4.8,3079027.0,DOE
3699.0,364.3,244.7,HELP Women's Center Shelter,1899-12-31,3.0,10.1,3083637.0,DHS
2762.0,241.7,176.7,Leonard Branch Library,1900-01-20,3.0,5.7,3068818.0,BPL
497.0,174.9,161.5,CUNY in the Heights (Leased),1899-12-31,1.0,4.3,1007560.0,CUNY-C
131.0,163.9,100.9,K580,1899-12-31,3.0,4.9,3348041.0,DOE
755.0,114.6,103.6,"K881 within (K001, K881)",1900-01-21,3.0,4.8,3011821.0,DOE
5147.0,75,102.6,Q237,1899-12-31,4.0,5.2,4116436.0,DOE
1431.0,114.6,127.4,Shirley Chisolon Day Care Center (Leased),1900-02-22,3.0,4.5,3038522.0,ACS
7474.0,97.2,101.3,K052,1899-12-31,3.0,4.1,3205435.0,DOE
6391.0,221.3,197.3,K229,1900-01-23,3.0,6.5,3167212.0,DOE
7254.0,118.1,107.4,"K410 within (K410, K411)",1899-12-31,3.0,4.5,3196293.0,DOE
3826.0,95.2,Not Available,K838 (closed),1900-01-20,3.0,0,3085153.0,DOE
1983.0,72.2,100.3,K056,1900-01-09,3.0,3.8,3056874.0,DOE
7860.0,88.6,50.8,K729,1900-01-16,3.0,1.3,3345177.0,DOE
1377.0,Not Available,138.5,Q329,1900-01-15,4.0,5.1,4437125.0,DOE
2153.0,235.5,230.8,Fort Washington Branch Library,1900-02-21,1.0,8.5,1063632.0,NYPL
7381.0,103.2,117.5,K206,1900-07-19,3.0,5,3201080.0,DOE
1478.0,54.2,52,R051,1901-05-14,5.0,2.1,5107210.0,DOE
3252.0,128.5,143.3,X095,1900-06-30,2.0,6.2,2015472.0,DOE
2286.0,122.9,103.4,X139,1900-02-04,2.0,4.9,2000391.0,DOE
16.0,112.4,105.8,R801,1900-01-06,5.0,4.1,5000161.0,DOE
579.0,192.7,176.8,FDNY Museum,1900-01-10,1.0,6,1009739.0,FDNY
3060.0,93.2,104.4,K250,1899-12-31,3.0,5.8,3071199.0,DOE
5559.0,196.3,211.2,"Engine Co. 264 and Ladder Co. 134, Engine Co. 328",1900-01-24,4.0,7.5,4529057.0,FDNY
8135.0,121.6,133.9,Q094,1900-01-28,4.0,5.5,4169468.0,DOE
15001.0,198.3,275.4,Queens East 13 District Garage,1900-03-13,4.0,12.1,4433112.0,DSNY
1964.0,143.5,149,M125,1900-01-11,1.0,8.1,1059526.0,DOE
75.0,80.2,199.2,P.S. 1 Contemporary Art Center,1899-12-31,4.0,6.9,4000548.0,CIG
159.0,215.1,210.5,Staten Island Civil Court,1900-03-05,5.0,7.4,5004530.0,DCAS
5713.0,33.6,349.2,Kingsbridge Library,1900-05-02,2.0,11,2119474.0,NYPL
688.0,239.1,232.8,K564,1900-01-25,3.0,6.8,3394175.0,DOE
552.0,194.9,191.3,P.A.L. Miccio Day Care Center (Leased),1900-01-04,3.0,5.1,3008517.0,ACS
585.0,65.6,90.9,M003,1900-02-09,1.0,4.1,1009872.0,DOE
12993.0,144.1,150.4,Q037,1900-04-27,4.0,8.3,4279864.0,DOE
2527.0,1101.8,654.9,Newtown Creek WPCP Campus: Pollution Control,1900-01-01,3.0,18.3,3398222.0,DEP
2605.0,344.9,390,Rikers Island Laundry Facility,1900-02-08,2.0,15.4,0.0,DOC
683.0,227,207.7,"R880 within (R880, R080, R881, R883, R884, R885, R886, R887)",1899-12-31,5.0,7.6,5113169.0,DOE
5571.0,78.3,111.7,K205,1899-12-31,3.0,4.4,3134749.0,DOE
2189.0,151.7,134.8,Williamsburg Branch Library,1899-12-31,3.0,4.9,3060090.0,BPL
940.0,Not Available,171.2,K317,1900-04-20,3.0,5.5,3413716.0,DOE
4077.0,69.2,154.8,Rose McCarthy Family Residence Campus: Rose McCarthy Family Residence,1900-01-23,3.0,6.5,3090429.0,DHS
1669.0,218.1,239.7,SCO Family of Services (Leased),1900-02-06,4.0,6.5,4041534.0,ACS
2105.0,159.7,380.2,Harlem 1 Men's Shelter,1899-12-31,1.0,20.3,1076737.0,DHS
7069.0,116.8,109.1,Poseidon Playground Maintenance Building,1900-01-13,3.0,2.9,3329347.0,DPR
76.0,166.8,143.1,Snug Harbor Campus: B-C Hyphen,1900-07-18,5.0,5.1,5113028.0,CIG
1957.0,251.1,202.8,Structural Biology Center,1899-12-31,1.0,5.5,1084068.0,CUNY-S
7599.0,238.7,228.7,Precinct,1900-03-07,3.0,7.6,3207376.0,NYPD
404.0,156.7,157,Tompkins Square Branch Library,1900-02-07,1.0,5.2,1005147.0,NYPL
1634.0,114,114.4,M895,1900-03-05,1.0,3,1052058.0,DOE
76.0,166.8,143.1,Snug Harbor Campus: Bldg P/Admin,1900-07-18,5.0,5.1,5000000.0,CIG
791.0,172.7,227.1,Prison Health Warehouse,1900-01-15,4.0,7.8,4015250.0,DOHMH
3524.0,122.9,145.1,"X069 within (X069, X869)",1900-01-19,2.0,6.7,2021482.0,DOE
8496.0,97.9,96.9,K278,1900-04-09,3.0,4.8,3239889.0,DOE
1373.0,230.2,207.5,M271,1899-12-31,1.0,5.6,1084848.0,DOE
4829.0,470.4,672,Kings County Hospital Campus: Buildings T,1899-12-31,3.0,25.7,3327725.0,HHC
3752.0,211.7,222.1,Commonwealth Avenue SRO (Single Room Occupancy) Residence,1900-01-12,2.0,7.9,2088552.0,DHS
6239.0,119.6,118.8,K186,1899-12-31,3.0,5.1,3160923.0,DOE
1756.0,169.3,203.8,Q843,1900-01-24,4.0,5.4,4043827.0,DOE
4440.0,734.3,646,26th Ward WPCP Campus: 122-66 Flatlands Ave,1899-12-31,3.0,19.1,3848583.0,DEP
6517.0,229,223.2,Gregory Razran Hall,1899-12-31,4.0,7.5,4467569.0,CUNY-S
529.0,180.3,160.9,SCCW Central Shelter,1900-01-14,1.0,4.9,1008425.0,DHS
23.0,24.7,130.1,M282,1900-01-12,1.0,3.4,1000811.0,DOE
1274.0,Not Available,46.1,Brooklyn Armory,1899-12-31,3.0,2,3033161.0,DCAS
4806.0,90.8,80.7,K391,1899-12-31,3.0,3.2,3107129.0,DOE
6917.0,109.3,105,K212,1899-12-31,3.0,5.9,3187407.0,DOE
8731.0,82.6,93.6,Q172,1900-01-03,4.0,4.7,4178464.0,DOE
4401.0,109.9,94.9,K273,1899-12-31,3.0,5.6,3097973.0,DOE
8361.0,153.1,158.3,Q811,1899-12-31,4.0,8,4173060.0,DOE
1423.0,151.2,150.3,"K892 within (K221, K892)",1900-01-13,3.0,8.8,3038372.0,DOE
5144.0,124.1,120.1,K139,1900-03-04,3.0,6,3328235.0,DOE
4045.0,183.5,237.8,Queens Auto Crime,1899-12-31,4.0,6.8,4097877.0,NYPD
2302.0,95.8,91.8,X049,1900-02-08,2.0,4.8,2000626.0,DOE
7758.0,110.6,129,K251,1899-12-31,3.0,6.9,3214729.0,DOE
2510.0,242.7,204,High Bridge Branch Library,1900-01-26,2.0,7.3,2003163.0,NYPL
676.0,31,22.5,Manhattan 6 Vehicle Storage and Fueling,1900-01-02,1.0,0.9,1085462.0,DSNY
2324.0,77.5,58.8,X018,1900-01-07,2.0,4,2000816.0,DOE
1828.0,141.2,141.2,M113,1900-01-14,1.0,7.2,1055111.0,DOE
18.0,115.8,140.7,R831,1900-01-05,5.0,6.2,5000290.0,DOE
1610.0,412,401.8,El Museo Del Barrio,1899-12-31,1.0,10.6,1051499.0,CIG
1812.0,293.5,291.7,K994,1899-12-31,3.0,9.7,3329679.0,DOE
5155.0,253.1,241.3,Engine Co. 281 and Ladder Co. 147,1900-01-03,3.0,8.8,3118638.0,FDNY
4833.0,19.2,42.4,Kingsboro MICA 8 Shelter,1899-12-31,3.0,1.8,3337083.0,DHS
3925.0,1519.4,2024.4,Tallman Island WPCP Campus: BIN 4440692,1899-12-31,4.0,56,4440692.0,DEP
3426.0,424.3,416.2,Bushwick Family Residence,1900-01-04,3.0,15.6,3319581.0,DHS
2315.0,264.4,257.8,Mott Haven Branch Library,1900-01-17,2.0,7.9,2000744.0,NYPL
4864.0,278.1,262.2,X362,1900-02-03,2.0,8,2829945.0,DOE
7760.0,192.1,198.2,R006,1899-12-31,5.0,6.4,5131697.0,DOE
142.0,134.2,159.1,M234,1899-12-31,1.0,6.4,1001533.0,DOE
4673.0,159.1,124.4,"K953 within (K135, K953)",1899-12-31,3.0,5.7,3102005.0,DOE
13331.0,82.5,87.5,"Q231 within (Q231, Q251)",1899-12-31,4.0,3.6,4285682.0,DOE
9053.0,122.4,123.7,Q064,1900-01-13,4.0,6.5,4188214.0,DOE
3120.0,654.4,713.9,Bronx Zoo Campus: Farm Apartments,1900-01-19,2.0,36,2123911.0,CIG
3086.0,209.9,184.9,Engine Co. 88 and Ladder Co. 38,1900-02-06,2.0,6.9,2086781.0,FDNY
3330.0,241.8,235.2,"X931 within (X020, X931)",1899-12-31,2.0,8.5,2086851.0,DOE
1440.0,139.1,143.3,K178,1900-02-24,3.0,5.6,3038718.0,DOE
5121.0,Not Available,74.7,K735,1900-01-31,3.0,2.9,3117584.0,DOE
2605.0,344.9,392.6,Rikers Island OBCC Campus: Rikers Island OBCC Campus: Main Building,1900-02-08,2.0,15.5,0.0,DOC
1418.0,292,268.1,M267,1900-01-06,1.0,9.7,1087680.0,DOE
9858.0,113,106.8,Q470,1900-04-09,4.0,4.2,4448806.0,DOE
878.0,204.6,195.8,Steven L. Newman Hall,1900-01-19,1.0,7.5,1086513.0,CUNY-S
1855.0,186.5,165,M506,1900-01-08,1.0,5.2,1055911.0,DOE
6681.0,119.3,133,K215,1900-06-17,3.0,5.7,3178584.0,DOE
1984.0,119.1,108.6,M043,1900-02-01,1.0,4.8,1059723.0,DOE
2990.0,129.9,144.7,X817,1900-01-05,2.0,3.8,2010671.0,DOE
107.0,204.5,Not Available,K906 (closed),1899-12-31,3.0,0,3000183.0,DOE
3327.0,442,452.5,North Central Bronx Hospital,1900-07-18,2.0,16.6,2017787.0,HHC
1422.0,222.9,235.4,Precinct,1900-02-02,4.0,8.1,4034862.0,NYPD
2366.0,302.7,320,Metropolitan Pool and Fitness Center,1900-01-03,3.0,11.9,3062457.0,DPR
3185.0,57.3,82.6,K111,1899-12-31,3.0,4.5,3072497.0,DOE
13222.0,141.6,141,"Q038 within (Q038, Q946)",1899-12-31,4.0,5.8,4284236.0,DOE
1705.0,322.7,265.1,Thomas Jefferson Recreation Center,1899-12-31,1.0,9.5,1085632.0,DPR
7706.0,102.3,114.6,K222,1899-12-31,3.0,4.9,3212254.0,DOE
6517.0,229,223.6,Honors Center,1899-12-31,4.0,7.5,4543598.0,CUNY-S
14168.0,135.4,91.4,"Q146 within (Q146, Q987)",1900-01-15,4.0,3.5,4295163.0,DOE
155.0,185.7,170.6,Court Square Building,1899-12-31,1.0,5.4,1001672.0,DCAS
805.0,118.1,192.6,Parking Enforcement Division,1900-03-22,1.0,9.2,1015151.0,NYPD
3149.0,206.5,213.6,Precinct,1900-03-30,2.0,7.3,2013535.0,NYPD
6254.0,244.2,225.6,Engine Co. 284 and Ladder Co. 149,1900-02-21,3.0,8.5,3161800.0,FDNY
3789.0,113.9,128.2,"X119 within (X119, X915)",1900-01-20,2.0,6.9,2025696.0,DOE
5110.0,175.5,183.9,K246,1900-01-24,3.0,7.2,3117381.0,DOE
1493.0,137.6,108.5,M006,1900-01-20,1.0,4.3,1046668.0,DOE
1441.0,172.7,171.7,67th Street Branch Library,1900-02-06,1.0,5.8,1044749.0,NYPL
9121.0,143.3,155,Q884,1900-01-10,4.0,4.8,4438525.0,DOE
8975.0,277.5,329,Q262,1899-12-31,4.0,9.5,4518705.0,DOE
9177.0,181.9,163,Q254,1900-01-22,4.0,5.8,4191296.0,DOE
2605.0,344.9,391.8,Rikers Island EMTC Campus: Locker Room,1900-02-08,2.0,15.5,0.0,DOC
3444.0,218.2,200,Bushwick Multi Service Center,1900-01-21,3.0,8.3,3080067.0,HRA
3540.0,Not Available,260.7,EMS 3,1900-01-02,2.0,9.8,2094816.0,FDNY
86.0,183.5,165.5,Environmental Center,1900-01-17,3.0,4.8,3329429.0,CUNY-S
5022.0,243.2,225,K395,1900-01-01,3.0,7.3,3114526.0,DOE
1257.0,214.1,244.5,Central Library - Stephen A. Schwartzman Building,1899-12-31,1.0,7.8,1034194.0,NYPL
1402.0,204.5,296.3,East Building,1900-02-17,1.0,10.3,1042478.0,CUNY-S
2106.0,299.8,222.8,Highbridge Recreation Center,1899-12-31,1.0,8.4,1063172.0,DPR
8590.0,104.9,130.7,K277,1901-10-11,3.0,7.4,3242369.0,DOE
2681.0,125,143.5,Construction Services (Leased),1900-02-02,4.0,5.9,4059932.0,DEP
1280.0,141.5,144.7,Friends of Crown Heights Educational Center Inc. (Leased),1900-02-22,3.0,3.9,3033470.0,ACS
2333.0,115.1,109.8,X183,1900-03-10,2.0,4.4,2000957.0,DOE
7556.0,319.2,5.2,Whitehead Hall,1900-05-29,3.0,0.2,3327318.0,CUNY-S
4742.0,93.2,104,K415,1899-12-31,3.0,4.4,3104598.0,DOE
5141.0,121.5,153.5,"X153 within (X153, X178, X180, X181, X455, X456)",1900-05-29,2.0,5.3,2097470.0,DOE
1592.0,613.2,657.8,Gracie Mansion,1899-12-31,1.0,22.3,1076334.0,DPR
76.0,166.8,143.1,Snug Harbor Campus: Bldg A/Staten Island Museum,1900-07-18,5.0,5.1,5113027.0,CIG
3222.0,95.3,122.5,Alumni Gymnasium,1900-02-08,2.0,3.3,2097306.0,CUNY-C
3299.0,116.4,117.9,"X008 within (X008, X808)",1900-02-28,2.0,5.7,2094734.0,DOE
1434.0,247,260.9,Queensborough Bridge Ramp,1899-12-31,1.0,10.8,1044193.0,DOT
2605.0,344.9,2483.6,Rikers Island West Facility Campus: 200 Bed Modules,1900-02-08,2.0,70.8,0.0,DOC
4069.0,80,85.5,K072,1899-12-31,3.0,4.4,3090219.0,DOE
3120.0,654.4,713.9,Bronx Zoo Campus: Monkey House,1900-01-19,2.0,36,2123911.0,CIG
169.0,Not Available,Not Available,Q313,1900-01-05,4.0,2,4540402.0,DOE
3272.0,121.3,381,New York Botanical Garden Campus: LuEsther T. Mertz Library (Museum Building),1899-12-31,2.0,12.8,2113265.0,CIG
417.0,213.5,247,Office,1900-01-01,4.0,6.5,4005022.0,DOT
553.0,114.6,88.1,Q126,1899-12-31,4.0,5.1,4006382.0,DOE
2605.0,344.9,391.6,Rikers Island NIC Campus: Rikers Island NIC Campus: North Infirmary Command (NIC),1900-02-08,2.0,15.5,0.0,DOC
1571.0,130.8,127.2,Q322,1900-02-04,4.0,4.6,4039316.0,DOE
2101.0,743.1,768,North River WPCP Campus: 725 West 135th St,1900-04-26,1.0,30.9,1084789.0,DEP
3871.0,716.9,673,Cioffe Borough Repair Shop,1899-12-31,3.0,28.6,3252759.0,DSNY
7277.0,168,106.3,Q178,1899-12-31,4.0,4.2,4156558.0,DOE
274.0,60.7,109,B - B Building (Leased),1899-12-31,4.0,3.7,4003517.0,CUNY-C
7226.0,433,310.6,Command,1900-03-02,3.0,9,3196054.0,NYPD
4794.0,107.4,112,"K091 within (K091, K891)",1900-01-25,3.0,4.9,3106599.0,DOE
3812.0,95.6,95.8,Q119,1900-01-19,4.0,3.8,4092660.0,DOE
4392.0,120.2,123.7,K306,1899-12-31,3.0,6.9,3097873.0,DOE
2167.0,158.7,169.6,"M048 within (M048, M902)",1900-01-28,1.0,5.4,1076752.0,DOE
98.0,79.3,185.2,Prop Clerk Warehouse,1900-01-10,4.0,10.5,4436642.0,NYPD
7490.0,303.5,310.4,Service Building,1900-01-01,4.0,11.5,4845889.0,CUNY-C
7556.0,319.2,5.3,Whitman / Gershwin Hall,1900-05-29,3.0,0.2,3327321.0,CUNY-S
744.0,108.2,124.8,M011,1900-01-23,1.0,6.8,1013260.0,DOE
2234.0,136.4,135.4,M176,1900-01-06,1.0,4.8,1064900.0,DOE
3360.0,88.1,73.6,K377,1899-12-31,3.0,2.7,3076784.0,DOE
68.0,334.2,374.8,Borden Avenue Shelter,1900-01-01,4.0,13.4,4000526.0,DHS
6517.0,229,223.2,Benjamin Rosenthal Library,1899-12-31,4.0,7.5,4439913.0,CUNY-S
2605.0,344.9,399.5,"Rikers Island RNDC Campus: Rikers Island RNDC Campus: Mods 2,4,10",1900-02-08,2.0,15.7,0.0,DOC
153.0,207.3,175.6,Sun Building,1899-12-31,1.0,5.4,1079215.0,DCAS
16.0,155.5,158.2,M089,1900-08-07,1.0,5.3,1085459.0,DOE
632.0,272.3,255.2,Precinct,1900-01-29,4.0,8.4,4009361.0,NYPD
3243.0,65.4,61.2,R046,1899-12-31,5.0,2.5,5047613.0,DOE
279.0,60.7,192,E - E Bldg,1899-12-31,4.0,5.7,4003535.0,CUNY-C
50.0,265.4,365.9,Brooklyn Cruise Terminal Pier 11,1905-06-23,3.0,12.9,3336445.0,EDC
1723.0,467.8,462.6,Woodhull Medical and Mental Health Center,1899-12-31,3.0,16.3,3048341.0,HHC
198.0,196.3,176.8,"Manhattan House Detention, North Tower",1899-12-31,1.0,6,1002364.0,DOC
928.0,189.9,167.8,MICSA/Medical Assistance Program Offices (Leased),1899-12-31,3.0,5.3,3018375.0,HRA
139.0,310.4,138.4,Brooklyn Supreme Court,1900-01-19,3.0,4.8,3000257.0,DCAS
2276.0,154.4,144.4,Horizon Juvenile Center,1899-12-31,2.0,4.5,2000133.0,ACS
273.0,60.7,111.2,C - Center 3 Bldg,1899-12-31,4.0,3.8,4003516.0,CUNY-C
1135.0,119.2,109.9,R021,1899-12-31,5.0,3.9,5026335.0,DOE
7850.0,336.8,355.7,Queens East 11 District Garage,1900-01-19,4.0,14.4,4445411.0,DSNY
3005.0,113.8,105.7,"X006 within (X006, X936)",1900-01-09,2.0,4.2,2010892.0,DOE
2438.0,106.2,125.2,X022,1900-02-18,2.0,6.6,2002410.0,DOE
7955.0,75.5,88.9,Q018,1900-01-01,4.0,4.7,4166561.0,DOE
11623.0,112,139.5,Q100,1899-12-31,4.0,5.7,4250416.0,DOE
7490.0,303.5,310,Kennedy Hall Gymnasium,1900-01-01,4.0,11.5,4439435.0,CUNY-C
2343.0,174.9,273.2,B Bldg,1900-01-31,2.0,9.1,2001019.0,CUNY-C
97.0,183.5,165.5,Voorhees Building,1900-01-01,3.0,4.8,3000182.0,CUNY-S
1548.0,84,69.5,Bedford Multi Service Center,1900-01-18,3.0,1.8,3042090.0,HRA
4275.0,208.4,184.5,"X108 within (X108, X946)",1899-12-31,2.0,6.9,2048608.0,DOE
7619.0,121.6,108.4,Q046,1899-12-31,4.0,5.4,4162449.0,DOE
119.0,299.2,338.8,NYPD Police Headquarters,1899-12-31,1.0,10.4,1079143.0,NYPD
5835.0,501.8,469.6,Owl's Head WPCP Campus: Bldg 1,1899-12-31,3.0,18.7,3397290.0,DEP
5653.0,115.8,146.4,"K521 within (K160, K521)",1900-02-23,3.0,5,3398120.0,DOE
1471.0,226.4,188.5,M855,1900-01-04,1.0,5.6,1045949.0,DOE
556.0,76.7,75,R049,1900-03-20,5.0,3.9,5014184.0,DOE
2018.0,272.6,348.3,Queens Museum of Art,1899-12-31,4.0,10.8,4840396.0,CIG
696.0,93.3,92.1,"K371 within (K371, K231)",1900-01-30,3.0,4.9,3337059.0,DOE
1755.0,120.9,133.2,M133,1899-12-31,1.0,7.6,1054276.0,DOE
76.0,166.8,143.1,Snug Harbor Campus: Bldg L/Power Plant,1900-07-18,5.0,5.1,5000000.0,CIG
2120.0,236,217.2,Engine Co. 84 and Ladder Co. 34,1900-02-14,1.0,8.2,1062872.0,FDNY
5011.0,173,201.3,Precinct,1900-01-05,4.0,6.9,4113348.0,NYPD
2905.0,146.3,137,Rescue 3,1900-01-29,2.0,4.6,2117925.0,FDNY
5817.0,267.8,263.3,Precinct,1900-02-23,3.0,9.7,3144156.0,NYPD
1137.0,11.1,10.1,Lincoln Center Campus: Samuel B. & David Rose Building,1920-07-14,1.0,0.3,1077844.0,CIG
3157.0,84.6,99.5,K799,1900-02-05,3.0,5.8,3071962.0,DOE
1693.0,123,132.4,M099,1899-12-31,1.0,5.3,1052998.0,DOE
6858.0,283.3,335.4,Chief Medical Examiner,1899-12-31,4.0,8.9,4442431.0,OCME
2196.0,140.2,328.3,Manhattan 12 District Garage,1899-12-31,1.0,17.8,1064485.0,DSNY
7447.0,129.3,123.8,K286,1899-12-31,3.0,6.3,3386003.0,DOE
1229.0,204.5,204.5,Brooklyn Children's Museum,1899-12-31,3.0,5.6,3031049.0,CIG
100.0,77.7,76.3,R061,1900-04-09,5.0,4,5002227.0,DOE
2040.0,313.9,418.1,North Administration Building,1899-12-31,5.0,11,5107299.0,CUNY-S
3030.0,142.6,121.2,"BX Borough Engineering, BX Sign Shop",1900-01-05,2.0,4.4,2100288.0,DOT
76.0,166.8,143.1,Snug Harbor Campus: Bldg C/Newhouse Center,1900-07-18,5.0,5.1,5000000.0,CIG
2274.0,119.5,101.6,X027,1900-01-22,2.0,4.3,2000114.0,DOE
56.0,112.7,111.1,K307,1900-01-06,3.0,5.6,3000158.0,DOE
5923.0,168.8,172.4,K259,1899-12-31,3.0,7.4,3148031.0,DOE
3768.0,111.5,93.3,K328,1899-12-31,3.0,5.1,3084283.0,DOE
6535.0,93.7,101.8,K099,1900-01-10,3.0,4.5,3171478.0,DOE
2939.0,126.1,111.4,X061,1900-02-13,2.0,4.7,2009865.0,DOE
1375.0,101.6,132,K191,1900-01-11,3.0,7.7,3036635.0,DOE
0.0,Not Available,936.2,Margaretville WWTP,1899-12-30,6.0,39.8,0.0,DEP
335.0,130.1,89.9,M022,1899-12-31,1.0,3.2,1004070.0,DOE
2587.0,68.5,63.6,Willow Avenue Shelter Campus: Willow Avenue Men's Shelter,1899-12-31,2.0,1.7,2003989.0,DHS
3287.0,146.6,153.6,K376,1899-12-31,3.0,5.3,3075074.0,DOE
1695.0,260.9,239.5,Langston Hughes Community Library,1900-02-07,4.0,7.6,4437193.0,QPL
1223.0,125.8,131.9,M118,1900-01-04,1.0,7.3,1032522.0,DOE
1940.0,220.8,225.7,M970,1900-02-03,1.0,7.3,1058843.0,DOE
9680.0,234.9,190.6,Queens Civil Court,1899-12-31,4.0,5.7,4448759.0,DCAS
947.0,209.8,207.3,Park Slope North Child Development Center Inc. (Leased),1900-02-22,3.0,7.4,3019440.0,ACS
1310.0,342.8,341.6,Precinct,1899-12-31,3.0,11.1,3034563.0,NYPD
1134.0,11.1,10.1,Lincoln Center Campus: Avery Fisher Hall,1899-12-31,1.0,0.3,1081023.0,CIG
2443.0,Not Available,280.9,X790,1900-03-18,2.0,8.1,2103486.0,DOE
3024.0,113.6,108.1,"X085 within (X085, X885)",1900-01-20,2.0,4.7,2011054.0,DOE
675.0,508.1,579.8,Manhattan 6 District Garage (Leased),1900-02-07,1.0,24.4,1012275.0,DSNY
3492.0,83.8,91.7,Q071,1900-01-06,4.0,3.9,4083519.0,DOE
1681.0,687.5,686.2,Animal Shelter - Manhattan,1900-02-05,1.0,23.5,1052845.0,DOHMH
76.0,166.8,143.1,Snug Harbor Campus: Bldg T/Music Hall,1900-07-18,5.0,5.1,5000000.0,CIG
1111.0,367.4,598.9,Precinct,1899-12-31,1.0,17.5,1083819.0,NYPD
5603.0,94,104.2,K131,1899-12-31,3.0,5.6,3136085.0,DOE
8256.0,150.6,103.8,K115,1899-12-31,3.0,4.1,3232559.0,DOE
6642.0,322.9,385.1,Council Center for Senior Citizens (Leased),1900-02-13,3.0,10.3,3176314.0,DFTA
7870.0,304.5,240.7,Q208,1900-03-10,4.0,8.1,4529898.0,DOE
3732.0,102.1,96.3,"R038 within (R038, R816)",1900-01-05,5.0,4.2,5054213.0,DOE
354.0,98.9,117.6,M025,1900-03-20,1.0,4.7,1004323.0,DOE
6262.0,113.2,110.6,R036,1900-01-11,5.0,5.6,5107742.0,DOE
191.0,88.6,87.1,K038,1899-12-31,3.0,4.7,3001183.0,DOE
4769.0,120.5,117.5,"K208 within (K208, K972)",1900-01-24,3.0,5,3105680.0,DOE
99999.0,113.5,Not Available,X978 (closed),1927-05-17,2.0,0,2000000.0,DOE
2128.0,115.8,99,Q175,1900-01-13,4.0,5.3,4051200.0,DOE
1079.0,143.7,121.5,M535,1900-01-28,1.0,5.7,1083802.0,DOE
2454.0,143.9,165.6,Offices,1899-12-31,3.0,4.4,3335965.0,DOT
1104.0,349.6,949,"Manhattan 4, 4A, 7 District Garage; Salt",1899-12-31,1.0,42.4,1087609.0,DSNY
1859.0,124.2,101,M145,1899-12-31,1.0,4.7,1076625.0,DOE
3866.0,71.5,106.2,Forest Park DPR Shops,1900-03-10,4.0,3.8,4439147.0,DPR
1789.0,305.7,340,Worlds Fair Marina,1900-03-05,4.0,9,4000000.0,DPR
9679.0,71.9,96,Q882,1900-03-07,4.0,4.8,4448758.0,DOE
2424.0,101.9,99.6,X145,1899-12-31,2.0,5.4,2097111.0,DOE
3120.0,654.4,713.9,Bronx Zoo Campus: Zoo Center,1900-01-19,2.0,36,2123911.0,CIG
2866.0,159.7,134.9,X082,1900-03-10,2.0,6.7,2008460.0,DOE
495.0,265.5,272.7,Ladder Co. 20 and Medical and BFI Division,1900-01-06,1.0,9.3,1007523.0,FDNY
2462.0,355.1,326.2,Bronx Museum of the Arts,1899-12-31,2.0,10.7,2002826.0,CIG
237.0,217.9,184.6,Brooklyn Appellate Court,1899-12-31,3.0,5.5,3001881.0,DCAS
2605.0,344.9,359.2,Rikers Island AMKC Campus: Buildings 3&4,1900-02-08,2.0,14.6,0.0,DOC
4555.0,22.6,32.9,Brooklyn Lot Cleaning and Salt Shed,1899-12-31,3.0,1.2,3099064.0,DSNY
5141.0,121.5,153.5,"X180 within (X153, X178, X180, X181, X455, X456)",1900-05-29,2.0,5.3,2116158.0,DOE
3247.0,106.5,174.1,Music Building,1899-12-31,2.0,4.6,2097318.0,CUNY-S
1957.0,251.1,202.8,Spitzer School of Architecture,1899-12-31,1.0,5.5,1084073.0,CUNY-S
1000.0,117,140.1,K039,1899-12-31,3.0,5.5,3021932.0,DOE
2714.0,148.8,122.2,X116,1900-01-03,2.0,3.7,2005660.0,DOE
6618.0,267.1,190.4,K237,1899-12-31,3.0,5.4,3396829.0,DOE
2423.0,86,82.9,K019,1899-12-31,3.0,4.3,3063188.0,DOE
2503.0,107.3,94.9,"Q073 within (Q073, Q873)",1900-01-30,4.0,4.8,4058611.0,DOE
5778.0,451,411.7,Harbor Unit Charlie,1899-12-31,3.0,12.6,3257058.0,NYPD
2675.0,247.4,302.7,Engine Co. 73 and Ladder Co. 42,1900-01-31,2.0,10.4,2094318.0,FDNY
9.0,126,118.1,Richmond Health Center,1900-01-08,5.0,5.3,5000089.0,DOHMH
3542.0,106.7,121.5,K263,1899-12-31,3.0,6.2,3081442.0,DOE
7291.0,96.2,103.5,K153,1900-01-29,3.0,4.3,3196677.0,DOE
7185.0,118.1,122.8,"K540 within (K540, K541)",1900-01-19,3.0,6.5,3194998.0,DOE
3120.0,654.4,713.9,Bronx Zoo Campus: Reptile House,1900-01-19,2.0,36,2123911.0,CIG
2605.0,344.9,392.4,Rikers Island Telecom / SOD / COD,1900-02-08,2.0,15.5,2000000.0,DOC
2571.0,128.6,116.3,X065,1899-12-31,2.0,5.6,2003834.0,DOE
913.0,102.2,103.9,M116,1900-01-06,1.0,5,1020080.0,DOE
3442.0,99.4,103.6,K384,1899-12-31,3.0,4.2,3080043.0,DOE
1389.0,118.3,108,K167,1900-02-03,3.0,4.8,3037303.0,DOE
1901.0,76.1,152.6,Q013,1900-02-08,4.0,5.1,4437297.0,DOE
2078.0,114.1,85.6,M153,1900-01-18,1.0,3.2,1081834.0,DOE
1880.0,97.5,89.2,M165,1900-01-12,1.0,3.6,1056676.0,DOE
1148.0,144.8,147.9,K022,1900-02-18,3.0,5.2,3028281.0,DOE
12019.0,106.4,78.9,"Q123 within (Q123, Q965)",1900-01-09,4.0,3.6,4260828.0,DOE
3549.0,95.8,116.2,Q075,1900-02-12,4.0,5.7,4085584.0,DOE
6903.0,74.9,80.3,Q216,1899-12-31,4.0,4.2,4149078.0,DOE
1043.0,115.7,130.9,M058,1900-01-21,1.0,4.8,1025241.0,DOE
3838.0,174.8,125.3,K190,1900-01-17,3.0,4.7,3085491.0,DOE
2212.0,243.6,347,Bronx 7 & Bronx 8 & Manhattan 8 District Garage Campus: Garage,1899-12-31,1.0,17,1082036.0,DSNY
4812.0,470.4,672,Kings County Hospital Campus: Food Service,1899-12-31,3.0,25.7,3329549.0,HHC
6278.0,92,99.6,K201,1900-01-21,3.0,4.1,3162973.0,DOE
1891.0,122.3,102,Q061,1900-01-31,4.0,4.5,4046834.0,DOE
6875.0,113.5,126.9,K101,1900-01-31,3.0,5.6,3185973.0,DOE
3281.0,211.2,205.3,"Engine Co. 271 and Ladder Co. 124, Batt. 28",1900-01-21,3.0,7.6,3074885.0,FDNY
1319.0,332.5,320.3,New Providence SRO (Single Room Occupancy) Residence,1900-01-10,1.0,10.6,1037587.0,DHS
3531.0,124.1,165.6,Friends of Crown Heights Educational Center Inc. (Leased),1900-01-22,3.0,5,3081165.0,ACS
3186.0,99,95.4,X859,1900-02-17,2.0,2.9,2014062.0,DOE
3775.0,150.8,149.1,"X976 within (X077, X976, X982)",1900-01-24,2.0,6.8,2088553.0,DOE
2877.0,272.9,211.3,Lutheran Social Services of NY (Leased),1901-06-05,2.0,5.6,2008966.0,ACS
2450.0,193,200.9,R058,1900-10-31,5.0,7.1,5145698.0,DOE
5799.0,Not Available,147.5,K971,1900-02-06,3.0,5,3143927.0,DOE
4363.0,507.6,598,Animal Shelter - Brooklyn,1899-12-31,3.0,22.4,3097756.0,DOHMH
7196.0,85.5,106.4,K216,1899-12-31,3.0,4.6,3195175.0,DOE
5492.0,95.6,102.3,K180,1899-12-31,3.0,4.5,3130809.0,DOE
2766.0,119,117.8,X048,1899-12-31,2.0,6.2,2006680.0,DOE
18.0,84.7,86.5,R016,1900-01-14,5.0,4.3,5000291.0,DOE
2066.0,265.2,202.6,Precinct,1900-01-08,1.0,6.9,1081826.0,NYPD
6036.0,76,78.1,Bay Ridge Municipal Garage,1899-12-31,3.0,2.1,3153196.0,DOT
6965.0,84.4,117.3,K239,1900-05-19,3.0,6.7,3188221.0,DOE
1748.0,79.5,83.1,K256,1900-01-19,3.0,4.5,3049769.0,DOE
279.0,116.6,124.6,M001,1900-02-08,1.0,4.9,1003375.0,DOE
2377.0,275.7,241.9,"Engine Co. 71 and Ladder Co. 55, Division 6",1899-12-31,2.0,8.9,2001400.0,FDNY
7490.0,303.5,310.1,Medical Arts Building,1900-01-01,4.0,11.5,4439438.0,CUNY-C
1281.0,160.1,154.1,Q885,1900-02-06,4.0,4.6,4029691.0,DOE
6740.0,60.7,101.3,K199,1900-01-24,3.0,4.2,3180761.0,DOE
1988.0,101.8,91.7,"M192 within (M192, M848)",1900-06-14,1.0,3.7,1084132.0,DOE
6697.0,121.8,140.8,Q165,1900-01-11,4.0,7.2,4144881.0,DOE
5890.0,119.8,110.6,K102,1899-12-31,3.0,4.9,3146491.0,DOE
7067.0,198,171.1,Engine Co. 168,1900-09-08,5.0,5.9,5851738.0,FDNY
2687.0,8,774.2,McCarren Park Recreation Center,1899-12-31,3.0,26.7,3338037.0,DPR
2364.0,85.9,81.7,R072,1899-12-31,5.0,3.4,5037524.0,DOE
2111.0,Not Available,278.6,Brooklyn Academy of Music (BAM Richard B. Fisher Building),1900-01-10,3.0,8.3,3059184.0,CIG
1713.0,85.5,91.7,M435,1899-12-31,1.0,3.8,1053152.0,DOE
381.0,143.1,139.1,M034,1900-02-06,1.0,7.3,1004564.0,DOE
3641.0,95.2,97.4,X100,1899-12-31,2.0,5.4,2022550.0,DOE
1183.0,290.7,308.4,Brooklyn Museum,1900-01-25,3.0,10.6,3029667.0,CIG
962.0,238.9,220.3,Bellevue Men's Shelter,1900-04-06,1.0,10.4,1087298.0,DHS
2909.0,107.8,102.9,X058,1900-01-31,2.0,5.3,2009540.0,DOE
4327.0,Not Available,742.4,Police Academy,1899-12-31,4.0,25.1,4537931.0,NYPD
3983.0,164.9,119.6,X012,1899-12-31,2.0,4.2,2041864.0,DOE
7490.0,303.5,310.2,Humanities Building,1900-01-01,4.0,11.5,4439431.0,CUNY-C
2112.0,137.9,131.6,M090,1900-02-26,1.0,4.2,1076741.0,DOE
3092.0,105.5,108.7,X092,1900-01-13,2.0,4.6,2012620.0,DOE
6777.0,247.4,225.3,"Engine Co. 276 and Ladder Co. 156, Batt. 33",1900-03-04,3.0,7.9,3182420.0,FDNY
4624.0,123.9,105.5,X041,1900-01-14,2.0,5.1,2056898.0,DOE
408.0,109.2,114.5,"M445 within (M445, M447)",1900-01-29,1.0,5,1005283.0,DOE
1957.0,133.1,147.4,M540,1900-03-18,1.0,6.1,1059409.0,DOE
10099.0,33.1,289.1,Science Building,1900-02-20,4.0,9.2,4215611.0,CUNY-S
1621.0,369.3,372.6,La Marqueta Retail Mkt./Bldg 4,1902-09-25,1.0,13.1,1088471.0,EDC
4812.0,470.4,672,Kings County Hospital Campus: Central Laundry,1899-12-31,3.0,25.7,3327681.0,HHC
8616.0,78.7,78.7,Q133,1899-12-31,4.0,3.3,4175739.0,DOE
1745.0,221.2,215.9,East 119th Street Veterans Residence,1900-01-04,1.0,8.1,1076434.0,DHS
9723.0,113.8,102.9,Q117,1900-05-29,4.0,4.6,4208040.0,DOE
2898.0,189.6,171.2,X876,1899-12-31,2.0,5.2,2094564.0,DOE
171.0,179.5,150.2,Manhattan Family Court,1900-01-30,1.0,5,1001842.0,DCAS
3013.0,181.2,177.4,X878,1899-12-31,2.0,5.9,2010945.0,DOE
1214.0,88.6,93.9,M009,1900-01-28,1.0,5.1,1032119.0,DOE
2504.0,204.5,167.8,"X073 within (X073, X873)",1900-03-22,2.0,9.6,2003051.0,DOE
12151.0,125.4,127.4,"Q040 within (Q040, Q988)",1899-12-31,4.0,5.7,4263341.0,DOE
5937.0,45.4,90,Wave Hill Campus: Glyndor House,1901-03-15,2.0,3.7,2117850.0,CIG
1800.0,262.6,247.2,Precinct,1900-01-02,3.0,8.6,3050453.0,NYPD
7261.0,158,176.4,MTD Troop E,1900-05-29,3.0,9.8,3196377.0,NYPD
8760.0,293.6,302.1,Temporary Building #2,1900-02-28,3.0,10.2,3852580.0,CUNY-C
6507.0,112.3,139,"Q425 within (Q425, Q426, Q951)",1899-12-31,4.0,6,4439900.0,DOE
7552.0,319.2,565.2,William James Hall,1900-04-09,3.0,14.9,3347326.0,CUNY-S
1926.0,91.8,90,K117,1900-01-09,3.0,4.6,3055165.0,DOE
4125.0,185.1,188.2,X981,1900-01-14,2.0,6.2,2117664.0,DOE
8227.0,88.5,92,K211,1899-12-31,3.0,4.9,3326732.0,DOE
447.0,292.6,304.1,Precinct,1900-02-15,1.0,9,1006254.0,NYPD
807.0,Not Available,56.9,School of Professional Studies,1900-01-27,1.0,1.5,1015181.0,CUNY-S
111.0,658.7,569.8,Alfred E. Smith Recreation Center,1900-06-08,1.0,27.8,1083357.0,DPR
2627.0,110.9,75.5,"X840 within (X140, X840)",1900-01-08,2.0,2.9,2004469.0,DOE
8760.0,293.6,302.4,Temporary Building #4,1900-02-28,3.0,10.2,3852582.0,CUNY-C
3091.0,67.8,69.5,K147,1899-12-31,3.0,3.1,3071418.0,DOE
1528.0,117.3,106.2,K073,1899-12-31,3.0,4.4,3041561.0,DOE
11475.0,125.6,127.1,Q108,1900-01-10,4.0,4.8,4247572.0,DOE
3222.0,95.3,122.6,Sage Hall,1900-03-02,2.0,3.3,2100254.0,CUNY-C
7490.0,303.5,310.1,Kurt Schmeller Library,1900-01-01,4.0,11.5,4444187.0,CUNY-C
1111.0,2132.3,2288.9,Wollman Rink,1899-12-31,1.0,66.5,1000000.0,DPR
1819.0,449.9,456.5,Icahn Stadium,1900-07-21,1.0,12.8,1085920.0,DPR
2605.0,344.9,359.2,Rikers Island AMKC Campus: Module 1,1900-02-08,2.0,14.6,0.0,DOC
3711.0,119.4,102,X152,1899-12-31,2.0,5.2,2023336.0,DOE
1070.0,211.6,230.2,MSTF,1900-02-12,1.0,7.8,1026909.0,NYPD
3788.0,107.5,103.7,K435,1899-12-31,3.0,4.3,3084440.0,DOE
1901.0,379.6,143.9,Lenox Avenue Health Center,1900-01-28,1.0,4.7,1057405.0,HHC
2930.0,114.6,120.8,X004,1899-12-31,2.0,4.9,2009659.0,DOE
9684.0,142.5,134,Q082,1900-01-07,4.0,5.1,4206905.0,DOE
904.0,156.6,149.9,M047,1900-01-23,1.0,5.7,1019775.0,DOE
4388.0,150.4,354.2,Brooklyn South 16 District Garage,1899-12-31,3.0,21.1,3097871.0,DSNY
4839.0,133.4,96.2,X021,1900-02-07,2.0,5.2,2063435.0,DOE
3243.0,342.2,367.4,Stockholm Street Family Residence,1900-02-12,3.0,15.3,3073772.0,DHS
7482.0,89.7,96.3,Q203,1900-11-12,4.0,5.1,4161005.0,DOE
9155.0,127.4,116.7,Q063,1900-01-24,4.0,4.6,4190727.0,DOE
1873.0,155.4,135.7,Q722,1900-02-18,4.0,4.6,4462647.0,DOE
7274.0,174.9,158.7,K370,1900-04-16,3.0,5.5,3196587.0,DOE
880.0,100,95.7,Q122,1899-12-31,4.0,4,4019633.0,DOE
1141.0,122.4,116.2,K909,1900-01-04,3.0,4.2,3027982.0,DOE
1296.0,215,196.2,Friends of Crown Heights #3 (Leased),1899-12-31,3.0,6.4,3034153.0,ACS
1671.0,55.1,105.6,Manhattan 11 District Garage,1899-12-31,1.0,5.5,1052640.0,DSNY
1692.0,134.6,128.2,K021,1900-01-16,3.0,6.8,3047914.0,DOE
3182.0,94.4,80.9,X896,1900-01-03,2.0,2.2,2088408.0,DOE
15861.0,202.1,151.3,"Q806 within (Q106, Q727, Q806)",1900-02-03,4.0,5.5,4441244.0,DOE
880.0,204.6,261.3,William and Anita Newman Vertical,1900-01-23,1.0,8,1086514.0,CUNY-S
778.0,124.4,119,K220,1900-01-22,3.0,5.3,3012824.0,DOE
7898.0,131.5,116.4,"R802 within (R001, R802)",1899-12-31,5.0,5,5107854.0,DOE
594.0,83.2,81.1,Q017,1899-12-31,4.0,4.1,4007663.0,DOE
3120.0,654.4,713.9,Bronx Zoo Campus: World of Birds,1900-01-19,2.0,36,2123911.0,CIG
2605.0,344.9,480.1,Rikers Island RMSC Campus: Rikers Island RMSC Campus: Dorms 17-20,1900-02-08,2.0,17.8,0.0,DOC
5141.0,121.5,153.5,"X178 within (X153, X178, X180, X181, X455, X456)",1900-05-29,2.0,5.3,2116161.0,DOE
805.0,281.4,230.1,M920,1900-01-16,1.0,7.9,1015148.0,DOE
6517.0,229,223.1,Colden Auditorium,1899-12-31,4.0,7.5,4439917.0,CUNY-S
4474.0,146,144.7,"X097 within (X097, X917, X997)",1899-12-31,2.0,5,2052739.0,DOE
724.0,165.7,141.1,M033,1900-01-22,1.0,5.5,1012829.0,DOE
3489.0,202.8,185.4,Brownsville Branch Library,1900-05-29,3.0,6,3080669.0,BPL
3772.0,250.7,271.1,K848,1900-01-05,3.0,7.2,3084298.0,DOE
5261.0,146.5,146.5,Q025,1899-12-31,4.0,7.3,4119139.0,DOE
1380.0,204.5,247.4,Roosevelt House,1900-01-29,1.0,7.4,1041133.0,CUNY-S
1111.0,482.1,522.2,Metropolitan Museum of Art,1899-12-31,1.0,18.9,1083810.0,CIG
3272.0,121.3,381,New York Botanical Garden Campus: Charles B. Harding Laboratory Building,1899-12-31,2.0,12.8,2820080.0,CIG
192.0,112.5,114.9,K656,1899-12-31,3.0,5.1,3001189.0,DOE
1084.0,176.6,177.5,Westport Building,1900-01-24,1.0,4.7,1086199.0,CUNY-S
2123.0,299.3,253.5,M876,1900-02-13,1.0,7.4,1085733.0,DOE
3317.0,90.3,99.7,K116,1899-12-31,3.0,5,3075909.0,DOE
2632.0,102.4,104.9,X146,1900-01-26,2.0,4.8,2004498.0,DOE
5600.0,113.5,121.8,K164,1899-12-31,3.0,5.1,3135976.0,DOE
2747.0,87.7,91.2,X075,1899-12-31,2.0,3.8,2006079.0,DOE
5900.0,Not Available,44.5,Alamo Building,1901-05-14,5.0,1.2,5130986.0,DSNY
3579.0,147.4,155.5,Q068,1899-12-31,4.0,5.2,4437837.0,DOE
3926.0,96.8,93.9,K108,1900-02-13,3.0,3.6,3087131.0,DOE
1665.0,234.3,248.4,Macon Branch Library,1899-12-31,3.0,8.3,3046408.0,BPL
76.0,166.8,143.1,Snug Harbor Campus: Bldg R/Great Hall,1900-07-18,5.0,5.1,5000000.0,CIG
354.0,79.9,69.2,Q076,1899-12-31,4.0,2.6,4004331.0,DOE
1612.0,96.2,101.1,M013,1900-02-18,1.0,5,1051515.0,DOE
3377.0,95.3,92.5,K106,1899-12-31,3.0,3.8,3077286.0,DOE
2391.0,97.8,91.7,K084,1899-12-31,3.0,4.2,3062766.0,DOE
1982.0,216.3,326.1,Precinct,1900-02-06,1.0,14.9,1076682.0,NYPD
3222.0,95.3,122.6,Gould Memorial Library,1900-03-02,2.0,3.3,2100243.0,CUNY-C
3246.0,Not Available,576.9,Command,1900-01-04,3.0,18.3,3073816.0,NYPD
2788.0,81.4,147.1,Williamsburg Health Center,1900-02-01,3.0,6.3,3069604.0,DOHMH
2605.0,344.9,429,Rikers Island GMDC Campus: East Sprungs & WS,1900-02-08,2.0,16.5,0.0,DOC
177.0,271.3,269.5,Offices Support Services and Fraud Investigation(Leased),1900-01-01,1.0,7.1,1001971.0,HRA
12062.0,144.5,151.9,Alpha Kappa Alpha Sorority Child Care Center (Leased),1900-02-19,4.0,4,4261925.0,ACS
12495.0,109.1,84.2,Q072,1900-09-26,4.0,3.7,4270059.0,DOE
4739.0,144.6,165.5,K244,1899-12-31,3.0,6.4,3104513.0,DOE
2173.0,134.8,168.8,"M847 within (M152, M847)",1899-12-31,1.0,8.9,1064149.0,DOE
0.0,111.9,92.4,Clay Street Storage,1899-12-30,3.0,2.4,3000000.0,DOT
1.0,3789.2,244.5,Ferry Maintenance Shop,1900-03-10,5.0,8.4,5132949.0,DOT
12599.0,137.5,123.7,Babove Worldwide Institute Inc. (Leased),1900-01-07,4.0,4.2,4271346.0,ACS
190.0,242.2,248.6,Precinct,1900-02-01,1.0,9,1002168.0,NYPD
1919.0,119.1,146.1,M175,1900-01-05,1.0,8.3,1058248.0,DOE
5103.0,159.6,165,K006,1900-03-19,3.0,5.9,3117230.0,DOE
70.0,392.9,412.1,Office HRA Commissioner and Program Adm (Leased),1900-01-31,1.0,14.1,1001134.0,HRA
9067.0,91.8,107,Q210,1899-12-31,4.0,4.9,4188567.0,DOE
343.0,87.9,73.4,Q204,1899-12-31,4.0,3,4004156.0,DOE
134.0,318.9,287.7,Precinct,1900-01-05,3.0,9.9,3000252.0,NYPD
969.0,244.9,219,"Maintenance Facility (BWSO, FMC) (Leased)",1900-01-21,1.0,9.5,1083653.0,DEP
1044.0,303.7,236.3,Precinct,1900-02-06,1.0,8.3,1082822.0,NYPD
4794.0,107.4,112,"K891 within (K091, K891)",1900-01-25,3.0,4.9,3106599.0,DOE
2340.0,191.4,201.7,Rider Job Center #38 (Leased),1900-03-12,2.0,6.6,2000978.0,HRA
3142.0,249.7,241,"X163 within (X163, X933)",1900-02-16,2.0,9.6,2013297.0,DOE
1152.0,99.4,106.3,M191,1900-01-28,1.0,5.5,1030320.0,DOE
5313.0,171.5,156.8,"X014 within (X014, X947)",1900-04-01,2.0,5.8,2072754.0,DOE
241.0,371,399.4,Manhattan 3 District Garage,1900-01-12,1.0,17.4,1078939.0,DSNY
2668.0,123,140.5,"X650 within (X650, X962)",1899-12-31,2.0,5.4,2004807.0,DOE
2435.0,122.9,122.8,"X851 within (X053, X851, X874)",1900-03-15,2.0,6.2,2002299.0,DOE
2446.0,103.4,99.9,X035,1900-02-11,2.0,3.7,2101573.0,DOE
6406.0,208.1,179.2,Precinct,1900-02-13,3.0,6.2,3167815.0,NYPD
3568.0,233.5,170.4,SCO Family of Services (Leased),1899-12-31,3.0,4.5,3326658.0,ACS
3059.0,112.9,128.7,X435,1899-12-31,2.0,7,2011810.0,DOE
1184.0,127.6,137.1,Q152,1900-01-13,4.0,6.7,4027102.0,DOE
1654.0,100.5,78.3,M495,1900-02-01,1.0,3.1,1075643.0,DOE
5103.0,132.8,Not Available,K884 (closed),1900-04-10,3.0,0,3117232.0,DOE
2710.0,99.9,93.9,X039,1899-12-31,2.0,4.4,2005616.0,DOE
1230.0,137.8,151.1,Albany Day Care and Senior Center (Leased),1900-02-12,3.0,4.5,3031082.0,ACS
932.0,905.7,915.1,Public Health Laboratory,1900-01-16,1.0,38.3,1020610.0,DOHMH
458.0,211.6,415.6,Manhattan Bowery Shelter,1900-01-10,1.0,21.9,1006546.0,DHS
241.0,100.8,84.5,EMS 4,1900-01-12,1.0,2.2,1805208.0,FDNY
2456.0,77.8,131.5,"X890 within (X090, X890)",1900-04-09,2.0,6.7,2002745.0,DOE
3609.0,134.4,124.1,"X138 within (X138, X938)",1900-01-15,2.0,6.7,2022289.0,DOE
577.0,131.3,122.1,M883,1900-01-18,1.0,3.8,1009713.0,DOE
3923.0,185.8,173.5,Arlington Branch Library,1900-02-20,3.0,5.9,3087001.0,BPL
3044.0,260.8,256.9,Trabajamos Community Head Start Inc. (Leased),1900-01-23,2.0,6.8,2011440.0,ACS
9226.0,120.8,138.4,"Q056 within (Q056, Q995)",1900-02-25,4.0,6.2,4192689.0,DOE
4126.0,79.5,63.8,Morris Park Branch Library,1900-02-08,2.0,2,2045398.0,NYPL
7490.0,303.5,542.3,Y2 Building,1900-01-01,4.0,17.6,4439437.0,CUNY-C
5850.0,210.1,198.4,"K485 within (K485, K977)",1900-01-29,3.0,7.5,3144482.0,DOE
9677.0,210.9,205.8,Q733,1900-01-15,4.0,6.1,4206785.0,DOE
3047.0,60.2,68.9,Bronx Lot Cleaning,1900-02-18,2.0,3,2011508.0,DSNY
5605.0,135.8,111.9,R042,1899-12-31,5.0,5.6,5074394.0,DOE
2330.0,113.4,118.9,K650,1900-01-10,3.0,5.5,3062135.0,DOE
1190.0,152.7,96.2,BBG Technical Services Center,1900-03-01,3.0,3.3,3029723.0,CIG
1288.0,150.1,169.9,School of Business and Student Services,1899-12-31,3.0,6,3033796.0,CUNY-S
962.0,571.6,626.1,Chief Medical Examiners Building,1899-12-31,1.0,22.9,1022053.0,OCME
8158.0,92.1,107,K260,1900-02-08,3.0,6.1,3229156.0,DOE
2605.0,344.9,392.1,Rikers Island JATC Campus: Rikers Island JATC Campus: JATC Detention Facility,1900-02-08,2.0,15.5,0.0,DOC
227.0,80,202.8,"R019 within (R019, R817)",1900-01-23,5.0,9,5006175.0,DOE
5440.0,139.9,145.4,X072,1899-12-31,2.0,6.1,2077162.0,DOE
3241.0,186,171.1,DeKalb Branch Library,1900-01-17,3.0,5.9,3073751.0,BPL
3307.0,255.6,286.8,Precinct,1900-01-21,3.0,9,3326387.0,NYPD
270.0,506.4,578.6,Gouverneur Health Care Services,1900-01-31,1.0,22,1003224.0,HHC
7552.0,319.2,565.3,Roosevelt Hall Extension,1900-04-09,3.0,14.9,3205787.0,CUNY-S
2165.0,83.2,99.9,M233,1900-03-09,1.0,4.6,1063959.0,DOE
2969.0,88.4,89.5,X136,1899-12-31,2.0,4.3,2010344.0,DOE
4823.0,106.2,107.9,"X103 within (X103, X923)",1899-12-31,2.0,4.4,2062883.0,DOE
3027.0,412,273.8,Q247,1900-02-05,4.0,8.2,4070445.0,DOE
3246.0,106.5,174.7,Reservoir Building- H.S. (DOE),1900-01-01,2.0,4.7,2015222.0,CUNY-S
1212.0,337.4,347.9,Precinct,1900-02-06,1.0,12.8,1032028.0,NYPD
2179.0,312.2,412.3,"The Cloisters, Fort Tryon Park and MET (Leased)",1901-12-01,1.0,10.9,1064383.0,CIG
458.0,266.1,226.8,Kenton Hotel Shelter,1900-01-03,1.0,8.1,1079828.0,DHS
1570.0,499.3,551.9,Metropolitan Museum of Art Storage,1900-01-28,1.0,19.4,1050735.0,CIG
2529.0,120.5,95.8,X011,1900-03-21,2.0,3.8,2003519.0,DOE
2605.0,344.9,429,Rikers Island GMDC Campus: Rikers Island GMDC Campus: GMDC Detention Facility,1900-02-08,2.0,16.5,2097042.0,DOC
1747.0,97,93.7,M079,1899-12-31,1.0,4.5,1053968.0,DOE
4039.0,179.4,157.6,Urban Strategies Day Care Center (Leased),1899-12-31,3.0,4.2,3089620.0,ACS
2876.0,77.8,108.1,X824,1900-01-07,2.0,4.8,2008794.0,DOE
3188.0,132.2,102.9,X033,1900-01-19,2.0,5.6,2014099.0,DOE
1167.0,113.2,111.6,K316,1900-01-17,3.0,5.7,3029246.0,DOE
2605.0,344.9,359.2,Rikers Island AMKC Campus: Pantry Buildings 5,1900-02-08,2.0,14.6,0.0,DOC
185.0,687.2,789.9,Port Richmond WPCP Campus: BIN 5156442,1901-02-03,5.0,24,5156442.0,DEP
4905.0,99.9,116.7,X112,1901-05-14,2.0,6.9,2065991.0,DOE
8.0,254.7,309.4,130 Stuyvesant Place Office,1900-03-10,5.0,11.7,5000085.0,DCAS
7916.0,86.7,84.9,K855 (Leased),1899-12-31,3.0,3.1,3221964.0,DOE
2830.0,126.3,104.4,X088,1900-01-16,2.0,5.7,2094535.0,DOE
752.0,135.8,122.9,"Q925 within (Q151, Q925)",1899-12-31,4.0,5.4,4014094.0,DOE
2103.0,82.1,93.6,K113,1900-01-03,3.0,5,3059051.0,DOE
1674.0,103.4,100,K035,1900-01-10,3.0,4.3,3047054.0,DOE
3153.0,238.2,254.9,"Engine Co. 160 and Rescue 5, Division 8",1900-02-06,5.0,9.4,5046179.0,FDNY
3150.0,91,118.9,"X009 within (X009, X930)",1900-01-09,2.0,6.4,2013561.0,DOE
2276.0,203.1,196.9,Bushwick Job Center (Flushing) (Leased),1900-01-11,3.0,6,3061504.0,HRA
169.0,298.3,367,Brooklyn Criminal Court,1900-01-16,3.0,14.9,3000534.0,DCAS
3241.0,87.8,75,"K876 within (K274, K876)",1900-02-05,3.0,3.6,3073752.0,DOE
6544.0,64.5,70.2,R007,1899-12-31,5.0,3.7,5082345.0,DOE
4371.0,166.7,152,Q242,1900-06-21,4.0,5.3,4462993.0,DOE
3120.0,654.4,713.9,Bronx Zoo Campus: Sea Lion Exhibit,1900-01-19,2.0,36,2123911.0,CIG
7019.0,223.4,219.1,Coney Island Branch Library and Learning Ctr.,1900-02-11,3.0,6.8,3189001.0,BPL
3775.0,150.8,149.1,"X982 within (X077, X976, X982)",1900-01-24,2.0,6.8,2088553.0,DOE
140.0,255.3,203.2,K313,1900-01-09,3.0,6.1,3331741.0,DOE
4956.0,141.1,151,Q023,1900-02-23,4.0,5.5,4112106.0,DOE
2605.0,344.9,359.2,Rikers Island AMKC Campus: Pantry Buildings 3&4,1900-02-08,2.0,14.6,0.0,DOC
19.0,81.6,84,R600,1900-01-03,5.0,3.3,5000314.0,DOE
423.0,103.3,111.1,R030,1900-01-08,5.0,4.7,5113069.0,DOE
335.0,237.9,269.2,Communications Garage (Leased),1900-01-09,3.0,12.3,3004233.0,FDNY
5101.0,218.3,219,Property Clerk,1900-01-11,2.0,6.6,2071627.0,NYPD
2951.0,106,108,X193,1900-01-31,2.0,4.8,2094582.0,DOE
9264.0,195.9,110.8,Richmond Hill Community Library,1900-02-24,4.0,4.3,4193458.0,QPL
9724.0,102.4,108.3,"Q217 within (Q217, Q994)",1900-06-21,4.0,5.3,4208124.0,DOE
8760.0,293.6,303.3,Temporary Building #3,1900-02-28,3.0,10.2,3852581.0,CUNY-C
3969.0,125.4,101.2,"K302 within (K302, K974)",1899-12-31,3.0,4.7,3088357.0,DOE
4829.0,153.8,163.7,North Bronx NCNW Community Development Center (Leased),1900-01-05,2.0,4.3,2063070.0,ACS
3222.0,95.3,122.5,Polowczyk Hall,1900-03-02,2.0,3.3,2100241.0,CUNY-C
3358.0,95.5,84,K299,1899-12-31,3.0,3.6,3076734.0,DOE
6927.0,97,122.7,"Q173 within (Q173, Q723)",1900-01-21,4.0,7,4149690.0,DOE
1826.0,355.5,312.9,Bedford Health Center,1899-12-31,3.0,9.9,3051782.0,DOHMH
773.0,227.4,244.7,Muhlenberg Branch Library,1900-02-06,1.0,8.1,1014150.0,NYPL
174.0,19.2,130.1,K806,1899-12-31,3.0,5.3,3331754.0,DOE
2303.0,171.5,16.5,Lincoln Detox Center Clinic (Substance Abuse Division),1900-02-26,2.0,0.7,2000645.0,HHC
3952.0,Not Available,151.1,K814,1900-02-15,3.0,5,3397079.0,DOE
4044.0,113.4,136.8,Harbor Unit Launch,1899-12-31,4.0,6.4,4097874.0,NYPD
3341.0,198.2,196.1,Mosholu Branch Library,1900-03-16,2.0,6.7,2018123.0,NYPL
13640.0,Not Available,Not Available,Q374 (Leased),1899-12-31,4.0,0.4,4289717.0,DOE
4315.0,210.1,212.5,Friends of Crown Heights Educational Center Inc. (Leased),1900-02-08,3.0,5.7,3097095.0,ACS
1997.0,184.4,171,Bedford Branch Library and Learning Center,1900-01-31,3.0,5.7,3057384.0,BPL
3222.0,95.3,122.6,Nichols Hall,1900-03-02,2.0,3.3,2100249.0,CUNY-C
1668.0,76.4,84.9,M645,1899-12-31,1.0,4.2,1083927.0,DOE
274.0,38.9,33.2,Print Shop and Storage,1900-01-05,1.0,1.3,1079605.0,DSNY
1855.0,202.2,257.9,Precinct,1900-01-04,1.0,10.3,1055910.0,NYPD
2941.0,195.2,245.2,Crotona Park Pool and Bathhouse,1900-04-10,2.0,8.8,2114529.0,DPR
160.0,265.5,238.3,Manhattan Supreme Court,1900-01-20,1.0,9,1085748.0,DCAS
2595.0,89.8,86.2,K031,1899-12-31,3.0,3.7,3065299.0,DOE
1109.0,116.3,120.5,Q127,1900-01-15,4.0,5,4024487.0,DOE
1524.0,205.9,197.3,96th Street Branch Library,1900-03-04,1.0,6.8,1048501.0,NYPL
8929.0,96.9,86.2,"Q060 within (Q060, Q860)",1900-02-26,4.0,3.5,4184144.0,DOE
76.0,166.8,143.1,Snug Harbor Campus: Bldg H,1900-07-18,5.0,5.1,5000000.0,CIG
2665.0,261,223.9,Engine Co. 154 Communications Garage,1900-01-24,5.0,7.5,5041882.0,FDNY
1443.0,149.9,151.9,Q212,1900-01-18,4.0,5,4437128.0,DOE
9375.0,143.3,151.8,Queens West 9 District Garage (Leased),1900-09-17,4.0,5.8,4196969.0,DSNY
4829.0,470.4,672,"Kings County Hospital Campus: Buildings A, B, C",1899-12-31,3.0,25.7,3327711.0,HHC
4328.0,170.4,192.7,"K819 within (K819, K947)",1900-01-14,3.0,7.8,3097444.0,DOE
3224.0,242.7,275.5,X015,1900-01-08,2.0,10.2,2096013.0,DOE
3696.0,203,156.4,Glendale Community Library,1900-02-15,4.0,5.4,4090100.0,QPL
1109.0,72,71.7,West 59th Street MTS,1900-04-08,1.0,1.9,1076222.0,DSNY
8082.0,107.6,129.9,Q098,1900-10-11,4.0,5.8,4168629.0,DOE
921.0,443.8,437.8,Sunset Park Recreation Center and Pool House,1899-12-31,3.0,17.4,3337407.0,DPR
3037.0,154.3,158.8,X023,1900-03-19,2.0,6.2,2090472.0,DOE
1602.0,132.9,93,K081,1900-01-18,3.0,3.6,3043248.0,DOE
1156.0,155.2,139,M485,1900-01-29,1.0,5.3,1030341.0,DOE
998.0,216.5,199.6,M486,1900-02-09,1.0,7.1,1069583.0,DOE
878.0,135.4,136.9,M660,1900-01-15,1.0,5.6,1018014.0,DOE
2450.0,303.4,294.8,R043,1900-11-15,5.0,8.8,5149609.0,DOE
1797.0,96.8,101.6,M045,1900-04-09,1.0,3.8,1054786.0,DOE
525.0,116.8,132.4,K027,1899-12-31,3.0,5.5,3008342.0,DOE
2445.0,177.5,199.6,X460,1900-01-05,2.0,6.4,2109459.0,DOE
1430.0,81.7,68,M167,1900-01-04,1.0,3.3,1044058.0,DOE
1403.0,204.5,296.4,Thomas Hunter Hall,1899-12-31,1.0,10.3,1081418.0,CUNY-S
4986.0,131.2,147.9,"X918 within (X068, X918)",1900-03-21,2.0,7.4,2067852.0,DOE
479.0,289.4,294.1,Chinese Community Concern Parents,1899-12-31,1.0,9.6,1007156.0,ACS
3251.0,100.5,111.6,X445,1900-07-19,2.0,5.3,2094706.0,DOE
8760.0,293.6,302.5,Temporary Building #5,1900-02-28,3.0,10.2,3852583.0,CUNY-C
1967.0,374.3,317.6,BRC Women's Shelter,1900-03-08,3.0,8.5,3056327.0,DHS
3652.0,93.1,94.3,"X893 within (X093, X893)",1899-12-31,2.0,4.2,2097341.0,DOE
955.0,156.8,131.1,M844,1899-12-31,1.0,4.8,1022052.0,DOE
2420.0,272.1,224.6,Children Pride Early Learning Center,1900-02-08,2.0,8,2001910.0,ACS
3360.0,166.5,196.4,Q099,1899-12-31,4.0,10.9,4080168.0,DOE
3864.0,187.5,177.5,"X423 within (X420, X421, X423)",1899-12-31,2.0,8.2,2027459.0,DOE
777.0,359.8,380.5,"Fashion Institute of Technology (SUNY FIT), Bldg A, The David Dubinsky Student Center",1899-12-31,1.0,15.2,1014250.0,FIT
3478.0,100.3,93.8,X174,1900-01-17,2.0,4.3,2020580.0,DOE
1134.0,326.8,367.6,David H. Koch Theater (Leased),1899-12-31,1.0,14.8,1081022.0,CIG
4049.0,203.2,234.1,Engine Co. 90 and Ladder Co. 41,1900-02-17,2.0,8.6,2043470.0,FDNY
4562.0,310.9,287.2,Brooklyn North 5 District Garage (Leased),1899-12-31,3.0,12,3099068.0,DSNY
5937.0,45.4,90,Wave Hill Campus: Wave Hill Museum Building,1901-03-15,2.0,3.7,2101020.0,CIG
5713.0,0,102.7,Kingsbridge (Leased),1900-03-27,2.0,3.5,2087522.0,ACS
3212.0,117.2,101.5,Q144,1899-12-31,4.0,5,4076870.0,DOE
2112.0,312.9,386.5,Precinct,1900-01-09,1.0,12.8,1086200.0,NYPD
5674.0,191.4,207.2,"Q979 within (Q177, Q979)",1900-01-01,4.0,9.5,4128231.0,DOE
39.0,88.4,79.7,Bridges ERB Iron Shop,1899-12-31,3.0,2.4,3000089.0,DOT
3134.0,77,88.6,"Q174 within (Q174, Q935)",1900-01-23,4.0,4.6,4073904.0,DOE
7529.0,107.2,120.2,"Q415 within (Q415, Q416, Q943)",1899-12-31,4.0,6.3,4161735.0,DOE
1808.0,72.4,50.3,East Harlem Multi Service Center,1900-01-07,1.0,1.4,1054888.0,HRA
8760.0,293.6,302.3,Academic Village,1900-02-28,3.0,10.2,3326936.0,CUNY-C
1963.0,158.4,117,Q456,1900-01-04,4.0,3.4,4048306.0,DOE
6743.0,229,142.1,Kissena Hall,1900-01-28,4.0,4.6,4146646.0,CUNY-S
3560.0,216,172.4,Q876,1900-01-03,4.0,6.1,4085866.0,DOE
1205.0,102.2,85.5,M084,1900-01-05,1.0,4.4,1081042.0,DOE
2424.0,223.4,225.2,K319,1899-12-31,3.0,5.9,3063189.0,DOE
13307.0,438.9,449.6,Springfield Family Residence,1900-03-31,4.0,16.6,4430508.0,DHS
6821.0,110.8,118.9,K255,1900-05-02,3.0,6.7,3184034.0,DOE
2480.0,168.7,171.8,X235,1900-01-07,2.0,6.1,2097130.0,DOE
1402.0,398.2,413.8,Precinct,1900-01-24,1.0,15.2,1042471.0,NYPD
3069.0,125.1,137.5,"X118 within (X118, X932)",1899-12-31,2.0,5.6,2011995.0,DOE
5322.0,152,161.3,K917,1900-03-09,3.0,5.3,3328370.0,DOE
4965.0,85,118.6,"K869 within (K864, K869)",1899-12-31,3.0,5.5,3112334.0,DOE
2605.0,344.9,480.1,Rikers Island RMSC Campus: Rikers Island RMSC Campus: 800 Bed Addition,1900-02-08,2.0,17.8,0.0,DOC
4815.0,179.1,188.3,K397,1900-01-19,3.0,8.3,3107315.0,DOE
3886.0,Not Available,257.8,Q686,1902-03-10,4.0,8.1,4447233.0,DOE
5650.0,408.4,387.8,Orchard Beach Administration Building,1899-12-31,2.0,12.1,2097423.0,DPR
2155.0,206.7,190,"Engine Co. 93, Ladder Co. 45 and Batt. 13",1900-01-29,1.0,6.4,1075518.0,FDNY
6788.0,153.9,142.5,"K425 within (K425, K426)",1899-12-31,3.0,8,3182721.0,DOE
1719.0,143.3,325,Pelham Fritz Recreation Center,1899-12-31,1.0,16.8,1083967.0,DPR
14.0,Not Available,134.8,R059,1900-01-31,5.0,4.5,5000126.0,DOE
1016.0,92.1,370.8,TLC Inspections Facility,1900-02-13,4.0,13.9,4022499.0,TLC
3946.0,126.6,136.2,"X106 within (X106, X913)",1900-01-06,2.0,7.2,2041211.0,DOE
2631.0,92.4,105.1,X120,1900-02-16,2.0,6.1,2004496.0,DOE
10024.0,154.4,154.8,"Q050 within (Q050, Q850)",1900-01-11,4.0,6,4214461.0,DOE
8760.0,293.6,302.7,West Academic Cluster - Wing C,1900-02-28,3.0,10.2,3347724.0,CUNY-C
10093.0,289.1,280.9,Queens Family Court,1899-12-31,4.0,8.5,4438731.0,DCAS
3871.0,470.3,487.5,Flatlands Avenue Residence,1900-04-10,3.0,17.3,3332519.0,DHS
1183.0,227.8,362.3,Brooklyn Botanical Garden Campus: Brooklyn Botanical Garden Service Garage,1899-12-31,3.0,13.4,3337842.0,CIG
1467.0,179.7,207.8,K854,1900-01-26,3.0,5.5,3039391.0,DOE
3253.0,96.4,104.4,X143,1900-05-20,2.0,5.6,2015547.0,DOE
3154.0,668.2,320.2,Bronx Library Center (Leased),1900-03-23,2.0,9.1,2116006.0,NYPL
3278.0,160.5,163.2,X054,1900-01-13,2.0,5.7,2113630.0,DOE
3073.0,204.5,181.2,Belmont Branch Library,1900-01-19,2.0,6.1,2012129.0,NYPL
3906.0,246.5,271.2,Precinct,1899-12-31,5.0,9.2,5107580.0,NYPD
3324.0,221.1,179.2,Bushwick Health Center,1899-12-31,3.0,6.4,3076115.0,DOHMH
544.0,349.8,625.7,The Public Theater,1900-01-15,1.0,19.5,1008774.0,CIG
2866.0,Not Available,137.8,X338,1900-04-14,2.0,3.8,2008470.0,DOE
1587.0,925,876.9,Asphalt Green Recreation Facility,1899-12-31,1.0,27.4,1085696.0,DPR
5103.0,98.1,97.2,K877,1900-04-02,3.0,3.9,3338996.0,DOE
0.0,Not Available,869,Grand Gorge WWTP,1899-12-30,6.0,40,0.0,DEP
1554.0,135.5,133.4,K894,1900-01-15,3.0,4.5,3042309.0,DOE
2150.0,155.8,156,"M005 within (M005, M921)",1900-01-29,1.0,5.3,1084201.0,DOE
6631.0,103.5,101.7,K177,1899-12-31,3.0,4.2,3175834.0,DOE
3433.0,122.3,122.7,Labor and Industry for Education Inc.,1900-01-04,3.0,3.5,3079655.0,ACS
5002.0,114.4,119.4,Q460,1899-12-31,4.0,6.3,4113172.0,DOE
1823.0,104.2,113.7,K458,1900-02-06,3.0,4.3,3051641.0,DOE
9914.0,108.2,98.1,"Q095 within (Q095, Q910)",1899-12-31,4.0,4,4446042.0,DOE
3234.0,425,387.1,Precinct,1900-01-21,4.0,12.4,4077446.0,NYPD
940.0,Not Available,Not Available,K133 (closed),1900-03-05,3.0,0,3000000.0,DOE
777.0,355.7,376.4,"Fashion Institute of Technology (SUNY FIT), Bldg B, Business and Liberal Arts Center",1899-12-31,1.0,15,1014250.0,FIT
10756.0,100.8,124.1,"Q033 within (Q033, Q931)",1899-12-31,4.0,5.3,4230589.0,DOE
581.0,127.3,116.6,M641,1900-02-22,1.0,4.6,1086648.0,DOE
10193.0,136,104.5,All My Children Daycare and Nursery School (Leased),1899-12-31,4.0,3.1,4216947.0,ACS
98.0,95.1,64.8,Property Clerk,1900-01-08,4.0,1.7,4436638.0,NYPD
3660.0,326.3,319.7,Precinct,1900-01-02,2.0,11.5,2022630.0,NYPD
2456.0,77.8,131.5,"X090 within (X090, X890)",1900-04-09,2.0,6.7,2002745.0,DOE
2353.0,0,317,Emergency Assistance Unit (EAU),1900-02-25,2.0,9,2088140.0,DHS
5201.0,129.2,137.5,"Q024 within (Q024, Q936)",1900-01-20,4.0,6.1,4117403.0,DOE
12033.0,137.9,126.2,Q781,1900-01-09,4.0,5,4261207.0,DOE
1131.0,176.6,330.5,North Hall,1899-12-31,1.0,12.6,1028826.0,CUNY-S
7315.0,40.1,38.9,DoITT Facility,1900-03-22,5.0,1,5000000.0,DOITT
3253.0,179.3,185.5,X360,1900-12-06,2.0,6.2,2103864.0,DOE
1550.0,70.3,70.3,K271,1899-12-31,3.0,3.7,3042157.0,DOE
2489.0,305.5,317.7,Morrisania DTC Center,1900-02-28,2.0,10.4,2003015.0,HHC
2280.0,91.2,92,X043,1900-02-08,2.0,4.8,2000205.0,DOE
7555.0,319.2,5.2,Student Union,1900-01-26,3.0,0.2,3205803.0,CUNY-S
8760.0,293.6,301.5,Temporary Building #6,1900-02-28,3.0,10.2,3852584.0,CUNY-C
3257.0,143.8,219.7,Kingsbridge Recreation Center,1900-04-20,2.0,7.6,2015788.0,DPR
2077.0,155.7,185.3,Hamilton Grange Branch Library,1900-01-25,1.0,6.4,1061938.0,NYPL
3705.0,137.3,108.6,R052,1899-12-31,5.0,4.6,5053746.0,DOE
275.0,45.5,45.1,Manhattan 3B Garage,1900-01-02,1.0,1.4,1079607.0,DSNY
3541.0,142.4,136.1,K175,1899-12-31,3.0,5.5,3081419.0,DOE
2965.0,120.2,128.3,"X134 within (X134, X834)",1900-03-22,2.0,5.7,2010273.0,DOE
1111.0,104.9,205.7,Central Park Shop and Garage,1899-12-31,1.0,10.7,1088762.0,DPR
7044.0,237.1,182.5,R056,1899-12-31,5.0,6.6,5128148.0,DOE
1957.0,251.1,299.4,Marshak Hall,1900-04-09,1.0,9.6,1059410.0,CUNY-S
174.0,197.6,164,MICSA/HASA Office (Leased),1900-01-12,3.0,4.3,3000601.0,HRA
76.0,166.8,143.1,Snug Harbor Campus: Bldg E,1900-07-18,5.0,5.1,5000000.0,CIG
3120.0,654.4,713.9,Bronx Zoo Campus: Bronx Zoo Store,1900-01-19,2.0,36,2123911.0,CIG
225.0,204.5,48.5,Hunter MFA,1900-01-07,1.0,1.9,1002933.0,CUNY-S
1558.0,170,143.9,M646,1900-02-02,1.0,5.4,1050338.0,DOE
7552.0,319.2,565.2,West Quad Building,1900-04-09,3.0,14.9,3391507.0,CUNY-S
417.0,115.7,123.9,Q451,1900-01-15,4.0,4.5,4005026.0,DOE
2040.0,313.9,418.2,Library / Cyber Cafe,1899-12-31,5.0,11,5107301.0,CUNY-S
6174.0,112.6,126,K247,1900-02-04,3.0,5.1,3157466.0,DOE
7918.0,245.7,215,Brooklyn South 14 District Garage (Leased),1900-05-24,3.0,9,3221978.0,DSNY
1102.0,184,173,Park Slope Armory Shelter,1900-01-11,3.0,8.9,3026581.0,DHS
683.0,227,207.7,"R887 within (R880, R080, R881, R883, R884, R885, R886, R887)",1899-12-31,5.0,7.6,5113169.0,DOE
3247.0,106.5,174.2,Carman Hall,1900-08-17,2.0,4.6,2015246.0,CUNY-S
3272.0,121.3,381,New York Botanical Garden Campus: International Plant Science Center,1899-12-31,2.0,12.8,2113265.0,CIG
582.0,238.8,389,Red Hook Recreation Center,1899-12-31,3.0,18.6,3008670.0,DPR
5141.0,121.5,153.5,"X181 within (X153, X178, X180, X181, X455, X456)",1900-05-29,2.0,5.3,2116160.0,DOE
8698.0,832.8,580.2,New York Aquarium Campus: Operations Building,1899-12-31,3.0,17.5,3115623.0,CIG
981.0,84.3,83.8,K051,1900-04-20,3.0,4.6,3021057.0,DOE
6943.0,55.9,130,Brooklyn 11 District Garage; BK Boro Office; SW MTS,1900-01-29,3.0,7.3,3378180.0,DSNY
5446.0,111.7,118,Q107,1900-01-17,4.0,6,4123454.0,DOE
1831.0,186.4,177.8,115th Street Branch Library,1900-01-25,1.0,6.5,1055236.0,NYPL
2171.0,110.4,128.3,M178,1900-02-04,1.0,4.5,1064128.0,DOE
1749.0,98.1,89.3,K059,1899-12-31,3.0,4.9,3048546.0,DOE
3007.0,205.9,236,Freeman Houses Residence,1899-12-31,2.0,10.3,2010906.0,DHS
6013.0,150.3,148.2,"K490 within (K490, K934)",1899-12-31,3.0,5.4,3152318.0,DOE
606.0,70.1,87.5,M041,1900-02-17,1.0,3.8,1010543.0,DOE
2766.0,48.7,37.7,Citywide Transport Unit,1900-11-15,2.0,1,2006748.0,DSNY
4290.0,184.2,186.7,X839,1900-02-16,2.0,6,2048811.0,DOE
2758.0,85.8,161.6,New Day Family Residence II,1900-02-04,2.0,6.6,2006311.0,HRA
6203.0,126.9,128.3,Q130,1899-12-31,4.0,5.7,4137034.0,DOE
1920.0,43.6,33.1,Schomburg Center/Research in Black Culture (New),1900-01-28,1.0,0.9,1058276.0,NYPL
5256.0,101.4,94.1,"Q032 within (Q032, Q922)",1899-12-31,4.0,5.1,4118954.0,DOE
2983.0,275.3,217.8,X973,1900-01-14,2.0,6.4,2010604.0,DOE
1852.0,106.8,110,"M163 within (M163, M919)",1900-04-08,1.0,5.1,1055908.0,DOE
1253.0,122.9,119.1,M075,1900-03-05,1.0,6.2,1034190.0,DOE
2450.0,205.8,195.1,Q005,1900-01-16,4.0,6.6,4454423.0,DOE
4288.0,116.9,113.7,"X105 within (X105, X935)",1899-12-31,2.0,5.3,2048794.0,DOE
15861.0,202.1,151.3,"Q106 within (Q106, Q727, Q806)",1900-02-03,4.0,5.5,4441244.0,DOE
221.0,325.9,276.6,Red Hook WPCP Campus: 63 Flushing Ave,1900-01-06,3.0,7.5,3852786.0,DEP
1773.0,95.8,91.4,K304,1900-01-13,3.0,4.8,3049420.0,DOE
7556.0,319.2,5.2,Ingersoll Hall Extension,1900-05-29,3.0,0.2,3327317.0,CUNY-S
8230.0,117.3,104.6,K279,1899-12-31,3.0,4.6,3326733.0,DOE
4976.0,229,167.6,Flushing Center for Higher Education,1900-01-26,4.0,5.2,4112321.0,CUNY-S
6517.0,229,223.2,Fitzgerald Gymnasium,1899-12-31,4.0,7.5,4439916.0,CUNY-S
2494.0,219.4,165.5,Mullaly Park Rink and Rec Center,1899-12-31,2.0,5.8,2003021.0,DPR
355.0,76.8,74.3,M020,1899-12-31,1.0,3.1,1004325.0,DOE
2203.0,273,264.4,Engine Co. 211 & Ladder Co. 119,1900-01-15,3.0,11.2,3060298.0,FDNY
774.0,100,97.5,M600,1900-01-18,1.0,4.3,1014174.0,DOE
5735.0,212,222.3,K069,1900-01-31,3.0,8,3387646.0,DOE
1752.0,119.3,129.1,M911,1900-02-27,1.0,6.2,1054159.0,DOE
3273.0,121.3,419.1,NYBG: Warehouse Upper and Lower,1900-05-01,2.0,12.1,2094718.0,CIG
3272.0,121.3,381,New York Botanical Garden Campus: Jeannette Kittredge Watson Science and Education Building,1899-12-31,2.0,12.8,2113265.0,CIG
7556.0,319.2,5.2,LaGuardia Hall,1900-05-29,3.0,0.2,3327319.0,CUNY-S
2040.0,313.9,415.2,West Administration Building,1899-12-31,5.0,11,5107300.0,CUNY-S
7998.0,96.2,96.5,K515,1900-01-04,3.0,5.3,3224139.0,DOE
962.0,471.8,430.3,Bellevue Hospital Center Campus: Ambulatory Care Building,1900-04-09,1.0,16.4,1087295.0,HHC
2560.0,304.5,255,Engine Co. 238 and Ladder Co. 106,1900-02-18,3.0,8.9,3064786.0,FDNY
1111.0,659.6,295.1,Arsenal Building,1899-12-31,1.0,12.3,1083811.0,DPR
2722.0,176.5,179,Engine Co. 229 and Ladder Co. 146,1900-01-27,3.0,6,3067898.0,FDNY
5232.0,159.2,151.8,K217,1899-12-31,3.0,6,3121072.0,DOE
1212.0,309.2,383.7,Fort Greene Grant Square Senior Center (Leased),1900-01-05,3.0,10.2,3030302.0,DFTA
4811.0,135.1,132,K470,1899-12-31,3.0,5.5,3107227.0,DOE
5850.0,130.4,116.4,X081,1904-03-29,2.0,4.3,2084806.0,DOE
3247.0,155.3,104,X430,1900-03-10,2.0,3.9,2015241.0,DOE
3864.0,187.5,177.5,"X420 within (X420, X421, X423)",1899-12-31,2.0,8.2,2027459.0,DOE
1734.0,170,174,Central Harlem Health Center,1900-02-02,1.0,6.5,1053900.0,DOHMH
73.0,144.8,162.8,"R040 within (R040, R973)",1900-03-04,5.0,6.1,5001823.0,DOE
2045.0,86.1,97,K046,1900-01-10,3.0,4.7,3058088.0,DOE
518.0,150.5,139.3,Astoria Health Center,1900-01-29,4.0,5.6,4005758.0,DOHMH
4673.0,159.1,124.4,"K135 within (K135, K953)",1899-12-31,3.0,5.7,3102005.0,DOE
16258.0,126.8,125.4,Q816,1900-01-05,4.0,7.2,4305631.0,DOE
3604.0,119.1,111.6,K041,1899-12-31,3.0,5.8,3082389.0,DOE
12406.0,230.4,270.6,Roy Wilkins Recreation Center,1900-06-28,4.0,10.3,4268835.0,DPR
2627.0,110.9,75.5,"X140 within (X140, X840)",1900-01-08,2.0,2.9,2004469.0,DOE
2022.0,313.6,257.8,Administration Site (Leased),1900-01-17,3.0,7.7,3057913.0,ACS
2877.0,128.5,115.6,"X109 within (X109, X899)",1901-01-27,2.0,6,2094549.0,DOE
582.0,134.1,145.3,Hudson Park Branch Library,1900-01-17,1.0,4.7,1009760.0,NYPL
6517.0,229,466.9,Margaret Kiely Hall,1899-12-31,4.0,21.4,4141870.0,CUNY-S
1516.0,262.5,262.3,M169,1920-07-15,1.0,6.9,1048043.0,DOE
3683.0,111.2,108.5,Q091,1899-12-31,4.0,4.9,4089566.0,DOE
8760.0,293.6,302.2,Temporary Building #7,1900-02-28,3.0,10.2,3852585.0,CUNY-C
1050.0,204.5,48.5,Master of Fine Arts Building,1900-01-05,1.0,1.9,1026319.0,CUNY-S
2503.0,107.3,94.9,"Q873 within (Q073, Q873)",1900-01-30,4.0,4.8,4058611.0,DOE
2060.0,371.2,378.9,Lower Washington Heights NFCC Clinic,1899-12-31,1.0,14.2,1061339.0,HHC
1402.0,204.5,296.3,West Building,1900-01-12,1.0,10.3,1042468.0,CUNY-S
52.0,218.1,201.9,M833,1899-12-31,1.0,7.8,1001037.0,DOE
2274.0,208.5,198.8,Queens Borough Hall,1900-01-01,4.0,6.3,4052812.0,DCAS
724.0,285.8,329,Applicant Processing Division,1899-12-31,3.0,11.5,3010833.0,NYPD
1188.0,112,112,K600,1899-12-31,3.0,5.9,3029702.0,DOE
3520.0,119,102.7,"K327 within (K327, K396)",1900-01-07,3.0,5.2,3081032.0,DOE
8012.0,64.3,45,"Fleet Services, BK Street Maintenance",1901-02-03,3.0,1.7,3325350.0,DOT
7393.0,102.8,103.7,"K194 within (K194, K959)",1899-12-31,3.0,4.2,3201629.0,DOE
3120.0,654.4,713.9,Bronx Zoo Campus: Jungle World,1900-01-19,2.0,36,2123911.0,CIG
1384.0,282.6,270.9,"Engine Co. 234 and Ladder Co. 123, Batt. 38",1900-01-07,3.0,9.5,3037055.0,FDNY
1819.0,230.6,288.6,Five-Boro Technical Services Building,1900-07-21,1.0,14.8,1089646.0,DPR
3718.0,97.1,78.8,X823,1899-12-31,2.0,2.8,2087014.0,DOE
8160.0,116.9,110,K114,1900-01-21,3.0,4,3229159.0,DOE
2095.0,316.4,368.9,BAM Harvey Theater (Majestic Theater),1900-02-13,3.0,11.3,3345162.0,CIG
2108.0,173.1,185,United Federation of Black Community Organization (Leased),1900-01-22,1.0,5,1062503.0,ACS
1739.0,87.1,100.4,K297,1900-01-10,3.0,4.2,3048508.0,DOE
2837.0,203.3,210.9,Mid Bronx Early Childhood Center Inc. (Leased),1900-01-10,2.0,6.7,2008017.0,ACS
1837.0,198.5,67.3,Elmhurst (ALC) Community Library,1899-12-31,4.0,1.8,4045226.0,QPL
6891.0,75.4,82,K281,1899-12-31,3.0,4.2,3186626.0,DOE
2268.0,125.8,129.8,K837,1899-12-31,3.0,4.6,3335470.0,DOE
1923.0,107.6,109.4,K270,1899-12-31,3.0,6.3,3331567.0,DOE
2112.0,148.2,155.8,M008,1899-12-31,1.0,5,1081842.0,DOE
5551.0,101.9,97,K227,1900-01-17,3.0,4,3133741.0,DOE
4155.0,172.7,126.1,K615,1900-03-15,3.0,6.1,3327249.0,DOE
4413.0,113.4,125.7,Q214,1900-01-19,4.0,7.1,4100846.0,DOE
2142.0,127.3,123,M173,1900-06-02,1.0,5.4,1063503.0,DOE
2173.0,134.8,168.8,"M152 within (M152, M847)",1899-12-31,1.0,8.9,1064149.0,DOE
7425.0,88.7,100.9,"K495 within (K495, K496)",1900-01-01,3.0,5,3203631.0,DOE
922.0,109.3,125.3,M475,1900-01-07,1.0,5.5,1020419.0,DOE
2587.0,68.5,63.6,Willow Avenue Shelter Campus: Willow Avenue Men's Shelter,1899-12-31,2.0,1.7,2003989.0,DHS
701.0,137.6,128.2,K024,1899-12-31,3.0,4.6,3346119.0,DOE
94.0,319.6,260.6,100 Gold Street Office Building,1900-01-24,1.0,7.8,1001289.0,DCAS
7424.0,83.4,84.8,K014,1899-12-31,3.0,4.7,3203617.0,DOE
2962.0,604.5,339.6,Brooklyn North 1 District & 4 District Garage,1899-12-31,3.0,13.5,3070545.0,DSNY
2688.0,74.3,80.4,K110,1900-02-10,3.0,3.3,3067144.0,DOE
7261.0,103.7,103.8,K620,1900-02-15,3.0,5,3196378.0,DOE
1957.0,251.1,202.7,Aaron Davis Hall,1899-12-31,1.0,5.5,1084075.0,CUNY-S
3775.0,150.8,149.1,"X077 within (X077, X976, X982)",1900-01-24,2.0,6.8,2088553.0,DOE
309.0,118.7,124,M042,1899-12-31,1.0,4.7,1003998.0,DOE
8698.0,832.8,580.2,New York Aquarium Campus: Osborn Laboratories of Marine Sciences (OLMS),1899-12-31,3.0,17.5,3115623.0,CIG
1789.0,117.6,118.1,125th Street Branch Library,1900-02-05,1.0,3.6,1054674.0,NYPL
3303.0,72.5,98.9,R011,1900-01-17,5.0,4.3,5048647.0,DOE
1087.0,176.6,262.8,New Building,1900-01-24,1.0,8.6,1027984.0,CUNY-S
3085.0,159.2,128.5,"X032 within (X032, X832)",1899-12-31,2.0,4.9,2012409.0,DOE
215.0,144,175.1,5 Dubois Ave,1900-04-09,5.0,7.4,5104536.0,DOT
4134.0,105.7,111.1,K171,1900-01-19,3.0,5.1,3092456.0,DOE
10737.0,272.8,237.7,Precinct,1899-12-31,4.0,9.4,4230132.0,NYPD
4333.0,1283,1393.4,Bronx CO,1899-12-31,2.0,36.8,2101003.0,FDNY
174.0,198.8,158.6,Childrens Aide Society Inc.,1900-01-05,5.0,4.8,5004830.0,ACS
7117.0,93.5,108,Q026,1901-02-24,4.0,6.1,4153296.0,DOE
5416.0,102,291,Kensington Branch Library,1900-01-13,3.0,9.4,3127572.0,BPL
1980.0,160.8,188.9,George Bruce Branch Library,1900-01-21,1.0,6.6,1059688.0,NYPL
3570.0,175.3,354.4,Betsy Head Pool House,1899-12-31,3.0,21.1,3081931.0,DPR
3328.0,8.8,8.7,Parking Garage,1900-01-09,2.0,0.2,2017791.0,DOT
449.0,59.8,61.1,K058,1900-01-14,3.0,3.4,3007547.0,DOE
3362.0,307.5,364.9,New Life Child Care Center (Leased),1900-02-23,3.0,13,3076869.0,ACS
5854.0,203.5,178,Bayridge Job Center #70 Offices (Leased),1900-02-04,3.0,5.9,3144669.0,HRA
2862.0,167.4,150.9,X306,1900-01-13,2.0,6.1,2098721.0,DOE
4205.0,247,192,Precinct,1899-12-31,2.0,5.6,2097543.0,NYPD
2155.0,87.7,100.5,M143,1900-02-03,1.0,4.8,1063703.0,DOE
1134.0,11.1,10.1,Lincoln Center Campus: Metropolitan Opera House,1899-12-31,1.0,0.3,1081022.0,CIG
3120.0,654.4,713.9,Bronx Zoo Campus: Seabird Aviary (Aitken),1900-01-19,2.0,36,2123911.0,CIG
2465.0,415.4,338.6,Precinct,1900-04-09,3.0,11,3063633.0,NYPD
4457.0,184.3,191.6,Friends of Crown Heights Educational Center Inc. (Leased),1899-12-31,3.0,7.1,3098472.0,ACS
3217.0,62.2,47.3,University Heights Day Care Center (Leased),1900-02-28,2.0,1.2,2014731.0,ACS
4015.0,458.4,402.4,Transit District 12,1899-12-31,2.0,11.4,2097533.0,NYPD
2411.0,200.1,206.5,Philip Michaels Day Care Center (Leased),1900-02-09,2.0,5.5,2001876.0,ACS
3058.0,183.4,166.5,X254,1899-12-30,2.0,5.1,2103863.0,DOE
2467.0,32.6,64.2,Construction Shops,1899-12-31,3.0,2,3063635.0,DCAS
7664.0,33.3,30.9,R825,1899-12-31,5.0,2.3,5123970.0,DOE
1940.0,187.1,264.8,Precinct,1900-02-16,1.0,11,1075467.0,NYPD
2107.0,124.2,116.8,M028,1900-01-25,1.0,5.2,1076739.0,DOE
2160.0,161.7,146.5,"M465 within (M465, M466, M965)",1900-01-17,1.0,8,1076751.0,DOE
3120.0,654.4,713.9,Bronx Zoo Campus: Dancing Crane,1900-01-19,2.0,36,2123911.0,CIG
2605.0,344.9,390.3,Rikers Island New Central Warehouse,1900-02-08,2.0,15.4,0.0,DOC
901.0,200.8,231,Precinct,1900-01-05,1.0,8.6,1019613.0,NYPD
670.0,87,226.2,Manhattan Borough Repair Shop,1900-02-18,1.0,7.4,1012267.0,DSNY
5075.0,143.3,136.4,K249,1899-12-31,3.0,7.1,3116438.0,DOE
5334.0,140.3,135.9,K908,1900-03-04,3.0,4.4,3343470.0,DOE
3222.0,95.3,122.5,Loew Hall,1899-12-31,2.0,3.3,2014898.0,CUNY-C
2018.0,284.1,373.8,Olmsted Center,1901-05-14,4.0,11.6,4865518.0,DPR
1246.0,88.5,82.8,Friends of Crown Heights Educational Center Inc. (Leased),1899-12-31,3.0,2.2,3031845.0,ACS
1554.0,184.7,267.1,M114,1900-01-22,1.0,8.2,1087665.0,DOE
273.0,103.2,88.5,M002,1899-12-31,1.0,3.4,1003248.0,DOE
3210.0,96.1,87.4,K123,1899-12-31,3.0,3.9,3072966.0,DOE
2631.0,90.6,84.1,Q009,1900-04-15,4.0,3.2,4059130.0,DOE
3178.0,125.8,176.1,X279,1900-01-13,2.0,6,2103867.0,DOE
4753.0,90.6,129.6,K233,1899-12-31,3.0,5.2,3104990.0,DOE
3247.0,106.5,160.5,Student Life Building,1899-12-31,2.0,5.6,2097316.0,CUNY-S
683.0,227,207.7,"R883 within (R880, R080, R881, R883, R884, R885, R886, R887)",1899-12-31,5.0,7.6,5113169.0,DOE
2029.0,140.8,124.4,M194,1900-01-10,1.0,4.9,1060432.0,DOE
3748.0,103.3,126.8,Bronxdale Tenants League DDC Inc. (Leased),1900-01-14,2.0,3.5,2024083.0,ACS
7333.0,303.3,228.3,Precinct,1900-08-08,4.0,8.3,4157390.0,NYPD
1157.0,194.3,167.8,M490,1900-01-24,1.0,5.8,1030343.0,DOE
841.0,9.6,273.8,Guttman Community College (Leased),1900-03-15,1.0,8.9,1080744.0,CUNY-C
2949.0,115.3,114.9,X044,1900-03-04,2.0,5,2009957.0,DOE
2788.0,43.9,33.9,Claremont Park Pool,1899-12-31,2.0,0.9,2000000.0,DPR
2028.0,81.4,88.3,K265,1899-12-31,3.0,4.8,3057942.0,DOE
1970.0,136.6,158.7,M223,1900-01-15,1.0,8,1084067.0,DOE
9993.0,130.7,116.7,Queens Business Center (Leased),1900-01-02,4.0,3.6,4439745.0,DOF
111.0,110.8,84.7,M126,1900-06-08,1.0,3.2,1083357.0,DOE
5716.0,271.9,198.6,X037,1901-12-25,2.0,6.3,2097990.0,DOE
15926.0,300.1,260.6,"Engine Co. 265 and Ladder 121, Batt. 47, EMS 47",1900-02-12,4.0,9.5,4302052.0,FDNY
9653.0,56.1,52.5,Queens Detention Complex (BIN 4458617),1899-12-31,4.0,2.4,4458617.0,DOC
6792.0,79.6,82.4,Q201,1900-04-09,4.0,4.3,4146992.0,DOE
111.0,172.1,151.6,Life Family Shelter,1900-05-29,1.0,6.1,1083359.0,DHS
4802.0,77.8,95.8,Q185,1899-12-31,4.0,4.8,4108664.0,DOE
6667.0,229.3,147.4,"K097 within (K097, K937)",1900-01-23,3.0,7,3177680.0,DOE
583.0,25.8,6,Board of Elections (Leased),1899-12-31,3.0,0.2,3008671.0,BOENY
741.0,68.6,100.3,M070,1900-01-09,1.0,5,1079152.0,DOE
4350.0,651.2,718.6,Queens 7/11 District Garage Annex,1899-12-31,4.0,30.9,4850718.0,DSNY
301.0,117.5,129.1,M131,1900-01-02,1.0,5.4,1082489.0,DOE
6517.0,229,222.7,I Bldg,1899-12-31,4.0,7.5,4467562.0,CUNY-S
391.0,118.5,126.8,Sunset Bay Community Services Inc. (Leased),1900-02-24,3.0,3.4,3006144.0,ACS
1580.0,96.4,84,R060,1900-02-12,5.0,3.1,5031151.0,DOE
3886.0,114.5,138.8,DOT Maintenance Shop,1901-07-11,4.0,4.2,4095043.0,DOT
1609.0,110.8,110.8,M171,1900-01-06,1.0,4.6,1051497.0,DOE
669.0,134,135.6,K172,1899-12-31,3.0,5.3,3009847.0,DOE
2882.0,180.3,171.9,X229,1900-05-09,2.0,6.3,2009253.0,DOE
169.0,157.4,133.3,Manhattan Civil Court,1900-01-09,1.0,4.5,1001833.0,DCAS
11607.0,123.1,102.1,"Q121 within (Q121, Q915)",1899-12-31,4.0,4,4249769.0,DOE
1403.0,204.5,296.3,North Building,1899-12-31,1.0,10.3,1081419.0,CUNY-S
855.0,106.9,119.3,M874,1900-01-15,1.0,3.2,1016745.0,DOE
472.0,192.9,167.5,CPC Open Door Senior Center,1920-07-14,1.0,5.1,1075959.0,DFTA
5257.0,111.7,156.2,K154,1899-12-31,3.0,6.2,3121871.0,DOE
2143.0,132.1,99.3,Q220,1899-12-31,4.0,4.8,4051290.0,DOE
3558.0,292.9,246.5,Soundview Branch Library,1900-01-13,2.0,7.9,2021838.0,NYPL
1183.0,227.8,362.3,Brooklyn Botanical Garden Campus: Brooklyn Botanical Garden Administrative Building,1899-12-31,3.0,13.4,3337842.0,CIG
0.0,Not Available,0.9,K535,1899-12-30,3.0,0,3000000.0,DOE
3428.0,354,351,Q245,1900-01-14,4.0,10.1,4081817.0,DOE
7625.0,113.4,98,"K193 within (K193, K952)",1899-12-31,3.0,3.8,3208461.0,DOE
10024.0,154.4,154.8,"Q850 within (Q050, Q850)",1900-01-11,4.0,6,4214461.0,DOE
158.0,70.6,103.8,Q797,1900-01-24,4.0,5.9,4436667.0,DOE
1601.0,142.8,147.2,"M207 within (M149, M207)",1899-12-31,1.0,6.5,1051434.0,DOE
2223.0,256.8,160.8,Forest Hills Community Library,1900-02-22,4.0,5,4052345.0,QPL
1330.0,84.1,Not Available,M630 (closed),1900-01-12,1.0,0,1038593.0,DOE
2443.0,10.7,Not Available,X031 (closed),1900-07-08,2.0,0,2001036.0,DOE
8129.0,177,138.9,K066,1900-02-28,3.0,4.9,3325418.0,DOE
4243.0,113.1,112,"K949 within (K214, K949)",1899-12-31,3.0,4.5,3095254.0,DOE
1862.0,99.2,96.5,M054,1900-01-10,1.0,4.9,1055990.0,DOE
8698.0,832.8,580.2,New York Aquarium Campus: Conservation Hall,1899-12-31,3.0,17.5,3115623.0,CIG
2350.0,174.9,233.6,Savoy Bldg - D,1900-02-07,2.0,6.8,2001091.0,CUNY-C
5047.0,126.1,140.2,Q020,1899-12-31,4.0,5.4,4114657.0,DOE
3015.0,64.1,147.2,"Section Station 92, Bronx Enforcement",1900-02-26,2.0,8.2,2010955.0,DSNY
8767.0,118.8,96.7,K043,1900-01-25,3.0,4.4,3246958.0,DOE
3687.0,Not Available,61.4,Facilities Management Division,1899-12-31,3.0,1.6,3083515.0,NYPD
184.0,298.4,256.2,Strong Place for Hope DCC (Leased),1900-01-24,3.0,7.5,3000937.0,ACS
1423.0,130,120.8,Q228,1900-02-25,4.0,4,4034892.0,DOE
4832.0,161,221.1,Wakefield Branch Library,1900-01-19,2.0,9.3,2063175.0,NYPL
635.0,24.3,29.2,Brooklyn Sign Shop Sunset Industrial Park (Leased),1900-04-09,3.0,1.3,3009123.0,DOT
2125.0,129.4,137.7,M128,1899-12-31,1.0,7.7,1062994.0,DOE
3353.0,Not Available,Not Available,X177,1900-02-08,2.0,5.3,2098420.0,DOE
3222.0,95.3,122.8,Butler Hall,1900-03-02,2.0,3.3,2100242.0,CUNY-C
172.0,97.2,123.7,K369,1900-02-23,3.0,6.1,3000567.0,DOE
2047.0,323.6,297.8,Fire Headquarters (Leased),1900-01-10,3.0,7.9,3058187.0,FDNY
2177.0,89.1,88.9,K016,1899-12-31,3.0,3.7,3059906.0,DOE
83.0,37.5,34.1,Court Square Garage,1900-01-17,4.0,0.9,4000699.0,DOT
12393.0,Not Available,171.6,Q633,1899-12-31,4.0,5.7,4268543.0,DOE
2018.0,423.3,439.1,Flushing Meadows Corona Park Campus: FMCP Aquatic Center,1899-12-31,4.0,14.9,4462167.0,DPR
4444.0,97.9,98.8,"X919 within (X089, X919)",1900-01-15,2.0,4.1,2051571.0,DOE
3805.0,162.3,171.8,Police Athletic League Inc. (Leased),1900-01-25,3.0,4.6,3084628.0,ACS
4803.0,105,122.3,Q021,1899-12-31,4.0,5,4108665.0,DOE
9321.0,151.5,139,"Q475 within (Q475, Q944)",1899-12-31,4.0,7.2,4195688.0,DOE
3247.0,60.7,107.8,"X086 within (X086, X868)",1900-03-10,2.0,4.6,2100971.0,DOE
3698.0,261.8,261.7,Brooklyn North Narcotics,1900-01-31,3.0,8.8,3083636.0,NYPD
1656.0,131.1,130.2,M117,1900-04-09,1.0,6.9,1052433.0,DOE
1235.0,107.6,94.3,United Interfaith Action Council of Brooklyn Inc. (Leased),1900-02-26,3.0,3.5,3031302.0,ACS
3921.0,152.3,156,X102,1900-01-29,2.0,5.7,2028640.0,DOE
6517.0,229,223.5,Goldstein Theatre,1899-12-31,4.0,7.5,4439918.0,CUNY-S
3591.0,86.1,99.5,X107,1900-02-18,2.0,4.1,2021972.0,DOE
5049.0,212.2,109.5,Episcopal Social Services of NY (Leased),1899-12-31,3.0,2.9,3115846.0,ACS
3143.0,143.1,140.1,X137,1900-02-11,2.0,5,2013307.0,DOE
1960.0,96.8,100.6,M136,1899-12-31,1.0,4.3,1059460.0,DOE
1897.0,79.5,82,K157,1900-01-12,3.0,4.1,3054671.0,DOE
5597.0,230.1,214.1,Engine Co. 282 and Ladder Co. 148,1900-02-12,3.0,7.4,3135859.0,FDNY
1957.0,251.1,299.6,Compton - Goethals Hall,1900-07-18,1.0,9.6,1084083.0,CUNY-S
3125.0,108.1,118.7,Cardinal Day Care Center #2 (Leased),1899-12-31,2.0,3.1,2013174.0,ACS
5756.0,102.3,100.4,Q184,1899-12-31,4.0,5.5,4129072.0,DOE
3622.0,149.5,126.3,X972,1900-01-15,2.0,3.7,2022544.0,DOE
402.0,148.2,98.8,K293,1899-12-31,3.0,4.6,3006401.0,DOE
9763.0,Not Available,180.7,Q277,1900-01-22,4.0,6,4865310.0,DOE
5106.0,99.8,111.1,R053,1899-12-31,5.0,6.1,5065016.0,DOE
2014.0,202.7,210.8,Young Minds Day Care Center (Leased),1900-01-25,3.0,5.7,3057638.0,ACS
1568.0,114.9,98.4,M066,1900-01-07,1.0,3.6,1050618.0,DOE
2761.0,180.1,221,Seneca Houses Residence,1900-02-11,2.0,9.2,2006338.0,DHS
8760.0,293.6,302.4,Marine and Academic Center,1900-02-28,3.0,10.2,3326935.0,CUNY-C
4470.0,223.6,234.3,Richmondtown Branch Library,1899-12-31,5.0,7.4,5060744.0,NYPL
2016.0,86.2,96.8,"M200 within (M010, M200)",1900-04-09,1.0,4.9,1060198.0,DOE
1423.0,151.2,150.3,"K221 within (K221, K892)",1900-01-13,3.0,8.8,3038372.0,DOE
9.0,547.4,416.6,Precinct,1900-01-27,5.0,15.3,5106476.0,NYPD
12335.0,193.4,207.9,Q690,1900-02-17,4.0,6.8,4464077.0,DOE
6013.0,150.3,148.2,"K934 within (K490, K934)",1899-12-31,3.0,5.4,3152318.0,DOE
864.0,238.1,231.7,Graduate Center,1903-01-05,1.0,7.1,1017097.0,CUNY-S
5137.0,319.4,388,Q244,1900-02-11,4.0,11.7,4541682.0,DOE
2605.0,344.9,391.8,Rikers Island EMTC Campus: Rikers Island EMTC Campus: EMTC Detention Facility,1900-02-08,2.0,15.5,2116651.0,DOC
2346.0,174.9,273.3,Allied Health and Sciences Bldg - A,1900-01-17,2.0,9.1,2001038.0,CUNY-C
5729.0,Not Available,253.4,K310,1900-01-23,3.0,8.6,3141434.0,DOE
592.0,145.2,122.8,Q234,1900-01-14,4.0,3.9,4007619.0,DOE
3314.0,111.5,106.7,"K075 within (K075, K875)",1899-12-31,3.0,4,3075879.0,DOE
3171.0,128.9,127.4,R048,1899-12-31,5.0,7.3,5046419.0,DOE
1506.0,204.5,122.8,Hunter College High School,1900-01-20,1.0,3.3,1047404.0,CUNY-S
446.0,121.4,129.2,M751,1900-01-19,1.0,5.2,1006208.0,DOE
2664.0,88.2,98.6,X025,1899-12-31,2.0,4.1,2004772.0,DOE
1500.0,317.4,343.2,Elmhurst Hospital Center Campus: Center,1900-01-01,4.0,13.3,4437132.0,HHC
8752.0,162.1,100.2,K195,1900-02-03,3.0,4.4,3246519.0,DOE
869.0,103,107.4,K010,1899-12-31,3.0,4.6,3016509.0,DOE
7629.0,89.5,113.3,K240,1900-01-29,3.0,5.9,3208638.0,DOE
1671.0,89.1,103.9,K262,1900-01-18,3.0,6,3046876.0,DOE
8221.0,71.6,75.3,Q067,1900-01-11,4.0,3.8,4170797.0,DOE
6507.0,121.1,125.3,Q219,1899-12-31,4.0,6.1,4448708.0,DOE
15900.0,319.8,297.8,Rockaway Job Center FS42 MICSA (Leased),1900-01-07,4.0,9,4301932.0,HRA
3146.0,171,163.4,X209,1900-03-12,2.0,5.5,2103868.0,DOE
1137.0,11.1,10.1,Lincoln Center Campus: Lincoln Center Garage (Rose Building) (Leased),1899-12-31,1.0,0.3,1000000.0,CIG
10092.0,38.5,37.8,Parking Garage,1899-12-31,4.0,1,4215602.0,NYPD
2451.0,188.8,183.4,Q877,1900-01-20,4.0,6.2,4056455.0,DOE
3186.0,257.8,233.7,"Engine Co. 75 and Ladder Co. 33, Batt. 19",1900-02-05,2.0,7.8,2816976.0,FDNY
767.0,172.7,177,M451,1900-03-08,1.0,5.8,1013858.0,DOE
8760.0,293.6,303.1,Temporary Building #1 (UAPC),1900-02-28,3.0,10.2,3852579.0,CUNY-C
2040.0,313.9,418.1,Center for the Arts,1899-12-31,5.0,11,5107297.0,CUNY-S
5111.0,218.6,208.9,K399,1899-12-31,3.0,7.7,3117396.0,DOE
3170.0,130.7,131.5,X079,1899-12-31,2.0,5.5,2013849.0,DOE
1373.0,426.1,210.6,Coler-Goldwater Hospital Campus: Coler Campus,1900-02-18,1.0,12.2,1040750.0,HHC
15541.0,177.8,186.8,Q253,1899-12-31,4.0,6,4297972.0,DOE
1500.0,317.4,343.2,Elmhurst Hospital Center Campus: Women's Health Pavilion,1900-01-01,4.0,13.3,4539651.0,HHC
2625.0,106.2,79.2,X157,1899-12-31,2.0,2.9,2004464.0,DOE
7893.0,730.6,208.6,Brooklyn South 15 District Garage - 49th St (Leased),1900-02-20,3.0,8.6,3220944.0,DSNY
3351.0,160.2,99.5,"X056 within (X056, X865)",1899-12-31,2.0,4.2,2018457.0,DOE
2453.0,229.4,245.2,Williamsburg Bridge Repair Shops,1899-12-31,3.0,12.3,3335960.0,DOT
1624.0,160.6,163.2,Lutheran Social Services of NY (Leased),1899-12-31,3.0,4.4,3044209.0,ACS
6302.0,223.1,189.8,Dyker Branch Library,1900-02-04,3.0,5.9,3164019.0,BPL
5043.0,302,332,Flushing (ALC) Community Library,1900-01-10,4.0,10.9,4114282.0,QPL
4449.0,Not Available,160.2,K422,1899-12-31,3.0,5,3398623.0,DOE
49.0,94.9,109.8,R031,1900-06-30,5.0,5.7,5001150.0,DOE
3259.0,196.7,159.6,Grand Street Settlement Inc.(Leased),1900-01-22,3.0,4.3,3074237.0,ACS
185.0,850.4,739.5,St. George Ferry Terminal,1900-07-21,5.0,24.7,5816091.0,DOT
9833.0,260.8,279.3,Jamaica Arms Hotel / Family Respite Residence,1900-01-03,4.0,12.5,4448804.0,DHS
6517.0,229,111.9,Rathaus Hall,1899-12-31,4.0,3.8,4439919.0,CUNY-S
7279.0,371.4,294,Precinct,1900-10-16,3.0,11.2,3196591.0,NYPD
1109.0,138.3,173,Passenger Ship Terminal,1900-01-29,1.0,4.6,1087587.0,EDC
1733.0,433.2,616.8,Harlem Hospital Center Campus: Luther King Pavilion,1899-12-31,1.0,23.3,1053899.0,HHC
2236.0,125.5,103.6,K380,1900-01-08,3.0,4.9,3061235.0,DOE
387.0,119.6,113.8,M064,1899-12-31,1.0,4.5,1004627.0,DOE
3120.0,654.4,713.9,Bronx Zoo Campus: Wildlife Health Center,1900-01-19,2.0,36,2123911.0,CIG
7775.0,79.8,120.3,K852,1899-12-31,3.0,6.2,3215550.0,DOE
7250.0,89.7,95.5,K303,1900-01-24,3.0,4.6,3196292.0,DOE
1882.0,91,120.5,Shaft Maintenance/Kent Avenue Machine Shop,1899-12-31,3.0,3.7,3054189.0,DEP
1779.0,194.3,255.6,Kosciusko Pool House,1900-01-26,3.0,9.2,3255870.0,DPR
1725.0,Not Available,199.1,Q287,1899-12-31,4.0,6.3,4540018.0,DOE
644.0,0.2,6.7,Marine Terminal Storage,1899-12-31,3.0,0.2,3336825.0,NYPD
1289.0,224.3,217.9,K590,1900-01-24,3.0,7.7,3348092.0,DOE
2525.0,1101.8,654.9,Newtown Creek WPCP Campus: Main Building,1899-12-31,3.0,18.3,3332517.0,DEP
3223.0,95.3,41.9,MacCracken Hall,1900-02-18,2.0,1.1,2090982.0,CUNY-C
2444.0,509.2,436.5,Bronx County Hall of Justice,1899-12-31,2.0,13.4,2097114.0,DCAS
955.0,156.9,117.2,Sea View Hospital Rehabilitation Center,1900-03-15,5.0,4.4,5113197.0,HHC
3794.0,153.8,197.2,Stone Avenue Branch Library,1900-01-17,3.0,6.9,3084596.0,BPL
1162.0,329.8,390.1,Precinct,1899-12-31,3.0,13.1,3028914.0,NYPD
971.0,96.1,117,Q002,1899-12-31,4.0,4.7,4021375.0,DOE
1819.0,98.7,83,K305,1900-01-13,3.0,3.5,3051458.0,DOE
3120.0,654.4,713.9,Bronx Zoo Campus: Center for Global Conservation,1900-01-19,2.0,36,2123911.0,CIG
2520.0,216.2,183,Staten Island 2 District Garage,1899-12-31,5.0,6.9,5828489.0,DSNY
668.0,179.6,194.3,Precinct,1900-01-28,3.0,6.9,3009843.0,NYPD
4595.0,95.1,100.9,K398,1900-01-14,3.0,4.9,3323072.0,DOE
5153.0,80,78.1,R024,1900-04-17,5.0,4.1,5065854.0,DOE
6789.0,127.6,137.9,Q200,1899-12-31,4.0,7.8,4146990.0,DOE
1941.0,355.9,306.4,DeKalb Job Center #64 Offices (Leased),1900-01-19,3.0,10,3055395.0,HRA
4832.0,213.6,163.5,Bronx Neighborhood Building,1900-01-08,2.0,7.1,2063174.0,DCAS
3222.0,95.3,122.4,Energy Plant,1900-03-02,2.0,3.3,2100251.0,CUNY-C
3247.0,106.5,174,Fine Arts Building,1899-12-31,2.0,4.6,2097313.0,CUNY-S
4844.0,146,144.4,"K835 within (K235, K835, K980)",1899-12-31,3.0,5.7,3107846.0,DOE
1154.0,222.8,190.9,M837 (Leased),1900-04-17,1.0,5.8,1030328.0,DOE
2996.0,119.3,118.8,X050,1900-01-09,2.0,6.1,2010786.0,DOE
15980.0,891.3,744.8,Q14 District Garage,1900-01-01,4.0,32.7,4854048.0,DSNY
