hockey,starea,department,netball,communityboard,maintenanceagreement,kickball,primary_sport,adult_softball,frisbee,ll_softball,adult_baseball,bocce,zipcode,rugby,handball,tennis,adult_football_id,field_lighted_new,dimensions,gispropnum,youth_football,accessible_code,Volly,basketball,tbl_track_and_field,nonregulation_soccer,LnMeters,featurestatus,SysRef
0,1119.522216796875,M-11,False,111.0,0,False,BKB,False,False,False,False,False,10029.0,False,False,False,NONE,False,Half Court,M111,False,0,0,True,0,False,"133 days, 21:39:58.230303",Removed,M111-BASKETBALL-4
0,1408.0078125,Q-14,False,414.0,0,False,HDB,False,False,False,False,False,11691.0,False,True,False,NONE,False,Handball,Q007,False,0,0,False,0,False,"151 days, 9:45:16.757793",Active,Q007-01-HANDBALL-6
0,36653.94509887695,Q-12,False,412.0,0,False,TRK,False,False,False,False,False,11433.0,False,False,False,NONE,False,Track,Q121,False,0,0,False,0,False,"2759 days, 21:23:36.900884",Active,Q121-TRACK-1
0,2790.615509033203,B-18,False,318.0,1,False,TNS,False,False,False,False,False,11234.0,False,False,True,NONE,False,Tennis,B166D,False,0,0,False,0,False,"227 days, 8:20:31.818357",Active,B166D-TENNIS-2
0,59222.15327453613,M-11,False,111.0,0,False,SCR,False,False,False,False,False,10035.0,False,False,False,AFB,False,147-295ft W x 295-393ft L,M104,True,0,0,False,0,True,"995 days, 20:04:08.004399",Active,M107-ZN06-SOCCER-6
0,3989.341583251953,B-14,False,314.0,0,False,BKB,False,False,False,False,False,11230.0,False,False,False,NONE,False,Full Court,B150,False,0,0,True,0,False,"260 days, 18:42:33.930915",Active,B150-BASKETBALL-02
0,1128.456558227539,B-04,False,304.0,0,False,HDB,False,False,False,False,False,11237.0,False,True,False,NONE,False,Handball,B017,False,0,0,False,0,False,"136 days, 15:46:57.660420",Active,B017-HANDBALL-1
0,82468.56723022461,X-03,False,203.0,0,False,BSB,True,False,True,True,False,10456.0,False,False,False,NONE,False,"90ft base path, 200+ft fence",X010,False,0,0,False,0,False,"1141 days, 11:46:26.765231",Active,X010-ZN07-BASEBALL-1
0,4341.062423706055,M-12A,False,112.0,0,False,BKB,False,False,False,False,False,10040.0,False,False,False,NONE,False,Full Court,M037,False,0,0,True,0,False,"271 days, 18:57:39.610035",Active,M037-04-BASKETBALL-3
0,3363.711563110352,X-09,False,209.0,0,False,BKB,False,False,False,False,False,10473.0,False,False,False,NONE,False,Full Court,X262,False,0,0,True,0,False,"235 days, 19:14:19.108144",Active,X262-BASKETBALL-1
0,27276.88627624512,M-15,False,103.0,0,False,SFB,True,False,True,True,False,10002.0,False,False,False,NONE,False,"60ft base path, 150-200ft fence",M144,False,0,0,False,0,False,"602 days, 1:40:42.352665",Active,M144-ZN06-BASEBALL-2
0,1059.2611083984375,M-11,False,111.0,1,False,HDB,False,False,False,False,False,10029.0,False,True,False,NONE,False,Handball,M214,False,0,0,False,0,False,"133 days, 15:33:45.918058",Active,M214-HANDBALL-1
0,118269.30453491212,B-18,False,318.0,1,False,BSB,True,False,True,True,False,11236.0,False,False,False,NONE,False,"90ft base path, 200+ft fence",B018,False,0,0,False,0,False,"1312 days, 18:26:29.753001",Active,B018-ZN05-BASEBALL-3
0,2914.2198028564453,X-03,False,203.0,0,False,TNS,False,False,False,False,False,10457.0,False,False,False,NONE,True,Tennis,X010,False,0,0,False,0,False,"230 days, 20:52:48.657125",Active,X010-ZN03-TENNIS-21
0,15879.056991577148,X-02,False,202.0,0,False,SFB,True,False,True,True,False,10474.0,False,False,False,NONE,False,"60ft base path, 150-200ft fence",X260,False,0,0,False,0,False,"472 days, 12:55:43.414595",Active,X260-BASEBALL-2
0,2743.1776123046875,Q-11,False,411.0,0,False,TNS,False,False,False,False,False,11361.0,False,False,True,NONE,False,Tennis,Q364,False,0,0,False,0,False,"224 days, 8:37:52.320963",Inactive,Q364-TENNIS-1
0,1247.6403045654297,B-10,False,310.0,0,False,HDB,False,False,False,False,False,11228.0,False,True,False,NONE,False,Handball,B028,False,0,0,False,0,False,"148 days, 12:18:17.906890",Active,B028-ZN01-HANDBALL-4
0,1020.7840270996094,Q-07,False,407.0,0,False,HDB,False,False,False,False,False,11355.0,False,True,False,NONE,False,Handball,Q300,False,0,0,False,0,False,"130 days, 8:10:23.135913",Active,Q300-05-HANDBALL-3
0,1807.70166015625,B-02,False,302.0,0,False,BKB,False,False,False,False,False,11205.0,False,False,False,NONE,False,Half Court,B300,False,0,0,True,0,False,"170 days, 18:00:08.816776",Active,B300-BASKETBALL-1
0,1042.0305786132812,B-11,False,311.0,0,False,BKB,False,False,False,False,False,11214.0,False,False,False,NONE,False,Half Court,B007,False,0,0,True,0,False,"129 days, 3:31:41.343334",Active,B007-BASKETBALL-4
0,4800.273025512695,Q-12,False,412.0,0,False,BKB,False,False,False,False,False,11433.0,False,False,False,NONE,False,Full Court,Q127,False,0,0,True,0,False,"290 days, 20:39:29.235111",Active,Q127-BASKETBALL-1
0,1597.9120178222656,Q-13,False,413.0,0,False,HDB,False,False,False,False,False,11426.0,False,True,False,NONE,False,Handball,Q358,False,0,0,False,0,False,"160 days, 19:59:28.770376",Active,Q358-HANDBALL-1
0,1196.9493560791016,Q-14,False,414.0,0,False,BKB,False,False,False,False,False,11694.0,False,False,False,NONE,False,Half Court,Q389,False,0,0,False,0,False,"139 days, 3:13:27.386834",Active,Q389-BASKETBALL-10
0,67278.91342163086,B-13,False,313.0,0,False,BSB,True,False,True,True,False,11214.0,False,False,False,NONE,False,"90ft base path, 200+ft fence",B166C,False,0,0,False,0,False,"978 days, 12:05:11.276332",Active,B166C-ZN02-BASEBALL-5
0,76747.21542358398,X-13,False,226.0,0,False,BSB,False,False,False,True,False,10471.0,False,False,False,NONE,False,"90ft base path, 200+ft fence",X092,False,0,0,False,0,False,"1059 days, 14:19:09.424641",Active,X092-ZN06-BASEBALL-2
0,32024.218872070312,Q-11,False,411.0,0,False,SFB,True,False,True,True,False,11364.0,False,False,False,NONE,False,"60ft base path, 150-200ft fence",Q388,False,0,0,False,0,False,"700 days, 14:57:04.197460",Active,Q388-BASEBALL-1
0,2770.8902130126958,Q-08,False,408.0,0,False,TNS,False,False,False,False,False,11423.0,False,False,True,NONE,False,Tennis,Q021,False,0,0,False,0,False,"226 days, 20:29:24.796415",Active,Q021-ZN02-TENNIS-10
0,40201.768295288086,Q-07,False,407.0,0,False,TRK,False,False,False,False,False,11365.0,False,False,False,NONE,False,Jogging Path,Q024,False,0,0,False,0,False,"2838 days, 11:24:00.622203",Active,Q024-ZN04-TRACK-1
0,1015.9127807617188,Q-02,False,402.0,0,False,HDB,False,False,False,False,False,11104.0,False,True,False,NONE,False,Handball,Q340,False,0,0,False,0,False,"131 days, 1:55:28.140169",Active,Q340-HANDBALL-3
0,2650.5873413085938,Q-01,False,401.0,0,False,TNS,False,False,False,False,False,11105.0,False,False,True,NONE,False,Tennis,Q004,False,0,0,False,0,False,"222 days, 11:09:31.656346",Active,Q004-ZN04-TENNIS-6
0,1317.5220489501953,M-09,False,109.0,0,False,HDB,False,False,False,False,False,10027.0,False,True,False,NONE,False,Handball,M190,False,0,0,False,0,False,"145 days, 22:40:39.182133",Active,M190-HANDBALL-1
0,35808.20812988281,Q-11,False,411.0,0,False,SFB,False,False,True,False,False,11364.0,False,False,False,NONE,False,"60ft base path, 150-200ft fence",Q001,False,0,0,False,0,False,"717 days, 2:23:09.071455",Active,Q001-ZN03-BASEBALL-1
0,1096.151870727539,Q-01,False,401.0,0,False,HDB,False,False,False,False,False,11103.0,False,True,False,NONE,False,Handball,Q444,False,0,0,False,0,False,"134 days, 1:40:53.707259",Active,Q444-HANDBALL-1
0,2341.383071899414,Q-08,False,408.0,0,False,BKB,False,False,False,False,False,11367.0,False,False,False,NONE,False,Half Court,Q376,False,0,0,True,0,False,"193 days, 16:13:53.905972",Active,Q376-BASKETBALL-4
0,5982.579177856445,B-13,False,313.0,0,False,,False,False,False,False,False,11224.0,False,False,False,NONE,False,,B369,False,0,0,False,0,False,"286 days, 21:19:30.242170",Inactive,B369-BASEBALL-1
0,1509.6204223632812,M-03,False,103.0,0,False,HDB,False,False,False,False,False,10002.0,False,True,False,NONE,False,Handball,M065,False,0,0,False,0,False,"156 days, 9:13:19.604682",Active,M065-HANDBALL-3
0,67496.38748168945,Q-07,False,407.0,0,False,CRK,False,False,False,False,False,11355.0,False,False,False,NONE,False,60 ft Cricket Pitch,Q300,False,0,0,False,0,False,"1032 days, 10:15:19.745335",Active,Q300-ZN03-CRICKET-2
0,68594.21388244629,X-13,False,226.0,0,False,BSB,True,False,True,False,False,10471.0,False,False,False,NONE,False,"60ft base path, 150-200ft fence",X092,False,0,0,False,0,False,"994 days, 17:09:03.483693",Active,X092-ZN02-SOFTBALL-2
0,26877.37455749512,Q-01,False,401.0,0,False,SFB,True,False,True,False,False,11102.0,False,False,False,NONE,False,"60ft base path, 150-200ft fence",Q226,False,0,0,False,0,False,"651 days, 9:40:21.708814",Active,Q226-02-BASEBALL-1
0,13294.017837524414,M-14,False,109.0,0,False,SCR,False,False,False,False,False,10032.0,False,False,False,NONE,False,,M140,False,0,0,False,0,False,"477 days, 9:52:07.010656",Inactive,M072-ZN28-SOCCER-1
0,1274.885711669922,B-06,False,306.0,0,False,HDB,False,False,False,False,False,11215.0,False,True,False,NONE,False,Handball,B111A,False,0,0,False,0,False,"144 days, 14:54:15.910807",Active,B111A-HANDBALL-11
0,1113.4107055664062,Q-04,False,404.0,0,False,BKB,False,False,False,False,False,11368.0,False,False,False,NONE,False,Half Court,Q450,False,0,0,False,0,False,"135 days, 1:55:45.565778",Inactive,Q450-BASKETBALL-5
0,2817.083297729492,X-04,False,204.0,1,False,TNS,False,False,False,False,False,10451.0,False,False,True,NONE,False,Tennis,X344,False,0,0,False,0,False,"227 days, 11:36:01.043586",Active,X344-TENNIS-15
0,30227.72201538086,B-11,False,311.0,0,True,SFB,True,False,True,False,False,11214.0,False,False,False,NONE,False,"60ft base path, 150-200ft fence",B007,False,0,0,False,0,False,"647 days, 23:31:39.818576",Active,B007-BASEBALL-3
0,71310.99159240723,M-11,False,111.0,0,False,SCR,False,False,False,False,False,10035.0,True,False,False,AFB,True,147-295ft W x 295-393ft L,M104,True,0,0,False,0,False,"1115 days, 10:01:36.481354",Active,M104-ZN03-SOCCER-2
0,3670.7470703125,X-15,False,228.0,0,False,BKB,False,False,False,False,False,10465.0,False,False,False,NONE,False,Full Court,X039,False,0,0,True,0,False,"247 days, 8:47:48.034681",Active,X039-01-BASKETBALL-1
0,4704.259674072266,B-02,False,302.0,0,False,BKB,False,False,False,False,False,11201.0,False,False,False,NONE,False,Full Court,,False,0,0,True,0,False,"277 days, 8:29:35.345536",Active,B223J03-BASKETBALL-2
0,49956.76890563965,X-10,False,210.0,0,False,SCR,False,False,False,False,False,10465.0,False,False,False,NONE,False,45-146ft W x 75-294ft L,X126,False,0,0,False,0,True,"914 days, 9:47:34.610043",Active,X126-ZN02-SOCCER-2
0,1370.958251953125,B-03,False,303.0,0,False,BKB,False,False,False,False,False,11233.0,False,False,False,NONE,False,Half Court,B313,False,0,0,True,0,False,"150 days, 20:10:45.057842",Active,B313-BASKETBALL-1
0,2757.8568572998047,M-11,False,111.0,0,False,TNS,False,False,False,False,False,10035.0,False,False,True,NONE,True,Tennis,M104,False,0,0,False,0,False,"225 days, 22:55:17.031814",Active,M104-ZN02-TENNIS-15
0,25597.866104125977,X-07,False,207.0,0,False,SFB,False,False,True,False,False,10468.0,False,False,False,NONE,False,"60ft base path, 150-200ft fence",X150E,False,0,0,False,0,False,"582 days, 8:46:17.848063",Active,X150E-BASEBALL-1
0,1188.4901733398438,Q-04,False,404.0,0,False,HDB,False,False,False,False,False,11373.0,False,True,False,NONE,False,Handball,Q098,False,0,0,False,0,False,"141 days, 20:48:28.948718",Active,Q098-HANDBALL-1
0,3012.648834228516,Q-14,False,414.0,0,False,BKB,False,False,False,False,False,11692.0,False,False,False,NONE,False,Full Court,Q443,False,0,0,True,0,False,"220 days, 4:47:21.042332",Active,Q443-BASKETBALL-3
0,1135.5906982421875,B-06,False,306.0,0,False,HDB,False,False,False,False,False,11215.0,False,True,False,NONE,False,Handball,B111A,False,0,0,False,0,False,"138 days, 18:30:36.883324",Active,B111A-HANDBALL-2
0,1826.2335205078125,B-18,False,318.0,0,False,BKB,False,False,False,False,False,11229.0,False,False,False,NONE,False,Full Court,B057,False,0,0,True,0,False,"173 days, 17:12:20.661939",Active,B057-BASKETBALL-13
0,42023.26739501953,X-09,False,209.0,0,False,SFB,False,False,True,False,False,10473.0,False,False,False,NONE,False,"60ft base path, 150-200ft fence",X118,False,0,0,False,0,False,"754 days, 23:35:48.221926",Active,X118-ZN01-BASEBALL-2
0,1095.087173461914,Q-13,False,413.0,0,False,HDB,False,False,False,False,False,11422.0,False,True,False,NONE,False,Handball,Q108,False,0,0,False,0,False,"134 days, 2:37:19.530969",Active,Q108-HANDBALL-3
0,1198.2560424804688,Q-05,False,405.0,0,False,HDB,False,False,False,False,False,11385.0,False,True,False,NONE,False,Handball,B047,False,0,0,False,0,False,"144 days, 14:04:25.151266",Active,Q020-ZN04-HANDBALL-10
0,57691.52378845215,B-14,False,314.0,0,False,BSB,False,False,False,True,False,11226.0,False,False,False,NONE,False,"90ft base path, 200+ft fence",B068,False,0,0,False,0,False,"894 days, 14:57:49.099939",Active,B073-ZN27-BASEBALL-1
0,1620.3485870361328,Q-14,False,414.0,0,False,HDB,False,False,False,False,False,11694.0,False,True,False,NONE,False,Handball,Q163,False,0,0,False,0,False,"169 days, 7:46:06.524903",Removed,Q163-ZN07A-HANDBALL-3
0,1199.8776397705078,R-02,False,502.0,0,False,HDB,False,False,False,False,False,10314.0,False,False,False,NONE,False,Handball,R045,False,0,0,False,0,False,"141 days, 14:47:52.170502",Inactive,R045-01-HANDBALL-4
0,3109.373748779297,Q-10,False,410.0,0,False,BKB,False,False,False,False,False,11420.0,False,False,False,NONE,False,Full Court,Q096E,False,0,0,True,0,False,"233 days, 12:42:25.854970",Active,Q096E-BASKETBALL-2
0,2557.678039550781,B-16,False,316.0,0,False,BKB,False,False,False,False,False,11212.0,False,False,False,NONE,False,Full Court,B362,False,0,0,True,0,False,"211 days, 11:29:52.883223",Active,B362-BASKETBALL-2
0,960.3038482666016,M-09,False,109.0,0,False,HDB,False,False,False,False,False,10027.0,False,True,False,NONE,False,Handball,M205,False,0,0,False,0,False,"127 days, 12:35:43.838678",Active,M205-HANDBALL-1
0,3772.393310546875,B-14,False,314.0,0,False,TNS,False,False,False,False,False,11226.0,False,False,True,NONE,False,Tennis,B068,False,0,0,False,0,False,"272 days, 19:33:11.505109",Active,B073-ZN27-TENNIS-11
0,2863.6976165771484,B-08,False,308.0,0,False,TNS,False,False,False,False,False,11233.0,False,False,True,NONE,True,Tennis,B054,False,0,0,False,0,False,"230 days, 0:45:46.479963",Active,B054-ZN03-TENNIS-5
0,2769.6429595947266,B-10,False,310.0,0,False,TNS,False,False,False,False,False,11228.0,False,False,True,NONE,False,Tennis,B028,False,0,0,False,0,False,"226 days, 23:46:27.715092",Active,B028-ZN01-TENNIS-4
0,1662.6468200683594,B-13,False,313.0,0,False,HDB,False,False,False,False,False,11235.0,False,True,False,NONE,False,Handball,B275,False,0,0,False,0,False,"163 days, 21:23:15.419840",Active,B275-HANDBALL-2
0,2882.172653198242,B-15,False,315.0,0,False,BKB,False,False,False,False,False,11223.0,False,False,False,NONE,False,Full Court,B244,False,0,0,True,0,False,"217 days, 8:32:58.591820",Active,B244-BASKETBALL-1
0,31800.368850708008,Q-11,False,411.0,0,False,SFB,True,False,True,True,False,11364.0,False,False,False,NONE,False,"60ft base path, 150-200ft fence",Q001,False,0,0,False,0,False,"675 days, 8:48:59.159620",Active,Q001-ZN03-BASEBALL-5
0,22765.7479095459,M-12,False,112.0,0,False,SFB,False,False,True,False,False,10032.0,False,False,False,NONE,False,"60ft base path, 150-200ft fence",M028,False,0,0,False,0,False,"555 days, 19:31:03.220709",Inactive,M028-ZN01-BASEBALL-1
0,1115.5059051513672,M-02,False,102.0,0,False,HDB,False,False,False,False,False,10012.0,False,True,False,NONE,False,Handball,M125C,False,0,0,False,0,False,"137 days, 21:00:14.373891",Active,M125C-HANDBALL-2
0,28415.51750183105,R-01,False,501.0,0,False,SFB,False,False,True,False,False,10310.0,False,False,False,NONE,False,"60ft base path, 150-200ft fence",R105,False,0,0,False,0,False,"668 days, 8:17:55.588339",Inactive,R105-BASEBALL-1
0,2765.3482055664062,M-13,False,164.0,0,False,TNS,False,False,False,False,False,10024.0,False,False,True,NONE,False,Tennis,M010,False,0,0,False,0,False,"226 days, 12:31:26.607704",Active,M010-ZN34-TENNIS-6
0,2886.836639404297,X-13,False,226.0,0,False,TNS,False,False,False,False,False,10470.0,False,False,True,NONE,False,Tennis,X092,False,0,0,False,0,False,"230 days, 10:40:09.156015",Active,X092-ZN11-TENNIS-8
0,4184.2559814453125,X-09,False,209.0,0,False,BKB,False,False,False,False,False,10473.0,False,False,False,NONE,False,Full Court,X204,False,0,0,True,0,False,"267 days, 6:01:56.710114",Active,X204-BASKETBALL-2
0,21423.39411926269,X-13,False,226.0,0,False,SFB,True,False,True,False,False,10471.0,False,False,False,NONE,False,"60ft base path, 150-200ft fence",X092,False,0,0,False,0,False,"547 days, 21:11:49.458188",Active,X092-ZN08-BASEBALL-1
0,1838.8693389892576,M-12,False,112.0,0,False,VLB,False,False,False,False,False,10033.0,False,False,False,NONE,False,Volleyball,M099,False,0,1,False,0,False,"180 days, 23:53:46.566484",Active,M099-VOLLEYBALL-1
0,15535.08950805664,Q-07,False,407.0,0,False,SFB,True,False,False,True,False,11355.0,False,False,False,NONE,False,"45-60ft base path, less than 150ft fence",Q308,False,0,0,False,0,False,"488 days, 15:27:22.798258",Removed,Q308-SOFTBALL-1
0,1049.857650756836,M-04,False,104.0,0,False,BKB,False,False,False,False,False,10036.0,False,False,False,NONE,False,Half Court,M154,False,0,0,False,0,False,"129 days, 19:16:55.007451",Inactive,M154-BASKETBALL-2
0,1860.8914947509768,M-02,False,102.0,0,False,HDB,False,False,False,False,False,10012.0,False,True,False,NONE,False,Handball,M069,False,0,0,False,0,False,"185 days, 0:21:31.073038",Active,M069-HANDBALL-3
0,1033.50244140625,Q-06,False,406.0,0,False,HDB,False,False,False,False,False,11375.0,False,True,False,NONE,False,Handball,Q099,False,0,0,False,0,False,"131 days, 7:54:34.266202",Active,Q099-01-HANDBALL-2
0,2026.5165252685547,B-16,False,316.0,0,False,BKB,False,False,False,False,False,11212.0,False,False,False,NONE,False,Half Court,B343,False,0,0,True,0,False,"180 days, 1:59:51.996571",Active,B343-BASKETBALL-3
0,1609.1272583007812,Q-13,False,413.0,0,False,HDB,False,False,False,False,False,11426.0,False,True,False,NONE,False,Handball,Q358,False,0,0,False,0,False,"161 days, 7:50:51.823597",Active,Q358-HANDBALL-2
0,73209.66961669922,M-11,False,111.0,0,False,BSB,True,False,False,True,False,10035.0,False,False,False,NONE,False,"90ft base path, 200+ft fence",M104,False,0,0,False,0,False,"1066 days, 17:27:25.451924",Active,M104-ZN02-BASEBALL-18
0,1465.3049774169922,X-11,False,211.0,0,False,BKB,False,False,False,False,False,10469.0,False,False,False,NONE,False,Half Court,X172,False,0,0,True,0,False,"153 days, 18:20:26.358080",Active,X172-BASKETBALL-5
0,2812.0138092041016,B-10,False,310.0,0,False,PKB,True,False,False,False,False,11220.0,False,False,False,NONE,False,Tennis,B052,False,0,0,False,0,False,"228 days, 12:33:20.868729",Active,B052-02-TENNIS-8
0,14134.981719970703,B-17,False,317.0,0,False,SFB,True,False,True,False,False,11210.0,False,False,False,NONE,False,"60ft base path, 150-200ft fence",B250,False,0,0,False,0,False,"437 days, 0:00:23.559849",Active,B250-BASEBALL-1
0,41500.241943359375,Q-12,False,412.0,0,False,BSB,False,False,False,True,False,11434.0,False,False,False,NONE,False,"90ft base path, 200+ft fence",Q005,False,0,0,False,0,False,"749 days, 10:44:30.203089",Active,Q005-ZN01-BASEBALL-1
0,14955.97706604004,B-10,False,310.0,0,False,SCR,False,False,False,False,False,11228.0,False,False,False,NONE,False,45-146ft W x 75-294ft L,B028,False,0,0,False,0,False,"507 days, 14:34:19.125395",Inactive,B028-ZN02-SOCCER-3
0,2821.327743530273,B-10,False,310.0,0,False,TNS,False,False,False,False,False,11228.0,False,False,True,NONE,False,Tennis,B028,False,0,0,False,0,False,"228 days, 12:53:26.009313",Active,B028-ZN01-TENNIS-9
0,1396.5223846435547,M-13,False,164.0,0,False,BKB,False,False,False,False,False,10025.0,False,False,False,NONE,False,Full Court,M010,False,0,0,True,0,False,"155 days, 16:11:24.473783",Active,M010-ZN36-BASKETBALL-3
0,2840.5852966308594,Q-13,False,413.0,0,False,TNS,False,False,False,False,False,11422.0,False,False,True,NONE,False,Tennis,Q008,False,0,0,False,0,False,"228 days, 18:28:22.463735",Active,Q008-ZN02-TENNIS-5
0,1754.8360900878906,X-15,False,228.0,0,False,VLB,False,False,False,False,False,10464.0,False,False,False,NONE,False,Volleyball,X039,False,0,1,False,0,False,"177 days, 8:35:22.919088",Active,X039-ZN17-VOLLEYBALL-2
0,2796.220184326172,B-18,False,318.0,0,False,TNS,False,False,False,False,False,11236.0,False,False,False,NONE,False,Tennis,B279,False,0,0,False,0,False,"227 days, 15:20:14.155752",Inactive,B279-TENNIS-2
0,33868.27899169922,B-18,False,318.0,1,True,BSB,True,False,True,False,False,11234.0,False,False,False,NONE,False,"60ft base path, 150-200ft fence",B166D,False,0,0,False,0,False,"684 days, 20:56:39.503555",Active,B166D-BASEBALL-6
0,33124.7686920166,Q-08,False,408.0,0,True,SFB,True,False,True,False,False,11365.0,False,False,False,NONE,False,"60ft base path, 150-200ft fence",Q314,False,0,0,False,0,False,"710 days, 0:40:37.438617",Active,Q314-BASEBALL-1
0,24491.13694763184,Q-08,False,408.0,0,False,SCR,False,False,False,False,False,11364.0,False,False,False,NONE,False,45-146ft W x 75-294ft L,Q021,False,0,0,False,0,False,"641 days, 6:55:53.978696",Active,Q021-ZN04-SOCCER-1
0,1295.2636260986328,X-01,False,201.0,0,False,HDB,False,False,False,False,False,10454.0,False,True,False,NONE,False,Handball,X217,False,0,0,False,0,False,"146 days, 8:21:33.167486",Active,X217-HANDBALL-1
0,30775.341537475582,Q-08,False,408.0,0,False,SFB,False,False,False,False,False,11367.0,False,False,False,NONE,False,"45-60ft base path, less than 150ft fence",Q320,False,0,0,False,0,False,"656 days, 11:21:08.704531",Active,Q320-BASEBALL-1
0,716.9816741943359,R-02,False,502.0,0,False,HDB,False,False,False,False,False,10305.0,False,True,False,NONE,False,Handball,R063,False,0,0,False,0,False,"111 days, 10:29:49.838120",Active,R063-HANDBALL-2
0,21702.049194335938,M-10,False,110.0,0,False,BSB,False,False,False,True,False,10037.0,False,False,False,NONE,True,"90ft base path, 200+ft fence",M186,False,0,0,False,0,False,"539 days, 4:38:01.351164",Active,M186-BASEBALL-3
0,72624.84761047363,X-07,False,207.0,0,False,BSB,False,False,False,True,False,10468.0,False,False,False,NONE,True,"90ft base path, 200+ft fence",X136,False,0,0,False,0,False,"996 days, 9:14:26.591433",Active,X136-BASEBALL-2
0,1712.945083618164,Q-02,False,402.0,0,False,HDB,False,False,False,False,False,11104.0,False,True,False,NONE,False,Handball,Q044,False,0,0,False,0,False,"167 days, 23:13:08.875583",Active,Q044-HANDBALL-1
0,752.4893188476562,M-09,False,109.0,0,False,HDB,False,False,False,False,False,10027.0,False,True,False,NONE,False,Handball,M077,False,0,0,False,0,False,"113 days, 6:53:16.236170",Active,M077-02-HANDBALL-4
0,2795.3473205566406,Q-13,False,413.0,1,False,TNS,False,False,False,False,False,11426.0,False,False,True,NONE,False,Tennis,Q001A,False,0,0,False,0,False,"226 days, 2:14:40.386214",Active,Q001-ZN01-TENNIS-7
0,1207.7947998046875,X-13,False,226.0,0,False,BKB,False,False,False,False,False,10471.0,False,False,False,NONE,False,Half Court,X092,False,0,0,True,0,False,"140 days, 1:05:21.923019",Removed,X092-ZN02-BASKETBALL-2
0,63010.20668029785,X-13,False,226.0,0,False,CRK,False,False,False,False,False,10471.0,False,False,False,NONE,False,60 ft Cricket Pitch,X092,False,0,0,False,0,False,"983 days, 11:17:01.697703",Active,X092-ZN05-CRICKET-4
0,2650.582489013672,Q-01,False,401.0,0,False,TNS,False,False,False,False,False,11105.0,False,False,True,NONE,False,Tennis,Q004,False,0,0,False,0,False,"222 days, 10:53:29.409298",Active,Q004-ZN04-TENNIS-12
0,3693.9182891845694,X-02,False,202.0,0,False,TNS,False,False,False,False,False,10459.0,False,False,False,NONE,False,Tennis,X284,False,0,0,False,0,False,"268 days, 15:44:39.466005",Inactive,X284-TENNIS-4
0,1605.0616912841797,B-18,False,318.0,0,False,HDB,False,False,False,False,False,11234.0,False,True,False,NONE,False,Handball,B248,False,0,0,False,0,False,"165 days, 10:36:05.826107",Active,B248-HANDBALL-4
1,16619.35577392578,M-12,False,112.0,0,False,HKY,False,False,False,False,False,10034.0,False,False,False,NONE,False,Hockey,M042,False,0,0,False,0,False,"536 days, 14:25:27.366414",Active,M042-ZN04-HOCKEY-1
1,45275.093338012695,B-15,False,315.0,0,True,MPPA,True,True,True,False,False,11223.0,False,False,False,AFB,False,147-295ft W x 295-393ft L,B244,True,0,0,False,0,True,"848 days, 23:47:54.655715",Active,B244-BASEBALL-1
0,2825.431182861328,B-06,False,306.0,0,False,BKB,False,False,False,False,False,11215.0,False,False,False,NONE,False,Full Court,B111A,False,0,0,True,0,False,"213 days, 2:18:24.573404",Active,B111A-BASKETBALL-4
0,2706.191879272461,X-15,False,228.0,0,False,TNS,False,False,False,False,False,10465.0,False,False,True,NONE,False,Tennis,X039,False,0,0,False,0,False,"224 days, 3:30:07.814306",Active,X039-ZN01-TENNIS-7
0,2900.566436767578,Q-07,False,407.0,0,False,BKB,False,False,False,False,False,11355.0,False,False,False,NONE,False,Full Court,Q308,False,0,0,True,0,False,"221 days, 20:38:34.725045",Active,Q308-BASKETBALL-5
0,10021.027893066406,Q-12,False,412.0,0,False,SFB,False,False,False,False,False,11413.0,False,False,False,NONE,False,"45-60ft base path, less than 150ft fence",Q330,False,0,0,False,0,False,"370 days, 6:40:33.766971",Active,Q330-BASEBALL-1
0,3613.2025756835938,B-18,False,318.0,0,False,BKB,False,False,False,False,False,11236.0,False,False,False,NONE,False,Full Court,B342,False,0,0,True,0,False,"246 days, 3:55:46.995071",Active,B342-BASKETBALL-2
0,2875.203018188477,B-02,False,302.0,0,False,TNS,False,False,False,False,False,11201.0,False,False,True,NONE,False,Tennis,B032,False,0,0,False,0,False,"230 days, 22:56:40.937397",Active,B032-ZN02-TENNIS-6
0,20005.62306213379,B-01,False,301.0,0,False,SCR,False,False,False,False,False,11211.0,False,False,False,NONE,True,45-146ft W x 75-294ft L,B529,False,0,0,False,0,True,"572 days, 20:08:34.908032",Active,B529-SOCCER-1
0,1325.6033782958984,X-03,False,203.0,0,False,HDB,False,False,False,False,False,10457.0,False,True,False,NONE,False,Handball,X010,False,0,0,False,0,False,"148 days, 3:07:25.701334",Active,X010-07-HANDBALL-1
0,44261.62705993652,X-09,False,209.0,0,False,SFB,True,False,True,False,False,10472.0,False,False,False,NONE,False,"60ft base path, 150-200ft fence",X004,False,0,0,False,0,False,"837 days, 2:48:18.276119",Inactive,X004-03-BASEBALL-1
0,2170.143569946289,B-03,False,303.0,0,False,BKB,False,False,False,False,False,11221.0,False,False,False,NONE,False,Half Court,B359,False,0,0,True,0,False,"186 days, 16:33:27.473977",Active,B359-BASKETBALL-4
0,1048.0177764892578,B-13,False,313.0,0,False,BKB,False,False,False,False,False,11224.0,False,False,False,NONE,False,Half Court,B296,False,0,0,True,0,False,"130 days, 6:27:37.235736",Active,B296-BASKETBALL-1
0,1784.0344543457031,X-07,False,207.0,0,False,VLB,False,False,False,False,False,10467.0,False,False,False,NONE,False,,X104,False,0,0,False,0,False,"179 days, 2:13:48.677007",Inactive,X104-01-VOLLEYBALL-3
0,1673.5068969726562,B-18,False,318.0,0,False,HDB,False,False,False,False,False,11236.0,False,True,False,NONE,False,Handball,B279,False,0,0,False,0,False,"164 days, 19:11:15.084371",Active,B279-HANDBALL-3
0,3988.726272583008,Q-12,False,412.0,1,False,BKB,False,False,False,False,False,11434.0,False,False,False,NONE,False,Full Court,Q448,False,0,0,True,0,False,"262 days, 9:16:55.956688",Active,Q448-99-BASKETBALL-4
0,4363.398345947266,M-12,False,112.0,0,False,BKB,False,False,False,False,False,10034.0,False,False,False,NONE,False,Full Court,M199,False,0,0,True,0,False,"274 days, 6:57:37.341754",Active,M199-BASKETBALL-2
0,880.9230651855469,B-02,False,302.0,0,False,BKB,False,False,False,False,False,11205.0,False,False,False,NONE,False,Half Court,B321,False,0,0,True,0,False,"118 days, 17:53:21.866218",Active,B321-BASKETBALL-4
0,13435.511947631836,X-04,False,204.0,0,False,SCR,False,False,False,False,False,10452.0,False,False,False,NONE,False,45-146ft W x 75-294ft L,X261,False,0,0,False,0,True,"478 days, 19:42:14.692382",Active,X261-SOCCER-1
0,57455.36798095703,M-11,False,111.0,0,False,SCR,False,False,False,False,False,10035.0,False,False,False,NONE,False,147-295ft W x 295-393ft L,M104,True,0,0,False,0,True,"981 days, 2:54:15.497077",Active,M104-ZN02-SOCCER-3
0,36289.65103149414,Q-08,False,408.0,0,False,SFB,False,False,False,False,False,11364.0,False,False,False,NONE,False,"60ft base path, 150-200ft fence",Q021,False,0,0,False,0,False,"901 days, 5:18:00.555480",Inactive,Q021-ZN06-BASEBALL-2
0,2426.033828735352,B-06,False,306.0,0,False,HDB,False,False,False,False,False,11217.0,False,True,False,NONE,False,Handball,B230,False,0,0,False,0,False,"206 days, 7:39:25.715574",Active,B230-HANDBALL-2
0,36344.862564086914,M-12,False,112.0,0,False,BSB,False,False,False,True,False,10034.0,False,False,False,NONE,False,"90ft base path, 200+ft fence",M042,False,0,0,False,0,False,"706 days, 1:31:15.590600",Active,M042-ZN01-BASEBALL-3
0,1115.0055847167969,M-13,False,164.0,0,False,HDB,False,False,False,False,False,10025.0,False,True,False,NONE,False,Handball,M010,False,0,0,False,0,False,"138 days, 12:58:52.985987",Active,M010-ZN36-HANDBALL-9
0,1158.363800048828,B-04,False,304.0,0,False,HDB,False,False,False,False,False,11237.0,False,True,False,NONE,False,Handball,B017,False,0,0,False,0,False,"141 days, 8:28:39.241296",Active,B017-HANDBALL-2
0,888.2342681884766,B-02,False,302.0,0,False,HDB,False,False,False,False,False,11238.0,False,True,False,NONE,False,Handball,B102,False,0,0,False,0,False,"124 days, 14:02:41.641743",Active,B102-HANDBALL-2
0,1267.3661346435547,Q-13,False,413.0,0,False,HDB,False,False,False,False,False,11426.0,False,True,False,NONE,False,Handball,Q134,False,0,0,False,0,False,"148 days, 5:49:14.200485",Active,Q134-HANDBALL-4
0,927.126708984375,B-06,False,306.0,0,False,HDB,False,False,False,False,False,11231.0,False,True,False,NONE,False,Handball,B210H,False,0,0,False,0,False,"123 days, 4:29:23.941763",Active,B210H-HANDBALL-2
0,892.63623046875,B-08,False,308.0,0,False,HDB,False,False,False,False,False,11238.0,False,True,False,NONE,False,Handball,B161,False,0,0,False,0,False,"126 days, 0:37:13.473496",Active,B161-HANDBALL-2
0,2745.075164794922,Q-01,False,401.0,0,False,TNS,False,False,False,False,False,11106.0,False,False,True,NONE,False,Tennis,Q218,False,0,0,False,0,False,"226 days, 7:33:46.509884",Active,Q218-TENNIS-2
0,1506.2852478027344,Q-10,False,410.0,0,False,BKB,False,False,False,False,False,11414.0,False,False,False,NONE,False,Half Court,Q408,False,0,0,False,0,False,"157 days, 1:52:28.305302",Active,Q408-BASKETBALL-2
0,1363.6244354248047,M-09,False,109.0,0,False,HDB,False,False,False,False,False,10031.0,False,True,False,NONE,False,Handball,M077,False,0,0,False,0,False,"149 days, 23:43:55.591880",Active,M077-03-HANDBALL-1
0,17297.777236938477,X-04,False,204.0,0,False,SCR,False,False,False,False,False,10452.0,False,False,False,NONE,False,45-146ft W x 75-294ft L,X034,False,0,0,False,0,True,"539 days, 11:42:34.412706",Active,X034-SOCCER-2
0,5357.360916137695,Q-13,False,413.0,0,False,SCR,False,False,False,False,False,11426.0,False,False,False,NONE,False,,,False,0,0,False,0,False,"298 days, 15:37:04.924846",Inactive,Q453-SOCCER-5
0,1323.8624420166016,Q-14,False,414.0,0,False,HDB,False,False,False,False,False,11691.0,False,True,False,NONE,False,Handball,Q162J01,False,0,0,False,0,False,"148 days, 10:10:35.809148",Active,Q162J-HANDBALL-3
0,42296.77543640137,R-02,False,595.0,0,False,SFB,True,False,True,False,False,10306.0,False,False,False,NONE,False,"60ft base path, 150-200ft fence",R046,False,0,0,False,0,False,"785 days, 23:33:45.392512",Active,R046-ZN05-BASEBALL-4
0,1289.6793060302734,X-03,False,203.0,0,False,HDB,False,False,False,False,False,10457.0,False,False,False,NONE,False,Handball,X010,False,0,0,False,0,False,"143 days, 22:18:17.629067",Inactive,X010-ZN03-HANDBALL-19
0,1342.6667175292969,B-04,False,304.0,0,False,BKB,False,False,False,False,False,11207.0,False,False,False,NONE,False,Half Court,B307,False,0,0,True,0,False,"148 days, 3:22:54.686701",Active,B307-BASKETBALL-2
0,3832.772399902344,B-01,False,301.0,0,False,BKB,False,False,False,False,False,11211.0,False,False,False,NONE,False,Half Court,,False,0,0,True,0,False,"252 days, 12:50:45.147353",Active,B223P02-BASKETBALL-3
0,653.429931640625,Q-05,False,305.0,0,False,TNS,False,False,False,False,False,11207.0,False,False,True,NONE,True,Tennis,B047,False,0,0,False,0,False,"108 days, 23:33:49.078542",Active,Q020-ZN04-TENNIS-21
0,13568.92318725586,B-08,False,308.0,0,False,SFB,True,False,True,False,False,11213.0,False,False,False,NONE,False,"60ft base path, 150-200ft fence",B245,False,0,0,False,0,False,"435 days, 0:52:58.143525",Active,B245-BASEBALL-3
0,1523.3028259277344,X-10,False,210.0,0,False,HDB,False,False,False,False,False,10461.0,False,True,False,NONE,False,Handball,X122,False,0,0,False,0,False,"157 days, 1:46:00.145037",Active,X122-HANDBALL-1
0,3457.5303497314453,X-10,False,210.0,0,False,BKB,False,False,False,False,False,10465.0,False,False,False,NONE,False,Full Court,X191D,False,0,0,False,0,False,"238 days, 19:12:06.737679",Inactive,X191D-BASKETBALL-1
0,989.7098846435548,B-01,False,301.0,0,False,HDB,False,False,False,False,False,11206.0,False,True,False,NONE,False,Handball,B310,False,0,0,False,0,False,"127 days, 18:12:45.684133",Active,B310-HANDBALL-2
0,1426.614761352539,B-16,False,316.0,0,False,HDB,False,False,False,False,False,11233.0,False,True,False,NONE,False,Handball,B325,False,0,0,False,0,False,"151 days, 20:20:59.760896",Active,B325-HANDBALL-1
0,1983.087432861328,Q-02,False,402.0,0,False,BKB,False,False,False,False,False,11104.0,False,False,False,NONE,False,Full Court,Q340,False,0,0,False,0,False,"178 days, 7:04:37.433789",Inactive,Q340-BASKETBALL-1
0,73384.28828430176,M-11,False,111.0,0,False,BSB,True,False,False,True,False,10035.0,False,False,False,NONE,False,"90ft base path, 200+ft fence",M104,False,0,0,False,0,False,"1073 days, 6:00:21.205345",Active,M104-ZN02-BASEBALL-7
0,3788.726776123047,B-01,False,301.0,0,False,BKB,False,False,False,False,False,11206.0,False,False,False,NONE,False,Full Court,B132,False,0,0,True,0,False,"256 days, 5:05:43.294702",Active,B059-BASKETBALL-1
0,88788.68502807617,Q-07,False,407.0,0,False,SCR,False,False,False,False,False,11354.0,False,False,False,NONE,True,147-295ft W x 295-393ft L,Q476,False,0,0,False,0,True,"1206 days, 5:26:10.632489",Active,Q476-SOCCER-1
0,1837.10368347168,Q-05,False,405.0,0,False,VLB,False,False,False,False,False,11385.0,False,False,False,NONE,False,Volleyball,Q002,False,0,1,False,0,False,"181 days, 21:00:33.700177",Active,Q002-VOLLEYBALL-1
0,3653.195709228516,X-06,False,206.0,0,False,BKB,False,False,False,False,False,10457.0,False,False,False,NONE,False,Full Court,X148H1,False,0,0,True,0,False,"247 days, 12:04:55.956312",Active,X148H1-BASKETBALL-4
0,2756.868560791016,Q-11,False,411.0,0,False,TNS,False,False,False,False,False,11361.0,False,False,True,NONE,False,Tennis,Q012,False,0,0,False,0,False,"225 days, 12:15:14.322951",Active,Q012-ZN03-TENNIS-1
0,2823.2681274414062,X-07,False,207.0,0,False,TNS,False,False,False,False,False,10468.0,False,False,True,NONE,False,Tennis,X044,False,0,0,False,0,False,"228 days, 21:55:31.090923",Active,X044-TENNIS-6
0,2656.422882080078,Q-08,False,408.0,0,False,BKB,False,False,False,False,False,11367.0,False,False,False,NONE,False,Full Court,Q329,False,0,0,True,0,False,"211 days, 2:08:41.213327",Active,Q329-BASKETBALL-4
0,1578.038589477539,B-13,False,313.0,0,False,HDB,False,False,False,False,False,11224.0,False,True,False,NONE,False,Handball,B296,False,0,0,False,0,False,"159 days, 11:00:28.260931",Active,B296-HANDBALL-2
0,811.9569091796875,B-04,False,304.0,0,False,HDB,False,False,False,False,False,11207.0,False,False,False,NONE,False,,B307,False,0,0,False,0,False,"113 days, 23:37:02.300529",Inactive,B307-HANDBALL-3
0,3360.2539825439453,Q-07,False,407.0,0,False,BKB,False,False,False,False,False,11354.0,False,False,False,NONE,False,Full Court,Q086,False,0,0,True,0,False,"236 days, 7:12:25.494522",Active,Q086-01-BASKETBALL-2
0,42897.75859069824,B-19,False,355.0,0,True,SFB,True,False,True,False,False,11215.0,False,False,False,NONE,False,"60ft base path, 150-200ft fence",B073,False,0,0,False,0,False,"759 days, 15:58:47.743424",Active,B073-ZN15-BASEBALL-3
0,58951.02717590332,M-11,False,111.0,0,False,SCR,False,False,False,False,False,10035.0,False,False,False,AFB,False,147-295ft W x 295-393ft L,M104,True,0,0,False,0,True,"993 days, 19:13:59.764625",Active,M107-ZN07-SOCCER-3
0,1350.7596435546875,M-09,False,109.0,0,False,HDB,False,False,False,False,False,10031.0,False,True,False,NONE,False,Handball,M077,False,0,0,False,0,False,"149 days, 19:06:04.572238",Active,M077-03-HANDBALL-2
0,2654.005844116211,Q-16,False,482.0,0,False,TNS,False,False,False,False,False,11385.0,False,False,True,NONE,False,Tennis,Q015,False,0,0,False,0,False,"221 days, 9:00:02.367548",Active,Q015-ZN07-TENNIS-8
0,43859.287109375,Q-05,False,405.0,0,False,SFB,True,False,True,False,False,11385.0,False,False,False,NONE,False,"60ft base path, 150-200ft fence",Q302,False,0,0,False,0,False,"817 days, 1:25:10.543851",Active,Q302-SOFTBALL-1
0,1055.3521575927734,Q-11,False,411.0,0,False,HDB,False,False,False,False,False,11361.0,False,True,False,NONE,False,Handball,Q364,False,0,0,False,0,False,"134 days, 6:27:22.993218",Active,Q364-HANDBALL-1
0,41439.27796936035,M-11,False,111.0,0,False,SFB,True,False,True,False,False,10035.0,False,False,False,NONE,False,"60ft base path, 150-200ft fence",M104,False,0,0,False,0,False,"801 days, 6:26:56.103945",Active,M104-ZN02-BASEBALL-27
0,4092.383682250977,R-01,False,501.0,0,False,BKB,False,False,False,False,False,10310.0,False,False,False,NONE,False,Full Court,R034,False,0,0,True,0,False,"265 days, 9:56:25.515496",Active,R034-BASKETBALL-3
0,1090.6142578125,Q-07,False,407.0,0,False,HDB,False,False,False,False,False,11354.0,False,True,False,NONE,False,Handball,Q326,False,0,0,False,0,False,"133 days, 4:16:20.159934",Active,Q326-HANDBALL-1
0,5961.720596313477,B-13,False,313.0,0,False,TRK,False,False,False,False,False,11223.0,False,False,False,NONE,False,Jogging Path,B252,False,0,0,False,0,False,"1329 days, 5:02:28.817264",Active,B252-TRACK-1
0,2806.7119140625,X-09,False,209.0,0,False,TNS,False,False,False,False,False,10462.0,False,False,False,NONE,False,Tennis,X177,False,0,0,False,0,False,"227 days, 17:58:28.634274",Inactive,X177-TENNIS-1
0,21748.521774291992,Q-08,False,408.0,0,True,SFB,True,False,True,False,False,11367.0,False,False,False,NONE,False,"60ft base path, 150-200ft fence",Q212,False,0,0,False,0,False,"587 days, 9:20:22.180188",Active,Q212-BASEBALL-1
0,1089.1595458984375,Q-10,False,410.0,0,False,HDB,False,False,False,False,False,11417.0,False,True,False,NONE,False,Handball,Q094,False,0,0,False,0,False,"136 days, 4:48:40.359948",Active,Q094-01-HANDBALL-1
0,17430.437728881836,B-18,False,318.0,0,False,CRK,False,False,False,False,False,11236.0,False,False,False,NONE,False,60 ft Cricket Pitch,B018,False,0,0,False,0,False,"529 days, 23:22:50.736742",Inactive,B018-ZN01-CRICKET-4
0,1697.704849243164,B-17,False,317.0,0,False,BKB,False,False,False,False,False,11236.0,False,False,False,NONE,False,Half Court,B271,False,0,0,False,0,False,"165 days, 6:05:43.748912",Inactive,B271-BASKETBALL-1
0,1825.1917877197263,Q-14,False,414.0,0,False,HDB,False,False,False,False,False,11693.0,False,True,False,NONE,False,Handball,Q163,False,0,0,False,0,False,"173 days, 19:08:02.270241",Removed,Q163-ZN06A-HANDBALL-1
0,23458.155227661133,R-01,False,501.0,0,False,SFB,False,False,True,False,False,10304.0,False,False,False,NONE,False,"60ft base path, 150-200ft fence",R061,False,0,0,False,0,False,"571 days, 5:09:52.794552",Closed Temporarily,R061-BASEBALL-2
0,1129.1574249267578,B-03,False,303.0,0,False,HDB,False,False,False,False,False,11221.0,False,True,False,NONE,False,Handball,B269,False,0,0,False,0,False,"138 days, 15:19:16.579848",Active,B269-HANDBALL-2
0,1666.0624237060547,X-01,False,201.0,0,False,HDB,False,False,False,False,False,10451.0,False,True,False,NONE,False,Handball,X154,False,0,0,False,0,False,"166 days, 8:35:22.020429",Active,X154-HANDBALL-4
0,1025.2052612304688,X-04,False,204.0,0,False,HDB,False,False,False,False,False,10452.0,False,True,False,NONE,False,Handball,X153,False,0,0,False,0,False,"130 days, 11:01:53.936940",Active,X153-02-HANDBALL-1
0,2142.6048278808594,B-03,False,303.0,0,False,BKB,False,False,False,False,False,11206.0,False,False,False,NONE,False,Full Court,B217,False,0,0,True,0,False,"188 days, 5:36:15.186937",Active,B217-BASKETBALL-3
0,7398.776580810547,Q-10,False,410.0,0,False,SFB,False,False,True,False,False,11417.0,False,False,False,NONE,False,"45-60ft base path, less than 150ft fence",Q094,False,0,0,False,0,False,"316 days, 19:44:02.438607",Active,Q094-BASEBALL-1
0,1843.189468383789,Q-14,False,414.0,0,False,HDB,False,False,False,False,False,11693.0,False,True,False,NONE,False,Handball,Q163,False,0,0,False,0,False,"175 days, 12:55:53.334477",Removed,Q163-ZN06B-HANDBALL-2
0,2798.0445556640625,B-10,False,310.0,0,False,PKB,False,False,False,False,False,11220.0,False,False,False,NONE,False,Tennis,B052,False,0,0,False,0,False,"228 days, 4:00:02.242341",Active,B052-02-TENNIS-7
0,14905.171905517578,B-18,False,318.0,0,False,HKY,False,False,False,False,False,11234.0,False,False,False,NONE,False,Hockey,B291,False,0,0,False,0,False,"502 days, 23:12:15.020929",Inactive,B291-HOCKEY-1
0,1352.1012878417969,M-03,False,103.0,0,False,HDB,False,False,False,False,False,10002.0,False,True,False,NONE,False,Handball,M171,False,0,0,False,0,False,"150 days, 2:16:09.041902",Active,M171-HANDBALL-2
0,1257.289566040039,X-01,False,201.0,0,False,HDB,False,False,False,False,False,10455.0,False,True,False,NONE,False,Handball,X233,False,0,0,False,0,False,"142 days, 5:38:38.700303",Active,X233-HANDBALL-4
0,2781.781845092773,Q-14,False,414.0,0,False,TNS,False,False,False,False,False,11693.0,False,False,False,NONE,False,,Q403,False,0,0,False,0,False,"227 days, 2:31:49.531078",Inactive,Q403-TENNIS-1
0,42293.99293518066,M-12,False,112.0,0,False,SFB,True,False,True,False,False,10034.0,False,False,False,NONE,False,"60ft base path, 150-200ft fence",M042,False,0,0,False,0,False,"814 days, 16:34:24.888579",Active,M042-ZN04-BASEBALL-2
0,1844.5953674316409,Q-05,False,405.0,0,False,SFB,False,False,False,False,False,11385.0,False,False,False,NONE,False,"45-60ft base path, less than 150ft fence",Q289,False,0,0,False,0,False,"164 days, 6:12:17.053788",Active,Q289-SOFTBALL-1
0,1443.0887908935547,M-09,False,109.0,0,False,HDB,False,False,False,False,False,10031.0,False,True,False,NONE,False,Handball,M018,False,0,0,False,0,False,"152 days, 22:37:41.083113",Active,M018-HANDBALL-2
0,1402.5383758544922,Q-04,False,404.0,0,False,HDB,False,False,False,False,False,11373.0,False,True,False,NONE,False,Handball,Q361,False,0,0,False,0,False,"153 days, 3:46:12.868089",Active,Q361-HANDBALL-2
0,3920.989242553711,B-13,False,313.0,0,False,TRK,False,False,False,False,False,11224.0,False,False,False,NONE,False,Jogging Path,B337,False,0,0,False,0,False,"711 days, 9:43:08.744165",Active,B337-TRACK-1
0,901.000228881836,Q-13,False,413.0,0,False,HDB,False,False,False,False,False,11426.0,False,True,False,NONE,False,Handball,Q327,False,0,0,False,0,False,"121 days, 15:16:45.850618",Active,Q327-HANDBALL-2
0,3565.617385864258,X-02,False,202.0,0,False,BKB,False,False,False,False,False,10459.0,False,False,False,NONE,False,Full Court,X190,False,0,0,True,0,False,"250 days, 5:42:54.936268",Active,X190-BASKETBALL-1
0,3392.206329345703,X-01,False,201.0,0,False,BKB,False,False,False,False,False,10451.0,False,False,False,NONE,False,Full Court,X155,False,0,0,False,0,False,"241 days, 18:00:46.507683",Inactive,X155-BASKETBALL-1
0,1427.3080596923828,M-06,False,106.0,0,False,BKB,False,False,False,False,False,10010.0,False,False,False,NONE,False,Half Court,M227,False,0,0,True,0,False,"153 days, 10:29:15.343313",Active,M227-BASKETBALL-5
0,2855.440887451172,X-15,False,228.0,0,False,TNS,False,False,False,False,False,10464.0,False,False,True,NONE,False,Tennis,X039,False,0,0,False,0,False,"229 days, 7:02:04.253103",Active,X039-ZN17-TENNIS-2
0,72696.8995513916,Q-12,False,412.0,0,False,FTB,False,False,False,False,False,11434.0,False,False,False,AFB,False,160 x 360ft rectangular,Q005,True,0,0,False,0,True,"1122 days, 15:33:30.845387",Active,Q005-ZN05-FOOTBALL-1
0,1201.4060821533203,Q-11,False,411.0,0,False,HDB,False,False,False,False,False,11364.0,False,True,False,NONE,False,Handball,Q001,False,0,0,False,0,False,"142 days, 13:39:33.765895",Active,Q001-01-HANDBALL-3
0,81176.30924987793,B-13,False,313.0,0,False,BSB,False,False,False,True,False,11224.0,False,False,False,NONE,False,"90ft base path, 200+ft fence",B129,False,0,0,False,0,False,"1061 days, 4:58:52.230454",Active,B129-ZN02-BASEBALL-4
0,2166.961898803711,B-01,False,301.0,0,False,TNS,False,False,False,False,False,11222.0,False,False,True,NONE,False,Tennis,B058,False,0,0,False,0,False,"211 days, 9:50:31.426756",Active,B058-ZN04-TENNIS-11
0,1771.1994934082031,R-01,False,501.0,0,False,BKB,False,False,False,False,False,10301.0,False,False,False,NONE,False,Unknown,R069,False,0,0,False,0,False,"170 days, 13:49:52.739785",Inactive,R069-BASKETBALL-4
0,1212.6175689697266,B-03,False,303.0,0,False,HDB,False,False,False,False,False,11233.0,False,True,False,NONE,False,Handball,B258,False,0,0,False,0,False,"143 days, 4:50:04.952677",Active,B258-HANDBALL-1
0,3703.402725219727,Q-04,False,404.0,0,False,BKB,False,False,False,False,False,11373.0,False,False,False,NONE,True,Full Court,Q360N,False,0,0,True,0,False,"249 days, 6:43:47.235899",Active,Q360N-BASKETBALL-3
0,2768.276580810547,M-13,False,164.0,0,False,TNS,False,False,False,False,False,10024.0,False,False,True,NONE,False,Tennis,M010,False,0,0,False,0,False,"227 days, 0:31:20.762510",Active,M010-ZN34-TENNIS-9
0,17820.757202148438,M-03,False,103.0,0,False,SCR,False,True,False,False,False,10002.0,True,False,False,AFB,False,45-146ft W x 75-294ft L,M105,True,0,0,False,0,True,"564 days, 20:22:46.507681",Active,M105-06-SOCCER-1
0,974.7772216796876,M-09,False,109.0,1,False,HDB,False,False,False,False,False,10026.0,False,True,False,NONE,False,Handball,M056,False,0,0,False,0,False,"128 days, 11:32:44.146045",Active,M056-01-HANDBALL-1
0,1591.875991821289,M-03,False,103.0,0,False,HDB,False,False,False,False,False,10038.0,False,True,False,NONE,False,Handball,M194,False,0,0,False,0,False,"160 days, 4:50:18.570582",Active,M194-HANDBALL-1
0,2804.3600311279297,Q-15,False,481.0,0,False,TNS,False,False,False,False,False,11368.0,False,False,False,NONE,False,Tennis,Q099,False,0,0,False,0,False,"227 days, 21:38:28.191782",Archived,Q099-ZN04-TENNIS-5
0,2806.7119140625,X-09,False,209.0,0,False,TNS,False,False,False,False,False,10462.0,False,False,False,NONE,False,Tennis,X177,False,0,0,False,0,False,"227 days, 17:58:28.635737",Inactive,X177-TENNIS-3
0,1063.2634582519531,B-05,False,305.0,0,False,HDB,False,False,False,False,False,11207.0,False,True,False,NONE,False,Handball,B078,False,0,0,False,0,False,"141 days, 2:35:10.034335",Active,B078-HANDBALL-2
0,1975.207794189453,B-03,False,303.0,0,False,BKB,False,False,False,False,False,11216.0,False,False,False,NONE,False,Full Court,B237,False,0,0,True,0,False,"177 days, 23:28:06.689072",Active,B237-BASKETBALL-2
0,969.6464233398438,Q-01,False,401.0,0,False,HDB,False,False,False,False,False,11105.0,False,True,False,NONE,False,Handball,Q298,False,0,0,False,0,False,"126 days, 6:16:39.536464",Active,Q298-HANDBALL-4
0,2896.874557495117,R-01,False,501.0,0,False,TNS,False,False,False,False,False,10310.0,False,False,True,NONE,False,Tennis,R015,False,0,0,False,0,False,"231 days, 8:37:15.516492",Active,R015-TENNIS-6
0,1196.6595458984375,B-16,False,316.0,0,False,BKB,False,False,False,False,False,11212.0,False,False,False,NONE,False,Half Court,B008,False,0,0,True,0,False,"140 days, 0:54:45.428421",Closed Temporarily,B008-03-BASKETBALL-4
0,2380.485321044922,X-08,False,208.0,0,False,BKB,False,False,False,False,False,10463.0,False,False,False,NONE,False,Full Court,X020,False,0,0,True,0,False,"199 days, 12:34:04.735709",Active,X020-BASKETBALL-1
0,2171.671112060547,Q-14,False,414.0,0,False,HDB,False,False,False,False,False,11693.0,False,True,False,NONE,False,Handball,Q163,False,0,0,False,0,False,"187 days, 12:00:50.536352",Removed,Q163-ZN06A-HANDBALL-8
0,3107.4952697753906,B-02,False,302.0,0,False,BKB,False,False,False,False,False,11238.0,False,False,False,NONE,False,Full Court,B102,False,0,0,True,0,False,"234 days, 23:16:16.133974",Active,B102-BASKETBALL-2
0,2815.8279571533203,Q-08,False,408.0,0,False,TNS,False,False,False,False,False,11423.0,False,False,True,NONE,False,Tennis,Q021,False,0,0,False,0,False,"228 days, 5:12:05.150650",Active,Q021-ZN02-TENNIS-8
0,933.2389831542968,B-05,False,305.0,0,False,HDB,False,False,False,False,False,11208.0,False,True,False,NONE,False,Handball,B149A,False,0,0,False,0,False,"124 days, 11:20:54.897174",Active,B149A-HANDBALL-3
0,2577.3258666992188,Q-12,False,412.0,0,False,BKB,False,False,False,False,False,11412.0,False,False,False,NONE,False,Half Court,Q106,False,0,0,False,0,False,"203 days, 19:22:27.594705",Active,Q106-BASKETBALL-6
0,1156.5302734375,Q-10,False,410.0,0,False,HDB,False,False,False,False,False,11420.0,False,True,False,NONE,False,Handball,Q119,False,0,0,False,0,False,"140 days, 15:29:15.329940",Active,Q119-HANDBALL-3
0,1764.9717712402344,Q-15,False,481.0,0,False,VLB,False,False,False,False,False,11368.0,False,False,False,NONE,False,Volleyball,Q099,False,0,1,False,0,False,"178 days, 17:25:00.969078",Active,Q099-ZN19-VOLLEYBALL-3
0,46299.199295043945,M-11,False,111.0,0,False,BSB,False,True,False,False,False,10035.0,True,False,False,NONE,False,147-295ft W x 295-393ft L,M104,True,0,0,False,0,True,"807 days, 1:30:40.163139",Inactive,M104-ZN01-BASEBALL-1
0,1155.6666717529297,X-09,False,209.0,0,False,HDB,False,False,False,False,False,10473.0,False,True,False,NONE,False,Handball,X151,False,0,0,False,0,False,"138 days, 11:35:04.463479",Active,X151-HANDBALL-5
0,1804.3993835449216,Q-14,False,414.0,0,False,HDB,False,False,False,False,False,11691.0,False,True,False,NONE,False,Handball,Q371,False,0,0,False,0,False,"170 days, 10:46:10.959714",Active,Q371-01-HANDBALL-1
0,3503.414077758789,B-05,False,305.0,0,False,BKB,False,False,False,False,False,11207.0,False,False,False,NONE,True,Full Court,B214,False,0,0,True,0,False,"239 days, 19:28:19.389065",Active,B214-01-BASKETBALL-1
0,30207.577407836918,M-14,False,109.0,0,False,FTB,False,False,False,False,False,10032.0,False,False,False,AFB,False,60 x 360ft rectangular,M140,True,0,0,False,0,False,"743 days, 7:30:20.272134",Active,M072-ZN28-FOOTBALL-1
0,1094.239227294922,B-03,False,303.0,0,False,BKB,False,False,False,False,False,11221.0,False,False,False,NONE,False,Half Court,B216,False,0,0,True,0,False,"132 days, 18:02:07.608017",Active,B216-BASKETBALL-4
0,4210.479385375977,B-16,False,316.0,0,False,BKB,False,False,False,False,False,11233.0,False,False,False,NONE,True,Full Court,B219,False,0,0,True,0,False,"270 days, 10:37:17.276179",Active,B219-BASKETBALL-2
0,4239.763977050781,R-01,False,501.0,0,False,BKB,False,False,False,False,False,10301.0,False,False,False,NONE,False,Full Court,R005,False,0,0,True,0,False,"268 days, 1:27:12.589137",Active,R005-ZN01-BASKETBALL-2
0,1056.0412139892578,B-01,False,301.0,0,False,HDB,False,False,False,False,False,11211.0,False,True,False,NONE,False,Handball,B058,False,0,0,False,0,False,"137 days, 3:27:59.124453",Active,B058-ZN02-HANDBALL-3
0,1199.5442504882812,R-02,False,595.0,0,False,HDB,False,False,False,False,False,10306.0,False,True,False,NONE,False,Handball,R046,False,0,0,False,0,False,"140 days, 9:38:35.559433",Active,R046-06-HANDBALL-4
0,2831.822555541992,M-04,False,104.0,0,False,BKB,False,False,False,False,False,10036.0,False,False,False,NONE,False,Full Court,M161,False,0,0,True,0,False,"219 days, 9:45:23.681575",Active,M161-BASKETBALL-1
0,889.5557708740234,Q-07,False,407.0,0,False,BKB,False,False,False,False,False,11354.0,False,False,False,NONE,False,Half Court,Q419,False,0,0,True,0,False,"120 days, 2:46:03.130003",Active,Q419-BASKETBALL-2
0,1738.9403076171875,Q-14,False,414.0,0,False,HDB,False,False,False,False,False,11693.0,False,True,False,NONE,False,Handball,Q163,False,0,0,False,0,False,"169 days, 9:22:00.224068",Removed,Q163-ZN06B-HANDBALL-4
0,758.1254119873047,B-05,False,305.0,0,False,BKB,False,False,False,False,False,11208.0,False,False,False,NONE,False,Half Court,B103,False,0,0,False,0,False,"123 days, 23:06:44.895402",Inactive,B103-BASKETBALL-3
0,1475.6589965820312,B-12,False,312.0,0,False,HDB,False,False,False,False,False,11204.0,False,False,False,NONE,False,,B042,False,0,0,False,0,False,"159 days, 10:44:06.127640",Inactive,B042-01-HANDBALL-8
0,2584.8380279541016,Q-08,False,408.0,0,False,BKB,False,False,False,False,False,11365.0,False,False,False,NONE,False,Full Court,Q300A1,False,0,0,True,0,False,"208 days, 3:06:51.366155",Active,Q300A1-BASKETBALL-2
0,1080.110610961914,M-10,False,110.0,0,False,HDB,False,False,False,False,False,10037.0,False,True,False,NONE,False,Handball,M217,False,0,0,False,0,False,"133 days, 0:38:45.076502",Active,M217-HANDBALL-1
0,936.2426300048828,B-01,False,301.0,0,False,HDB,False,False,False,False,False,11211.0,False,True,False,NONE,False,Handball,B124,False,0,0,False,0,False,"124 days, 3:45:53.339436",Active,B124-HANDBALL-1
0,1010.5989837646484,B-01,False,301.0,0,False,HDB,False,False,False,False,False,11206.0,False,True,False,NONE,False,Handball,B310,False,0,0,False,0,False,"129 days, 8:09:33.602937",Active,B310-HANDBALL-1
0,1696.5946807861328,Q-08,False,408.0,0,False,HDB,False,False,False,False,False,11367.0,False,True,False,NONE,False,Handball,Q329,False,0,0,False,0,False,"171 days, 23:23:42.919686",Active,Q329-HANDBALL-6
0,53148.50704956055,R-02,False,502.0,0,False,SCR,False,True,False,False,False,10314.0,False,False,False,AFB,False,160 x 360ft rectangular,R129,True,0,0,False,0,True,"953 days, 0:47:22.274553",Active,R129-01-SOCCER-1
0,3128.525451660156,Q-11,False,411.0,0,False,BKB,False,False,False,False,False,11360.0,False,False,False,NONE,False,,Q387A,False,0,0,False,0,False,"226 days, 8:07:36.296157",Inactive,Q387A-BASKETBALL-4
0,1084.1702423095703,Q-12,False,412.0,0,False,BKB,False,False,False,False,False,11434.0,False,False,False,NONE,False,Half Court,Q427,False,0,0,False,0,False,"131 days, 19:46:40.975237",Active,Q427-BASKETBALL-1
0,2636.4166870117188,Q-14,False,414.0,0,False,BKB,False,False,False,False,False,11691.0,False,False,False,NONE,False,Full Court,Q371,False,0,0,False,0,False,"211 days, 18:04:09.619898",Active,Q371-01-BASKETBALL-5
0,2712.6734619140625,Q-11,False,411.0,0,False,TNS,False,False,False,False,False,11361.0,False,False,True,NONE,False,Tennis,Q012,False,0,0,False,0,False,"224 days, 13:03:10.784969",Active,Q012-ZN03-TENNIS-6
0,1482.3490447998047,B-16,False,316.0,0,False,HDB,False,False,False,False,False,11233.0,False,True,False,NONE,False,Handball,B153,False,0,0,False,0,False,"155 days, 10:34:43.804436",Active,B153-HANDBALL-1
0,52947.35801696777,X-15,False,228.0,0,False,SFB,True,False,True,False,False,10465.0,False,False,False,NONE,False,"60ft base path, 150-200ft fence",X039,False,0,0,False,0,False,"895 days, 6:15:39.484140",Active,X039-ZN04-BASEBALL-1
0,41695.5241394043,Q-07,False,407.0,0,False,BSB,True,False,True,False,False,11354.0,False,False,False,NONE,False,"60ft base path, 150-200ft fence",Q476,False,0,0,False,0,False,"799 days, 20:18:07.402159",Active,Q476-BASEBALL-3
0,40013.72645568848,M-15,False,103.0,0,False,SCR,False,False,False,False,False,10002.0,False,False,False,NONE,False,45-146ft W x 75-294ft L,M144,False,0,0,False,0,True,"801 days, 14:36:56.541226",Active,M144-ZN05-SOCCER-2
0,31120.403106689453,X-10,False,210.0,0,False,SFB,True,False,True,True,False,10461.0,False,False,False,NONE,False,"60ft base path, 150-200ft fence",X122,False,0,0,False,0,False,"681 days, 22:10:17.749321",Active,X122-BASEBALL-1
0,32808.509689331055,B-16,False,316.0,0,False,SFB,True,False,True,False,False,11212.0,False,False,False,NONE,False,"60ft base path, 150-200ft fence",B008,False,0,0,False,0,False,"667 days, 10:39:01.438377",Closed Temporarily,B008-03-BASEBALL-1
0,3281.5213012695312,B-03,False,303.0,0,False,BKB,False,False,False,False,False,11233.0,False,False,False,NONE,False,Full Court,B258,False,0,0,True,0,False,"238 days, 23:14:05.501563",Active,B258-BASKETBALL-1
0,31323.60139465332,Q-08,False,408.0,0,False,SCR,False,False,False,False,False,11364.0,False,False,False,NONE,False,45-146ft W x 75-294ft L,Q021,False,0,0,False,0,False,"719 days, 0:23:41.193587",Active,Q021-ZN06-SOCCER-6
0,4695.012115478516,R-01,False,503.0,0,False,BKB,False,False,False,False,False,10301.0,False,False,False,NONE,False,Full Court,R169,False,0,0,False,0,False,"287 days, 19:09:48.788704",Active,R169-BASKETBALL-01
0,1288.2227630615234,B-03,False,303.0,0,False,HDB,False,False,False,False,False,11233.0,False,True,False,NONE,False,Handball,B258,False,0,0,False,0,False,"147 days, 7:24:18.870079",Active,B258-HANDBALL-5
0,5870.489883422852,B-10,False,310.0,0,False,TRK,False,False,False,False,False,11228.0,False,False,False,NONE,False,Jogging Path,B060,False,0,0,False,0,False,"1328 days, 16:20:14.542618",Active,B092-TRACK-1
0,898.2561950683594,B-02,False,302.0,0,False,HDB,False,False,False,False,False,11205.0,False,True,False,NONE,False,Handball,B221,False,0,0,False,0,False,"121 days, 15:18:57.918263",Active,B221-HANDBALL-2
0,17042.844619750977,B-18,False,318.0,0,False,TRK,False,False,False,False,False,11207.0,False,False,False,NONE,False,Unknown,B247,False,0,0,False,0,False,"554 days, 19:20:46.704556",Inactive,B247-01-TRACK-2
0,1218.5899658203125,B-16,False,316.0,0,False,HDB,False,False,False,False,False,11212.0,False,True,False,NONE,False,Handball,B260,False,0,0,False,0,False,"143 days, 16:41:11.032679",Active,B260-HANDBALL-2
0,1781.253890991211,X-15,False,228.0,0,False,VLB,False,False,False,False,False,10464.0,False,False,False,NONE,False,Volleyball,X039,False,0,1,False,0,False,"178 days, 13:41:58.844493",Active,X039-ZN17-VOLLEYBALL-1
0,12438.171173095703,X-09,False,209.0,0,False,SCR,False,False,False,False,False,10473.0,False,False,False,NONE,False,,X118,False,0,0,False,0,False,"478 days, 11:55:49.053328",Inactive,X118-ZN03-SOCCER-2
0,1233.6282958984375,B-02,False,302.0,0,False,HDB,False,False,False,False,False,11201.0,False,False,False,NONE,False,Handball,B431,False,0,0,False,0,False,"143 days, 23:57:53.276363",Inactive,B431-HANDBALL-5
0,1227.5704193115234,Q-01,False,401.0,1,False,HDB,False,False,False,False,False,11106.0,False,True,False,NONE,False,Handball,Q429,False,0,0,False,0,False,"142 days, 21:15:25.057975",Active,Q429-HANDBALL-1
0,2393.5328063964844,B-01,False,301.0,0,False,BKB,False,False,False,False,False,11211.0,False,False,False,NONE,False,Full Court,B167A,False,0,0,True,0,False,"199 days, 9:38:54.755184",Closed Temporarily,B167A-BASKETBALL-2
0,1474.435516357422,X-11,False,211.0,0,False,BKB,False,False,False,False,False,10469.0,False,False,False,NONE,False,Half Court,X172,False,0,0,False,0,False,"153 days, 15:39:10.754574",Active,X172-BASKETBALL-6
0,1246.6387939453125,X-02,False,202.0,0,False,HDB,False,False,False,False,False,10459.0,False,True,False,NONE,False,Handball,X190,False,0,0,False,0,False,"142 days, 6:50:54.801545",Active,X190-HANDBALL-4
0,3086.483337402344,Q-10,False,410.0,0,False,BKB,False,False,False,False,False,11420.0,False,False,False,NONE,False,Full Court,Q096E,False,0,0,True,0,False,"231 days, 23:49:50.129468",Active,Q096E-BASKETBALL-1
0,3772.40901184082,B-14,False,314.0,0,False,TNS,False,False,False,False,False,11226.0,False,False,True,NONE,False,Tennis,B068,False,0,0,False,0,False,"272 days, 19:33:23.915711",Active,B073-ZN27-TENNIS-3
0,2855.927764892578,X-03,False,203.0,0,False,TNS,False,False,False,False,False,10457.0,False,False,True,NONE,True,Tennis,X010,False,0,0,False,0,False,"229 days, 16:18:34.719226",Active,X010-ZN03-TENNIS-1
0,1505.8701934814453,Q-14,False,414.0,0,False,BKB,False,False,False,False,False,11694.0,False,False,False,NONE,False,Half Court,Q389,False,0,0,False,0,False,"155 days, 17:49:00.879891",Active,Q389-BASKETBALL-3
0,1188.740493774414,B-10,False,310.0,0,False,HDB,False,False,False,False,False,11228.0,False,True,False,NONE,False,Handball,B028,False,0,0,False,0,False,"143 days, 18:47:56.513208",Active,B028-ZN01-HANDBALL-9
0,1433.7356872558594,Q-05,False,405.0,0,False,HDB,False,False,False,False,False,11378.0,False,True,False,NONE,False,Handball,Q423,False,0,0,False,0,False,"152 days, 5:45:51.982931",Active,Q423-HANDBALL-1
0,2611.3111572265625,M-06,False,106.0,0,False,BKB,False,False,False,False,False,10017.0,False,False,False,NONE,False,Full Court,M158,False,0,0,True,0,False,"209 days, 16:06:43.942741",Active,M158-BASKETBALL-3
0,11712.94776916504,Q-08,False,408.0,0,False,SFB,False,False,True,False,False,11364.0,False,False,False,NONE,False,"60ft base path, 150-200ft fence",Q021,False,0,0,False,0,False,"401 days, 18:51:47.815081",Active,Q021-ZN03-BASEBALL-7
0,34360.762634277344,B-11,False,311.0,0,False,FTB,False,True,False,False,False,11214.0,True,False,False,AFB,False,45-146ft W x 75-294ft L,B007,True,0,0,False,0,True,"843 days, 3:51:30.354704",Active,B007-FOOTBALL-1
0,2705.8255767822266,M-11,False,111.0,0,False,TNS,False,False,False,False,False,10037.0,False,False,False,NONE,False,Tennis,M204,False,0,0,False,0,False,"225 days, 15:55:00.432249",Active,M204-TENNIS-1
0,1725.004898071289,Q-01,False,401.0,0,False,HDB,False,False,False,False,False,11105.0,False,True,False,NONE,False,Handball,Q332,False,0,0,False,0,False,"168 days, 21:31:33.407882",Active,Q332-HANDBALL-4
0,1310.2338409423828,Q-06,False,406.0,0,False,HDB,False,False,False,False,False,11374.0,False,True,False,NONE,False,Handball,Q306,False,0,0,False,0,False,"147 days, 23:23:06.174434",Active,Q306-HANDBALL-1
0,3703.491424560547,M-03,False,103.0,0,False,BKB,False,False,False,False,False,10002.0,False,False,False,NONE,False,Full Court,M105,False,0,1,True,0,False,"249 days, 18:26:42.639149",Active,M105-02-BASKETBALL-1
0,7653.431701660156,B-06,False,306.0,0,False,TRK,False,False,False,False,False,11231.0,False,False,False,NONE,False,Jogging Path,B126,False,0,0,False,0,False,"1023 days, 19:30:32.434282",Active,B126-01-TRACK-1
0,26145.7092666626,R-03,False,503.0,0,False,SCR,False,False,False,False,False,10309.0,False,False,False,NONE,False,45-146ft W x 75-294ft L,R053,True,0,0,False,0,True,"651 days, 6:37:10.893916",Active,R053-SOCCER-1
0,3602.7152252197266,X-10,False,210.0,0,False,BKB,False,False,False,False,False,10465.0,False,False,False,NONE,False,,X183,False,0,0,False,0,False,"246 days, 17:25:26.378146",Inactive,X183-BASKETBALL-1
0,2775.6531372070312,B-17,False,317.0,0,False,TNS,False,False,False,False,False,11203.0,False,False,True,NONE,False,Tennis,B234,False,0,0,False,0,False,"226 days, 19:26:21.535309",Active,B234-TENNIS-1
0,3104.8509063720703,B-10,False,310.0,0,False,BKB,False,False,False,False,False,11228.0,False,False,False,NONE,False,Full Court,B282,False,0,0,True,0,False,"226 days, 7:32:55.034408",Active,B282-BASKETBALL-1
0,1563.482437133789,B-10,False,310.0,0,False,HDB,False,False,False,False,False,11228.0,False,True,False,NONE,False,Handball,B028,False,0,0,False,0,False,"161 days, 11:31:39.511431",Active,B028-ZN01-HANDBALL-5
0,4207.529434204102,X-01,False,201.0,0,False,TRK,False,False,False,False,False,10454.0,False,False,False,NONE,False,Track,X131,False,0,0,False,0,False,"737 days, 9:33:19.940194",Active,X131-TRACK-1
0,1438.9361572265625,X-07,False,207.0,0,False,HDB,False,False,False,False,False,10468.0,False,True,False,NONE,False,Handball,X150E,False,0,0,False,0,False,"154 days, 18:14:25.042029",Active,X150E-HANDBALL-1
0,6230.464828491211,B-16,False,316.0,0,False,FTB,False,False,False,False,False,11212.0,False,False,False,NONE,False,45-146ft W x 75-294ft L,B397,False,0,0,False,0,False,"336 days, 10:06:40.372539",Inactive,B397-FOOTBALL-1
0,2819.7667846679688,M-13,False,164.0,1,False,TNS,False,False,False,False,False,10024.0,False,False,True,NONE,False,Tennis,M010,False,0,0,False,0,False,"229 days, 0:30:08.273057",Active,M010-ZN34-TENNIS-21
0,1098.7464904785156,B-01,False,301.0,0,False,HDB,False,False,False,False,False,11211.0,False,True,False,NONE,False,Handball,B257,False,0,0,False,0,False,"132 days, 22:19:03.372084",Active,B257-HANDBALL-2
0,1907.0901947021484,B-05,False,305.0,0,False,BKB,False,False,False,False,False,11207.0,False,False,False,NONE,False,Full Court,B214,False,0,0,False,0,False,"181 days, 9:18:14.285317",Inactive,B214-01-BASKETBALL-4
0,2539.7805938720703,B-08,False,308.0,0,False,BKB,False,False,False,False,False,11213.0,False,False,False,NONE,True,Full Court,B245,False,0,0,True,0,False,"205 days, 22:35:08.975616",Active,B245-BASKETBALL-3
0,41376.77143859863,M-11,False,111.0,0,False,SFB,True,False,True,False,False,10035.0,False,False,False,NONE,False,"60ft base path, 150-200ft fence",M104,False,0,0,False,0,False,"801 days, 2:43:39.425964",Active,M104-ZN02-BASEBALL-26
0,4007.360244750977,X-01,False,201.0,0,False,BKB,False,False,False,False,False,10454.0,False,False,False,NONE,False,Full Court,X217,False,0,0,True,0,False,"260 days, 2:50:22.303182",Active,X217-BASKETBALL-1
0,2650.565887451172,Q-01,False,401.0,0,False,TNS,False,False,False,False,False,11105.0,False,False,True,NONE,False,Tennis,Q004,False,0,0,False,0,False,"222 days, 10:52:44.290319",Active,Q004-ZN04-TENNIS-3
0,3604.556610107422,X-09,False,209.0,0,False,BKB,False,False,False,False,False,10473.0,False,False,False,NONE,False,Full Court,X118,False,0,0,False,0,False,"249 days, 10:07:17.540508",Inactive,X118-02-BASKETBALL-2
0,2975.546112060547,M-10,False,110.0,0,False,TNS,False,False,False,False,False,10039.0,False,False,True,NONE,False,Tennis,M159,False,0,0,False,0,False,"236 days, 0:36:08.186729",Active,M159-TENNIS-4
0,11258.54800415039,M-08,False,108.0,0,False,HKY,False,False,False,False,False,10065.0,False,False,False,NONE,False,,M079,False,0,0,False,0,False,"424 days, 12:24:45.094391",Inactive,M079-HOCKEY-1
0,19882.701446533203,R-02,False,502.0,0,False,TRK,False,False,False,False,False,10305.0,False,False,False,NONE,False,Track,R149,False,0,0,False,0,False,"1367 days, 23:17:20.942078",Active,R149-TRACK-1
0,2877.0997467041016,B-05,False,305.0,0,False,TNS,False,False,False,False,False,11208.0,False,False,True,NONE,False,Tennis,B163,False,0,0,False,0,False,"229 days, 19:43:59.953319",Active,B163-TENNIS-2
0,2845.5853424072266,Q-12,False,412.0,0,False,TNS,False,False,False,False,False,11433.0,False,False,True,NONE,False,Tennis,Q051,False,0,0,False,0,False,"229 days, 12:42:07.161544",Active,Q051-TENNIS-2
0,1157.1890411376953,Q-05,False,405.0,0,False,HDB,False,False,False,False,False,11379.0,False,True,False,NONE,False,Handball,Q102,False,0,0,False,0,False,"140 days, 15:41:47.993120",Active,Q102-02-HANDBALL-10
0,1433.691635131836,Q-09,False,409.0,0,False,HDB,False,False,False,False,False,11419.0,False,True,False,NONE,False,Handball,Q129,False,0,0,False,0,False,"154 days, 18:01:14.206589",Active,Q129-HANDBALL-7
0,1459.9205322265625,B-04,False,304.0,0,False,BKB,False,False,False,False,False,11221.0,False,False,False,NONE,False,Half Court,B139,False,0,0,False,0,False,"154 days, 5:47:22.630121",Inactive,B139-BASKETBALL-5
0,4068.309967041016,Q-12,False,412.0,0,False,BKB,False,False,False,False,False,11434.0,False,False,False,NONE,True,Full Court,Q413,False,0,0,True,0,False,"265 days, 5:22:32.569400",Active,Q413-BASKETBALL-5
0,1149.6640014648438,B-16,False,316.0,0,False,HDB,False,False,False,False,False,11212.0,False,True,False,NONE,False,Handball,B228,False,0,0,False,0,False,"140 days, 2:08:15.634469",Active,B228-HANDBALL-1
0,4243.781112670898,Q-05,False,405.0,0,False,BKB,False,False,False,False,False,11378.0,False,False,False,NONE,False,Full Court,Q360M,False,0,0,True,0,False,"271 days, 1:24:22.385844",Active,Q360M-BASKETBALL-1
0,956.6559143066406,M-12,False,112.0,0,False,HDB,False,False,False,False,False,10032.0,False,True,False,NONE,False,Handball,M028,False,0,0,False,0,False,"128 days, 17:23:49.510529",Active,M028-ZN01-HANDBALL-5
0,2029.660217285156,M-09,False,109.0,0,False,BKB,False,False,False,False,False,10027.0,False,False,False,NONE,False,,M190,False,0,0,False,0,False,"187 days, 5:05:44.309909",Inactive,M190-BASKETBALL-1
0,1474.0232391357422,B-13,False,313.0,0,False,HDB,False,False,False,False,False,11224.0,False,True,False,NONE,False,Handball,B331,False,0,0,False,0,False,"156 days, 1:10:08.627640",Active,B331-HANDBALL-2
0,1432.8855285644531,X-03,False,203.0,0,False,HDB,False,False,False,False,False,10457.0,False,False,False,NONE,False,Handball,X010,False,0,0,False,0,False,"151 days, 14:42:51.433216",Inactive,X010-ZN03-HANDBALL-17
0,30832.953506469727,B-13,False,313.0,0,False,HKY,False,False,False,False,False,11224.0,False,False,False,NONE,False,Hockey,B336,False,0,0,False,0,False,"680 days, 20:27:50.945841",Active,B336-HOCKEY-1
0,1028.306610107422,B-17,False,317.0,0,False,HDB,False,False,False,False,False,11210.0,False,True,False,NONE,False,Handball,B250,False,0,0,False,0,False,"133 days, 1:27:03.546342",Active,B250-HANDBALL-5
0,2945.4026947021484,X-14,False,227.0,0,False,TNS,False,False,False,False,False,10462.0,False,False,True,NONE,False,Tennis,X002,False,0,0,False,0,False,"232 days, 18:50:15.676211",Removed,X002-ZN01-TENNIS-3
0,1864.860137939453,Q-01,False,401.0,0,False,VLB,False,False,False,False,False,11101.0,False,False,False,NONE,False,Volleyball,Q104,False,0,1,False,0,False,"184 days, 22:37:56.361876",Active,Q104-VOLLEYBALL-1
0,1260.9034118652344,B-01,False,301.0,0,False,BKB,False,False,False,False,False,11206.0,False,False,False,NONE,False,Half Court,B286,False,0,0,True,0,False,"142 days, 20:54:47.025721",Active,B286-BASKETBALL-3
0,4182.599517822266,M-11,False,111.0,0,False,BKB,False,False,False,False,False,10027.0,False,False,False,NONE,False,Full Court,M058,False,0,0,True,0,False,"267 days, 5:00:25.166695",Active,M058-01-BASKETBALL-2
0,2863.710205078125,B-08,False,308.0,0,False,TNS,False,False,False,False,False,11233.0,False,False,True,NONE,True,Tennis,B054,False,0,0,False,0,False,"230 days, 0:47:57.975970",Active,B054-ZN03-TENNIS-1
0,982.0110626220704,M-12,False,112.0,0,False,HDB,False,False,False,False,False,10032.0,False,True,False,NONE,False,Handball,M028,False,0,0,False,0,False,"131 days, 2:38:48.044037",Active,M028-ZN01-HANDBALL-8
0,2807.946655273437,Q-15,False,481.0,0,False,TNS,False,False,False,False,False,11368.0,False,False,True,NONE,False,Tennis,Q099,False,0,0,False,0,False,"228 days, 1:22:54.140671",Active,Q099-ZN10-TENNIS-9
0,1603.329086303711,Q-15,False,481.0,0,False,VLB,False,False,False,False,False,11368.0,False,False,False,NONE,False,Volleyball,Q099,False,0,1,False,0,False,"169 days, 21:10:19.856045",Active,Q099-ZN19-VOLLEYBALL-4
0,675.6856231689453,Q-01,False,401.0,1,False,BKB,False,False,False,False,False,11106.0,False,False,False,NONE,False,Half Court,Q429,False,0,0,False,0,False,"104 days, 12:11:25.713364",Inactive,Q429-BASKETBALL-3
0,1490.3841857910156,B-18,False,318.0,0,False,HDB,False,False,False,False,False,11234.0,False,True,False,NONE,False,Handball,B248,False,0,0,False,0,False,"158 days, 1:31:03.459618",Active,B248-HANDBALL-2
0,1528.8168334960938,B-13,False,313.0,0,False,HDB,False,False,False,False,False,11224.0,False,True,False,NONE,False,Handball,B268,False,0,0,False,0,False,"157 days, 6:46:02.608700",Active,B268-HANDBALL-1
0,1121.9165802001953,B-06,False,306.0,0,False,HDB,False,False,False,False,False,11201.0,False,True,False,NONE,False,Handball,B050,False,0,0,False,0,False,"141 days, 0:52:53.903044",Active,B050-HANDBALL-8
0,1345.6165161132812,M-09,False,109.0,0,False,HDB,False,False,False,False,False,10031.0,False,True,False,NONE,False,Handball,M077,False,0,0,False,0,False,"149 days, 4:45:29.766082",Active,M077-03-HANDBALL-3
0,1267.791961669922,B-04,False,304.0,0,False,BKB,False,False,False,False,False,11207.0,False,False,False,NONE,False,Half Court,B307,False,0,0,True,0,False,"143 days, 12:23:03.616983",Active,B307-BASKETBALL-4
0,1108.350830078125,M-03,False,103.0,0,False,HDB,False,False,False,False,False,10002.0,False,True,False,NONE,False,Handball,M019,False,0,0,False,0,False,"138 days, 5:33:44.020264",Active,M019-HANDBALL-1
0,18303.509231567383,B-04,False,304.0,0,False,MPPA,False,True,False,False,False,11221.0,False,False,False,NONE,False,45-146ft W x 75-294ft L,B139,True,0,0,False,0,True,"565 days, 17:57:55.987651",Inactive,B139-MPPA-1
0,4722.842956542969,Q-12,False,412.0,0,False,BKB,False,False,False,False,False,11433.0,False,False,False,NONE,False,Full Court,Q127,False,0,0,True,0,False,"288 days, 13:36:28.524469",Active,Q127-BASKETBALL-3
0,3727.238021850586,Q-13,False,413.0,0,False,BKB,False,False,False,False,False,11426.0,False,False,False,NONE,False,Full Court,Q134,False,0,0,True,0,False,"259 days, 8:23:38.036876",Active,Q134-BASKETBALL-1
0,7067.4444580078125,B-01,False,301.0,0,False,MPPA,False,False,False,False,False,11206.0,False,False,False,NONE,False,45-146ft W x 75-294ft L,B311,False,0,0,False,0,False,"312 days, 6:15:20.278979",Active,B311-MPPA-2
0,1380.2028045654297,Q-12,False,412.0,0,False,HDB,False,False,False,False,False,11434.0,False,True,False,NONE,False,Handball,Q005,False,0,0,False,0,False,"150 days, 15:31:12.741336",Active,Q005-05-HANDBALL-6
0,2732.4710845947266,Q-11,False,411.0,0,False,TNS,False,False,False,False,False,11364.0,False,False,False,NONE,False,Tennis,Q349,False,0,0,False,0,False,"224 days, 5:00:51.730963",Active,Q349-TENNIS-2
0,10575.28987121582,Q-01,False,401.0,0,True,MPPA,False,False,False,False,False,11105.0,False,False,True,NONE,False,45-146ft W x 75-294ft L,Q298,False,0,0,False,0,False,"417 days, 9:25:39.131654",Active,Q298-TENNIS-1
0,40299.54948425293,Q-12,False,412.0,0,False,SFB,True,False,True,True,False,11434.0,False,False,False,NONE,False,"60ft base path, 150-200ft fence",Q005,False,0,0,False,0,False,"741 days, 17:31:16.161648",Active,Q005-ZN05-BASEBALL-2
0,4605.187438964844,B-18,False,318.0,0,False,BKB,False,False,False,False,False,11234.0,False,False,False,NONE,False,Full Court,B057,False,0,0,True,0,False,"277 days, 22:52:24.876263",Active,B057-04-BASKETBALL-3
0,1103.2825317382812,R-01,False,501.0,0,False,HDB,False,False,False,False,False,10302.0,False,True,False,NONE,False,Handball,R076,False,0,0,False,0,False,"135 days, 15:16:36.349677",Active,R076-HANDBALL-2
0,4022.1700134277344,B-03,False,303.0,0,False,BKB,False,False,False,False,False,11216.0,False,False,False,NONE,False,Full Court,B140,False,0,0,True,0,False,"261 days, 0:34:07.214847",Active,B140-BASKETBALL-1
0,53035.72250366211,M-11,False,111.0,1,False,SCR,False,False,False,False,False,10035.0,False,False,False,NONE,False,45-146ft W x 75-294ft L,M104,False,0,0,False,0,True,"951 days, 9:21:33.122133",Active,M107-ZN08-SOCCER-2
0,1129.568618774414,B-10,False,310.0,0,False,HDB,False,False,False,False,False,11209.0,False,True,False,NONE,False,Handball,B192,False,0,0,False,0,False,"137 days, 11:58:14.597668",Active,B192-HANDBALL-8
0,3772.4234161376953,B-14,False,314.0,0,False,TNS,False,False,False,False,False,11226.0,False,False,True,NONE,False,Tennis,B068,False,0,0,False,0,False,"272 days, 19:34:27.745422",Active,B073-ZN27-TENNIS-9
0,1190.1253814697266,X-07,False,207.0,0,False,HDB,False,False,False,False,False,10468.0,False,True,False,NONE,False,Handball,X150E,False,0,0,False,0,False,"144 days, 1:18:44.480497",Active,X150E-HANDBALL-8
0,1625.9405059814453,Q-14,False,414.0,0,False,HDB,False,False,False,False,False,11691.0,False,True,False,NONE,False,Handball,Q407,False,0,0,False,0,False,"161 days, 23:19:09.842822",Active,Q407-HANDBALL-2
0,739.4055938720703,B-11,False,311.0,0,False,TNS,False,False,False,False,False,11214.0,False,False,False,NONE,False,Tennis,B164,False,0,0,False,0,False,"115 days, 16:16:01.612683",Inactive,B164-TENNIS-4
0,1584.7247009277344,B-15,False,315.0,0,False,HDB,False,False,False,False,False,11229.0,False,True,False,NONE,False,Handball,B051,False,0,0,False,0,False,"164 days, 23:33:44.480705",Active,B051-HANDBALL-4
0,1291.1428985595703,X-03,False,203.0,0,False,HDB,False,False,False,False,False,10457.0,False,False,False,NONE,False,Handball,X010,False,0,0,False,0,False,"144 days, 2:36:59.223275",Inactive,X010-ZN03-HANDBALL-11
0,1195.1355438232422,B-15,False,315.0,0,False,HDB,False,False,False,False,False,11229.0,False,True,False,NONE,False,Handball,B157,False,0,0,False,0,False,"140 days, 17:26:19.481533",Active,B157-HANDBALL-2
0,1407.5923614501953,Q-02,False,402.0,0,False,HDB,False,False,False,False,False,11377.0,False,True,False,NONE,False,Handball,Q205A,False,0,0,False,0,False,"151 days, 9:13:59.736623",Active,Q205A-HANDBALL-8
0,7142.267852783203,B-04,False,304.0,0,False,SCR,False,True,False,False,False,11221.0,False,False,False,NONE,False,45-146ft W x 75-294ft L,B139,True,0,0,False,0,True,"358 days, 8:11:45.922592",Active,B139-SOCCER-1
0,4012.861801147461,X-01,False,201.0,0,False,BKB,False,False,False,False,False,10454.0,False,False,False,NONE,False,Full Court,X238,False,0,0,True,0,False,"262 days, 3:53:47.131750",Removed,X238-BASKETBALL-1
0,42542.7041015625,X-09,False,209.0,0,False,SFB,True,False,True,False,False,10472.0,False,False,False,NONE,False,"60ft base path, 150-200ft fence",X004,False,0,0,False,0,False,"805 days, 8:07:09.919524",Active,X004-03-BASEBALL-3
0,1202.889907836914,Q-07,False,407.0,0,False,HDB,False,False,False,False,False,11356.0,False,True,False,NONE,False,Handball,Q457,False,0,0,False,0,False,"145 days, 5:57:36.860409",Active,Q457-HANDBALL-2
0,2216.095458984375,B-01,False,301.0,0,False,BKB,False,False,False,False,False,11211.0,False,False,False,NONE,False,Full Court,B142,False,0,0,True,0,False,"191 days, 4:57:13.139612",Active,B142-BASKETBALL-2
0,1218.575439453125,B-18,False,318.0,0,False,HDB,False,False,False,False,False,11234.0,False,True,False,NONE,False,Handball,B057,False,0,0,False,0,False,"144 days, 3:02:37.629302",Active,B057-05-HANDBALL-7
0,1050.0606079101562,X-13,False,226.0,0,False,HDB,False,False,False,False,False,10471.0,False,True,False,NONE,False,Handball,X092,False,0,0,False,0,False,"132 days, 13:14:09.523845",Active,X092-ZN02-HANDBALL-6
0,1200.1560821533203,Q-12,False,412.0,0,False,BKB,False,False,False,False,False,11413.0,False,False,False,NONE,False,Half Court,Q330,False,0,0,False,0,False,"138 days, 14:52:51.336078",Active,Q330-BASKETBALL-4
0,4267.456161499023,Q-09,False,409.0,0,False,BKB,False,False,False,False,False,11419.0,False,False,False,NONE,False,Full Court,Q129,False,0,0,True,0,False,"269 days, 21:09:26.654689",Active,Q129-BASKETBALL-1
0,2812.554473876953,R-02,False,502.0,0,False,HDB,False,False,False,False,False,10305.0,False,False,False,NONE,False,,R087,False,0,0,False,0,False,"214 days, 2:40:43.146749",Inactive,R087-HANDBALL-4
0,5798.196533203125,B-01,False,301.0,0,False,SCR,False,False,False,False,False,11222.0,False,False,False,NONE,False,45-146ft W x 75-294ft L,B135,False,0,0,True,0,True,"320 days, 21:41:01.631466",Active,B135-SOCCER-1
0,1585.0426330566406,X-01,False,201.0,0,False,HDB,False,False,False,False,False,10454.0,False,True,False,NONE,False,Handball,X182,False,0,0,False,0,False,"161 days, 15:41:12.857048",Active,X182-HANDBALL-2
0,3429.8123779296875,X-08,False,208.0,0,False,BKB,False,False,False,False,False,10471.0,False,False,False,NONE,False,Full Court,X201,False,0,0,True,0,False,"242 days, 14:38:20.343808",Active,X201-01-BASKETBALL-1
0,877.1564788818359,R-03,False,503.0,0,False,BKB,False,False,False,False,False,10312.0,False,False,False,NONE,False,Half Court,R085,False,0,0,False,0,False,"119 days, 16:34:41.047092",Active,R085-BASKETBALL-3
0,2781.494354248047,M-12,False,112.0,0,False,TNS,False,False,False,False,False,10034.0,False,False,True,NONE,False,Tennis,M042,False,0,0,False,0,False,"228 days, 0:43:22.584427",Active,M042-ZN01-TENNIS-7
0,3701.42807006836,M-08,False,108.0,0,False,BKB,False,False,False,False,False,10065.0,False,False,False,NONE,False,Full Court,M108Q,False,0,0,True,0,False,"248 days, 19:44:21.058802",Active,M108Q-BASKETBALL-1
0,1349.986801147461,B-05,False,305.0,0,False,HDB,False,False,False,False,False,11208.0,False,True,False,NONE,False,Handball,B103,False,0,0,False,0,False,"149 days, 20:47:47.183155",Active,B103-HANDBALL-2
0,942.0592498779296,Q-01,False,401.0,0,False,HDB,False,False,False,False,False,11105.0,False,True,False,NONE,False,Handball,Q298,False,0,0,False,0,False,"124 days, 4:06:34.051794",Active,Q298-HANDBALL-1
0,3671.472595214844,Q-08,False,408.0,0,False,BKB,False,False,False,False,False,11367.0,False,False,False,NONE,False,Full Court,Q329,False,0,0,True,0,False,"246 days, 22:30:40.837488",Active,Q329-BASKETBALL-2
0,1110.8880004882812,M-12,False,112.0,0,False,HDB,False,False,False,False,False,10034.0,False,True,False,NONE,False,Handball,M042,False,0,0,False,0,False,"138 days, 12:14:03.654683",Active,M042-02-HANDBALL-2
0,1304.1073455810547,B-13,False,313.0,0,False,HDB,False,False,False,False,False,11224.0,False,True,False,NONE,False,Handball,B169B,False,0,0,False,0,False,"146 days, 3:06:33.824680",Active,B169B-HANDBALL-1
0,12624.311874389648,B-14,False,314.0,0,False,MPPA,False,True,False,False,False,11230.0,False,False,False,AFB,False,45-146ft W x 75-294ft L,B150,True,0,0,False,0,True,"436 days, 14:40:38.242829",Active,B150-MPPA-1
0,1375.8873596191406,B-07,False,307.0,0,False,BKB,False,False,False,False,False,11220.0,False,False,False,NONE,False,Half Court,B265,False,0,0,True,0,False,"150 days, 5:03:13.432065",Active,B265-BASKETBALL-5
0,2806.711944580078,X-09,False,209.0,0,False,TNS,False,False,False,False,False,10462.0,False,False,False,NONE,False,Tennis,X177,False,0,0,False,0,False,"227 days, 17:58:28.635372",Inactive,X177-TENNIS-2
0,32540.01383972168,B-18,False,318.0,0,True,SFB,True,False,True,False,False,11229.0,False,False,False,NONE,False,"60ft base path, 150-200ft fence",B057,False,0,0,False,0,False,"693 days, 0:24:23.622693",Active,B057-ZN04-BASEBALL-9
0,1064.6781768798828,M-11,False,111.0,0,False,HDB,False,False,False,False,False,10029.0,False,True,False,NONE,False,Handball,M214,False,0,0,False,0,False,"133 days, 21:51:50.108223",Active,M214-HANDBALL-2
0,2739.9832763671875,R-01,False,501.0,0,False,TNS,False,False,False,False,False,10301.0,False,False,True,NONE,False,Tennis,R123,False,0,0,False,0,False,"225 days, 5:34:27.683995",Active,R123-TENNIS-1
0,3611.5668182373047,Q-07,False,407.0,0,False,BKB,False,False,False,False,False,11354.0,False,False,False,NONE,False,Full Court,Q326,False,0,0,True,0,False,"246 days, 15:51:52.678534",Active,Q326-BASKETBALL-1
0,37497.13356018066,Q-15,False,481.0,0,False,SFB,True,False,True,False,False,11367.0,False,False,False,NONE,False,"60ft base path, 150-200ft fence",Q099,False,0,0,False,0,False,"747 days, 20:47:37.503666",Removed,Q099-ZN22-BASEBALL-1
0,2139.691375732422,B-10,False,310.0,0,False,HDB,False,False,False,False,False,11228.0,False,True,False,NONE,False,Handball,B282,False,0,0,False,0,False,"185 days, 4:57:44.046092",Active,B282-HANDBALL-1
0,20832.188873291016,B-01,False,301.0,0,False,SFB,True,False,True,False,False,11206.0,False,False,False,NONE,True,"60ft base path, 150-200ft fence",B055,False,0,0,False,0,False,"530 days, 17:07:12.251929",Active,B055-BASEBALL-1
0,14419.155548095703,B-05,False,305.0,0,False,SCR,False,False,False,False,False,11207.0,False,False,False,NONE,False,45-146ft W x 75-294ft L,B214,False,0,0,False,0,True,"500 days, 10:22:48.108857",Active,B214-02-SOCCER-2
0,4159.659057617188,X-04,False,204.0,0,False,BKB,False,False,False,False,False,10457.0,False,False,False,NONE,False,Full Court,X008,False,0,0,True,0,False,"267 days, 22:15:42.140385",Active,X008-01-BASKETBALL-2
0,2891.5027770996094,B-17,False,317.0,0,False,BKB,False,False,False,False,False,11210.0,False,False,False,NONE,False,Full Court,B250,False,0,0,True,0,False,"216 days, 7:59:37.434073",Active,B250-BASKETBALL-6
0,1190.151824951172,M-07,False,107.0,0,False,BKB,False,False,False,False,False,10025.0,False,False,False,NONE,False,Half Court,M200,False,0,0,True,0,False,"139 days, 0:49:48.155595",Active,M200-BASKETBALL-4
0,2635.0286560058594,B-18,False,318.0,0,False,TNS,False,False,False,False,False,11229.0,False,False,True,NONE,False,Tennis,B057,False,0,0,False,0,False,"221 days, 23:33:36.080196",Active,B057-ZN01-TENNIS-10
0,2768.6302642822266,B-13,False,313.0,0,False,TNS,False,False,False,False,False,11224.0,False,False,True,NONE,False,Tennis,B129,False,0,0,False,0,False,"226 days, 6:39:28.708158",Active,B129-ZN01-TENNIS-12
0,4573.193069458008,M-07,False,107.0,0,False,BKB,False,False,False,False,False,10025.0,False,False,False,NONE,False,Full Court,M200,False,0,0,True,0,False,"284 days, 22:59:27.949231",Active,M200-BASKETBALL-1
0,1262.4769592285156,Q-11,False,411.0,0,False,HDB,False,False,False,False,False,11365.0,False,True,False,NONE,False,Handball,Q300A,False,0,0,False,0,False,"149 days, 2:36:06.419453",Active,Q300A-01-HANDBALL-1
0,918.1339569091796,B-03,False,303.0,0,False,HDB,False,False,False,False,False,11216.0,False,True,False,NONE,False,Handball,B225,False,0,0,False,0,False,"123 days, 1:19:07.258665",Active,B225-HANDBALL-3
0,1104.9982452392578,B-11,False,311.0,0,False,BKB,False,False,False,False,False,11214.0,False,False,False,NONE,False,Half Court,B007,False,0,0,True,0,False,"133 days, 4:38:01.170371",Active,B007-BASKETBALL-3
0,2530.9851837158203,X-03,False,203.0,0,False,BKB,False,False,False,False,False,10460.0,False,False,False,NONE,False,Full Court,X273,False,0,0,True,0,False,"204 days, 15:12:18.700205",Active,X273-BASKETBALL-1
0,43552.27807617188,X-10,False,210.0,0,False,BSB,False,False,True,False,False,10465.0,False,False,False,NONE,False,"60ft base path, 150-200ft fence",X191A,False,0,0,False,0,False,"765 days, 13:57:20.203422",Active,X191A-BASEBALL-1
0,1698.5397644042969,Q-12,False,412.0,1,False,HDB,False,False,False,False,False,11434.0,False,True,False,NONE,False,Handball,Q448,False,0,0,False,0,False,"170 days, 13:21:17.243948",Active,Q448-99-HANDBALL-1
0,1186.8084564208984,B-09,False,309.0,0,False,HDB,False,False,False,False,False,11203.0,False,True,False,NONE,False,Handball,B254,False,0,0,False,0,False,"142 days, 0:03:29.462603",Active,B254-HANDBALL-2
0,1655.0621337890625,Q-12,False,412.0,0,False,HDB,False,False,False,False,False,11434.0,False,True,False,NONE,False,Handball,Q426,False,0,0,False,0,False,"163 days, 11:36:42.115820",Active,Q426-HANDBALL-2
0,972.6997833251952,Q-13,False,413.0,0,False,BKB,False,False,False,False,False,11426.0,False,False,False,NONE,False,Half Court,Q327,False,0,0,False,0,False,"124 days, 18:48:19.162183",Active,Q327-BASKETBALL-2
0,32431.147033691406,Q-12,False,412.0,0,False,SFB,True,False,True,False,False,11434.0,False,False,False,NONE,False,"60ft base path, 150-200ft fence",Q005,False,0,0,False,0,False,"660 days, 6:24:20.199208",Active,Q005-05-BASEBALL-2
0,2960.1497650146484,Q-11,False,411.0,0,False,TNS,False,False,False,False,False,11365.0,False,False,True,NONE,False,Tennis,Q300A,False,0,0,False,0,False,"232 days, 1:44:52.203328",Active,Q300A-01-TENNIS-1
0,1274.8498077392578,Q-05,False,405.0,0,False,HDB,False,False,False,False,False,11385.0,False,True,False,NONE,False,Handball,B047,False,0,0,False,0,False,"147 days, 21:02:33.065526",Active,Q020-ZN04-HANDBALL-9
0,1793.0291748046875,Q-02,False,402.0,0,False,VLB,False,False,False,False,False,11104.0,False,False,False,NONE,False,Volleyball,Q340,False,0,0,False,0,False,"179 days, 5:44:33.300486",Active,Q340-VOLLEYBALL-02
0,3189.422882080078,B-18,False,318.0,1,False,VLB,False,False,False,False,False,11234.0,False,False,False,NONE,False,Volleyball,B166D,False,0,1,False,0,False,"234 days, 0:58:52.833097",Active,B166D-VOLLEYBALL-1
0,1199.6968841552734,M-12,False,112.0,0,False,BKB,False,False,False,False,False,10033.0,False,False,False,NONE,False,Half Court,M099,False,0,0,True,0,False,"138 days, 23:05:55.880617",Active,M099-BASKETBALL-2
0,31950.870697021484,B-15,False,315.0,0,True,SFB,True,False,True,False,False,11229.0,False,False,False,NONE,False,"60ft base path, 150-200ft fence",B235,False,0,0,False,0,False,"709 days, 3:36:22.997190",Active,B235-BASEBALL-1
0,30728.300888061523,B-18,False,318.0,1,True,SFB,True,False,True,False,False,11234.0,False,False,False,NONE,False,"60ft base path, 150-200ft fence",B166D,False,0,0,False,0,False,"650 days, 2:50:22.611666",Active,B166D-BASEBALL-2
0,20944.037017822266,X-02,False,202.0,0,False,SCR,False,False,False,False,False,10459.0,False,False,False,NONE,False,45-146ft W x 75-294ft L,X116,False,0,0,False,0,True,"585 days, 21:30:14.097446",Active,X116-SOCCER-1
0,1908.6478424072263,M-03,False,103.0,0,False,VLB,False,False,False,False,False,10002.0,False,False,False,NONE,False,Volleyball,M082,False,0,1,False,0,False,"184 days, 18:19:06.373575",Active,M082-VOLLEYBALL-2
0,1192.0611114501953,B-03,False,303.0,0,False,HDB,False,False,False,False,False,11216.0,False,True,False,NONE,False,Handball,B262,False,0,0,False,0,False,"140 days, 12:43:56.959928",Active,B262-HANDBALL-3
0,986.4346313476562,B-15,False,315.0,0,False,BOC,False,False,False,False,False,11223.0,False,False,False,NONE,False,Bocce,B244,False,0,0,False,0,False,"182 days, 16:29:08.280669",Active,B244-BOCCE-1
0,1173.6820068359375,X-09,False,209.0,0,False,HDB,False,False,False,False,False,10472.0,False,True,False,NONE,False,Handball,X124,False,0,0,False,0,False,"141 days, 0:45:33.102110",Active,X124-HANDBALL-2
0,1105.3524627685547,X-04,False,204.0,0,False,HDB,False,False,False,False,False,10452.0,False,True,False,NONE,False,Handball,X153,False,0,0,False,0,False,"136 days, 6:53:33.082560",Active,X153-02-HANDBALL-3
0,1280.9261779785156,R-01,False,501.0,0,False,HDB,False,False,False,False,False,10304.0,False,False,False,NONE,False,Handball,R061,False,0,0,False,0,False,"146 days, 21:50:28.718904",Closed Temporarily,R061-HANDBALL-3
0,51171.4972076416,R-02,False,502.0,0,False,BSB,True,False,True,True,False,10306.0,False,False,False,NONE,True,"90ft base path, 200+ft fence",R067,False,0,0,False,0,False,"855 days, 23:07:26.371530",Active,R067-BASEBALL-2
0,2202.6199798583984,Q-04,False,404.0,0,False,BKB,False,False,False,False,False,11368.0,False,False,False,NONE,False,Full Court,Q450,False,0,0,False,0,False,"197 days, 11:19:05.911083",Inactive,Q450-BASKETBALL-4
0,2975.347381591797,X-12,False,212.0,0,False,TNS,False,False,False,False,False,10469.0,False,False,True,NONE,True,Tennis,X196,False,0,0,False,0,False,"233 days, 19:00:42.621787",Active,X196-TENNIS-1
0,3500.464813232422,Q-08,False,408.0,0,False,BKB,False,False,False,False,False,11435.0,False,False,False,NONE,False,Full Court,Q379,False,0,0,True,0,False,"241 days, 20:38:14.259270",Active,Q379-BASKETBALL-1
0,1286.6282043457031,B-07,False,307.0,0,False,HDB,False,False,False,False,False,11220.0,False,True,False,NONE,False,Handball,B210A,False,0,0,False,0,False,"149 days, 23:17:57.260704",Active,B210A-HANDBALL-6
0,64809.0358581543,X-03,False,203.0,0,False,BSB,True,False,True,True,False,10457.0,False,False,False,NONE,False,"90ft base path, 200+ft fence",X010,False,0,0,False,0,False,"951 days, 5:16:49.579803",Active,X010-ZN04-BASEBALL-2
0,2559.229949951172,X-10,False,210.0,0,False,BKB,False,False,False,False,False,10461.0,False,False,False,NONE,False,Full Court,X170,False,0,0,True,0,False,"207 days, 14:51:53.852315",Active,X170-BASKETBALL-2
0,24562.523986816406,R-02,False,502.0,0,True,SFB,True,False,True,False,False,10306.0,False,False,False,NONE,False,"60ft base path, 150-200ft fence",R038A,False,0,0,False,0,False,"585 days, 3:09:01.624525",Active,R038A-BASEBALL-4
0,2785.44938659668,Q-15,False,481.0,0,False,TNS,False,False,False,False,False,11368.0,False,False,True,NONE,False,Tennis,Q099,False,0,0,False,0,False,"227 days, 3:19:05.245399",Active,Q099-ZN10-TENNIS-10
0,1172.7914276123047,Q-07,False,407.0,0,False,HDB,False,False,False,False,False,11355.0,False,True,False,NONE,False,Handball,Q308,False,0,0,False,0,False,"138 days, 4:53:59.421519",Active,Q308-HANDBALL-1
0,3492.627426147461,B-02,False,302.0,0,False,BKB,False,False,False,False,False,11201.0,False,False,False,NONE,False,Full Court,B021,False,0,0,False,0,False,"241 days, 5:57:34.383843",Inactive,B021-BASKETBALL-4
0,1088.5260620117188,Q-08,False,408.0,0,False,HDB,False,False,False,False,False,11365.0,False,True,False,NONE,False,Handball,Q221,False,0,0,False,0,False,"135 days, 7:02:29.780984",Active,Q221-HANDBALL-3
0,15852.808609008787,B-17,False,317.0,0,False,CRK,False,False,False,False,False,11210.0,False,False,False,NONE,False,60 ft Cricket Pitch,B250,False,0,0,False,0,False,"496 days, 3:28:44.526300",Inactive,B250-CRICKET-1
0,5539.042495727539,Q-06,False,406.0,0,False,SCR,False,False,False,False,False,11375.0,False,False,False,NONE,False,45-146ft W x 75-294ft L,Q377,False,0,0,False,0,False,"312 days, 8:42:54.338866",Active,Q377-SOCCER-1
0,2822.652328491211,R-01,False,501.0,0,False,BKB,False,False,False,False,False,10302.0,False,False,False,NONE,False,Full Court,R076,False,0,0,True,0,False,"214 days, 18:28:33.393849",Active,R076-BASKETBALL-3
1,82027.38598632812,B-18,False,318.0,0,False,MPPA,False,True,False,False,False,11234.0,False,False,False,AFB,False,147-295ft W x 295-393ft L,B057,True,0,0,False,0,True,"1158 days, 16:19:55.773048",Active,B057-05-MPPA-1
0,1630.1797943115234,B-10,False,310.0,0,False,HDB,False,False,False,False,False,11228.0,False,True,False,NONE,False,Handball,B028,False,0,0,False,0,False,"165 days, 11:46:00.911235",Active,B028-ZN01-HANDBALL-11
0,12711.456741333008,M-10,False,110.0,0,True,SFB,False,False,True,False,False,10039.0,False,False,False,NONE,False,"45-60ft base path, less than 150ft fence",M014,False,0,0,False,0,False,"413 days, 21:59:32.327401",Active,M014-BASEBALL-1
0,1318.5875091552734,B-05,False,305.0,0,False,BKB,False,False,False,False,False,11208.0,False,False,False,NONE,False,Half Court,B141,False,0,0,True,0,False,"145 days, 6:43:45.201113",Removed,B141-BASKETBALL-2
0,39941.67994689941,X-09,False,209.0,0,False,SCR,False,False,False,False,False,10473.0,False,False,False,NONE,False,45-146ft W x 75-294ft L,X151,False,0,0,False,0,True,"850 days, 9:42:35.329892",Active,X151-SOCCER-1
0,1313.3158416748047,X-01,False,201.0,1,False,HDB,False,False,False,False,False,10451.0,False,True,False,NONE,False,Handball,X210,False,0,0,False,0,False,"148 days, 3:44:09.544082",Active,X210-HANDBALL-6
0,1376.5167236328125,M-08,False,108.0,0,False,HDB,False,False,False,False,False,10021.0,False,True,False,NONE,False,Handball,M045,False,0,0,False,0,False,"149 days, 2:17:52.486169",Active,M045-HANDBALL-3
0,38445.79165649414,M-13,False,164.0,0,False,SFB,True,False,True,True,False,10025.0,False,False,False,NONE,False,"60ft base path, 150-200ft fence",M010,False,0,0,False,0,False,"730 days, 23:06:21.430867",Active,M010-ZN37-BASEBALL-7
0,709.8327789306641,R-02,False,595.0,0,False,HDB,False,False,False,False,False,10306.0,False,True,False,NONE,False,Handball,R046,False,0,0,False,0,False,"108 days, 23:40:32.258021",Active,R046-07-HANDBALL-2
0,3435.2115936279297,B-01,False,301.0,0,False,SCR,False,False,False,False,False,11206.0,False,False,False,NONE,False,45-146ft W x 75-294ft L,B127,False,0,0,False,0,False,"241 days, 14:02:19.961634",Active,B127-SOCCER-1
0,1001.9782257080078,Q-11,False,411.0,0,False,HDB,False,False,False,False,False,11364.0,False,True,False,NONE,False,Handball,Q356,False,0,0,False,0,False,"130 days, 16:10:42.892089",Active,Q356-HANDBALL-4
0,1150.252914428711,B-15,False,315.0,0,False,HDB,False,False,False,False,False,11235.0,False,True,False,NONE,False,Handball,B251,False,0,0,False,0,False,"139 days, 0:00:39.896922",Active,B251-04-HANDBALL-4
0,1118.2791595458984,X-07,False,207.0,0,False,HDB,False,False,False,False,False,10468.0,False,True,False,NONE,False,Handball,X001A,False,0,0,False,0,False,"139 days, 17:40:47.497372",Active,X001-ZN01-HANDBALL-6
0,2848.367660522461,B-10,False,310.0,0,False,TNS,False,False,False,False,False,11209.0,False,False,False,NONE,False,Tennis,B192A,False,0,0,False,0,False,"229 days, 8:24:44.196354",Active,B192A-TENNIS-1
0,31529.009338378903,M-12,False,112.0,0,False,SFB,True,False,True,True,False,10034.0,False,False,False,NONE,False,"45-60ft base path, less than 150ft fence",M042,False,0,0,False,0,False,"703 days, 11:54:48.960561",Active,M042-ZN02-BASEBALL-1
0,2836.410934448242,Q-01,False,401.0,1,False,TNS,False,False,False,False,False,11106.0,False,False,True,NONE,False,Tennis,Q429,False,0,0,False,0,False,"229 days, 10:22:08.317340",Active,Q429-TENNIS-1
0,2784.0792541503906,M-14,False,109.0,0,False,TNS,False,False,False,False,False,10024.0,False,False,True,NONE,False,Tennis,M071,False,0,0,False,0,False,"226 days, 21:24:42.193555",Active,M071-ZN17-TENNIS-9
0,1272.9343719482422,B-01,False,301.0,0,False,HDB,False,False,False,False,False,11211.0,False,True,False,NONE,False,Handball,B167A,False,0,0,False,0,False,"147 days, 9:09:08.212492",Closed Temporarily,B167A-HANDBALL-1
0,3996.585433959961,Q-14,False,414.0,0,False,BKB,False,False,False,False,False,11691.0,False,False,False,NONE,False,Full Court,Q162J01,False,0,0,True,0,False,"264 days, 1:54:26.535893",Active,Q162J01-BASKETBALL-2
0,60701.12461853027,B-10,False,310.0,0,False,SCR,False,True,False,False,False,11209.0,True,False,False,AFB,False,160 x 360ft rectangular,B082,True,0,0,False,0,True,"1034 days, 10:58:43.557706",Active,B082-ZN05-CRICKET-1
0,18505.49844360352,M-04,True,104.0,0,False,SCR,False,True,False,False,False,10019.0,False,False,False,NONE,True,45-146ft W x 75-294ft L,M022,False,0,0,False,0,True,"549 days, 11:22:56.554614",Active,M022-SOCCER-3
0,2797.6343688964844,Q-05,False,305.0,0,False,TNS,False,False,False,False,False,11207.0,False,False,True,NONE,True,Tennis,B047,False,0,0,False,0,False,"227 days, 3:02:42.450593",Active,Q020-ZN04-TENNIS-5
0,1680.3917083740234,M-15,False,103.0,0,False,VLB,False,False,False,False,False,10002.0,False,False,False,NONE,False,,M144,False,0,0,False,0,False,"174 days, 16:42:38.822552",Inactive,M144-ZN01-VOLLEYBALL-2
0,58051.28352355957,M-15,False,103.0,0,False,FTB,False,False,False,False,False,10002.0,False,False,False,NONE,False,160 x 360ft rectangular,M144,False,0,0,False,0,False,"1044 days, 10:45:24.237639",Inactive,M144-ZN02-FOOTBALL-1
0,2891.091262817383,Q-03,False,403.0,0,False,TNS,False,False,False,False,False,11369.0,False,False,True,NONE,False,Tennis,Q373,False,0,0,False,0,False,"230 days, 17:58:15.385644",Active,Q373-TENNIS-1
0,809.7136993408203,Q-07,False,407.0,0,False,BKB,False,False,False,False,False,11357.0,False,False,False,NONE,False,Half Court,Q343,False,0,0,True,0,False,"114 days, 16:09:43.672900",Active,Q343-BASKETBALL-3
0,1207.0157775878906,M-11,False,111.0,0,False,HDB,False,False,False,False,False,10029.0,False,True,False,NONE,False,Handball,M214,False,0,0,False,0,False,"140 days, 20:02:28.252460",Active,M214-HANDBALL-4
0,3859.2368927001953,B-14,False,314.0,0,False,BKB,False,False,False,False,False,11226.0,False,False,False,NONE,False,Full Court,B068,False,0,0,True,0,False,"254 days, 9:53:37.238808",Active,B073-ZN28-BASKETBALL-4
0,73147.01428222656,Q-15,False,481.0,0,False,CRK,False,False,False,False,False,11368.0,False,False,False,NONE,False,60 ft Cricket Pitch,Q099,False,0,0,False,0,False,"1096 days, 2:25:30.289927",Active,Q099-ZN07-CRICKET-1
0,1045.6162872314453,B-03,False,303.0,0,False,BKB,False,False,False,False,False,11221.0,False,False,False,NONE,False,Half Court,B216,False,0,0,True,0,False,"129 days, 22:22:09.438314",Active,B216-BASKETBALL-6
0,4102.881637573242,R-01,False,501.0,0,False,BKB,False,False,False,False,False,10310.0,False,False,False,NONE,False,Full Court,R034,False,0,0,True,0,False,"265 days, 20:17:08.515823",Active,R034-BASKETBALL-4
0,1163.1570281982422,B-05,False,305.0,0,False,BKB,False,False,False,False,False,11208.0,False,False,False,NONE,False,Half Court,B141,False,0,0,True,0,False,"137 days, 18:25:40.670431",Removed,B141-BASKETBALL-4
0,1163.856460571289,B-10,False,310.0,0,False,HDB,False,False,False,False,False,11209.0,False,True,False,NONE,False,Handball,B192,False,0,0,False,0,False,"139 days, 3:32:37.566989",Active,B192-HANDBALL-4
0,1399.3214569091797,X-10,False,210.0,0,False,HDB,False,False,False,False,False,10461.0,False,True,False,NONE,False,Handball,X121,False,0,0,False,0,False,"151 days, 1:46:04.904105",Active,X121-HANDBALL-5
0,59009.937576293945,M-11,False,111.0,0,False,SCR,False,False,False,False,False,10035.0,True,False,False,AFB,True,147-295ft W x 295-393ft L,M104,True,0,0,False,0,True,"994 days, 2:22:23.123482",Active,M107-ZN06-SOCCER-2
0,4181.738388061523,X-09,False,209.0,0,False,BKB,False,False,False,False,False,10472.0,False,False,False,NONE,False,Full Court,X124,False,0,0,True,0,False,"267 days, 2:44:53.833093",Active,X124-BASKETBALL-2
0,2794.471405029297,Q-05,False,405.0,0,False,TNS,False,False,False,False,False,11379.0,False,False,True,NONE,False,Tennis,Q102,False,0,0,False,0,False,"227 days, 18:07:35.588890",Active,Q102-02-TENNIS-5
0,28043.348739624023,B-04,False,304.0,0,False,SFB,False,False,True,False,False,11237.0,False,False,False,NONE,False,"60ft base path, 150-200ft fence",B429,False,0,0,False,0,False,"611 days, 6:38:46.740287",Active,B429-BASEBALL-1
0,480.7779235839844,X-03,False,203.0,0,False,BKB,False,False,False,False,False,10457.0,False,False,False,NONE,False,Half Court,X010,False,0,0,False,0,False,"89 days, 13:00:18.884365",Active,X010-11-BASKETBALL-2
0,2716.304733276367,X-04,False,204.0,0,False,HDB,False,False,False,False,False,10452.0,False,False,False,NONE,False,,X034,False,0,0,False,0,False,"212 days, 8:59:51.697743",Inactive,X034-HANDBALL-3
0,1710.3524017333984,Q-08,False,408.0,0,False,HDB,False,False,False,False,False,11365.0,False,True,False,NONE,False,Handball,Q342,False,0,0,False,0,False,"166 days, 19:34:37.259509",Active,Q342-HANDBALL-2
0,652.1888732910156,Q-05,False,405.0,0,False,TNS,False,False,False,False,False,11379.0,False,False,True,NONE,False,Tennis,Q102,False,0,0,False,0,False,"108 days, 12:01:39.239815",Active,Q102-02-TENNIS-9
0,17191.71566772461,B-16,False,316.0,0,False,SFB,True,False,True,False,False,11212.0,False,False,False,NONE,True,"60ft base path, 150-200ft fence",B270,False,0,0,False,0,False,"492 days, 19:39:45.770527",Active,B270-BASEBALL-1
0,1358.0647583007812,X-10,False,210.0,0,False,HDB,False,False,False,False,False,10461.0,False,True,False,NONE,False,Handball,X121,False,0,0,False,0,False,"148 days, 19:55:48.421447",Active,X121-HANDBALL-3
0,4323.169784545898,B-01,False,301.0,0,False,BKB,False,False,False,False,False,11206.0,False,False,False,NONE,False,Full Court,B022,False,0,0,True,0,False,"273 days, 2:04:33.034887",Active,B022-BASKETBALL-1
0,45368.01953125,B-18,False,318.0,0,True,SFB,True,False,True,False,False,11229.0,False,False,False,NONE,False,"60ft base path, 150-200ft fence",B057,False,0,0,False,0,False,"813 days, 14:49:31.134185",Active,B057-ZN04-BASEBALL-8
0,90677.24736022948,Q-05,False,405.0,0,False,BSB,False,False,False,True,False,11379.0,False,False,False,NONE,False,"90ft base path, 200+ft fence",Q102,False,0,0,False,0,False,"1197 days, 20:08:07.835317",Active,Q102-ZN01-BASEBALL-2
0,61914.39126586914,B-19,False,355.0,0,False,SCR,False,True,False,False,False,11215.0,False,False,False,AFB,False,147-295ft W x 295-393ft L,B073,True,0,0,False,0,True,"1036 days, 3:00:56.335006",Active,B073-ZN15-SOCCER-1
0,1180.6467895507812,X-15,False,228.0,0,False,HDB,False,False,False,False,False,10464.0,False,True,False,NONE,False,Handball,X039,False,0,0,False,0,False,"142 days, 13:25:02.907144",Active,X039-ZN17-HANDBALL-8
0,2531.494842529297,B-11,False,311.0,0,False,BKB,False,False,False,False,False,11204.0,False,False,False,NONE,False,Full Court,B100,False,0,0,True,0,False,"204 days, 13:33:02.003353",Active,B100-01-BASKETBALL-3
0,681.2021942138672,M-10,False,110.0,0,False,TNS,False,False,False,False,False,10037.0,False,False,True,NONE,False,Tennis,M217,False,0,0,False,0,False,"110 days, 11:51:31.252511",Active,M217-TENNIS-2
0,6497.384643554688,Q-13,False,413.0,0,False,TRK,False,False,False,False,False,11426.0,False,False,False,NONE,False,Jogging Path,Q134,False,0,0,False,0,False,"1018 days, 14:36:48.855648",Active,Q134-TRACK-1
0,1365.3719787597656,B-02,False,302.0,0,False,HDB,False,False,False,False,False,11238.0,False,True,False,NONE,False,Handball,B301,False,0,0,False,0,False,"151 days, 2:11:49.844319",Active,B301-HANDBALL-2
0,1141.3427124023438,Q-15,False,408.0,0,False,HDB,False,False,False,False,False,11367.0,False,False,False,NONE,False,Handball,Q099,False,0,0,False,0,False,"136 days, 18:19:43.885954",Active,Q099-20-HANDBALL-1
0,3992.5465698242183,M-09,False,109.0,0,False,BKB,False,False,False,False,False,10027.0,False,False,False,NONE,False,Full Court,M077,False,0,0,True,0,False,"261 days, 23:26:07.365764",Active,M077-02-BASKETBALL-1
0,1303.834716796875,Q-09,False,409.0,0,False,HDB,False,False,False,False,False,11416.0,False,True,False,NONE,False,Handball,Q128,False,0,0,False,0,False,"148 days, 13:39:46.482169",Active,Q128-HANDBALL-1
0,1198.8170928955078,Q-11,False,411.0,0,False,HDB,False,False,False,False,False,11362.0,False,True,False,NONE,False,Handball,Q369,False,0,0,False,0,False,"143 days, 21:59:43.640270",Active,Q369-HANDBALL-5
0,1065.6409301757812,B-11,False,311.0,0,False,BOC,False,False,False,False,True,11214.0,False,False,False,NONE,False,Bocce,B164,False,0,0,False,0,False,"193 days, 23:27:01.472823",Active,B164-BOCCE-1
0,1083.6661834716797,Q-07,False,407.0,0,False,HDB,False,False,False,False,False,11354.0,False,True,False,NONE,False,Handball,Q086,False,0,0,False,0,False,"135 days, 10:07:42.106280",Active,Q086-01-HANDBALL-3
0,38129.40586853027,Q-08,False,408.0,0,False,SFB,False,False,True,False,False,11364.0,False,False,False,NONE,False,"60ft base path, 150-200ft fence",Q021,False,0,0,False,0,False,"769 days, 15:03:54.169229",Active,Q021-ZN05-BASEBALL-1
1,28982.283157348636,B-03,False,303.0,0,True,MPPA,False,False,False,False,False,11221.0,False,False,False,AFB,False,45-146ft W x 75-294ft L,B216,True,0,0,False,0,True,"676 days, 2:56:13.432768",Active,B216-BASEBALL-1
0,1338.626983642578,Q-12,False,412.0,0,False,HDB,False,False,False,False,False,11434.0,False,True,False,NONE,False,Handball,Q005,False,0,0,False,0,False,"151 days, 9:59:28.675700",Active,Q005-11-HANDBALL-8
0,16417.923614501953,X-14,False,227.0,0,False,SCR,False,False,False,False,False,10467.0,False,False,False,NONE,False,45-146ft W x 75-294ft L,X002,False,0,0,False,0,True,"528 days, 20:04:25.545158",Active,X002-ZN03-SOCCER-1
0,30115.134368896484,R-02,False,502.0,0,False,SFB,True,False,True,False,False,10314.0,False,False,False,NONE,False,"60ft base path, 150-200ft fence",R030,False,0,0,False,0,False,"645 days, 17:44:56.168870",Active,R065-ZN08-BASEBALL-5
0,50484.52192687988,R-01,False,501.0,0,False,SFB,True,False,True,False,False,10310.0,False,False,False,NONE,False,"60ft base path, 150-200ft fence",R109,False,0,0,False,0,False,"887 days, 7:06:33.310341",Active,R109-BASEBALL-1
0,1640.4504089355469,M-03,False,103.0,0,False,HDB,False,False,False,False,False,10002.0,False,False,False,NONE,False,Handball,M165,False,0,0,False,0,False,"162 days, 4:46:35.753517",Inactive,M165-HANDBALL-1
0,1411.1007080078125,Q-11,False,411.0,0,False,HDB,False,False,False,False,False,11362.0,False,True,False,NONE,False,Handball,Q369,False,0,0,False,0,False,"151 days, 11:10:20.234817",Active,Q369-HANDBALL-3
0,3522.4388275146484,Q-09,False,409.0,0,False,BKB,False,False,False,False,False,11416.0,False,False,False,NONE,False,Full Court,Q337,False,0,0,True,0,False,"246 days, 0:35:42.951909",Active,Q337-BASKETBALL-6
0,24061.93605041504,X-04,False,204.0,0,False,SFB,False,False,False,False,False,10456.0,False,False,False,NONE,False,"60ft base path, 150-200ft fence",X219,False,0,0,False,0,False,"569 days, 3:12:42.606558",Active,X219-BASEBALL-1
0,2765.210998535156,Q-03,False,403.0,0,False,TNS,False,False,False,False,False,11372.0,False,False,True,NONE,False,Tennis,Q303,False,0,0,False,0,False,"226 days, 10:04:02.271698",Removed,Q303-TENNIS-1
0,1511.4636840820312,B-15,False,315.0,0,False,HDB,False,False,False,False,False,11235.0,False,True,False,NONE,False,Handball,B308,False,0,0,False,0,False,"158 days, 20:10:21.274861",Active,B308-HANDBALL-4
0,1500.2257537841797,Q-05,False,405.0,0,False,BKB,False,False,False,False,False,11385.0,False,False,False,NONE,False,Half Court,Q398,False,0,0,True,0,False,"155 days, 5:04:40.686231",Active,Q398-BASKETBALL-1
0,1202.4364013671875,B-08,False,308.0,0,False,HDB,False,False,False,False,False,11213.0,False,True,False,NONE,True,Handball,B245,False,0,0,False,0,False,"142 days, 3:48:51.251625",Active,B245-HANDBALL-12
0,1036.858367919922,Q-13,False,413.0,0,False,BKB,False,False,False,False,False,11426.0,False,False,False,NONE,False,Half Court,Q358,False,0,0,False,0,False,"129 days, 2:55:15.018157",Active,Q358-BASKETBALL-2
0,2882.4708251953125,M-08,False,108.0,0,False,TNS,False,False,False,False,False,10065.0,False,False,True,NONE,False,,M079,False,0,0,False,0,False,"230 days, 9:20:05.992430",Active,M079-TENNIS-2
0,1178.8767700195312,B-13,False,313.0,0,False,HDB,False,False,False,False,False,11224.0,False,True,False,NONE,False,Handball,B080,False,0,0,False,0,False,"140 days, 15:59:23.894879",Active,B080-HANDBALL-3
0,1824.180145263672,M-12A,False,112.0,0,False,BKB,False,False,False,False,False,10040.0,False,False,False,NONE,False,Half Court,M037,False,0,0,True,0,False,"174 days, 10:44:59.692459",Active,M037-04-BASKETBALL-1
0,4006.156768798828,Q-05,False,405.0,0,False,BKB,False,False,False,False,False,11379.0,False,False,False,NONE,False,Full Court,Q102,False,0,0,True,0,False,"262 days, 9:59:32.380401",Active,Q102-02-BASKETBALL-2
0,41439.22578430176,M-11,False,111.0,0,False,SFB,True,False,True,False,False,10035.0,False,False,False,NONE,False,"60ft base path, 150-200ft fence",M104,False,0,0,False,0,False,"801 days, 6:26:18.306286",Active,M104-ZN02-BASEBALL-23
0,1188.2781982421875,Q-07,False,407.0,0,False,BKB,False,False,False,False,False,11357.0,False,False,False,NONE,True,Full Court,Q390,False,0,0,True,0,False,"138 days, 13:18:53.014464",Active,Q390-BASKETBALL-1
0,1736.6656188964844,B-17,False,317.0,0,False,BKB,False,False,False,False,False,11203.0,False,False,False,NONE,False,Half Court,B234,False,0,0,False,0,False,"168 days, 21:26:26.054131",Inactive,B234-BASKETBALL-3
0,1855.605499267578,M-03,False,103.0,0,False,VLB,False,False,False,False,False,10002.0,False,False,False,NONE,False,Volleyball,M082,False,0,1,False,0,False,"182 days, 9:36:56.022166",Active,M082-VOLLEYBALL-1
0,1203.5359954833984,Q-13,False,413.0,0,False,HDB,False,False,False,False,False,11411.0,False,True,False,NONE,False,Handball,Q404,False,0,0,False,0,False,"142 days, 15:59:21.920800",Active,Q404-HANDBALL-3
0,4859.146286010742,M-11,False,111.0,0,False,SFB,True,False,True,False,False,10037.0,False,False,False,NONE,False,"45-60ft base path, less than 150ft fence",M204,False,0,0,False,0,False,"256 days, 22:29:57.462726",Active,M204-BASEBALL-1
0,2933.1070556640625,Q-14,False,414.0,0,False,TNS,False,False,False,False,False,11694.0,False,False,False,NONE,False,Tennis,Q389,False,0,0,False,0,False,"228 days, 4:34:50.299394",Removed,Q389-TENNIS-3
0,47673.57987976074,R-01,False,501.0,0,False,BSB,False,False,True,False,False,10303.0,False,False,False,NONE,False,"90ft base path, 200+ft fence",R068,False,0,0,False,0,False,"812 days, 6:08:42.163724",Closed Temporarily,R068-BASEBALL-1
0,2830.3858337402344,Q-05,False,305.0,0,False,TNS,False,False,False,False,False,11207.0,False,False,True,NONE,True,Tennis,B047,False,0,0,False,0,False,"227 days, 23:24:05.487667",Active,Q020-ZN04-TENNIS-1
0,896.3645172119141,X-04,False,204.0,0,False,HDB,False,False,False,False,False,10452.0,False,True,False,NONE,False,Handball,X148C7,False,0,0,False,0,False,"120 days, 21:32:50.914432",Active,X148C7-HANDBALL-5
0,3198.738082885742,X-06,False,206.0,0,False,BKB,False,False,False,False,False,10457.0,False,False,False,NONE,False,Full Court,X148H1,False,0,0,True,0,False,"234 days, 14:13:14.261443",Active,X148H1-BASKETBALL-2
0,16859.093139648438,M-12A,False,112.0,0,False,SCR,False,False,False,False,False,10032.0,False,False,False,NONE,False,45-146ft W x 75-294ft L,M037,False,0,0,False,0,True,"558 days, 0:39:53.457676",Active,M037-ZN03-SOCCER-1
0,979.7440032958984,Q-07,False,407.0,0,False,BKB,False,False,False,False,False,11357.0,False,False,False,NONE,False,Half Court,Q375,False,0,0,True,0,False,"125 days, 4:55:57.500477",Active,Q375-BASKETBALL-4
0,1749.8528900146484,Q-11,False,411.0,0,False,HDB,False,False,False,False,False,11363.0,False,True,False,NONE,False,Handball,Q338,False,0,0,False,0,False,"168 days, 2:32:34.330324",Active,Q338-HANDBALL-2
0,3940.08447265625,B-15,False,315.0,0,False,BKB,False,False,False,False,False,11235.0,False,False,False,NONE,False,Full Court,B251,False,0,0,True,0,False,"260 days, 18:11:41.899873",Active,B251-04-BASKETBALL-2
0,1331.6710510253906,Q-11,False,411.0,0,False,BKB,False,False,False,False,False,11364.0,False,False,False,NONE,False,Half Court,Q021C,False,0,0,True,0,False,"150 days, 16:26:05.520681",Active,Q021C-BASKETBALL-3
0,1063.8783721923828,M-10,False,110.0,0,False,HDB,False,False,False,False,False,10037.0,False,True,False,NONE,False,Handball,M155,False,0,0,False,0,False,"131 days, 8:51:21.512035",Active,M155-HANDBALL-1
0,1142.4461669921875,R-02,False,502.0,0,False,HDB,False,False,False,False,False,10305.0,False,True,False,NONE,False,Handball,R087,False,0,0,False,0,False,"138 days, 6:40:37.706925",Active,R087-HANDBALL-3
0,782.9588623046875,B-04,False,304.0,0,False,HDB,False,False,False,False,False,11207.0,False,False,False,NONE,False,,B307,False,0,0,False,0,False,"111 days, 22:19:39.232791",Inactive,B307-HANDBALL-1
0,3686.317596435547,X-10,False,210.0,0,False,BKB,False,False,False,False,False,10461.0,False,False,False,NONE,False,Full Court,X122,False,0,0,True,0,False,"249 days, 16:29:02.611405",Active,X122-BASKETBALL-1
0,2823.798553466797,B-10,False,310.0,0,False,TNS,False,False,False,False,False,11228.0,False,False,True,NONE,False,Tennis,B060,False,0,0,False,0,False,"228 days, 16:58:49.207158",Active,B092-TENNIS-1
0,1642.500457763672,B-17,False,317.0,0,False,HDB,False,False,False,False,False,11203.0,False,True,False,NONE,False,Handball,B234,False,0,0,False,0,False,"163 days, 3:11:16.090738",Active,B234-HANDBALL-1
0,1563.9644470214844,Q-01,False,401.0,0,False,HDB,False,False,False,False,False,11103.0,False,True,False,NONE,False,Handball,Q014,False,0,0,False,0,False,"161 days, 20:13:38.612550",Active,Q014-HANDBALL-3
0,15176.471435546877,X-10,False,210.0,0,False,SFB,False,False,False,False,False,10465.0,False,False,False,NONE,False,"45-60ft base path, less than 150ft fence",X126,False,0,0,False,0,False,"444 days, 4:24:41.425785",Active,X126-ZN04-BASEBALL-2
0,2789.395568847656,M-09,False,109.0,0,False,TNS,False,False,False,False,False,10027.0,False,False,True,NONE,False,Tennis,M205,False,0,0,False,0,False,"227 days, 6:51:57.667193",Active,M205-TENNIS-2
0,1656.8837127685547,B-17,False,317.0,0,False,BKB,False,False,False,False,False,11203.0,False,False,False,NONE,False,Half Court,B234,False,0,0,True,0,False,"164 days, 19:36:41.701152",Active,B234-BASKETBALL-2
0,2291.349548339844,X-09,False,209.0,0,False,BKB,False,False,False,False,False,10472.0,False,False,False,NONE,False,Half Court,X195A,False,0,0,True,0,False,"191 days, 13:23:58.435232",Active,X195A-BASKETBALL-1
0,1560.7860717773438,M-12,False,112.0,0,False,HDB,False,False,False,False,False,10032.0,False,True,False,NONE,False,Handball,M234,False,0,0,False,0,False,"159 days, 13:52:48.525584",Active,M234-HANDBALL-2
0,2796.22021484375,B-18,False,318.0,0,False,TNS,False,False,False,False,False,11236.0,False,False,False,NONE,False,Tennis,B279,False,0,0,False,0,False,"227 days, 15:20:14.157722",Inactive,B279-TENNIS-3
0,1638.2117156982422,Q-12,False,412.0,0,False,HDB,False,False,False,False,False,11433.0,False,True,False,NONE,False,Handball,Q402,False,0,0,False,0,False,"162 days, 15:38:59.900829",Active,Q402-HANDBALL-1
0,1492.1536560058594,B-05,False,305.0,0,False,HDB,False,False,False,False,False,11207.0,False,True,False,NONE,False,Handball,B056,False,0,0,False,0,False,"156 days, 10:37:39.576024",Active,B056-HANDBALL-1
0,1287.8467559814453,Q-12,False,412.0,0,False,HDB,False,False,False,False,False,11423.0,False,True,False,NONE,False,Handball,Q351,False,0,0,False,0,False,"145 days, 1:27:16.815814",Active,Q351-HANDBALL-1
0,1182.242645263672,B-13,False,313.0,0,False,HDB,False,False,False,False,False,11224.0,False,True,False,NONE,False,Handball,B080,False,0,0,False,0,False,"143 days, 11:43:06.981547",Active,B080-HANDBALL-5
0,4094.845962524414,B-09,False,309.0,0,False,BKB,False,False,False,False,False,11225.0,False,False,False,NONE,False,Full Court,B284,False,0,0,True,0,False,"265 days, 17:30:22.308936",Active,B284-BASKETBALL-1
0,2792.88786315918,M-13,False,164.0,0,False,TNS,False,False,False,False,False,10024.0,False,False,True,NONE,False,Tennis,M010,False,0,0,False,0,False,"227 days, 21:19:52.458997",Active,M010-ZN34-TENNIS-19
0,1344.6329498291016,B-02,False,302.0,0,False,HDB,False,False,False,False,False,11201.0,False,True,False,NONE,False,Handball,B021,False,0,0,False,0,False,"149 days, 4:17:59.172886",Active,B021-HANDBALL-4
0,2752.8670501708984,Q-11,False,411.0,0,False,TNS,False,False,False,False,False,11361.0,False,False,True,NONE,False,Tennis,Q012,False,0,0,False,0,False,"226 days, 8:39:29.645742",Active,Q012-ZN01-TENNIS-1
0,1088.527847290039,Q-08,False,408.0,0,False,HDB,False,False,False,False,False,11365.0,False,True,False,NONE,False,Handball,Q221,False,0,0,False,0,False,"135 days, 7:03:05.924627",Active,Q221-HANDBALL-2
0,2723.2516479492188,Q-08,False,408.0,0,False,TNS,False,False,False,False,False,11423.0,False,False,True,NONE,False,Tennis,Q021,False,0,0,False,0,False,"224 days, 5:06:00.080440",Active,Q021-ZN02-TENNIS-17
0,45619.92219543457,B-16,False,316.0,0,False,MPPA,False,True,True,False,False,11233.0,False,False,False,NONE,False,45-146ft W x 75-294ft L,B387,True,0,0,False,0,True,"869 days, 12:44:43.937835",Inactive,B387-BASEBALL-1
0,21702.168899536133,M-10,False,110.0,0,False,SFB,True,False,True,False,False,10037.0,False,False,False,NONE,True,"60ft base path, 150-200ft fence",M186,False,0,0,False,0,False,"539 days, 4:39:48.025876",Active,M186-BASEBALL-1
0,1236.6920471191406,M-12,False,112.0,0,False,HDB,False,False,False,False,False,10033.0,False,True,False,NONE,False,Handball,M099,False,0,0,False,0,False,"140 days, 19:11:17.954342",Active,M099-HANDBALL-1
0,880.0751800537109,B-01,False,301.0,0,False,HDB,False,False,False,False,False,11211.0,False,True,False,NONE,False,Handball,,False,0,0,False,0,False,"119 days, 14:16:27.737678",Active,B223N01-HANDBALL-3
0,1022.4767150878906,B-03,False,303.0,0,False,HDB,False,False,False,False,False,11221.0,False,True,False,NONE,False,Handball,B359,False,0,0,False,0,False,"129 days, 0:47:12.948647",Active,B359-HANDBALL-2
0,12938.397232055664,Q-13,False,413.0,0,False,SFB,False,False,False,False,False,11426.0,False,False,False,NONE,False,"45-60ft base path, less than 150ft fence",Q358,False,0,0,False,0,False,"417 days, 17:47:29.398328",Active,Q358-BASEBALL-1
0,1076.5901489257812,M-06,False,106.0,0,False,HDB,False,False,False,False,False,10016.0,False,True,False,NONE,False,Handball,M265,False,0,0,False,0,False,"134 days, 18:34:01.599936",Active,M265-HANDBALL-1
0,1140.4361419677734,B-07,False,307.0,0,False,HDB,False,False,False,False,False,11218.0,False,True,False,NONE,False,Handball,B130,False,0,0,False,0,False,"139 days, 23:30:09.663232",Active,B130-HANDBALL-1
1,16508.743774414062,Q-14,False,414.0,0,False,HKY,False,False,False,False,False,11694.0,False,False,False,NONE,False,Hockey,Q163,False,0,0,False,0,False,"535 days, 9:46:22.532306",Active,Q163-01-HOCKEY-1
0,2823.234268188477,X-07,False,207.0,0,False,TNS,False,False,False,False,False,10468.0,False,False,True,NONE,False,Tennis,X044,False,0,0,False,0,False,"228 days, 21:54:03.116561",Active,X044-TENNIS-8
0,1419.3070526123047,X-09,False,209.0,0,False,HDB,False,False,False,False,False,10472.0,False,True,False,NONE,False,Handball,X159,False,0,0,False,0,False,"151 days, 8:36:45.615494",Active,X159-HANDBALL-4
0,2791.849105834961,M-13,False,164.0,0,False,TNS,False,False,False,False,False,10024.0,False,False,False,NONE,False,Tennis,M010,False,0,0,False,0,False,"228 days, 5:37:16.190551",Active,M010-ZN34-TENNIS-16
0,1700.2507934570312,Q-02,False,402.0,0,False,HDB,False,False,False,False,False,11104.0,False,True,False,NONE,False,Handball,Q044,False,0,0,False,0,False,"167 days, 5:44:44.048603",Active,Q044-HANDBALL-2
0,1181.5176391601562,B-03,False,303.0,0,False,HDB,False,False,False,False,False,11233.0,False,True,False,NONE,False,Handball,B258,False,0,0,False,0,False,"142 days, 4:14:24.599719",Active,B258-HANDBALL-3
0,1301.136459350586,Q-01,False,401.0,0,False,HDB,False,False,False,False,False,11106.0,False,True,False,NONE,False,Handball,Q333,False,0,0,False,0,False,"152 days, 2:48:35.429709",Active,Q333-HANDBALL-4
0,73147.19134521484,B-18,False,318.0,0,False,CRK,False,False,False,False,False,11236.0,False,False,False,NONE,False,60 ft Cricket Pitch,B018,False,0,0,False,0,False,"1096 days, 2:28:12.988093",Active,B018-ZN06-CRICKET-1
0,21893.87434387207,B-16,False,316.0,0,False,SFB,True,False,True,False,False,11212.0,False,False,False,NONE,False,"60ft base path, 150-200ft fence",B228,False,0,0,False,0,False,"547 days, 21:03:16.028246",Active,B228-BASEBALL-1
0,1621.7516479492188,X-04,False,204.0,0,False,BKB,False,False,False,False,False,10456.0,False,False,False,NONE,False,Half Court,X219,False,0,0,False,0,False,"163 days, 14:58:45.864273",Active,X219-BASKETBALL-3
0,1421.7459716796875,Q-14,False,414.0,0,False,HDB,False,False,False,False,False,11693.0,False,True,False,NONE,False,Handball,Q163,False,0,0,False,0,False,"154 days, 14:02:45.219625",Removed,Q163-ZN06B-HANDBALL-3
0,1092.8600158691406,Q-08,False,408.0,0,False,BKB,False,False,False,False,False,11365.0,False,False,False,NONE,False,Half Court,Q314,False,0,0,False,0,False,"132 days, 19:41:48.746135",Active,Q314-BASKETBALL-4
0,1224.3261260986328,X-15,False,228.0,0,False,HDB,False,False,False,False,False,10464.0,False,True,False,NONE,False,Handball,X039,False,0,0,False,0,False,"145 days, 4:54:35.201389",Active,X039-ZN17-HANDBALL-6
0,2764.6979217529297,Q-01,False,401.0,0,False,TNS,False,False,False,False,False,11103.0,False,False,True,NONE,False,Tennis,Q014,False,0,0,False,0,False,"226 days, 10:15:23.073707",Active,Q014-TENNIS-5
0,1187.2938690185547,B-13,False,313.0,0,False,HDB,False,False,False,False,False,11224.0,False,True,False,NONE,False,Handball,B080,False,0,0,False,0,False,"142 days, 8:15:02.649965",Active,B080-HANDBALL-8
0,926.0655822753906,Q-11,False,411.0,0,False,HDB,False,False,False,False,False,11364.0,False,True,False,NONE,False,Handball,Q356,False,0,0,False,0,False,"126 days, 22:44:57.016572",Active,Q356-HANDBALL-3
0,29688.835906982426,Q-07,False,407.0,0,False,SFB,True,False,True,False,False,11365.0,False,False,False,NONE,False,"60ft base path, 150-200ft fence",Q024,False,0,0,False,0,False,"654 days, 7:27:30.948420",Active,Q024-ZN03-BASEBALL-1
0,921.9716796875,Q-02,False,402.0,0,False,HDB,False,False,False,False,False,11104.0,False,True,False,NONE,False,Handball,Q340,False,0,0,False,0,False,"126 days, 17:20:42.530496",Active,Q340-HANDBALL-2
0,3147.345901489258,Q-08,False,408.0,0,False,TNS,False,False,False,False,False,11423.0,False,False,True,NONE,False,Tennis,Q021,False,0,0,False,0,False,"241 days, 6:53:47.359619",Active,Q021-ZN02-TENNIS-4
0,1336.1022491455078,B-05,False,305.0,0,False,HDB,False,False,False,False,False,11208.0,False,True,False,NONE,False,Handball,B103,False,0,0,False,0,False,"148 days, 22:35:33.871929",Active,B103-HANDBALL-4
0,1164.0841827392578,X-07,False,207.0,0,False,BKB,False,False,False,False,False,10467.0,False,False,False,NONE,False,Half Court,X033,False,0,0,False,0,False,"137 days, 14:02:19.407050",Active,X033-01-BASKETBALL-5
0,875.3857269287109,M-03,False,103.0,0,False,BKB,False,False,False,False,False,10002.0,False,False,False,NONE,False,Half Court,M235,False,0,0,False,0,False,"118 days, 16:00:57.891501",Active,M235-BASKETBALL-5
0,1173.196807861328,Q-10,False,410.0,0,False,HDB,False,False,False,False,False,11420.0,False,True,False,NONE,False,Handball,Q092,False,0,0,False,0,False,"140 days, 7:08:41.849482",Active,Q092-HANDBALL-3
0,3142.260513305664,X-02,False,202.0,0,False,BKB,False,False,False,False,False,10459.0,False,False,False,NONE,False,Full Court,X116,False,0,0,False,0,False,"233 days, 18:55:53.819012",Active,X116-BASKETBALL-2
0,1681.291030883789,B-10,False,310.0,0,False,BKB,False,False,False,False,False,11220.0,False,False,False,NONE,False,Half Court,B052,False,0,0,True,0,False,"164 days, 5:03:25.452009",Active,B052-BASKETBALL-2
0,2351.7589416503906,Q-07,False,407.0,0,False,TNS,False,False,False,False,False,11365.0,False,False,True,NONE,False,Tennis,Q024,False,0,0,False,0,False,"216 days, 17:57:06.960887",Active,Q024-ZN02-TENNIS-6
0,34041.34379577637,R-01,False,501.0,0,False,FTB,False,False,False,False,False,10304.0,False,False,False,NONE,False,45-146ft W x 75-294ft L,R061,True,0,0,False,0,False,"786 days, 4:57:41.942949",Closed Temporarily,R061-FOOTBALL-1
0,8517.769927978516,Q-13,False,413.0,0,False,SFB,False,False,False,False,False,11422.0,False,False,False,NONE,False,"45-60ft base path, less than 150ft fence",Q008,False,0,0,False,0,False,"370 days, 22:06:37.831606",Active,Q008-BASEBALL-2
0,1464.6649169921875,Q-12,False,412.0,0,False,HDB,False,False,False,False,False,11412.0,False,True,False,NONE,False,Handball,Q405,False,0,0,False,0,False,"154 days, 5:20:03.937500",Active,Q405-HANDBALL-2
0,3467.769302368164,B-05,False,305.0,0,False,BKB,False,False,False,False,False,11207.0,False,False,False,NONE,True,Full Court,B214,False,0,0,True,0,False,"238 days, 13:53:58.632206",Active,B214-01-BASKETBALL-2
0,4142.428405761719,Q-12,False,412.0,0,False,BKB,False,False,False,False,False,11436.0,False,False,False,NONE,False,Full Court,Q220C,False,0,0,True,0,False,"265 days, 22:43:00.601369",Active,Q220C-03-BASKETBALL-1
0,1732.4495697021484,Q-15,False,481.0,0,False,VLB,False,False,False,False,False,11368.0,False,False,False,NONE,False,Volleyball,Q099,False,0,1,False,0,False,"176 days, 22:30:21.091781",Active,Q099-ZN19-VOLLEYBALL-2
0,1457.0661010742188,X-05,False,205.0,0,False,HDB,False,False,False,False,False,10457.0,False,True,False,NONE,False,Handball,X017,False,0,0,False,0,False,"154 days, 12:57:49.888220",Closed Temporarily,X017-01-HANDBALL-2
0,44504.01622009277,B-02,False,302.0,0,False,SCR,False,False,False,False,False,11201.0,False,False,False,NONE,False,147-295ft W x 295-393ft L,B431,False,0,0,False,0,False,"869 days, 19:45:12.163234",Inactive,B431-SOCCER-3
0,1495.8744201660156,B-18,False,318.0,0,False,HDB,False,False,False,False,False,11234.0,False,True,False,NONE,False,Handball,B236,False,0,0,False,0,False,"156 days, 9:55:20.399721",Active,B236-HANDBALL-4
0,2875.2190856933594,B-02,False,302.0,0,False,TNS,False,False,False,False,False,11201.0,False,False,True,NONE,False,Tennis,B032,False,0,0,False,0,False,"230 days, 22:58:24.520553",Active,B032-ZN02-TENNIS-5
0,19204.282913208008,M-03,False,103.0,0,False,FTB,False,False,False,False,False,10002.0,False,False,False,NONE,False,45-146ft W x 75-294ft L,M165,True,0,0,False,0,False,"605 days, 12:50:34.919295",Active,M165-FOOTBALL-1
0,1055.2283325195312,Q-11,False,411.0,0,False,BKB,False,False,False,False,False,11361.0,False,False,False,NONE,False,Half Court,Q381,False,0,0,False,0,False,"129 days, 22:44:03.140087",Active,Q381-BASKETBALL-2
0,1044.681167602539,Q-11,False,411.0,0,False,BKB,False,False,False,False,False,11364.0,False,False,False,NONE,False,Half Court,Q349,False,0,0,False,0,False,"129 days, 12:42:30.905178",Active,Q349-BASKETBALL-8
0,4209.130935668945,B-05,False,305.0,0,False,BKB,False,False,False,False,False,11208.0,False,False,False,NONE,False,Full Court,B141,False,0,0,True,0,False,"268 days, 12:05:24.708183",Active,B141-BASKETBALL-5
0,1093.4337768554688,Q-05,False,405.0,0,False,BKB,False,False,False,False,False,11378.0,False,False,False,NONE,False,Half Court,Q131,False,0,0,True,0,False,"133 days, 12:33:57.526874",Active,Q131-01-BASKETBALL-2
0,2654.0166778564453,Q-16,False,482.0,0,False,TNS,False,False,False,False,False,11385.0,False,False,True,NONE,False,Tennis,Q015,False,0,0,False,0,False,"221 days, 9:00:16.080367",Active,Q015-ZN07-TENNIS-3
0,3987.075408935547,Q-11,False,411.0,0,False,BKB,False,False,False,False,False,11364.0,False,False,False,NONE,False,Full Court,Q356,False,0,0,True,0,False,"262 days, 1:08:57.173760",Active,Q356-BASKETBALL-1
0,2777.115509033203,B-15,False,315.0,0,False,TNS,False,False,False,False,False,11223.0,False,False,True,NONE,False,Tennis,B244,False,0,0,False,0,False,"227 days, 6:19:48.616377",Active,B244-TENNIS-3
0,1343.5651397705078,B-03,False,303.0,0,False,HDB,False,False,False,False,False,11206.0,False,True,False,NONE,False,Handball,B298,False,0,0,False,0,False,"147 days, 13:54:48.399303",Active,B298-HANDBALL-2
0,28094.62110900879,X-04,False,204.0,0,False,BSB,False,False,False,False,False,10452.0,False,False,False,NONE,False,"60ft base path, 150-200ft fence",X034,False,0,0,False,0,False,"614 days, 10:51:43.398547",Active,X034-BASEBALL-1
0,1276.6366577148438,X-11,False,211.0,0,False,HDB,False,False,False,False,False,10469.0,False,True,False,NONE,False,Handball,X232,False,0,0,False,0,False,"145 days, 18:05:56.992214",Active,X232-HANDBALL-4
0,41789.75424194336,Q-08,False,408.0,0,False,SCR,False,False,False,False,False,11364.0,False,False,False,NONE,False,45-146ft W x 75-294ft L,Q021,False,0,0,False,0,False,"828 days, 13:59:40.658686",Active,Q021-ZN06-SOCCER-8
0,1325.5672149658203,X-01,False,201.0,0,False,HDB,False,False,False,False,False,10451.0,False,True,False,NONE,False,Handball,X155,False,0,0,False,0,False,"148 days, 8:53:25.876630",Active,X155-HANDBALL-4
0,6606.369125366211,X-09,False,209.0,0,False,SFB,False,False,False,False,False,10473.0,False,False,False,NONE,False,"45-60ft base path, less than 150ft fence",X221,False,0,0,False,0,False,"298 days, 8:24:30.958132",Active,X221-BASEBALL-1
0,2881.2511596679688,Q-07,False,407.0,0,False,TNS,False,False,False,False,False,11357.0,False,False,False,NONE,False,Tennis,Q390,False,0,0,False,0,False,"230 days, 10:20:27.432990",Active,Q390-TENNIS-3
0,1717.0346221923828,,False,414.0,0,False,BKB,False,False,False,False,False,11693.0,False,False,False,NONE,False,Half Court,Q467,False,0,0,False,0,False,"167 days, 14:58:49.574605",Active,Q467-BASKETBALL-2
0,1681.670394897461,Q-08,False,408.0,0,False,HDB,False,False,False,False,False,11367.0,False,True,False,NONE,False,Handball,Q329,False,0,0,False,0,False,"172 days, 15:34:02.576767",Active,Q329-HANDBALL-8
0,1292.8646545410156,B-02,False,302.0,0,False,HDB,False,False,False,False,False,11201.0,False,True,False,NONE,False,Handball,,False,0,0,False,0,False,"147 days, 20:20:02.071874",Active,B223J03-HANDBALL-2
0,4340.788116455078,M-03,False,103.0,0,False,BKB,False,False,False,False,False,10002.0,False,False,False,NONE,True,Full Court,M033,False,0,0,True,0,False,"271 days, 19:18:28.256567",Active,M033-BASKETBALL-2
0,1113.1772003173828,B-16,False,316.0,0,False,HDB,False,False,False,False,False,11212.0,False,True,False,NONE,False,Handball,B343,False,0,0,False,0,False,"134 days, 4:28:18.262589",Active,B343-HANDBALL-2
0,1144.6101684570312,X-01,False,201.0,1,False,HDB,False,False,False,False,False,10451.0,False,True,False,NONE,False,Handball,X210,False,0,0,False,0,False,"139 days, 18:40:32.068752",Active,X210-HANDBALL-5
0,2820.550811767578,X-13,False,226.0,0,False,TNS,False,False,False,False,False,10471.0,False,False,True,NONE,False,Tennis,X092,False,0,0,False,0,False,"228 days, 20:17:17.811373",Active,X092-ZN04-TENNIS-5
0,1706.0320129394531,Q-14,False,414.0,0,False,HDB,False,False,False,False,False,11693.0,False,True,False,NONE,False,Handball,Q163,False,0,0,False,0,False,"169 days, 11:27:46.691345",Active,Q163-ZN05B-HANDBALL-1
0,3769.8863372802734,B-10,False,310.0,0,False,BKB,False,False,False,False,False,11228.0,False,False,False,NONE,False,Full Court,B028,False,0,0,True,0,False,"260 days, 8:45:26.504900",Active,B028-ZN01-BASKETBALL-2
0,2257.266860961914,M-09,False,109.0,0,False,BKB,False,False,False,False,False,10026.0,False,False,False,NONE,False,Full Court,M056,False,0,0,True,0,False,"191 days, 11:10:44.478561",Active,M056-02-BASKETBALL-3
0,5434.718521118164,X-07,False,207.0,0,False,SFB,False,False,True,False,False,10467.0,False,False,False,NONE,False,"60ft base path, 150-200ft fence",X104,False,0,0,False,0,False,"277 days, 3:23:42.126783",Active,X104-01-BASEBALL-1
0,1466.546844482422,B-03,False,303.0,0,False,BKB,False,False,False,False,False,11206.0,False,False,False,NONE,False,Half Court,B348,False,0,0,True,0,False,"153 days, 22:32:51.827252",Active,B348-BASKETBALL-1
0,864.0384979248047,M-04,False,104.0,0,False,HDB,False,False,False,False,False,10019.0,False,True,False,NONE,False,Handball,M022,False,0,0,False,0,False,"120 days, 23:33:48.042442",Active,M022-HANDBALL-2
0,3531.379898071289,Q-10,False,410.0,0,False,SFB,False,False,True,False,False,11417.0,False,False,False,NONE,False,"60ft base path, 150-200ft fence",Q094,False,0,0,False,0,False,"237 days, 17:04:42.506066",Active,Q094-01-BASEBALL-1
0,1024.2644958496094,Q-16,False,482.0,0,False,HDB,False,False,False,False,False,11421.0,False,True,False,NONE,False,Handball,Q015,False,0,0,False,0,False,"131 days, 4:51:43.694355",Active,Q015-ZN04-HANDBALL-15
0,2909.400924682617,M-09,False,109.0,0,False,TNS,False,False,False,False,False,10027.0,False,False,True,NONE,False,Tennis,M205,False,0,0,False,0,False,"230 days, 1:42:25.538501",Active,M205-TENNIS-3
0,2127.4356536865234,Q-12,False,412.0,0,True,SFB,False,False,True,False,False,11433.0,False,False,False,NONE,False,"60ft base path, 150-200ft fence",Q402,False,0,0,False,0,False,"184 days, 13:13:19.479594",Inactive,Q402-BASEBALL-1
0,1232.7567443847656,M-10,False,110.0,0,False,BKB,False,False,False,False,False,10027.0,False,False,False,NONE,False,Half Court,M211A,False,0,0,False,0,False,"140 days, 10:54:39.686525",Active,M211A-BASKETBALL-4
0,1928.922592163086,B-02,False,302.0,0,False,TNS,False,False,False,False,False,11205.0,False,False,False,NONE,False,,B321,False,0,0,False,0,False,"203 days, 6:21:06.399196",Inactive,B321-TENNIS-3
0,1202.3179321289062,B-04,False,304.0,0,False,HDB,False,False,False,False,False,11237.0,False,True,False,NONE,False,Handball,B016,False,0,0,False,0,False,"141 days, 1:37:19.875247",Active,B016-HANDBALL-4
0,1387.0539855957031,Q-12,False,412.0,0,False,HDB,False,False,False,False,False,11434.0,False,True,False,NONE,False,Handball,Q005,False,0,0,False,0,False,"153 days, 6:52:38.108418",Active,Q005-11-HANDBALL-6
0,1493.1141815185547,X-04,False,204.0,0,False,HDB,False,False,False,False,False,10452.0,False,True,False,NONE,False,Handball,X168,False,0,0,False,0,False,"155 days, 22:59:19.634838",Active,X168-HANDBALL-3
0,1317.20361328125,B-08,False,308.0,0,False,HDB,False,False,False,False,False,11213.0,False,True,False,NONE,True,Handball,B245,False,0,0,False,0,False,"147 days, 21:49:01.178985",Active,B245-HANDBALL-9
0,1026.8355102539062,Q-15,False,408.0,0,False,HDB,False,False,False,False,False,11367.0,False,False,False,NONE,False,Handball,Q099,False,0,0,False,0,False,"129 days, 21:18:31.001576",Active,Q099-20-HANDBALL-2
0,70566.77326965332,Q-14,False,414.0,0,False,FTB,False,False,False,False,False,11692.0,False,False,False,AFB,False,160 x 360ft rectangular,Q162H,True,0,0,False,0,True,"1125 days, 22:04:08.385045",Active,Q162H-FOOTBALL-1
0,2781.2596435546875,Q-05,False,405.0,0,False,TNS,False,False,False,False,False,11379.0,False,False,True,NONE,False,Tennis,Q102,False,0,0,False,0,False,"227 days, 2:50:43.446163",Active,Q102-02-TENNIS-4
0,45700.82537841797,B-13,False,313.0,0,False,BSB,True,False,True,True,False,11214.0,False,False,False,NONE,False,"90ft base path, 200+ft fence",B166C,False,0,0,False,0,False,"782 days, 6:20:15.055255",Active,B166C-ZN02-BASEBALL-4
0,3081.311721801758,X-02,False,202.0,1,False,BKB,False,False,False,False,False,10455.0,False,False,False,NONE,False,Full Court,X247,False,0,0,True,0,False,"233 days, 7:11:05.993499",Active,X247-BASKETBALL-1
0,1733.2920532226562,Q-01,False,401.0,0,False,VLB,False,False,False,False,False,11106.0,False,False,False,NONE,False,,Q218,False,0,0,False,0,False,"176 days, 7:10:15.101125",Inactive,Q218-VOLLEYBALL-1
0,1298.5081329345703,B-15,False,315.0,0,False,HDB,False,False,False,False,False,11235.0,False,True,False,NONE,False,Handball,B109,False,0,0,False,0,False,"146 days, 10:36:46.067237",Active,B109-HANDBALL-5
0,1168.790756225586,X-08,False,208.0,0,False,HDB,False,False,False,False,False,10463.0,False,True,False,NONE,False,Handball,X186,False,0,0,False,0,False,"141 days, 11:14:11.051204",Active,X186-HANDBALL-2
0,1351.2534942626953,Q-13,False,413.0,0,False,HDB,False,False,False,False,False,11422.0,False,True,False,NONE,False,Handball,Q008,False,0,0,False,0,False,"149 days, 7:08:10.112217",Active,Q008-01-HANDBALL-2
0,3086.756103515625,X-03,False,203.0,0,False,BKB,False,False,False,False,False,10456.0,False,False,False,NONE,False,Full Court,X021,False,0,0,False,0,False,"225 days, 23:42:48.877072",Inactive,X021-BASKETBALL-2
0,948.2837066650392,B-02,False,302.0,0,False,HDB,False,False,False,False,False,11205.0,False,True,False,NONE,False,Handball,B220,False,0,0,False,0,False,"127 days, 5:13:20.462958",Active,B220-HANDBALL-3
0,1464.451904296875,X-01,False,201.0,0,False,HDB,False,False,False,False,False,10454.0,False,True,False,NONE,False,Handball,X238,False,0,0,False,0,False,"154 days, 22:02:35.426217",Removed,X238-HANDBALL-1
0,963.4339447021484,B-05,False,305.0,0,False,HDB,False,False,False,False,False,11208.0,False,True,False,NONE,False,Handball,B149A,False,0,0,False,0,False,"126 days, 2:29:33.369307",Active,B149A-HANDBALL-1
0,3612.752960205078,M-09,False,109.0,0,False,BKB,False,False,False,False,False,10031.0,False,False,False,NONE,False,Full Court,M077,False,0,0,True,0,False,"246 days, 20:34:27.194005",Active,M077-03-BASKETBALL-1
0,1237.8664855957031,Q-01,False,401.0,0,False,HDB,False,False,False,False,False,11102.0,False,True,False,NONE,False,Handball,Q066F,False,0,0,False,0,False,"142 days, 17:52:18.070923",Active,Q066F-HANDBALL-4
0,1142.9630279541016,X-04,False,204.0,0,False,HDB,False,False,False,False,False,10457.0,False,True,False,NONE,False,Handball,X008,False,0,0,False,0,False,"139 days, 21:52:31.043961",Active,X008-01-HANDBALL-4
0,1322.690887451172,Q-12,False,412.0,0,False,HDB,False,False,False,False,False,11433.0,False,True,False,NONE,False,Handball,Q051,False,0,0,False,0,False,"148 days, 7:42:56.893926",Active,Q051-HANDBALL-2
0,1664.0155792236328,Q-12,False,412.0,1,False,HDB,False,False,False,False,False,11434.0,False,True,False,NONE,False,Handball,Q448,False,0,0,False,0,False,"169 days, 12:48:43.831173",Active,Q448-99-HANDBALL-6
0,2963.687774658203,M-14,False,109.0,0,False,TNS,False,False,False,False,False,10024.0,False,False,True,NONE,False,Tennis,M071,False,0,0,False,0,False,"232 days, 6:40:14.865948",Active,M071-ZN17-TENNIS-10
0,2817.339889526367,Q-14,False,414.0,0,False,TNS,False,False,False,False,False,11692.0,False,False,False,NONE,False,Tennis,Q382,False,0,0,False,0,False,"228 days, 10:42:36.878881",Active,Q382-TENNIS-1
0,2834.138687133789,Q-12,False,412.0,0,False,TNS,False,False,False,False,False,11434.0,False,False,True,NONE,False,Tennis,Q413,False,0,0,False,0,False,"229 days, 13:04:58.237790",Active,Q413-TENNIS-1
0,2764.814498901367,B-01,False,301.0,0,False,TNS,False,False,False,False,False,11222.0,False,False,True,NONE,False,Tennis,B058,False,0,0,False,0,False,"226 days, 16:36:38.779720",Active,B058-ZN04-TENNIS-7
0,2120.915084838867,Q-14,False,414.0,0,False,HDB,False,False,False,False,False,11694.0,False,True,False,NONE,False,Handball,Q163,False,0,0,False,0,False,"188 days, 10:53:58.894112",Removed,Q163-ZN07A-HANDBALL-14
0,2400.3881225585938,B-08,False,308.0,0,False,BKB,False,False,False,False,False,11217.0,False,False,False,NONE,False,Full Court,B232,False,0,0,True,0,False,"200 days, 17:06:33.013263",Active,B232-BASKETBALL-1
0,2999.3733825683594,X-12,False,212.0,0,False,BKB,False,False,False,False,False,10467.0,False,False,False,NONE,False,Full Court,X161,False,0,0,True,0,False,"227 days, 2:11:09.443444",Active,X161-BASKETBALL-2
0,5692.698928833008,X-14,False,227.0,0,False,TNS,False,False,False,False,False,10462.0,False,False,False,NONE,False,,X002,False,0,0,False,0,False,"324 days, 10:32:35.976415",Inactive,X002-ZN01-TENNIS-4
0,1337.9566802978516,B-10,False,310.0,0,False,VLB,False,False,False,False,False,11220.0,False,False,False,NONE,False,Volleyball,B052,False,0,1,False,0,False,"155 days, 21:38:30.580316",Active,B052-03-VOLLEYBALL-1
0,2533.710876464844,B-02,False,302.0,0,False,BKB,False,False,False,False,False,11201.0,False,False,False,NONE,False,Full Court,B032,False,0,0,True,0,False,"204 days, 9:15:08.321830",Active,B032-ZN01-BASKETBALL-1
0,2760.159225463867,M-13,False,164.0,0,False,TNS,False,False,False,False,False,10024.0,False,False,True,NONE,False,Tennis,M010,False,0,0,False,0,False,"226 days, 21:23:15.316128",Active,M010-ZN34-TENNIS-8
0,4264.999786376953,R-01,False,501.0,0,False,BKB,False,False,False,False,False,10310.0,False,False,False,NONE,False,Full Court,R015,False,0,0,True,0,False,"271 days, 11:36:25.907309",Active,R015-BASKETBALL-2
0,62509.04444885254,Q-14,False,414.0,0,False,BSB,True,False,False,False,False,11691.0,False,False,False,NONE,False,"90ft base path, 200+ft fence",Q007,False,0,0,False,0,False,"920 days, 2:35:09.586009",Active,Q007-BASEBALL-1
0,20656.62678527832,M-09,False,109.0,0,False,SFB,False,False,False,False,False,10026.0,False,False,False,NONE,False,"45-60ft base path, less than 150ft fence",M056,False,0,0,False,0,False,"532 days, 6:35:35.009031",Active,M056-ZN01-BASEBALL-1
0,66580.75700378418,X-13,False,226.0,0,False,CRK,False,False,False,False,False,10471.0,False,False,False,NONE,False,60 ft Cricket Pitch,X092,False,0,0,False,0,False,"1023 days, 3:25:45.495739",Inactive,X092-ZN05-CRICKET-9
0,1025.9679870605469,X-11,False,211.0,0,False,HDB,False,False,False,False,False,10469.0,False,True,False,NONE,False,Handball,X157,False,0,0,False,0,False,"128 days, 19:01:01.315471",Active,X157-HANDBALL-1
0,37366.08226013184,Q-07,False,407.0,0,False,SCR,False,False,False,False,False,11354.0,False,False,False,NONE,False,45-146ft W x 75-294ft L,Q086,False,0,0,False,0,True,"840 days, 19:37:31.316369",Active,Q086-SOCCER-16
0,2760.1375122070312,Q-14,False,414.0,0,False,TNS,False,False,False,False,False,11691.0,False,False,True,NONE,False,Tennis,Q007,False,0,0,False,0,False,"227 days, 1:38:45.650593",Active,Q007-TENNIS-3
0,20996.735961914062,M-14,False,107.0,0,False,SFB,False,False,True,False,False,10024.0,False,False,False,NONE,False,"45-60ft base path, less than 150ft fence",M071,False,0,0,False,0,False,"526 days, 14:18:21.279052",Active,M071-ZN02-BASEBALL-2
0,1166.871337890625,B-03,False,303.0,0,False,HDB,False,False,False,False,False,11233.0,False,True,False,NONE,False,Handball,B258,False,0,0,False,0,False,"141 days, 0:19:58.783070",Active,B258-HANDBALL-4
0,3123.6644744873047,X-11,False,211.0,0,False,BKB,False,False,False,False,False,10462.0,False,False,False,NONE,False,Full Court,X178,False,0,0,True,0,False,"232 days, 10:01:36.176172",Active,X178-BASKETBALL-1
0,39606.21324157715,B-13,False,313.0,0,False,SFB,True,False,True,False,False,11214.0,False,False,False,NONE,False,"60ft base path, 150-200ft fence",B166C,False,0,0,False,0,False,"734 days, 21:20:01.614813",Active,B166C-ZN02-BASEBALL-2
0,3185.562698364258,B-16,False,316.0,0,False,TRK,False,False,False,False,False,11233.0,False,False,False,NONE,False,Jogging Path,B387,False,0,0,False,0,False,"773 days, 8:36:34.581574",Active,B387-TRACK-1
0,1212.728988647461,Q-12,False,412.0,0,False,HDB,False,False,False,False,False,11435.0,False,True,False,NONE,False,Handball,Q105,False,0,0,False,0,False,"146 days, 11:24:38.411777",Active,Q105-HANDBALL-1
0,1686.6945343017578,,False,414.0,0,False,BKB,False,False,False,False,False,11693.0,False,False,False,NONE,False,Half Court,Q467,False,0,0,False,0,False,"172 days, 1:37:51.980954",Active,Q467-BASKETBALL-4
0,1175.97412109375,X-06,False,206.0,0,False,HDB,False,False,False,False,False,10457.0,False,True,False,NONE,False,Handball,X010A,False,0,0,False,0,False,"140 days, 9:47:33.983975",Active,X010A-02-HANDBALL-1
0,2787.4515838623047,M-15,False,103.0,0,False,TNS,False,False,False,False,False,10002.0,False,False,True,NONE,False,Tennis,M144,False,0,0,False,0,False,"227 days, 7:29:01.069408",Active,M144-ZN03-TENNIS-7
0,2926.6710815429688,M-06,False,106.0,0,False,TNS,False,False,False,False,False,10010.0,False,False,True,NONE,False,Tennis,M227,False,0,0,False,0,False,"231 days, 22:39:03.384001",Active,M227-TENNIS-1
0,1361.2586975097656,X-02,False,202.0,0,False,HDB,False,False,False,False,False,10455.0,False,False,False,NONE,False,Handball,X247,False,0,0,False,0,False,"152 days, 1:49:49.556428",Inactive,X247-HANDBALL-1
0,2466.852279663086,X-09,False,209.0,0,False,BKB,False,False,False,False,False,10460.0,False,False,False,NONE,False,Full Court,X123,False,0,0,True,0,False,"202 days, 7:53:07.387376",Active,X123-BASKETBALL-1
0,1375.3840637207031,X-11,False,211.0,0,False,HDB,False,False,False,False,False,10461.0,False,True,False,NONE,False,Handball,X163,False,0,0,False,0,False,"151 days, 3:24:31.906654",Active,X163-HANDBALL-3
0,1180.0661926269531,M-12A,False,112.0,0,False,HDB,False,False,False,False,False,10032.0,False,True,False,NONE,False,Handball,M037,False,0,0,False,0,False,"141 days, 18:56:05.475249",Active,M037-01-HANDBALL-1
0,4334.045959472656,B-17,False,317.0,0,False,BKB,False,False,False,False,False,11203.0,False,False,False,NONE,False,Full Court,B234,False,0,0,True,0,False,"277 days, 12:21:52.426678",Active,B234-BASKETBALL-1
0,4181.985610961914,Q-12,False,412.0,0,False,BKB,False,False,False,False,False,11436.0,False,False,False,NONE,False,Full Court,Q220C,False,0,0,True,0,False,"267 days, 0:05:57.841664",Active,Q220C-03-BASKETBALL-2
0,2555.846694946289,X-05,False,205.0,0,False,BKB,False,False,False,False,False,10453.0,False,False,False,NONE,False,Full Court,X283,False,0,0,True,0,False,"205 days, 4:25:14.546243",Active,X283-BASKETBALL-1
0,2483.1353302001958,X-04,False,204.0,0,False,BKB,False,False,False,False,False,10456.0,False,False,False,NONE,False,Full Court,X219,False,0,0,True,0,False,"202 days, 15:42:42.050257",Active,X219-BASKETBALL-2
0,1092.8600158691406,Q-08,False,408.0,0,False,BKB,False,False,False,False,False,11365.0,False,False,False,NONE,False,Half Court,Q314,False,0,0,False,0,False,"132 days, 19:41:48.744358",Active,Q314-BASKETBALL-3
0,42987.38494873047,X-07,False,207.0,0,False,BSB,True,False,False,True,False,10458.0,False,False,False,NONE,False,"90ft base path, 200+ft fence",X033,False,0,0,False,0,False,"792 days, 2:52:19.836762",Active,X002-10-BASEBALL-1
0,662.5795440673828,X-11,False,211.0,0,False,HDB,False,False,False,False,False,10467.0,False,True,False,NONE,False,Handball,X087,False,0,0,False,0,False,"105 days, 21:41:07.416805",Active,X087-HANDBALL-1
0,1505.8702087402344,Q-14,False,414.0,0,False,BKB,False,False,False,False,False,11694.0,False,False,False,NONE,False,Half Court,Q389,False,0,0,False,0,False,"155 days, 17:49:00.881561",Active,Q389-BASKETBALL-9
0,1435.7018737792969,B-10,False,310.0,0,False,HDB,False,False,False,False,False,11228.0,False,True,False,NONE,False,Handball,B028,False,0,0,False,0,False,"152 days, 22:12:11.106649",Active,B028-ZN01-HANDBALL-8
0,28063.62159729004,Q-05,False,405.0,0,False,SFB,True,False,True,True,False,11378.0,False,False,False,NONE,False,"60ft base path, 150-200ft fence",Q131,False,0,0,False,0,False,"618 days, 7:11:36.621374",Removed,Q131-BASEBALL-4
0,1441.6086883544922,M-09,False,109.0,0,False,HDB,False,False,False,False,False,10031.0,False,True,False,NONE,False,Handball,M018,False,0,0,False,0,False,"152 days, 23:08:13.194909",Active,M018-HANDBALL-1
0,4007.997604370117,B-16,False,316.0,0,False,BKB,False,False,False,False,False,11212.0,False,False,False,NONE,False,Full Court,B249,False,0,0,True,0,False,"263 days, 15:40:17.800327",Active,B249-BASKETBALL-3
0,1821.1491394042969,R-02,False,502.0,0,False,BKB,False,False,False,False,False,10306.0,False,False,False,NONE,False,Half Court,R038,False,0,0,False,0,False,"172 days, 8:41:40.617304",Active,R038-BASKETBALL-1
0,3604.556594848633,X-09,False,209.0,0,False,BKB,False,False,False,False,False,10473.0,False,False,False,NONE,False,Full Court,X118,False,0,0,False,0,False,"249 days, 10:07:17.539483",Inactive,X118-02-BASKETBALL-3
0,9358.51838684082,B-18,False,318.0,1,False,SCR,False,False,False,False,False,11234.0,False,False,False,NONE,True,60 x 360ft rectangular,B166D,False,0,0,False,0,True,"414 days, 17:12:36.437004",Active,B166D-SOCCER-1
0,2752.5748596191406,Q-11,False,411.0,0,False,BKB,False,False,False,False,False,11364.0,False,True,False,NONE,False,Full Court,Q021C,False,0,0,True,0,False,"211 days, 21:29:27.634570",Active,Q021C-BASKETBALL-1
0,1918.4456176757808,X-09,False,209.0,0,False,BKB,False,False,False,False,False,10472.0,False,False,False,NONE,False,Half Court,X208,False,0,0,False,0,False,"176 days, 1:57:15.571802",Active,X208-BASKETBALL-4
0,1407.3797607421875,M-09,False,109.0,0,False,HDB,False,False,False,False,False,10031.0,False,True,False,NONE,False,Handball,M223,False,0,0,False,0,False,"152 days, 3:04:47.038048",Active,M223-HANDBALL-1
0,2781.398147583008,M-14,False,107.0,0,False,TNS,False,False,False,False,False,10024.0,False,False,True,NONE,False,Tennis,M071,False,0,0,False,0,False,"226 days, 21:40:35.689195",Active,M071-ZN23-TENNIS-5
0,2871.952194213867,B-05,False,305.0,0,False,TNS,False,False,False,False,False,11207.0,False,False,True,NONE,False,Tennis,B214,False,0,0,False,0,False,"230 days, 22:41:28.895935",Active,B214-01-TENNIS-5
0,1469.339813232422,B-01,False,301.0,0,False,HDB,False,False,False,False,False,11222.0,False,False,False,NONE,False,Handball,B096,False,0,0,False,0,False,"154 days, 1:57:45.375373",Active,B096-HANDBALL-2
0,4976.400527954102,Q-01,False,401.0,0,False,BKB,False,False,False,False,False,11102.0,False,False,False,NONE,False,Full Court,Q066B,False,0,0,True,0,False,"287 days, 1:50:20.950076",Active,Q066B-BASKETBALL-1
0,3578.200454711914,X-15,False,228.0,0,False,BKB,False,False,False,False,False,10464.0,False,False,False,NONE,False,Full Court,X039,False,0,0,True,0,False,"244 days, 12:35:54.710249",Active,X039-ZN17-BASKETBALL-5
0,28183.704544067383,Q-08,False,408.0,0,False,SFB,True,False,True,False,False,11365.0,False,False,False,NONE,False,"45-60ft base path, less than 150ft fence",Q342,False,0,0,False,0,False,"651 days, 15:33:29.080746",Active,Q342-BASEBALL-1
0,785.3781433105469,R-02,False,595.0,0,False,HDB,False,False,False,False,False,10306.0,False,True,False,NONE,False,Handball,R046,False,0,0,False,0,False,"114 days, 19:20:14.397719",Active,R046-07-HANDBALL-3
0,7385.791244506836,M-06,False,106.0,0,False,SFB,True,False,True,False,False,10016.0,False,False,False,NONE,False,"60ft base path, 150-200ft fence",M076,False,0,0,False,0,False,"314 days, 17:55:27.413695",Active,M076-BASEBALL-1
0,13112.720291137695,Q-13,False,413.0,0,False,HKY,False,False,False,False,False,11426.0,False,False,False,NONE,False,Hockey,Q134,False,0,0,False,0,False,"472 days, 12:52:52.595421",Active,Q134-HOCKEY-1
0,1290.4481658935547,B-16,False,316.0,0,False,HDB,False,False,False,False,False,11212.0,False,True,False,NONE,False,Handball,B396,False,0,0,False,0,False,"148 days, 9:16:58.263743",Active,B396-HANDBALL-5
0,1488.987289428711,B-18,False,318.0,0,False,HDB,False,False,False,False,False,11234.0,False,False,False,NONE,False,Handball,B236,False,0,0,False,0,False,"156 days, 0:02:16.975006",Inactive,B236-HANDBALL-3
0,2650.5713653564453,Q-01,False,401.0,0,False,TNS,False,False,False,False,False,11105.0,False,False,True,NONE,False,Tennis,Q004,False,0,0,False,0,False,"222 days, 10:52:50.779506",Active,Q004-ZN04-TENNIS-11
0,4356.512451171875,B-18,False,318.0,0,False,BKB,False,False,False,False,False,11229.0,False,False,False,NONE,False,Full Court,B057,False,0,0,True,0,False,"272 days, 20:31:39.854625",Active,B057-ZN01-BASKETBALL-2
0,1097.5678253173828,B-01,False,301.0,0,False,HDB,False,False,False,False,False,11211.0,False,True,False,NONE,False,Handball,,False,0,0,False,0,False,"136 days, 19:51:30.437440",Active,B223P01-HANDBALL-4
0,1200.3467559814453,B-13,False,313.0,0,False,BKB,False,False,False,False,False,11224.0,False,False,False,NONE,False,Half Court,B268,False,0,0,False,0,False,"139 days, 1:59:19.162311",Inactive,B268-BASKETBALL-2
0,1478.3174438476562,Q-05,False,405.0,0,False,HDB,False,False,False,False,False,11385.0,False,True,False,NONE,False,Handball,Q305,False,0,0,False,0,False,"154 days, 5:31:12.781944",Active,Q305-HANDBALL-3
0,2608.166259765625,M-12A,False,112.0,0,False,BKB,False,False,False,False,False,10032.0,False,False,False,NONE,False,Full Court,M037,False,0,0,True,0,False,"208 days, 15:06:02.601541",Active,M037-01-BASKETBALL-3
0,4178.390167236328,Q-13,False,413.0,0,False,BKB,False,False,False,False,False,11411.0,False,False,False,NONE,False,Full Court,Q307,False,0,0,True,0,False,"266 days, 18:33:02.631750",Active,Q307-BASKETBALL-1
0,1634.6236877441406,B-08,False,308.0,0,False,HDB,False,False,False,False,False,11238.0,False,False,False,NONE,False,Handball,B350,False,0,0,False,0,False,"163 days, 18:01:07.146949",Active,B350-HANDBALL-1
0,1075.772979736328,Q-12,False,412.0,0,False,HDB,False,False,False,False,False,11413.0,False,True,False,NONE,False,Handball,Q330,False,0,0,False,0,False,"134 days, 17:33:26.808657",Active,Q330-HANDBALL-2
0,1269.6385803222656,B-18,False,318.0,0,False,HDB,False,False,False,False,False,11234.0,False,True,False,NONE,False,Handball,B291,False,0,0,False,0,False,"144 days, 2:41:10.498151",Active,B291-HANDBALL-1
0,2757.855239868164,M-11,False,111.0,0,False,TNS,False,False,False,False,False,10035.0,False,False,True,NONE,True,Tennis,M104,False,0,0,False,0,False,"225 days, 22:55:26.406425",Active,M104-ZN02-TENNIS-14
0,986.7116394042968,R-02,False,502.0,0,False,HDB,False,False,False,False,False,10306.0,False,True,False,NONE,True,Handball,R067,False,0,0,False,0,False,"127 days, 15:27:42.952061",Removed,R067-HANDBALL-4
0,51159.65824890137,X-13,False,226.0,0,False,SFB,True,False,False,False,False,10471.0,False,False,False,NONE,False,"60ft base path, 150-200ft fence",X092,False,0,0,False,0,False,"848 days, 13:10:38.573129",Active,X092-ZN06-BASEBALL-1
0,75914.27655029297,M-11,False,111.0,0,False,BSB,True,False,False,True,False,10035.0,False,False,False,NONE,False,"60ft base path, 150-200ft fence",M104,False,0,0,False,0,False,"1092 days, 5:34:14.377268",Active,M104-ZN02-BASEBALL-21
0,4076.622039794922,M-11,False,111.0,0,False,BKB,False,False,False,False,False,10029.0,False,False,False,NONE,False,Full Court,M047,False,0,0,True,0,False,"265 days, 10:27:06.737922",Active,M047-03-BASKETBALL-2
0,1301.5838165283203,Q-08,False,408.0,0,False,HDB,False,False,False,False,False,11435.0,False,True,False,NONE,False,Handball,Q220G,False,0,0,False,0,False,"148 days, 22:10:36.995077",Active,Q220G-HANDBALL-1
0,1064.4392700195312,Q-04,False,404.0,0,False,HDB,False,False,False,False,False,11373.0,False,True,False,NONE,False,Handball,Q360N,False,0,0,False,0,False,"132 days, 21:27:49.928529",Active,Q360N-HANDBALL-3
0,29341.794631958008,M-14,False,107.0,0,False,SCR,False,False,False,False,False,10024.0,False,False,False,NONE,False,45-146ft W x 75-294ft L,M071,False,0,0,False,0,True,"703 days, 22:29:01.845188",Active,M071-ZN19-SOCCER-1
0,1430.4587097167969,Q-12,False,412.0,0,False,HDB,False,False,False,False,False,11434.0,False,True,False,NONE,False,Handball,Q005,False,0,0,False,0,False,"162 days, 15:03:32.583067",Active,Q005-06-HANDBALL-3
0,4196.975845336914,Q-11,False,411.0,0,False,BKB,False,False,False,False,False,11364.0,False,False,False,NONE,False,Full Court,Q001,False,0,0,True,0,False,"266 days, 1:14:49.573602",Active,Q001-04-BASKETBALL-1
0,994.3792114257812,Q-08,False,408.0,0,False,BKB,False,False,False,False,False,11365.0,False,False,False,NONE,False,Half Court,Q314,False,0,0,False,0,False,"127 days, 3:10:25.615992",Active,Q314-BASKETBALL-6
0,2811.7588958740234,B-10,False,310.0,0,False,TNS,False,False,False,False,False,11228.0,False,False,True,NONE,False,Tennis,B060,False,0,0,False,0,False,"227 days, 13:10:06.355496",Active,B092-TENNIS-6
0,3772.421920776367,B-14,False,314.0,0,False,TNS,False,False,False,False,False,11226.0,False,False,True,NONE,False,Tennis,B068,False,0,0,False,0,False,"272 days, 19:34:02.034666",Active,B073-ZN27-TENNIS-8
0,4118.970642089844,B-02,False,302.0,0,False,BKB,False,False,False,False,False,11201.0,False,False,False,NONE,False,Full Court,B431,False,0,0,False,0,False,"269 days, 3:39:18.644321",Inactive,B431-BASKETBALL-5
0,40199.1114654541,X-14,False,227.0,0,False,FTB,False,False,False,False,False,10462.0,False,False,False,NONE,False,147-295ft W x 295-393ft L,X002,False,0,0,False,0,False,"853 days, 17:23:02.309443",Inactive,X002-ZN01-FOOTBALL-1
0,4155.3931884765625,X-05,False,205.0,0,False,BKB,False,False,False,False,False,10458.0,False,False,False,NONE,False,Full Court,X085,False,0,0,True,0,False,"266 days, 9:00:28.810571",Active,X085-BASKETBALL-1
0,2875.2665252685547,R-01,False,501.0,0,False,TNS,False,False,False,False,False,10301.0,False,False,True,NONE,False,Tennis,R022,False,0,0,False,0,False,"230 days, 3:06:17.726003",Active,R022-04-TENNIS-3
0,1487.9198760986328,Q-11,False,411.0,0,False,HDB,False,False,False,False,False,11364.0,False,True,False,NONE,False,Handball,Q400,False,0,0,False,0,False,"157 days, 16:18:51.572258",Active,Q400-HANDBALL-2
0,1105.2540893554688,X-15,False,228.0,0,False,HDB,False,False,False,False,False,10464.0,False,True,False,NONE,False,Handball,X039,False,0,0,False,0,False,"137 days, 6:04:09.632911",Active,X039-ZN17-HANDBALL-15
0,2757.855255126953,M-11,False,111.0,0,False,TNS,False,False,False,False,False,10035.0,False,False,True,NONE,True,Tennis,M104,False,0,0,False,0,False,"225 days, 22:55:26.405999",Active,M104-ZN02-TENNIS-16
0,3715.0680541992183,B-18,False,318.0,0,False,BKB,False,False,False,False,False,11207.0,False,False,False,NONE,False,Full Court,B247,False,0,0,True,0,False,"249 days, 9:11:36.088685",Active,B247-01-BASKETBALL-2
0,1281.9015502929688,M-07,False,107.0,0,False,HDB,False,False,False,False,False,10023.0,False,True,False,NONE,False,Handball,M233,False,0,0,False,0,False,"146 days, 4:14:09.685587",Active,M233-HANDBALL-2
0,4083.820236206055,Q-13,False,413.0,0,False,BKB,False,False,False,False,False,11427.0,False,False,False,NONE,False,Full Court,Q322,False,0,0,True,0,False,"261 days, 19:55:37.662982",Active,Q322-BASKETBALL-1
0,1068.34130859375,Q-04,False,404.0,0,False,HDB,False,False,False,False,False,11373.0,False,True,False,NONE,False,Handball,Q360N,False,0,0,False,0,False,"132 days, 20:02:27.875801",Active,Q360N-HANDBALL-1
0,1028.5413208007812,R-02,False,595.0,0,False,BOC,False,False,False,False,True,10305.0,False,False,False,NONE,False,Bocce,R046,False,0,0,False,0,False,"190 days, 15:01:40.707655",Active,R046-ZN01-BOCCE-2
0,3036.5533142089844,Q-11,False,411.0,0,False,BKB,False,False,False,False,False,11364.0,False,False,False,NONE,False,Half Court,Q349,False,0,0,False,0,False,"235 days, 13:40:47.099205",Inactive,Q349-BASKETBALL-2
0,2234.320083618164,M-14,False,107.0,0,False,VLB,False,False,False,False,False,10024.0,False,False,False,NONE,False,Volleyball,M071,False,0,1,False,0,False,"206 days, 14:28:50.981770",Active,M071-18-VOLLEYBALL-1
0,3719.796798706055,R-02,False,595.0,0,False,BKB,False,False,False,False,False,10306.0,False,False,False,NONE,False,Full Court,R046,False,0,0,True,0,False,"248 days, 22:39:42.228277",Active,R046-07-BASKETBALL-1
0,1346.7147521972656,M-10,False,110.0,0,False,HDB,False,False,False,False,False,10026.0,False,False,False,NONE,False,Handball,M198,False,0,0,False,0,False,"148 days, 15:55:57.764401",Active,M198-HANDBALL-4
0,14681.853973388672,B-18,False,318.0,0,False,SCR,False,False,False,False,False,11234.0,False,False,False,NONE,False,60 x 360ft rectangular,B057,False,0,0,False,0,False,"498 days, 19:30:27.081596",Inactive,B057-ZN07-SOCCER-2
0,38208.91928100586,R-02,False,502.0,0,False,BSB,True,False,False,True,False,10306.0,False,False,False,NONE,False,"90ft base path, 200+ft fence",R038A,False,0,0,False,0,False,"741 days, 12:14:30.945750",Active,R038A-BASEBALL-2
0,4254.967849731445,X-09,False,209.0,0,False,BKB,False,False,False,False,False,10472.0,False,False,False,NONE,False,Full Court,X124,False,0,0,True,0,False,"269 days, 18:35:06.351578",Active,X124-BASKETBALL-4
0,1199.4161529541016,B-08,False,308.0,0,False,HDB,False,False,False,False,False,11213.0,False,True,False,NONE,False,Handball,B054,False,0,0,False,0,False,"143 days, 23:27:11.861596",Active,B054-ZN01-HANDBALL-1
0,1243.1911315917969,M-03,False,103.0,0,False,HDB,False,False,False,False,False,10003.0,False,True,False,NONE,False,Handball,M124,False,0,0,False,0,False,"143 days, 10:01:15.657374",Active,M124-HANDBALL-4
0,13297.119735717772,B-03,False,303.0,0,False,MPPA,False,False,False,False,False,11221.0,False,False,False,NONE,False,45-146ft W x 75-294ft L,B269,True,0,0,False,0,True,"435 days, 22:20:41.528616",Active,B269-MPPA-1
0,50016.61279296875,X-13,False,226.0,0,False,CRK,False,False,False,False,False,10471.0,False,False,False,NONE,False,60 ft Cricket Pitch,X092,False,0,0,False,0,False,"839 days, 5:20:53.899848",Removed,X092-ZN07-CRICKET-1
0,811.304443359375,B-03,False,303.0,1,False,HDB,False,False,False,False,False,11233.0,False,True,False,NONE,False,Handball,B294,False,0,0,False,0,False,"115 days, 18:52:26.252308",Active,B294-HANDBALL-2
0,97155.59191894533,Q-08,False,408.0,0,False,SFB,True,False,True,False,False,11423.0,False,False,False,NONE,False,"60ft base path, 150-200ft fence",Q021,False,0,0,False,0,False,"1201 days, 9:37:05.158859",Active,Q021-ZN02-BASEBALL-5
0,2803.304336547852,B-01,False,301.0,0,False,TNS,False,False,False,False,False,11222.0,False,False,True,NONE,False,Tennis,B058,False,0,0,False,0,False,"227 days, 15:36:58.928219",Active,B058-ZN04-TENNIS-3
0,1136.5216827392578,Q-11,False,411.0,0,False,HDB,False,False,False,False,False,11364.0,False,True,False,NONE,False,Handball,Q001,False,0,0,False,0,False,"140 days, 10:22:12.830493",Active,Q001-01-HANDBALL-4
0,4365.607177734375,B-18,False,318.0,0,False,BKB,False,False,False,False,False,11229.0,False,False,False,NONE,False,Full Court,B057,False,0,0,True,0,False,"273 days, 0:14:25.373695",Active,B057-ZN01-BASKETBALL-3
0,1710.7366790771484,Q-14,False,414.0,0,False,HDB,False,False,False,False,False,11694.0,False,True,False,NONE,False,Handball,Q163,False,0,0,False,0,False,"173 days, 10:21:10.988387",Removed,Q163-ZN07A-HANDBALL-12
0,948.5320739746094,M-06,False,106.0,0,False,VLB,False,False,False,False,False,10010.0,False,False,False,NONE,False,Volleyball,M164,False,0,0,False,0,False,"131 days, 22:39:02.428715",Active,M164-VOLLEYBALL-1
0,12034.768432617188,Q-05,False,405.0,0,False,HKY,False,False,False,False,False,11379.0,False,False,False,NONE,False,45-146ft W x 75-294ft L,Q102,False,0,0,False,0,False,"453 days, 4:34:26.634015",Inactive,Q102-02-HOCKEY-1
0,24993.0517578125,Q-08,False,408.0,0,False,SFB,True,False,True,False,False,11364.0,False,False,False,NONE,False,"60ft base path, 150-200ft fence",Q021,False,0,0,False,0,False,"576 days, 19:32:44.206326",Active,Q021-ZN03-BASEBALL-2
0,63331.99447631836,Q-07,False,407.0,0,False,SFB,True,False,True,False,False,11365.0,False,False,False,NONE,False,"60ft base path, 150-200ft fence",Q024,False,0,0,False,0,False,"986 days, 19:00:18.941822",Active,Q024-ZN03-BASEBALL-2
0,30815.79093933105,Q-12,False,412.0,0,False,FTB,False,False,False,False,False,11434.0,False,False,False,NONE,False,45-146ft W x 75-294ft L,Q413,False,0,0,False,0,False,"772 days, 20:48:03.112838",Active,Q413-FOOTBALL-1
0,1526.5703582763672,Q-16,False,482.0,0,False,HDB,False,False,False,False,False,11415.0,False,True,False,NONE,False,Handball,Q015,False,0,0,False,0,False,"158 days, 12:29:13.473165",Active,Q015-02-HANDBALL-1
0,37219.4826965332,M-12,False,112.0,0,False,SCR,False,False,False,False,False,10032.0,False,False,False,NONE,False,147-295ft W x 295-393ft L,M028,False,0,0,False,0,True,"837 days, 19:45:17.412200",Active,M028-ZN01-SOCCER-1
0,1452.2320251464844,B-13,False,313.0,0,False,HDB,False,False,False,False,False,11224.0,False,True,False,NONE,False,Handball,B129,False,0,0,False,0,False,"155 days, 7:19:33.052515",Active,B129-ZN01-HANDBALL-5
0,1265.695327758789,Q-12,False,412.0,0,False,HDB,False,False,False,False,False,11434.0,False,True,False,NONE,False,Handball,Q005,False,0,0,False,0,False,"144 days, 6:56:00.695394",Active,Q005-05-HANDBALL-3
0,22765.80029296875,M-12,False,112.0,0,False,SFB,True,False,True,False,False,10032.0,False,False,False,NONE,False,"60ft base path, 150-200ft fence",M028,False,0,0,False,0,False,"555 days, 19:31:47.546761",Active,M028-ZN01-SOFTBALL-2
0,1195.5126037597656,Q-10,False,410.0,0,False,HDB,False,False,False,False,False,11420.0,False,True,False,NONE,False,Handball,Q119,False,0,0,False,0,False,"143 days, 14:46:08.270880",Active,Q119-HANDBALL-4
0,1043.934600830078,Q-08,False,408.0,0,False,HDB,False,False,False,False,False,11432.0,False,True,False,NONE,False,Handball,Q391,False,0,0,False,0,False,"131 days, 12:32:41.696087",Active,Q391-HANDBALL-5
0,2783.6576385498047,Q-15,False,481.0,0,False,TNS,False,False,False,False,False,11368.0,False,False,True,NONE,False,Tennis,Q099,False,0,0,False,0,False,"227 days, 6:44:13.718753",Active,Q099-ZN10-TENNIS-5
0,4010.922607421875,Q-12,False,412.0,0,False,BKB,False,False,False,False,False,11434.0,False,False,False,NONE,True,Full Court,Q005,False,0,0,True,0,False,"263 days, 4:30:07.059753",Active,Q005-11-BASKETBALL-2
1,28830.60647583008,B-01,False,301.0,0,True,MPPA,False,False,False,False,False,11222.0,False,False,True,AFB,False,147-295ft W x 295-393ft L,B346,True,0,1,False,0,True,"765 days, 4:23:40.146955",Active,B346-BASEBALL-1
0,985.8007202148438,Q-16,False,482.0,0,False,HDB,False,False,False,False,False,11421.0,False,False,False,NONE,False,Handball,Q015,False,0,0,False,0,False,"126 days, 7:50:32.336327",Active,Q015-ZN04-HANDBALL-12
0,2094.529891967773,Q-07,False,407.0,0,False,BKB,False,False,False,False,False,11356.0,False,False,False,NONE,False,Half Court,Q457,False,0,0,False,0,False,"183 days, 18:40:12.951574",Active,Q475-BASKETBALL-1
0,19071.19886779785,Q-13,False,413.0,0,False,FTB,False,False,False,False,False,11004.0,False,False,False,NONE,False,,Q310,False,0,0,False,0,False,"562 days, 12:05:14.629798",Inactive,Q310-FOOTBALL-1
0,1533.398910522461,M-11,False,111.0,0,False,HDB,False,False,False,False,False,10029.0,False,True,False,NONE,False,Handball,M230,False,0,0,False,0,False,"158 days, 15:54:13.563525",Active,M230-HANDBALL-2
0,1610.5474090576172,B-05,False,305.0,0,False,BKB,False,False,False,False,False,11208.0,False,False,False,NONE,False,Half Court,B149B,False,0,0,False,0,False,"160 days, 19:37:05.245952",Inactive,B149B-BASKETBALL-4
0,2426.778106689453,Q-07,False,407.0,0,False,BKB,False,False,False,False,False,11357.0,False,False,False,NONE,True,Half Court,Q390,False,0,0,True,0,False,"201 days, 4:45:34.905393",Active,Q390-BASKETBALL-5
0,57179.57954406738,Q-16,False,482.0,0,False,FTB,False,False,False,False,False,11421.0,False,False,False,NONE,False,160 x 360ft rectangular,,True,0,0,False,0,True,"1036 days, 5:25:40.673205",Inactive,Q015-ZN04-FOOTBALL-1
0,1295.917022705078,B-13,False,313.0,0,False,HDB,False,False,False,False,False,11224.0,False,True,False,NONE,False,Handball,B129,False,0,0,False,0,False,"146 days, 12:37:40.782550",Active,B129-ZN01-HANDBALL-12
0,1292.4172973632812,B-17,False,317.0,0,False,HDB,False,False,False,False,False,11210.0,False,True,False,NONE,False,Handball,B250,False,0,0,False,0,False,"146 days, 20:10:18.879190",Active,B250-HANDBALL-6
0,2864.193069458008,Q-06,False,406.0,0,False,BKB,False,False,False,False,False,11375.0,False,False,False,NONE,False,Full Court,Q099,False,0,0,True,0,False,"218 days, 11:07:42.276707",Active,Q099-01-BASKETBALL-1
0,1320.0926208496094,X-01,False,201.0,0,False,HDB,False,False,False,False,False,10451.0,False,True,False,NONE,False,Handball,X155,False,0,0,False,0,False,"147 days, 19:33:32.804826",Active,X155-HANDBALL-2
0,49186.93141174317,B-05,False,305.0,0,False,BSB,False,False,True,False,False,11208.0,False,False,False,NONE,False,"90ft base path, 200+ft fence",B103,False,0,0,False,0,False,"814 days, 17:00:57.515318",Active,B103-BASEBALL-1
0,1436.0313873291016,Q-12,False,412.0,0,False,HDB,False,False,False,False,False,11434.0,False,True,False,NONE,False,Handball,Q005,False,0,0,False,0,False,"162 days, 0:42:02.995942",Active,Q005-06-HANDBALL-4
0,49957.370178222656,Q-15,False,481.0,0,False,CRK,False,False,False,False,False,11368.0,False,False,False,NONE,False,60 ft Cricket Pitch,Q099,False,0,0,False,0,False,"839 days, 4:47:56.825180",Active,Q099-ZN07-CRICKET-2
0,462.52484130859375,M-09,False,109.0,0,False,BKB,False,False,False,False,False,10031.0,False,False,False,NONE,False,Half Court,M018,False,0,0,True,0,False,"86 days, 0:42:28.679173",Inactive,M018-BASKETBALL-8
0,1625.2227020263672,B-01,False,301.0,0,False,BKB,False,False,False,False,False,11211.0,False,False,False,NONE,False,Half Court,B025,False,0,0,False,0,False,"161 days, 7:35:42.071443",Inactive,B025-BASKETBALL-1
0,2992.161117553711,B-01,False,301.0,0,False,TNS,False,False,False,False,False,11206.0,False,False,True,NONE,False,Tennis,B358,False,0,0,False,0,False,"232 days, 21:40:04.519925",Active,B358-TENNIS-2
0,57651.95207214356,M-11,False,111.0,1,False,SCR,False,False,False,False,False,10035.0,False,False,False,NONE,False,147-295ft W x 295-393ft L,M104,False,0,0,False,0,True,"982 days, 10:50:51.369442",Active,M107-ZN08-SOCCER-1
0,4231.913131713867,R-01,False,501.0,0,False,BKB,False,False,False,False,False,10301.0,False,False,False,NONE,False,Full Court,R005,False,0,0,True,0,False,"267 days, 21:03:50.750380",Active,R005-ZN01-BASKETBALL-3
0,1391.1536102294922,Q-13,False,413.0,0,False,HDB,False,False,False,False,False,11411.0,False,True,False,NONE,False,Handball,Q404,False,0,0,False,0,False,"151 days, 8:46:51.476266",Active,Q404-HANDBALL-2
0,987.5599212646484,X-02,False,202.0,0,False,BKB,False,False,False,False,False,10459.0,False,False,False,NONE,False,Half Court,X164,False,0,0,False,0,False,"126 days, 9:41:51.125744",Active,X164-BASKETBALL-2
0,1004.8182983398438,R-01,False,501.0,0,False,BOC,False,False,False,False,True,10302.0,False,False,False,NONE,False,Bocce,R076,False,0,0,False,0,False,"183 days, 13:09:11.009211",Active,R076-BOCCE-1
0,1135.2185363769531,Q-14,False,414.0,0,False,BKB,False,False,False,False,False,11694.0,False,False,False,NONE,False,Half Court,Q422,False,0,0,False,0,False,"134 days, 18:42:12.039917",Active,Q422-BASKETBALL-2
0,4176.921127319336,Q-08,False,408.0,0,False,BKB,False,False,False,False,False,11367.0,False,False,False,NONE,False,Full Court,Q376,False,0,0,True,0,False,"267 days, 3:46:01.058529",Active,Q376-BASKETBALL-1
0,701.0974731445312,Q-12,False,412.0,0,False,BKB,False,False,False,False,False,11434.0,False,False,False,NONE,False,Half Court,Q005,False,0,0,False,0,False,"106 days, 14:56:34.481905",Active,Q005-05-BASKETBALL-5
0,1258.2076873779297,M-03,False,103.0,0,False,HDB,False,False,False,False,False,10002.0,False,False,False,NONE,False,,M065,False,0,0,False,0,False,"142 days, 13:43:33.082563",Inactive,M065-HANDBALL-2
0,3408.7579040527344,Q-11,False,411.0,0,False,BKB,False,False,False,False,False,11364.0,False,False,False,NONE,False,Full Court,Q400,False,0,0,True,0,False,"240 days, 7:28:34.591854",Active,Q400-BASKETBALL-1
0,3710.2164916992183,Q-16,False,405.0,0,False,BKB,False,False,False,False,False,11385.0,False,False,False,NONE,False,Full Court,Q015,False,0,0,True,0,False,"248 days, 9:07:40.226999",Active,Q015-08-BASKETBALL-2
0,4273.461822509766,Q-09,False,409.0,0,False,BKB,False,False,False,False,False,11419.0,False,False,False,NONE,False,Full Court,Q129,False,0,0,True,0,False,"270 days, 3:48:48.529832",Active,Q129-BASKETBALL-2
0,3628.1051635742183,Q-01,False,401.0,0,False,BKB,False,False,False,False,False,11105.0,False,False,False,NONE,True,Full Court,Q332,False,0,0,True,0,False,"246 days, 16:48:06.681200",Active,Q332-BASKETBALL-2
0,1222.663345336914,Q-07,False,407.0,0,False,HDB,False,False,False,False,False,11354.0,False,True,False,NONE,False,Handball,Q086,False,0,0,False,0,False,"145 days, 7:20:50.054306",Active,Q086-01-HANDBALL-6
0,2787.0701904296875,Q-11,False,411.0,0,False,TNS,False,False,False,False,False,11361.0,False,False,True,NONE,False,Tennis,Q364,False,0,0,False,0,False,"229 days, 5:31:22.078193",Inactive,Q364-TENNIS-3
0,3180.724609375,X-08,False,208.0,0,False,BKB,False,False,False,False,False,10468.0,False,False,False,NONE,False,Full Court,X038,False,0,0,True,0,False,"234 days, 16:08:23.056882",Active,X038-02-BASKETBALL-2
0,2782.3474884033203,X-15,False,228.0,0,False,TNS,False,False,False,False,False,10465.0,False,False,True,NONE,False,Tennis,X039,False,0,0,False,0,False,"226 days, 21:55:31.088225",Active,X039-ZN01-TENNIS-3
0,2757.833633422852,M-11,False,111.0,0,False,TNS,False,False,False,False,False,10035.0,False,False,True,NONE,False,Tennis,M104,False,0,0,False,0,False,"225 days, 22:54:38.054098",Active,M104-ZN02-TENNIS-20
0,2733.9220123291016,Q-13,False,413.0,1,False,TNS,False,False,False,False,False,11426.0,False,False,True,NONE,False,Tennis,Q001A,False,0,0,False,0,False,"225 days, 10:45:27.064361",Active,Q001-ZN01-TENNIS-6
0,2051.477020263672,M-11,False,111.0,0,False,HDB,False,False,False,False,False,10035.0,False,False,False,NONE,False,Handball,M225,False,0,0,False,0,False,"191 days, 10:19:46.776998",Removed,M225-HANDBALL-3
0,1118.760711669922,B-02,False,302.0,0,False,HDB,False,False,False,False,False,11201.0,False,False,False,NONE,False,Handball,B243,False,0,0,False,0,False,"137 days, 5:41:00.833502",Inactive,B243-HANDBALL-3
0,1134.2068634033203,M-03,False,103.0,0,False,HDB,False,False,False,False,False,10002.0,False,True,False,NONE,False,Handball,M033,False,0,0,False,0,False,"139 days, 13:34:01.340365",Active,M033-HANDBALL-5
0,15399.606994628906,X-09,False,209.0,0,False,HKY,False,False,False,False,False,10473.0,False,False,False,NONE,False,Unknown,X118,False,0,0,False,0,False,"547 days, 7:52:36.234301",Inactive,X118-ZN03-HOCKEY-1
0,1738.2755737304688,B-17,False,317.0,0,False,HDB,False,False,False,False,False,11203.0,False,True,False,NONE,False,Handball,B285,False,0,0,False,0,False,"167 days, 5:36:49.117253",Active,B285-HANDBALL-2
0,2803.995574951172,Q-11,False,411.0,0,False,TNS,False,False,False,False,False,11361.0,False,False,True,NONE,False,Tennis,Q012,False,0,0,False,0,False,"227 days, 4:30:26.603707",Active,Q012-ZN03-TENNIS-4
0,30925.313552856445,B-02,False,302.0,0,True,SFB,True,False,True,False,False,11201.0,False,False,False,NONE,False,"60ft base path, 150-200ft fence",B021,False,0,0,False,0,False,"658 days, 21:50:40.442586",Active,B021-BASEBALL-2
0,3339.057891845703,X-12,False,212.0,0,False,BKB,False,False,False,False,False,10470.0,False,False,False,NONE,False,Full Court,X188,False,0,0,True,0,False,"236 days, 2:17:19.469442",Active,X188-BASKETBALL-1
0,1053.4293518066406,Q-11,False,411.0,0,False,BKB,False,False,False,False,False,11364.0,False,False,False,NONE,False,Half Court,Q317,False,0,0,False,0,False,"130 days, 17:27:40.967989",Active,Q317-BASKETBALL-4
0,1767.3422088623047,X-01,False,201.0,0,False,BKB,False,False,False,False,False,10454.0,False,False,False,NONE,False,Half Court,X238,False,0,0,True,0,False,"169 days, 23:56:32.062734",Active,X238-BASKETBALL-3
0,1397.7008361816406,Q-11,False,411.0,0,False,HDB,False,False,False,False,False,11362.0,False,True,False,NONE,False,Handball,Q369,False,0,0,False,0,False,"150 days, 20:49:53.252024",Active,Q369-HANDBALL-1
0,3365.507278442383,X-01,False,201.0,0,False,TRK,False,False,False,False,False,10454.0,False,False,False,NONE,False,Track,X217,False,0,0,False,0,False,"855 days, 6:58:39.324090",Active,X217-TRACK-1
0,1085.5031280517578,B-13,False,313.0,0,False,BOC,False,False,False,False,True,11214.0,False,False,False,NONE,False,Bocce,B125,False,0,0,False,0,False,"192 days, 22:46:20.580870",Active,B125-01-BOCCE-1
0,43865.08952331543,M-11,False,111.0,0,False,BSB,False,True,False,False,False,10035.0,True,False,False,NONE,False,45-146ft W x 75-294ft L,M104,True,0,0,False,0,True,"786 days, 10:10:15.682950",Inactive,M104-ZN01-BASEBALL-2
0,2875.2782440185547,R-01,False,501.0,0,False,TNS,False,False,False,False,False,10301.0,False,False,True,NONE,False,Tennis,R022,False,0,0,False,0,False,"230 days, 3:06:40.954691",Active,R022-04-TENNIS-1
0,1880.822052001953,B-08,False,308.0,0,False,HDB,False,False,False,False,False,11217.0,False,False,False,NONE,False,Handball,B232,False,0,0,False,0,False,"177 days, 23:24:37.433357",Inactive,B232-HANDBALL-3
0,2843.3463745117188,Q-12,False,412.0,0,False,TNS,False,False,False,False,False,11433.0,False,False,True,NONE,False,Tennis,Q051,False,0,0,False,0,False,"229 days, 7:56:49.352086",Active,Q051-TENNIS-1
0,1587.0838317871094,Q-12,False,412.0,0,False,HDB,False,False,False,False,False,11434.0,False,True,False,NONE,False,Handball,Q427,False,0,0,False,0,False,"160 days, 9:58:31.765637",Active,Q427-HANDBALL-1
0,1058.5804290771484,Q-05,False,405.0,0,False,HDB,False,False,False,False,False,11385.0,False,True,False,NONE,False,Handball,Q002,False,0,0,False,0,False,"132 days, 12:58:11.175429",Active,Q002-HANDBALL-1
0,23658.55160522461,M-11,False,111.0,0,False,SCR,False,False,False,False,False,10029.0,False,False,False,NONE,False,45-146ft W x 75-294ft L,M047,False,0,0,False,0,True,"615 days, 6:14:17.807202",Active,M047-SOCCER-2
0,3758.864990234375,Q-12,False,412.0,0,False,BKB,False,False,False,False,False,11433.0,False,False,False,NONE,False,Full Court,Q051,False,0,0,True,0,False,"252 days, 0:40:31.981209",Active,Q051-BASKETBALL-1
0,23196.59019470215,Q-02,False,402.0,0,False,SFB,True,False,True,True,False,11101.0,False,False,False,NONE,False,"60ft base path, 150-200ft fence",Q141,False,0,0,False,0,True,"574 days, 2:00:35.949635",Active,Q141-BASEBALL-1
0,2797.641967773437,B-10,False,310.0,0,False,TNS,False,False,False,False,False,11209.0,False,False,True,NONE,False,Tennis,B082,False,0,0,False,0,False,"227 days, 15:36:21.237722",Active,B082-ZN05-TENNIS-2
0,44972.69201660156,B-18,False,318.0,0,False,SFB,False,False,False,False,False,11234.0,False,False,False,NONE,False,"60ft base path, 150-200ft fence",B057,False,0,0,False,0,False,"814 days, 16:20:53.304193",Active,B057-BASEBALL-1
0,2825.6878814697266,M-09,False,109.0,0,False,TNS,False,False,False,False,False,10027.0,False,False,True,NONE,False,Tennis,M205,False,0,0,False,0,False,"228 days, 20:51:36.494803",Active,M205-TENNIS-1
0,1194.7079467773438,Q-13,False,413.0,0,False,HDB,False,False,False,False,False,11427.0,False,True,False,NONE,False,Handball,Q322,False,0,0,False,0,False,"142 days, 2:34:30.499690",Active,Q322-HANDBALL-4
0,7812.310806274414,R-03,False,503.0,0,False,SFB,True,False,True,False,False,10312.0,False,False,False,NONE,False,"45-60ft base path, less than 150ft fence",R085,False,0,0,False,0,False,"322 days, 12:08:47.410007",Active,R085-BASEBALL-1
0,2800.484832763672,Q-08,False,408.0,0,False,TNS,False,False,False,False,False,11423.0,False,False,True,NONE,True,Tennis,Q021,False,0,0,False,0,False,"227 days, 15:38:36.774786",Active,Q021-ZN02-TENNIS-1
0,1379.4299926757812,X-13,False,226.0,0,False,HDB,False,False,False,False,False,10471.0,False,True,False,NONE,False,Handball,X092,False,0,0,False,0,False,"151 days, 14:26:45.803862",Active,X092-05-HANDBALL-3
0,3700.457092285156,B-18,False,318.0,0,False,BKB,False,False,False,False,False,11234.0,False,False,False,NONE,False,Full Court,B248,False,0,0,True,0,False,"249 days, 2:29:34.931824",Active,B248-BASKETBALL-1
0,1024.7224884033203,Q-06,False,406.0,0,False,BKB,False,False,False,False,False,11375.0,False,False,False,NONE,False,Half Court,Q377,False,0,0,False,0,False,"128 days, 11:47:27.874786",Active,Q377-BASKETBALL-3
0,38657.49577331543,B-03,False,303.0,0,False,FTB,False,True,False,False,False,11221.0,True,False,False,AFB,False,147-295ft W x 295-393ft L,B224,True,0,0,False,0,True,"786 days, 22:34:26.664305",Active,B224A-SOCCER-1
0,2823.1411895751958,B-01,False,301.0,0,False,TNS,False,False,False,False,False,11222.0,False,False,True,NONE,False,Tennis,B058,False,0,0,False,0,False,"228 days, 6:25:52.927962",Active,B058-ZN04-TENNIS-2
0,1041.3713836669922,B-03,False,303.0,0,False,HDB,False,False,False,False,False,11206.0,False,True,False,NONE,False,Handball,B322,False,0,0,False,0,False,"132 days, 7:00:32.118895",Active,B322-HANDBALL-1
0,596.2154235839844,M-10,False,110.0,0,False,BKB,False,False,False,False,False,10037.0,False,False,False,NONE,False,Half Court,M110,False,0,0,True,0,False,"97 days, 16:26:07.498925",Active,M110-BASKETBALL-2
0,1612.935562133789,B-13,False,313.0,0,False,HDB,False,False,False,False,False,11224.0,False,True,False,NONE,False,Handball,B129,False,0,0,False,0,False,"161 days, 8:54:03.545714",Active,B129-ZN01-HANDBALL-1
0,1286.205795288086,M-04,False,104.0,0,False,HDB,False,False,False,False,False,10019.0,False,True,False,NONE,False,Handball,M221,False,0,0,False,0,False,"147 days, 7:58:06.939965",Active,M221-HANDBALL-2
0,2822.4083404541016,Q-12,False,412.0,0,False,TNS,False,False,False,False,False,11434.0,False,False,True,NONE,False,Tennis,Q413,False,0,0,False,0,False,"228 days, 6:07:36.949245",Active,Q413-TENNIS-2
0,2770.73095703125,B-10,False,310.0,0,False,PKB,False,False,False,False,False,11209.0,False,False,False,NONE,False,Tennis,B210W,False,0,0,False,0,False,"226 days, 13:20:00.940694",Active,B210W-03-TENNIS-3
0,28677.34983825684,Q-08,False,408.0,0,False,SFB,False,False,True,False,False,11364.0,False,False,False,NONE,False,"60ft base path, 150-200ft fence",Q021,False,0,0,False,0,False,"620 days, 21:34:05.579684",Active,Q021-ZN03-BASEBALL-5
0,4346.88720703125,X-12,False,212.0,0,False,BKB,False,False,False,False,False,10469.0,False,False,False,NONE,False,Full Court,X196,False,0,0,True,0,False,"272 days, 8:55:56.154933",Active,X196-BASKETBALL-1
0,1572.3095703125,Q-05,False,405.0,0,False,BKB,False,False,False,False,False,11385.0,False,False,False,NONE,False,Half Court,Q398,False,0,0,True,0,False,"159 days, 3:56:14.752425",Active,Q398-BASKETBALL-2
0,1318.7776184082031,X-06,False,206.0,0,False,HDB,False,False,False,False,False,10457.0,False,True,False,NONE,False,Handball,X148H1,False,0,0,False,0,False,"146 days, 3:19:05.726218",Active,X148H1-HANDBALL-1
0,3946.2769622802734,M-04,False,104.0,0,False,BKB,False,False,False,False,False,10019.0,False,False,False,NONE,False,Full Court,M221,False,0,0,True,0,False,"262 days, 4:51:08.313887",Active,M221-BASKETBALL-1
0,949.8184356689452,M-14,False,109.0,0,False,HDB,False,False,False,False,False,10024.0,False,True,False,NONE,False,Handball,M071,False,0,0,False,0,False,"130 days, 11:34:47.072281",Active,M071-21-HANDBALL-1
0,101731.29652404784,Q-05,False,405.0,0,False,BSB,False,False,False,True,False,11379.0,False,False,False,NONE,False,"90ft base path, 200+ft fence",Q102,False,0,0,False,0,False,"1206 days, 17:39:01.636176",Active,Q102-ZN01-BASEBALL-3
0,3099.56982421875,B-16,False,316.0,0,False,BKB,False,False,False,False,False,11233.0,False,False,False,NONE,False,Full Court,B110,False,0,0,True,0,False,"232 days, 0:54:07.028537",Active,B110-BASKETBALL-1
0,28988.67707824707,B-07,False,307.0,0,False,SFB,True,False,True,False,False,11218.0,False,False,False,NONE,False,"60ft base path, 150-200ft fence",B130,False,0,0,False,0,False,"638 days, 22:59:57.904176",Active,B130-BASEBALL-1
0,643.1936798095703,B-01,False,301.0,0,False,BKB,False,False,False,False,False,11211.0,False,False,False,NONE,False,Half Court,B264,False,0,0,True,0,False,"102 days, 17:33:49.214459",Active,B264-BASKETBALL-4
0,1564.176986694336,M-03,False,103.0,0,False,HDB,False,False,False,False,False,10002.0,False,True,False,NONE,False,Handball,M065,False,0,0,False,0,False,"159 days, 16:20:40.132275",Active,M065-HANDBALL-1
0,1242.2815704345703,Q-09,False,409.0,0,False,HDB,False,False,False,False,False,11419.0,False,True,False,NONE,False,Handball,Q129,False,0,0,False,0,False,"146 days, 14:44:11.926403",Active,Q129-HANDBALL-3
0,3984.4738159179688,B-03,False,303.0,0,False,BKB,False,False,False,False,False,11206.0,False,False,False,NONE,False,Full Court,B217,False,0,0,True,0,False,"263 days, 0:29:59.120508",Active,B217-BASKETBALL-2
0,2964.420196533203,M-03,False,103.0,0,False,BKB,False,False,False,False,False,10038.0,False,False,False,NONE,False,Full Court,M196,False,0,0,True,0,False,"222 days, 2:39:18.631087",Active,M196-BASKETBALL-1
0,1132.2496185302734,B-05,False,305.0,0,False,HDB,False,False,False,False,False,11208.0,False,True,False,NONE,False,Handball,B141,False,0,0,False,0,False,"139 days, 2:35:28.309049",Active,B141-HANDBALL-2
0,4009.4857788085938,Q-14,False,414.0,0,False,BKB,False,False,False,False,False,11692.0,False,False,False,NONE,False,Full Court,Q162F,False,0,0,False,0,False,"270 days, 14:03:53.698429",Inactive,Q162F-BASKETBALL-1
0,2433.021881103516,B-02,False,302.0,0,False,BKB,False,False,False,False,False,11205.0,False,False,False,NONE,False,Full Court,B293,False,0,0,True,0,False,"200 days, 2:31:56.887623",Active,B293-BASKETBALL-1
1,16898.948211669922,Q-05,False,405.0,0,False,HKY,False,False,False,False,False,11385.0,False,False,False,NONE,False,Hockey,Q305,False,0,0,False,0,False,"543 days, 12:55:02.524697",Active,Q305-HOCKEY-1
0,1120.969985961914,B-05,False,305.0,0,False,HDB,False,False,False,False,False,11207.0,False,True,False,NONE,False,Handball,B214,False,0,0,False,0,False,"138 days, 6:35:23.079287",Active,B214-01-HANDBALL-1
0,50566.56771850586,B-19,False,355.0,0,True,SFB,True,False,True,False,False,11215.0,False,False,False,NONE,False,"60ft base path, 150-200ft fence",B073,False,0,0,False,0,False,"836 days, 1:23:10.526982",Active,B073-ZN15-BASEBALL-4
0,1793.0291748046875,Q-02,False,402.0,0,False,VLB,False,False,False,False,False,11104.0,False,False,False,NONE,False,Volleyball,Q340,False,0,0,False,0,False,"179 days, 5:44:33.300486",Active,Q340-VOLLEYBALL-01
0,1279.9735412597656,B-15,False,315.0,0,False,HDB,False,False,False,False,False,11235.0,False,True,False,NONE,False,Handball,B251,False,0,0,False,0,False,"145 days, 12:30:52.307164",Active,B251-ZN03-HANDBALL-1
0,943.2946472167968,M-10,False,110.0,0,False,HDB,False,False,False,False,False,10037.0,False,True,False,NONE,False,Handball,M186,False,0,0,False,0,False,"125 days, 3:19:55.558161",Active,M186-HANDBALL-3
0,895.5104370117188,X-13,False,226.0,0,False,BOC,False,False,False,False,True,10470.0,False,False,False,NONE,False,Bocce,X092,False,0,0,False,0,False,"168 days, 10:27:45.170851",Active,X092-ZN11-BOCCE-1
0,22418.26853942871,X-15,False,228.0,0,False,SFB,True,False,True,False,False,10465.0,False,False,False,NONE,True,"60ft base path, 150-200ft fence",X039,False,0,0,False,0,False,"545 days, 11:52:32.575503",Active,X039-ZN01-BASEBALL-5
0,2864.170516967773,Q-08,False,408.0,1,False,TNS,False,False,False,False,False,11423.0,False,False,True,NONE,False,Tennis,Q021,False,0,0,False,0,False,"233 days, 11:32:29.841615",Active,Q021-ZN02-TENNIS-2
0,41439.25651550293,M-11,False,111.0,0,False,SFB,True,False,True,False,False,10035.0,False,False,False,NONE,False,"60ft base path, 150-200ft fence",M104,False,0,0,False,0,False,"801 days, 6:26:45.701805",Active,M104-ZN02-BASEBALL-15
0,1321.0504150390625,Q-09,False,409.0,0,False,HDB,False,False,False,False,False,11416.0,False,True,False,NONE,False,Handball,Q128,False,0,0,False,0,False,"149 days, 18:58:28.776666",Active,Q128-HANDBALL-6
0,1506.1602325439453,Q-12,False,412.0,0,False,HDB,False,False,False,False,False,11436.0,False,True,False,NONE,False,Handball,Q220C,False,0,0,False,0,False,"158 days, 22:26:06.563406",Active,Q220C-03-HANDBALL-1
0,6353.289520263672,Q-14,False,414.0,0,False,SFB,True,False,True,False,False,11691.0,False,False,False,NONE,False,"60ft base path, 150-200ft fence",Q345,False,0,0,False,0,False,"296 days, 18:20:47.755678",Active,Q345-BASEBALL-1
0,1152.6402587890625,Q-15,False,481.0,0,False,HDB,False,False,False,False,False,11368.0,False,True,False,NONE,False,Handball,Q099,False,0,0,False,0,False,"139 days, 14:41:18.042469",Active,Q099-ZN19-HANDBALL-1
0,1194.0833129882812,X-01,False,201.0,0,False,HDB,False,False,False,False,False,10451.0,False,True,False,NONE,False,Handball,X106,False,0,0,False,0,False,"142 days, 22:54:00.985671",Removed,X106-HANDBALL-1
0,1552.6510162353516,X-02,False,202.0,0,False,HDB,False,False,False,False,False,10459.0,False,True,False,NONE,False,Handball,X211,False,0,0,False,0,False,"158 days, 4:44:53.920273",Active,X211-HANDBALL-2
0,2606.7870330810547,M-03,False,103.0,0,False,BKB,False,False,False,False,False,10002.0,False,False,False,NONE,False,Full Court,M235,False,0,0,True,0,False,"209 days, 11:22:36.345648",Active,M235-BASKETBALL-1
0,4223.792068481445,M-03,False,103.0,0,False,BKB,False,False,False,False,False,10002.0,False,False,False,NONE,False,Full Court,M105,False,0,0,True,0,False,"268 days, 20:38:22.560171",Active,M105-08-BASKETBALL-2
0,22054.11985778809,B-01,False,301.0,0,False,SFB,True,False,True,False,False,11206.0,False,False,False,NONE,True,"60ft base path, 150-200ft fence",B055,False,0,0,False,0,False,"543 days, 18:16:21.480385",Active,B055-BASEBALL-2
0,1212.5104675292969,B-16,False,316.0,0,False,BKB,False,False,False,False,False,11233.0,False,False,False,NONE,False,Half Court,B387,False,0,0,False,0,False,"145 days, 10:59:41.107409",Inactive,B387-BASKETBALL-1
0,2551.615264892578,B-11,False,311.0,0,False,BKB,False,False,False,False,False,11204.0,False,False,False,NONE,False,Full Court,B100,False,0,0,True,0,False,"205 days, 8:32:25.308153",Active,B100-01-BASKETBALL-4
0,878.4953460693359,Q-12,False,412.0,0,False,BKB,False,False,False,False,False,11423.0,False,False,False,NONE,False,Half Court,Q351,False,0,0,False,0,False,"128 days, 4:36:10.008045",Active,Q351-BASKETBALL-2
0,2114.9860076904297,B-08,False,308.0,0,False,TNS,False,False,False,False,False,11233.0,False,False,True,NONE,True,Tennis,B054,False,0,0,False,0,False,"210 days, 23:19:12.713714",Active,B054-ZN03-TENNIS-10
0,34533.074951171875,X-07,False,207.0,0,False,SFB,True,False,True,False,False,10468.0,False,False,False,NONE,True,"60ft base path, 150-200ft fence",X136,False,0,0,False,0,False,"686 days, 5:21:45.796169",Active,X136-SOFTBALL-1
0,1035.3097839355469,Q-11,False,411.0,0,False,HDB,False,False,False,False,False,11364.0,False,True,False,NONE,False,Handball,Q356,False,0,0,False,0,False,"133 days, 9:14:34.134453",Active,Q356-HANDBALL-1
0,46952.37971496582,Q-05,False,405.0,0,False,BSB,False,False,False,True,False,11385.0,False,False,False,NONE,True,"90ft base path, 200+ft fence",B047,False,0,0,False,0,False,"801 days, 14:56:30.154821",Active,Q020-ZN05-BASEBALL-1
0,4180.694107055664,B-10,False,310.0,0,False,BKB,False,False,False,False,False,11220.0,False,False,False,NONE,False,Full Court,B052,False,0,0,True,0,False,"268 days, 9:58:53.572308",Active,B052-BASKETBALL-4
0,2757.855255126953,M-11,False,111.0,0,False,TNS,False,False,False,False,False,10035.0,False,False,True,NONE,True,Tennis,M104,False,0,0,False,0,False,"225 days, 22:55:26.406425",Active,M104-ZN02-TENNIS-4
1,17930.07388305664,B-16,False,316.0,0,False,MPPA,True,True,True,False,False,11212.0,False,False,False,AFB,False,"45-60ft base path, less than 150ft fence",B339,True,0,0,False,0,True,"522 days, 22:19:32.241548",Active,B339-BASEBALL-1
0,2792.371353149414,Q-15,False,481.0,0,False,TNS,False,False,False,False,False,11368.0,False,False,True,NONE,False,Tennis,Q099,False,0,0,False,0,False,"227 days, 10:57:38.839135",Active,Q099-ZN10-TENNIS-6
0,1175.9803161621094,X-06,False,206.0,0,False,HDB,False,False,False,False,False,10457.0,False,True,False,NONE,False,Handball,X010A,False,0,0,False,0,False,"140 days, 9:48:26.014947",Active,X010A-02-HANDBALL-3
0,1732.0486450195312,B-02,False,302.0,0,False,VLB,False,False,False,False,False,11205.0,False,False,False,NONE,False,,B293,False,0,0,False,0,False,"177 days, 19:23:19.317645",Inactive,B293-VOLLEYBALL-1
0,31661.412063598636,X-01,False,201.0,0,False,SFB,False,False,True,False,False,10454.0,False,False,False,NONE,True,"60ft base path, 150-200ft fence",X045,False,0,0,False,0,False,"674 days, 4:06:34.934398",Active,X045-ZN01-BASEBALL-2
0,1326.0853424072266,Q-13,False,413.0,0,False,HDB,False,False,False,False,False,11426.0,False,True,False,NONE,False,Handball,Q134,False,0,0,False,0,False,"150 days, 17:20:11.052012",Active,Q134-HANDBALL-5
0,1276.164535522461,Q-14,False,414.0,0,False,HDB,False,False,False,False,False,11691.0,False,True,False,NONE,False,Handball,Q162J01,False,0,0,False,0,False,"145 days, 16:33:08.549756",Active,Q162J01-HANDBALL-2
0,1445.0032196044922,X-11,False,211.0,0,False,HDB,False,False,False,False,False,10469.0,False,True,False,NONE,False,Handball,X172,False,0,0,False,0,False,"154 days, 6:48:51.039647",Active,X172-HANDBALL-4
0,1244.7120819091797,Q-06,False,406.0,0,False,HDB,False,False,False,False,False,11374.0,False,True,False,NONE,False,Handball,Q306,False,0,0,False,0,False,"143 days, 12:26:14.225188",Active,Q306-HANDBALL-2
0,2827.5384063720703,Q-05,False,305.0,0,False,TNS,False,False,False,False,False,11207.0,False,False,True,NONE,True,Tennis,B047,False,0,0,False,0,False,"227 days, 21:34:52.238880",Active,Q020-ZN04-TENNIS-2
0,4416.802947998047,M-10,False,110.0,0,False,BKB,False,False,False,False,False,10039.0,False,False,False,NONE,False,Full Court,M014,False,0,0,True,0,False,"276 days, 15:31:40.670500",Active,M014-03-BASKETBALL-1
0,1580.6876373291016,B-13,False,313.0,0,False,HDB,False,False,False,False,False,11224.0,False,True,False,NONE,False,Handball,B296,False,0,0,False,0,False,"159 days, 19:20:29.680603",Active,B296-HANDBALL-1
0,4135.601303100586,B-10,False,310.0,0,False,BKB,False,False,False,False,False,11209.0,False,False,False,NONE,False,Full Court,B082,False,0,0,True,0,False,"266 days, 0:25:03.359524",Active,B082-02-BASKETBALL-2
0,639.6948852539062,R-03,False,503.0,0,False,PKB,False,False,False,False,False,10309.0,False,False,False,NONE,False,,R153,False,0,0,False,0,False,"107 days, 6:02:29.640817",Active,R153-PICKLEBALL-2
0,1199.6634368896484,Q-14,False,414.0,0,False,BKB,False,False,False,False,False,11691.0,False,False,False,NONE,False,Half Court,Q353,False,0,0,False,0,False,"138 days, 13:33:32.953096",Active,Q353-BASKETBALL-3
0,1125.6478424072266,Q-11,False,411.0,0,False,HDB,False,False,False,False,False,11361.0,False,True,False,NONE,False,Handball,Q364,False,0,0,False,0,False,"137 days, 20:48:22.159055",Active,Q364-HANDBALL-2
0,1332.7229919433594,M-04,False,104.0,0,False,HDB,False,False,False,False,False,10019.0,False,True,False,NONE,False,Handball,M221,False,0,0,False,0,False,"149 days, 4:24:36.656804",Active,M221-HANDBALL-3
0,1396.5397033691406,X-09,False,209.0,0,False,HDB,False,False,False,False,False,10472.0,False,True,False,NONE,False,Handball,X159,False,0,0,False,0,False,"150 days, 8:41:19.369599",Active,X159-HANDBALL-2
0,905.1074371337892,Q-06,False,406.0,0,False,BKB,False,False,False,False,False,11374.0,False,False,False,NONE,False,Half Court,Q306,False,0,0,True,0,False,"121 days, 8:05:20.656790",Active,Q306-BASKETBALL-2
0,31533.53204345703,Q-07,False,407.0,0,False,SFB,False,False,True,False,False,11355.0,False,False,False,NONE,False,"60ft base path, 150-200ft fence",Q300,False,0,0,False,0,False,"701 days, 19:54:18.317224",Active,Q300-ZN02-BASEBALL-1
0,1375.4776153564453,B-03,False,303.0,0,False,HDB,False,False,False,False,False,11221.0,False,True,False,NONE,False,Handball,B023,False,0,0,False,0,False,"149 days, 5:59:49.808689",Active,B023-HANDBALL-1
0,2635.043273925781,B-18,False,318.0,0,False,TNS,False,False,False,False,False,11229.0,False,False,True,NONE,False,Tennis,B057,False,0,0,False,0,False,"221 days, 23:34:23.004632",Active,B057-ZN01-TENNIS-12
0,1198.5679931640625,X-11,False,211.0,0,False,BKB,False,False,False,False,False,10469.0,False,False,False,NONE,False,Half Court,X172,False,0,0,True,0,False,"141 days, 21:23:34.991507",Active,X172-BASKETBALL-4
0,1771.720443725586,X-15,False,228.0,0,False,VLB,False,False,False,False,False,10464.0,False,False,False,NONE,False,Volleyball,X039,False,0,1,False,0,False,"178 days, 9:03:02.264080",Active,X039-ZN17-VOLLEYBALL-5
0,11135.487747192385,B-13,False,313.0,0,False,MPPA,False,True,False,False,False,11224.0,False,False,False,AFB,False,45-146ft W x 75-294ft L,B331,True,0,0,False,0,True,"421 days, 7:41:45.022164",Active,B331-BASEBALL-1
0,1220.9016876220703,Q-03,False,403.0,0,False,HDB,False,False,False,False,False,11369.0,False,True,False,NONE,False,Handball,Q373,False,0,0,False,0,False,"142 days, 0:11:09.679646",Active,Q373-HANDBALL-1
0,1552.8678436279297,X-01,False,201.0,0,False,HDB,False,False,False,False,False,10451.0,False,True,False,NONE,False,Handball,X146,False,0,0,False,0,False,"158 days, 14:11:33.359672",Active,X146-HANDBALL-1
0,904.6802520751952,B-03,False,303.0,0,False,HDB,False,False,False,False,False,11216.0,False,True,False,NONE,False,Handball,B225,False,0,0,False,0,False,"122 days, 11:39:30.007094",Active,B225-HANDBALL-5
0,2780.7782287597656,B-10,False,310.0,0,False,TNS,False,False,False,False,False,11228.0,False,False,True,NONE,False,Tennis,B060,False,0,0,False,0,False,"226 days, 19:34:30.767172",Active,B092-TENNIS-8
0,11475.626892089844,Q-11,False,411.0,0,False,HKY,False,False,False,False,False,11365.0,False,False,False,NONE,False,Hockey,Q300A,False,0,0,False,0,False,"441 days, 5:15:05.268649",Active,Q300A-01-HOCKEY-1
0,40433.61201477051,B-03,False,303.0,0,False,BSB,False,False,True,False,False,11216.0,False,False,False,NONE,False,"60ft base path, 150-200ft fence",B088,False,0,0,False,0,False,"791 days, 18:47:57.845879",Active,B088-BASEBALL-1
1,12452.068328857422,M-03,False,103.0,0,False,HKY,False,False,False,False,False,10002.0,False,False,False,NONE,False,Hockey,M206,False,0,0,False,0,False,"438 days, 7:54:23.291744",Removed,M206-HOCKEY-1
0,998.5726165771484,R-02,False,502.0,0,False,HDB,False,False,False,False,False,10314.0,False,True,False,NONE,False,Handball,R064,False,0,0,False,0,False,"128 days, 16:05:15.727537",Active,R064-HANDBALL-4
0,1867.9690856933596,B-15,False,315.0,0,False,BKB,False,False,False,False,False,11229.0,False,False,False,NONE,False,Half Court,B157,False,0,0,True,0,False,"174 days, 1:54:09.875617",Active,B157-BASKETBALL-3
0,2917.6450958251958,X-08,False,208.0,0,False,BKB,False,False,False,False,False,10463.0,False,False,False,NONE,False,Full Court,X080,False,0,0,True,0,False,"217 days, 16:01:48.875674",Active,X080-BASKETBALL-1
0,1240.772491455078,X-07,False,207.0,0,False,HDB,False,False,False,False,False,10468.0,False,True,False,NONE,False,Handball,X044,False,0,0,False,0,False,"146 days, 0:34:50.254406",Active,X044-HANDBALL-5
0,780.1733551025391,B-15,False,315.0,0,False,HDB,False,False,False,False,False,11223.0,False,False,False,NONE,False,Handball,B244,False,0,0,False,0,False,"111 days, 17:29:33.287899",Inactive,B244-HANDBALL-7
0,30030.234909057617,Q-07,False,407.0,0,False,MPPA,False,False,True,False,False,11354.0,False,False,True,NONE,False,147-295ft W x 295-393ft L,Q347,False,0,0,False,0,False,"698 days, 14:49:05.820543",Active,Q347-MPPA-1
0,49957.52569580078,Q-08,False,408.0,0,False,CRK,False,False,False,False,False,11432.0,False,False,False,NONE,False,60 ft Cricket Pitch,Q391,False,0,0,False,0,False,"839 days, 4:50:21.308897",Inactive,Q391-CRICKET-1
0,41347.25276184082,Q-11,False,411.0,0,False,SFB,True,False,True,True,False,11365.0,False,False,False,NONE,False,"60ft base path, 150-200ft fence",Q300A,False,0,0,False,0,False,"805 days, 20:18:12.323582",Active,Q300A-ZN03-BASEBALL-1
0,860.5735168457031,B-03,False,303.0,0,False,HDB,False,False,False,False,False,11233.0,False,True,False,NONE,False,Handball,B294,False,0,0,False,0,False,"120 days, 12:29:54.307006",Active,B294-HANDBALL-3
0,4361.774894714356,R-03,False,503.0,0,False,BKB,False,False,False,False,False,10312.0,False,False,False,NONE,False,Full Court,R031,False,0,0,True,0,False,"272 days, 22:01:45.407416",Active,R031-ZN03-BASKETBALL-2
0,1657.1680603027344,Q-14,False,414.0,0,False,HDB,False,False,False,False,False,11693.0,False,True,False,NONE,False,Handball,Q163,False,0,0,False,0,False,"166 days, 0:27:52.618887",Active,Q163-ZN05B-HANDBALL-8
0,745.9664611816406,B-02,False,302.0,0,False,BKB,False,False,False,False,False,11201.0,False,False,False,NONE,False,Half Court,,False,0,0,True,0,False,"109 days, 13:04:41.187910",Active,B223DA-BASKETBALL-1
0,17064.502548217773,B-07,False,307.0,0,False,SFB,True,False,True,False,False,11232.0,False,False,False,NONE,True,"60ft base path, 150-200ft fence",B087,False,0,0,False,0,False,"479 days, 13:32:09.767745",Active,B087-01-BASEBALL-1
0,79038.09916687012,B-01,False,301.0,0,False,FTB,False,False,False,False,False,11222.0,False,False,False,AFB,False,147-295ft W x 295-393ft L,B058,True,0,0,False,0,False,"1139 days, 4:21:56.452123",Active,B058-ZN04-FOOTBALL-1
0,792.9300689697266,B-03,False,303.0,0,False,HDB,False,False,False,False,False,11233.0,False,True,False,NONE,False,Handball,B294,False,0,0,False,0,False,"114 days, 16:53:01.758761",Active,B294-HANDBALL-4
0,2583.224334716797,M-13,False,164.0,0,False,BKB,False,False,False,False,False,10024.0,False,False,False,NONE,False,Full Court,M010,False,0,0,False,0,False,"209 days, 13:25:27.332127",Inactive,M010-151-BASKETBALL-2
0,2780.073989868164,B-15,False,315.0,0,False,TNS,False,False,False,False,False,11229.0,False,False,True,NONE,False,Tennis,B051,False,0,0,False,0,False,"227 days, 16:09:31.386496",Active,B051-TENNIS-2
0,1048.8605041503906,X-12,False,212.0,0,False,HDB,False,False,False,False,False,10467.0,False,True,False,NONE,False,Handball,X214,False,0,0,False,0,False,"131 days, 12:59:41.347679",Active,X214-HANDBALL-2
0,1220.3577423095703,X-02,False,202.0,0,False,BKB,False,False,False,False,False,10459.0,False,False,False,NONE,False,Half Court,X029,False,0,0,True,0,False,"140 days, 6:57:46.999102",Removed,X029-BASKETBALL-1
0,1516.8965759277344,Q-11,False,411.0,0,False,BKB,False,False,False,False,False,11362.0,False,False,False,NONE,False,Half Court,Q346,False,0,0,False,0,False,"156 days, 4:27:54.677233",Active,Q346-BASKETBALL-2
0,965.3709411621094,B-01,False,301.0,0,False,HDB,False,False,False,False,False,11211.0,False,True,False,NONE,False,Handball,,False,0,0,False,0,False,"126 days, 7:57:31.736653",Active,B223N01-HANDBALL-4
0,1384.8118591308594,B-16,False,316.0,0,False,HDB,False,False,False,False,False,11212.0,False,False,False,NONE,False,Handball,B363,False,0,0,False,0,False,"154 days, 8:20:57.398271",Inactive,B363-HANDBALL-3
0,33407.09327697754,B-01,False,301.0,0,True,BSB,False,False,False,True,False,11222.0,False,False,False,NONE,True,"90ft base path, 200+ft fence",B058,False,0,0,False,0,False,"666 days, 22:09:28.426976",Active,B058-ZN03-BASEBALL-1
0,1835.515365600586,M-02,False,102.0,0,False,HDB,False,False,False,False,False,10012.0,False,True,False,NONE,False,Handball,M069,False,0,0,False,0,False,"183 days, 10:35:50.640767",Active,M069-HANDBALL-2
0,2786.1297607421875,R-03,False,503.0,0,False,TNS,False,False,False,False,False,10309.0,False,False,True,NONE,False,,R153,False,0,0,False,0,False,"227 days, 7:13:39.632901",Active,R153-TENNIS-1
0,16551.85777282715,B-12,False,312.0,0,False,HKY,False,False,False,False,False,11204.0,False,False,False,NONE,False,Hockey,B042,False,0,0,False,0,False,"537 days, 2:04:44.599266",Inactive,B042-01-HOCKEY-1
0,1361.4513549804688,M-04,False,104.0,0,False,HDB,False,False,False,False,False,10036.0,False,True,False,NONE,False,Handball,M277,False,0,0,False,0,False,"147 days, 23:23:39.015929",Active,M277-HANDBALL-2
0,2781.4900512695312,M-12,False,112.0,0,False,TNS,False,False,False,False,False,10034.0,False,False,True,NONE,False,Tennis,M042,False,0,0,False,0,False,"228 days, 0:43:24.684182",Active,M042-ZN01-TENNIS-4
0,2786.163864135742,M-14,False,107.0,0,False,TNS,False,False,False,False,False,10024.0,False,False,True,NONE,False,Tennis,M071,False,0,0,False,0,False,"227 days, 8:39:01.875645",Active,M071-ZN23-TENNIS-7
0,1007.2254943847656,B-13,False,313.0,0,False,BKB,False,False,False,False,False,11235.0,False,False,False,NONE,False,Half Court,B275,False,0,0,True,0,False,"131 days, 5:26:49.239785",Active,B275-BASKETBALL-3
0,2824.692916870117,Q-12,False,412.0,0,False,TNS,False,False,False,False,False,11434.0,False,False,True,NONE,False,Tennis,Q005,False,0,0,False,0,False,"228 days, 20:19:55.712666",Active,Q005-11-TENNIS-2
0,54038.11814880371,B-18,False,318.0,0,False,FTB,False,True,False,False,False,11229.0,True,False,False,AFB,False,147-295ft W x 295-393ft L,B057,True,0,0,False,0,True,"999 days, 6:57:18.499269",Active,B057-ZN04-FOOTBALL-2
0,1133.4686584472656,B-07,False,307.0,0,False,HDB,False,False,False,False,False,11218.0,False,True,False,NONE,False,Handball,B130,False,0,0,False,0,False,"139 days, 2:19:05.757530",Active,B130-HANDBALL-3
0,1121.366928100586,Q-01,False,402.0,0,False,HDB,False,False,False,False,False,11101.0,False,True,False,NONE,False,Handball,Q104,False,0,0,False,0,False,"137 days, 14:59:50.320962",Active,Q104-HANDBALL-5
0,3908.701385498047,Q-01,False,401.0,0,False,BKB,False,False,False,False,False,11103.0,False,False,False,NONE,False,Full Court,Q444,False,0,0,True,0,False,"262 days, 5:46:42.745072",Active,Q444-BASKETBALL-1
0,4153.527099609375,Q-08,False,408.0,0,False,BKB,False,False,False,False,False,11365.0,False,False,False,NONE,False,Full Court,Q294,False,0,0,True,0,False,"267 days, 9:36:16.076104",Active,Q294-BASKETBALL-1
0,1663.286605834961,M-03,False,103.0,0,False,HDB,False,False,False,False,False,10002.0,False,True,False,NONE,False,Handball,M241,False,0,0,False,0,False,"163 days, 22:13:26.481369",Active,M241-HANDBALL-2
0,3059.1244049072266,Q-10,False,410.0,0,False,HKY,False,False,False,False,False,11417.0,False,False,False,NONE,False,Hockey,Q118,False,0,0,False,0,False,"223 days, 3:35:46.656184",Removed,Q118-HOCKEY-1
0,4893.229431152344,B-09,True,309.0,0,False,NTB,False,False,False,False,False,11203.0,False,False,False,NONE,False,Netball,B254,False,0,0,False,0,False,"296 days, 18:21:42.394508",Active,B254-NETBALL-2
0,984.2418670654296,B-01,False,301.0,0,False,HDB,False,False,False,False,False,11211.0,False,True,False,NONE,False,Handball,B058,False,0,0,False,0,False,"131 days, 10:38:01.982558",Active,B058-ZN02-HANDBALL-11
1,7325.339309692383,B-11,False,311.0,0,False,MPPA,False,True,False,False,False,11214.0,False,False,False,AFB,False,45-146ft W x 75-294ft L,B164,True,0,0,False,0,True,"374 days, 8:45:45.904334",Active,B164-TENNIS-1
0,1074.0173645019531,Q-01,False,401.0,0,False,BKB,False,False,False,False,False,11106.0,False,False,False,NONE,False,Half Court,Q218,False,0,0,True,0,False,"131 days, 13:43:28.108207",Active,Q218-BASKETBALL-2
0,9879.380142211914,Q-12,False,412.0,0,False,,False,False,False,False,False,11436.0,False,False,False,NONE,False,,Q220C,False,0,0,False,0,False,"378 days, 23:30:53.626369",Inactive,Q220C-BASEBALL-2
0,937.171356201172,B-03,False,303.0,0,False,HDB,False,False,False,False,False,11221.0,False,True,False,NONE,False,Handball,B359,False,0,0,False,0,False,"124 days, 8:40:32.554999",Active,B359-HANDBALL-4
0,949.2831115722656,Q-06,False,406.0,0,False,BKB,False,False,False,False,False,11375.0,False,False,False,NONE,False,Half Court,Q335,False,0,0,True,0,False,"123 days, 13:06:57.138128",Active,Q335-BASKETBALL-5
1,57700.58708190918,B-05,False,305.0,0,True,MPPA,False,True,True,True,False,11207.0,False,False,False,AFB,False,45-146ft W x 75-294ft L,B214,True,0,0,False,0,True,"958 days, 14:13:51.105840",Active,B214-01-MPPA-1
0,1378.6651000976562,X-10,False,210.0,0,False,HDB,False,False,False,False,False,10461.0,False,True,False,NONE,False,Handball,X121,False,0,0,False,0,False,"149 days, 16:22:45.465189",Active,X121-HANDBALL-4
0,3358.1967010498047,Q-02,False,402.0,0,False,BKB,False,False,False,False,False,11377.0,False,False,False,NONE,False,Full Court,Q067A,False,0,0,True,0,False,"238 days, 0:04:44.879472",Active,Q067A-BASKETBALL-1
0,1348.7764892578125,B-05,False,305.0,0,False,HDB,False,False,False,False,False,11208.0,False,True,False,NONE,False,Handball,B283,False,0,0,False,0,False,"148 days, 20:07:04.449122",Active,B283-HANDBALL-1
0,3895.385070800781,X-01,False,201.0,0,False,BKB,False,False,False,False,False,10455.0,False,False,False,NONE,False,Full Court,X045,False,0,0,True,0,False,"260 days, 5:24:20.680830",Active,X045-01-BASKETBALL-3
0,10183.84637451172,B-10,False,310.0,0,False,SFB,False,False,False,False,False,11220.0,False,False,False,NONE,False,"45-60ft base path, less than 150ft fence",B052,False,0,0,False,0,False,"384 days, 18:58:28.705801",Active,B052-BASEBALL-2
0,2749.1331329345703,B-11,False,311.0,1,False,TNS,False,False,False,False,False,11214.0,False,False,True,NONE,False,Tennis,B007,False,0,0,False,0,False,"225 days, 20:17:44.845458",Active,B007-TENNIS-7
0,1258.2484130859375,B-13,False,313.0,0,False,HDB,False,False,False,False,False,11224.0,False,True,False,NONE,False,Handball,B169B,False,0,0,False,0,False,"143 days, 22:59:39.863888",Active,B169B-HANDBALL-11
0,2653.9998168945312,Q-16,False,482.0,0,False,TNS,False,False,False,False,False,11385.0,False,False,True,NONE,False,Tennis,Q015,False,0,0,False,0,False,"221 days, 8:59:48.650732",Active,Q015-ZN07-TENNIS-7
0,58496.7954864502,B-10,False,310.0,0,True,SFB,True,False,True,False,False,11228.0,False,False,False,NONE,False,"60ft base path, 150-200ft fence",B028,False,0,0,False,0,False,"929 days, 23:27:04.173140",Active,B028-ZN02-BASEBALL-3
0,1916.870376586914,Q-14,False,414.0,0,False,HDB,False,False,False,False,False,11693.0,False,True,False,NONE,False,Handball,Q163,False,0,0,False,0,False,"175 days, 18:35:21.822992",Active,Q163-ZN05B-HANDBALL-4
0,2041.1437377929688,M-03,False,103.0,0,False,BKB,False,False,False,False,False,10038.0,False,False,False,NONE,False,,M194,False,0,0,False,0,False,"181 days, 4:08:55.552117",Inactive,M194-BASKETBALL-1
0,66864.14419555664,B-19,False,355.0,0,True,SFB,True,False,True,False,False,11215.0,False,False,False,NONE,False,"60ft base path, 150-200ft fence",B073,False,0,0,False,0,False,"963 days, 15:45:51.551506",Active,B073-ZN15-BASEBALL-2
0,39534.55493164063,B-18,False,318.0,0,False,SFB,False,False,True,False,False,11234.0,False,False,False,NONE,False,"60ft base path, 150-200ft fence",B057,False,0,0,False,0,False,"789 days, 4:56:20.388926",Active,B057-ZN05-BASEBALL-2
0,2775.556106567383,M-14,False,109.0,0,False,TNS,False,False,False,False,False,10024.0,False,False,True,NONE,False,Tennis,M071,False,0,0,False,0,False,"226 days, 17:54:37.393571",Active,M071-ZN17-TENNIS-6
0,1224.0424041748047,B-12,False,312.0,0,False,HDB,False,False,False,False,False,11204.0,False,True,False,NONE,False,Handball,B042,False,0,0,False,0,False,"144 days, 2:32:57.782882",Active,B042-01-HANDBALL-3
0,2134.4915313720703,M-11,False,111.0,0,False,BKB,False,False,False,False,False,10029.0,False,False,False,NONE,False,Half Court,M108G,False,0,0,True,0,False,"185 days, 0:11:47.206387",Active,M108G-BASKETBALL-2
0,1139.9480285644531,B-15,False,315.0,0,False,HDB,False,False,False,False,False,11223.0,False,True,False,NONE,False,Handball,B244,False,0,0,False,0,False,"140 days, 1:49:18.893981",Active,B244-HANDBALL-4
0,4018.1558837890634,B-04,False,304.0,0,False,BKB,False,False,False,False,False,11207.0,False,False,False,NONE,False,Full Court,B381,False,0,0,True,0,False,"264 days, 18:09:54.593386",Removed,B381-BASKETBALL-1
0,1790.0276336669922,M-03,False,103.0,0,False,TNS,False,False,False,False,False,10009.0,False,False,True,NONE,False,Tennis,M201,False,0,0,False,0,False,"179 days, 18:39:42.904614",Active,M201-TENNIS-1
0,971.413330078125,Q-01,False,401.0,0,False,BKB,False,False,False,False,False,11105.0,False,False,False,NONE,False,Half Court,Q004,False,0,0,True,0,False,"125 days, 2:17:07.814998",Active,Q004-01-BASKETBALL-4
0,1618.0628814697266,Q-06,False,406.0,0,False,HDB,False,False,False,False,False,11375.0,False,True,False,NONE,False,Handball,Q335,False,0,0,False,0,False,"161 days, 12:13:37.183041",Active,Q335-HANDBALL-1
0,8926.032836914062,B-15,False,315.0,0,False,TRK,False,False,False,False,False,11235.0,False,False,False,NONE,False,Jogging Path,B109,False,0,0,False,0,False,"1775 days, 21:53:30.295701",Active,B109-TRACK-1
0,44531.53936767578,Q-14,False,414.0,0,False,SFB,True,False,True,False,False,11691.0,False,False,False,NONE,False,"60ft base path, 150-200ft fence",Q007,False,0,0,False,0,False,"775 days, 19:09:04.304484",Active,Q007-BASEBALL-2
0,3945.159622192383,Q-14,False,414.0,0,False,BKB,False,False,False,False,False,11691.0,False,False,False,NONE,False,Full Court,Q371,False,0,0,True,0,False,"261 days, 11:43:11.364627",Active,Q371-01-BASKETBALL-3
0,2024.3546905517576,Q-08,False,408.0,0,False,BKB,False,False,False,False,False,11365.0,False,False,False,NONE,False,Full Court,Q342,False,0,0,True,0,False,"182 days, 16:06:04.589982",Active,Q342-BASKETBALL-1
0,3724.901596069336,X-09,False,209.0,0,False,BKB,False,False,False,False,False,10473.0,False,False,False,NONE,False,Full Court,X151,False,0,0,True,0,False,"249 days, 4:03:14.072299",Active,X151-BASKETBALL-1
0,6590.909240722656,M-12,False,112.0,0,False,BKB,False,False,False,False,False,10032.0,False,False,False,NONE,False,Full Court,M028,False,0,0,False,0,False,"342 days, 18:23:06.713391",Inactive,M028-ZN01-BASKETBALL-1
0,1550.7552032470703,M-10,False,110.0,0,False,BKB,False,False,False,False,False,10030.0,False,False,False,NONE,False,Half Court,M245,False,0,0,True,0,False,"157 days, 13:30:09.573532",Active,M245-BASKETBALL-1
0,1101.7063751220703,B-03,False,303.0,0,False,BKB,False,False,False,False,False,11221.0,False,False,False,NONE,False,Half Court,B216,False,0,0,True,0,False,"132 days, 23:13:40.297897",Active,B216-BASKETBALL-5
0,684.4087677001953,B-03,False,303.0,0,False,BKB,False,False,False,False,False,11206.0,False,False,False,NONE,False,Half Court,B348,False,0,0,True,0,False,"108 days, 21:42:54.539085",Active,B348-BASKETBALL-3
0,1133.059051513672,B-05,False,305.0,0,False,HDB,False,False,False,False,False,11207.0,False,True,False,NONE,False,Handball,B261,False,0,0,False,0,False,"138 days, 23:38:55.920077",Active,B261-HANDBALL-2
0,47496.46975708008,Q-07,False,407.0,0,False,TRK,False,False,False,False,False,11360.0,False,False,False,NONE,False,,Q010A,False,0,0,False,0,False,"830 days, 2:07:13.917710",Inactive,Q010A-ZN01-TRACK-1
0,52964.92712402344,B-14,False,314.0,0,False,SFB,True,False,True,False,False,11226.0,False,False,False,NONE,False,"60ft base path, 150-200ft fence",B068,False,0,0,False,0,False,"867 days, 13:44:00.988321",Active,B073-ZN28-BASEBALL-3
0,2974.4415893554688,B-01,False,301.0,0,False,TNS,False,False,False,False,False,11206.0,False,False,True,NONE,False,Tennis,B358,False,0,0,False,0,False,"232 days, 21:54:37.392710",Active,B358-TENNIS-1
0,1406.0105590820312,B-18,False,318.0,0,False,HDB,False,False,False,False,False,11236.0,False,True,False,NONE,False,Handball,B335,False,0,0,False,0,False,"150 days, 18:03:14.145791",Active,B335-HANDBALL-3
0,19318.28273010254,B-16,False,316.0,0,False,SFB,True,False,True,False,False,11212.0,False,False,False,NONE,False,"60ft base path, 150-200ft fence",B377,False,0,0,False,0,False,"522 days, 11:51:29.230315",Active,B377-BASEBALL-2
0,2991.0821228027344,Q-01,False,401.0,0,False,BKB,False,False,False,False,False,11106.0,False,False,False,NONE,False,Full Court,Q333,False,0,0,True,0,False,"220 days, 3:35:30.361664",Active,Q333-BASKETBALL-2
0,1095.3029327392578,Q-10,False,410.0,0,False,HDB,False,False,False,False,False,11417.0,False,True,False,NONE,False,Handball,Q094,False,0,0,False,0,False,"136 days, 11:06:44.234927",Active,Q094-01-HANDBALL-2
0,1322.951156616211,Q-08,False,408.0,0,False,HDB,False,False,False,False,False,11366.0,False,True,False,NONE,False,Handball,Q354,False,0,0,False,0,False,"146 days, 13:34:24.001406",Active,Q354-HANDBALL-2
0,1248.1441192626953,B-06,False,306.0,0,False,HDB,False,False,False,False,False,11215.0,False,True,False,NONE,False,Handball,B111A,False,0,0,False,0,False,"144 days, 12:35:48.306486",Active,B111A-HANDBALL-1
0,1199.0884552001953,X-01,False,201.0,0,False,HDB,False,False,False,False,False,10454.0,False,True,False,NONE,False,Handball,X103,False,0,0,False,0,False,"142 days, 1:33:09.036764",Active,X103-HANDBALL-1
0,1457.7847900390625,B-18,False,318.0,0,False,HDB,False,False,False,False,False,11234.0,False,True,False,NONE,False,Handball,B324,False,0,0,False,0,False,"153 days, 15:20:01.260963",Active,B324-HANDBALL-2
0,73145.61293029785,Q-14,False,414.0,0,False,CRK,False,False,False,False,False,11691.0,False,False,False,NONE,False,60 ft Cricket Pitch,Q007,False,0,0,False,0,False,"1096 days, 2:03:47.952430",Active,Q007-CRICKET-1
0,3304.6290893554688,Q-07,False,407.0,0,False,BKB,False,False,False,False,False,11354.0,False,False,False,NONE,False,Full Court,Q006,False,0,0,True,0,False,"233 days, 19:20:12.849162",Active,Q006-01-BASKETBALL-1
0,3854.317604064941,R-03,False,503.0,0,False,BKB,False,False,False,False,False,10309.0,False,False,False,NONE,False,Full Court,R106,False,0,0,True,0,False,"253 days, 7:16:59.567930",Active,R106-ZN03-BASKETBALL-2
0,3402.3479766845703,M-07,False,107.0,0,False,SFB,False,False,True,False,False,10025.0,False,False,False,NONE,False,"60ft base path, 150-200ft fence",M229,False,0,0,False,0,False,"216 days, 23:11:04.682905",Active,M229-BASEBALL-1
0,70086.19134521484,Q-07,False,407.0,0,False,BSB,False,False,False,True,False,11354.0,False,False,False,NONE,False,"90ft base path, 200+ft fence",Q086,False,0,0,False,0,False,"1005 days, 8:29:56.762883",Active,Q086-BASEBALL-3
0,3821.520065307617,X-03,False,203.0,0,False,BKB,False,False,False,False,False,10456.0,False,False,False,NONE,True,Full Court,X222,False,0,0,True,0,False,"260 days, 7:09:41.432708",Active,X222-BASKETBALL-3
0,1489.0677337646484,Q-13,False,413.0,0,False,HDB,False,False,False,False,False,11411.0,False,True,False,NONE,False,Handball,Q307,False,0,0,False,0,False,"155 days, 8:31:23.904525",Active,Q307-HANDBALL-1
0,1295.0440521240234,B-13,False,313.0,0,False,HDB,False,False,False,False,False,11224.0,False,True,False,NONE,False,Handball,B169B,False,0,0,False,0,False,"146 days, 15:29:29.283372",Active,B169B-HANDBALL-6
0,1993.0849304199216,X-13,False,226.0,0,False,VLB,False,False,False,False,False,10471.0,False,False,False,NONE,False,,X092,False,0,0,False,0,False,"191 days, 13:32:20.865833",Inactive,X092-ZN06-VOLLEYBALL-1
0,3580.297088623047,B-02,False,302.0,0,False,BKB,False,False,False,False,False,11201.0,False,False,False,NONE,False,Full Court,B021,False,0,0,True,0,False,"245 days, 6:47:13.463231",Active,B021-BASKETBALL-2
0,2068.980087280273,B-17,False,317.0,0,False,BKB,False,False,False,False,False,11236.0,False,False,False,NONE,False,Half Court,B271,False,0,0,True,0,False,"182 days, 19:06:37.887912",Active,B271-BASKETBALL-3
0,7784.564651489258,X-12,False,212.0,0,False,SCR,False,False,False,False,False,10467.0,False,False,False,NONE,False,45-146ft W x 75-294ft L,X169,False,0,0,False,0,False,"369 days, 3:00:55.286759",Removed,X169-SOCCER-1
0,1076.8250122070312,Q-11,False,411.0,0,False,HDB,False,False,False,False,False,11362.0,False,True,False,NONE,False,Handball,Q346,False,0,0,False,0,False,"135 days, 3:03:29.575142",Active,Q346-HANDBALL-2
0,1193.8517761230469,Q-01,False,401.0,0,False,BKB,False,False,False,False,False,11102.0,False,False,False,NONE,False,Half Court,Q436,False,0,0,False,0,False,"139 days, 7:56:31.760632",Inactive,Q436-BASKETBALL-1
0,1404.6764526367188,B-07,False,307.0,0,False,HDB,False,False,False,False,False,11220.0,False,True,False,NONE,False,Handball,B210A,False,0,0,False,0,False,"154 days, 12:21:06.706987",Active,B210A-HANDBALL-4
0,2834.2693786621094,Q-13,False,413.0,0,False,TNS,False,False,False,False,False,11413.0,False,False,False,NONE,False,Tennis,Q406,False,0,0,False,0,False,"229 days, 10:16:28.861836",Active,Q406-TENNIS-1
0,1047.7838745117188,Q-13,False,413.0,0,False,BKB,False,False,False,False,False,11422.0,False,False,False,NONE,False,Half Court,Q430,False,0,0,False,0,False,"132 days, 9:19:26.313520",Active,Q430-BASKETBALL-2
0,978.8548736572266,X-03,False,203.0,0,False,HDB,False,False,False,False,False,10457.0,False,False,False,NONE,False,Handball,X010,False,0,0,False,0,False,"127 days, 22:18:44.979532",Inactive,X010-ZN03-HANDBALL-22
0,2796.220199584961,B-18,False,318.0,0,False,TNS,False,False,False,False,False,11236.0,False,False,False,NONE,False,Tennis,B279,False,0,0,False,0,False,"227 days, 15:20:14.155752",Inactive,B279-TENNIS-1
0,3615.640350341797,Q-13,False,413.0,0,False,BKB,False,False,False,False,False,11426.0,False,False,False,NONE,True,Full Court,Q358,False,0,0,True,0,False,"246 days, 23:59:46.335800",Active,Q358-BASKETBALL-3
0,20596.854705810547,B-15,False,315.0,0,False,SFB,True,False,True,False,False,11229.0,False,False,False,NONE,False,"60ft base path, 150-200ft fence",B051,False,0,0,False,0,False,"529 days, 22:49:32.475915",Active,B051-BASEBALL-2
0,1799.9319610595703,Q-13,False,413.0,0,False,HDB,False,False,False,False,False,11411.0,False,True,False,NONE,False,Handball,Q307,False,0,0,False,0,False,"173 days, 12:45:35.261009",Active,Q307-HANDBALL-4
0,4151.387069702148,Q-13,False,413.0,0,False,BKB,False,False,False,False,False,11429.0,False,False,False,NONE,False,Full Court,Q082,False,0,0,True,0,False,"266 days, 10:08:27.223140",Active,Q082-BASKETBALL-2
0,18652.61276245117,M-14,False,109.0,0,False,SFB,True,False,True,False,False,10032.0,False,False,False,NONE,False,"60ft base path, 150-200ft fence",M140,False,0,0,False,0,False,"510 days, 2:24:07.146079",Active,M072-ZN28-BASEBALL-2
0,1194.82568359375,Q-07,False,407.0,0,False,HDB,False,False,False,False,False,11355.0,False,True,False,NONE,False,Handball,Q308,False,0,0,False,0,False,"139 days, 16:13:25.495703",Active,Q308-HANDBALL-2
0,1978.803649902344,B-01,False,301.0,0,False,VLB,False,False,False,False,False,11206.0,False,False,False,NONE,False,,B127,False,0,0,False,0,False,"187 days, 4:39:43.455826",Inactive,B127-VOLLEYBALL-2
0,1180.5094757080078,Q-05,False,405.0,0,False,HDB,False,False,False,False,False,11385.0,False,True,False,NONE,False,Handball,Q002,False,0,0,False,0,False,"141 days, 14:14:10.963925",Active,Q002-HANDBALL-3
0,1156.351058959961,B-16,False,316.0,0,False,HDB,False,False,False,False,False,11212.0,False,True,False,NONE,False,Handball,B249,False,0,0,False,0,False,"142 days, 11:11:44.444162",Active,B249-HANDBALL-1
0,3744.621871948242,Q-10,False,410.0,0,False,BKB,False,False,False,False,False,11417.0,False,False,False,NONE,False,Full Court,Q386,False,0,0,True,0,False,"251 days, 16:47:14.774364",Active,Q386-BASKETBALL-1
0,90088.31507873537,Q-07,False,407.0,0,False,BSB,False,False,False,True,False,11354.0,False,False,False,NONE,False,"90ft base path, 200+ft fence",Q476,False,0,0,False,0,False,"1189 days, 21:14:52.785541",Active,Q476-BASEBALL-1
0,28994.10804748535,B-16,False,316.0,0,False,SFB,True,False,True,True,False,11212.0,False,False,False,NONE,True,"60ft base path, 150-200ft fence",B008,False,0,0,False,0,False,"621 days, 5:30:34.949130",Active,B008-BASEBALL-2
0,2817.339889526367,Q-14,False,414.0,0,False,TNS,False,False,False,False,False,11692.0,False,False,False,NONE,False,Tennis,Q382,False,0,0,False,0,False,"228 days, 10:42:36.877683",Active,Q382-TENNIS-3
0,1098.6991119384766,B-06,False,306.0,0,False,HDB,False,False,False,False,False,11231.0,False,True,False,NONE,False,Handball,B126,False,0,0,False,0,False,"136 days, 8:43:36.656773",Active,B126-ZN03-HANDBALL-7
0,1126.0708694458008,R-03,False,503.0,0,False,BKB,False,False,False,False,False,10306.0,False,False,False,NONE,False,Half Court,R072,False,0,0,True,0,False,"134 days, 6:20:05.929279",Active,R072-BASKETBALL-1
0,17383.537368774414,Q-01,False,401.0,0,False,SFB,True,False,True,False,False,11101.0,False,False,False,NONE,True,"60ft base path, 150-200ft fence",Q104,False,0,0,False,0,False,"501 days, 2:46:16.357593",Active,Q104-BASEBALL-4
0,4039.5001525878906,M-09,False,109.0,0,False,BKB,False,False,False,False,False,10027.0,False,False,False,NONE,False,Full Court,M077,False,0,0,True,0,False,"264 days, 17:15:34.962096",Active,M077-04-BASKETBALL-2
0,2558.646026611328,Q-05,False,405.0,0,False,TNS,False,False,False,False,False,11379.0,False,False,True,NONE,False,Tennis,Q102,False,0,0,False,0,False,"218 days, 21:33:36.657275",Active,Q102-02-TENNIS-6
0,975.7769622802734,M-09,False,109.0,1,False,HDB,False,False,False,False,False,10027.0,False,True,False,NONE,False,Handball,M205,False,0,0,False,0,False,"128 days, 22:17:31.127501",Active,M205-HANDBALL-3
0,1310.0819396972656,B-15,False,315.0,0,False,HDB,False,False,False,False,False,11235.0,False,True,False,NONE,False,Handball,B251,False,0,0,False,0,False,"146 days, 0:14:45.971624",Active,B251-ZN03-HANDBALL-4
0,1052.330551147461,R-01,False,501.0,0,False,BKB,False,False,False,False,False,10310.0,False,False,False,NONE,False,Half Court,R105,False,0,0,True,0,False,"130 days, 0:54:45.551573",Inactive,R105-BASKETBALL-2
0,2735.015914916992,X-15,False,228.0,0,False,TNS,False,False,False,False,False,10465.0,False,False,True,NONE,False,Tennis,X039,False,0,0,False,0,False,"225 days, 14:09:40.944931",Active,X039-ZN01-TENNIS-6
0,2913.5428161621094,X-03,False,203.0,0,False,TNS,False,False,False,False,False,10457.0,False,False,True,NONE,True,Tennis,X010,False,0,0,False,0,False,"231 days, 5:09:04.422170",Active,X010-ZN03-TENNIS-7
0,4281.530364990234,X-13,False,226.0,0,False,BKB,False,False,False,False,False,10470.0,False,False,False,NONE,False,Full Court,X092,False,0,0,True,0,False,"272 days, 18:50:08.249007",Active,X092-06-BASKETBALL-2
0,4124.299682617188,Q-12,False,412.0,0,False,BKB,False,False,False,False,False,11423.0,False,False,False,NONE,False,Full Court,Q351,False,0,0,True,0,False,"269 days, 22:25:18.266932",Active,Q351-BASKETBALL-1
0,3722.568130493164,B-02,False,302.0,0,False,BKB,False,False,False,False,False,11205.0,False,False,False,NONE,False,Full Court,B221,False,0,0,True,0,False,"249 days, 2:30:27.853359",Active,B221-BASKETBALL-1
0,73702.28332519531,B-14,False,314.0,0,False,SCR,False,False,False,False,False,11226.0,False,False,False,AFB,False,147-295ft W x 295-393ft L,B068,True,0,0,False,0,True,"1104 days, 21:33:36.544877",Active,B073-ZN28-SOCCER-11
0,1233.6282958984375,B-02,False,302.0,0,False,HDB,False,False,False,False,False,11201.0,False,False,False,NONE,False,Handball,B431,False,0,0,False,0,False,"143 days, 23:57:53.274663",Inactive,B431-HANDBALL-6
0,17287.324295043945,Q-08,False,408.0,0,False,SFB,False,False,False,False,False,11365.0,False,False,False,NONE,False,"45-60ft base path, less than 150ft fence",Q344,False,0,0,False,0,False,"507 days, 10:01:09.385467",Active,Q344-BASEBALL-1
0,3724.900985717773,M-09,False,109.0,0,False,BKB,False,False,False,False,False,10026.0,False,False,False,NONE,False,Full Court,M056,False,0,0,False,0,False,"247 days, 18:03:11.800922",Inactive,M056-01-BASKETBALL-1
0,906.2682037353516,X-10,False,210.0,0,False,BOC,False,False,False,False,False,10461.0,False,False,False,NONE,False,Bocce,X122,False,0,0,False,0,False,"170 days, 3:30:27.761982",Active,X122-BOCCE-1
0,1165.7131805419922,Q-02,False,402.0,0,False,HDB,False,False,False,False,False,11377.0,False,True,False,NONE,False,Handball,Q205A,False,0,0,False,0,False,"141 days, 16:26:06.729289",Active,Q205A-HANDBALL-5
0,2833.0628814697266,Q-02,False,402.0,0,False,BKB,False,False,False,False,False,11101.0,False,False,False,NONE,False,Full Court,Q360U,False,0,0,True,0,False,"215 days, 20:30:26.216664",Active,Q360U-BASKETBALL-1
1,6380.792068481445,B-13,False,313.0,0,False,MPPA,False,True,False,False,False,11224.0,False,False,False,AFB,False,45-146ft W x 75-294ft L,B337,True,0,0,False,0,True,"322 days, 6:33:50.339941",Active,B337-MPPA-1
0,1436.8484954833984,B-11,False,311.0,0,False,HDB,False,False,False,False,False,11214.0,False,True,False,NONE,False,Handball,B164,False,0,0,False,0,False,"154 days, 10:18:21.251342",Active,B164-HANDBALL-3
0,1088.961456298828,X-03,False,203.0,0,False,HDB,False,False,False,False,False,10456.0,False,True,False,NONE,False,Handball,X185,False,0,0,False,0,False,"133 days, 3:14:38.512290",Active,X185-HANDBALL-2
0,1075.897430419922,M-12,False,112.0,0,False,HDB,False,False,False,False,False,10032.0,False,True,False,NONE,False,Handball,M028,False,0,0,False,0,False,"135 days, 20:34:01.494749",Active,M028-ZN01-HANDBALL-7
0,1780.2467193603516,B-18,False,318.0,0,False,BKB,False,False,False,False,False,11234.0,False,False,False,NONE,False,Half Court,B329,False,0,0,True,0,False,"169 days, 23:53:56.081478",Active,B329-01-BASKETBALL-1
0,2790.6891326904297,B-18,False,318.0,0,False,TNS,False,False,False,False,False,11234.0,False,False,True,NONE,False,Tennis,B166D,False,0,0,False,0,False,"227 days, 10:38:26.843709",Active,B166D-TENNIS-1
0,1065.2771606445312,M-04,False,104.0,0,False,HDB,False,False,False,False,False,10001.0,False,True,False,NONE,False,Handball,M011,False,0,0,False,0,False,"132 days, 15:09:52.344990",Active,M011-HANDBALL-1
0,3644.124771118164,Q-11,False,411.0,0,False,BKB,False,False,False,False,False,11361.0,False,False,False,NONE,False,Full Court,Q364,False,0,0,True,0,False,"245 days, 2:39:56.283923",Active,Q364-BASKETBALL-1
0,1530.4457397460938,Q-14,False,414.0,0,False,BKB,False,False,False,False,False,11694.0,False,False,False,NONE,False,Half Court,Q389,False,0,0,False,0,False,"158 days, 11:41:22.381585",Inactive,Q389-BASKETBALL-2
0,1119.1544952392578,X-09,False,209.0,0,False,HDB,False,False,False,False,False,10473.0,False,True,False,NONE,False,Handball,X118,False,0,0,False,0,False,"138 days, 19:25:46.876184",Active,X118-02-HANDBALL-1
0,1292.4519805908203,Q-10,False,410.0,0,False,BKB,False,False,False,False,False,11417.0,False,False,False,NONE,False,Half Court,Q414,False,0,0,True,0,False,"144 days, 14:52:14.235496",Active,Q414-BASKETBALL-2
1,14141.794998168943,X-10,False,210.0,0,False,HKY,False,False,False,False,False,10461.0,False,False,False,NONE,False,Hockey,X121,False,0,0,False,0,False,"480 days, 12:38:09.337461",Active,X121-HOCKEY-1
0,1626.258544921875,Q-01,False,401.0,0,False,HDB,False,False,False,False,False,11105.0,False,True,False,NONE,False,Handball,Q332,False,0,0,False,0,False,"163 days, 2:24:28.243356",Active,Q332-HANDBALL-2
0,72068.93385314941,X-13,False,226.0,1,False,FTB,False,False,False,False,False,10470.0,True,False,False,AFB,False,147-295ft W x 295-393ft L,X092,True,0,0,False,0,False,"1099 days, 20:53:19.895862",Active,X092-ZN10-FOOTBALL-1
0,980.626495361328,X-11,False,211.0,0,False,HDB,False,False,False,False,False,10469.0,False,True,False,NONE,False,Handball,X157,False,0,0,False,0,False,"126 days, 3:37:54.245148",Active,X157-HANDBALL-2
0,3255.663146972656,X-04,False,204.0,0,False,BKB,False,False,False,False,False,10452.0,False,False,False,NONE,False,Full Court,X153,False,0,0,True,0,False,"230 days, 19:35:04.032245",Active,X153-01-BASKETBALL-2
0,1066.866226196289,Q-07,False,407.0,0,False,HDB,False,False,False,False,False,11354.0,False,True,False,NONE,False,Handball,Q326,False,0,0,False,0,False,"131 days, 13:02:22.151650",Active,Q326-HANDBALL-2
0,39400.58639526367,B-18,False,318.0,0,True,SFB,True,False,True,False,False,11229.0,False,False,False,NONE,False,"60ft base path, 150-200ft fence",B057,False,0,0,False,0,False,"736 days, 20:03:15.542461",Active,B057-ZN04-BASEBALL-6
0,37669.87284851074,X-10,False,210.0,0,False,SFB,False,False,True,False,False,10475.0,False,False,False,NONE,False,"60ft base path, 150-200ft fence",X251,False,0,0,False,0,False,"759 days, 2:48:56.628965",Active,X251-BASEBALL-1
0,22036.19817352295,R-03,False,503.0,0,False,BSB,False,False,False,False,False,10306.0,False,False,False,NONE,False,"60ft base path, 150-200ft fence",R026,False,0,0,False,0,False,"559 days, 11:07:00.416391",Active,R026-BASEBALL-1
0,653.429931640625,Q-05,False,305.0,0,False,TNS,False,False,False,False,False,11207.0,False,False,True,NONE,True,Tennis,B047,False,0,0,False,0,False,"108 days, 23:33:49.076766",Active,Q020-ZN04-TENNIS-17
0,14544.031341552734,B-07,False,307.0,0,False,SCR,False,True,False,False,False,11232.0,True,False,False,AFB,True,45-146ft W x 75-294ft L,B087,True,0,0,False,0,True,"492 days, 7:54:10.683297",Active,B087-01-SOCCER-2
0,2959.2740173339844,Q-05,False,405.0,0,False,BKB,False,False,False,False,False,11385.0,False,False,False,NONE,False,Full Court,Q398,False,0,0,True,0,False,"223 days, 13:56:40.052585",Active,Q398-BASKETBALL-3
0,12283.27960205078,Q-02,False,402.0,0,False,SFB,False,False,True,False,False,11377.0,False,False,False,NONE,False,"60ft base path, 150-200ft fence",Q205A,False,0,0,False,0,False,"411 days, 8:03:56.234325",Active,Q205A-BASEBALL-2
0,3840.170974731445,B-07,False,307.0,0,False,BKB,False,False,False,False,False,11220.0,False,False,False,NONE,False,Full Court,B098,False,0,0,True,0,False,"252 days, 20:34:33.786982",Active,B098-BASKETBALL-2
0,1544.8526916503906,Q-13,False,413.0,0,False,HDB,False,False,False,False,False,11426.0,False,True,False,NONE,False,Handball,Q358,False,0,0,False,0,False,"158 days, 0:23:33.082506",Active,Q358-HANDBALL-4
0,1351.8533325195312,X-06,False,206.0,0,False,HDB,False,False,False,False,False,10458.0,False,True,False,NONE,False,Handball,X174,False,0,0,False,0,False,"150 days, 21:53:42.458252",Active,X174-HANDBALL-2
0,3579.5633544921875,X-11,False,211.0,0,False,BKB,False,False,False,False,False,10467.0,False,False,False,NONE,False,Full Court,X087,False,0,0,True,0,False,"245 days, 11:46:15.113170",Active,X087-BASKETBALL-2
0,3383.5875549316406,B-07,False,307.0,0,False,BKB,False,False,False,False,False,11218.0,False,False,False,NONE,False,Full Court,B130,False,0,0,True,0,False,"240 days, 5:09:21.734948",Active,B130-BASKETBALL-2
0,17419.46824645996,Q-10,False,410.0,0,False,BSB,False,False,False,True,False,11417.0,False,False,False,NONE,False,"90ft base path, 200+ft fence",Q094,False,0,0,False,0,False,"494 days, 18:49:04.687137",Active,Q094-BASEBALL-4
0,2759.154602050781,M-13,False,164.0,0,False,TNS,False,False,False,False,False,10024.0,False,False,True,NONE,False,Tennis,M010,False,0,0,False,0,False,"226 days, 10:30:15.626809",Active,M010-ZN34-TENNIS-27
0,73159.93501281738,B-08,False,308.0,0,False,BSB,True,False,True,True,False,11213.0,False,False,False,NONE,False,"90ft base path, 200+ft fence",B054,False,0,0,False,0,False,"1018 days, 15:55:45.917209",Active,B054-ZN01-BASEBALL-2
0,4056.783126831055,M-03,False,103.0,0,False,BKB,False,False,False,False,False,10009.0,False,False,False,NONE,False,Full Court,M321,False,0,1,True,0,False,"263 days, 8:54:10.002528",Active,M321-BASKETBALL-1
0,68418.27565002441,B-07,False,307.0,0,True,BSB,True,False,True,True,False,11232.0,False,False,False,NONE,False,"90ft base path, 200+ft fence",BT15,False,0,0,False,0,False,"1016 days, 6:23:32.628728",Active,BT15-BASEBALL-1
0,2799.230087280273,B-15,False,315.0,0,False,TNS,False,False,False,False,False,11235.0,False,False,True,NONE,False,Tennis,B251,False,0,0,False,0,False,"227 days, 9:30:47.677662",Active,B251-ZN03-TENNIS-6
0,642.1688232421875,M-01,False,101.0,0,False,HDB,False,False,False,False,False,10007.0,False,False,False,NONE,False,Handball,M283,False,0,0,False,0,False,"104 days, 19:20:35.289449",Inactive,M283-02-HANDBALL-1
0,1052.1299285888672,M-11,False,111.0,0,False,HDB,False,False,False,False,False,10029.0,False,True,False,NONE,False,Handball,M192,False,0,0,False,0,False,"132 days, 21:46:51.669012",Active,M192-HANDBALL-7
0,3628.641326904297,X-03,False,203.0,0,False,HDB,False,False,False,False,False,10457.0,False,False,False,NONE,False,Handball,X010,False,0,0,False,0,False,"241 days, 2:31:18.814308",Inactive,X010-05-HANDBALL-7
0,1098.3696899414062,B-16,False,316.0,0,False,HDB,False,False,False,False,False,11233.0,False,True,False,NONE,False,Handball,B144,False,0,0,False,0,False,"135 days, 15:41:18.266656",Active,B144-HANDBALL-3
0,6320.538558959961,R-02,False,502.0,0,False,SFB,True,False,True,False,False,10305.0,False,False,False,NONE,False,"60ft base path, 150-200ft fence",R063,False,0,0,False,0,False,"298 days, 5:55:12.545762",Active,R063-BASEBALL-1
0,754.7284851074219,M-09,False,109.0,0,False,HDB,False,False,False,False,False,10027.0,False,True,False,NONE,False,Handball,M077,False,0,0,False,0,False,"113 days, 12:39:53.473946",Active,M077-02-HANDBALL-3
0,2902.4625549316406,X-07,False,207.0,0,False,TNS,False,False,False,False,False,10467.0,False,False,True,NONE,False,Tennis,X104,False,0,0,False,0,False,"231 days, 3:21:55.310834",Active,X104-TENNIS-1
0,1266.4481811523438,M-04,False,104.0,0,False,HDB,False,False,False,False,False,10001.0,False,True,False,NONE,False,Handball,M011,False,0,0,False,0,False,"143 days, 7:31:19.557701",Active,M011-HANDBALL-5
0,62756.87893676758,X-13,False,226.0,0,False,CRK,False,False,False,False,False,10471.0,False,False,False,NONE,False,60 ft Cricket Pitch,X092,False,0,0,False,0,False,"980 days, 15:43:17.222727",Active,X092-ZN05-CRICKET-5
0,4044.088562011719,Q-16,False,482.0,0,False,BKB,False,False,False,False,False,11385.0,False,False,False,NONE,False,Full Court,Q015,False,0,0,True,0,False,"264 days, 3:05:00.301175",Active,Q015-03-BASKETBALL-1
0,9352.526229858398,M-06,False,106.0,0,False,SCR,False,False,False,False,False,10009.0,False,False,False,NONE,False,147-295ft W x 295-393ft L,M059,False,0,0,False,0,True,"407 days, 14:40:45.151235",Active,M059-SOCCER-1
0,1162.03125,X-01,False,201.0,1,False,HDB,False,False,False,False,False,10451.0,False,True,False,NONE,False,Handball,X210,False,0,0,False,0,False,"140 days, 22:26:34.630016",Active,X210-HANDBALL-3
0,77000.04374694824,X-03,False,203.0,0,False,BSB,True,False,True,True,False,10457.0,False,False,False,NONE,False,"90ft base path, 200+ft fence",X010,False,0,0,False,0,False,"1102 days, 6:21:09.446651",Active,X010-ZN10-BASEBALL-1
0,2948.418975830078,X-13,False,226.0,0,False,TNS,False,False,False,False,False,10470.0,False,False,True,NONE,False,Tennis,X092,False,0,0,False,0,False,"229 days, 23:45:09.865379",Inactive,X092-ZN11-TENNIS-2
0,1288.0569763183594,B-10,False,310.0,0,False,HDB,False,False,False,False,False,11228.0,False,True,False,NONE,False,Handball,B028,False,0,0,False,0,False,"147 days, 9:34:22.644595",Active,B028-03-HANDBALL-2
0,38235.13246154785,M-15,False,103.0,0,False,SCR,False,False,False,False,False,10002.0,False,False,False,NONE,False,45-146ft W x 75-294ft L,M144,False,0,0,False,0,True,"785 days, 2:08:59.442177",Active,M144-ZN05-SOCCER-3
0,25768.54450988769,X-06,False,206.0,0,False,SFB,False,False,True,False,False,10457.0,False,False,False,NONE,False,"60ft base path, 150-200ft fence",X263,False,0,0,False,0,False,"585 days, 9:32:11.822031",Active,X263-BASEBALL-1
0,21131.05323791504,Q-12,False,412.0,0,False,SFB,True,False,True,True,False,11433.0,False,False,False,NONE,False,"60ft base path, 150-200ft fence",Q051,False,0,0,False,0,False,"531 days, 4:19:13.969345",Active,Q051-BASEBALL-1
0,1304.8126678466797,X-11,False,211.0,0,False,HDB,False,False,False,False,False,10469.0,False,True,False,NONE,False,Handball,X232,False,0,0,False,0,False,"147 days, 16:18:06.966689",Active,X232-HANDBALL-3
0,3709.8325958251953,Q-16,False,405.0,0,False,BKB,False,False,False,False,False,11385.0,False,False,False,NONE,False,Full Court,Q015,False,0,0,True,0,False,"248 days, 9:11:57.934461",Active,Q015-08-BASKETBALL-1
0,8614.349746704102,Q-01,False,401.0,0,True,SCR,False,False,False,False,False,11105.0,False,False,False,NONE,False,Unknown,Q395,False,0,0,False,0,False,"378 days, 9:57:24.868796",Inactive,Q395-SOCCER-1
0,1951.9781951904297,X-09,False,209.0,0,False,BKB,False,False,False,False,False,10472.0,False,False,False,NONE,False,Half Court,X195A,False,0,0,True,0,False,"180 days, 14:04:05.346216",Active,X195A-BASKETBALL-3
0,3983.261642456055,B-07,False,307.0,0,False,BKB,False,False,False,False,False,11232.0,False,False,False,NONE,False,Full Court,B210B,False,0,0,True,0,False,"258 days, 9:44:48.589708",Active,B210B-BASKETBALL-2
0,1268.6064453125,M-07,False,107.0,0,False,BKB,False,False,False,False,False,10025.0,False,False,False,NONE,False,Half Court,M238,False,0,0,False,0,False,"142 days, 21:05:10.702356",Active,M238-BASKETBALL-6
0,1288.7708129882812,B-15,False,315.0,0,False,HDB,False,False,False,False,False,11229.0,False,True,False,NONE,False,Handball,B157,False,0,0,False,0,False,"147 days, 8:59:38.731594",Active,B157-HANDBALL-4
0,2799.869857788086,X-04,False,204.0,1,False,TNS,False,False,False,False,False,10451.0,False,False,True,NONE,False,Tennis,X344,False,0,0,False,0,False,"228 days, 6:35:57.260750",Active,X344-TENNIS-11
0,1309.825668334961,X-09,False,209.0,0,False,HDB,False,False,False,False,False,10473.0,False,True,False,NONE,False,Handball,X151,False,0,0,False,0,False,"152 days, 22:10:43.296794",Active,X151-HANDBALL-4
0,59019.57308959961,M-11,False,111.0,0,False,SCR,False,False,False,False,False,10035.0,False,False,False,NONE,False,147-295ft W x 295-393ft L,M104,False,0,0,False,0,True,"994 days, 4:52:55.636829",Active,M104-ZN04-SOCCER-3
0,3514.461196899414,M-10,False,110.0,0,False,BKB,False,False,False,False,False,10026.0,False,False,False,NONE,False,Full Court,M198,False,0,0,False,0,False,"244 days, 16:41:36.642416",Active,M198-BASKETBALL-1
0,4138.549896240234,B-01,False,301.0,0,False,BKB,False,False,False,False,False,11206.0,False,False,False,NONE,False,Full Court,B311,False,0,0,True,0,False,"265 days, 15:41:56.165112",Active,B311-BASKETBALL-2
0,1554.6088256835938,Q-03,False,403.0,0,False,HDB,False,False,False,False,False,11372.0,False,True,False,NONE,False,Handball,Q122,False,0,0,False,0,False,"159 days, 16:58:22.948016",Active,Q122-HANDBALL-1
0,1659.8690338134766,Q-14,False,414.0,0,False,HDB,False,False,False,False,False,11694.0,False,True,False,NONE,False,Handball,Q389,False,0,0,False,0,False,"163 days, 12:58:36.667976",Active,Q389-HANDBALL-1
0,36972.37545776367,B-13,False,313.0,0,False,FTB,False,True,False,False,False,11214.0,True,False,False,AFB,False,45-146ft W x 75-294ft L,B166C,True,0,0,False,0,True,"781 days, 17:17:35.352523",Active,B166C-ZN02-SOCCER-2
0,1016.978271484375,B-03,False,303.0,0,False,HDB,False,False,False,False,False,11206.0,False,True,False,NONE,False,Handball,B217,False,0,0,False,0,False,"130 days, 22:26:21.326872",Active,B217-HANDBALL-2
0,739.556640625,R-01,False,501.0,0,False,BOC,False,False,False,False,True,10305.0,False,False,False,NONE,False,Bocce,R035,False,0,0,False,0,False,"139 days, 23:53:46.081672",Active,R035-BOCCE-2
0,39702.29905700684,M-13,False,164.0,0,False,SFB,True,False,True,False,False,10025.0,False,False,False,NONE,False,"60ft base path, 150-200ft fence",M010,False,0,0,False,0,False,"732 days, 13:50:15.981386",Active,M010-ZN37-BASEBALL-9
0,1182.284423828125,B-01,False,301.0,0,False,HDB,False,False,False,False,False,11211.0,False,True,False,NONE,False,Handball,B025,False,0,0,False,0,False,"143 days, 11:26:35.254943",Active,B025-HANDBALL-1
0,1607.7384948730469,Q-07,False,407.0,0,False,HDB,False,False,False,False,False,11354.0,False,True,False,NONE,False,Handball,Q347,False,0,0,False,0,False,"160 days, 18:14:23.231796",Active,Q347-HANDBALL-1
0,1098.7911987304688,B-03,False,303.0,0,False,HDB,False,False,False,False,False,11221.0,False,True,False,NONE,False,Handball,B359,False,0,0,False,0,False,"134 days, 8:51:10.857652",Active,B359-HANDBALL-3
0,20299.0675201416,M-11,False,111.0,0,False,TRK,False,False,False,False,False,10029.0,False,False,False,NONE,False,Track,M047,False,0,0,False,0,False,"2085 days, 11:23:09.790155",Active,M047-TRACK-1
0,1201.5970306396484,X-15,False,228.0,0,False,HDB,False,False,False,False,False,10464.0,False,True,False,NONE,False,Handball,X039,False,0,0,False,0,False,"144 days, 3:34:37.379104",Active,X039-ZN17-HANDBALL-23
0,1176.1063995361328,M-11,False,111.0,0,False,HDB,False,False,False,False,False,10035.0,False,True,False,NONE,False,Handball,M208D,False,0,0,False,0,False,"141 days, 8:55:07.200912",Active,M208D-HANDBALL-6
0,1344.0465850830078,M-04,False,104.0,0,False,HDB,False,False,False,False,False,10036.0,False,True,False,NONE,False,Handball,M277,False,0,0,False,0,False,"146 days, 22:55:06.166252",Active,M277-HANDBALL-1
0,948.7579650878906,X-12,False,212.0,0,False,HDB,False,False,False,False,False,10466.0,False,True,False,NONE,False,Handball,X165,False,0,0,False,0,False,"123 days, 6:33:16.804959",Active,X165-HANDBALL-1
0,20032.244430541992,B-06,False,306.0,0,False,FTB,False,True,False,False,False,11201.0,False,True,False,AFB,False,45-146ft W x 75-294ft L,B050,True,0,0,False,0,True,"579 days, 2:04:44.899095",Active,B050-FOOTBALL-7
0,66507.87231445312,Q-14,False,414.0,0,False,FTB,False,False,False,False,False,11691.0,False,False,False,NONE,False,,Q371,False,0,0,False,0,False,"1084 days, 8:00:34.349018",Inactive,Q371-FOOTBALL-1
0,2779.7960815429688,Q-15,False,481.0,0,False,TNS,False,False,False,False,False,11368.0,False,False,False,NONE,False,Tennis,Q099,False,0,0,False,0,False,"227 days, 2:29:59.890159",Archived,Q099-ZN04-TENNIS-9
0,1728.8781127929688,B-02,False,302.0,0,False,HDB,False,False,False,False,False,11205.0,False,True,False,NONE,False,Handball,B293,False,0,0,False,0,False,"168 days, 14:17:32.279183",Active,B293-HANDBALL-1
0,1183.5408935546875,B-08,False,308.0,0,False,HDB,False,False,False,False,False,11213.0,False,True,False,NONE,False,Handball,B054,False,0,0,False,0,False,"143 days, 1:03:48.728277",Active,B054-ZN01-HANDBALL-15
0,1427.4799194335938,B-18,False,318.0,0,False,HDB,False,False,False,False,False,11234.0,False,True,False,NONE,False,Handball,B057,False,0,0,False,0,False,"153 days, 1:24:31.010491",Active,B057-05-HANDBALL-8
0,2981.479934692383,R-02,False,502.0,0,False,HDB,False,False,False,False,False,10305.0,False,False,False,NONE,False,,R087,False,0,0,False,0,False,"219 days, 19:31:15.062340",Inactive,R087-HANDBALL-1
0,1759.6248321533203,B-02,False,302.0,0,False,VLB,False,False,False,False,False,11201.0,False,False,False,NONE,False,Volleyball,B431,False,0,0,False,0,False,"181 days, 10:20:41.947074",Inactive,B431-VOLLEYBALL-2
0,3491.549545288086,B-01,False,301.0,0,False,BKB,False,False,False,False,False,11211.0,False,False,False,NONE,False,Full Court,B025,False,0,0,True,0,False,"249 days, 0:40:38.571602",Active,B025-BASKETBALL-2
0,49957.30653381348,B-06,False,306.0,0,False,CRK,False,False,False,False,False,11231.0,False,False,False,NONE,False,,B126,False,0,0,False,0,False,"839 days, 4:47:05.580186",Inactive,B126-ZN04-CRICKET-1
0,49921.94450378418,B-14,False,314.0,0,False,SCR,False,False,False,False,False,11226.0,False,False,False,NONE,False,45-146ft W x 75-294ft L,B068,False,0,0,False,0,True,"919 days, 12:54:13.049202",Active,B073-ZN27-SOCCER-7
0,3994.86328125,B-13,False,313.0,0,False,BKB,False,False,False,False,False,11224.0,False,False,False,NONE,True,Full Court,B129,False,0,0,True,0,False,"263 days, 2:54:57.354099",Active,B129-ZN01-BASKETBALL-1
0,38158.31137084961,B-10,False,310.0,0,False,SCR,False,True,False,False,False,11209.0,True,False,False,AFB,False,45-146ft W x 75-294ft L,B082,True,0,0,False,0,True,"819 days, 4:26:53.128838",Active,B082-ZN02-SOCCER-1
0,1550.2223358154297,M-11,False,111.0,0,False,HDB,False,False,False,False,False,10029.0,False,True,False,NONE,False,Handball,M213,False,0,0,False,0,False,"158 days, 12:58:53.778464",Active,M213-HANDBALL-2
0,1152.095443725586,B-08,False,308.0,0,False,HDB,False,False,False,False,False,11213.0,False,True,False,NONE,False,Handball,B054,False,0,0,False,0,False,"140 days, 10:50:26.829446",Active,B054-ZN01-HANDBALL-13
0,2849.399215698242,X-01,False,201.0,1,False,TNS,False,False,False,False,False,10451.0,False,False,False,NONE,False,Tennis,X210,False,0,0,False,0,False,"228 days, 18:34:01.381374",Active,X210-TENNIS-3
0,1153.0330200195312,Q-03,False,403.0,0,False,HDB,False,False,False,False,False,11370.0,False,True,False,NONE,False,Handball,Q085,False,0,0,False,0,False,"137 days, 6:31:24.387409",Active,Q085-HANDBALL-2
0,1807.4930877685547,R-02,False,595.0,0,False,VLB,False,False,False,False,False,10305.0,False,False,False,NONE,False,Volleyball,R046,False,0,1,False,0,False,"180 days, 15:28:34.192087",Active,R046-ZN01-VOLLEYBALL-2
0,60055.03541564941,B-10,False,310.0,0,False,FTB,False,False,False,False,False,11209.0,False,False,False,NONE,False,,B192A,False,0,0,False,0,False,"1064 days, 14:34:10.934512",Inactive,B192A-FOOTBALL-1
0,1171.5170288085938,B-16,False,316.0,0,False,HDB,False,False,False,False,False,11212.0,False,True,False,NONE,False,Handball,B008,False,0,0,False,0,False,"141 days, 21:48:59.010750",Closed Temporarily,B008-HANDBALL-2
0,1076.1268768310547,Q-13,False,413.0,0,False,HDB,False,False,False,False,False,11426.0,False,False,False,NONE,False,Handball,Q001A,False,0,0,False,0,False,"134 days, 19:39:00.501752",Active,Q001-ZN01-HANDBALL-3
0,1382.7219696044922,Q-14,False,414.0,0,False,BKB,False,False,False,False,False,11691.0,False,False,False,NONE,False,Half Court,Q162J01,False,0,0,True,0,False,"149 days, 18:36:51.127400",Active,Q162J01-BASKETBALL-5
0,34889.70732116699,M-11,False,111.0,0,False,BSB,False,True,False,False,False,10035.0,True,False,False,NONE,False,45-146ft W x 75-294ft L,M104,True,0,0,False,0,True,"724 days, 3:09:59.898596",Inactive,M104-ZN01-BASEBALL-12
0,1343.6558990478516,Q-12,False,412.0,0,False,BKB,False,False,False,False,False,11432.0,False,False,False,NONE,False,Half Court,Q120,False,0,0,True,0,False,"146 days, 15:23:27.900407",Active,Q120-BASKETBALL-1
0,2020.698013305664,Q-14,False,414.0,0,False,HDB,False,False,False,False,False,11693.0,False,True,False,NONE,False,Handball,Q163,False,0,0,False,0,False,"184 days, 11:28:57.521689",Removed,Q163-ZN06A-HANDBALL-3
0,64019.61683654785,M-15,False,103.0,0,False,SCR,False,False,False,False,False,10002.0,False,False,False,AFB,True,160 x 360ft rectangular,M144,True,0,0,False,0,True,"1048 days, 4:18:58.832300",Active,M144-ZN02-SOCCER-1
0,23431.95590209961,B-15,False,315.0,0,False,SCR,False,True,False,False,False,11235.0,True,False,False,AFB,False,45-146ft W x 75-294ft L,B109,True,0,0,False,0,True,"702 days, 3:59:24.471057",Active,B109-FOOTBALL-1
0,1914.15251159668,B-08,False,308.0,0,False,HDB,False,False,False,False,False,11217.0,False,False,False,NONE,False,Handball,B232,False,0,0,False,0,False,"179 days, 3:21:02.280550",Inactive,B232-HANDBALL-2
0,33311.635833740234,Q-13,False,413.0,0,False,FTB,False,False,False,False,False,11422.0,False,False,False,NONE,False,,Q008,False,0,0,False,0,False,"804 days, 15:21:32.454991",Inactive,Q008-ZN03-FOOTBALL-2
0,1074.0160064697266,Q-08,False,408.0,0,False,HDB,False,False,False,False,False,11432.0,False,True,False,NONE,False,Handball,Q391,False,0,0,False,0,False,"133 days, 4:36:21.016340",Active,Q391-HANDBALL-4
0,1174.669952392578,X-04,False,204.0,0,False,HDB,False,False,False,False,False,10451.0,False,True,False,NONE,False,Handball,X030,False,0,0,False,0,False,"142 days, 7:36:54.778519",Active,X030-01-HANDBALL-1
0,2871.952209472656,B-05,False,305.0,0,False,TNS,False,False,False,False,False,11207.0,False,False,True,NONE,False,Tennis,B214,False,0,0,False,0,False,"230 days, 22:41:28.894176",Active,B214-01-TENNIS-1
0,2685.260711669922,Q-13,False,413.0,0,False,TNS,False,False,False,False,False,11413.0,False,False,True,NONE,False,Tennis,Q107,False,0,0,False,0,False,"221 days, 19:17:06.806377",Active,Q107-01-TENNIS-2
0,954.753646850586,B-06,False,306.0,0,False,HDB,False,False,False,False,False,11231.0,False,True,False,NONE,False,Handball,B210H,False,0,0,False,0,False,"125 days, 9:18:22.346242",Active,B210H-HANDBALL-1
0,63598.331466674805,X-13,False,226.0,0,False,CRK,False,False,False,False,False,10471.0,False,False,False,NONE,False,60 ft Cricket Pitch,X092,False,0,0,False,0,False,"990 days, 0:06:59.630770",Active,X092-ZN05-CRICKET-1
0,2768.634262084961,B-13,False,313.0,0,False,TNS,False,False,False,False,False,11224.0,False,False,True,NONE,False,Tennis,B129,False,0,0,False,0,False,"226 days, 6:39:20.326773",Active,B129-ZN01-TENNIS-9
0,1111.7023315429688,M-12,False,112.0,0,False,HDB,False,False,False,False,False,10034.0,False,True,False,NONE,False,Handball,M042,False,0,0,False,0,False,"137 days, 17:41:26.389399",Active,M042-02-HANDBALL-6
0,16023.25424194336,Q-09,False,409.0,0,False,HKY,False,False,False,False,False,11416.0,False,False,False,NONE,False,,Q128,False,0,0,False,0,False,"525 days, 18:56:17.350250",Inactive,Q128-HOCKEY-1
0,5126.977203369141,M-06,False,106.0,0,False,SFB,True,False,True,True,False,10009.0,False,False,False,NONE,False,"45-60ft base path, less than 150ft fence",M059,False,0,0,False,0,False,"261 days, 20:51:36.713785",Active,M059-BASEBALL-2
0,20630.16897583008,M-03,False,103.0,0,False,SFB,True,False,True,False,False,10002.0,False,False,False,NONE,False,"60ft base path, 150-200ft fence",M165,False,0,0,False,0,False,"529 days, 12:42:04.072160",Active,M165-BASEBALL-2
0,3738.923614501953,Q-01,False,401.0,0,False,BKB,False,False,False,False,False,11105.0,False,False,False,NONE,False,Full Court,Q385,False,0,0,True,0,False,"251 days, 0:11:00.678055",Active,Q385-BASKETBALL-1
0,2757.843017578125,M-11,False,111.0,0,False,TNS,False,False,False,False,False,10035.0,False,False,True,NONE,True,Tennis,M104,False,0,0,False,0,False,"225 days, 22:54:38.056354",Active,M104-ZN02-TENNIS-8
0,1366.3895721435547,B-10,False,310.0,0,False,HDB,False,False,False,False,False,11228.0,False,True,False,NONE,False,Handball,B028,False,0,0,False,0,False,"151 days, 19:19:47.236017",Active,B028-ZN01-HANDBALL-1
0,3311.0509643554688,Q-11,False,411.0,0,False,BKB,False,False,False,False,False,11364.0,False,False,False,NONE,False,Full Court,Q400,False,0,0,True,0,False,"236 days, 2:09:56.031977",Active,Q400-BASKETBALL-2
0,2641.2264862060547,B-13,False,313.0,0,False,BKB,False,False,False,False,False,11224.0,False,False,False,NONE,False,Full Court,B315,False,0,0,True,0,False,"209 days, 15:26:26.139312",Active,B315-BASKETBALL-1
0,1127.8562927246094,X-15,False,228.0,0,False,HDB,False,False,False,False,False,10464.0,False,True,False,NONE,False,Handball,X039,False,0,0,False,0,False,"138 days, 15:30:58.313973",Active,X039-ZN17-HANDBALL-1
0,2484.940826416016,M-11,False,111.0,0,False,BKB,False,False,False,False,False,10029.0,False,False,False,NONE,False,Full Court,M111,False,0,0,True,0,False,"202 days, 11:51:53.894497",Active,M111-BASKETBALL-1
0,1050.154815673828,Q-06,False,406.0,0,False,BKB,False,False,False,False,False,11375.0,False,False,False,NONE,False,Half Court,Q335,False,0,0,True,0,False,"129 days, 16:55:55.061275",Active,Q335-BASKETBALL-4
0,3494.326232910156,R-01,False,501.0,0,False,BKB,False,False,False,False,False,10310.0,False,False,False,NONE,False,Full Court,R034,False,0,0,False,0,False,"240 days, 18:34:52.151346",Inactive,R034-BASKETBALL-1
0,838.0597686767578,Q-07,False,407.0,0,False,BKB,False,False,False,False,False,11354.0,False,False,False,NONE,False,Half Court,Q419,False,0,0,True,0,False,"116 days, 8:29:05.447522",Active,Q419-BASKETBALL-4
0,1283.3152618408203,M-03,False,103.0,0,False,HDB,False,False,False,False,False,10002.0,False,True,False,NONE,False,Handball,M228,False,0,0,False,0,False,"145 days, 21:43:05.083068",Active,M228-HANDBALL-3
0,1147.1377868652344,X-08,False,208.0,0,False,HDB,False,False,False,False,False,10463.0,False,True,False,NONE,False,Handball,X150J,False,0,0,False,0,False,"136 days, 15:15:20.427702",Active,X150J-HANDBALL-3
0,1094.1304626464844,B-02,False,302.0,0,False,HDB,False,False,False,False,False,11205.0,False,True,False,NONE,False,Handball,B292,False,0,0,False,0,False,"135 days, 21:02:01.136082",Active,B292-HANDBALL-2
0,1335.9193420410156,B-08,False,308.0,0,False,HDB,False,False,False,False,False,11213.0,False,True,False,NONE,True,Handball,B245,False,0,0,False,0,False,"148 days, 18:15:15.767835",Active,B245-HANDBALL-6
0,4025.1302490234375,X-15,False,228.0,0,False,BKB,False,False,False,False,False,10464.0,False,False,False,NONE,False,Full Court,X039,False,0,0,True,0,False,"263 days, 18:28:34.892914",Active,X039-ZN17-BASKETBALL-2
0,1201.8868408203125,B-02,False,302.0,0,False,HDB,False,False,False,False,False,11201.0,False,True,False,NONE,False,Handball,B243,False,0,0,False,0,False,"143 days, 11:11:12.385097",Active,B243-HANDBALL-1
0,4260.851165771484,M-03,False,103.0,0,False,BKB,False,False,False,False,False,10002.0,False,False,False,NONE,False,Full Court,M206,False,0,0,True,0,False,"271 days, 6:53:01.132756",Removed,M206-BASKETBALL-1
0,1773.157699584961,Q-14,False,414.0,0,False,HDB,False,False,False,False,False,11694.0,False,True,False,NONE,False,Handball,Q163,False,0,0,False,0,False,"170 days, 18:22:15.214234",Removed,Q163-ZN07A-HANDBALL-2
0,2917.716766357422,X-03,False,203.0,0,False,TNS,False,False,False,False,False,10457.0,False,False,False,NONE,True,Tennis,X010,False,0,0,False,0,False,"231 days, 8:03:37.460102",Active,X010-ZN03-TENNIS-22
0,28137.812622070312,M-14,False,107.0,0,False,SCR,False,False,True,False,False,10023.0,False,False,True,AFB,False,147-295ft W x 295-393ft L,M353,True,0,1,False,0,True,"778 days, 22:27:55.843501",Active,M071-ZN02-SOCCER-1
0,1242.3459930419922,B-01,False,301.0,0,False,HDB,False,False,False,False,False,11211.0,False,True,False,NONE,False,Handball,B025,False,0,0,False,0,False,"146 days, 0:08:41.537649",Active,B025-HANDBALL-2
0,2895.136245727539,M-09,False,109.0,0,False,BKB,False,False,False,False,False,10027.0,False,False,False,NONE,True,Full Court,M205,False,0,0,True,0,False,"225 days, 20:10:25.948202",Active,M205-BASKETBALL-2
0,662.4969635009766,M-03,False,103.0,0,False,BKB,False,False,False,False,False,10002.0,False,False,False,NONE,False,Half Court,M241,False,0,0,True,0,False,"103 days, 11:01:11.942654",Active,M241-BASKETBALL-2
0,1837.6896667480469,Q-14,False,414.0,0,False,HDB,False,False,False,False,False,11694.0,False,True,False,NONE,False,Handball,Q163,False,0,0,False,0,False,"180 days, 0:34:08.903378",Removed,Q163-ZN07A-HANDBALL-8
0,2269.6004333496094,B-03,False,303.0,0,False,BKB,False,False,False,False,False,11206.0,False,False,False,NONE,False,Half Court,B322,False,0,0,True,0,False,"190 days, 23:28:00.478251",Removed,B322-BASKETBALL-3
0,1223.3208770751953,Q-08,False,408.0,0,False,HDB,False,False,False,False,False,11365.0,False,True,False,NONE,False,Handball,Q294,False,0,0,False,0,False,"144 days, 12:49:19.015344",Active,Q294-HANDBALL-2
0,3617.1891326904297,M-03,False,103.0,0,False,BKB,False,False,False,False,False,10002.0,False,False,False,NONE,False,Full Court,M228,False,0,0,True,0,False,"247 days, 0:56:46.233953",Active,M228-BASKETBALL-3
0,2557.0479583740234,Q-14,False,414.0,0,False,BKB,False,False,False,False,False,11694.0,False,False,False,NONE,False,Full Court,Q422,False,0,0,True,0,False,"206 days, 12:31:49.024723",Active,Q422-BASKETBALL-1
0,1233.9995880126953,X-13,False,226.0,0,False,HDB,False,False,False,False,False,10471.0,False,True,False,NONE,False,Handball,X092,False,0,0,False,0,False,"141 days, 23:49:08.061439",Active,X092-ZN02-HANDBALL-4
0,3153.518051147461,R-02,,,0,False,BKB,False,False,False,False,,,False,False,False,NONE,False,Full Court,R062,False,0,0,False,0,False,"234 days, 19:30:32.373859",Active,R062-BASKETBALL-0001
1,22097.871795654297,B-03,False,303.0,0,True,MPPA,False,False,True,False,False,11206.0,False,False,False,AFB,False,147-295ft W x 295-393ft L,B322,True,0,0,False,0,True,"594 days, 21:38:47.818948",Active,B322-BASEBALL-1
0,1560.6309661865234,B-16,False,316.0,0,False,HDB,False,False,False,False,False,11212.0,False,False,False,NONE,False,Handball,B363,False,0,0,False,0,False,"164 days, 3:03:08.535658",Inactive,B363-HANDBALL-4
0,78333.52253723145,B-01,False,301.0,0,False,SFB,False,False,True,False,False,11222.0,False,False,False,NONE,False,"60ft base path, 150-200ft fence",B058,False,0,0,False,0,False,"1134 days, 4:13:03.295939",Inactive,B058-ZN04-BASEBALL-1
0,1585.2311706542969,B-01,False,301.0,0,False,BKB,False,False,False,False,False,11211.0,False,False,False,NONE,False,Half Court,,False,0,0,True,0,False,"159 days, 21:00:57.579639",Active,B223R-BASKETBALL-2
0,31446.23193359375,Q-12,False,412.0,0,False,SFB,False,False,False,False,False,11434.0,False,False,False,NONE,False,"60ft base path, 150-200ft fence",Q005,False,0,0,False,0,False,"657 days, 18:17:02.598730",Active,Q005-05-BASEBALL-1
0,2018.011962890625,X-03,False,203.0,0,False,HDB,False,False,False,False,False,10457.0,False,True,False,NONE,False,Handball,X010,False,0,0,False,0,False,"194 days, 11:30:49.551082",Active,X010-05-HANDBALL-11
0,1600.0981903076172,B-06,False,306.0,0,False,HDB,False,False,False,False,False,11217.0,False,True,False,NONE,False,Handball,B145,False,0,0,False,0,False,"163 days, 16:53:49.047683",Active,B145-HANDBALL-6
0,2840.591278076172,Q-13,False,413.0,0,False,TNS,False,False,False,False,False,11422.0,False,False,True,NONE,False,Tennis,Q008,False,0,0,False,0,False,"228 days, 18:28:22.464964",Active,Q008-ZN02-TENNIS-3
1,16501.715591430664,Q-07,False,407.0,0,False,HKY,False,False,False,False,False,11360.0,False,False,False,NONE,False,Hockey,Q010A,False,0,0,False,0,False,"534 days, 7:26:16.428803",Active,Q010A-ZN02-HOCKEY-1
0,2838.9215087890625,Q-05,False,305.0,0,False,TNS,False,False,False,False,False,11207.0,False,False,True,NONE,True,Tennis,B047,False,0,0,False,0,False,"228 days, 4:38:58.161563",Active,Q020-ZN04-TENNIS-8
0,14216.250915527344,M-03,False,103.0,0,False,SCR,False,False,False,False,False,10002.0,False,False,False,NONE,False,45-146ft W x 75-294ft L,M206,False,0,0,False,0,True,"527 days, 15:35:50.044669",Active,M206-SOCCER-001
0,2584.7616271972656,B-15,False,315.0,0,False,BKB,False,False,False,False,False,11235.0,False,False,False,NONE,False,Full Court,B306,False,0,0,True,0,False,"206 days, 2:32:54.885709",Active,B306-BASKETBALL-1
0,881.9352416992188,R-03,False,503.0,0,False,BKB,False,False,False,False,False,10312.0,False,False,False,NONE,False,Half Court,R085,False,0,0,False,0,False,"119 days, 11:17:29.526539",Active,R085-BASKETBALL-2
0,1290.7130126953125,M-06,False,106.0,0,False,HDB,False,False,False,False,False,10010.0,False,True,False,NONE,False,Handball,M164,False,0,0,False,0,False,"146 days, 20:01:29.674812",Active,M164-HANDBALL-2
0,1132.8154296875,Q-07,False,407.0,0,False,HDB,False,False,False,False,False,11365.0,False,True,False,NONE,False,Handball,Q024,False,0,0,False,0,False,"138 days, 3:34:19.442136",Active,Q024-03-HANDBALL-4
0,49322.65899658203,B-05,False,305.0,0,True,FTB,False,True,False,False,False,11208.0,True,False,False,NONE,False,160 x 360ft rectangular,B103,True,0,0,False,0,True,"939 days, 10:57:51.081821",Active,B103-FOOTBALL-1
0,1363.3940887451172,X-03,False,203.0,0,False,HDB,False,False,False,False,False,10457.0,False,True,False,NONE,False,Handball,X010,False,0,0,False,0,False,"150 days, 1:50:03.093788",Active,X010-07-HANDBALL-3
0,1225.9875946044922,M-04,False,104.0,0,False,HDB,False,False,False,False,False,10019.0,False,True,False,NONE,False,Handball,M221,False,0,0,False,0,False,"144 days, 4:52:16.745002",Active,M221-HANDBALL-1
0,17430.535202026367,B-17,False,317.0,0,False,CRK,False,False,False,False,False,11203.0,False,False,False,NONE,False,60 ft Cricket Pitch,B218,False,0,0,False,0,False,"529 days, 23:25:31.110663",Active,B218-CRICKET-1
0,1166.0815887451172,B-02,False,302.0,0,False,HDB,False,False,False,False,False,11201.0,False,True,False,NONE,False,Handball,B061,False,0,0,False,0,False,"138 days, 17:59:24.077670",Active,B061-HANDBALL-2
0,4178.22119140625,M-09,False,109.0,0,False,HKY,False,False,False,False,False,10026.0,False,False,False,NONE,False,Hockey,M056,False,0,0,False,0,False,"253 days, 13:15:49.965910",Active,M056-01-HOCKEY-1
0,10579.296661376951,B-06,False,306.0,0,False,SFB,True,False,True,False,False,11231.0,False,False,False,NONE,False,"60ft base path, 150-200ft fence",B077,False,0,0,False,0,False,"374 days, 23:21:22.785055",Active,B077-01-BASEBALL-1
0,59393.88458251953,X-13,False,226.0,0,False,CRK,False,False,False,False,False,10471.0,False,False,False,NONE,False,60 ft Cricket Pitch,X092,False,0,0,False,0,False,"943 days, 6:56:12.733129",Active,X092-ZN05-CRICKET-8
0,1383.4274291992188,B-02,False,302.0,0,False,HDB,False,False,False,False,False,11201.0,False,True,False,NONE,False,Handball,B021,False,0,0,False,0,False,"151 days, 17:21:20.103466",Active,B021-HANDBALL-7
0,28053.168350219727,B-06,False,306.0,0,False,SCR,False,True,False,False,False,11231.0,True,False,False,NONE,False,45-146ft W x 75-294ft L,B126,True,0,0,False,0,True,"718 days, 13:14:32.248669",Active,B126-ZN07-SOCCER-1
0,1749.424560546875,M-03,False,103.0,0,False,VLB,False,False,False,False,False,10002.0,False,False,False,NONE,False,Volleyball,M105,False,0,1,False,0,False,"176 days, 19:59:20.272476",Active,M105-VOLLEYBALL-3
0,3614.414520263672,X-04,False,204.0,0,False,BKB,False,False,False,False,False,10452.0,False,False,False,NONE,False,Full Court,X153,False,0,0,True,0,False,"246 days, 6:44:46.401147",Active,X153-02-BASKETBALL-2
0,14249.209732055664,Q-14,False,414.0,0,False,SFB,False,False,False,False,False,11691.0,False,False,False,NONE,False,"60ft base path, 150-200ft fence",Q266,False,0,0,False,0,False,"445 days, 9:18:39.161873",Active,Q266-BASEBALL-1
0,41376.82189941406,M-11,False,111.0,0,False,SFB,True,False,True,False,False,10035.0,False,False,False,NONE,False,"60ft base path, 150-200ft fence",M104,False,0,0,False,0,False,"801 days, 2:44:16.145777",Active,M104-ZN02-BASEBALL-22
0,1077.512664794922,M-08,False,108.0,0,False,BKB,False,False,False,False,False,10065.0,False,False,False,NONE,False,Half Court,M079,False,0,0,True,0,False,"132 days, 4:59:10.892610",Active,M079-BASKETBALL-6
0,1461.1368103027344,B-16,False,316.0,0,False,HDB,False,False,False,False,False,11212.0,False,False,False,NONE,False,Handball,B363,False,0,0,False,0,False,"157 days, 11:25:32.698815",Inactive,B363-HANDBALL-2
0,1347.10498046875,X-01,False,201.0,0,False,BKB,False,False,False,False,False,10454.0,False,False,False,NONE,False,Half Court,X103,False,0,0,True,0,False,"147 days, 13:38:00.049198",Active,X103-BASKETBALL-2
0,1153.9060974121094,B-15,False,315.0,0,False,HDB,False,False,False,False,False,11223.0,False,True,False,NONE,False,Handball,B244,False,0,0,False,0,False,"140 days, 6:55:07.994098",Active,B244-HANDBALL-9
0,1426.332534790039,Q-07,False,407.0,0,False,BKB,False,False,False,False,False,11355.0,False,False,False,NONE,False,Half Court,Q308,False,0,0,True,0,False,"151 days, 13:59:24.766900",Removed,Q308-BASKETBALL-2
0,1329.9605560302734,Q-05,False,405.0,0,False,HDB,False,False,False,False,False,11379.0,False,True,False,NONE,False,Handball,Q102,False,0,0,False,0,False,"148 days, 0:06:41.387623",Active,Q102-02-HANDBALL-6
0,1571.3577423095703,Q-15,False,481.0,0,False,VLB,False,False,False,False,False,11368.0,False,False,False,NONE,False,Volleyball,Q099,False,0,1,False,0,False,"168 days, 11:48:11.945498",Active,Q099-ZN19-VOLLEYBALL-7
0,3320.1360931396484,M-10,False,110.0,0,False,BKB,False,False,False,False,False,10037.0,False,False,False,NONE,False,Full Court,M186,False,0,0,True,0,False,"237 days, 17:03:26.114782",Active,M186-BASKETBALL-4
0,57455.35092163086,M-11,False,111.0,1,True,SCR,False,True,False,False,False,10035.0,False,False,False,NONE,False,147-295ft W x 295-393ft L,M104,True,0,0,False,0,True,"981 days, 2:54:06.693741",Active,M107-ZN08-SOCCER-3
0,51475.3152923584,B-15,False,315.0,0,False,MPPA,False,True,False,False,False,11229.0,False,False,False,NONE,False,45-146ft W x 75-294ft L,B051,True,0,0,False,0,True,"946 days, 0:40:12.391045",Inactive,B051-MPPA-1
0,1169.248275756836,M-09,False,109.0,0,False,HDB,False,False,False,False,False,10027.0,False,True,False,NONE,False,Handball,M077,False,0,0,False,0,False,"142 days, 5:57:08.797293",Active,M077-04-HANDBALL-2
0,20135.099349975582,Q-01,False,401.0,0,False,SFB,True,False,True,False,False,11101.0,False,False,False,NONE,False,"60ft base path, 150-200ft fence",Q104,False,0,0,False,0,False,"540 days, 2:52:31.437483",Active,Q104-BASEBALL-2
0,2844.738723754883,X-01,False,201.0,0,False,BKB,False,False,False,False,False,10454.0,False,False,False,NONE,False,Full Court,X217,False,0,0,True,0,False,"215 days, 0:46:48.059235",Active,X217-BASKETBALL-3
0,3237.244384765625,M-03,False,103.0,0,True,SFB,False,False,False,False,False,10002.0,False,False,False,NONE,False,"45-60ft base path, less than 150ft fence",M241,False,0,0,False,0,False,"210 days, 9:22:18.845986",Active,M241-BASEBALL-1
0,2891.223861694336,B-06,False,306.0,0,False,TNS,False,False,False,False,False,11217.0,False,False,False,NONE,False,Tennis,B320,False,0,0,False,0,False,"230 days, 23:04:49.023059",Inactive,B320-TENNIS-1
0,82985.66827392578,Q-03,False,403.0,0,False,BSB,True,False,True,True,False,11369.0,False,False,False,NONE,False,"90ft base path, 200+ft fence",Q373,False,0,0,False,0,False,"1135 days, 5:44:01.549723",Active,Q373-BASEBALL-1
0,1610.547393798828,B-05,False,305.0,0,False,BKB,False,False,False,False,False,11208.0,False,False,False,NONE,False,Half Court,B149B,False,0,0,False,0,False,"160 days, 19:37:05.099464",Inactive,B149B-BASKETBALL-3
0,2021.483901977539,Q-15,False,481.0,0,False,TNS,False,False,False,False,False,11368.0,False,False,False,NONE,False,Tennis,Q099,False,0,0,False,0,False,"187 days, 2:18:44.110729",Inactive,Q099-ZN04-TENNIS-1
0,686.5424041748047,B-01,False,301.0,0,False,VLB,False,False,False,False,False,11211.0,False,False,False,NONE,False,Volleyball,B025,False,0,1,False,0,False,"107 days, 3:53:02.723492",Active,B025-VOLLEYBALL-3
0,4014.98486328125,Q-12,False,412.0,0,False,BKB,False,False,False,False,False,11434.0,False,False,False,NONE,True,Full Court,Q005,False,0,0,True,0,False,"263 days, 10:28:49.157550",Active,Q005-11-BASKETBALL-3
0,41376.83055114746,M-11,False,111.0,0,False,SFB,True,False,True,False,False,10035.0,False,False,False,NONE,False,"60ft base path, 150-200ft fence",M104,False,0,0,False,0,False,"801 days, 2:44:19.818066",Active,M104-ZN02-BASEBALL-28
0,1131.2060546875,B-13,False,313.0,0,False,HDB,False,False,False,False,False,11224.0,False,True,False,NONE,False,Handball,B080,False,0,0,False,0,False,"139 days, 6:08:28.919605",Active,B080-HANDBALL-1
0,1361.9981384277344,B-15,False,315.0,1,False,HDB,False,False,False,False,False,11235.0,False,True,False,NONE,False,Handball,B109,False,0,0,False,0,False,"150 days, 15:43:12.333836",Active,B109-HANDBALL-6
0,1898.023727416992,M-12,False,112.0,0,False,VLB,False,False,False,False,False,10040.0,False,False,False,NONE,False,Volleyball,M029,False,0,1,False,0,False,"184 days, 23:15:06.105216",Active,M029-VOLLEYBALL-1
0,2736.371459960937,M-10,False,110.0,0,False,BKB,False,False,False,False,False,10037.0,False,False,False,NONE,False,Full Court,M186,False,0,0,True,0,False,"210 days, 22:49:55.096502",Active,M186-BASKETBALL-2
0,1733.4430389404297,Q-14,False,414.0,0,False,BKB,False,False,False,False,False,11691.0,False,False,False,NONE,False,Half Court,Q266,False,0,0,False,0,False,"170 days, 20:37:40.453538",Active,Q266-BASKETBALL-3
0,2810.545928955078,Q-15,False,481.0,0,False,TNS,False,False,False,False,False,11368.0,False,False,True,NONE,False,Tennis,Q099,False,0,0,False,0,False,"228 days, 5:16:19.798066",Active,Q099-ZN10-TENNIS-4
0,3474.272354125977,B-18,False,318.0,0,False,BKB,False,False,False,False,False,11236.0,False,False,False,NONE,False,Full Court,B335,False,0,0,True,0,False,"240 days, 10:52:18.765483",Active,B335-BASKETBALL-2
0,2798.313186645508,Q-07,False,407.0,0,False,BKB,False,False,False,False,False,11355.0,False,False,False,NONE,False,Full Court,Q308,False,0,0,True,0,False,"218 days, 21:14:34.730870",Active,Q308-BASKETBALL-7
0,1537.0103607177734,Q-14,False,414.0,0,False,HDB,False,False,False,False,False,11691.0,False,True,False,NONE,False,Handball,Q345,False,0,0,False,0,False,"158 days, 11:26:15.473504",Active,Q345-HANDBALL-2
0,1435.9407196044922,Q-05,False,405.0,0,False,HDB,False,False,False,False,False,11385.0,False,True,False,NONE,False,Handball,Q398,False,0,0,False,0,False,"152 days, 16:10:01.847072",Active,Q398-HANDBALL-1
0,3927.043273925781,M-04,False,104.0,0,False,BKB,False,False,False,False,False,10019.0,False,True,False,NONE,False,Full Court,M221,False,0,0,False,0,False,"261 days, 16:06:07.101642",Active,M221-BASKETBALL-2
0,79025.62910461426,Q-12,False,412.0,0,False,BSB,True,False,False,True,False,11434.0,False,False,False,NONE,False,"90ft base path, 200+ft fence",Q448,False,0,0,False,0,False,"1091 days, 18:02:54.913688",Active,Q448-BASEBALL-1
0,1634.895034790039,B-03,False,303.0,0,False,HDB,False,False,False,False,False,11206.0,False,True,False,NONE,False,Handball,B348,False,0,0,False,0,False,"162 days, 17:33:19.695285",Active,B348-HANDBALL-1
0,3179.180633544922,B-01,False,301.0,0,False,BKB,False,False,False,False,False,11222.0,False,False,False,NONE,False,Full Court,B346,False,0,0,True,0,False,"236 days, 4:18:59.125590",Active,B346-BASKETBALL-1
0,2076.2918701171875,B-17,False,317.0,0,False,BKB,False,False,False,False,False,11212.0,False,False,False,NONE,False,Half Court,B304,False,0,0,True,0,False,"182 days, 6:31:11.322160",Removed,B304-BASKETBALL-2
0,898.43994140625,B-07,False,307.0,0,False,HDB,False,False,False,False,False,11232.0,False,True,False,NONE,False,Handball,B087,False,0,0,False,0,False,"120 days, 23:56:29.162063",Active,B087-01-HANDBALL-2
0,14168.249404907228,B-03,False,303.0,0,False,SFB,True,False,True,False,False,11206.0,False,False,False,NONE,False,"60ft base path, 150-200ft fence",B217,False,0,0,False,0,False,"444 days, 1:34:57.414703",Active,B217-BASEBALL-1
0,1058.430679321289,X-09,False,209.0,0,False,HDB,False,False,False,False,False,10473.0,False,True,False,NONE,False,Handball,X151,False,0,0,False,0,False,"133 days, 12:46:10.505385",Active,X151-HANDBALL-2
0,2732.3226165771484,X-01,False,201.0,0,False,TNS,False,False,False,False,False,10454.0,False,False,True,NONE,False,Tennis,X045,False,0,1,False,0,False,"225 days, 10:19:04.058618",Active,X045-ZN03-TENNIS-1
0,23561.501373291016,B-10,False,310.0,0,False,SFB,False,False,True,False,False,11228.0,False,False,False,NONE,True,"45-60ft base path, less than 150ft fence",B028,False,0,0,False,0,False,"571 days, 14:24:15.778728",Active,B028-ZN01-BASEBALL-3
0,608.9651794433594,B-10,False,310.0,0,False,BOC,False,False,False,False,True,11228.0,False,False,False,NONE,False,Bocce,B060,False,0,0,False,0,False,"140 days, 13:44:59.357944",Active,B060-BOCCE-2
0,1348.9589233398438,B-03,False,303.0,0,False,BKB,False,False,False,False,False,11216.0,False,False,False,NONE,False,Half Court,B088,False,0,0,True,0,False,"148 days, 2:42:37.599128",Active,B088-02-BASKETBALL-1
0,3672.6264038085938,M-03,False,103.0,0,False,BKB,False,False,False,False,False,10002.0,False,False,False,NONE,False,Full Court,M105,False,0,1,True,0,False,"248 days, 19:30:22.814508",Active,M105-02-BASKETBALL-2
0,584.1724853515625,Q-03,False,403.0,0,False,VLB,False,False,False,False,False,11368.0,False,False,False,NONE,False,,Q410,False,0,0,False,0,False,"97 days, 16:21:52.684799",Inactive,Q410-VOLLEYBALL-1
0,1248.9927825927734,X-01,False,201.0,0,False,HDB,False,False,False,False,False,10455.0,False,True,False,NONE,False,Handball,X045,False,0,0,False,0,False,"143 days, 11:10:41.713909",Active,X045-01-HANDBALL-2
0,10448.16000366211,Q-02,False,402.0,0,False,TRK,False,False,False,False,False,11377.0,False,False,False,NONE,False,Jogging Path,Q031,False,0,0,False,0,False,"1222 days, 20:13:24.575199",Active,Q031-TRACK-1
0,1250.8033752441406,Q-09,False,409.0,0,False,HDB,False,False,False,False,False,11416.0,False,True,False,NONE,False,Handball,Q128,False,0,0,False,0,False,"146 days, 6:10:04.191943",Active,Q128-HANDBALL-3
0,17421.88037109375,M-11,False,111.0,0,False,SFB,True,False,True,False,False,10029.0,False,False,False,NONE,False,"60ft base path, 150-200ft fence",M047,False,0,0,False,0,False,"489 days, 12:12:11.519108",Active,M047-BASEBALL-1
0,4214.685348510742,B-10,False,310.0,0,False,BKB,False,False,False,False,False,11228.0,False,False,False,NONE,False,Full Court,B060,False,0,0,True,0,False,"269 days, 23:46:24.422629",Active,B060-01-BASKETBALL-1
0,1141.224578857422,Q-07,False,407.0,0,False,HDB,False,False,False,False,False,11365.0,False,True,False,NONE,False,Handball,Q024,False,0,0,False,0,False,"138 days, 13:07:07.298098",Active,Q024-03-HANDBALL-3
0,1114.667739868164,B-13,False,313.0,0,False,HDB,False,False,False,False,False,11224.0,False,True,False,NONE,False,Handball,B080,False,0,0,False,0,False,"137 days, 13:33:37.625810",Active,B080-HANDBALL-11
0,2793.276611328125,M-14,False,109.0,0,False,TNS,False,False,False,False,False,10024.0,False,False,True,NONE,False,Tennis,M071,False,0,0,False,0,False,"227 days, 8:11:23.328403",Active,M071-ZN17-TENNIS-1
0,1181.1471252441406,X-04,False,204.0,0,False,HDB,False,False,False,False,False,10457.0,False,True,False,NONE,False,Handball,X008,False,0,0,False,0,False,"141 days, 18:02:39.072607",Active,X008-01-HANDBALL-2
0,24257.85887145996,B-10,False,310.0,0,False,FTB,False,False,False,False,False,11228.0,False,False,False,NONE,False,45-146ft W x 75-294ft L,B028,False,0,0,False,0,False,"705 days, 21:27:41.450585",Inactive,B028-ZN02-FOOTBALL-2
0,9940.980026245115,Q-12,False,412.0,0,False,BSB,False,False,False,False,False,11433.0,False,False,False,NONE,False,"90ft base path, 200+ft fence",Q121,False,0,0,False,0,False,"374 days, 22:28:35.421131",Inactive,Q121-BASEBALL-2
0,2747.304718017578,Q-05,False,405.0,0,False,TNS,False,False,False,False,False,11379.0,False,False,True,NONE,False,Tennis,Q102,False,0,0,False,0,False,"226 days, 4:10:28.026338",Active,Q102-02-TENNIS-2
0,31489.468948364258,Q-07,False,407.0,0,False,SFB,True,False,True,False,False,11357.0,False,False,False,NONE,False,"60ft base path, 150-200ft fence",Q089B,False,0,0,False,0,False,"683 days, 16:49:18.278602",Active,Q089B-BASEBALL-1
0,2449.025588989258,B-18,False,318.0,0,False,BKB,False,False,False,False,False,11236.0,False,False,False,NONE,False,Full Court,B274,False,0,0,True,0,False,"201 days, 1:11:47.532122",Active,B274-BASKETBALL-2
0,1042.2574615478516,R-01,False,501.0,0,False,HDB,False,False,False,False,False,10301.0,False,False,False,NONE,False,Handball,R069,False,0,0,False,0,False,"129 days, 4:01:26.028241",Active,R069-HANDBALL-2
0,1458.9322662353516,X-03,False,203.0,0,False,HDB,False,False,False,False,False,10457.0,False,False,False,NONE,False,Handball,X010,False,0,0,False,0,False,"153 days, 1:55:47.438524",Inactive,X010-ZN03-HANDBALL-1
0,1171.5119171142578,X-04,False,204.0,0,False,HDB,False,False,False,False,False,10451.0,False,True,False,NONE,False,Handball,X030,False,0,0,False,0,False,"142 days, 4:15:10.864057",Active,X030-01-HANDBALL-5
1,42020.62937927246,B-18,False,318.0,0,True,MPPA,True,True,True,False,False,11207.0,False,False,False,AFB,False,"60ft base path, 150-200ft fence",B247,True,0,0,False,0,True,"813 days, 0:04:22.886470",Active,B247-01-BASEBALL-2
0,2489.5166931152344,B-10,False,310.0,0,False,BKB,False,False,False,False,False,11209.0,False,False,False,NONE,False,Full Court,B210W,False,0,0,True,0,False,"205 days, 7:49:41.054437",Active,B210W-03-BASKETBALL-2
0,19496.128982543945,M-12A,False,112.0,0,False,SFB,True,False,True,True,False,10040.0,False,False,False,NONE,True,"60ft base path, 150-200ft fence",M037,False,0,0,False,0,False,"510 days, 17:06:27.356796",Active,M037-ZN04-BASEBALL-1
0,17446.855758666992,B-06,False,306.0,0,False,SFB,False,False,True,False,False,11231.0,False,False,False,NONE,False,"60ft base path, 150-200ft fence",B126,False,0,0,False,0,False,"483 days, 1:36:06.450293",Closed Temporarily,B126-ZN04-BASEBALL-3
0,4061.878662109375,Q-15,False,481.0,0,False,BKB,False,False,False,False,False,11367.0,False,False,False,NONE,False,Full Court,Q099,False,0,0,True,0,False,"264 days, 13:09:44.938348",Active,Q099-15-BASKETBALL-1
0,1267.1538543701172,X-06,False,206.0,0,False,HDB,False,False,False,False,False,10458.0,False,False,False,NONE,False,Handball,X102,False,0,0,False,0,False,"144 days, 3:02:26.052847",Inactive,X102-HANDBALL-1
0,1243.2889709472656,Q-12,False,412.0,0,False,HDB,False,False,False,False,False,11423.0,False,True,False,NONE,False,Handball,Q351,False,0,0,False,0,False,"142 days, 7:34:59.588023",Active,Q351-HANDBALL-2
0,1351.8615112304688,B-18,False,318.0,0,False,HDB,False,False,False,False,False,11234.0,False,True,False,NONE,False,Handball,B291,False,0,0,False,0,False,"149 days, 21:27:57.796786",Active,B291-HANDBALL-4
0,3199.191116333008,R-02,,,0,False,BKB,False,False,False,False,,,False,False,False,NONE,False,Full Court,R062,False,0,0,False,0,False,"236 days, 0:25:55.746106",Active,R062-BASKETBALL-0002
0,1559.466537475586,X-01,False,201.0,0,False,HDB,False,False,False,False,False,10455.0,False,True,False,NONE,False,Handball,X235,False,0,0,False,0,False,"158 days, 21:36:54.439802",Active,X235-HANDBALL-1
0,1267.0564727783203,Q-14,False,414.0,0,False,HDB,False,False,False,False,False,11692.0,False,True,False,NONE,False,Handball,Q313,False,0,0,False,0,False,"144 days, 9:34:26.381467",Active,Q313-HANDBALL-4
0,1372.3970947265625,B-13,False,313.0,0,False,HDB,False,False,False,False,False,11224.0,False,True,False,NONE,False,Handball,B129,False,0,0,False,0,False,"149 days, 20:53:19.255364",Active,B129-ZN01-HANDBALL-3
0,1118.0235443115234,Q-10,False,410.0,0,False,HDB,False,False,False,False,False,11420.0,False,True,False,NONE,False,Handball,Q092,False,0,0,False,0,False,"137 days, 17:46:24.777083",Active,Q092-HANDBALL-1
0,2858.342666625977,B-04,False,304.0,0,False,TNS,False,False,False,False,False,11221.0,False,False,False,NONE,False,Unknown,B334,False,0,0,False,0,False,"228 days, 21:38:36.742960",Inactive,B334-TENNIS-2
0,40287.90766906738,B-05,False,305.0,0,False,FTB,False,False,False,False,False,11207.0,False,False,False,NONE,False,Unknown,B047,False,0,0,False,0,False,"943 days, 19:35:19.796218",Inactive,Q020-ZN04-FOOTBALL-1
0,2880.576934814453,B-15,False,315.0,0,False,TNS,False,False,False,False,False,11229.0,False,False,True,NONE,False,Tennis,B051,False,0,0,False,0,False,"230 days, 5:42:53.412525",Active,B051-TENNIS-5
0,23332.904403686523,B-07,False,307.0,0,True,SFB,True,False,True,False,False,11232.0,False,False,False,NONE,False,"60ft base path, 150-200ft fence",BT15,False,0,0,False,0,False,"561 days, 8:10:53.746735",Active,BT15-SOFTBALL-3
0,73144.88021850586,B-18,False,318.0,0,False,CRK,False,False,False,False,False,11229.0,False,False,False,NONE,False,60 ft Cricket Pitch,B057,False,0,0,False,0,False,"1096 days, 1:52:27.752506",Active,B057-ZN02-CRICKET-1
0,3349.1778259277344,Q-11,False,411.0,0,False,BKB,False,False,False,False,False,11364.0,False,False,False,NONE,False,Full Court,Q400,False,0,0,True,0,False,"236 days, 22:34:26.582366",Active,Q400-BASKETBALL-3
0,1150.9466247558594,X-01,False,208.0,0,False,BKB,False,False,False,False,False,10471.0,False,False,False,NONE,False,Half Court,X201,False,0,0,False,0,False,"136 days, 11:31:54.326091",Active,X201-01-BASKETBALL-2
0,56760.91409301758,R-02,False,502.0,0,False,BSB,True,False,True,True,False,10314.0,False,False,False,NONE,False,"90ft base path, 200+ft fence",R075A,False,0,0,False,0,False,"874 days, 2:27:46.865636",Active,R075A-BASEBALL-1
0,34419.64077758789,R-01,False,501.0,0,False,SFB,False,False,False,False,False,10301.0,False,False,False,NONE,False,"45-60ft base path, less than 150ft fence",R116,False,0,0,False,0,False,"728 days, 12:00:07.570759",Active,R116-BASEBALL-1
0,933.8464050292968,B-05,False,305.0,0,False,BKB,False,False,False,False,False,11208.0,False,False,False,NONE,False,Half Court,B380,False,0,0,True,0,False,"122 days, 9:58:33.035090",Active,B380-BASKETBALL-4
0,1233.6282806396484,B-02,False,302.0,0,False,HDB,False,False,False,False,False,11201.0,False,False,False,NONE,False,Handball,B431,False,0,0,False,0,False,"143 days, 23:57:53.274663",Inactive,B431-HANDBALL-3
0,1775.431655883789,Q-14,False,414.0,0,False,HDB,False,False,False,False,False,11693.0,False,True,False,NONE,False,Handball,Q163,False,0,0,False,0,False,"171 days, 15:47:17.974293",Removed,Q163-ZN06A-HANDBALL-7
0,1048.476089477539,Q-10,False,410.0,0,False,HDB,False,False,False,False,False,11417.0,False,True,False,NONE,False,Handball,Q094,False,0,0,False,0,False,"132 days, 14:50:22.327329",Active,Q094-01-HANDBALL-5
0,1154.6091918945312,Q-05,False,405.0,0,False,HDB,False,False,False,False,False,11379.0,False,True,False,NONE,False,Handball,Q102,False,0,0,False,0,False,"140 days, 22:50:36.202477",Active,Q102-02-HANDBALL-4
0,1303.5754699707031,X-01,False,201.0,0,False,HDB,False,False,False,False,False,10455.0,False,True,False,NONE,False,Handball,X233,False,0,0,False,0,False,"146 days, 3:36:07.416432",Active,X233-HANDBALL-1
0,1705.9247283935547,B-17,False,317.0,0,False,HDB,False,False,False,False,False,11203.0,False,True,False,NONE,False,Handball,B218,False,0,0,False,0,False,"165 days, 16:04:13.131916",Active,B218-HANDBALL-3
0,1575.2336120605469,B-15,False,315.0,0,False,HDB,False,False,False,False,False,11229.0,False,True,False,NONE,False,Handball,B208,False,0,0,False,0,False,"162 days, 11:40:15.452237",Active,B208-HANDBALL-1
0,41439.31706237793,M-11,False,111.0,0,False,SFB,True,False,True,False,False,10035.0,False,False,False,NONE,False,"60ft base path, 150-200ft fence",M104,False,0,0,False,0,False,"801 days, 6:27:29.655690",Active,M104-ZN02-BASEBALL-5
0,3593.985549926758,M-10,False,110.0,0,False,SCR,False,False,False,False,False,10039.0,False,False,False,NONE,False,45-146ft W x 75-294ft L,M159,False,0,0,False,0,False,"251 days, 4:48:50.515674",Active,M159-SOCCER-1
0,991.813446044922,Q-13,False,413.0,0,False,BOC,False,False,False,False,False,11422.0,False,False,False,NONE,False,Bocce,Q008,False,0,0,False,0,False,"187 days, 7:34:42.782505",Active,Q008-ZN03-BOCCE-2
0,66734.77102661133,B-06,False,306.0,0,False,BSB,False,False,True,False,False,11231.0,False,False,False,NONE,False,"90ft base path, 200+ft fence",B126,False,0,0,False,0,False,"962 days, 20:58:32.523209",Inactive,B126-ZN02-BASEBALL-3
0,1423.0957641601562,X-03,False,203.0,0,False,HDB,False,False,False,False,False,10457.0,False,False,False,NONE,False,Handball,X010,False,0,0,False,0,False,"152 days, 2:17:30.453609",Inactive,X010-ZN03-HANDBALL-20
0,1545.661636352539,B-13,False,313.0,0,False,HDB,False,False,False,False,False,11214.0,False,True,False,NONE,False,Handball,B125,False,0,0,False,0,False,"158 days, 13:54:08.354636",Active,B125-01-HANDBALL-1
0,1752.3551177978516,M-12A,False,112.0,0,False,BKB,False,False,False,False,False,10033.0,False,False,False,NONE,False,Half Court,M037,False,0,0,True,0,False,"169 days, 20:48:44.284753",Active,M037-ZN03-BASKETBALL-1
0,4698.529113769531,Q-12,False,412.0,0,False,BKB,False,False,False,False,False,11433.0,False,False,False,NONE,False,Full Court,Q127,False,0,0,True,0,False,"287 days, 18:56:03.238510",Active,Q127-BASKETBALL-2
0,1361.15234375,Q-13,False,413.0,0,False,HDB,False,False,False,False,False,11422.0,False,True,False,NONE,False,Handball,Q008,False,0,0,False,0,False,"149 days, 22:31:36.368879",Active,Q008-01-HANDBALL-1
0,1463.4923858642578,X-07,False,207.0,0,False,BKB,False,False,False,False,False,10467.0,False,False,False,NONE,False,Half Court,X033,False,0,0,False,0,False,"157 days, 4:16:58.274728",Closed Temporarily,X033-01-BASKETBALL-2
0,4570.987411499023,X-03,False,203.0,1,False,BKB,False,False,False,False,False,10457.0,False,False,False,NONE,False,Full Court,X010,False,0,0,True,0,False,"284 days, 9:52:30.791470",Active,X010-02-BASKETBALL-1
0,2634.9044342041016,Q-12,False,412.0,0,False,BKB,False,False,False,False,False,11435.0,False,False,False,NONE,False,Full Court,Q105,False,0,0,True,0,False,"205 days, 8:17:18.769026",Active,Q105-BASKETBALL-2
0,3187.129501342773,B-18,False,318.0,0,False,BKB,False,False,False,False,False,11234.0,False,False,False,NONE,False,Full Court,B330,False,0,0,True,0,False,"232 days, 12:11:09.336521",Active,B330-BASKETBALL-2
0,1146.6798858642578,M-13,False,164.0,0,False,HDB,False,False,False,False,False,10025.0,False,True,False,NONE,False,Handball,M010,False,0,0,False,0,False,"141 days, 18:17:45.515926",Active,M010-ZN36-HANDBALL-1
0,2747.25993347168,Q-07,False,407.0,0,False,TNS,False,False,False,False,False,11357.0,False,False,False,NONE,False,Tennis,Q334,False,0,0,False,0,False,"225 days, 16:36:10.589507",Active,Q334-TENNIS-1
0,3272.5838470458984,R-01,False,501.0,0,False,BKB,False,False,False,False,False,10305.0,False,False,False,NONE,False,Full Court,R042,False,0,0,False,0,False,"232 days, 3:21:34.091095",Active,R042-BASKETBALL-1
0,7720.941329956055,Q-04,False,404.0,0,False,SCR,False,False,False,False,False,11373.0,False,False,False,NONE,False,45-146ft W x 75-294ft L,Q360N,False,0,0,False,0,False,"371 days, 9:44:34.603558",Active,Q360N-SOCCER-1
0,16489.8006439209,X-11,False,211.0,1,False,SFB,True,False,False,False,False,10469.0,False,False,False,NONE,False,"60ft base path, 150-200ft fence",X157,False,0,0,False,0,False,"477 days, 5:35:50.076756",Active,X157-BASEBALL-1
0,3954.5086059570312,X-01,False,201.0,0,False,BKB,False,False,False,False,False,10454.0,False,False,False,NONE,False,Full Court,X182,False,0,0,True,0,False,"261 days, 9:09:12.675274",Active,X182-BASKETBALL-3
0,1208.1529998779297,M-04,False,104.0,0,False,BKB,False,False,False,False,False,10036.0,False,False,False,NONE,False,Half Court,M277,False,0,0,True,0,False,"139 days, 0:54:49.941865",Active,M277-BASKETBALL-1
0,1271.845703125,B-05,False,305.0,0,False,HDB,False,False,False,False,False,11208.0,False,True,False,NONE,False,Handball,B103,False,0,0,False,0,False,"146 days, 1:11:27.506306",Active,B103-HANDBALL-3
0,4107.180648803711,X-04,False,204.0,0,False,BKB,False,False,False,False,False,10452.0,False,False,False,NONE,False,Full Court,X168,False,0,0,True,0,False,"266 days, 1:41:04.280178",Active,X168-BASKETBALL-1
0,1494.8936920166016,X-07,False,207.0,0,False,HDB,False,False,False,False,False,10468.0,False,True,False,NONE,False,Handball,X150E,False,0,0,False,0,False,"157 days, 5:19:54.245945",Active,X150E-HANDBALL-4
0,1131.0169525146484,B-18,False,318.0,0,False,HDB,False,False,False,False,False,11234.0,False,True,False,NONE,False,Handball,B057,False,0,0,False,0,False,"138 days, 16:50:43.496545",Active,B057-04-HANDBALL-1
0,1210.9515228271484,M-07,False,107.0,0,False,HDB,False,False,False,False,False,10025.0,False,True,False,NONE,False,Handball,M200,False,0,0,False,0,False,"146 days, 6:20:06.266924",Removed,M200-HANDBALL-3
0,809.5222778320312,Q-05,False,405.0,0,False,BKB,False,False,False,False,False,11378.0,False,False,False,NONE,False,Half Court,Q360M,False,0,0,False,0,False,"113 days, 20:20:55.751225",Active,Q360M-BASKETBALL-5
0,1405.4076232910156,B-18,False,318.0,0,False,HDB,False,False,False,False,False,11234.0,False,True,False,NONE,False,Handball,B236,False,0,0,False,0,False,"150 days, 23:41:29.435217",Active,B236-HANDBALL-2
0,1371.6826629638672,Q-08,False,408.0,0,False,HDB,False,False,False,False,False,11435.0,False,True,False,NONE,False,Handball,Q220G,False,0,0,False,0,False,"151 days, 22:40:56.509255",Active,Q220G-HANDBALL-4
0,1227.025894165039,M-06,False,106.0,0,False,BKB,False,False,False,False,False,10017.0,False,False,False,NONE,False,Half Court,M158,False,0,0,True,0,False,"142 days, 13:44:36.329736",Active,M158-BASKETBALL-2
0,3033.409408569336,B-16,False,316.0,0,False,BKB,False,False,False,False,False,11212.0,False,False,False,NONE,False,Full Court,B008,False,0,0,True,0,False,"230 days, 0:05:13.568362",Active,B008-03-BASKETBALL-1
0,13060.057876586914,B-01,False,301.0,0,True,SFB,False,False,True,False,False,11222.0,False,False,False,NONE,False,"45-60ft base path, less than 150ft fence",B135,False,0,0,False,0,False,"425 days, 8:00:25.038329",Active,B135-BASEBALL-1
0,54220.50263977051,Q-01,False,401.0,1,False,BSB,True,False,False,True,False,11102.0,False,False,False,NONE,True,"90ft base path, 200+ft fence",Q215,False,0,0,False,0,False,"917 days, 22:10:28.927576",Active,Q215-BASEBALL-1
0,57455.37258911133,M-11,False,111.0,0,False,SCR,False,False,False,False,False,10035.0,False,False,False,NONE,False,147-295ft W x 295-393ft L,M104,False,0,0,False,0,True,"981 days, 2:54:22.458448",Active,M104-ZN02-SOCCER-2
0,20081.342208862305,B-01,False,301.0,0,True,SFB,True,False,True,False,False,11222.0,False,False,False,NONE,False,"60ft base path, 150-200ft fence",B058,False,0,0,False,0,False,"534 days, 3:59:27.528037",Active,B058-ZN03-BASEBALL-3
0,55528.7346496582,R-02,False,502.0,0,False,FTB,False,False,False,False,False,10306.0,False,False,False,NONE,False,147-295ft W x 295-393ft L,R038A,True,0,0,False,0,False,"1018 days, 18:05:11.942353",Active,R038A-FOOTBALL-1
0,66499.96255493164,Q-07,False,407.0,0,False,CRK,False,False,False,False,False,11355.0,False,False,False,NONE,False,60 ft Cricket Pitch,Q300,False,0,0,False,0,False,"1022 days, 5:53:15.285373",Active,Q300-ZN03-CRICKET-1
0,23325.818893432617,Q-16,False,482.0,0,False,SFB,True,False,True,False,False,11421.0,False,False,False,NONE,False,"60ft base path, 150-200ft fence",Q015,False,0,0,False,0,False,"558 days, 1:17:08.254799",Active,Q015-ZN04-BASEBALL-2
0,973.0411071777344,Q-05,False,405.0,0,False,BKB,False,False,False,False,False,11385.0,False,False,False,NONE,False,Half Court,Q289,False,0,0,False,0,False,"125 days, 7:26:21.122897",Inactive,Q289-BASKETBALL-2
0,10727.032623291016,B-10,False,310.0,0,False,SFB,False,False,False,False,False,11209.0,False,False,False,NONE,False,"45-60ft base path, less than 150ft fence",B082,False,0,0,False,0,False,"373 days, 23:45:22.312651",Active,B082-ZN05-BASEBALL-2
0,1799.0814208984375,Q-03,False,403.0,0,False,VLB,False,False,False,False,False,11368.0,False,False,False,NONE,False,Volleyball,Q410,False,0,0,False,0,False,"179 days, 19:20:11.422921",Active,Q410-VOLLEYBALL-3
0,3408.102432250977,Q-12,False,412.0,0,False,BKB,False,False,False,False,False,11433.0,False,False,False,NONE,False,Full Court,Q402,False,0,0,True,0,False,"241 days, 18:26:40.641350",Active,Q402-BASKETBALL-1
0,13462.557266235352,B-04,False,304.0,0,True,SFB,False,False,True,False,False,11207.0,False,False,False,NONE,False,"60ft base path, 150-200ft fence",B381,False,0,0,False,0,False,"433 days, 19:17:44.862878",Active,B381-BASEBALL-1
0,1619.6848602294922,B-15,False,315.0,0,False,TNS,False,False,False,False,False,11235.0,False,False,False,NONE,False,Tennis,B239,False,0,0,False,0,False,"174 days, 4:26:10.286135",Inactive,B239-TENNIS-2
0,1566.030746459961,Q-14,False,414.0,0,False,,False,False,False,False,False,11693.0,False,False,False,NONE,False,,Q163,False,0,0,False,0,False,"158 days, 7:33:54.686326",Removed,Q163-20-BASEBALL-1
0,752.5809783935547,Q-09,False,409.0,0,False,BKB,False,False,False,False,False,11416.0,False,False,False,NONE,False,Half Court,Q128,False,0,0,False,0,False,"112 days, 15:14:55.758122",Inactive,Q128-BASKETBALL-2
0,1006.7615356445312,Q-08,False,408.0,0,False,HDB,False,False,False,False,False,11365.0,False,True,False,NONE,False,Handball,Q221,False,0,0,False,0,False,"131 days, 11:12:40.262269",Active,Q221-HANDBALL-5
0,2232.296096801758,B-02,False,302.0,0,False,BKB,False,False,False,False,False,11201.0,False,False,False,NONE,False,Half Court,B243,False,0,0,False,0,False,"189 days, 2:28:17.169031",Active,B243-BASKETBALL-3
0,1759.6248474121094,B-02,False,302.0,0,False,VLB,False,False,False,False,False,11201.0,False,False,False,NONE,False,Volleyball,B431,False,0,0,False,0,False,"181 days, 10:20:41.946422",Inactive,B431-VOLLEYBALL-1
0,14469.415481567385,B-07,False,307.0,0,False,SCR,False,True,False,False,False,11232.0,True,False,False,AFB,True,45-146ft W x 75-294ft L,B087,True,0,0,False,0,True,"491 days, 5:24:10.031277",Active,B087-01-SOCCER-1
0,3889.0323181152335,M-03,False,103.0,0,False,BKB,False,False,False,False,False,10038.0,False,False,False,NONE,False,Full Court,M194,False,0,0,True,0,False,"254 days, 15:32:15.205910",Active,M194-BASKETBALL-4
0,793.2352600097656,X-11,False,211.0,0,False,BKB,False,False,False,False,False,10461.0,False,False,False,NONE,False,Half Court,X163,False,0,0,False,0,False,"112 days, 18:22:04.040509",Active,X163-BASKETBALL-2
0,3802.177474975586,B-16,False,316.0,0,False,BKB,False,False,False,False,False,11212.0,False,False,False,NONE,False,Full Court,B363,False,0,0,False,0,False,"254 days, 5:49:10.159305",Inactive,B363-BASKETBALL-1
0,1112.6341705322266,B-16,False,316.0,0,False,HDB,False,False,False,False,False,11233.0,False,True,False,NONE,False,Handball,B219,False,0,0,False,0,False,"137 days, 6:21:02.638752",Active,B219-HANDBALL-6
0,1018.1033325195312,Q-01,False,401.0,0,False,HDB,False,False,False,False,False,11105.0,False,True,False,NONE,False,Handball,Q298,False,0,0,False,0,False,"128 days, 10:23:23.619714",Active,Q298-HANDBALL-2
0,3475.949478149414,B-13,False,313.0,0,False,BKB,False,False,False,False,False,11235.0,False,False,False,NONE,False,Full Court,B275,False,0,0,True,0,False,"241 days, 17:25:14.552077",Active,B275-BASKETBALL-1
0,2896.8865814208984,R-01,False,501.0,0,False,TNS,False,False,False,False,False,10310.0,False,False,True,NONE,False,Tennis,R015,False,0,0,False,0,False,"231 days, 8:37:39.696073",Active,R015-TENNIS-4
0,1271.907196044922,M-03,False,103.0,0,False,HDB,False,False,False,False,False,10002.0,False,True,False,NONE,False,Handball,M105,False,0,0,False,0,False,"148 days, 5:13:13.025811",Active,M105-08-HANDBALL-3
0,1779.6983795166016,X-15,False,228.0,0,False,VLB,False,False,False,False,False,10464.0,False,False,False,NONE,False,Volleyball,X039,False,0,1,False,0,False,"178 days, 22:52:58.920113",Active,X039-ZN17-VOLLEYBALL-6
0,4236.787094116211,X-09,False,209.0,0,False,BKB,False,False,False,False,False,10473.0,False,False,False,NONE,False,Full Court,X221,False,0,0,True,0,False,"269 days, 5:03:22.335252",Active,X221-BASKETBALL-1
0,1523.940933227539,B-15,False,315.0,0,False,HDB,False,False,False,False,False,11235.0,False,True,False,NONE,False,Handball,B308,False,0,0,False,0,False,"159 days, 14:40:58.357515",Active,B308-HANDBALL-1
0,2037.414535522461,Q-02,False,402.0,0,False,BKB,False,False,False,False,False,11101.0,False,False,False,NONE,False,Full Court,Q141,False,0,0,True,0,False,"182 days, 19:32:43.357521",Active,Q141-BASKETBALL-1
0,1620.8470306396484,M-03,False,103.0,0,False,HDB,False,False,False,False,False,10002.0,False,True,False,NONE,False,Handball,M065,False,0,0,False,0,False,"162 days, 22:38:20.413000",Active,M065-HANDBALL-4
0,2301.3502502441406,Q-14,False,414.0,0,False,HDB,False,False,False,False,False,11693.0,False,True,False,NONE,False,Handball,Q163,False,0,0,False,0,False,"194 days, 3:05:40.671698",Removed,Q163-ZN06A-HANDBALL-2
0,1260.9986877441406,Q-01,False,401.0,0,False,HDB,False,False,False,False,False,11103.0,False,True,False,NONE,False,Handball,Q014,False,0,0,False,0,False,"149 days, 11:30:55.944251",Active,Q014-HANDBALL-2
0,1658.7780151367188,B-18,False,318.0,0,False,BKB,False,False,False,False,False,11236.0,False,False,False,NONE,False,Half Court,B360,False,0,0,True,0,False,"163 days, 4:44:02.475887",Active,B360-BASKETBALL-2
0,2510.6114501953125,X-05,False,207.0,0,False,BKB,False,False,False,False,False,10468.0,False,False,False,NONE,False,Full Court,X013,False,0,0,True,0,False,"203 days, 8:36:02.146772",Active,X013-BASKETBALL-2
0,1188.708984375,M-09,False,109.0,0,False,HDB,False,False,False,False,False,10027.0,False,True,False,NONE,False,Handball,M077,False,0,0,False,0,False,"142 days, 17:39:21.040065",Active,M077-04-HANDBALL-3
0,1428.8383026123047,Q-10,False,410.0,0,False,HDB,False,False,False,False,False,11417.0,False,True,False,NONE,False,Handball,Q414,False,0,0,False,0,False,"151 days, 20:07:37.547866",Active,Q414-HANDBALL-1
0,2648.3432006835938,Q-12,False,412.0,0,False,BKB,False,False,False,False,False,11435.0,False,False,False,NONE,False,Full Court,Q105,False,0,0,True,0,False,"205 days, 20:42:33.945720",Active,Q105-BASKETBALL-1
0,1003.5164642333984,Q-08,False,408.0,0,False,HDB,False,False,False,False,False,11365.0,False,True,False,NONE,False,Handball,Q221,False,0,0,False,0,False,"131 days, 4:12:38.275815",Active,Q221-HANDBALL-6
0,653.4299468994141,Q-05,False,305.0,0,False,TNS,False,False,False,False,False,11207.0,False,False,True,NONE,True,Tennis,B047,False,0,0,False,0,False,"108 days, 23:33:49.078130",Active,Q020-ZN04-TENNIS-18
0,2842.7073822021484,Q-13,False,413.0,0,False,TNS,False,False,False,False,False,11426.0,False,False,True,NONE,False,Tennis,Q001A,False,0,0,False,0,False,"227 days, 20:15:05.393312",Active,Q001-ZN01-TENNIS-3
0,2881.947708129883,B-10,False,310.0,0,False,PKB,False,False,False,False,False,11220.0,False,False,False,NONE,False,Tennis,B052,False,0,0,False,0,False,"230 days, 7:22:58.824609",Active,B052-02-TENNIS-4
0,71748.86201477051,Q-13,False,413.0,0,False,CRK,False,False,False,False,False,11426.0,False,False,False,NONE,False,60 ft Cricket Pitch,Q001A,False,0,0,False,0,False,"1080 days, 19:03:35.425153",Active,Q001-ZN01-CRICKET-1
0,49218.75476837158,R-03,False,503.0,0,False,SCR,False,False,False,False,False,10309.0,False,False,False,AFB,False,147-295ft W x 295-393ft L,R106,True,0,0,False,0,True,"927 days, 21:53:07.083153",Active,R106-ZN03-SOCCER-1
0,2916.6385955810547,B-03,False,303.0,0,False,BKB,False,False,False,False,False,11206.0,False,False,False,NONE,False,Full Court,B263,False,0,0,True,0,False,"223 days, 17:58:49.666612",Active,B263-BASKETBALL-1
0,1369.445068359375,Q-05,False,405.0,0,False,HDB,False,False,False,False,False,11379.0,False,True,False,NONE,False,Handball,Q102,False,0,0,False,0,False,"150 days, 11:50:35.278236",Active,Q102-02-HANDBALL-3
0,1084.9411163330078,Q-11,False,411.0,0,False,BKB,False,False,False,False,False,11364.0,False,False,False,NONE,False,Half Court,Q317,False,0,0,False,0,False,"132 days, 22:30:56.282298",Active,Q317-BASKETBALL-2
0,1310.2960968017578,Q-12,False,412.0,0,False,HDB,False,False,False,False,False,11436.0,False,True,False,NONE,False,Handball,Q220C,False,0,0,False,0,False,"152 days, 22:29:21.299029",Active,Q220C-03-HANDBALL-4
0,3966.80876159668,B-16,False,316.0,0,False,BKB,False,False,False,False,False,11233.0,False,False,False,NONE,False,Full Court,B144,False,0,0,True,0,False,"262 days, 2:16:13.289026",Active,B144-BASKETBALL-2
0,1171.2323760986328,Q-03,False,403.0,0,False,HDB,False,False,False,False,False,11372.0,False,True,False,NONE,False,Handball,Q303,False,0,0,False,0,False,"138 days, 10:18:38.709988",Active,Q303-HANDBALL-3
0,7457.502624511719,Q-13,False,413.0,0,False,BKB,False,False,False,False,False,11413.0,False,False,False,NONE,False,,Q096C,False,0,0,False,0,False,"358 days, 18:15:35.214782",Inactive,Q096C-BASKETBALL-1
0,34426.09158325195,Q-12,False,412.0,0,False,TRK,False,False,False,False,False,11434.0,False,False,False,NONE,False,Track,Q005,False,0,0,False,1,False,"2890 days, 5:10:29.152554",Active,Q005-ZN05-TRACK-1
0,1807.5210571289065,R-02,False,595.0,0,False,VLB,False,False,False,False,False,10305.0,False,False,False,NONE,False,Volleyball,R046,False,0,1,False,0,False,"180 days, 15:29:54.194371",Active,R046-ZN01-VOLLEYBALL-1
0,2715.265182495117,Q-07,False,407.0,0,False,TNS,False,False,False,False,False,11365.0,False,False,True,NONE,False,Tennis,Q024,False,0,0,False,0,False,"224 days, 3:51:11.992316",Active,Q024-ZN02-TENNIS-10
0,4072.743362426758,M-13,False,164.0,0,False,BKB,False,False,False,False,False,10025.0,False,False,False,NONE,False,Full Court,M010,False,0,0,True,0,False,"263 days, 9:26:59.680715",Active,M010-ZN36-BASKETBALL-1
0,3171.2110900878906,X-04,False,204.0,0,False,TNS,False,False,False,False,False,10456.0,False,False,False,NONE,False,,X219,False,0,0,False,0,False,"240 days, 9:17:51.898974",Inactive,X219-TENNIS-1
0,955.0766448974608,Q-06,False,406.0,0,False,BKB,False,False,False,False,False,11374.0,False,False,False,NONE,False,Half Court,Q306,False,0,0,False,0,False,"124 days, 13:47:39.151351",Active,Q306-BASKETBALL-1
0,2049.740524291992,Q-04,False,404.0,0,False,BKB,False,False,False,False,False,11368.0,False,False,False,NONE,False,Half Court,Q026,False,0,0,True,0,False,"182 days, 1:08:12.131383",Active,Q026-BASKETBALL-2
0,4239.451507568359,M-03,False,103.0,0,False,BKB,False,False,False,False,False,10002.0,False,False,False,NONE,False,Full Court,M105,False,0,0,True,0,False,"269 days, 4:58:48.015992",Active,M105-08-BASKETBALL-1
0,2457.0501251220703,X-07,False,207.0,0,False,TRK,False,False,False,False,False,10463.0,False,False,False,NONE,False,Jogging Path,X175,False,0,0,False,0,False,"474 days, 18:10:03.671251",Active,X175-TRACK-1
0,2817.0833435058594,X-04,False,204.0,1,False,TNS,False,False,False,False,False,10451.0,False,False,True,NONE,False,Tennis,X344,False,0,0,False,0,False,"227 days, 11:36:01.042339",Active,X344-TENNIS-7
0,3608.89599609375,M-01,False,101.0,0,False,BKB,False,False,False,False,False,10013.0,False,False,False,NONE,True,Full Court,M308,False,0,0,True,0,False,"257 days, 8:40:43.002083",Active,M308-BASKETBALL-2
0,1047.4019165039062,X-13,False,226.0,0,False,HDB,False,False,False,False,False,10471.0,False,True,False,NONE,False,Handball,X092,False,0,0,False,0,False,"132 days, 12:12:46.629879",Active,X092-ZN02-HANDBALL-2
0,1323.6172332763672,Q-13,False,413.0,0,False,HDB,False,False,False,False,False,11427.0,False,True,False,NONE,False,Handball,Q322,False,0,0,False,0,False,"147 days, 22:26:16.718056",Active,Q322-HANDBALL-2
0,1798.950714111328,R-02,False,502.0,0,False,HDB,False,False,False,False,False,10306.0,False,True,False,NONE,True,Handball,R067,False,0,0,False,0,False,"173 days, 0:35:52.207577",Active,R067-HANDBALL-3
0,779.9714508056641,B-08,False,308.0,0,False,HDB,False,False,False,False,False,11213.0,False,False,False,NONE,False,,B054,False,0,0,False,0,False,"118 days, 0:06:12.491175",Inactive,B054-ZN01-HANDBALL-5
0,1431.0885467529297,B-07,False,307.0,0,False,HDB,False,False,False,False,False,11220.0,False,True,False,NONE,False,Handball,B098,False,0,0,False,0,False,"152 days, 19:40:34.239666",Active,B098-HANDBALL-1
0,24268.376571655277,Q-12,False,412.0,0,False,BSB,False,False,False,True,False,11433.0,False,False,False,NONE,False,"90ft base path, 200+ft fence",Q121,False,0,0,False,0,False,"588 days, 22:48:30.099106",Active,Q121-BASEBALL-3
0,1215.61767578125,B-16,False,316.0,0,False,HDB,False,False,False,False,False,11212.0,False,True,False,NONE,False,Handball,B249,False,0,0,False,0,False,"147 days, 4:52:23.164729",Active,B249-HANDBALL-3
0,2815.800064086914,M-13,False,164.0,0,False,TNS,False,False,False,False,False,10024.0,False,False,True,NONE,False,Tennis,M010,False,0,0,False,0,False,"228 days, 22:25:46.710690",Active,M010-ZN34-TENNIS-11
0,4291.370422363281,B-01,False,301.0,0,False,BKB,False,False,False,False,False,11206.0,False,False,False,NONE,False,Full Court,B127,False,0,0,True,0,False,"270 days, 18:23:33.447771",Active,B127-BASKETBALL-2
0,1111.5310668945312,Q-02,False,402.0,0,False,BKB,False,False,False,False,False,11104.0,False,False,False,NONE,False,Half Court,Q044,False,0,0,True,0,False,"133 days, 16:02:38.280422",Active,Q044-BASKETBALL-2
0,2862.69841003418,Q-03,False,403.0,0,False,TNS,False,False,False,False,False,11368.0,False,False,False,NONE,False,,Q415,False,0,0,False,0,False,"232 days, 7:15:36.590456",Inactive,Q415-TENNIS-1
0,3391.6646270751958,M-10,False,110.0,0,False,BKB,False,False,False,False,False,10037.0,False,False,False,NONE,False,Full Court,M110,False,0,0,True,0,False,"236 days, 22:12:55.120473",Active,M110-BASKETBALL-1
0,2111.1788330078125,B-14,False,314.0,0,False,BKB,False,False,False,False,False,11230.0,False,False,False,NONE,False,Half Court,B150,False,0,0,False,0,False,"184 days, 3:56:52.892724",Inactive,B150-01-BASKETBALL-1
0,8332.151184082031,Q-11,False,411.0,0,False,SFB,True,False,True,False,False,11362.0,False,False,False,NONE,False,"45-60ft base path, less than 150ft fence",Q346,False,0,0,False,0,False,"344 days, 13:42:15.240018",Active,Q346-BASEBALL-1
0,2770.076461791992,B-10,False,310.0,0,False,TNS,False,False,False,False,False,11228.0,False,False,True,NONE,False,Tennis,B060,False,0,0,False,0,False,"226 days, 14:04:01.791186",Active,B092-TENNIS-5
0,813.87255859375,Q-03,False,403.0,0,False,BKB,False,False,False,False,False,11369.0,False,False,False,NONE,False,Half Court,Q362,False,0,0,True,0,False,"114 days, 8:08:24.033303",Active,Q362-BASKETBALL-2
0,3534.974838256836,B-04,False,304.0,0,False,BKB,False,False,False,False,False,11237.0,False,False,False,NONE,False,Full Court,B017,False,0,0,True,0,False,"243 days, 10:50:05.698214",Active,B017-BASKETBALL-2
0,1143.5735931396484,B-01,False,301.0,0,False,HDB,False,False,False,False,False,11211.0,False,True,False,NONE,False,Handball,,False,0,0,False,0,False,"138 days, 14:03:16.910610",Active,B223P01-HANDBALL-1
0,8800.548400878906,Q-12,False,412.0,0,False,SFB,True,False,True,False,False,11412.0,False,False,False,NONE,False,"45-60ft base path, less than 150ft fence",Q106,False,0,0,False,0,False,"345 days, 7:05:00.308994",Active,Q106-BASEBALL-1
0,737.9792785644531,R-02,False,502.0,0,False,HDB,False,False,False,False,False,10305.0,False,True,False,NONE,False,Handball,R063,False,0,0,False,0,False,"114 days, 6:30:57.295447",Active,R063-HANDBALL-6
0,10968.559310913086,B-04,False,304.0,0,True,MPPA,False,False,False,False,False,11207.0,False,False,False,NONE,False,45-146ft W x 75-294ft L,B332,False,0,0,False,0,False,"419 days, 20:56:17.368687",Active,B332-BASEBALL-1
0,56797.47137451172,B-19,False,355.0,0,True,SFB,True,False,True,False,False,11215.0,False,False,False,NONE,False,"60ft base path, 150-200ft fence",B073,False,0,0,False,0,False,"887 days, 13:15:45.254218",Active,B073-ZN15-BASEBALL-6
0,2406.183868408203,B-07,False,307.0,0,False,BKB,False,False,False,False,False,11220.0,False,False,False,NONE,False,Full Court,B210A,False,0,0,True,0,False,"202 days, 15:33:45.846632",Active,B210A-BASKETBALL-1
0,67289.63375854492,Q-15,False,481.0,0,False,SCR,False,False,False,False,False,11368.0,False,False,False,NONE,False,147-295ft W x 295-393ft L,Q099,False,0,0,False,0,True,"1093 days, 12:13:37.371371",Active,Q099-ZN08-SOCCER-1
0,1078.0049896240234,Q-11,False,411.0,0,False,BKB,False,False,False,False,False,11364.0,False,False,False,NONE,False,Half Court,Q021C,False,0,0,True,0,False,"132 days, 18:25:04.851337",Active,Q021C-BASKETBALL-5
0,1612.7279205322266,X-11,False,211.0,0,False,HDB,False,False,False,False,False,10469.0,False,True,False,NONE,False,Handball,X156,False,0,0,False,0,False,"160 days, 17:04:55.501545",Active,X156-HANDBALL-3
0,2584.754165649414,M-11,False,111.0,0,False,BKB,False,False,False,False,False,10029.0,False,False,False,NONE,False,Full Court,M213,False,0,0,True,0,False,"206 days, 18:23:32.013382",Active,M213-BASKETBALL-1
0,3802.693481445313,Q-05,False,405.0,0,False,BKB,False,False,False,False,False,11385.0,False,False,False,NONE,False,Full Court,Q302,False,0,0,True,0,False,"258 days, 15:10:11.399101",Active,Q302-BASKETBALL-1
0,9030.03109741211,B-10,False,310.0,1,False,SFB,False,False,True,False,False,11209.0,False,False,False,NONE,False,"45-60ft base path, less than 150ft fence",B082,False,0,0,False,0,False,"359 days, 13:10:43.748934",Active,B082-ZN03-BASEBALL-2
0,3291.116409301758,Q-03,False,403.0,0,False,BKB,False,False,False,False,False,11368.0,False,False,False,NONE,False,Half Court,Q415,False,0,0,False,0,False,"233 days, 2:41:31.311757",Inactive,Q415-BASKETBALL-1
0,1233.6282958984375,B-02,False,302.0,0,False,HDB,False,False,False,False,False,11201.0,False,False,False,NONE,False,Handball,B431,False,0,0,False,0,False,"143 days, 23:57:53.274663",Inactive,B431-HANDBALL-4
0,4306.079528808594,B-05,False,305.0,0,False,BKB,False,False,False,False,False,11207.0,False,False,False,NONE,False,Full Court,B078,False,0,0,True,0,False,"274 days, 14:17:21.398148",Active,B078-BASKETBALL-2
0,15072.052688598633,M-02,False,102.0,0,False,SFB,True,False,True,False,False,10014.0,False,False,False,NONE,True,"60ft base path, 150-200ft fence",M038,False,0,0,False,0,False,"452 days, 14:53:00.874227",Active,M038-BASEBALL-1
0,4178.814590454102,B-16,False,316.0,0,False,SCR,False,False,False,False,False,11212.0,False,False,False,NONE,False,45-146ft W x 75-294ft L,B397,False,0,0,False,0,False,"273 days, 2:19:03.103672",Inactive,B397-SOCCER-1
0,1764.148666381836,M-03,False,103.0,0,False,HDB,False,False,False,False,False,10002.0,False,False,False,NONE,False,Handball,M033,False,0,0,False,0,False,"243 days, 17:50:19.419798",Inactive,M033-HANDBALL-6
0,22766.626495361328,Q-10,False,410.0,0,False,BSB,True,False,False,True,False,11417.0,False,False,False,NONE,False,"90ft base path, 200+ft fence",Q095,False,0,0,False,0,False,"560 days, 3:37:19.718561",Active,Q095-BASEBALL-1
0,1221.166015625,B-02,False,302.0,0,False,BKB,False,False,False,False,False,11238.0,False,False,False,NONE,False,Half Court,B301,False,0,0,True,0,False,"140 days, 15:10:47.505927",Active,B301-BASKETBALL-2
0,72898.76914978027,R-02,False,595.0,0,False,SFB,True,False,True,False,False,10306.0,False,False,False,NONE,False,"60ft base path, 150-200ft fence",R046,False,0,0,False,0,False,"1026 days, 14:02:17.699660",Active,R046-ZN05-BASEBALL-1
0,4424.935928344727,X-12,False,212.0,0,False,BKB,False,False,False,False,False,10467.0,False,False,False,NONE,False,Full Court,X169,False,0,0,True,0,False,"275 days, 23:47:50.524933",Active,X169-BASKETBALL-2
0,1156.9415283203125,M-10,False,110.0,0,False,HDB,False,False,False,False,False,10039.0,False,True,False,NONE,False,Handball,M159,False,0,0,False,0,False,"140 days, 12:48:35.658382",Active,M159-HANDBALL-8
0,3709.6470489501953,M-11,False,111.0,0,False,BKB,False,False,False,False,False,10029.0,False,False,False,NONE,False,Full Court,M215,False,0,0,True,0,False,"249 days, 14:02:11.395558",Active,M215-BASKETBALL-3
0,1031.1230010986328,B-05,False,305.0,0,False,HDB,False,False,False,False,False,11207.0,False,True,False,NONE,False,Handball,B078,False,0,0,False,0,False,"140 days, 18:33:44.360946",Active,B078-HANDBALL-4
0,2842.7803955078125,M-14,False,107.0,0,False,TNS,False,False,False,False,False,10024.0,False,False,True,NONE,False,Tennis,M071,False,0,0,False,0,False,"228 days, 14:55:50.039264",Active,M071-ZN23-TENNIS-2
0,34756.896575927734,Q-12,False,412.0,0,False,BSB,False,False,False,True,False,11413.0,False,False,False,NONE,False,"90ft base path, 200+ft fence",Q396,False,0,0,False,0,False,"687 days, 23:10:14.499862",Active,Q396-BASEBALL-2
0,1641.7920532226562,B-16,False,316.0,0,False,HDB,False,False,False,False,False,11212.0,False,True,False,NONE,False,Handball,B339,False,0,0,False,0,False,"162 days, 5:43:27.702697",Removed,B339-HANDBALL-1
0,1446.8773040771484,X-02,False,202.0,0,False,HDB,False,False,False,False,False,10459.0,False,True,False,NONE,False,Handball,X190,False,0,0,False,0,False,"154 days, 5:25:37.159536",Active,X190-HANDBALL-3
0,1324.8140258789062,Q-01,False,401.0,0,False,BKB,False,False,False,False,False,11103.0,False,False,False,NONE,False,Half Court,Q014,False,0,0,True,0,False,"147 days, 3:17:35.872580",Active,Q014-BASKETBALL-3
0,3736.726593017578,M-11,False,111.0,0,False,BKB,False,False,False,False,False,10029.0,False,False,False,NONE,False,Full Court,M214,False,0,0,True,0,False,"250 days, 23:01:24.186635",Active,M214-BASKETBALL-1
0,79831.24397277832,M-11,False,111.0,0,False,SCR,False,False,False,False,False,10035.0,False,False,False,NONE,True,147-295ft W x 295-393ft L,M104,False,0,0,False,0,True,"1164 days, 6:57:18.124867",Active,M107-ZN06-SOCCER-7
0,8789.447052001953,M-02,False,102.0,0,False,SCR,False,False,False,False,False,10014.0,False,False,False,NONE,True,45-146ft W x 75-294ft L,M038,False,0,0,False,0,True,"376 days, 23:12:10.127638",Active,M038-SOCCER-2
0,58064.4022064209,X-13,False,226.0,0,False,BSB,False,False,False,True,False,10470.0,False,False,False,NONE,False,"90ft base path, 200+ft fence",X092,False,0,0,False,0,False,"893 days, 5:33:01.316341",Closed Temporarily,X092-ZN11-BASEBALL-1
0,4404.693817138672,M-06,False,106.0,0,False,BKB,False,False,False,False,False,10016.0,False,False,False,NONE,False,Full Court,M076,False,0,0,True,0,False,"272 days, 22:46:24.715788",Active,M076-BASKETBALL-1
0,1316.4163818359375,B-04,False,304.0,0,False,BKB,False,False,False,False,False,11207.0,False,False,False,NONE,False,Half Court,B307,False,0,0,True,0,False,"145 days, 17:36:34.148631",Active,B307-BASKETBALL-3
1,64603.707580566406,B-10,False,310.0,0,True,SFB,True,True,True,False,False,11228.0,False,False,False,AFB,False,"60ft base path, 150-200ft fence",B028,True,0,0,False,0,True,"1016 days, 0:52:54.929024",Active,B028-ZN02-BASEBALL-2
0,21564.479934692383,Q-03,False,403.0,0,False,SFB,True,False,True,True,False,11368.0,False,False,False,AFB,False,"60ft base path, 150-200ft fence",Q410,True,0,0,False,0,False,"548 days, 10:51:18.790603",Active,Q410-BASEBALL-1
0,982.326171875,B-01,False,301.0,0,False,HDB,False,False,False,False,False,11211.0,False,True,False,NONE,False,Handball,B058,False,0,0,False,0,False,"130 days, 19:57:00.778620",Active,B058-ZN02-HANDBALL-4
0,1532.0032501220703,Q-12,False,412.0,0,False,HDB,False,False,False,False,False,11433.0,False,True,False,NONE,False,Handball,Q121,False,0,0,False,0,False,"158 days, 11:16:59.268494",Active,Q121-02-HANDBALL-2
0,4968.0009765625,B-17,True,317.0,0,False,NTB,False,False,False,False,False,11203.0,False,False,False,NONE,False,Netball,B285,False,0,0,False,0,False,"299 days, 6:28:17.631659",Inactive,B285-SOCCER-2
0,813.527099609375,Q-10,False,410.0,0,False,BKB,False,False,False,False,False,11417.0,False,False,False,NONE,False,Half Court,Q285,False,0,0,False,0,False,"114 days, 21:04:19.069079",Active,Q285-BASKETBALL-2
0,1047.9095764160156,Q-01,False,401.0,0,False,HDB,False,False,False,False,False,11105.0,False,True,False,NONE,False,Handball,Q298,False,0,0,False,0,False,"130 days, 12:33:31.123322",Active,Q298-HANDBALL-3
0,1802.674560546875,B-18,False,318.0,0,False,VLB,False,False,False,False,False,11234.0,False,False,False,NONE,False,Volleyball,B057,False,0,1,False,0,False,"180 days, 3:40:18.745613",Removed,B057-06-VOLLEYBALL-1
0,4181.469192504883,X-09,False,209.0,0,False,BKB,False,False,False,False,False,10462.0,False,False,False,NONE,False,Full Court,X160,False,0,0,True,0,False,"266 days, 14:37:18.412672",Active,X160-BASKETBALL-2
0,1578.9138793945312,Q-14,False,414.0,0,False,HDB,False,False,False,False,False,11691.0,False,True,False,NONE,False,Handball,Q353,False,0,0,False,0,False,"160 days, 2:12:55.095013",Active,Q353-HANDBALL-2
0,14575.723281860352,X-09,False,209.0,1,False,BSB,True,False,True,True,False,10462.0,False,False,False,NONE,False,"60ft base path, 150-200ft fence",X239,False,0,0,False,0,False,"441 days, 8:39:59.098916",Active,X239-BASEBALL-1
0,55215.40309143066,B-18,False,318.0,0,False,SCR,False,False,False,False,False,11229.0,False,False,False,NONE,False,60 x 360ft rectangular,B057,False,0,0,False,0,True,"955 days, 10:56:29.395929",Active,B057-ZN04-SOCCER-1
0,2494.874969482422,X-10,False,210.0,0,False,BKB,False,False,False,False,False,10461.0,False,False,False,NONE,False,Full Court,X121,False,0,0,True,0,False,"203 days, 15:24:39.586828",Active,X121-BASKETBALL-2
0,4231.738861083984,Q-08,False,408.0,0,False,BKB,False,False,False,False,False,11367.0,False,False,False,NONE,False,Full Court,Q376,False,0,0,True,0,False,"267 days, 18:26:20.928344",Active,Q376-BASKETBALL-3
0,1551.992919921875,B-04,False,304.0,0,False,BKB,False,False,False,False,False,11221.0,False,False,False,NONE,False,Half Court,B334,False,0,0,True,0,False,"158 days, 14:39:49.413584",Active,B334-BASKETBALL-2
0,1634.7878875732422,Q-06,False,406.0,0,False,HDB,False,False,False,False,False,11375.0,False,True,False,NONE,False,Handball,Q335,False,0,0,False,0,False,"162 days, 15:27:17.413490",Active,Q335-HANDBALL-2
0,74567.57653808594,X-10,False,210.0,0,False,BSB,False,False,False,False,False,10465.0,False,False,False,NONE,False,"60ft base path, 150-200ft fence",X126,False,0,0,False,0,False,"1003 days, 17:53:07.745964",Inactive,X126-ZN02-BASEBALL-2
0,4118.970657348633,B-02,False,302.0,0,False,BKB,False,False,False,False,False,11201.0,False,False,False,NONE,False,Full Court,B431,False,0,0,False,0,False,"269 days, 3:39:18.646030",Inactive,B431-BASKETBALL-1
0,1193.5996856689453,X-01,False,201.0,0,False,HDB,False,False,False,False,False,10455.0,False,True,False,NONE,False,Handball,X233,False,0,0,False,0,False,"138 days, 22:50:07.345336",Active,X233-HANDBALL-3
0,2900.7718200683594,M-08,False,108.0,0,False,TNS,False,False,False,False,False,10022.0,False,False,False,NONE,False,Tennis,M070,False,0,0,False,0,False,"230 days, 1:36:26.212916",Active,M070-TENNIS-4
0,1688.1473693847656,M-13,False,164.0,0,False,VLB,False,False,False,False,False,10023.0,False,False,False,NONE,False,Volleyball,M010,False,0,1,False,0,False,"176 days, 14:21:44.913817",Active,M010-ZN10+11-VOLLEYBALL-1
0,2203.9242095947266,B-05,False,305.0,0,False,SFB,False,False,False,False,False,11207.0,False,False,False,NONE,False,"45-60ft base path, less than 150ft fence",B345,False,0,0,False,0,False,"187 days, 20:15:31.159339",Inactive,B345-BASEBALL-1
0,2816.889709472656,B-03,False,303.0,0,False,TNS,False,False,False,False,False,11233.0,False,False,True,NONE,False,Tennis,B215,False,0,0,False,0,False,"228 days, 22:43:20.534347",Active,B215-TENNIS-1
0,1131.361587524414,B-16,False,316.0,0,False,HDB,False,False,False,False,False,11212.0,False,True,False,NONE,False,Handball,B008,False,0,0,False,0,False,"139 days, 18:11:45.413315",Closed Temporarily,B008-HANDBALL-3
0,4227.646194458008,X-01,False,201.0,0,False,BKB,False,False,False,False,False,10454.0,False,False,False,NONE,False,Full Court,X131,False,0,0,True,0,False,"268 days, 6:28:48.116326",Active,X131-BASKETBALL-5
0,1550.3817291259766,B-07,False,307.0,0,False,HDB,False,False,False,False,False,11232.0,False,True,False,NONE,False,Handball,B210I,False,0,0,False,0,False,"158 days, 13:53:38.105685",Active,B210I-HANDBALL-1
0,2806.324722290039,B-01,False,301.0,0,False,TNS,False,False,False,False,False,11222.0,False,False,True,NONE,False,Tennis,B058,False,0,0,False,0,False,"227 days, 20:26:16.959181",Active,B058-ZN04-TENNIS-8
0,4295.000274658203,B-16,False,316.0,0,False,BKB,False,False,False,False,False,11212.0,False,False,False,NONE,False,Full Court,B396,False,0,0,True,0,False,"270 days, 0:37:19.537686",Active,B396-BASKETBALL-2
0,2415.0771484375,B-16,False,316.0,0,False,BKB,False,False,False,False,False,11212.0,False,False,False,NONE,False,Full Court,B339,False,0,0,True,0,False,"201 days, 0:00:21.128332",Active,B339-BASKETBALL-1
0,4357.385665893555,Q-15,False,407.0,0,False,BKB,False,False,False,False,False,11355.0,False,False,False,NONE,False,Full Court,Q099,False,0,0,False,0,False,"274 days, 17:04:31.194920",Active,Q099-17-BASKETBALL-2
0,3026.743179321289,Q-15,False,481.0,0,False,TNS,False,False,False,False,False,11368.0,False,False,False,NONE,False,,Q099,False,0,0,False,0,False,"234 days, 22:40:32.686821",Inactive,Q099-ZN04-TENNIS-18
0,1774.2053833007812,B-17,False,317.0,0,False,HDB,False,False,False,False,False,11203.0,False,True,False,NONE,False,Handball,B285,False,0,0,False,0,False,"168 days, 19:57:35.086858",Active,B285-HANDBALL-1
0,1251.8463592529297,B-01,False,301.0,0,False,BKB,False,False,False,False,False,11211.0,False,False,False,NONE,False,Half Court,,False,0,0,True,0,False,"141 days, 23:41:13.584188",Active,B223P05-BASKETBALL-1
0,3065.9949951171875,B-10,False,310.0,0,False,BKB,False,False,False,False,False,11209.0,False,False,False,NONE,False,Full Court,B082,False,0,0,True,0,False,"231 days, 16:35:06.008765",Active,B082-02-BASKETBALL-1
0,4156.134628295898,X-09,False,209.0,0,False,BKB,False,False,False,False,False,10472.0,False,False,False,NONE,False,Full Court,X124,False,0,0,True,0,False,"265 days, 19:57:24.007490",Active,X124-BASKETBALL-3
0,1186.7311172485352,R-03,False,503.0,0,False,BKB,False,False,False,False,False,10306.0,False,False,False,NONE,False,Half Court,R072,False,0,0,True,0,False,"137 days, 19:15:50.072913",Active,R072-BASKETBALL-2
0,1402.0686340332031,X-09,False,209.0,0,False,HDB,False,False,False,False,False,10472.0,False,True,False,NONE,False,Handball,X159,False,0,0,False,0,False,"150 days, 16:44:10.096533",Active,X159-HANDBALL-1
0,38593.80337524414,X-12,False,212.0,0,False,SFB,False,False,True,False,False,10469.0,False,False,False,NONE,False,"60ft base path, 150-200ft fence",X196,False,0,0,False,0,False,"775 days, 11:42:35.326268",Active,X196-BASEBALL-1
0,2797.77880859375,Q-15,False,481.0,0,False,TNS,False,False,False,False,False,11368.0,False,False,False,NONE,False,Tennis,Q099,False,0,0,False,0,False,"227 days, 12:23:32.679604",Archived,Q099-ZN04-TENNIS-19
0,1584.8455505371094,Q-09,False,409.0,0,False,BKB,False,False,False,False,False,11421.0,False,False,False,NONE,False,Half Court,Q053,False,0,0,False,0,False,"159 days, 19:29:13.926152",Active,Q053-BASKETBALL-2
0,3212.4509887695312,M-14,False,109.0,1,False,BKB,False,False,False,False,False,10032.0,False,False,False,NONE,False,Full Court,M140,False,0,0,True,0,False,"234 days, 4:53:56.052652",Active,M140-01-BASKETBALL-2
0,3745.2669219970703,R-01,False,501.0,0,False,BKB,False,False,False,False,False,10303.0,False,False,False,NONE,False,Full Court,R068,False,0,0,False,0,False,"249 days, 18:58:04.061235",Closed Temporarily,R068-BASKETBALL-1
0,3879.7233123779297,M-09,False,109.0,0,False,BKB,False,False,False,False,False,10031.0,False,False,False,NONE,False,Full Court,M223,False,0,0,True,0,False,"258 days, 6:50:00.657563",Active,M223-BASKETBALL-3
0,16288.419540405272,Q-07,False,407.0,0,False,SFB,False,False,False,False,False,11359.0,False,False,False,NONE,False,"60ft base path, 150-200ft fence",,False,0,0,False,0,False,"465 days, 5:35:24.598285",Inactive,Q458-BASEBALL-1
0,1234.6658172607422,Q-12,False,412.0,0,False,BKB,False,False,False,False,False,11433.0,False,False,False,NONE,False,Half Court,Q301,False,0,0,True,0,False,"140 days, 20:58:00.521274",Active,Q301-BASKETBALL-2
0,1768.0382537841797,Q-14,False,414.0,0,False,HDB,False,False,False,False,False,11693.0,False,True,False,NONE,False,Handball,Q163,False,0,0,False,0,False,"171 days, 2:48:55.156785",Removed,Q163-ZN06B-HANDBALL-7
0,1195.419952392578,M-11,False,111.0,0,False,HDB,False,False,False,False,False,10029.0,False,True,False,NONE,False,Handball,M214,False,0,0,False,0,False,"140 days, 6:29:40.875575",Active,M214-HANDBALL-3
0,3655.96110534668,X-03,False,203.0,1,False,HDB,False,False,False,False,False,10457.0,False,False,False,NONE,False,Handball,X010,False,0,0,False,0,False,"242 days, 1:04:36.133727",Inactive,X010-05-HANDBALL-8
0,1180.3764190673828,M-07,False,107.0,0,False,HDB,False,False,False,False,False,10025.0,False,True,False,NONE,False,Handball,M200,False,0,0,False,0,False,"144 days, 0:22:46.623261",Active,M200-HANDBALL-1
0,1163.5313110351562,X-15,False,228.0,1,False,HDB,False,False,False,False,False,10464.0,False,True,False,NONE,False,Handball,X039,False,0,0,False,0,False,"142 days, 5:33:49.977490",Active,X039-ZN17-HANDBALL-16
0,15707.73648071289,X-01,False,201.0,0,False,TRK,False,False,False,False,False,10454.0,False,False,False,NONE,False,Track,X045,False,0,0,False,0,False,"1916 days, 16:48:05.355301",Active,X045-ZN01-TRACK-1
0,9491.494201660156,Q-13,False,413.0,0,False,SFB,False,False,False,False,False,11411.0,False,False,False,NONE,False,"45-60ft base path, less than 150ft fence",Q404,False,0,0,False,0,False,"359 days, 11:15:19.049339",Active,Q404-BASEBALL-1
0,4085.157348632813,X-07,False,207.0,0,False,BKB,False,False,False,False,False,10468.0,False,False,False,NONE,False,Full Court,X150E,False,0,0,True,0,False,"265 days, 4:06:41.261398",Active,X150E-BASKETBALL-1
0,2312.3336181640625,B-18,False,318.0,0,False,BKB,False,False,False,False,False,11236.0,False,False,False,NONE,False,Half Court,B018,False,0,0,True,0,False,"192 days, 9:10:03.847992",Active,B018-01-BASKETBALL-1
0,1013.1143188476562,Q-16,False,482.0,0,False,HDB,False,False,False,False,False,11421.0,False,True,False,NONE,False,Handball,Q015,False,0,0,False,0,False,"130 days, 15:29:36.200274",Active,Q015-ZN04-HANDBALL-11
0,2796.257766723633,B-10,False,310.0,0,False,TNS,False,False,False,False,False,11228.0,False,False,True,NONE,False,Tennis,B028,False,0,0,False,0,False,"227 days, 21:42:04.924989",Active,B028-ZN01-TENNIS-8
0,30484.95571899414,X-03,False,203.0,0,False,SFB,False,False,True,False,False,10457.0,False,False,False,NONE,False,"60ft base path, 150-200ft fence",X010,False,0,0,False,0,False,"672 days, 22:17:57.829041",Active,X010-ZN04-BASEBALL-1
0,1359.6639556884766,B-17,False,317.0,0,False,HDB,False,False,False,False,False,11210.0,False,True,False,NONE,False,Handball,B250,False,0,0,False,0,False,"149 days, 21:26:00.577013",Active,B250-HANDBALL-4
0,4086.04313659668,B-09,False,309.0,0,False,BKB,False,False,False,False,False,11225.0,False,False,False,NONE,False,Full Court,B357,False,0,0,True,0,False,"266 days, 1:56:32.269595",Active,B357-BASKETBALL-4
0,2807.528335571289,Q-15,False,481.0,0,False,TNS,False,False,False,False,False,11368.0,False,False,True,NONE,False,Tennis,Q099,False,0,0,False,0,False,"227 days, 11:57:26.901210",Active,Q099-ZN10-TENNIS-7
0,1691.544403076172,B-10,False,310.0,0,False,BKB,False,False,False,False,False,11220.0,False,False,False,NONE,False,Half Court,B052,False,0,0,True,0,False,"164 days, 16:06:44.350893",Active,B052-BASKETBALL-1
0,2869.002822875977,B-10,False,310.0,0,False,TNS,False,False,False,False,False,11228.0,False,False,True,NONE,False,Tennis,B060,False,0,0,False,0,False,"229 days, 18:34:35.352538",Active,B092-TENNIS-3
0,58317.71977233887,M-11,False,111.0,0,False,SCR,False,False,False,False,False,10035.0,True,False,False,AFB,False,147-295ft W x 295-393ft L,M104,True,0,0,False,0,True,"988 days, 10:16:17.146800",Active,M107-ZN06-SOCCER-8
0,938.7238159179688,B-09,False,309.0,0,False,TNS,False,False,False,False,False,11225.0,False,False,True,NONE,False,Tennis,B267,False,0,0,False,0,False,"134 days, 2:02:07.516232",Active,B267-TENNIS-1
0,8167.26318359375,M-07,False,107.0,0,False,SFB,False,False,True,False,False,10023.0,False,False,False,NONE,False,"45-60ft base path, less than 150ft fence",M233,False,0,0,False,0,False,"344 days, 6:36:39.427646",Active,M233-BASEBALL-1
0,2806.6705017089844,X-04,False,204.0,1,False,TNS,False,False,False,False,False,10451.0,False,False,True,NONE,False,Tennis,X344,False,0,0,False,0,False,"228 days, 6:31:22.029709",Active,X344-TENNIS-16
0,4222.88459777832,M-03,False,103.0,0,False,BKB,False,False,False,False,False,10009.0,False,False,False,NONE,False,Full Court,M088,False,0,0,True,0,False,"268 days, 19:20:41.290442",Active,M088-BASKETBALL-2
0,1512.246810913086,B-03,False,303.0,0,False,HDB,False,False,False,False,False,11206.0,False,True,False,NONE,False,Handball,B348,False,0,0,False,0,False,"156 days, 0:46:56.196961",Active,B348-HANDBALL-2
0,80649.64730834961,B-10,False,310.0,0,False,BSB,True,False,True,True,False,11228.0,False,False,False,NONE,False,"90ft base path, 200+ft fence",B028,False,0,0,False,0,False,"1046 days, 6:54:41.431904",Active,B028-ZN01-BASEBALL-7
0,1179.8254852294922,Q-11,False,411.0,0,False,BKB,False,False,False,False,False,11364.0,False,False,False,NONE,False,Half Court,Q021C,False,0,0,False,0,False,"139 days, 20:18:28.998982",Active,Q021C-BASKETBALL-4
0,1323.895538330078,Q-14,False,414.0,0,False,HDB,False,False,False,False,False,11691.0,False,True,False,NONE,True,Handball,Q162J01,False,0,0,False,0,False,"148 days, 21:05:40.033187",Active,Q162J-HANDBALL-6
0,984.8607482910156,M-09,False,109.0,0,False,HDB,False,False,False,False,False,10026.0,False,True,False,NONE,False,Handball,M056,False,0,0,False,0,False,"129 days, 1:59:52.800982",Active,M056-01-HANDBALL-2
0,1455.5848999023438,B-05,False,305.0,0,False,HDB,False,False,False,False,False,11207.0,False,True,False,NONE,False,Handball,B402,False,0,0,False,0,False,"163 days, 6:27:01.478993",Active,B402-HANDBALL-2
0,1313.0052947998047,M-03,False,103.0,0,False,HDB,False,False,False,False,False,10002.0,False,True,False,NONE,False,Handball,M228,False,0,0,False,0,False,"149 days, 7:53:10.371227",Active,M228-HANDBALL-4
0,1412.5650939941406,B-12,False,312.0,0,False,HDB,False,False,False,False,False,11218.0,False,True,False,NONE,False,Handball,B151,False,0,0,False,0,False,"152 days, 8:56:35.290233",Active,B151-HANDBALL-2
0,1777.2756958007812,X-09,False,209.0,0,False,BKB,False,False,False,False,False,10472.0,False,False,False,NONE,False,Half Court,X208,False,0,0,False,0,False,"168 days, 23:11:52.404808",Active,X208-BASKETBALL-2
0,2860.107162475586,B-01,False,301.0,0,False,TRK,False,False,False,False,False,11206.0,False,False,False,NONE,False,Jogging Path,B311,False,0,0,False,0,False,"677 days, 1:36:30.306467",Active,B311-TRACK-1
0,1710.7233276367188,X-11,False,211.0,0,False,HDB,False,False,False,False,False,10469.0,False,True,False,NONE,False,Handball,X156,False,0,0,False,0,False,"165 days, 17:53:12.758465",Active,X156-HANDBALL-2
0,3952.208557128906,B-05,False,305.0,0,False,BKB,False,False,False,False,False,11208.0,False,False,False,NONE,False,Full Court,B163,False,0,0,True,0,False,"260 days, 11:07:25.959202",Active,B163-BASKETBALL-1
0,31932.77687072754,B-14,False,314.0,0,False,SCR,False,False,False,False,False,11226.0,False,False,False,NONE,False,45-146ft W x 75-294ft L,B068,False,0,0,False,0,False,"721 days, 0:07:16.444762",Inactive,B073-ZN28-SOCCER-7
0,4041.1557006835938,B-16,False,316.0,0,False,BKB,False,False,False,False,False,11233.0,False,False,False,NONE,False,Full Court,B153,False,0,0,True,0,False,"264 days, 13:07:48.960816",Active,B153-BASKETBALL-3
0,1221.673324584961,B-18,False,318.0,0,False,HDB,False,False,False,False,False,11229.0,False,True,False,NONE,False,Handball,B057,False,0,0,False,0,False,"145 days, 7:40:12.958741",Active,B057-ZN01-HANDBALL-7
0,4020.273666381836,X-01,False,201.0,0,False,BKB,False,False,False,False,False,10454.0,False,False,False,NONE,False,Full Court,X041,False,0,0,True,0,False,"262 days, 0:06:18.317398",Active,X041-BASKETBALL-2
0,2725.200561523437,M-13,False,164.0,0,False,TNS,False,False,False,False,False,10024.0,False,False,True,NONE,False,Tennis,M010,False,0,0,False,0,False,"225 days, 21:49:22.269299",Active,M010-ZN34-TENNIS-17
0,2975.347381591797,X-12,False,212.0,0,False,TNS,False,False,False,False,False,10469.0,False,False,True,NONE,True,Tennis,X196,False,0,0,False,0,False,"233 days, 19:00:42.621606",Active,X196-TENNIS-6
0,3328.8621673583984,B-13,False,313.0,0,False,BKB,False,False,False,False,False,11224.0,False,False,False,NONE,False,Full Court,B337,False,0,0,True,0,False,"236 days, 10:39:05.464745",Active,B337-BASKETBALL-1
0,1282.833511352539,B-16,False,316.0,0,False,HDB,False,False,False,False,False,11212.0,False,True,False,NONE,False,Handball,B249,False,0,0,False,0,False,"149 days, 23:11:40.701460",Active,B249-HANDBALL-5
0,1128.8266143798828,Q-05,False,405.0,0,False,HDB,False,False,False,False,False,11379.0,False,True,False,NONE,False,Handball,Q102,False,0,0,False,0,False,"139 days, 6:48:50.363988",Active,Q102-02-HANDBALL-5
0,1379.434600830078,B-05,False,305.0,0,False,HDB,False,False,False,False,False,11208.0,False,True,False,NONE,False,Handball,B312,False,0,0,False,0,False,"149 days, 15:46:20.821883",Active,B312-HANDBALL-2
0,30331.911514282227,Q-12,False,412.0,0,False,SCR,False,False,False,False,False,11432.0,False,False,False,NONE,False,45-146ft W x 75-294ft L,Q023,False,0,0,False,0,False,"716 days, 19:43:21.197465",Active,Q023-SOCCER-1
0,2858.3331604003906,B-04,False,304.0,0,False,TNS,False,False,False,False,False,11221.0,False,False,False,NONE,False,,B334,False,0,0,False,0,False,"228 days, 21:37:52.070837",Inactive,B334-TENNIS-1
0,1332.4412078857422,B-13,False,313.0,0,False,HDB,False,False,False,False,False,11223.0,False,True,False,NONE,False,Handball,B252,False,0,0,False,0,False,"148 days, 13:28:58.049953",Active,B252-HANDBALL-2
0,3998.364608764648,Q-10,False,410.0,0,False,BKB,False,False,False,False,False,11417.0,False,False,False,NONE,False,Full Court,Q118,False,0,0,True,0,False,"259 days, 23:40:07.406394",Active,Q118-BASKETBALL-1
0,3843.279235839844,R-01,False,501.0,0,False,BKB,False,False,False,False,False,10302.0,False,False,False,NONE,False,Full Court,R076,False,0,0,True,0,False,"259 days, 13:34:15.090858",Active,R076-BASKETBALL-2
0,985.999252319336,M-12,False,112.0,0,False,HDB,False,False,False,False,False,10032.0,False,True,False,NONE,False,Handball,M028,False,0,0,False,0,False,"130 days, 13:12:39.471576",Active,M028-ZN01-HANDBALL-2
0,1417.6211700439453,B-15,False,315.0,0,False,HDB,False,False,False,False,False,11235.0,False,True,False,NONE,False,Handball,B166B,False,0,0,False,0,False,"152 days, 18:32:00.662025",Active,B166B-HANDBALL-2
0,1383.3709564208984,B-05,False,305.0,0,False,HDB,False,False,False,False,False,11208.0,False,True,False,NONE,False,Handball,B380,False,0,0,False,0,False,"151 days, 2:25:55.727743",Active,B380-HANDBALL-2
0,36177.62699890137,X-10,False,210.0,0,False,SFB,False,False,True,False,False,10464.0,False,False,False,NONE,False,"60ft base path, 150-200ft fence",X253,False,0,0,False,0,False,"757 days, 21:38:35.369024",Active,X253-BASEBALL-1
0,2934.6589965820312,R-02,False,502.0,0,False,TNS,False,False,False,False,False,10314.0,False,False,True,NONE,False,Tennis,R030,False,0,0,False,0,False,"231 days, 12:43:44.866143",Removed,R065-ZN08-TENNIS-1
0,1137.8421173095703,R-01,False,501.0,0,False,BOC,False,False,False,False,True,10302.0,False,False,False,NONE,False,Bocce,R076,False,0,0,False,0,False,"187 days, 1:08:22.619462",Active,R076-BOCCE-2
0,1810.6778869628904,B-02,False,302.0,0,False,,False,False,False,False,False,11205.0,False,False,False,NONE,False,,B293,False,0,0,False,0,False,"170 days, 5:22:10.012820",Inactive,B293-BASEBALL-1
0,1139.0392608642578,B-01,False,301.0,0,False,HDB,False,False,False,False,False,11222.0,False,True,False,NONE,False,Handball,B001,False,0,0,False,0,False,"139 days, 14:30:49.516229",Active,B001-HANDBALL-1
0,3892.4866485595694,M-11,False,111.0,0,False,BKB,False,False,False,False,False,10035.0,False,False,False,NONE,False,Full Court,M208D,False,0,0,True,0,False,"256 days, 15:58:07.551532",Active,M208D-BASKETBALL-1
0,1690.7137451171875,B-06,False,306.0,0,False,HDB,False,False,False,False,False,11217.0,False,True,False,NONE,False,Handball,B145,False,0,0,False,0,False,"168 days, 15:15:16.928761",Active,B145-HANDBALL-7
0,49506.00807189941,M-13,False,164.0,0,False,SCR,False,False,False,False,False,10025.0,False,False,False,NONE,False,147-295ft W x 295-393ft L,M010,False,0,0,False,0,True,"961 days, 0:55:27.159632",Active,M010-ZN37-SOCCER-3
0,1106.6023254394531,X-08,False,208.0,0,False,HDB,False,False,False,False,False,10463.0,False,True,False,NONE,False,Handball,X202,False,0,0,False,0,False,"135 days, 7:15:40.526182",Active,X202-HANDBALL-3
0,2841.788772583008,Q-05,False,305.0,0,False,TNS,False,False,False,False,False,11207.0,False,False,True,NONE,True,Tennis,B047,False,0,0,False,0,False,"228 days, 6:26:19.889125",Active,Q020-ZN04-TENNIS-10
0,1777.7538146972656,B-13,False,313.0,0,False,VLB,False,False,False,False,False,11224.0,False,False,False,NONE,False,Volleyball,B331,False,0,0,False,0,False,"178 days, 23:05:06.378163",Inactive,B331-VOLLEYBALL-1
0,743.1172790527344,B-11,False,311.0,0,False,TNS,False,False,False,False,False,11214.0,False,False,False,NONE,False,Tennis,B164,False,0,0,False,0,False,"116 days, 14:54:58.517161",Inactive,B164-TENNIS-5
0,1151.2723999023438,B-08,False,308.0,0,False,HDB,False,False,False,False,False,11213.0,False,True,False,NONE,False,Handball,B054,False,0,0,False,0,False,"140 days, 9:59:25.518135",Active,B054-ZN01-HANDBALL-9
0,2820.107406616211,Q-01,False,401.0,0,False,TNS,False,False,False,False,False,11103.0,False,False,True,NONE,False,Tennis,Q014,False,0,0,False,0,False,"227 days, 20:32:28.102834",Active,Q014-TENNIS-4
0,1167.8483123779297,B-13,False,313.0,0,False,HDB,False,False,False,False,False,11223.0,False,True,False,NONE,False,Handball,B252,False,0,0,False,0,False,"137 days, 17:36:08.383431",Active,B252-HANDBALL-3
0,2798.795700073242,Q-08,False,408.0,0,False,TNS,False,False,False,False,False,11423.0,False,False,True,NONE,False,Tennis,Q021,False,0,0,False,0,False,"227 days, 19:39:00.882145",Active,Q021-ZN02-TENNIS-18
0,988.7220458984376,R-01,False,501.0,0,False,HDB,False,False,False,False,False,10301.0,False,True,False,NONE,False,Handball,R025,False,0,0,False,0,False,"131 days, 8:37:24.020031",Active,R025-HANDBALL-5
0,1258.0628356933594,X-11,False,211.0,0,False,HDB,False,False,False,False,False,10462.0,False,True,False,NONE,False,Handball,X178,False,0,0,False,0,False,"144 days, 1:04:02.720482",Active,X178-HANDBALL-1
0,870.8541717529297,Q-07,False,407.0,0,False,BKB,False,False,False,False,False,11357.0,False,False,False,NONE,False,Half Court,Q089B,False,0,0,True,0,False,"118 days, 14:54:45.382468",Active,Q089B-01-BASKETBALL-3
0,3456.6592559814453,M-03,False,103.0,0,False,,False,False,False,False,False,10002.0,False,False,False,NONE,False,,M116,False,0,0,False,0,False,"219 days, 14:58:56.298671",Inactive,M116-BASEBALL-1
0,2786.1739501953125,X-08,False,208.0,0,False,TNS,False,False,False,False,False,10471.0,False,False,True,NONE,False,Tennis,X201,False,0,0,False,0,False,"227 days, 12:05:59.784570",Active,X201-TENNIS-4
0,1239.952651977539,Q-05,False,405.0,0,False,HDB,False,False,False,False,False,11385.0,False,True,False,NONE,False,Handball,Q002,False,0,0,False,0,False,"146 days, 10:35:35.478920",Active,Q002-HANDBALL-2
0,686.5474243164062,B-01,False,301.0,0,False,VLB,False,False,False,False,False,11211.0,False,False,False,NONE,False,Volleyball,B025,False,0,1,False,0,False,"107 days, 3:53:38.710081",Active,B025-VOLLEYBALL-1
0,8260.607009887695,Q-14,False,414.0,0,False,SFB,False,False,False,False,False,11692.0,False,False,False,NONE,False,"45-60ft base path, less than 150ft fence",Q443,False,0,0,False,0,False,"343 days, 21:15:56.156649",Active,Q443-BASEBALL-1
0,4679.714950561523,R-02,False,502.0,0,False,BKB,False,False,False,False,False,10304.0,False,False,False,NONE,False,Full Court,R073,False,0,0,True,0,False,"287 days, 19:55:20.291731",Active,R073-BASKETBALL-2
0,773.2322692871094,Q-07,False,407.0,0,False,BKB,False,False,False,False,False,11354.0,False,False,False,NONE,False,Half Court,Q347,False,0,0,False,0,False,"111 days, 20:32:17.354761",Active,Q347-BASKETBALL-2
0,1209.436752319336,B-02,False,302.0,0,False,HDB,False,False,False,False,False,11201.0,False,True,False,NONE,False,Handball,,False,0,0,False,0,False,"144 days, 4:22:30.546537",Active,B223J03-HANDBALL-4
0,1051.7897186279297,B-03,False,303.0,0,False,HDB,False,False,False,False,False,11206.0,False,True,False,NONE,False,Handball,B217,False,0,0,False,0,False,"132 days, 16:10:17.173758",Active,B217-HANDBALL-6
0,4809.12239074707,B-14,False,314.0,0,False,BKB,False,False,False,False,False,11226.0,False,False,False,NONE,False,Unknown,B068,False,0,0,False,0,False,"295 days, 18:35:14.592475",Inactive,B073-ZN28-BASKETBALL-3
0,1370.0272827148438,B-04,False,304.0,0,False,HDB,False,False,False,False,False,11207.0,False,True,False,NONE,False,Handball,B307,False,0,0,False,0,False,"150 days, 19:08:39.169570",Active,B307-HANDBALL-4
0,2940.765838623047,B-01,False,301.0,0,False,TNS,False,False,False,False,False,11206.0,False,False,True,NONE,False,Tennis,B358,False,0,0,False,0,False,"232 days, 18:38:53.256675",Active,B358-TENNIS-3
0,1767.6748046875,Q-15,False,481.0,0,False,VLB,False,False,False,False,False,11368.0,False,False,False,NONE,False,Volleyball,Q099,False,0,1,False,0,False,"178 days, 2:57:55.990563",Active,Q099-ZN19-VOLLEYBALL-10
0,1766.1046752929688,Q-15,False,481.0,0,False,VLB,False,False,False,False,False,11368.0,False,False,False,NONE,False,Volleyball,Q099,False,0,1,False,0,False,"178 days, 11:12:49.830586",Active,Q099-ZN19-VOLLEYBALL-1
0,1155.7431030273438,X-04,False,204.0,0,False,HDB,False,False,False,False,False,10457.0,False,True,False,NONE,False,Handball,X008,False,0,0,False,0,False,"140 days, 15:23:03.401158",Active,X008-01-HANDBALL-5
0,1763.8111114501953,Q-15,False,481.0,0,False,VLB,False,False,False,False,False,11368.0,False,False,False,NONE,False,Volleyball,Q099,False,0,0,False,0,False,"177 days, 7:31:31.839885",Active,Q099-ZN08-VOLLEYBALL-2
0,2766.7905883789062,Q-14,False,414.0,0,False,TNS,False,False,False,False,False,11691.0,False,False,True,NONE,False,Tennis,Q371,False,0,0,False,0,False,"226 days, 13:11:14.221078",Active,Q371-01-TENNIS-2
0,1109.251724243164,Q-03,False,403.0,0,False,HDB,False,False,False,False,False,11372.0,False,True,False,NONE,False,Handball,Q303,False,0,0,False,0,False,"134 days, 14:36:54.770616",Active,Q303-HANDBALL-4
0,2630.435836791992,B-15,False,315.0,0,False,BKB,False,False,False,False,False,11229.0,False,False,False,NONE,False,Full Court,B157,False,0,0,True,0,False,"212 days, 1:43:38.661648",Active,B157-BASKETBALL-6
0,1286.6514587402344,X-06,False,206.0,0,False,HDB,False,False,False,False,False,10458.0,False,False,False,NONE,False,Handball,X102,False,0,0,False,0,False,"145 days, 2:32:51.350131",Inactive,X102-HANDBALL-2
0,2994.826629638672,B-09,False,309.0,0,False,TNS,False,False,False,False,False,11225.0,False,False,False,NONE,False,Tennis,B284,False,0,0,False,0,False,"234 days, 11:23:52.172200",Inactive,B284-TENNIS-1
0,1561.8849029541016,Q-12,False,412.0,0,False,HDB,False,False,False,False,False,11434.0,False,True,False,NONE,False,Handball,Q427,False,0,0,False,0,False,"159 days, 2:34:35.916405",Active,Q427-HANDBALL-2
0,966.2652893066406,X-09,False,209.0,0,False,BKB,False,False,False,False,False,10473.0,False,False,False,NONE,False,Half Court,X221,False,0,0,False,0,False,"124 days, 20:18:49.866576",Active,X221-BASKETBALL-4
0,2799.5120544433594,B-18,False,318.0,1,False,TNS,False,False,False,False,False,11234.0,False,False,True,NONE,False,Tennis,B166D,False,0,0,False,0,False,"227 days, 15:01:57.920935",Active,B166D-TENNIS-3
0,4355.265075683594,Q-03,False,403.0,0,False,BKB,False,False,False,False,False,11370.0,False,False,False,NONE,False,Full Court,Q085,False,0,0,True,0,False,"272 days, 21:16:58.504197",Active,Q085-BASKETBALL-4
0,2511.1446838378906,M-11,False,111.0,0,False,BKB,False,False,False,False,False,10037.0,False,False,False,NONE,False,Full Court,M204,False,0,0,True,0,False,"203 days, 12:21:28.588458",Active,M204-BASKETBALL-1
0,793.3573608398438,B-06,False,306.0,0,False,BKB,False,False,False,False,False,11215.0,False,False,False,NONE,False,Half Court,B095,False,0,0,True,0,False,"112 days, 17:01:09.754111",Active,B095-BASKETBALL-2
0,1113.3185272216797,B-02,False,302.0,0,False,HDB,False,False,False,False,False,11205.0,False,True,False,NONE,False,Handball,B292,False,0,0,False,0,False,"137 days, 8:08:08.532267",Active,B292-HANDBALL-1
0,1195.8243560791016,M-11,False,111.0,0,False,HDB,False,False,False,False,False,10029.0,False,True,False,NONE,False,Handball,M111,False,0,0,False,0,False,"140 days, 17:23:53.391895",Removed,M111-HANDBALL-2
0,39329.83532714844,M-11,False,111.0,0,True,SFB,True,False,True,False,False,10035.0,False,False,False,NONE,False,"60ft base path, 150-200ft fence",M104,False,0,0,False,0,False,"791 days, 6:39:15.972469",Active,M104-ZN01-BASEBALL-9
0,3630.1246337890634,X-12,False,212.0,0,False,BKB,False,False,False,False,False,10466.0,False,False,False,NONE,True,Full Court,X165,False,0,0,True,0,False,"248 days, 15:20:13.675664",Active,X165-BASKETBALL-1
0,1172.210418701172,Q-04,False,404.0,0,False,BKB,False,False,False,False,False,11368.0,False,False,False,NONE,False,Half Court,Q450,False,0,0,True,0,False,"138 days, 10:19:44.591381",Active,Q450-BASKETBALL-8
0,18397.9315032959,Q-11,False,411.0,0,False,FTB,False,False,False,False,False,11361.0,False,False,False,NONE,False,45-146ft W x 75-294ft L,,False,0,0,False,0,False,"575 days, 14:46:47.758052",Inactive,Q012B-FOOTBALL-4
0,1337.6607055664062,X-06,False,206.0,0,False,HDB,False,False,False,False,False,10457.0,False,True,False,NONE,False,Handball,X148H1,False,0,0,False,0,False,"147 days, 1:48:39.145962",Active,X148H1-HANDBALL-6
0,1253.2255401611328,M-03,False,103.0,0,False,HDB,False,False,False,False,False,10002.0,False,True,False,NONE,False,Handball,M105,False,0,0,False,0,False,"147 days, 2:19:44.592277",Active,M105-08-HANDBALL-1
0,2806.199264526367,Q-08,False,408.0,0,False,TNS,False,False,False,False,False,11365.0,False,False,False,NONE,False,Tennis,Q300A1,False,0,0,False,0,False,"228 days, 15:02:25.131928",Active,Q300A1-TENNIS-4
0,4062.8616943359375,X-15,False,228.0,0,False,BKB,False,False,False,False,False,10464.0,False,False,False,NONE,False,Full Court,X039,False,0,0,True,0,False,"264 days, 22:29:00.679411",Active,X039-ZN17-BASKETBALL-3
0,3375.8341064453125,B-08,False,308.0,0,False,BKB,False,False,False,False,False,11238.0,False,False,False,NONE,False,Full Court,B350,False,0,0,True,0,False,"239 days, 4:15:50.177654",Active,B350-BASKETBALL-1
0,1249.0784912109375,B-10,False,310.0,0,False,BOC,False,False,False,False,True,11228.0,False,False,False,NONE,False,Bocce,B028,False,0,0,False,0,False,"219 days, 21:23:05.439232",Active,B028-03-BOCCE-2
0,865.0620574951172,M-03,False,103.0,0,False,SFB,False,False,False,False,False,10009.0,False,False,False,NONE,False,"45-60ft base path, less than 150ft fence",M201,False,0,0,False,0,False,"117 days, 16:26:18.401235",Active,M201-BASEBALL-1
0,1305.8379821777344,B-02,False,302.0,0,False,HDB,False,False,False,False,False,11201.0,False,True,False,NONE,False,Handball,,False,0,0,False,0,False,"148 days, 10:01:01.069392",Active,B223J03-HANDBALL-6
0,1106.188735961914,X-01,False,201.0,0,False,HDB,False,False,False,False,False,10454.0,False,True,False,NONE,False,Handball,X041,False,0,0,False,0,False,"137 days, 1:03:37.986457",Active,X041-HANDBALL-1
0,1096.5438537597656,Q-07,False,407.0,0,False,HDB,False,False,False,False,False,11354.0,False,True,False,NONE,False,Handball,Q086,False,0,0,False,0,False,"135 days, 18:32:46.913076",Active,Q086-01-HANDBALL-7
0,1812.3721618652344,Q-14,False,414.0,0,False,HDB,False,False,False,False,False,11694.0,False,True,False,NONE,False,Handball,Q163,False,0,0,False,0,False,"179 days, 13:20:08.455616",Removed,Q163-ZN07A-HANDBALL-9
0,970.6685333251952,M-08,False,108.0,0,False,BKB,False,False,False,False,False,10128.0,False,False,False,NONE,False,Half Court,M236,False,0,0,True,0,False,"124 days, 19:01:48.861612",Active,M236-BASKETBALL-3
0,924.6761627197266,M-08,False,108.0,0,False,BKB,False,False,False,False,False,10065.0,False,False,False,NONE,False,Half Court,M079,False,0,0,False,0,False,"121 days, 17:43:21.759261",Active,M079-BASKETBALL-5
0,933.6432342529296,M-03,False,103.0,0,False,BKB,False,False,False,False,False,10002.0,False,False,False,NONE,False,Half Court,M235,False,0,0,False,0,False,"123 days, 0:45:00.165463",Active,M235-BASKETBALL-4
0,3541.7754974365234,M-12A,False,112.0,0,False,BKB,False,False,False,False,False,10040.0,False,False,False,NONE,False,Full Court,M037,False,0,0,True,0,False,"245 days, 17:53:28.839518",Active,M037-ZN04-BASKETBALL-1
0,2845.2752227783203,M-10,False,110.0,0,False,TNS,False,False,False,False,False,10039.0,False,False,True,NONE,False,Tennis,M159,False,0,0,False,0,False,"228 days, 21:34:29.955616",Active,M159-TENNIS-3
0,1091.801742553711,B-13,False,313.0,0,False,BKB,False,False,False,False,False,11224.0,False,False,False,NONE,False,Half Court,B296,False,0,0,True,0,False,"133 days, 19:09:58.632409",Active,B296-BASKETBALL-2
0,52472.72079467773,B-18,False,318.0,0,False,FTB,False,True,False,False,False,11234.0,True,False,False,NONE,False,147-295ft W x 295-393ft L,B329,True,0,0,False,0,True,"948 days, 16:05:51.473024",Inactive,B329-FOOTBALL-1
0,1515.1907501220703,Q-02,False,402.0,0,False,HDB,False,False,False,False,False,11101.0,False,True,False,NONE,False,Handball,Q360U,False,0,0,False,0,False,"156 days, 18:50:54.812562",Active,Q360U-HANDBALL-1
0,21702.156677246094,M-10,False,110.0,0,False,SFB,True,False,True,True,False,10037.0,False,False,False,NONE,True,"60ft base path, 150-200ft fence",M186,False,0,0,False,0,False,"539 days, 4:39:35.726380",Active,M186-BASEBALL-2
0,1167.3145446777344,Q-11,False,411.0,0,False,BKB,False,False,False,False,False,11364.0,False,False,False,NONE,False,Half Court,Q349,False,0,0,False,0,False,"136 days, 16:00:47.570449",Active,Q349-BASKETBALL-6
0,1075.3561706542969,B-13,False,313.0,0,False,HDB,False,False,False,False,False,11224.0,False,True,False,NONE,False,Handball,B169B,False,0,0,False,0,False,"135 days, 6:03:07.856022",Active,B169B-HANDBALL-12
0,1561.1326446533203,B-04,False,304.0,0,False,TRK,False,False,False,False,False,11221.0,False,False,False,NONE,False,Jogging Path,B139,False,0,0,False,0,False,"921 days, 0:12:55.750556",Active,B139-TRACK-1
0,30929.67088317871,B-18,False,318.0,1,True,SFB,False,False,True,False,False,11234.0,False,False,False,NONE,False,"60ft base path, 150-200ft fence",B147,False,0,0,False,0,False,"646 days, 23:57:00.390740",Active,B147-BASEBALL-1
0,805.4702911376953,X-13,False,226.0,0,False,BKB,False,False,False,False,False,10471.0,False,False,False,NONE,False,Half Court,X092,False,0,0,True,0,False,"113 days, 13:26:40.575171",Removed,X092-ZN02-BASKETBALL-1
0,36053.7501373291,B-14,False,314.0,0,False,SCR,False,False,False,False,False,11226.0,False,False,False,NONE,False,45-146ft W x 75-294ft L,B068,False,0,0,False,0,True,"814 days, 20:21:36.349256",Active,B073-ZN27-SOCCER-2
0,41728.16525268555,Q-08,False,408.0,0,False,SFB,True,False,True,False,False,11364.0,False,False,False,NONE,False,"60ft base path, 150-200ft fence",Q021,False,0,0,False,0,False,"785 days, 10:00:47.107875",Active,Q021-ZN03-BASEBALL-10
0,3425.8072814941406,M-14,False,107.0,0,False,VLB,False,False,False,False,False,10024.0,False,False,False,NONE,False,Volleyball,M071,False,0,1,False,0,False,"247 days, 15:48:32.619953",Active,M071-ZN20-VOLLEYBALL-3
0,14210.13836669922,Q-05,False,405.0,0,False,SCR,False,False,False,False,False,11385.0,False,False,False,NONE,False,45-146ft W x 75-294ft L,Q002,False,0,0,False,0,True,"493 days, 0:43:31.567426",Active,Q002-SOCCER-1
0,1202.4002075195312,Q-09,False,409.0,0,False,HDB,False,False,False,False,False,11419.0,False,True,False,NONE,False,Handball,Q129,False,0,0,False,0,False,"144 days, 20:44:52.555391",Active,Q129-HANDBALL-4
0,1015.319091796875,Q-07,False,407.0,0,False,BKB,False,False,False,False,False,11357.0,False,False,False,NONE,False,Full Court,Q089B,False,0,0,True,0,False,"127 days, 13:24:05.260415",Active,Q089B-01-BASKETBALL-2
0,4112.63899230957,Q-13,False,413.0,0,False,BKB,False,False,False,False,False,11004.0,False,False,False,NONE,False,Full Court,Q318,False,0,0,True,0,False,"263 days, 8:18:22.719253",Active,Q318-BASKETBALL-3
0,1019.8861846923828,Q-11,False,411.0,0,False,BKB,False,False,False,False,False,11363.0,False,False,False,NONE,False,Half Court,Q338,False,0,0,True,0,False,"131 days, 2:24:26.561804",Active,Q338-BASKETBALL-1
0,1259.719268798828,X-01,False,201.0,1,False,BKB,False,False,False,False,False,10455.0,False,False,False,NONE,True,Half Court,X233,False,0,0,False,0,False,"144 days, 19:14:23.651703",Active,X233-BASKETBALL-1
0,1651.4547729492188,B-17,False,317.0,0,False,HDB,False,False,False,False,False,11212.0,False,True,False,NONE,False,Handball,B304,False,0,0,False,0,False,"162 days, 20:46:38.556290",Active,B304-HANDBALL-2
0,1459.5467071533203,B-13,False,313.0,0,False,HDB,False,False,False,False,False,11224.0,False,True,False,NONE,False,Handball,B331,False,0,0,False,0,False,"155 days, 13:09:27.697163",Active,B331-HANDBALL-1
0,49044.01545715332,B-10,False,310.0,0,True,SFB,True,False,True,False,False,11228.0,False,False,False,NONE,False,"60ft base path, 150-200ft fence",B028,False,0,0,False,0,False,"848 days, 23:40:06.258017",Active,B028-ZN02-BASEBALL-5
0,1425.3318176269531,X-01,False,201.0,0,False,BKB,False,False,False,False,False,10451.0,False,False,False,NONE,False,Half Court,X155,False,0,0,False,0,False,"153 days, 16:20:38.505782",Inactive,X155-BASKETBALL-3
0,1482.2278442382812,B-03,False,303.0,0,False,HDB,False,False,False,False,False,11216.0,False,True,False,NONE,False,Handball,B237,False,0,0,False,0,False,"154 days, 20:12:16.582601",Active,B237-HANDBALL-2
0,1488.0860443115234,B-06,False,306.0,0,False,HDB,False,False,False,False,False,11217.0,False,True,False,NONE,False,Handball,B145,False,0,0,False,0,False,"155 days, 0:14:32.906130",Active,B145-HANDBALL-3
0,43475.592849731445,Q-11,False,411.0,0,False,BSB,True,False,True,True,False,11365.0,False,False,False,NONE,False,"60ft base path, 150-200ft fence",Q300A,False,0,0,False,0,False,"783 days, 21:56:00.672560",Active,Q300A-ZN02-BASEBALL-2
0,52093.39002990723,M-15,False,103.0,0,True,BSB,True,False,False,True,False,10002.0,False,False,False,NONE,True,"90ft base path, 200+ft fence",M144,False,0,0,False,0,False,"840 days, 21:56:54.798749",Active,M144-ZN04-BASEBALL-2
0,3711.827346801758,Q-14,False,414.0,0,False,BKB,False,False,False,False,False,11693.0,False,False,False,NONE,False,Full Court,Q367,False,0,0,True,0,False,"248 days, 15:02:00.588122",Active,Q367-BASKETBALL-3
0,5378.295547485352,X-03,False,203.0,0,False,BKB,False,False,False,False,False,10456.0,False,False,False,NONE,False,Full Court,X021,False,0,0,True,0,False,"303 days, 0:10:47.220705",Active,X021-BASKETBALL-1
0,1145.4630432128906,B-16,False,316.0,0,False,HDB,False,False,False,False,False,11212.0,False,True,False,NONE,False,Handball,B008,False,0,0,False,0,False,"140 days, 20:50:01.034652",Closed Temporarily,B008-HANDBALL-8
0,1560.9498443603516,Q-14,False,414.0,0,False,HDB,False,False,False,False,False,11691.0,False,True,False,NONE,False,Handball,Q394,False,0,0,False,0,False,"158 days, 17:29:31.422878",Active,Q394-HANDBALL-2
0,127532.4257965088,Q-11,False,411.0,0,False,TRK,False,False,False,False,False,11360.0,False,False,False,NONE,False,,Q387A,False,0,0,False,0,False,"1554 days, 5:42:47.443312",Inactive,Q387A-TRACK-1
0,1389.3342590332031,B-06,False,306.0,0,False,HDB,False,False,False,False,False,11217.0,False,True,False,NONE,False,Handball,B145,False,0,0,False,0,False,"150 days, 8:37:18.875336",Active,B145-HANDBALL-5
0,64623.75646972656,Q-16,False,482.0,0,False,SCR,False,False,False,False,False,11421.0,False,False,False,AFB,False,147-295ft W x 295-393ft L,Q015,True,0,0,False,0,True,"1080 days, 18:12:55.168755",Active,Q015-ZN04-SOCCER-1
0,1524.5393981933594,B-11,False,311.0,0,False,HDB,False,False,False,False,False,11214.0,False,True,False,NONE,False,Handball,B007,False,0,0,False,0,False,"159 days, 16:38:45.921017",Active,B007-HANDBALL-1
0,1455.6361083984375,M-10,False,110.0,0,False,HDB,False,False,False,False,False,10026.0,False,False,False,NONE,False,Handball,M198,False,0,0,False,0,False,"155 days, 4:46:06.808675",Removed,M198-HANDBALL-3
0,2485.662414550781,M-10,False,110.0,0,False,BKB,False,False,False,False,False,10027.0,False,False,False,NONE,False,Full Court,M211A,False,0,0,True,0,False,"203 days, 7:36:09.485570",Active,M211A-BASKETBALL-1
0,36103.2145690918,Q-11,False,411.0,0,False,,False,False,False,False,False,11360.0,False,False,False,NONE,False,,Q387A,False,0,0,False,0,False,"705 days, 11:37:51.442415",Inactive,Q387A-BASEBALL-2
0,1217.058578491211,R-03,False,503.0,0,False,BKB,False,False,False,False,False,10306.0,False,False,False,NONE,False,Half Court,R072,False,0,0,True,0,False,"139 days, 15:19:05.862521",Active,R072-BASKETBALL-3
0,1191.5913696289062,X-07,False,207.0,0,False,HDB,False,False,False,False,False,10468.0,False,True,False,NONE,False,Handball,X150E,False,0,0,False,0,False,"144 days, 2:52:27.442766",Active,X150E-HANDBALL-5
0,1390.5067291259766,B-04,False,304.0,0,False,HDB,False,False,False,False,False,11237.0,False,True,False,NONE,False,Handball,B016,False,0,0,False,0,False,"154 days, 1:29:43.011740",Active,B016-HANDBALL-2
0,25022.409759521484,M-12,False,112.0,0,False,SFB,True,False,True,False,False,10034.0,False,False,False,NONE,False,"60ft base path, 150-200ft fence",M042,False,0,0,False,0,False,"580 days, 15:07:27.754774",Active,M042-ZN01-BASEBALL-4
0,1058.6148681640625,B-05,False,305.0,0,False,HDB,False,False,False,False,False,11207.0,False,True,False,NONE,False,Handball,B261,False,0,0,False,0,False,"133 days, 7:50:38.185990",Active,B261-HANDBALL-1
0,1100.9671325683594,R-01,False,501.0,0,False,HDB,False,False,False,False,False,10301.0,False,True,False,NONE,False,Handball,R025,False,0,0,False,0,False,"136 days, 17:57:39.565377",Active,R025-HANDBALL-4
0,35817.43424987793,Q-11,False,411.0,0,False,SFB,True,False,True,True,False,11364.0,False,False,False,NONE,False,"60ft base path, 150-200ft fence",Q001,False,0,0,False,0,False,"717 days, 3:10:03.418953",Active,Q001-ZN03-BASEBALL-4
0,42198.120681762695,M-13,False,164.0,0,False,SCR,False,False,False,False,False,10025.0,False,False,False,NONE,False,45-146ft W x 75-294ft L,M010,False,0,0,False,0,True,"870 days, 23:47:18.527511",Active,M010-ZN37-SOCCER-5
0,1663.5749206542969,Q-14,False,414.0,0,False,HDB,False,False,False,False,False,11691.0,False,True,False,NONE,False,Handball,Q394,False,0,0,False,0,False,"164 days, 10:22:53.547575",Active,Q394-HANDBALL-1
0,3002.9391174316406,R-01,False,501.0,0,False,TNS,False,False,False,False,False,10310.0,False,False,False,NONE,False,Tennis,R105,False,0,0,False,0,False,"233 days, 20:48:03.592077",Inactive,R105-TENNIS-2
0,1445.2118377685547,M-06,False,106.0,0,False,HDB,False,False,False,False,False,10010.0,False,True,False,NONE,False,Handball,M164,False,0,0,False,0,False,"154 days, 18:33:03.065216",Active,M164-HANDBALL-3
0,1073.1044158935547,X-11,False,211.0,0,False,HDB,False,False,False,False,False,10467.0,False,True,False,NONE,False,Handball,X162,False,0,0,False,0,False,"134 days, 6:09:57.816369",Active,X162-HANDBALL-2
0,2769.943878173828,Q-11,False,411.0,0,False,TNS,False,False,False,False,False,11361.0,False,False,True,NONE,False,Tennis,Q012,False,0,0,False,0,False,"226 days, 14:49:38.080214",Active,Q012-ZN03-TENNIS-5
0,13179.918014526367,B-03,False,303.0,0,False,FTB,False,False,False,False,False,11205.0,False,False,False,NONE,False,Unknown,B266,False,0,0,False,0,False,"464 days, 0:19:08.808261",Inactive,B266-FOOTBALL-01
0,2914.89274597168,B-18,False,318.0,0,False,TNS,False,False,False,False,False,11234.0,False,False,False,NONE,False,Tennis,B330,False,0,0,False,0,False,"230 days, 7:34:02.572444",Inactive,B330-TENNIS-1
1,6557.209335327148,M-06,False,106.0,0,False,HKY,False,False,False,False,False,10016.0,False,False,False,NONE,False,Hockey,M076,False,0,0,False,0,False,"358 days, 5:33:24.578991",Removed,M076-FOOTBALL-1
0,1440.8719787597656,B-15,False,315.0,0,False,HDB,False,False,False,False,False,11229.0,False,True,False,NONE,False,Handball,B235,False,0,0,False,0,False,"153 days, 6:36:45.064721",Active,B235-HANDBALL-2
0,51935.40116882324,M-13,False,164.0,0,False,BSB,True,False,False,True,False,10025.0,False,False,False,NONE,False,"90ft base path, 200+ft fence",M010,False,0,0,False,0,False,"846 days, 8:30:43.731433",Active,M010-ZN37-BASEBALL-4
0,51935.60452270508,M-13,False,164.0,0,False,BSB,True,False,False,True,False,10025.0,False,False,False,NONE,False,"90ft base path, 200+ft fence",M010,False,0,0,False,0,False,"846 days, 8:32:57.386543",Active,M010-ZN37-BASEBALL-10
0,2787.027862548828,M-13,False,164.0,0,False,TNS,False,False,False,False,False,10024.0,False,False,True,NONE,False,Tennis,M010,False,0,0,False,0,False,"227 days, 16:25:22.327224",Active,M010-ZN34-TENNIS-12
0,48855.79804992676,Q-10,False,410.0,0,False,CRK,False,False,False,False,False,11420.0,False,False,False,NONE,False,60 ft Cricket Pitch,Q096B,False,0,0,False,0,False,"863 days, 6:17:17.981039",Active,Q096A-CRICKET-1
0,1147.4192199707031,M-02,False,102.0,0,False,HDB,False,False,False,False,False,10014.0,False,True,False,NONE,False,Handball,M038,False,0,0,False,0,False,"137 days, 5:27:28.305748",Active,M038-HANDBALL-3
0,25703.021255493164,M-13,False,164.0,0,False,SFB,True,False,True,False,False,10023.0,False,False,False,NONE,False,"60ft base path, 150-200ft fence",M010,False,0,0,False,0,False,"587 days, 21:04:03.198617",Active,M010-ZN06-BASEBALL-3
0,34629.79039764404,R-03,False,503.0,0,False,SFB,True,False,True,False,False,10309.0,False,False,False,NONE,False,"60ft base path, 150-200ft fence",R106,False,0,0,False,0,False,"681 days, 19:03:00.505329",Active,R106-ZN03-BASEBALL-1
0,64431.21533203125,B-13,False,313.0,0,False,SCR,False,False,False,False,False,11214.0,False,False,False,NONE,False,Unknown,B125,False,0,0,False,0,True,"1040 days, 10:15:47.091816",Inactive,B125-SOCCER-3
0,33745.09461975098,Q-11,False,411.0,0,False,SFB,True,False,True,True,False,11361.0,False,False,False,NONE,False,"60ft base path, 150-200ft fence",Q012B,False,0,0,False,0,False,"694 days, 13:28:29.693903",Active,Q012B-BASEBALL-3
0,2768.620834350586,B-13,False,313.0,0,False,TNS,False,False,False,False,False,11224.0,False,False,True,NONE,False,Tennis,B129,False,0,0,False,0,False,"226 days, 6:38:48.103084",Active,B129-ZN01-TENNIS-4
0,1191.8983306884766,B-13,False,313.0,0,False,HDB,False,False,False,False,False,11223.0,False,True,False,NONE,False,Handball,B252,False,0,0,False,0,False,"138 days, 19:43:29.022991",Active,B252-HANDBALL-4
0,1313.2435150146484,B-16,False,316.0,0,False,HDB,False,False,False,False,False,11212.0,False,True,False,NONE,False,Handball,B008,False,0,0,False,0,False,"150 days, 19:22:38.876306",Closed Temporarily,B008-HANDBALL-6
0,1087.6468353271484,M-06,False,106.0,0,False,HDB,False,False,False,False,False,10016.0,False,True,False,NONE,False,Handball,M265,False,0,0,False,0,False,"135 days, 6:44:06.864465",Active,M265-HANDBALL-2
0,1329.3036041259766,Q-11,False,411.0,0,False,HDB,False,False,False,False,False,11361.0,False,True,False,NONE,False,Handball,Q381,False,0,0,False,0,False,"147 days, 2:29:14.508626",Active,Q381-HANDBALL-1
0,3135.431167602539,M-11,False,111.0,0,False,BKB,False,False,False,False,False,10029.0,False,False,False,NONE,False,Full Court,M148,False,0,0,True,0,False,"231 days, 20:44:22.470438",Active,M148-BASKETBALL-1
0,1324.8497619628906,X-03,False,203.0,0,False,HDB,False,False,False,False,False,10456.0,False,True,False,NONE,False,Handball,X166,False,0,0,False,0,False,"147 days, 5:44:15.206319",Active,X166-HANDBALL-2
0,2842.707397460937,Q-13,False,413.0,0,False,TNS,False,False,False,False,False,11426.0,False,False,True,NONE,False,Tennis,Q001A,False,0,0,False,0,False,"227 days, 20:15:05.391711",Active,Q001-ZN01-TENNIS-9
0,23399.163665771484,Q-05,False,405.0,0,False,SFB,True,False,True,True,False,11378.0,False,False,False,NONE,False,"60ft base path, 150-200ft fence",Q131,False,0,0,False,0,False,"571 days, 18:32:02.841373",Removed,Q131-BASEBALL-3
0,1294.5690460205078,Q-09,False,409.0,0,False,HDB,False,False,False,False,False,11416.0,False,True,False,NONE,False,Handball,Q337,False,0,0,False,0,False,"146 days, 3:18:30.703683",Active,Q337-HANDBALL-2
0,1124.3163452148438,Q-10,False,410.0,0,False,BOC,False,False,False,False,True,11417.0,False,False,False,NONE,False,Bocce,Q118,False,0,0,False,0,False,"193 days, 7:04:44.013268",Removed,Q118-BOCCE-1
0,1259.398193359375,X-08,False,208.0,0,False,BKB,False,False,False,False,False,10463.0,False,False,False,NONE,False,Half Court,X186,False,0,0,False,0,False,"141 days, 23:06:28.473121",Active,X186-BASKETBALL-4
0,1480.9354705810547,Q-09,False,409.0,0,False,HDB,False,False,False,False,False,11419.0,False,True,False,NONE,False,Handball,Q129,False,0,0,False,0,False,"156 days, 20:34:58.362111",Active,Q129-HANDBALL-8
0,1764.5051879882812,B-02,False,302.0,0,False,HDB,False,False,False,False,False,11205.0,False,True,False,NONE,False,Handball,B293,False,0,0,False,0,False,"170 days, 13:33:48.523533",Active,B293-HANDBALL-2
0,913.742645263672,B-02,False,302.0,0,False,HDB,False,False,False,False,False,11205.0,False,True,False,NONE,False,Handball,B220,False,0,0,False,0,False,"124 days, 7:42:49.133493",Active,B220-HANDBALL-2
0,27260.36790466309,B-10,False,310.0,0,False,SFB,True,False,True,True,False,11209.0,False,False,False,NONE,False,"60ft base path, 150-200ft fence",B192A,False,0,0,False,0,False,"638 days, 10:18:03.198676",Active,B192A-BASEBALL-1
0,1090.6427917480469,Q-13,False,413.0,0,False,HDB,False,False,False,False,False,11422.0,False,True,False,NONE,False,Handball,Q108,False,0,0,False,0,False,"133 days, 23:11:38.294293",Active,Q108-HANDBALL-2
0,2794.334228515625,B-10,False,310.0,0,False,TNS,False,False,False,False,False,11228.0,False,False,True,NONE,False,Tennis,B060,False,0,0,False,0,False,"227 days, 10:22:39.889739",Active,B092-TENNIS-2
0,1223.0504150390625,B-08,False,308.0,0,False,HDB,False,False,False,False,False,11213.0,False,True,False,NONE,True,Handball,B245,False,0,0,False,0,False,"143 days, 15:13:18.088594",Active,B245-HANDBALL-2
0,973.226821899414,B-10,False,310.0,0,False,BKB,False,False,False,False,False,11209.0,False,False,False,NONE,False,Half Court,B210W,False,0,0,True,0,False,"125 days, 20:52:03.415591",Active,B210W-03-BASKETBALL-6
0,1542.9368591308594,Q-05,False,405.0,0,False,HDB,False,False,False,False,False,11378.0,False,True,False,NONE,False,Handball,Q423,False,0,0,False,0,False,"158 days, 7:43:23.209366",Active,Q423-HANDBALL-2
0,62118.5295715332,X-13,False,226.0,0,False,CRK,False,False,False,False,False,10471.0,False,False,False,NONE,False,60 ft Cricket Pitch,X092,False,0,0,False,0,False,"973 days, 13:30:15.587876",Active,X092-ZN05-CRICKET-3
0,40848.230392456055,Q-05,False,405.0,0,False,TRK,False,False,False,False,False,11379.0,False,False,False,NONE,False,Track,Q102,False,0,0,False,0,False,"2885 days, 17:58:42.163599",Active,Q102-ZN01-TRACK-1
0,1518.6666717529297,B-13,False,313.0,0,False,HDB,False,False,False,False,False,11214.0,False,True,False,NONE,False,Handball,B125,False,0,0,False,0,False,"157 days, 0:22:59.434758",Active,B125-01-HANDBALL-2
0,23379.213592529297,M-12,False,112.0,0,False,SFB,True,False,True,False,False,10032.0,False,False,False,NONE,False,"60ft base path, 150-200ft fence",M028,False,0,0,False,0,False,"566 days, 13:12:20.650719",Active,M028-ZN01-SOFTBALL-1
0,6403.229156494141,Q-11,False,411.0,0,False,SFB,True,False,True,False,False,11364.0,False,False,False,NONE,False,"60ft base path, 150-200ft fence",Q293,False,0,0,False,0,False,"294 days, 4:59:08.718417",Active,Q293-BASEBALL-1
0,1074.9603424072266,X-03,False,203.0,0,False,HDB,False,False,False,False,False,10457.0,False,False,False,NONE,False,Handball,X010,False,0,0,False,0,False,"135 days, 14:56:49.531498",Inactive,X010-ZN03-HANDBALL-24
0,2855.3905487060547,B-13,False,313.0,0,False,VLB,False,False,False,False,False,11224.0,False,False,False,NONE,False,Volleyball,B337,False,0,0,False,0,False,"229 days, 2:45:18.465887",Active,B337-VOLLEYBALL-1
0,68100.92942810059,Q-15,False,407.0,0,False,SCR,False,False,False,False,False,11355.0,False,False,False,NONE,False,147-295ft W x 295-393ft L,Q099,False,0,0,False,0,True,"1097 days, 20:21:06.289531",Active,Q099-ZN17A-SOCCER-1
0,34492.86422729492,B-04,False,304.0,0,True,SFB,False,False,True,False,False,11237.0,False,False,False,NONE,False,"60ft base path, 150-200ft fence",B017,False,0,0,False,0,False,"711 days, 17:50:50.755148",Active,B017-BASEBALL-1
0,1248.7918090820312,B-18,False,318.0,0,False,HDB,False,False,False,False,False,11234.0,False,True,False,NONE,False,Handball,B291,False,0,0,False,0,False,"143 days, 1:50:09.516026",Active,B291-HANDBALL-3
0,2295.443618774414,B-18,False,318.0,0,False,VLB,False,False,False,False,False,11236.0,False,False,False,NONE,False,,B335,False,0,0,False,0,False,"198 days, 19:00:01.548163",Inactive,B335-VOLLEYBALL-1
0,1409.0036163330078,X-13,False,226.0,0,False,HDB,False,False,False,False,False,10471.0,False,True,False,NONE,False,Handball,X092,False,0,0,False,0,False,"151 days, 5:55:48.699450",Active,X092-05-HANDBALL-2
0,4504.049697875977,Q-09,False,409.0,0,False,SCR,False,False,False,False,False,11416.0,False,False,False,NONE,False,45-146ft W x 75-294ft L,Q378,False,0,0,False,0,False,"272 days, 23:45:02.159760",Active,Q378-SOCCER-1
0,1626.1611938476562,B-13,False,313.0,0,False,HDB,False,False,False,False,False,11224.0,False,True,False,NONE,False,Handball,B129,False,0,0,False,0,False,"162 days, 2:16:32.956358",Active,B129-ZN01-HANDBALL-8
0,1640.6821746826172,B-17,False,317.0,0,False,HDB,False,False,False,False,False,11203.0,False,True,False,NONE,False,Handball,B218,False,0,0,False,0,False,"162 days, 6:22:49.272399",Active,B218-HANDBALL-4
0,1082.0518493652344,Q-15,False,408.0,0,False,HDB,False,False,False,False,False,11367.0,False,False,False,NONE,False,Handball,Q099,False,0,0,False,0,False,"132 days, 19:33:38.451068",Active,Q099-20-HANDBALL-3
0,3455.5447540283203,X-09,False,209.0,0,False,BKB,False,False,False,False,False,10473.0,False,False,False,NONE,False,Full Court,X118,False,0,0,False,0,False,"243 days, 3:27:45.771510",Inactive,X118-02-BASKETBALL-4
0,58349.343673706055,Q-05,False,405.0,0,False,FTB,False,False,False,False,False,11385.0,False,False,False,AFB,True,160 x 360ft rectangular,Q305,True,0,0,False,0,False,"1047 days, 17:48:04.622472",Active,Q305-FOOTBALL-1
0,49956.69689941406,B-19,False,355.0,0,False,CRK,False,False,False,False,False,11215.0,False,False,False,NONE,False,60 ft Cricket Pitch,,False,0,0,False,0,False,"839 days, 4:37:55.109138",Inactive,B073-ZN13-CRICKET-3
0,3146.7750244140625,B-02,False,302.0,0,False,BKB,False,False,False,False,False,11238.0,False,False,False,NONE,False,Full Court,B102,False,0,0,True,0,False,"236 days, 2:53:27.978774",Active,B102-BASKETBALL-1
0,2810.2505798339844,M-12,False,112.0,0,False,TNS,False,False,False,False,False,10032.0,False,False,True,NONE,False,Tennis,M028,False,0,0,False,0,False,"228 days, 1:46:08.773505",Active,M028-ZN02-TENNIS-1
0,633.3570556640625,B-10,False,310.0,0,False,PKB,False,False,False,False,False,11220.0,False,False,False,NONE,False,Tennis,B052,False,0,0,False,0,False,"107 days, 1:40:44.137361",Active,B052-02-TENNIS-13
0,1476.6174926757812,Q-11,False,411.0,0,False,HDB,False,False,False,False,False,11364.0,False,True,False,NONE,False,Handball,Q021C,False,0,0,False,0,False,"154 days, 20:06:55.489539",Active,Q021C-HANDBALL-1
0,1362.715316772461,B-02,False,302.0,0,False,HDB,False,False,False,False,False,11201.0,False,True,False,NONE,False,Handball,B021,False,0,0,False,0,False,"149 days, 23:59:48.018114",Active,B021-HANDBALL-3
0,1167.5873413085938,Q-14,False,414.0,0,False,BKB,False,False,False,False,False,11694.0,False,False,False,NONE,False,Half Court,Q422,False,0,0,False,0,False,"136 days, 16:38:04.428788",Active,Q422-BASKETBALL-3
0,46394.75486755371,B-19,False,355.0,0,True,SFB,True,False,True,False,False,11215.0,False,False,False,NONE,False,"60ft base path, 150-200ft fence",B073,False,0,0,False,0,False,"808 days, 14:51:50.122049",Active,B073-ZN15-BASEBALL-7
0,3159.3328399658203,B-05,False,305.0,0,False,BKB,False,False,False,False,False,11208.0,False,False,False,NONE,False,Full Court,B283,False,0,0,False,0,False,"234 days, 13:00:19.259185",Active,B283-BASKETBALL-1
0,1239.2503356933594,B-18,False,318.0,0,False,HDB,False,False,False,False,False,11234.0,False,True,False,NONE,False,Handball,B057,False,0,0,False,0,False,"142 days, 0:46:39.862046",Active,B057-05-HANDBALL-3
0,1427.3080444335938,M-06,False,106.0,0,False,BKB,False,False,False,False,False,10010.0,False,False,False,NONE,False,Half Court,M227,False,0,0,True,0,False,"153 days, 10:29:15.342804",Active,M227-BASKETBALL-4
0,42912.32043457031,B-15,False,315.0,0,True,SFB,False,False,True,False,False,11235.0,False,False,False,NONE,False,"60ft base path, 150-200ft fence",B251,False,0,0,False,0,False,"832 days, 5:51:47.406754",Active,B251-ZN02-BASEBALL-1
0,13151.761642456057,X-04,False,204.0,0,False,SCR,False,False,False,False,False,10452.0,False,False,False,NONE,False,45-146ft W x 75-294ft L,X034,False,0,0,False,0,True,"470 days, 13:01:47.334916",Active,X034-SOCCER-1
0,1019.577606201172,Q-08,False,408.0,0,False,HDB,False,False,False,False,False,11365.0,False,True,False,NONE,False,Handball,Q300A1,False,0,0,False,0,False,"130 days, 14:22:21.193992",Active,Q300A1-HANDBALL-2
0,38367.72999572754,X-13,False,226.0,0,False,SFB,True,False,True,False,False,10470.0,False,False,False,NONE,False,"60ft base path, 150-200ft fence",X092,False,0,0,False,0,False,"744 days, 7:56:34.692439",Active,X092-ZN10-BASEBALL-1
0,29784.223022460938,Q-08,False,408.0,0,False,SFB,True,False,True,False,False,11367.0,False,False,False,NONE,False,"60ft base path, 150-200ft fence",Q336,False,0,0,False,0,False,"643 days, 7:57:51.112604",Active,Q336-BASEBALL-2
0,2773.206115722656,Q-15,False,481.0,0,False,TNS,False,False,False,False,False,11368.0,False,False,False,NONE,False,Tennis,Q099,False,0,0,False,0,False,"226 days, 14:48:17.779904",Archived,Q099-ZN04-TENNIS-13
0,3644.1732788085938,X-08,False,208.0,0,False,BKB,False,False,False,False,False,10463.0,False,False,False,NONE,False,Full Court,X202,False,0,0,True,0,False,"246 days, 18:01:04.134405",Active,X202-BASKETBALL-1
0,1171.4938354492188,X-09,False,209.0,0,False,HDB,False,False,False,False,False,10472.0,False,True,False,NONE,False,Handball,X124,False,0,0,False,0,False,"143 days, 0:59:22.738949",Active,X124-HANDBALL-3
0,3016.904602050781,M-04,False,104.0,0,False,BKB,False,False,False,False,False,10001.0,False,False,False,NONE,False,Full Court,M249,False,0,0,True,0,False,"238 days, 21:08:12.945427",Active,M249-BASKETBALL-1
0,1087.528839111328,R-02,False,502.0,0,False,HDB,False,False,False,False,False,10305.0,False,True,False,NONE,False,Handball,R087,False,0,0,False,0,False,"134 days, 6:08:21.586627",Active,R087-HANDBALL-2
0,1378.131607055664,B-04,False,304.0,0,False,BKB,False,False,False,False,False,11207.0,False,False,False,NONE,False,Half Court,B307,False,0,0,True,0,False,"149 days, 21:30:35.929704",Active,B307-BASKETBALL-1
0,41439.18161010742,M-11,False,111.0,0,False,SFB,True,False,True,False,False,10035.0,False,False,False,NONE,False,"60ft base path, 150-200ft fence",M104,False,0,0,False,0,False,"801 days, 6:25:41.140490",Active,M104-ZN02-BASEBALL-8
0,1293.1070404052734,M-07,False,107.0,0,False,HDB,False,False,False,False,False,10025.0,False,True,False,NONE,False,Handball,M200,False,0,0,False,0,False,"149 days, 20:53:39.939723",Removed,M200-HANDBALL-4
0,24037.96813964844,B-02,False,302.0,0,True,MPPA,False,True,False,False,False,11201.0,False,False,False,NONE,False,45-146ft W x 75-294ft L,B243,True,0,0,False,0,True,"656 days, 20:18:28.245503",Inactive,B243-MPPA-1
0,4162.501113891602,B-16,False,316.0,0,False,BKB,False,False,False,False,False,11212.0,False,False,False,NONE,False,Full Court,B343,False,0,0,True,0,False,"266 days, 14:25:53.768938",Active,B343-BASKETBALL-2
0,591.2606658935547,Q-01,False,401.0,0,False,BKB,False,False,False,False,False,11106.0,False,False,False,NONE,False,Half Court,Q123,False,0,0,True,0,False,"97 days, 18:28:09.778169",Active,Q123-BASKETBALL-1
0,1358.4525604248047,Q-04,False,404.0,0,False,BKB,False,False,False,False,False,11368.0,False,False,False,NONE,False,Half Court,Q450,False,0,0,True,0,False,"147 days, 18:35:03.260305",Active,Q450-BASKETBALL-2
0,1074.1764831542969,Q-06,False,406.0,0,False,BKB,False,False,False,False,False,11375.0,False,False,False,NONE,False,Half Court,Q377,False,0,0,False,0,False,"131 days, 20:10:59.344263",Active,Q377-BASKETBALL-5
0,1540.2913360595703,Q-08,False,408.0,0,False,HDB,False,False,False,False,False,11367.0,False,True,False,NONE,False,Handball,Q320,False,0,0,False,0,False,"162 days, 10:23:26.743170",Active,Q320-HANDBALL-1
0,21156.675323486328,B-12,False,312.0,0,False,SFB,True,False,True,False,False,11204.0,False,False,False,NONE,False,"60ft base path, 150-200ft fence",B042,False,0,0,False,0,False,"550 days, 15:45:58.344084",Active,B042-01-BASEBALL-2
1,31464.793655395508,B-16,False,316.0,0,True,MPPA,True,True,True,False,False,11212.0,False,False,False,AFB,False,45-146ft W x 75-294ft L,B343,True,0,0,False,0,True,"707 days, 22:15:25.928623",Active,B343-BASEBALL-1
0,1482.9380950927734,Q-10,False,410.0,0,False,HDB,False,False,False,False,False,11417.0,False,True,False,NONE,False,Handball,Q414,False,0,0,False,0,False,"154 days, 23:25:44.820931",Active,Q414-HANDBALL-2
0,1625.744873046875,Q-14,False,414.0,0,False,HDB,False,False,False,False,False,11693.0,False,True,False,NONE,False,Handball,Q163,False,0,0,False,0,False,"163 days, 15:19:26.402655",Active,Q163-ZN05B-HANDBALL-6
0,1525.9024047851562,B-05,False,305.0,0,False,HDB,False,False,False,False,False,11207.0,False,True,False,NONE,False,Handball,B056,False,0,0,False,0,False,"159 days, 7:58:06.783343",Active,B056-HANDBALL-2
0,3676.0466918945312,Q-10,False,410.0,0,False,BKB,False,False,False,False,False,11417.0,False,False,False,NONE,False,Full Court,Q414,False,0,0,True,0,False,"248 days, 6:53:01.868300",Active,Q414-BASKETBALL-3
0,5996.551406860352,B-04,False,304.0,0,False,TRK,False,False,False,False,False,11207.0,False,False,False,NONE,False,Jogging Path,B381,False,0,0,False,0,False,"1418 days, 10:44:30.909895",Active,B381-TRACK-1
0,709.0142669677734,X-04,False,204.0,0,False,HDB,False,False,False,False,False,10452.0,False,True,False,NONE,False,Handball,X114,False,0,0,False,0,False,"106 days, 21:39:55.223288",Active,X114-HANDBALL-2
0,5156.455673217773,Q-12,False,412.0,0,False,SCR,False,False,False,False,False,11412.0,False,False,False,NONE,False,,Q106,False,0,0,False,0,False,"303 days, 14:42:00.689886",Inactive,Q106-SOCCER-2
0,73144.8802947998,B-18,False,318.0,0,False,CRK,False,False,False,False,False,11229.0,False,False,False,NONE,False,60 ft Cricket Pitch,B057,False,0,0,False,0,False,"1096 days, 1:52:27.752686",Active,B057-ZN02-CRICKET-2
0,3170.656463623047,X-03,False,203.0,0,False,BKB,False,False,False,False,False,10456.0,False,False,False,NONE,False,Half Court,X021,False,0,0,False,0,False,"225 days, 7:17:20.013460",Active,X021-BASKETBALL-3
0,883.6893768310547,R-02,False,502.0,0,False,HDB,False,False,False,False,False,10306.0,False,True,False,NONE,True,Handball,R067,False,0,0,False,0,False,"120 days, 8:14:31.633278",Inactive,R067-HANDBALL-1
1,16512.18733215332,Q-05,False,405.0,0,False,HKY,False,False,False,False,False,11379.0,False,False,False,NONE,False,Hockey,Q102,False,0,0,False,0,False,"535 days, 19:22:53.631869",Active,Q102-ZN01-HOCKEY-1
0,3734.2607040405273,R-03,False,503.0,0,False,BKB,False,False,False,False,False,10306.0,False,False,False,NONE,False,Full Court,R026,False,0,0,True,0,False,"249 days, 10:00:05.842907",Active,R026-BASKETBALL-1
0,653.429931640625,Q-05,False,305.0,0,False,TNS,False,False,False,False,False,11207.0,False,False,True,NONE,True,Tennis,B047,False,0,0,False,0,False,"108 days, 23:33:49.076766",Active,Q020-ZN04-TENNIS-14
0,73146.01712036133,B-18,False,318.0,0,False,CRK,False,False,False,False,False,11229.0,False,False,False,NONE,False,60 ft Cricket Pitch,B057,False,0,0,False,0,False,"1096 days, 2:10:02.811908",Active,B057-ZN04-CRICKET-2
0,19928.452926635742,X-09,False,209.0,0,False,TRK,False,False,False,False,False,10472.0,False,False,False,NONE,False,Jogging Path,X004,False,0,0,False,1,False,"1700 days, 21:46:32.058295",Active,X004-03-TRACK-1
0,1605.3392181396484,Q-12,False,412.0,0,False,HDB,False,False,False,False,False,11433.0,False,True,False,NONE,False,Handball,Q127,False,0,0,False,0,False,"165 days, 9:48:36.637819",Active,Q127-HANDBALL-4
0,31397.35206604004,Q-07,False,407.0,0,False,SCR,False,False,False,False,False,11359.0,False,False,False,NONE,False,45-146ft W x 75-294ft L,,False,0,0,False,0,True,"718 days, 22:23:03.080189",Inactive,Q458-SOCCER-2
0,14656.139724731443,M-03,False,103.0,0,False,SFB,True,False,True,False,False,10002.0,False,False,False,NONE,False,"60ft base path, 150-200ft fence",M165,False,0,0,False,0,False,"451 days, 3:54:48.099840",Active,M165-BASEBALL-1
0,65440.41746520996,Q-13,False,413.0,0,False,FTB,False,False,False,False,False,11422.0,False,False,False,AFB,False,60 x 360ft rectangular,Q008,True,0,0,False,0,False,"1095 days, 12:16:53.197928",Active,Q008-ZN02-FOOTBALL-1
0,1197.1050872802734,B-10,False,310.0,0,False,HDB,False,False,False,False,False,11228.0,False,True,False,NONE,False,Handball,B028,False,0,0,False,0,False,"140 days, 23:15:04.947021",Active,B028-03-HANDBALL-3
0,39706.89526367188,B-18,False,318.0,0,True,SFB,True,False,True,False,False,11229.0,False,False,False,NONE,False,"60ft base path, 150-200ft fence",B057,False,0,0,False,0,False,"747 days, 15:06:36.648270",Active,B057-ZN04-BASEBALL-2
0,1522.7462005615234,,False,414.0,0,False,BKB,False,False,False,False,False,11693.0,False,False,False,NONE,False,Half Court,Q467,False,0,0,False,0,False,"156 days, 17:25:01.650212",Active,Q467-BASKETBALL-1
0,1684.9969787597656,X-11,False,211.0,0,False,BKB,False,False,False,False,False,10469.0,False,False,False,NONE,False,Half Court,X232,False,0,0,False,0,False,"166 days, 22:26:58.946488",Active,X232-BASKETBALL-4
0,1328.454360961914,X-09,False,209.0,0,False,BKB,False,False,False,False,False,10473.0,False,False,False,NONE,False,Half Court,X221,False,0,0,False,0,False,"146 days, 0:12:01.367249",Active,X221-BASKETBALL-6
0,2616.062545776367,Q-04,False,404.0,0,False,BKB,False,False,False,False,False,11373.0,False,False,False,NONE,False,Full Court,Q361,False,0,0,True,0,False,"206 days, 12:26:47.540931",Active,Q361-BASKETBALL-1
0,63727.16796875,X-13,False,226.0,0,False,CRK,False,False,False,False,False,10471.0,False,False,False,NONE,False,60 ft Cricket Pitch,X092,False,0,0,False,0,False,"991 days, 10:29:29.448018",Active,X092-ZN05-CRICKET-2
0,2841.2066650390625,X-13,False,226.0,0,False,TNS,False,False,False,False,False,10471.0,False,False,True,NONE,False,Tennis,X092,False,0,0,False,0,False,"228 days, 17:59:05.065392",Active,X092-ZN04-TENNIS-6
0,1003.1669158935548,R-01,False,501.0,0,False,BKB,False,False,False,False,False,10310.0,False,False,False,NONE,False,Half Court,R105,False,0,0,True,0,False,"126 days, 19:09:57.378802",Inactive,R105-BASKETBALL-3
0,3441.132110595703,Q-02,False,402.0,0,False,BKB,False,False,False,False,False,11101.0,False,False,False,NONE,False,,Q471,False,0,0,False,0,False,"242 days, 2:09:15.325424",Inactive,Q471-BASKETBALL-02
0,981.7565002441406,Q-13,False,413.0,0,False,HDB,False,False,False,False,False,11426.0,False,True,False,NONE,False,Handball,Q328,False,0,0,False,0,False,"129 days, 5:42:22.373120",Active,Q328-HANDBALL-1
0,76399.3501586914,R-02,False,502.0,0,False,FTB,False,False,False,False,False,10305.0,False,False,False,NONE,False,Unknown,R149,False,0,0,False,0,False,"1163 days, 16:24:06.287681",Inactive,R149-FOOTBALL-1
0,1253.1207885742188,B-04,False,304.0,0,False,HDB,False,False,False,False,False,11237.0,False,True,False,NONE,False,Handball,B017,False,0,0,False,0,False,"145 days, 13:56:30.948312",Active,B017-HANDBALL-3
0,4274.596176147461,Q-15,False,407.0,0,False,BKB,False,False,False,False,False,11355.0,False,False,False,NONE,False,Full Court,Q099,False,0,0,False,0,False,"271 days, 23:58:19.572725",Active,Q099-17-BASKETBALL-1
0,960.621353149414,B-05,False,305.0,0,False,HDB,False,False,False,False,False,11208.0,False,True,False,NONE,False,Handball,B149A,False,0,0,False,0,False,"125 days, 21:15:01.933485",Active,B149A-HANDBALL-2
0,1119.752456665039,X-15,False,228.0,0,False,HDB,False,False,False,False,False,10464.0,False,True,False,NONE,False,Handball,X039,False,0,0,False,0,False,"138 days, 3:07:40.356876",Active,X039-ZN17-HANDBALL-9
0,2781.3833770751958,Q-11,False,411.0,0,False,TNS,False,False,False,False,False,11361.0,False,False,True,NONE,False,Tennis,Q012,False,0,0,False,0,False,"226 days, 18:11:13.233937",Active,Q012-ZN01-TENNIS-2
0,2276.386917114258,X-11,False,211.0,0,False,BKB,False,False,False,False,False,10469.0,False,False,False,NONE,False,Half Court,X232,False,0,0,False,0,False,"193 days, 3:15:57.843178",Active,X232-BASKETBALL-2
0,14972.491012573242,X-08,False,208.0,0,False,SFB,True,False,True,True,False,10471.0,False,False,False,NONE,False,"60ft base path, 150-200ft fence",X152,False,0,0,False,0,False,"454 days, 17:32:32.957620",Active,X152-BASEBALL-1
0,2826.012680053711,Q-15,False,481.0,0,False,TNS,False,False,False,False,False,11368.0,False,False,False,NONE,False,Tennis,Q099,False,0,0,False,0,False,"228 days, 3:56:42.546945",Archived,Q099-ZN04-TENNIS-17
0,1092.4751739501953,X-08,False,208.0,0,False,BKB,False,False,False,False,False,10463.0,False,False,False,NONE,False,Half Court,X171,False,0,0,True,0,False,"132 days, 6:59:29.856117",Active,X171-BASKETBALL-4
0,2453.613677978516,Q-08,False,408.0,0,False,BKB,False,False,False,False,False,11367.0,False,False,False,NONE,False,Half Court,Q212,False,0,0,False,0,False,"199 days, 12:38:53.629386",Active,Q212-BASKETBALL-1
0,68569.5825958252,Q-12,False,412.0,0,False,CRK,False,False,False,False,False,11434.0,False,False,False,NONE,False,60 ft Cricket Pitch,Q005,False,0,0,False,0,False,"1045 days, 5:48:24.405675",Active,Q005-ZN04-CRICKET-1
0,1850.7622833251955,M-03,False,103.0,0,False,HDB,False,False,False,False,False,10002.0,False,False,False,NONE,False,Handball,M165,False,0,0,False,0,False,"172 days, 19:57:27.471131",Inactive,M165-HANDBALL-4
0,1300.5346069335938,M-03,False,103.0,0,False,HDB,False,False,False,False,False,10003.0,False,True,False,NONE,False,Handball,M124,False,0,0,False,0,False,"146 days, 1:31:35.496887",Active,M124-HANDBALL-1
0,2848.365859985352,B-10,False,310.0,0,False,TNS,False,False,False,False,False,11209.0,False,False,False,NONE,False,Tennis,B192A,False,0,0,False,0,False,"229 days, 8:24:25.855374",Active,B192A-TENNIS-3
0,1002.0074768066406,Q-05,False,405.0,0,False,BOC,False,False,False,False,True,11379.0,False,False,False,NONE,False,Bocce,Q102,False,0,0,False,0,False,"181 days, 3:15:09.255452",Active,Q102-02-BOCCE-1
0,1735.4832611083984,B-01,False,301.0,0,False,HDB,False,False,False,False,False,11206.0,False,True,False,NONE,False,Handball,B127,False,0,0,False,0,False,"167 days, 2:12:07.205957",Active,B127-HANDBALL-4
0,1431.394790649414,B-16,False,316.0,0,False,HDB,False,False,False,False,False,11212.0,False,True,False,NONE,False,Handball,B156,False,0,0,False,0,False,"153 days, 5:18:31.631353",Active,B156-HANDBALL-3
0,2820.110580444336,Q-07,False,407.0,0,False,TNS,False,False,False,False,False,11354.0,False,False,True,NONE,False,Tennis,Q086,False,0,0,False,0,False,"228 days, 23:28:31.464214",Active,Q086-TENNIS-5
0,1019.772201538086,M-07,False,107.0,0,False,BKB,False,False,False,False,False,10024.0,False,False,False,NONE,False,Half Court,M219,False,0,0,True,0,False,"129 days, 11:49:54.417838",Active,M219-BASKETBALL-2
0,940.6659545898438,Q-13,False,413.0,0,False,HDB,False,False,False,False,False,11426.0,False,True,False,NONE,False,Handball,Q327,False,0,0,False,0,False,"123 days, 23:19:52.360864",Active,Q327-HANDBALL-3
0,44474.579177856445,M-13,False,164.0,0,False,SCR,False,False,False,False,False,10025.0,False,False,False,NONE,False,45-146ft W x 75-294ft L,M010,False,0,0,False,0,True,"894 days, 23:22:35.130551",Active,M010-ZN37-SOCCER-2
0,1072.801727294922,X-02,False,202.0,0,False,BKB,False,False,False,False,False,10459.0,False,False,False,NONE,False,Half Court,X164,False,0,0,False,0,False,"131 days, 8:16:10.791699",Active,X164-BASKETBALL-1
0,3795.094787597656,B-03,False,303.0,0,False,BKB,False,False,False,False,False,11206.0,False,False,False,NONE,False,Full Court,B298,False,0,0,True,0,False,"251 days, 8:18:42.623556",Active,B298-BASKETBALL-1
0,2765.210983276367,Q-03,False,403.0,0,False,TNS,False,False,False,False,False,11372.0,False,False,True,NONE,False,Tennis,Q502,False,0,0,False,0,False,"226 days, 10:04:02.272792",Active,Q502-TENNIS-1
0,63200.83168029785,M-11,False,111.0,0,False,SCR,False,True,False,False,False,10035.0,False,False,False,NONE,False,147-295ft W x 295-393ft L,M104,False,0,0,False,0,True,"1040 days, 13:58:03.515528",Active,M104-ZN04-SOCCER-1
0,2586.6182708740234,Q-10,False,410.0,0,False,BKB,False,False,False,False,False,11420.0,False,False,False,NONE,True,Full Court,Q119,False,0,0,True,0,False,"206 days, 14:28:10.984271",Active,Q119-BASKETBALL-1
0,1644.6941680908203,Q-07,False,407.0,0,False,HDB,False,False,False,False,False,11355.0,False,True,False,NONE,False,Handball,Q300,False,0,0,False,0,False,"162 days, 21:06:07.411824",Active,Q300-04-HANDBALL-1
0,1720.3128814697266,X-01,False,201.0,0,False,HDB,False,False,False,False,False,10454.0,False,True,False,NONE,False,Handball,X131,False,0,0,False,0,False,"166 days, 16:59:37.247452",Active,X131-HANDBALL-1
0,1088.7557983398438,Q-07,False,407.0,0,False,HDB,False,False,False,False,False,11355.0,False,True,False,NONE,False,Handball,Q437,False,0,0,False,0,False,"135 days, 7:04:41.294321",Active,Q437-HANDBALL-2
0,4341.075180053711,B-18,False,318.0,0,False,BKB,False,False,False,False,False,11234.0,False,False,False,NONE,False,Full Court,B057,False,0,0,True,0,False,"272 days, 11:38:02.040822",Active,B057-04-BASKETBALL-1
0,1784.2091369628906,X-04,False,204.0,0,False,BKB,False,False,False,False,False,10456.0,False,False,False,NONE,False,Half Court,X115,False,0,0,True,0,False,"168 days, 23:11:27.881395",Active,X115-BASKETBALL-1
0,19412.85057067871,Q-13,False,413.0,0,False,SFB,True,False,True,True,False,11004.0,False,False,False,NONE,False,"60ft base path, 150-200ft fence",Q310,False,0,0,False,0,False,"513 days, 14:37:09.954044",Active,Q310-BASEBALL-3
0,1603.0555114746094,Q-14,False,414.0,0,False,HDB,False,False,False,False,False,11693.0,False,True,False,NONE,False,Handball,Q163,False,0,0,False,0,False,"162 days, 10:56:04.480436",Active,Q163-ZN05A-HANDBALL-7
0,1333.963607788086,B-16,False,316.0,0,False,BKB,False,False,False,False,False,11233.0,False,False,False,NONE,False,Half Court,B387,False,0,0,False,0,False,"147 days, 15:02:39.563000",Active,B387-BASKETBALL-3
0,759.2346496582031,B-03,False,303.0,0,False,BKB,False,False,False,False,False,11206.0,False,False,False,NONE,False,Half Court,B322,False,0,0,True,0,False,"111 days, 4:56:18.628360",Active,B322-BASKETBALL-4
0,1971.337539672852,B-06,False,306.0,0,False,BKB,False,False,False,False,False,11217.0,False,False,False,NONE,False,Half Court,B145,False,0,0,True,0,False,"177 days, 21:11:00.689974",Active,B145-BASKETBALL-1
0,1666.5352325439453,,False,414.0,0,False,BKB,False,False,False,False,False,11693.0,False,False,False,NONE,False,Half Court,Q467,False,0,0,False,0,False,"169 days, 23:46:16.071351",Active,Q467-BASKETBALL-3
0,854.7556610107422,B-02,False,302.0,0,False,HDB,False,False,False,False,False,11205.0,False,True,False,NONE,False,Handball,B221,False,0,0,False,0,False,"118 days, 0:34:55.474653",Active,B221-HANDBALL-3
0,1239.5683135986328,Q-05,False,405.0,0,False,HDB,False,False,False,False,False,11385.0,False,True,False,NONE,False,Handball,B047,False,0,0,False,0,False,"146 days, 8:40:16.674450",Active,Q020-ZN04-HANDBALL-6
0,1365.0138549804688,Q-03,False,403.0,0,False,BKB,False,False,False,False,False,11370.0,False,False,False,NONE,False,Half Court,Q085,False,0,0,True,0,False,"148 days, 10:52:24.654215",Active,Q085-BASKETBALL-2
0,16647.0421295166,Q-16,False,482.0,0,False,SFB,False,False,False,False,False,11415.0,False,False,False,NONE,False,"45-60ft base path, less than 150ft fence",Q015,False,0,0,False,0,False,"475 days, 22:14:16.986907",Active,Q015-ZN01-BASEBALL-1
0,1342.9168853759766,B-10,False,310.0,0,False,HDB,False,False,False,False,False,11228.0,False,True,False,NONE,False,Handball,B028,False,0,0,False,0,False,"149 days, 19:36:38.332023",Active,B028-03-HANDBALL-4
0,1522.5644989013672,M-10,False,110.0,0,False,HDB,False,False,False,False,False,10039.0,False,True,False,NONE,False,Handball,M216,False,0,0,False,0,False,"158 days, 13:46:01.170974",Active,M216-HANDBALL-1
0,50981.03553771973,Q-01,False,401.0,0,False,SCR,False,False,False,False,False,11105.0,False,False,False,AFB,True,147-295ft W x 295-393ft L,Q004,True,0,0,False,0,True,"947 days, 22:00:49.678979",Active,Q004-ZN01-SOCCER-1
0,2757.843017578125,M-11,False,111.0,0,False,TNS,False,False,False,False,False,10035.0,False,False,True,NONE,True,Tennis,M104,False,0,0,False,0,False,"225 days, 22:54:38.054646",Active,M104-ZN02-TENNIS-17
0,949.452667236328,B-01,False,301.0,0,False,HDB,False,False,False,False,False,11206.0,False,True,False,NONE,False,Handball,B358,False,0,0,False,0,False,"125 days, 6:31:05.878644",Active,B358-HANDBALL-2
0,42720.70079040527,Q-07,False,407.0,0,False,SFB,True,False,True,False,False,11356.0,False,False,False,NONE,False,"60ft base path, 150-200ft fence",Q009,False,0,0,False,0,False,"799 days, 21:26:33.639722",Active,Q009-ZN01-BASEBALL-1
0,845.3639068603516,X-04,False,204.0,0,False,HDB,False,False,False,False,False,10452.0,False,True,False,NONE,False,Handball,X148C7,False,0,0,False,0,False,"117 days, 21:36:01.199862",Active,X148C7-HANDBALL-1
0,1463.9688568115234,B-11,False,311.0,0,False,HDB,False,False,False,False,False,11214.0,False,True,False,NONE,False,Handball,B277,False,0,0,False,0,False,"161 days, 3:52:05.068435",Active,B277-HANDBALL-4
0,2765.444534301758,Q-11,False,411.0,0,False,TNS,False,False,False,False,False,11364.0,False,False,False,NONE,False,Tennis,Q349,False,0,0,False,0,False,"225 days, 22:33:38.567842",Active,Q349-TENNIS-1
0,1106.2840118408203,M-08,False,108.0,0,False,HDB,False,False,False,False,False,10065.0,False,True,False,NONE,False,Handball,M079,False,0,0,False,0,False,"137 days, 18:35:00.594194",Active,M079-HANDBALL-1
0,6250.456314086914,B-01,False,301.0,0,False,SCR,False,False,False,False,False,11222.0,False,False,False,NONE,False,,B346,False,0,0,False,0,False,"334 days, 5:05:21.495559",Inactive,B346-SOCCER-1
0,1376.0386657714844,X-01,False,201.0,0,False,BKB,False,False,False,False,False,10455.0,False,False,False,NONE,False,Half Court,X235,False,0,0,False,0,False,"148 days, 15:20:42.228646",Active,X235-BASKETBALL-2
0,855.3944549560547,Q-03,False,403.0,0,False,BKB,False,False,False,False,False,11372.0,False,False,False,NONE,False,Half Court,Q122,False,0,0,True,0,False,"117 days, 0:16:39.076764",Active,Q122-BASKETBALL-2
0,882.6685028076172,Q-12,False,412.0,0,False,BKB,False,False,False,False,False,11423.0,False,False,False,NONE,False,Half Court,Q351,False,0,0,False,0,False,"128 days, 9:07:01.263709",Active,Q351-BASKETBALL-3
0,25696.3445892334,B-18,False,318.0,1,True,SFB,True,False,True,False,False,11234.0,False,False,False,NONE,False,"60ft base path, 150-200ft fence",B166D,False,0,0,False,0,False,"608 days, 17:01:32.268347",Active,B166D-BASEBALL-4
0,3707.2408447265625,R-02,False,502.0,0,False,BKB,False,False,False,False,False,10306.0,False,False,False,NONE,True,Full Court,R067,False,0,0,True,0,False,"247 days, 5:32:00.074866",Active,R067-BASKETBALL-2
0,2372.3499603271484,Q-12,False,412.0,0,False,BKB,False,False,False,False,False,11434.0,False,False,False,NONE,False,Full Court,Q005,False,0,0,True,0,False,"199 days, 2:54:30.352624",Active,Q005-01-BASKETBALL-1
0,2862.307830810547,B-16,False,316.0,0,False,TNS,False,False,False,False,False,11233.0,False,False,False,NONE,False,Tennis,B387,False,0,0,False,0,False,"229 days, 17:29:21.619757",Inactive,B387-TENNIS-1
0,1275.1848907470703,M-03,False,103.0,0,False,HDB,False,False,False,False,False,10002.0,False,True,False,NONE,False,Handball,M105,False,0,0,False,0,False,"147 days, 17:33:16.180830",Active,M105-08-HANDBALL-2
0,2908.3232421875,Q-08,False,408.0,1,False,TNS,False,False,False,False,False,11423.0,False,False,True,NONE,False,Tennis,Q021,False,0,0,False,0,False,"234 days, 6:10:20.831841",Active,Q021-ZN02-TENNIS-13
0,1569.055648803711,B-13,False,313.0,0,False,HDB,False,False,False,False,False,11224.0,False,True,False,NONE,False,Handball,B268,False,0,0,False,0,False,"159 days, 7:23:00.503152",Active,B268-HANDBALL-2
0,2768.6265869140625,B-13,False,313.0,0,False,TNS,False,False,False,False,False,11224.0,False,False,True,NONE,False,Tennis,B129,False,0,0,False,0,False,"226 days, 6:38:48.101301",Active,B129-ZN01-TENNIS-1
0,980.865203857422,Q-12,False,412.0,0,False,HDB,False,False,False,False,False,11433.0,False,False,False,NONE,False,Handball,Q127,False,0,0,False,0,False,"126 days, 17:56:41.028183",Inactive,Q127-HANDBALL-12
0,3819.421981811523,Q-08,False,408.0,0,False,TNS,False,False,False,False,False,11367.0,False,False,False,NONE,False,,Q329,False,0,0,False,0,False,"253 days, 2:53:24.154922",Inactive,Q329-TENNIS-3
0,1131.0820770263672,B-15,False,315.0,0,False,HDB,False,False,False,False,False,11235.0,False,True,False,NONE,False,Handball,B109,False,0,0,False,0,False,"138 days, 16:03:14.519071",Active,B109-HANDBALL-4
0,16705.46502685547,B-10,False,310.0,1,False,SFB,False,False,True,False,False,11209.0,False,False,False,NONE,False,"45-60ft base path, less than 150ft fence",B082,False,0,0,False,0,False,"500 days, 7:21:33.390068",Active,B082-ZN03-BASEBALL-1
0,2806.6705017089844,X-04,False,204.0,1,False,TNS,False,False,False,False,False,10451.0,False,False,True,NONE,False,Tennis,X344,False,0,0,False,0,False,"228 days, 6:31:22.032278",Active,X344-TENNIS-13
0,1850.6727294921875,B-15,False,315.0,0,False,BKB,False,False,False,False,False,11229.0,False,False,False,NONE,False,Half Court,B157,False,0,0,True,0,False,"173 days, 3:26:27.827606",Active,B157-BASKETBALL-1
0,15244.385696411133,M-13,False,164.0,0,True,SFB,False,False,False,False,False,10023.0,False,False,False,NONE,False,"45-60ft base path, less than 150ft fence",M010,False,0,0,False,0,False,"454 days, 18:18:56.609598",Active,M010-ZN06-BASEBALL-5
0,13672.835189819336,B-11,False,311.0,0,False,SCR,False,False,False,False,False,11204.0,False,False,False,NONE,False,45-146ft W x 75-294ft L,B100,False,0,0,False,0,True,"481 days, 6:55:56.875446",Active,B100-01-SOCCER-1
0,3579.8365783691406,B-18,False,318.0,0,False,BKB,False,False,False,False,False,11234.0,False,False,False,NONE,False,Full Court,B057,False,0,0,True,0,False,"244 days, 14:34:42.083957",Active,B057-05-BASKETBALL-2
0,948.2995910644532,B-02,False,302.0,0,False,HDB,False,False,False,False,False,11205.0,False,True,False,NONE,False,Handball,B220,False,0,0,False,0,False,"127 days, 5:14:40.565799",Active,B220-HANDBALL-4
0,44906.9963684082,M-13,False,164.0,0,False,SCR,False,False,False,False,False,10025.0,False,False,False,NONE,False,147-295ft W x 295-393ft L,M010,False,0,0,False,0,True,"899 days, 12:14:31.479635",Active,M010-ZN37-SOCCER-1
0,1419.0590057373047,B-03,False,303.0,0,False,BKB,False,False,False,False,False,11221.0,False,False,False,NONE,False,Half Court,B269,False,0,0,True,0,False,"151 days, 9:53:12.701743",Removed,B269-BASKETBALL-6
0,2217.406936645508,B-15,False,315.0,0,False,BKB,False,False,False,False,False,11229.0,False,False,False,NONE,False,Half Court,B197,False,0,0,True,0,False,"188 days, 9:14:43.575125",Active,B197-BASKETBALL-1
0,10356.38558959961,B-16,False,316.0,0,True,SFB,True,False,True,False,False,11233.0,False,False,False,NONE,False,"60ft base path, 150-200ft fence",B144,False,0,0,False,0,False,"383 days, 8:17:26.005628",Active,B144-BASEBALL-1
0,1410.6039581298828,B-03,False,303.0,0,False,HDB,False,False,False,False,False,11221.0,False,True,False,NONE,False,Handball,B023,False,0,0,False,0,False,"151 days, 8:44:42.992421",Active,B023-HANDBALL-2
0,1293.0588073730469,X-08,False,208.0,0,False,HDB,False,False,False,False,False,10463.0,False,True,False,NONE,False,Handball,X202,False,0,0,False,0,False,"144 days, 15:15:15.745167",Active,X202-HANDBALL-1
0,3494.8221435546875,B-09,False,309.0,0,False,BKB,False,False,False,False,False,11225.0,False,False,False,NONE,False,Full Court,B267,False,0,0,True,0,False,"242 days, 22:31:35.327254",Active,B267-BASKETBALL-3
0,1393.8594665527344,M-02,False,102.0,0,False,BKB,False,False,False,False,False,10014.0,False,False,False,NONE,False,Half Court,M237,False,0,0,True,0,False,"149 days, 22:11:54.614937",Active,M237-BASKETBALL-3
0,1419.3772430419922,X-01,False,201.0,0,False,HDB,False,False,False,False,False,10454.0,False,True,False,NONE,False,Handball,X182,False,0,0,False,0,False,"151 days, 15:20:53.687382",Active,X182-HANDBALL-1
0,1315.831314086914,Q-02,False,402.0,0,False,HDB,False,False,False,False,False,11377.0,False,True,False,NONE,False,Handball,Q205A,False,0,0,False,0,False,"147 days, 15:44:51.434180",Active,Q205A-HANDBALL-2
0,2772.010284423828,M-13,False,164.0,0,False,TNS,False,False,False,False,False,10024.0,False,False,True,NONE,False,Tennis,M010,False,0,0,False,0,False,"226 days, 21:25:10.454962",Active,M010-ZN34-TENNIS-28
0,1058.2690887451172,Q-01,False,401.0,0,False,BOC,False,False,False,False,True,11105.0,False,False,False,NONE,False,Bocce,Q298,False,0,0,False,0,False,"193 days, 11:54:44.733803",Active,Q298-BOCCE-1
0,67472.30668640137,B-06,False,306.0,0,False,SCR,False,True,False,False,False,11231.0,True,False,False,NONE,False,160 x 360ft rectangular,B126,True,0,0,False,0,True,"1095 days, 20:19:07.407874",Closed Temporarily,B126-ZN03-SOCCER-1
0,786.4628448486328,B-18,False,318.0,0,False,BKB,False,False,False,False,False,11234.0,False,False,False,NONE,False,Half Court,B324,False,0,0,True,0,False,"112 days, 4:16:20.930565",Active,B324-BASKETBALL-4
0,1254.9416046142578,Q-03,False,403.0,0,False,HDB,False,False,False,False,False,11369.0,False,True,False,NONE,False,Handball,Q362,False,0,0,False,0,False,"143 days, 12:57:31.770107",Active,Q362-HANDBALL-2
0,24506.039978027344,Q-05,False,405.0,0,False,SFB,False,False,True,False,False,11379.0,False,False,False,NONE,False,"60ft base path, 150-200ft fence",Q102,False,0,0,False,0,False,"588 days, 8:38:28.876595",Active,Q102-02-BASEBALL-1
0,10897.891647338867,Q-11,False,411.0,0,False,SFB,True,False,True,False,False,11361.0,False,False,False,NONE,False,"45-60ft base path, less than 150ft fence",Q381,False,0,0,False,0,False,"409 days, 23:11:46.154481",Active,Q381-BASEBALL-1
0,3772.4489135742183,B-14,False,314.0,0,False,TNS,False,False,False,False,False,11226.0,False,False,True,NONE,False,Tennis,B068,False,0,0,False,0,False,"272 days, 19:35:04.970630",Active,B073-ZN27-TENNIS-5
0,49957.26104736328,Q-14,False,414.0,0,False,CRK,False,False,False,False,False,11691.0,False,False,False,NONE,False,60 ft Cricket Pitch,Q007,False,0,0,False,0,False,"839 days, 4:46:14.549525",Active,Q007-CRICKET-2
0,1245.5240936279297,X-05,False,205.0,0,False,HDB,False,False,False,False,False,10453.0,False,True,False,NONE,False,Handball,X158,False,0,0,False,0,False,"142 days, 22:23:29.114532",Active,X158-HANDBALL-1
0,41245.77508544922,Q-13,False,413.0,0,False,SFB,True,False,True,False,False,11411.0,False,False,False,NONE,False,"60ft base path, 150-200ft fence",Q027,False,0,0,False,0,False,"794 days, 20:31:25.191285",Active,Q030-01-BASEBALL-1
0,11323.308166503906,M-14,False,107.0,0,False,TRK,False,False,False,False,False,10024.0,False,False,False,NONE,False,Track,M071,False,0,0,False,0,False,"1470 days, 4:33:55.480636",Active,M071-ZN02-TRACK-1
0,83952.60203552246,M-11,False,111.0,0,False,BSB,True,False,False,True,False,10035.0,False,False,False,NONE,False,"90ft base path, 200+ft fence",M104,False,0,0,False,0,False,"1147 days, 12:53:52.641115",Active,M104-ZN02-BASEBALL-19
0,3741.965789794922,Q-08,False,408.0,0,False,BKB,False,False,False,False,False,11423.0,False,False,False,NONE,False,Full Court,Q021,False,0,0,True,0,False,"252 days, 2:47:02.573357",Active,Q021-01-BASKETBALL-2
0,3940.169158935547,Q-14,False,414.0,0,False,BKB,False,False,False,False,False,11691.0,False,False,False,NONE,False,Full Court,Q371,False,0,0,True,0,False,"261 days, 1:30:02.568595",Active,Q371-01-BASKETBALL-1
0,1335.2752532958984,Q-14,False,414.0,0,False,HDB,False,False,False,False,False,11691.0,False,True,False,NONE,False,Handball,Q007,False,0,0,False,0,False,"147 days, 0:47:01.910532",Active,Q007-01-HANDBALL-5
0,1394.6081848144531,B-08,False,308.0,0,False,HDB,False,False,False,False,False,11213.0,False,True,False,NONE,False,Handball,B364,False,0,0,False,0,False,"150 days, 17:00:08.705305",Active,B364-HANDBALL-1
0,4184.701766967773,M-11,False,111.0,0,False,BKB,False,False,False,False,False,10035.0,False,False,False,NONE,False,Full Court,M273,False,0,0,True,0,False,"266 days, 23:31:48.083145",Active,M273-01-BASKETBALL-1
0,1328.9114532470703,X-11,False,211.0,0,False,BKB,False,False,False,False,False,10469.0,False,False,False,NONE,False,Half Court,X157,False,0,0,False,0,False,"145 days, 20:09:54.555263",Active,X157-BASKETBALL-3
0,1343.0416564941406,Q-10,False,410.0,0,False,HDB,False,False,False,False,False,11417.0,False,True,False,NONE,False,Handball,Q118,False,0,0,False,0,False,"148 days, 20:01:03.208596",Active,Q118-HANDBALL-2
0,6535.968795776367,X-11,False,211.0,0,False,SFB,False,False,True,False,False,10461.0,False,False,False,NONE,False,"45-60ft base path, less than 150ft fence",X163,False,0,0,False,0,False,"297 days, 16:25:47.519483",Active,X163-BASEBALL-1
0,49486.34557342529,R-03,False,503.0,0,False,SCR,False,False,False,False,False,10312.0,False,False,False,NONE,False,147-295ft W x 295-393ft L,R017,False,0,0,False,0,True,"931 days, 7:26:07.121656",Active,R045-SOCCER-01Y
0,1151.7752075195312,Q-16,False,482.0,0,False,HDB,False,False,False,False,False,11421.0,False,True,False,NONE,False,Handball,Q015,False,0,0,False,0,False,"137 days, 13:55:24.432447",Active,Q015-ZN04-HANDBALL-2
0,3739.514129638672,M-06,False,106.0,0,False,BKB,False,False,False,False,False,10016.0,False,False,False,NONE,False,Full Court,M263,False,0,1,True,0,False,"248 days, 22:50:46.954143",Active,M263-BASKETBALL-1
0,3418.915573120117,B-02,False,302.0,0,False,BKB,False,False,False,False,False,11201.0,False,False,False,NONE,True,Full Court,B061,False,0,0,True,0,False,"237 days, 14:13:58.994662",Active,B061-BASKETBALL-2
0,1449.5986785888672,Q-14,False,414.0,0,False,HDB,False,False,False,False,False,11691.0,False,True,False,NONE,False,Handball,Q162J01,False,0,0,False,0,False,"154 days, 4:19:26.257914",Active,Q162J-HANDBALL-5
0,82578.14389038086,R-02,False,502.0,0,False,FTB,False,True,False,False,False,10314.0,False,False,False,AFB,False,147-295ft W x 295-393ft L,R030,True,0,0,False,0,True,"1179 days, 3:27:10.101563",Active,R065-ZN08-FOOTBALL-1
0,1148.496841430664,X-15,False,228.0,0,False,HDB,False,False,False,False,False,10464.0,False,True,False,NONE,False,Handball,X039,False,0,0,False,0,False,"139 days, 22:30:41.117679",Active,X039-ZN17-HANDBALL-10
0,1819.1053314208984,B-03,False,303.0,0,False,VLB,False,False,False,False,False,11221.0,False,False,False,NONE,False,Volleyball,B269,False,0,1,False,0,False,"181 days, 3:02:53.024009",Active,B269-VOLLEYBALL-1
0,1380.7847595214844,X-02,False,202.0,0,False,HDB,False,False,False,False,False,10455.0,False,True,False,NONE,False,Handball,X179,False,0,0,False,0,False,"151 days, 13:58:50.602870",Active,X179-HANDBALL-3
0,966.606185913086,R-02,False,502.0,0,False,VLB,False,False,False,False,False,10306.0,False,False,False,NONE,False,Volleyball,R067,False,0,0,False,0,False,"138 days, 4:41:11.160712",Inactive,R067-VOLLEYBALL-2
0,3223.992691040039,X-11,False,211.0,0,False,BKB,False,False,False,False,False,10462.0,False,False,False,NONE,False,Full Court,X178,False,0,0,False,0,False,"231 days, 8:27:00.258562",Inactive,X178-BASKETBALL-6
0,52892.77279663086,B-18,False,318.0,0,False,BSB,True,False,True,True,False,11236.0,False,False,False,NONE,False,"90ft base path, 200+ft fence",B018,False,0,0,False,0,False,"885 days, 13:27:50.798375",Active,B018-ZN01-BASEBALL-8
0,1485.065689086914,Q-11,False,411.0,0,False,HDB,False,False,False,False,False,11362.0,False,True,False,NONE,False,Handball,Q369,False,0,0,False,0,False,"156 days, 4:56:46.123373",Active,Q369-HANDBALL-4
0,41376.77067565918,M-11,False,111.0,0,False,SFB,True,False,True,False,False,10035.0,False,False,False,NONE,False,"60ft base path, 150-200ft fence",M104,False,0,0,False,0,False,"801 days, 2:43:38.745042",Active,M104-ZN02-BASEBALL-20
0,4108.449172973633,B-14,False,314.0,0,False,BKB,False,False,False,False,False,11226.0,False,False,False,NONE,False,Full Court,B068,False,0,0,False,0,False,"267 days, 3:09:57.898535",Inactive,B073-ZN28-BASKETBALL-2
0,79844.64903259277,M-11,False,111.0,0,False,SCR,False,False,False,False,False,10035.0,True,False,False,AFB,True,147-295ft W x 295-393ft L,M104,True,0,0,False,0,True,"1164 days, 12:58:42.548506",Active,M107-ZN06-SOCCER-1
0,2743.974578857422,Q-07,False,407.0,0,False,BKB,False,False,False,False,False,11354.0,False,False,False,NONE,False,Full Court,Q419,False,0,0,True,0,False,"211 days, 23:16:52.382185",Active,Q419-BASKETBALL-1
0,998.6158447265624,X-03,False,203.0,0,False,HDB,False,False,False,False,False,10457.0,False,False,False,NONE,False,Handball,X010,False,0,0,False,0,False,"128 days, 19:52:41.172795",Inactive,X010-ZN03-HANDBALL-4
0,4031.8168182373047,Q-13,False,413.0,0,False,BKB,False,False,False,False,False,11004.0,False,False,False,NONE,False,Full Court,Q310,False,0,0,True,0,False,"263 days, 15:05:27.453457",Active,Q310-BASKETBALL-1
0,1150.0182495117188,Q-12,False,412.0,0,False,HDB,False,False,False,False,False,11412.0,False,True,False,NONE,False,Handball,Q106,False,0,0,False,0,False,"136 days, 3:10:46.151431",Active,Q106-HANDBALL-3
0,1738.8575592041016,X-03,False,203.0,0,False,HDB,False,False,False,False,False,10457.0,False,True,False,NONE,False,Handball,X010,False,0,0,False,0,False,"172 days, 16:03:00.213349",Active,X010-11-HANDBALL-2
0,1627.6693420410156,Q-12,False,412.0,0,False,HDB,False,False,False,False,False,11434.0,False,False,False,NONE,False,Handball,Q413,False,0,0,False,0,False,"165 days, 19:31:26.830359",Inactive,Q413-HANDBALL-4
0,4238.334854125977,B-10,False,310.0,0,False,BKB,False,False,False,False,False,11228.0,False,False,False,NONE,False,Full Court,B060,False,0,0,True,0,False,"270 days, 4:56:22.608874",Active,B060-01-BASKETBALL-2
0,41439.1805267334,M-11,False,111.0,0,False,SFB,True,False,True,False,False,10035.0,False,False,False,NONE,False,"60ft base path, 150-200ft fence",M104,False,0,0,False,0,False,"801 days, 6:25:52.226283",Active,M104-ZN02-BASEBALL-2
0,1383.3858337402344,B-13,False,313.0,0,False,HDB,False,False,False,False,False,11223.0,False,True,False,NONE,False,Handball,B252,False,0,0,False,0,False,"150 days, 21:38:32.598426",Active,B252-HANDBALL-1
0,2763.4412689208984,B-10,False,310.0,0,False,TNS,False,False,False,False,False,11209.0,False,False,True,NONE,False,Tennis,B082,False,0,0,False,0,False,"226 days, 21:15:22.648439",Active,B082-ZN05-TENNIS-3
0,28598.49314880371,Q-07,False,407.0,0,False,SFB,True,False,True,False,False,11354.0,False,False,False,NONE,False,"60ft base path, 150-200ft fence",Q086,False,0,0,False,0,False,"648 days, 3:06:44.736447",Active,Q086-BASEBALL-2
1,91552.4218902588,B-07,False,307.0,0,True,SCR,False,True,False,False,False,11232.0,True,False,False,AFB,False,160 x 360ft rectangular,BT15,True,0,0,False,0,True,"1222 days, 14:58:56.236892",Active,BT15-SOCCER-3
0,2813.742385864258,M-15,False,103.0,0,False,TNS,False,False,False,False,False,10002.0,False,False,True,NONE,False,Tennis,M144,False,0,0,False,0,False,"227 days, 23:47:11.544131",Active,M144-ZN03-TENNIS-1
0,1413.9976959228516,X-12,False,212.0,0,False,HDB,False,False,False,False,False,10466.0,False,True,False,NONE,False,Handball,X141,False,0,0,False,0,False,"154 days, 3:24:31.928917",Active,X141-HANDBALL-3
0,3275.179656982422,B-01,False,301.0,0,False,BKB,False,False,False,False,False,11222.0,False,False,False,NONE,False,Full Court,B135,False,0,0,True,0,False,"231 days, 16:43:46.251415",Removed,B135-BASKETBALL-1
0,4118.497497558594,B-10,False,310.0,0,False,BKB,False,False,False,False,False,11220.0,False,False,False,NONE,False,Full Court,B066,False,0,0,True,0,False,"266 days, 6:22:53.248927",Active,B066-01-BASKETBALL-3
0,2903.7488555908203,X-07,False,207.0,0,False,TNS,False,False,False,False,False,10467.0,False,False,True,NONE,False,Tennis,X104,False,0,0,False,0,False,"231 days, 0:30:03.713886",Active,X104-TENNIS-4
0,2635.056533813477,B-18,False,318.0,0,False,TNS,False,False,False,False,False,11229.0,False,False,True,NONE,False,Tennis,B057,False,0,0,False,0,False,"221 days, 23:35:02.941456",Active,B057-ZN01-TENNIS-4
0,2476.293914794922,R-01,False,501.0,0,False,BKB,False,False,False,False,False,10301.0,False,False,False,NONE,False,Full Court,R086,False,0,0,False,0,False,"202 days, 22:23:16.314366",Active,R086-BASKETBALL-1
0,2863.740997314453,B-08,False,308.0,0,False,TNS,False,False,False,False,False,11233.0,False,False,True,NONE,True,Tennis,B054,False,0,0,False,0,False,"230 days, 0:49:20.828251",Active,B054-ZN03-TENNIS-7
0,889.9398956298828,Q-07,False,407.0,0,False,BOC,False,False,False,False,True,11357.0,False,False,False,NONE,False,Bocce,Q126,False,0,0,False,0,False,"173 days, 20:41:45.028623",Active,Q126-BOCCE-2
0,63092.91763305664,X-13,False,226.0,0,False,SCR,False,False,False,False,False,10471.0,False,False,False,NONE,False,147-295ft W x 295-393ft L,X092,False,0,0,False,0,True,"1040 days, 16:43:18.084821",Active,X092-ZN06-SOCCER-2
0,3498.423370361328,Q-09,False,409.0,0,False,BKB,False,False,False,False,False,11416.0,False,False,False,NONE,False,Full Court,Q337,False,0,0,False,0,False,"245 days, 2:52:10.645818",Inactive,Q337-BASKETBALL-2
0,57455.36701965332,M-11,False,111.0,0,False,SCR,False,False,False,False,False,10035.0,False,False,False,NONE,False,147-295ft W x 295-393ft L,M104,True,0,0,False,0,True,"981 days, 2:54:13.536183",Active,M107-ZN07-SOCCER-2
0,1165.063247680664,Q-04,False,404.0,0,False,HDB,False,False,False,False,False,11373.0,False,True,False,NONE,False,Handball,Q098,False,0,0,False,0,False,"140 days, 3:22:11.163277",Active,Q098-HANDBALL-3
0,2811.240997314453,Q-12,False,412.0,0,False,TNS,False,False,False,False,False,11433.0,False,False,True,NONE,False,Tennis,Q121,False,0,0,False,0,False,"227 days, 9:43:18.554580",Active,Q121-02-TENNIS-9
0,2322.3616790771484,Q-14,False,414.0,0,False,BKB,False,False,False,False,False,11691.0,False,False,False,NONE,False,Half Court,Q407,False,0,0,False,0,False,"192 days, 19:36:14.602472",Active,Q407-BASKETBALL-3
0,62433.4799194336,B-10,False,310.0,0,True,SFB,True,False,True,False,False,11228.0,False,False,False,NONE,False,"60ft base path, 150-200ft fence",B028,False,0,0,False,0,False,"976 days, 22:07:41.106489",Active,B028-ZN02-BASEBALL-6
0,1245.0337829589844,B-06,False,306.0,0,False,BKB,False,False,False,False,False,11215.0,False,False,False,NONE,False,,B111A,False,0,0,False,0,False,"142 days, 11:17:17.190854",Inactive,B111A-BASKETBALL-1
0,2881.843704223633,X-07,False,207.0,0,False,TNS,False,False,False,False,False,10467.0,False,False,True,NONE,False,Tennis,X104,False,0,0,False,0,False,"230 days, 11:06:03.293930",Active,X104-TENNIS-3
0,3660.289733886719,B-15,False,315.0,0,False,BKB,False,False,False,False,False,11235.0,False,False,False,NONE,False,Full Court,B251,False,0,0,False,0,False,"248 days, 3:16:39.803739",Active,B251-ZN03-BASKETBALL-2
0,1031.3768157958984,B-03,False,303.0,0,False,VLB,False,False,False,False,False,11216.0,False,False,False,NONE,False,Volleyball,B225,False,0,1,False,0,False,"141 days, 18:44:48.903137",Active,B225-TENNIS-1
0,2747.139358520508,M-12,False,112.0,0,False,TNS,False,False,False,False,False,10032.0,False,False,True,NONE,False,Tennis,M028,False,0,0,False,0,False,"226 days, 11:38:45.584920",Active,M028-ZN02-TENNIS-7
0,1326.4118041992188,B-04,False,304.0,0,False,BKB,False,False,False,False,False,11206.0,False,False,False,NONE,False,Half Court,B340,False,0,0,True,0,False,"148 days, 18:56:46.177751",Active,B340-BASKETBALL-2
0,1188.366943359375,M-03,False,103.0,0,False,BKB,False,False,False,False,False,10009.0,False,False,False,NONE,False,Half Court,M321,False,0,0,False,0,False,"138 days, 0:35:35.023602",Active,M321-BASKETBALL-2
0,3830.272018432617,Q-02,False,402.0,0,False,BKB,False,False,False,False,False,11101.0,False,False,False,NONE,False,,Q471,False,0,0,False,0,False,"259 days, 21:50:59.218279",Inactive,Q471-BASKETBALL-3
0,1086.6688537597656,M-12,False,112.0,0,False,HDB,False,False,False,False,False,10034.0,False,True,False,NONE,False,Handball,M042,False,0,0,False,0,False,"136 days, 14:08:54.412119",Active,M042-02-HANDBALL-1
0,1296.7559051513672,X-01,False,201.0,0,False,HDB,False,False,False,False,False,10455.0,False,True,False,NONE,False,Handball,X045,False,0,0,False,0,False,"146 days, 16:33:12.946921",Active,X045-01-HANDBALL-4
0,18661.116134643555,B-05,False,305.0,0,False,SFB,True,False,True,False,False,11208.0,False,False,False,NONE,False,"60ft base path, 150-200ft fence",B163,False,0,0,False,0,False,"501 days, 11:35:31.216699",Active,B163-BASEBALL-1
0,1640.1166534423828,Q-08,False,408.0,0,False,HDB,False,False,False,False,False,11367.0,False,True,False,NONE,False,Handball,Q329,False,0,0,False,0,False,"167 days, 22:16:16.894810",Active,Q329-HANDBALL-7
0,2783.3685150146484,Q-10,False,410.0,0,False,TNS,False,False,False,False,False,11420.0,False,False,True,NONE,False,Tennis,Q092,False,0,0,False,0,False,"226 days, 19:35:28.078886",Active,Q092-TENNIS-1
0,1178.5966033935547,Q-13,False,413.0,0,False,HDB,False,False,False,False,False,11413.0,False,True,False,NONE,False,Handball,Q406,False,0,0,False,0,False,"139 days, 1:49:03.474413",Active,Q406-HANDBALL-1
0,2467.497283935547,M-14,False,107.0,0,False,BKB,False,False,False,False,False,10024.0,False,False,False,NONE,False,Full Court,M071,False,0,0,True,0,False,"202 days, 12:41:53.509299",Active,M071-04-BASKETBALL-2
0,2488.328887939453,B-18,False,318.0,0,False,BKB,False,False,False,False,False,11234.0,False,False,False,NONE,False,Full Court,B330,False,0,0,True,0,False,"203 days, 14:54:10.285877",Active,B330-BASKETBALL-1
0,1171.1189880371094,Q-08,False,408.0,0,False,HDB,False,False,False,False,False,11365.0,False,True,False,NONE,False,Handball,Q294,False,0,0,False,0,False,"142 days, 14:05:51.409420",Active,Q294-HANDBALL-1
0,1492.8740234375,X-05,False,205.0,0,False,HDB,False,False,False,False,False,10457.0,False,True,False,NONE,False,Handball,X017,False,0,0,False,0,False,"156 days, 10:39:28.017166",Closed Temporarily,X017-01-HANDBALL-1
0,967.7796478271484,B-06,False,306.0,0,False,HDB,False,False,False,False,False,11201.0,False,True,False,NONE,False,Handball,B050,False,0,0,False,0,False,"128 days, 12:19:48.616539",Active,B050-HANDBALL-2
0,3017.450592041016,Q-11,False,411.0,0,False,BKB,False,False,False,False,False,11364.0,False,False,False,NONE,False,Half Court,Q349,False,0,0,False,0,False,"229 days, 18:50:44.347673",Inactive,Q349-BASKETBALL-1
0,3973.969100952149,B-16,False,316.0,0,False,BKB,False,False,False,False,False,11212.0,False,False,False,NONE,False,Full Court,B260,False,0,0,True,0,False,"262 days, 13:18:55.293378",Active,B260-BASKETBALL-1
0,39823.892822265625,Q-15,False,481.0,0,False,SFB,True,False,True,False,False,11368.0,False,False,False,NONE,False,"60ft base path, 150-200ft fence",Q099,False,0,0,False,0,False,"752 days, 16:28:51.041371",Active,Q099-ZN19-BASEBALL-3
0,1780.611099243164,X-07,False,207.0,0,False,VLB,False,False,False,False,False,10467.0,False,False,False,NONE,False,,X104,False,0,0,False,0,False,"178 days, 19:35:52.853285",Inactive,X104-01-VOLLEYBALL-2
0,81555.85618591309,Q-08,False,408.0,0,False,BSB,True,False,True,True,False,11364.0,False,False,False,NONE,False,"90ft base path, 200+ft fence",Q021,False,0,0,False,0,False,"1118 days, 4:53:26.504478",Active,Q021-ZN03-BASEBALL-8
0,38000.03788757324,B-13,False,313.0,0,False,SCR,False,True,False,False,False,11223.0,True,False,False,AFB,False,45-146ft W x 75-294ft L,B106A,True,0,0,False,0,True,"824 days, 16:16:05.849467",Active,B106A-FOOTBALL-1
0,1063.2341613769531,M-10,False,110.0,0,False,HDB,False,False,False,False,False,10037.0,False,True,False,NONE,False,Handball,M217,False,0,0,False,0,False,"132 days, 4:08:41.600908",Active,M217-HANDBALL-3
0,1132.2315826416016,Q-08,False,408.0,0,False,HDB,False,False,False,False,False,11432.0,False,True,False,NONE,False,Handball,Q391,False,0,0,False,0,False,"137 days, 12:35:09.794185",Active,Q391-HANDBALL-2
0,1191.0003814697266,M-02,False,102.0,0,False,HDB,False,False,False,False,False,10014.0,False,True,False,NONE,False,Handball,M038,False,0,0,False,0,False,"139 days, 9:50:13.498422",Active,M038-HANDBALL-2
0,1412.1849212646484,B-15,False,315.0,0,False,HDB,False,False,False,False,False,11235.0,False,True,False,NONE,False,Handball,B109,False,0,0,False,0,False,"151 days, 17:20:06.488278",Active,B109-HANDBALL-3
0,2751.6451110839844,B-15,False,315.0,0,False,TNS,False,False,False,False,False,11235.0,False,False,True,NONE,False,Tennis,B251,False,0,0,False,0,False,"226 days, 2:16:05.243867",Active,B251-ZN03-TENNIS-2
0,31542.61553955078,X-02,False,202.0,0,False,BSB,False,False,False,True,False,10459.0,False,False,False,NONE,False,"90ft base path, 200+ft fence",X255,False,0,0,False,0,False,"654 days, 14:37:14.479126",Active,X255-BASEBALL-1
0,2441.2001037597656,B-08,False,308.0,0,False,HDB,False,False,False,False,False,11217.0,False,False,False,NONE,False,Full Court,B232,False,0,0,False,0,False,"200 days, 7:20:34.750125",Inactive,B232-HANDBALL-1
0,49956.516204833984,B-19,False,355.0,0,False,CRK,False,False,False,False,False,11215.0,False,False,False,NONE,False,60 ft Cricket Pitch,,False,0,0,False,0,False,"839 days, 4:35:34.922104",Inactive,B073-ZN12-CRICKET-1
0,2126.0320892333984,Q-14,False,414.0,0,False,HDB,False,False,False,False,False,11693.0,False,True,False,NONE,False,Handball,Q163,False,0,0,False,0,False,"185 days, 4:24:12.716406",Removed,Q163-ZN06A-HANDBALL-5
0,1166.0486145019531,Q-07,False,407.0,0,False,HDB,False,False,False,False,False,11357.0,False,True,False,NONE,False,Handball,Q334,False,0,0,False,0,False,"139 days, 4:59:50.627910",Active,Q334-HANDBALL-2
0,1799.5850830078125,B-01,False,301.0,0,False,HDB,False,False,False,False,False,11222.0,False,True,False,NONE,False,Handball,B135,False,0,0,False,0,False,"169 days, 19:28:29.847146",Removed,B135-HANDBALL-1
0,1931.4323425292969,B-05,False,305.0,0,False,HDB,False,False,False,False,False,11208.0,False,True,False,NONE,False,Handball,B163,False,0,0,False,0,False,"175 days, 19:50:37.647922",Active,B163-HANDBALL-3
0,1112.5308227539062,M-13,False,164.0,0,False,HDB,False,False,False,False,False,10025.0,False,True,False,NONE,False,Handball,M010,False,0,0,False,0,False,"137 days, 20:59:03.536961",Active,M010-ZN36-HANDBALL-6
0,2778.5091094970703,B-11,False,311.0,1,False,TNS,False,False,False,False,False,11214.0,False,False,True,NONE,False,Tennis,B007,False,0,0,False,0,False,"227 days, 6:03:47.576709",Active,B007-TENNIS-3
0,67695.0064086914,Q-14,False,414.0,0,False,FTB,False,False,False,False,False,11691.0,False,False,False,NONE,False,,Q007,False,0,0,False,0,False,"1092 days, 2:22:24.497791",Inactive,Q007-FOOTBALL-1
0,1209.3520965576172,Q-12,False,412.0,0,False,BKB,False,False,False,False,False,11412.0,False,False,False,NONE,False,Half Court,Q405,False,0,0,True,0,False,"140 days, 11:03:21.077558",Active,Q405-BASKETBALL-3
0,1111.8083801269531,Q-04,False,404.0,0,False,HDB,False,False,False,False,False,11373.0,False,True,False,NONE,False,Handball,Q360J,False,0,0,False,0,False,"137 days, 23:01:19.020588",Active,Q360J-HANDBALL-2
0,13788.715377807615,Q-13,False,413.0,0,False,SCR,False,False,False,False,False,11426.0,False,False,False,NONE,False,45-146ft W x 75-294ft L,,False,0,0,False,0,False,"483 days, 11:24:07.057270",Inactive,Q453-SOCCER-3
0,1194.3768310546875,X-13,False,226.0,0,False,HDB,False,False,False,False,False,10471.0,False,True,False,NONE,False,Handball,X092,False,0,0,False,0,False,"139 days, 16:51:17.189897",Active,X092-ZN02-HANDBALL-9
0,1583.7099151611328,B-03,False,303.0,0,False,HDB,False,False,False,False,False,11206.0,False,True,False,NONE,False,Handball,B263,False,0,0,False,0,False,"159 days, 23:51:17.064006",Removed,B263-HANDBALL-1
0,1691.4027557373047,B-13,False,313.0,0,False,HDB,False,False,False,False,False,11224.0,False,True,False,NONE,False,Handball,B337,False,0,0,False,0,False,"164 days, 16:17:15.966246",Active,B337-HANDBALL-1
0,1138.993911743164,Q-11,False,411.0,0,False,HDB,False,False,False,False,False,11362.0,False,True,False,NONE,False,Handball,Q346,False,0,0,False,0,False,"139 days, 17:19:23.275216",Active,Q346-HANDBALL-6
0,1354.8331604003906,B-16,False,316.0,0,False,HDB,False,False,False,False,False,11212.0,False,True,False,NONE,False,Handball,B270,False,0,0,False,0,False,"150 days, 1:36:31.427122",Active,B270-HANDBALL-6
0,2823.2598571777344,X-07,False,207.0,0,False,TNS,False,False,False,False,False,10468.0,False,False,True,NONE,False,Tennis,X044,False,0,0,False,0,False,"228 days, 21:55:20.377702",Active,X044-TENNIS-3
0,15707.420715332031,B-02,False,302.0,0,False,SCR,False,True,False,False,False,11201.0,True,False,False,AFB,False,45-146ft W x 75-294ft L,B061,True,0,0,False,0,True,"516 days, 23:16:15.304048",Active,B061-SOCCER-1
0,790.9774322509766,Q-03,False,403.0,0,False,BOC,False,False,False,False,True,11370.0,False,False,False,NONE,False,Bocce,Q366,False,0,0,False,0,False,"149 days, 14:06:56.068216",Removed,Q366-BOCCE-1
0,3923.827346801758,Q-07,False,407.0,0,False,BKB,False,False,False,False,False,11357.0,False,False,False,NONE,False,Full Court,Q126,False,0,0,False,0,False,"261 days, 21:13:37.671646",Active,Q126-BASKETBALL-2
0,914.4560699462892,Q-13,False,413.0,0,False,BKB,False,False,False,False,False,11429.0,False,False,False,NONE,False,Half Court,Q082,False,0,0,False,0,False,"122 days, 7:32:58.034405",Active,Q082-BASKETBALL-3
0,3619.542572021485,B-10,False,310.0,0,False,BKB,False,False,False,False,False,11228.0,False,False,False,NONE,False,Full Court,B028,False,0,0,True,0,False,"246 days, 7:48:46.856709",Active,B028-03-BASKETBALL-4
0,1839.7130279541016,M-10,False,110.0,0,False,VLB,False,False,False,False,False,10039.0,False,False,False,NONE,False,Volleyball,M159,False,0,0,False,0,False,"181 days, 5:24:31.024314",Removed,M159-VOLLEYBALL-1
0,3908.3314819335938,B-15,False,315.0,0,False,BKB,False,False,False,False,False,11235.0,False,False,False,NONE,False,Full Court,B251,False,0,0,True,0,False,"259 days, 15:33:39.713426",Active,B251-04-BASKETBALL-3
0,3121.864501953125,B-06,False,306.0,0,False,BKB,False,False,False,False,False,11231.0,False,False,False,NONE,True,Full Court,B126,False,0,0,True,0,False,"224 days, 22:54:04.499991",Active,B126-01-BASKETBALL-1
0,2419.888290405273,X-04,False,204.0,0,False,HDB,False,False,False,False,False,10452.0,False,False,False,NONE,False,,X034,False,0,0,False,0,False,"202 days, 20:30:34.567712",Inactive,X034-HANDBALL-1
0,1511.4361114501953,B-06,False,306.0,0,False,HDB,False,False,False,False,False,11217.0,False,True,False,NONE,False,Handball,B145,False,0,0,False,0,False,"158 days, 1:31:47.494357",Active,B145-HANDBALL-8
0,3822.543228149414,Q-05,False,405.0,0,False,BKB,False,False,False,False,False,11379.0,False,False,False,NONE,False,Full Court,Q101,False,0,0,True,0,False,"252 days, 17:13:16.911121",Active,Q101-BASKETBALL-1
0,1636.5817565917969,Q-12,False,412.0,0,False,HDB,False,False,False,False,False,11433.0,False,True,False,NONE,False,Handball,Q121,False,0,0,False,0,False,"163 days, 6:59:40.497682",Active,Q121-02-HANDBALL-3
0,3050.2264099121094,B-10,False,310.0,0,False,BKB,False,False,False,False,False,11209.0,False,False,False,NONE,False,Full Court,B210W,False,0,0,True,0,False,"223 days, 7:31:41.759265",Active,B210W-03-BASKETBALL-1
0,23019.12091064453,Q-03,False,403.0,0,False,BSB,False,False,False,False,False,11370.0,False,False,False,NONE,False,"45-60ft base path, less than 150ft fence",Q393A,False,0,0,False,0,False,"554 days, 16:57:57.049461",Active,Q393A-BASEBALL-1
0,1102.7527770996094,R-01,False,501.0,0,False,HDB,False,False,False,False,False,10301.0,False,False,False,NONE,False,Handball,R069,False,0,0,False,0,False,"132 days, 23:59:20.828710",Active,R069-HANDBALL-1
0,1317.4161987304688,Q-12,False,412.0,0,False,HDB,False,False,False,False,False,11433.0,False,True,False,NONE,False,Handball,Q051,False,0,0,False,0,False,"147 days, 16:42:47.502395",Active,Q051-HANDBALL-3
0,1119.5300750732422,M-13,False,164.0,0,False,HDB,False,False,False,False,False,10025.0,False,True,False,NONE,False,Handball,M010,False,0,0,False,0,False,"138 days, 20:47:40.565923",Active,M010-ZN36-HANDBALL-3
0,1491.4075775146484,Q-14,False,414.0,0,False,HDB,False,False,False,False,False,11693.0,False,True,False,NONE,False,Handball,Q460,False,0,0,False,0,False,"155 days, 14:28:42.560169",Active,Q460-HANDBALL-1
0,1752.9615325927734,Q-05,False,405.0,0,False,HDB,False,False,False,False,False,11385.0,False,True,False,NONE,False,Handball,Q305,False,0,0,False,0,False,"168 days, 3:04:50.228002",Active,Q305-HANDBALL-2
0,4873.052001953125,B-09,True,309.0,0,False,NTB,False,False,False,False,False,11203.0,False,False,False,NONE,False,Netball,B254,False,0,0,False,0,False,"296 days, 19:40:55.617022",Active,B254-NETBALL-1
0,1149.437530517578,M-13,False,164.0,0,False,HDB,False,False,False,False,False,10025.0,False,True,False,NONE,False,Handball,M010,False,0,0,False,0,False,"140 days, 5:06:23.693085",Active,M010-ZN36-HANDBALL-12
0,20936.188537597656,Q-01,False,401.0,0,False,BSB,False,False,False,True,False,11101.0,False,False,False,NONE,False,"90ft base path, 200+ft fence",Q104,False,0,0,False,0,False,"537 days, 21:37:08.788066",Active,Q104-BASEBALL-3
0,1551.8155517578125,M-08,False,108.0,0,False,TRK,False,False,False,False,False,10128.0,False,False,False,NONE,False,Jogging Path,M236,False,0,0,False,0,False,"683 days, 15:32:01.902480",Active,M236-TRACK-1
0,1789.4024963378906,M-13,False,164.0,0,False,VLB,False,False,False,False,False,10024.0,False,False,False,NONE,False,Volleyball,M010,False,0,1,False,0,False,"178 days, 11:19:46.643708",Active,M010-151-VOLLEYBALL-1
0,3714.3861083984375,M-12,False,112.0,0,False,BKB,False,False,False,False,False,10032.0,False,False,False,NONE,False,Full Court,M240,False,0,0,False,0,False,"247 days, 7:00:48.315360",Active,M240-BASKETBALL-1
0,3453.527603149414,B-12,False,312.0,0,False,BKB,False,False,False,False,False,11204.0,False,False,False,NONE,False,,B042,False,0,0,False,0,False,"241 days, 3:43:41.252564",Inactive,B042-01-BASKETBALL-3
0,3153.921203613281,B-01,False,301.0,0,False,BKB,False,False,False,False,False,11222.0,False,False,False,NONE,False,Full Court,B346,False,0,0,True,0,False,"235 days, 3:28:56.498203",Active,B346-BASKETBALL-2
0,2757.8684844970703,M-11,False,111.0,0,False,TNS,False,False,False,False,False,10035.0,False,False,True,NONE,True,Tennis,M104,False,0,0,False,0,False,"225 days, 22:55:56.009379",Active,M104-ZN02-TENNIS-9
0,2398.584045410156,Q-09,False,409.0,0,False,BKB,False,False,False,False,False,11416.0,False,False,False,NONE,False,Full Court,Q128,False,0,0,True,0,False,"198 days, 13:59:53.903204",Active,Q128-BASKETBALL-1
0,2341.6524505615234,M-14,False,107.0,0,False,BKB,False,False,False,False,False,10024.0,False,False,False,NONE,False,Half Court,M071,False,0,0,True,0,False,"193 days, 14:39:13.621349",Active,M071-04-BASKETBALL-1
0,5630.601119995117,X-02,False,202.0,0,False,BKB,False,False,False,False,False,10474.0,False,False,False,NONE,False,Full Court,X260,False,0,0,True,0,False,"307 days, 18:42:08.944405",Active,X260-BASKETBALL-1
0,1363.8465576171875,B-11,False,311.0,0,False,HDB,False,False,False,False,False,11228.0,False,True,False,NONE,False,Handball,B099,False,0,0,False,0,False,"149 days, 20:00:59.922237",Active,B099-HANDBALL-1
0,2977.3793182373047,B-13,False,313.0,0,False,BKB,False,False,False,False,False,11224.0,False,False,False,NONE,False,Full Court,B268,False,0,0,True,0,False,"219 days, 9:44:37.485246",Active,B268-BASKETBALL-4
0,2822.086898803711,X-01,False,201.0,0,False,TNS,False,False,False,False,False,10451.0,False,False,False,NONE,False,Tennis,X155,False,0,0,False,0,False,"228 days, 15:05:22.566221",Inactive,X155-TENNIS-1
0,1086.4742889404297,Q-13,False,413.0,0,False,BKB,False,False,False,False,False,11426.0,False,False,False,NONE,False,Half Court,Q327,False,0,0,False,0,False,"131 days, 22:58:26.355391",Active,Q327-BASKETBALL-6
0,41343.9919128418,R-02,False,595.0,0,False,SFB,True,False,True,False,False,10305.0,False,False,False,NONE,False,"60ft base path, 150-200ft fence",R046,False,0,0,False,0,False,"745 days, 4:39:30.596082",Active,R046-ZN01-BASEBALL-2
0,30237.18212890625,B-12,False,312.0,0,False,FTB,False,True,False,False,False,11204.0,True,False,False,NONE,False,60 x 360ft rectangular,B042,True,0,0,False,0,True,"719 days, 12:33:47.052264",Closed Temporarily,B042-01-FOOTBALL-1
0,1249.093719482422,Q-13,False,413.0,0,False,HDB,False,False,False,False,False,11429.0,False,True,False,NONE,False,Handball,Q082,False,0,0,False,0,False,"145 days, 3:31:59.927067",Active,Q082-HANDBALL-2
0,21525.01306152344,Q-16,False,482.0,0,False,SFB,True,False,True,True,False,11421.0,False,False,False,NONE,False,"60ft base path, 150-200ft fence",Q015,False,0,0,False,0,False,"551 days, 18:24:00.997808",Active,Q015-ZN04-BASEBALL-5
0,887.4575347900391,B-10,False,310.0,0,False,BKB,False,False,False,False,False,11209.0,False,False,False,NONE,False,Half Court,B210W,False,0,0,True,0,False,"120 days, 12:04:26.709669",Active,B210W-03-BASKETBALL-5
0,1137.8311920166016,B-18,False,318.0,0,False,HDB,False,False,False,False,False,11207.0,False,True,False,NONE,False,Handball,B247,False,0,0,False,0,False,"140 days, 1:35:31.576441",Active,B247-01-HANDBALL-3
0,4976.400497436523,Q-01,False,401.0,0,False,BKB,False,False,False,False,False,11102.0,False,False,False,NONE,False,Full Court,Q066B,False,0,0,False,0,False,"287 days, 1:50:20.950518",Inactive,Q066B-BASKETBALL-2
0,1127.4445495605469,B-16,False,316.0,0,False,HDB,False,False,False,False,False,11212.0,False,True,False,NONE,False,Handball,B396,False,0,0,False,0,False,"141 days, 8:29:46.996394",Active,B396-HANDBALL-3
0,1690.4427337646484,Q-11,False,411.0,0,False,HDB,False,False,False,False,False,11364.0,False,True,False,NONE,False,Handball,Q001,False,0,0,False,0,False,"165 days, 3:37:35.731010",Active,Q001-04-HANDBALL-1
0,1736.664794921875,Q-07,False,407.0,0,False,BKB,False,False,False,False,False,11355.0,False,False,False,NONE,False,Half Court,Q308,False,0,0,True,0,False,"167 days, 23:04:46.491580",Removed,Q308-BASKETBALL-4
0,73146.35615539551,Q-15,False,481.0,0,False,CRK,False,False,False,False,False,11367.0,False,False,False,NONE,False,60 ft Cricket Pitch,Q099,False,0,0,False,0,False,"1096 days, 2:15:18.406494",Active,Q099-ZN20-CRICKET-1
0,30444.35429382324,R-02,False,502.0,0,False,SFB,True,False,True,False,False,10314.0,False,False,False,NONE,False,"60ft base path, 150-200ft fence",R045,False,0,0,False,0,False,"650 days, 5:18:08.000460",Active,R045-BASEBALL-1
0,21112.144149780277,B-06,False,306.0,0,False,SFB,True,False,True,False,False,11231.0,False,False,False,NONE,False,"60ft base path, 150-200ft fence",B019,False,0,0,False,0,False,"546 days, 3:33:05.378657",Active,B019-BASEBALL-1
0,1084.3255462646484,X-02,False,202.0,0,False,BKB,False,False,False,False,False,10474.0,False,False,False,NONE,False,Half Court,X113,False,0,0,False,0,False,"134 days, 15:40:32.242056",Active,X113-BASKETBALL-2
0,1448.5050506591797,X-12,False,212.0,0,False,HDB,False,False,False,False,False,10467.0,False,True,False,NONE,False,Handball,X161,False,0,0,False,0,False,"152 days, 18:35:44.742922",Active,X161-HANDBALL-2
0,1162.8230590820312,X-15,False,228.0,0,False,HDB,False,False,False,False,False,10464.0,False,True,False,NONE,False,Handball,X039,False,0,0,False,0,False,"141 days, 20:45:26.506493",Active,X039-ZN17-HANDBALL-11
0,1430.5145568847656,B-18,False,318.0,0,False,HDB,False,False,False,False,False,11236.0,False,True,False,NONE,False,Handball,B335,False,0,0,False,0,False,"152 days, 4:46:10.699202",Active,B335-HANDBALL-2
0,4954.3203125,B-15,False,315.0,0,False,SFB,False,False,False,False,False,11229.0,False,False,False,NONE,False,"60ft base path, 150-200ft fence",B157,False,0,0,False,0,False,"263 days, 20:35:35.067827",Inactive,B157-BASEBALL-1
0,1849.8540954589844,B-03,False,303.0,0,False,BKB,False,False,False,False,False,11221.0,False,False,False,NONE,False,Half Court,B216,False,0,0,True,0,False,"174 days, 8:20:18.681918",Active,B216-BASKETBALL-2
0,33225.13882446289,Q-05A,False,405.0,0,False,SFB,True,False,True,True,False,11385.0,False,False,False,NONE,False,"60ft base path, 150-200ft fence",Q020,False,0,0,False,0,False,"680 days, 8:41:56.183790",Active,Q020-ZN01-BASEBALL-2
0,1188.7025909423828,Q-10,False,410.0,0,False,HDB,False,False,False,False,False,11420.0,False,True,False,NONE,False,Handball,Q096E,False,0,0,False,0,False,"141 days, 18:15:04.445713",Active,Q096E-HANDBALL-1
0,49465.81015014648,M-11,False,111.0,0,False,SCR,False,False,False,False,False,10035.0,False,False,False,AFB,False,45-146ft W x 75-294ft L,M104,True,0,0,False,0,True,"917 days, 3:30:39.142343",Active,M104-ZN01-SOCCER-3
0,1225.8594207763672,X-11,False,211.0,0,False,HDB,False,False,False,False,False,10462.0,False,True,False,NONE,False,Handball,X178,False,0,0,False,0,False,"141 days, 11:18:30.050668",Active,X178-HANDBALL-2
0,1630.6834564208984,M-10,False,110.0,0,False,HDB,False,False,False,False,False,10039.0,False,True,False,NONE,False,Handball,M216,False,0,0,False,0,False,"163 days, 10:54:06.145907",Active,M216-HANDBALL-2
0,1878.135498046875,X-09,False,209.0,0,False,BKB,False,False,False,False,False,10472.0,False,False,False,NONE,False,Half Court,X208,False,0,0,False,0,False,"174 days, 1:45:49.530381",Active,X208-BASKETBALL-3
0,3086.7444763183594,X-01,False,201.0,0,False,BKB,False,False,False,False,False,10455.0,False,False,False,NONE,False,Full Court,X207,False,0,0,True,0,False,"223 days, 7:06:21.743556",Active,X207-BASKETBALL-1
0,1111.5410919189453,Q-02,False,402.0,0,False,BKB,False,False,False,False,False,11104.0,False,False,False,NONE,False,Half Court,Q044,False,0,0,True,0,False,"133 days, 16:03:26.808549",Active,Q044-BASKETBALL-3
0,1160.8846588134766,X-15,False,228.0,0,False,HDB,False,False,False,False,False,10464.0,False,True,False,NONE,False,Handball,X039,False,0,0,False,0,False,"141 days, 20:08:21.585498",Active,X039-ZN17-HANDBALL-13
0,2792.7351837158203,M-14,False,107.0,0,False,TNS,False,False,False,False,False,10024.0,False,False,True,NONE,False,Tennis,M071,False,0,0,False,0,False,"227 days, 6:50:55.135979",Active,M071-ZN23-TENNIS-10
0,2186.649475097656,B-18,False,318.0,0,False,SFB,False,False,False,False,False,11236.0,False,False,False,NONE,False,"45-60ft base path, less than 150ft fence",B274,False,0,0,False,0,False,"174 days, 2:30:52.337024",Active,B274-SOFTBALL-1
1,27991.76835632324,B-15,False,315.0,0,True,MPPA,True,True,True,False,False,11235.0,False,False,False,AFB,False,45-146ft W x 75-294ft L,B166B,True,0,0,False,0,True,"665 days, 2:59:25.668023",Active,B166B-BASEBALL-1
0,1129.1821899414062,Q-01,False,401.0,0,False,BKB,False,False,False,False,False,11106.0,False,False,False,NONE,False,Half Court,Q218,False,0,0,True,0,False,"135 days, 2:49:21.442841",Active,Q218-BASKETBALL-1
0,1218.2023010253906,X-07,False,207.0,0,False,HDB,False,False,False,False,False,10468.0,False,True,False,NONE,False,Handball,X150E,False,0,0,False,0,False,"145 days, 5:42:14.258311",Active,X150E-HANDBALL-6
0,7857.245651245117,Q-14,False,414.0,0,False,SFB,False,False,True,False,False,11691.0,False,False,False,NONE,False,"45-60ft base path, less than 150ft fence",Q371,True,0,0,False,0,False,"331 days, 7:21:01.292268",Active,Q371-BASEBALL-2
0,3570.873794555664,R-02,False,502.0,0,False,SFB,False,False,False,False,False,10306.0,False,False,False,NONE,False,"45-60ft base path, less than 150ft fence",R038A,False,0,0,False,0,False,"239 days, 1:06:20.080662",Inactive,R038A-BASEBALL-1
0,4346.684875488281,B-13,False,313.0,0,False,BKB,False,False,False,False,False,11214.0,False,False,False,NONE,False,Full Court,B125,False,0,0,True,0,False,"272 days, 1:17:58.804090",Active,B125-01-BASKETBALL-2
0,2753.58544921875,R-02,False,502.0,0,False,TNS,False,False,False,False,False,10306.0,False,False,True,NONE,False,Tennis,R038A,False,0,0,False,0,False,"226 days, 9:52:49.831688",Active,R038A-TENNIS-1
0,1145.3238525390625,B-07,False,307.0,0,False,HDB,False,False,False,False,False,11232.0,False,True,False,NONE,False,Handball,B210B,False,0,0,False,0,False,"139 days, 23:47:48.941629",Active,B210B-HANDBALL-1
0,965.2699584960938,Q-05,False,405.0,0,False,BOC,False,False,False,False,True,11379.0,False,False,False,NONE,False,Bocce,Q102,False,0,0,False,0,False,"180 days, 3:34:33.247486",Active,Q102-02-BOCCE-2
0,34421.19721984863,Q-11,False,411.0,0,False,SFB,True,False,True,True,False,11364.0,False,False,False,NONE,False,"60ft base path, 150-200ft fence",Q001,False,0,0,False,0,False,"690 days, 17:06:07.609456",Active,Q001-ZN03-BASEBALL-3
0,1323.5183715820312,B-13,False,313.0,0,False,HDB,False,False,False,False,False,11224.0,False,True,False,NONE,False,Handball,B129,False,0,0,False,0,False,"147 days, 11:09:46.568414",Active,B129-ZN01-HANDBALL-2
0,525.2967529296875,B-11,False,311.0,0,False,HDB,False,False,False,False,False,11204.0,False,False,False,NONE,False,,B100,False,0,0,False,0,False,"99 days, 7:37:06.076939",Inactive,B100-01-HANDBALL-3
0,3426.247665405273,B-09,False,309.0,0,False,BKB,False,False,False,False,False,11225.0,False,False,False,NONE,False,Full Court,B267,False,0,0,True,0,False,"241 days, 0:37:19.734432",Active,B267-BASKETBALL-2
0,978.22021484375,M-09,False,109.0,1,False,HDB,False,False,False,False,False,10027.0,False,True,False,NONE,False,Handball,M205,False,0,0,False,0,False,"128 days, 23:50:55.818627",Active,M205-HANDBALL-2
0,4652.096084594727,M-11,False,111.0,0,False,BKB,False,False,False,False,False,10035.0,False,False,False,NONE,True,Full Court,M208E,False,0,0,True,0,False,"286 days, 18:25:47.514855",Active,M208E-BASKETBALL-6
0,1707.214096069336,B-01,False,301.0,0,False,HDB,False,False,False,False,False,11206.0,False,True,False,NONE,False,Handball,B127,False,0,0,False,0,False,"165 days, 15:03:07.709825",Active,B127-HANDBALL-2
0,951.4987335205078,Q-13,False,413.0,0,False,BKB,False,False,False,False,False,11426.0,False,False,False,NONE,False,Half Court,Q327,False,0,0,False,0,False,"123 days, 9:24:27.445116",Active,Q327-BASKETBALL-4
0,2768.8658752441406,B-10,False,310.0,0,False,PKB,False,False,False,False,False,11209.0,False,False,False,NONE,False,Tennis,B210W,False,0,0,False,0,False,"227 days, 4:03:28.621444",Active,B210W-03-TENNIS-9
0,4250.903625488281,M-10,False,110.0,0,False,BKB,False,False,False,False,False,10037.0,False,False,False,NONE,True,Full Court,M186,False,0,0,True,0,False,"272 days, 20:45:04.261672",Active,M186-BASKETBALL-1
0,54733.10037231445,B-03,False,303.0,0,False,FTB,False,False,False,False,False,11216.0,False,False,False,AFB,False,45-146ft W x 75-294ft L,B225,True,0,0,False,0,False,"964 days, 7:46:06.808234",Active,B225-FOOTBALL-1
0,1224.8807067871094,X-12,False,212.0,0,False,HDB,False,False,False,False,False,10469.0,False,True,False,NONE,False,Handball,X196,False,0,0,False,0,False,"145 days, 3:42:52.995965",Active,X196-HANDBALL-1
0,4164.512222290039,M-03,False,103.0,0,False,BKB,False,False,False,False,False,10002.0,False,False,False,NONE,False,Full Court,M206,False,0,0,True,0,False,"268 days, 6:42:58.416876",Active,M206-BASKETBALL-3
0,3771.082550048828,B-03,False,303.0,0,False,BKB,False,False,False,False,False,11205.0,False,False,False,NONE,False,Full Court,B266,False,0,0,True,0,False,"250 days, 20:55:11.542067",Active,B266-BASKETBALL-1
0,1106.9983825683594,Q-13,False,413.0,0,False,HDB,False,False,False,False,False,11413.0,False,True,False,NONE,False,Handball,Q406,False,0,0,False,0,False,"135 days, 12:25:49.147118",Active,Q406-HANDBALL-2
0,4468.402328491211,X-03,False,203.0,0,False,BKB,False,False,False,False,False,10456.0,False,False,False,NONE,False,Full Court,X166,False,0,0,True,0,False,"278 days, 8:15:24.746968",Active,X166-BASKETBALL-1
0,21268.456451416016,M-15,False,103.0,0,False,SFB,True,False,True,True,False,10002.0,False,False,False,NONE,False,"60ft base path, 150-200ft fence",M144,False,0,0,False,0,False,"533 days, 23:50:55.062435",Active,M144-ZN04-BASEBALL-3
0,4554.575088500977,X-07,False,207.0,0,False,BKB,False,False,False,False,False,10468.0,False,False,False,NONE,False,Full Court,X150E,False,0,0,True,0,False,"281 days, 9:45:53.332714",Active,X150E-BASKETBALL-2
0,41439.225845336914,M-11,False,111.0,0,False,SFB,True,False,True,False,False,10035.0,False,False,False,NONE,False,"60ft base path, 150-200ft fence",M104,False,0,0,False,0,False,"801 days, 6:26:18.307542",Active,M104-ZN02-BASEBALL-29
0,2583.224319458008,M-13,False,164.0,0,False,BKB,False,False,False,False,False,10024.0,False,False,False,NONE,False,Full Court,M010,False,0,0,False,0,False,"209 days, 13:25:27.333860",Inactive,M010-151-BASKETBALL-1
0,1053.6634979248047,M-11,False,111.0,0,False,HDB,False,False,False,False,False,10029.0,False,True,False,NONE,False,Handball,M192,False,0,0,False,0,False,"132 days, 23:26:49.860704",Active,M192-HANDBALL-3
0,2816.4639587402344,Q-15,False,481.0,0,False,TNS,False,False,False,False,False,11368.0,False,False,False,NONE,False,Tennis,Q099,False,0,0,False,0,False,"227 days, 20:09:50.980007",Archived,Q099-ZN04-TENNIS-20
0,69020.77667236328,Q-07,False,407.0,0,False,SFB,True,False,True,False,False,11365.0,False,False,False,NONE,False,"60ft base path, 150-200ft fence",Q024,False,0,0,False,0,False,"992 days, 8:00:02.678830",Active,Q024-ZN04-BASEBALL-2
0,1054.2116241455078,B-03,False,303.0,0,False,HDB,False,False,False,False,False,11221.0,False,True,False,NONE,False,Handball,B269,False,0,0,False,0,False,"132 days, 21:50:18.491492",Active,B269-HANDBALL-1
0,1166.5352325439453,R-01,False,501.0,0,False,BKB,False,False,False,False,False,10301.0,False,False,False,NONE,False,Half Court,R086,False,0,0,False,0,False,"138 days, 12:51:41.570151",Active,R086-BASKETBALL-2
0,3064.996063232422,M-11,False,111.0,0,False,BKB,False,False,False,False,False,10029.0,False,False,False,NONE,False,Full Court,M148,False,0,0,True,0,False,"229 days, 22:23:57.380466",Active,M148-BASKETBALL-2
0,1523.826400756836,X-10,False,210.0,0,False,HDB,False,False,False,False,False,10461.0,False,True,False,NONE,False,Handball,X122,False,0,0,False,0,False,"156 days, 20:20:13.401135",Active,X122-HANDBALL-4
0,1445.6303253173828,Q-14,False,414.0,0,False,BKB,False,False,False,False,False,11692.0,False,False,False,NONE,False,Half Court,Q382,False,0,0,False,0,False,"152 days, 18:45:38.554060",Removed,Q382-BASKETBALL-2
0,2795.4405364990234,M-14,False,107.0,0,False,TNS,False,False,False,False,False,10024.0,False,False,True,NONE,False,Tennis,M071,False,0,0,False,0,False,"227 days, 13:15:33.036787",Active,M071-ZN23-TENNIS-8
0,2367.9346466064453,M-07,False,107.0,0,False,BKB,False,False,False,False,False,10025.0,False,False,False,NONE,False,Full Court,M229,False,0,0,True,0,False,"198 days, 17:59:28.520867",Active,M229-BASKETBALL-1
0,1141.4844665527344,X-08,False,208.0,0,False,HDB,False,False,False,False,False,10463.0,False,True,False,NONE,False,Handball,X150J,False,0,0,False,0,False,"136 days, 8:15:28.874676",Active,X150J-HANDBALL-1
0,1002.0648193359376,X-11,False,211.0,0,False,HDB,False,False,False,False,False,10469.0,False,True,False,NONE,False,Handball,X157,False,0,0,False,0,False,"127 days, 10:39:23.562257",Active,X157-HANDBALL-3
0,1445.0069732666016,Q-12,False,412.0,1,False,HDB,False,False,False,False,False,11434.0,False,True,False,NONE,False,Handball,Q448,False,0,0,False,0,False,"154 days, 22:52:52.305328",Active,Q448-99-HANDBALL-2
0,2803.1404724121094,Q-12,False,412.0,0,False,TNS,False,False,False,False,False,11434.0,False,False,True,NONE,False,Tennis,Q413,False,0,0,False,0,False,"227 days, 17:24:19.246328",Active,Q413-TENNIS-4
0,2757.8684997558594,M-11,False,111.0,0,False,TNS,False,False,False,False,False,10035.0,False,False,True,NONE,True,Tennis,M104,False,0,0,False,0,False,"225 days, 22:55:56.009379",Active,M104-ZN02-TENNIS-12
0,1322.4575958251953,X-06,False,206.0,0,False,HDB,False,False,False,False,False,10457.0,False,True,False,NONE,False,Handball,X148H1,False,0,0,False,0,False,"146 days, 7:53:20.711574",Active,X148H1-HANDBALL-4
0,653.4299621582031,Q-05,False,305.0,0,False,TNS,False,False,False,False,False,11207.0,False,False,True,NONE,True,Tennis,B047,False,0,0,False,0,False,"108 days, 23:33:49.078130",Active,Q020-ZN04-TENNIS-15
0,2586.682678222656,X-04,False,204.0,0,False,BKB,False,False,False,False,False,10456.0,False,False,False,NONE,False,Full Court,X271,False,0,0,True,0,False,"206 days, 12:05:53.554229",Active,X271-BASKETBALL-1
0,1332.9532623291016,X-01,False,201.0,0,False,HDB,False,False,False,False,False,10455.0,False,True,False,NONE,False,Handball,X045,False,0,0,False,0,False,"148 days, 7:28:34.765107",Active,X045-01-HANDBALL-3
0,1185.8138885498047,B-12,False,312.0,0,False,HDB,False,False,False,False,False,11204.0,False,False,False,NONE,False,,B042,False,0,0,False,0,False,"139 days, 1:14:04.179300",Inactive,B042-01-HANDBALL-6
0,25022.857421875,M-12,False,112.0,0,False,SFB,True,False,True,False,False,10034.0,False,False,False,NONE,False,"60ft base path, 150-200ft fence",M042,False,0,0,False,0,False,"580 days, 15:14:04.559370",Active,M042-ZN01-BASEBALL-2
0,42607.14083862305,B-18,False,318.0,0,True,SFB,True,False,True,False,False,11229.0,False,False,False,NONE,False,"60ft base path, 150-200ft fence",B057,False,0,0,False,0,False,"771 days, 14:18:44.677085",Active,B057-ZN04-BASEBALL-3
0,2836.648391723633,X-06,False,206.0,0,False,TNS,False,False,False,False,False,10457.0,False,False,False,NONE,False,Tennis,X148H1,False,0,0,False,0,False,"230 days, 6:59:49.258732",Inactive,X148H1-TENNIS-1
0,2828.131118774414,Q-12,False,412.0,0,False,TNS,False,False,False,False,False,11434.0,False,False,True,NONE,False,Tennis,Q413,False,0,0,False,0,False,"228 days, 18:18:01.895649",Active,Q413-TENNIS-3
0,1033.355010986328,M-03,False,103.0,0,False,HDB,False,False,False,False,False,10002.0,False,True,False,NONE,False,Handball,M132,False,0,0,False,0,False,"135 days, 1:06:43.023462",Active,M132-HANDBALL-2
0,1184.0708923339844,R-01,False,501.0,0,False,HDB,False,False,False,False,False,10301.0,False,False,False,NONE,False,Handball,R025,False,0,0,False,0,False,"138 days, 18:11:25.475560",Inactive,R025-HANDBALL-3
0,1704.0607299804688,M-03,False,103.0,0,False,BKB,False,False,False,False,False,10013.0,False,False,False,NONE,False,Half Court,M015,False,0,0,True,0,False,"166 days, 4:58:52.390170",Active,M015-BASKETBALL-4
0,1612.7952728271484,X-04,False,204.0,0,False,HDB,False,False,False,False,False,10451.0,False,True,False,NONE,False,Handball,X219,False,0,0,False,0,False,"163 days, 6:01:58.470374",Active,X219-HANDBALL-2
0,4725.797546386719,M-11,False,111.0,0,False,BKB,False,False,False,False,False,10029.0,False,False,False,NONE,False,Full Court,M183,False,0,0,True,0,False,"289 days, 5:22:52.644427",Active,M183-BASKETBALL-2
0,41719.82736206055,Q-08,False,408.0,0,False,SFB,True,False,True,False,False,11364.0,False,False,False,NONE,False,"60ft base path, 150-200ft fence",Q021,False,0,0,False,0,False,"785 days, 9:25:49.836934",Active,Q021-ZN03-BASEBALL-3
0,1325.6856079101562,Q-09,False,409.0,0,False,HDB,False,False,False,False,False,11416.0,False,True,False,NONE,False,Handball,Q128,False,0,0,False,0,False,"151 days, 17:51:39.551567",Active,Q128-HANDBALL-7
0,1126.4493560791016,B-09,False,309.0,0,False,BKB,False,False,False,False,False,11225.0,False,False,False,NONE,False,Half Court,B357,False,0,0,True,0,False,"135 days, 2:34:25.485574",Active,B357-BASKETBALL-2
0,1340.2885284423828,Q-02,False,402.0,0,False,HDB,False,False,False,False,False,11377.0,False,True,False,NONE,False,Handball,Q205A,False,0,0,False,0,False,"149 days, 9:03:31.732015",Active,Q205A-HANDBALL-6
0,1514.0239868164062,X-12,False,212.0,0,False,HDB,False,False,False,False,False,10467.0,False,True,False,NONE,False,Handball,X169,False,0,0,False,0,False,"156 days, 9:06:52.456398",Active,X169-HANDBALL-2
0,751.7389221191406,R-02,False,595.0,0,False,HDB,False,False,False,False,False,10306.0,False,True,False,NONE,False,Handball,R046,False,0,0,False,0,False,"112 days, 21:04:31.360619",Active,R046-07-HANDBALL-1
0,1478.1611938476562,X-13,False,226.0,0,False,HDB,False,False,False,False,False,10471.0,False,True,False,NONE,False,Handball,X092,False,0,0,False,0,False,"155 days, 22:08:40.362925",Active,X092-05-HANDBALL-1
0,821.5596771240234,Q-14,False,414.0,0,False,BKB,False,False,False,False,False,11693.0,False,False,False,NONE,False,Half Court,Q403,False,0,0,False,0,False,"114 days, 16:21:38.751979",Active,Q403-BASKETBALL-3
0,930.5932769775392,Q-13,False,413.0,0,False,HDB,False,False,False,False,False,11426.0,False,True,False,NONE,False,Handball,Q327,False,0,0,False,0,False,"123 days, 6:38:30.645531",Active,Q327-HANDBALL-1
0,58713.63397216797,Q-12,False,412.0,0,False,SCR,False,False,False,False,False,11433.0,False,False,False,NONE,False,147-295ft W x 295-393ft L,Q127,False,0,0,False,0,True,"1013 days, 19:07:27.004056",Active,Q127-SOCCER-3
0,2126.4816284179688,B-02,False,302.0,0,False,TNS,False,False,False,False,False,11217.0,False,False,True,NONE,False,Tennis,B407,False,0,0,False,0,False,"210 days, 19:12:19.684118",Active,B407-TENNIS-2
0,25824.39640808105,B-14,False,314.0,0,False,SCR,False,False,False,False,False,11226.0,False,False,False,NONE,False,45-146ft W x 75-294ft L,B068,False,0,0,False,0,False,"653 days, 4:35:10.092549",Inactive,B073-ZN27-SOCCER-01
0,3806.3136138916016,B-06,False,306.0,0,False,BKB,False,False,False,False,False,11217.0,False,False,False,NONE,False,Full Court,B230,False,0,0,True,0,False,"254 days, 21:39:23.802901",Active,B230-BASKETBALL-1
0,1028.4243774414062,Q-10,False,410.0,0,False,HDB,False,False,False,False,False,11417.0,False,True,False,NONE,False,Handball,Q094,False,0,0,False,0,False,"131 days, 13:02:01.248595",Active,Q094-01-HANDBALL-4
0,44435.887786865234,Q-08,False,408.0,0,False,SFB,True,False,True,False,False,11364.0,False,False,False,NONE,False,"60ft base path, 150-200ft fence",Q021,False,0,0,False,0,False,"778 days, 2:42:40.912595",Active,Q021-ZN03-BASEBALL-13
0,2778.0053100585938,B-15,False,315.0,0,False,TNS,False,False,False,False,False,11223.0,False,False,True,NONE,False,Tennis,B244,False,0,0,False,0,False,"227 days, 4:00:35.949039",Active,B244-TENNIS-6
0,2751.2552947998047,B-14,False,314.0,0,False,TNS,False,False,False,False,False,11210.0,False,False,False,NONE,False,Tennis,B287,False,0,0,False,0,False,"225 days, 2:55:29.084672",Active,B287-TENNIS-4
0,2445.1031951904297,Q-12,False,412.0,0,False,BKB,False,False,False,False,False,11412.0,False,False,False,NONE,False,Full Court,Q106,False,0,0,False,0,False,"201 days, 13:21:44.709267",Active,Q106-BASKETBALL-4
0,4248.718307495117,M-11,False,111.0,0,False,BKB,False,False,False,False,False,10029.0,False,False,False,NONE,False,Full Court,M111,False,0,0,False,0,False,"269 days, 11:20:40.472241",Active,M111-BASKETBALL-5
0,1117.698501586914,X-08,False,208.0,0,False,HDB,False,False,False,False,False,10463.0,False,True,False,NONE,False,Handball,X171,False,0,0,False,0,False,"134 days, 14:05:44.073479",Active,X171-HANDBALL-2
0,884.1041564941406,B-06,False,306.0,0,False,BOC,False,False,False,False,True,11231.0,False,False,False,NONE,False,Bocce,B019,False,0,0,False,0,False,"167 days, 22:25:14.976546",Active,B019-BOCCE-1
0,1227.7855529785156,Q-14,False,414.0,0,False,BKB,False,False,False,False,False,11691.0,False,False,False,NONE,False,Half Court,Q353,False,0,0,False,0,False,"140 days, 5:00:38.663527",Active,Q353-BASKETBALL-1
0,2968.5179901123047,B-01,False,301.0,0,False,BKB,False,False,False,False,False,11206.0,False,False,False,NONE,False,Full Court,B358,False,0,0,True,0,False,"227 days, 17:04:31.101109",Active,B358-BASKETBALL-1
0,2848.3658905029297,B-10,False,310.0,0,False,TNS,False,False,False,False,False,11209.0,False,False,False,NONE,False,Tennis,B192A,False,0,0,False,0,False,"229 days, 8:24:25.852920",Active,B192A-TENNIS-2
0,1058.2567749023438,M-08,False,108.0,0,False,BKB,False,False,False,False,False,10128.0,False,False,False,NONE,False,Half Court,M236,False,0,0,True,0,False,"130 days, 3:24:32.392941",Active,M236-BASKETBALL-2
0,2766.7173767089844,B-15,False,315.0,0,False,TNS,False,False,False,False,False,11223.0,False,False,True,NONE,False,Tennis,B244,False,0,0,False,0,False,"226 days, 10:22:20.982607",Active,B244-TENNIS-2
0,1572.7456512451172,X-09,False,209.0,0,False,HDB,False,False,False,False,False,10473.0,False,True,False,NONE,False,Handball,X203,False,0,0,False,0,False,"159 days, 0:57:50.948132",Active,X203-HANDBALL-1
0,849.510498046875,B-06,False,306.0,0,False,HDB,False,False,False,False,False,11215.0,False,False,False,NONE,False,,B111A,False,0,0,False,0,False,"119 days, 23:38:50.573599",Inactive,B111A-HANDBALL-10
0,1359.6260375976562,B-06,False,306.0,0,False,HDB,False,False,False,False,False,11231.0,False,True,False,NONE,False,Handball,B077,False,0,0,False,0,False,"151 days, 5:00:37.033283",Active,B077-01-HANDBALL-1
0,4695.030029296875,R-01,False,503.0,0,False,BKB,False,False,False,False,False,10301.0,False,False,False,NONE,False,Full Court,R169,False,0,0,False,0,False,"287 days, 19:10:37.810726",Active,R169-BASKETBALL-02
0,1418.4156036376953,Q-14,False,414.0,0,False,HDB,False,False,False,False,False,11691.0,False,True,False,NONE,False,Handball,Q266,False,0,0,False,0,False,"152 days, 12:05:20.617451",Active,Q266-HANDBALL-1
0,2008.77946472168,B-18,False,318.0,0,False,BKB,False,False,False,False,False,11229.0,False,False,False,NONE,False,Full Court,B057,False,0,0,True,0,False,"180 days, 20:30:45.099388",Active,B057-BASKETBALL-12
0,2782.542388916016,M-14,False,107.0,0,False,TNS,False,False,False,False,False,10024.0,False,False,True,NONE,False,Tennis,M071,False,0,0,False,0,False,"226 days, 19:40:50.155953",Active,M071-ZN23-TENNIS-4
0,26849.66957092285,X-13,False,226.0,0,False,SFB,True,False,True,False,False,10470.0,False,False,False,NONE,False,"60ft base path, 150-200ft fence",X092,False,0,0,False,0,False,"608 days, 16:23:49.363693",Closed Temporarily,X092-ZN11-SOFTBALL-3
0,40287.6643371582,Q-11,False,411.0,0,False,SCR,False,False,False,False,False,11364.0,False,False,False,NONE,False,45-146ft W x 75-294ft L,Q001,False,0,0,False,0,True,"840 days, 19:09:19.390385",Active,Q001-ZN03-SOCCER-1
0,40125.075622558594,Q-11,False,411.0,0,False,SFB,False,False,True,False,False,11364.0,False,False,False,NONE,False,"60ft base path, 150-200ft fence",Q001,False,0,0,False,0,False,"736 days, 14:59:00.497500",Active,Q001-ZN08-BASEBALL-1
0,11914.886199951172,R-02,False,502.0,0,False,SFB,True,False,True,False,False,10304.0,False,False,False,NONE,False,"60ft base path, 150-200ft fence",R073,False,0,0,False,0,False,"401 days, 7:11:23.140741",Active,R073-BASEBALL-1
0,1194.6658782958984,Q-13,False,413.0,0,False,HDB,False,False,False,False,False,11413.0,False,True,False,NONE,False,Handball,Q406,False,0,0,False,0,False,"141 days, 23:46:46.768170",Active,Q406-HANDBALL-3
0,1379.3013763427734,Q-12,False,412.0,0,False,HDB,False,False,False,False,False,11434.0,False,True,False,NONE,False,Handball,Q005,False,0,0,False,0,False,"152 days, 23:17:35.943394",Active,Q005-11-HANDBALL-7
0,2145.2774200439453,Q-07,False,407.0,0,False,BKB,False,False,False,False,False,11356.0,False,False,False,NONE,False,,Q475,False,0,0,False,0,False,"185 days, 12:32:43.378793",Inactive,Q475-BASKETBALL-3
0,1042.1933135986328,B-18,False,318.0,0,False,BKB,False,False,False,False,False,11234.0,False,False,False,NONE,False,Full Court,B353,False,0,0,True,0,False,"131 days, 3:43:48.804806",Active,B353-BASKETBALL-1
0,62160.46841430664,B-05,False,305.0,0,False,SCR,False,False,False,False,False,11207.0,False,False,False,NONE,True,147-295ft W x 295-393ft L,B214,True,0,0,False,0,True,"1064 days, 17:43:12.003873",Inactive,B214-02-SOCCER-1
0,1337.4621276855469,X-08,False,208.0,0,False,HDB,False,False,False,False,False,10463.0,False,True,False,NONE,False,Handball,X020,False,0,0,False,0,False,"147 days, 22:39:28.728168",Active,X020-HANDBALL-1
0,1383.3311004638672,B-03,False,303.0,0,False,HDB,False,False,False,False,False,11216.0,False,True,False,NONE,False,Handball,B088,False,0,0,False,0,False,"149 days, 9:57:28.356536",Active,B088-02-HANDBALL-2
0,2934.6675415039062,R-02,False,502.0,0,False,TNS,False,False,False,False,False,10314.0,False,False,True,NONE,False,Tennis,R030,False,0,0,False,0,False,"231 days, 12:43:53.843361",Removed,R065-ZN08-TENNIS-3
0,851.8796844482422,Q-07,False,407.0,0,False,BOC,False,False,False,False,False,11354.0,False,False,False,NONE,False,Bocce,Q006,False,0,0,False,0,False,"166 days, 12:54:17.792046",Active,Q006-BOCCE-1
0,2768.622604370117,B-13,False,313.0,0,False,TNS,False,False,False,False,False,11224.0,False,False,True,NONE,False,Tennis,B129,False,0,0,False,0,False,"226 days, 6:38:56.483729",Active,B129-ZN01-TENNIS-7
0,1237.8421325683594,B-06,False,306.0,0,False,HDB,False,False,False,False,False,11215.0,False,True,False,NONE,False,Handball,B111A,False,0,0,False,0,False,"143 days, 7:37:44.139709",Active,B111A-HANDBALL-9
0,1331.0042572021484,R-01,False,501.0,0,False,HDB,False,False,False,False,False,10310.0,False,True,False,NONE,False,Handball,R105,False,0,0,False,0,False,"146 days, 16:08:53.057524",Inactive,R105-HANDBALL-2
0,1085.6757354736328,X-01,False,201.0,0,False,BKB,False,False,False,False,False,10455.0,False,False,False,NONE,False,Half Court,X207,False,0,0,False,0,False,"134 days, 5:18:20.244774",Active,X207-BASKETBALL-2
0,1235.6000366210938,B-11,False,311.0,0,False,HDB,False,False,False,False,False,11204.0,False,True,False,NONE,False,Handball,B100,False,0,0,False,0,False,"142 days, 3:11:09.472051",Active,B100-01-HANDBALL-2
0,3648.5599822998047,B-06,False,306.0,0,False,BKB,False,False,False,False,False,11201.0,False,False,False,NONE,False,Full Court,B361,False,0,0,True,0,False,"245 days, 11:57:08.172794",Active,B361-BASKETBALL-1
0,1424.1651000976562,X-07,False,207.0,0,False,HDB,False,False,False,False,False,10468.0,False,True,False,NONE,False,Handball,X001A,False,0,0,False,0,False,"169 days, 5:41:20.004683",Active,X001-ZN01-HANDBALL-2
0,1686.9270324707031,Q-12,False,412.0,0,False,HDB,False,False,False,False,False,11433.0,False,True,False,NONE,False,Handball,Q127,False,0,0,False,0,False,"168 days, 22:48:15.691760",Active,Q127-HANDBALL-9
0,1606.6206817626953,Q-01,False,401.0,0,False,HDB,False,False,False,False,False,11105.0,False,True,False,NONE,False,Handball,Q332,False,0,0,False,0,False,"161 days, 21:11:59.051682",Active,Q332-HANDBALL-1
0,3324.8289642333984,R-01,False,501.0,0,False,BKB,False,False,False,False,False,10301.0,False,False,False,NONE,False,Full Court,R025,False,0,0,True,0,False,"238 days, 8:16:02.758057",Active,R025-BASKETBALL-2
0,1578.1541900634766,B-15,False,315.0,0,False,HDB,False,False,False,False,False,11235.0,False,True,False,NONE,False,Handball,B306,False,0,0,False,0,False,"159 days, 18:29:09.243028",Active,B306-HANDBALL-2
0,1121.8819732666016,B-10,False,310.0,0,False,HDB,False,False,False,False,False,11228.0,False,True,False,NONE,False,Handball,B028,False,0,0,False,0,False,"138 days, 0:17:25.344216",Active,B028-ZN01-HANDBALL-7
0,970.5419921875,B-03,False,303.0,0,False,HDB,False,False,False,False,False,11221.0,False,True,False,NONE,False,Handball,B269,False,0,0,False,0,False,"128 days, 18:08:55.276866",Active,B269-HANDBALL-4
0,41890.845458984375,Q-07,False,407.0,0,False,SFB,True,False,True,False,False,11365.0,False,False,False,NONE,False,"60ft base path, 150-200ft fence",Q024,False,0,0,False,0,False,"781 days, 14:29:07.778689",Active,Q024-ZN03-BASEBALL-4
0,4073.218231201172,Q-08,False,408.0,0,False,BKB,False,False,False,False,False,11435.0,False,False,False,NONE,False,Full Court,Q220G,False,0,0,True,0,False,"265 days, 4:53:02.393881",Active,Q220G-BASKETBALL-1
0,1092.0819244384766,B-12,False,312.0,0,False,HDB,False,False,False,False,False,11230.0,False,True,False,NONE,False,Handball,B128,False,0,0,False,0,False,"134 days, 4:27:40.969815",Active,B128-HANDBALL-5
0,1292.6087036132812,M-07,False,107.0,0,False,HDB,False,False,False,False,False,10025.0,False,True,False,NONE,False,Handball,M244,False,0,0,False,0,False,"146 days, 2:44:16.700777",Active,M244-HANDBALL-1
0,2426.000045776367,Q-14,False,414.0,0,False,BKB,False,False,False,False,False,11692.0,False,False,False,NONE,False,Full Court,Q443,False,0,0,False,0,False,"199 days, 6:05:54.504352",Active,Q443-BASKETBALL-1
0,2881.25114440918,Q-07,False,407.0,0,False,TNS,False,False,False,False,False,11357.0,False,False,True,NONE,False,Tennis,Q390,False,0,0,False,0,False,"230 days, 10:20:27.431831",Active,Q390-TENNIS-2
0,4610.808776855469,B-13,False,313.0,0,False,BKB,False,False,False,False,False,11224.0,False,False,False,NONE,True,Full Court,B129,False,0,0,True,0,False,"288 days, 1:52:51.555846",Active,B129-ZN01-BASKETBALL-4
0,1032.8373565673828,Q-09,False,409.0,0,False,HDB,False,False,False,False,False,11419.0,False,True,False,NONE,False,Handball,Q129,False,0,0,False,0,False,"131 days, 13:43:17.524589",Active,Q129-HANDBALL-1
0,1154.1018524169922,B-08,False,308.0,0,False,HDB,False,False,False,False,False,11213.0,False,True,False,NONE,False,Handball,B054,False,0,0,False,0,False,"139 days, 22:13:33.217093",Active,B054-ZN01-HANDBALL-6
0,3222.2589111328125,B-16,False,316.0,0,False,BKB,False,False,False,False,False,11212.0,False,False,False,NONE,False,Full Court,B156,False,0,0,True,0,False,"236 days, 4:49:02.113873",Active,B156-BASKETBALL-4
0,2757.8684844970703,M-11,False,111.0,0,False,TNS,False,False,False,False,False,10035.0,False,False,True,NONE,True,Tennis,M104,False,0,0,False,0,False,"225 days, 22:55:56.008953",Active,M104-ZN02-TENNIS-18
0,50311.46961975098,M-13,False,164.0,0,False,BSB,True,False,False,True,False,10025.0,False,False,False,NONE,False,"90ft base path, 200+ft fence",M010,False,0,0,False,0,False,"838 days, 11:44:43.772891",Active,M010-ZN37-BASEBALL-3
0,918.4784240722656,X-09,False,209.0,0,False,BKB,False,False,False,False,False,10473.0,False,False,False,NONE,False,Half Court,X221,False,0,0,False,0,False,"121 days, 21:04:43.751129",Active,X221-BASKETBALL-5
0,4335.599380493164,B-02,False,302.0,0,False,BKB,False,False,False,False,False,11205.0,False,False,False,NONE,False,Full Court,B321,False,0,0,True,0,False,"271 days, 16:32:44.938673",Active,B321-BASKETBALL-1
0,1621.1784210205078,Q-14,False,414.0,0,False,HDB,False,False,False,False,False,11694.0,False,True,False,NONE,False,Handball,Q163,False,0,0,False,0,False,"165 days, 20:39:26.961924",Removed,Q163-ZN07A-HANDBALL-16
0,805.2281799316406,B-02,False,302.0,0,False,HDB,False,False,False,False,False,11238.0,False,True,False,NONE,False,Handball,B102,False,0,0,False,0,False,"117 days, 12:36:53.612995",Active,B102-HANDBALL-1
0,999.619659423828,X-11,False,211.0,0,False,HDB,False,False,False,False,False,10467.0,False,True,False,NONE,False,Handball,X162,False,0,0,False,0,False,"130 days, 8:19:55.422491",Active,X162-HANDBALL-4
0,1170.0143280029297,M-09,False,109.0,0,False,HDB,False,False,False,False,False,10027.0,False,True,False,NONE,False,Handball,M077,False,0,0,False,0,False,"141 days, 22:19:58.766832",Active,M077-04-HANDBALL-4
0,13045.610214233398,M-11,False,111.0,0,False,SCR,False,False,False,False,False,10029.0,False,False,False,NONE,False,45-146ft W x 75-294ft L,M258,False,0,0,False,0,True,"470 days, 19:26:18.886598",Active,M258-SOCCER-1
0,1328.6041107177734,Q-14,False,414.0,0,False,HDB,False,False,False,False,False,11691.0,False,True,False,NONE,False,Handball,Q266,False,0,0,False,0,False,"148 days, 11:26:08.973451",Active,Q266-HANDBALL-2
0,1346.2834014892578,Q-03,False,403.0,0,False,BKB,False,False,False,False,False,11369.0,False,False,False,NONE,False,Half Court,Q373,False,0,0,True,0,False,"146 days, 21:12:07.406931",Active,Q373-BASKETBALL-1
0,1185.7248840332031,X-02,False,202.0,0,False,HDB,False,False,False,False,False,10474.0,False,True,False,NONE,False,Handball,X307,False,0,0,False,0,False,"142 days, 1:22:39.738746",Active,X307-HANDBALL-1
0,2827.2606201171875,Q-05,False,305.0,0,False,TNS,False,False,False,False,False,11207.0,False,False,True,NONE,True,Tennis,B047,False,0,0,False,0,False,"227 days, 21:34:26.882235",Active,Q020-ZN04-TENNIS-9
0,27168.94311523437,M-11,False,111.0,0,False,SFB,False,False,False,False,False,10029.0,False,False,False,NONE,False,"60ft base path, 150-200ft fence",M271A,False,0,0,False,0,False,"631 days, 8:20:45.674281",Archived,M271A-BASEBALL-1
0,884.9943542480469,Q-13,False,413.0,0,False,BKB,False,False,False,False,False,11411.0,False,False,False,NONE,False,Half Court,Q307,False,0,0,False,0,False,"120 days, 11:25:39.602575",Active,Q307-BASKETBALL-5
0,1322.6837768554688,Q-11,False,411.0,0,False,BKB,False,False,False,False,False,11364.0,False,False,False,NONE,False,Half Court,Q349,False,0,0,False,0,False,"145 days, 11:58:41.143690",Active,Q349-BASKETBALL-5
0,2964.214645385742,B-18,False,318.0,0,False,TNS,False,False,False,False,False,11234.0,False,False,False,NONE,False,Tennis,B330,False,0,0,False,0,False,"232 days, 22:34:56.494578",Inactive,B330-TENNIS-4
0,1336.6209411621094,B-06,False,306.0,0,False,BKB,False,False,False,False,False,11217.0,False,False,False,NONE,False,Half Court,B320,False,0,0,True,0,False,"150 days, 23:39:08.194812",Active,B320-BASKETBALL-3
0,782.1783447265625,B-04,False,304.0,0,False,BKB,False,False,False,False,False,11207.0,False,False,False,NONE,False,Half Court,B381,False,0,0,True,0,False,"112 days, 21:38:17.164106",Removed,B381-BASKETBALL-2
0,3491.492874145508,B-16,False,316.0,0,False,BKB,False,False,False,False,False,11212.0,False,False,False,NONE,False,Full Court,B228,False,0,0,True,0,False,"252 days, 3:05:14.632902",Active,B228-BASKETBALL-2
0,2162.219268798828,M-03,False,103.0,0,False,VLB,False,False,False,False,False,10013.0,False,False,False,NONE,False,Volleyball,M015,False,0,1,False,0,False,"197 days, 13:40:16.691856",Inactive,M015-VOLLEYBALL-1
0,2774.0768432617188,M-13,False,164.0,0,False,TNS,False,False,False,False,False,10024.0,False,False,True,NONE,False,Tennis,M010,False,0,0,False,0,False,"227 days, 5:30:16.932972",Active,M010-ZN34-TENNIS-5
0,896.1443939208984,Q-07,False,407.0,0,False,BOC,False,False,False,False,True,11357.0,False,False,False,NONE,False,Bocce,Q126,False,0,0,False,0,False,"172 days, 11:05:50.584745",Active,Q126-BOCCE-1
0,1221.3643035888672,B-15,False,315.0,0,False,HDB,False,False,False,False,False,11229.0,False,True,False,NONE,False,Handball,B235,False,0,0,False,0,False,"143 days, 4:33:03.297798",Active,B235-HANDBALL-3
0,2162.219268798828,M-03,False,103.0,0,False,VLB,False,False,False,False,False,10013.0,False,False,False,NONE,False,Volleyball,M015,False,0,1,False,0,False,"197 days, 13:40:16.693234",Inactive,M015-VOLLEYBALL-5
0,1481.5604858398438,Q-12,False,412.0,0,False,HDB,False,False,False,False,False,11434.0,False,True,False,NONE,False,Handball,Q005,False,0,0,False,0,False,"157 days, 11:17:49.135478",Active,Q005-11-HANDBALL-1
0,1293.8436431884766,Q-11,False,411.0,0,False,HDB,False,False,False,False,False,11365.0,False,True,False,NONE,False,Handball,Q300A,False,0,0,False,0,False,"151 days, 12:31:19.134428",Active,Q300A-01-HANDBALL-3
0,1422.70703125,M-06,False,106.0,0,False,HDB,False,False,False,False,False,10010.0,False,True,False,NONE,False,Handball,M164,False,0,0,False,0,False,"153 days, 1:12:10.469553",Active,M164-HANDBALL-1
0,1702.8795166015625,Q-12,False,412.0,0,False,VLB,False,False,False,False,False,11433.0,False,False,False,NONE,False,Volleyball,Q301,False,0,0,False,0,False,"175 days, 10:45:33.796818",Active,Q301-VOLLEYBALL-1
0,20927.672470092773,Q-10,False,410.0,0,False,SFB,True,False,True,False,False,11420.0,False,False,False,NONE,False,"60ft base path, 150-200ft fence",Q092,False,0,0,False,0,False,"530 days, 10:05:39.479843",Active,Q092-BASEBALL-1
0,1567.7248077392578,Q-05,False,405.0,0,False,HDB,False,False,False,False,False,11385.0,False,True,False,NONE,False,Handball,Q291,False,0,0,False,0,False,"159 days, 15:33:41.182854",Active,Q291-HANDBALL-1
0,1804.9519958496091,Q-12,False,412.0,0,False,HDB,False,False,False,False,False,11433.0,False,True,False,NONE,False,Handball,Q127,False,0,0,False,0,False,"175 days, 7:51:41.803641",Active,Q127-HANDBALL-11
0,1141.7796020507812,M-03,False,103.0,0,False,HDB,False,False,False,False,False,10002.0,False,True,False,NONE,False,Handball,M033,False,0,0,False,0,False,"139 days, 14:51:07.433516",Active,M033-HANDBALL-3
0,38564.70135498047,X-13,False,226.0,0,False,SCR,False,False,False,False,False,10471.0,False,False,False,NONE,False,147-295ft W x 295-393ft L,X092,False,0,0,False,0,True,"814 days, 17:05:49.495509",Active,X092-ZN05-SOCCER-8
0,1145.579345703125,M-10,False,110.0,0,False,HDB,False,False,False,False,False,10037.0,False,True,False,NONE,False,Handball,M186,False,0,0,False,0,False,"141 days, 6:54:37.632864",Active,M186-HANDBALL-6
0,2842.707397460937,Q-13,False,413.0,0,False,TNS,False,False,False,False,False,11426.0,False,False,True,NONE,False,Tennis,Q001A,False,0,0,False,0,False,"227 days, 20:15:05.394877",Active,Q001-ZN01-TENNIS-11
0,3029.9781951904297,Q-11,False,411.0,0,False,TNS,False,False,False,False,False,11360.0,False,False,False,NONE,False,,Q387A,False,0,0,False,0,False,"234 days, 9:01:04.782354",Inactive,Q387A-TENNIS-4
0,2143.142105102539,M-07,False,107.0,0,False,HDB,False,False,False,False,False,10025.0,False,True,False,NONE,False,Handball,M220,False,0,0,False,0,False,"185 days, 14:02:35.380315",Active,M220-HANDBALL-2
0,2710.6046447753906,Q-13,False,413.0,0,False,TNS,False,False,False,False,False,11413.0,False,False,True,NONE,False,Tennis,Q107,False,0,0,False,0,False,"222 days, 11:31:59.728962",Active,Q107-01-TENNIS-1
0,5790.832855224609,X-14,False,227.0,0,False,TNS,False,False,False,False,False,10462.0,False,False,False,NONE,False,,X002,False,0,0,False,0,False,"325 days, 13:59:15.624843",Inactive,X002-ZN01-TENNIS-6
0,1612.5646057128906,X-14,False,227.0,0,False,HDB,False,False,False,False,False,10462.0,False,True,False,NONE,False,Handball,X002,False,0,0,False,0,False,"164 days, 18:19:10.640929",Active,X002-ZN01-HANDBALL-2
0,68664.9153137207,Q-07,False,407.0,0,False,SCR,False,False,False,False,False,11355.0,False,False,False,AFB,False,147-295ft W x 295-393ft L,Q300,True,0,0,False,0,True,"1101 days, 19:26:49.115422",Active,Q300-ZN03-SOCCER-1
0,2654.049118041992,Q-16,False,482.0,0,False,TNS,False,False,False,False,False,11385.0,False,False,True,NONE,False,Tennis,Q015,False,0,0,False,0,False,"221 days, 9:01:52.383762",Active,Q015-ZN07-TENNIS-14
0,1352.3996276855469,B-10,False,310.0,0,False,BKB,False,False,False,False,False,11220.0,False,False,False,NONE,False,Half Court,B052,False,0,0,True,0,False,"151 days, 0:55:59.402428",Active,B052-03-BASKETBALL-3
0,1308.9152374267578,Q-11,False,411.0,0,False,BKB,False,False,False,False,False,11361.0,False,False,False,NONE,False,Half Court,Q381,False,0,0,False,0,False,"144 days, 17:30:10.831567",Active,Q381-BASKETBALL-3
0,3896.826232910156,B-15,False,315.0,0,False,BKB,False,False,False,False,False,11229.0,False,False,False,NONE,False,Full Court,B051,False,0,0,True,0,False,"255 days, 14:35:13.699984",Active,B051-BASKETBALL-1
0,1182.9982452392578,B-06,False,306.0,0,False,HDB,False,False,False,False,False,11231.0,False,True,False,NONE,False,Handball,B126,False,0,0,False,0,False,"142 days, 9:36:16.162505",Active,B126-ZN03-HANDBALL-2
0,32493.049896240234,M-13,False,164.0,0,False,SFB,True,False,True,False,False,10025.0,False,False,False,NONE,False,"60ft base path, 150-200ft fence",M010,False,0,0,False,0,False,"671 days, 21:18:21.955972",Active,M010-ZN37-BASEBALL-5
0,68695.73263549805,B-10,False,310.0,0,False,FTB,False,True,False,False,False,11209.0,True,False,False,AFB,False,147-295ft W x 295-393ft L,B192A,True,0,0,False,0,True,"1093 days, 5:43:54.643754",Active,B192A-SOCCER-1
0,1958.6968383789065,Q-02,False,402.0,0,False,VLB,False,False,False,False,False,11101.0,False,False,False,NONE,False,Volleyball,Q471,False,0,1,False,0,False,"179 days, 1:55:18.931223",Active,Q471-VOLLEYBALL-1
0,14834.768463134766,B-14,False,314.0,0,False,SCR,False,False,False,False,False,11226.0,False,False,False,NONE,False,45-146ft W x 75-294ft L,B068,False,0,0,False,0,False,"519 days, 2:55:26.379120",Inactive,B073-ZN27-SOCCER-5
1,8720.889938354492,B-07,False,307.0,0,False,SCR,False,True,False,False,False,11232.0,True,False,False,AFB,False,45-146ft W x 75-294ft L,BT15,True,0,0,False,0,True,"405 days, 3:20:25.608731",Active,BT15-SOCCER-2
0,1379.9119567871094,R-01,False,501.0,0,False,HDB,False,False,False,False,False,10304.0,False,False,False,NONE,False,Handball,R061,False,0,0,False,0,False,"150 days, 6:28:43.331757",Closed Temporarily,R061-HANDBALL-2
0,3063.6994018554688,B-13,False,313.0,0,False,BKB,False,False,False,False,False,11224.0,False,False,False,NONE,False,Full Court,B268,False,0,0,True,0,False,"222 days, 6:17:22.158094",Active,B268-BASKETBALL-5
0,1117.4507446289062,Q-11,False,411.0,0,False,HDB,False,False,False,False,False,11361.0,False,True,False,NONE,False,Handball,Q364,False,0,0,False,0,False,"136 days, 17:58:33.305508",Active,Q364-HANDBALL-3
0,12916.577239990234,Q-10,False,410.0,0,False,SFB,True,False,True,True,False,11417.0,False,False,False,NONE,False,"60ft base path, 150-200ft fence",Q094,False,0,0,False,0,False,"417 days, 8:34:37.049340",Active,Q094-BASEBALL-3
0,974.3615264892578,M-10,False,110.0,0,False,HDB,False,False,False,False,False,10037.0,False,True,False,NONE,False,Handball,M186,False,0,0,False,0,False,"126 days, 18:43:33.231944",Active,M186-HANDBALL-1
0,1219.640396118164,X-07,False,207.0,0,False,HDB,False,False,False,False,False,10468.0,False,True,False,NONE,False,Handball,X044,False,0,0,False,0,False,"144 days, 17:16:50.216498",Active,X044-HANDBALL-6
0,1010.6167144775392,Q-06,False,406.0,0,False,BKB,False,False,False,False,False,11375.0,False,False,False,NONE,False,Half Court,Q335,False,0,0,True,0,False,"127 days, 7:33:18.230038",Active,Q335-BASKETBALL-3
0,1505.8701934814453,Q-14,False,414.0,0,False,BKB,False,False,False,False,False,11694.0,False,False,False,NONE,False,Half Court,Q389,False,0,0,False,0,False,"155 days, 17:49:00.881559",Active,Q389-BASKETBALL-8
0,1456.1613464355469,M-08,False,108.0,0,False,HDB,False,False,False,False,False,10021.0,False,True,False,NONE,False,Handball,M045,False,0,0,False,0,False,"153 days, 5:01:43.771367",Active,M045-HANDBALL-4
0,3186.8031158447266,X-12,False,212.0,0,False,TNS,False,False,False,False,False,10467.0,False,False,False,NONE,False,,X169,False,0,0,False,0,False,"237 days, 0:27:50.553292",Inactive,X169-TENNIS-1
0,2757.855239868164,M-11,False,111.0,0,False,TNS,False,False,False,False,False,10035.0,False,False,True,NONE,True,Tennis,M104,False,0,0,False,0,False,"225 days, 22:55:26.407770",Active,M104-ZN02-TENNIS-19
0,25704.18789672852,M-13,False,164.0,0,False,SFB,True,False,True,False,False,10024.0,False,False,False,NONE,False,"60ft base path, 150-200ft fence",M010,False,0,0,False,0,False,"587 days, 21:20:59.248460",Active,M010-ZN27-BASEBALL-3
0,14570.880432128906,B-18,False,318.0,0,True,SFB,True,False,True,False,False,11234.0,False,False,False,NONE,False,"60ft base path, 150-200ft fence",B057,False,0,0,False,0,False,"442 days, 12:31:27.692742",Active,B057-05-BASEBALL-1
0,5754.374069213867,X-14,False,227.0,0,False,TNS,False,False,False,False,False,10462.0,False,False,False,NONE,False,,X002,False,0,0,False,0,False,"324 days, 14:28:39.095002",Inactive,X002-ZN01-TENNIS-2
0,2754.8116455078125,B-10,False,310.0,0,False,PKB,False,False,False,False,False,11209.0,False,False,False,NONE,False,Tennis,B210W,False,0,0,False,0,False,"226 days, 7:43:00.886099",Active,B210W-03-TENNIS-6
0,2810.254852294922,M-09,False,109.0,0,False,BKB,False,False,False,False,False,10027.0,False,False,False,NONE,False,Full Court,M205,False,0,0,True,0,False,"220 days, 13:04:58.295496",Active,M205-BASKETBALL-1
0,1157.3185729980469,X-15,False,228.0,0,False,HDB,False,False,False,False,False,10464.0,False,True,False,NONE,False,Handball,X039,False,0,0,False,0,False,"141 days, 20:00:21.340978",Active,X039-ZN17-HANDBALL-5
0,1077.5780181884766,X-04,False,204.0,0,False,HDB,False,False,False,False,False,10451.0,False,True,False,NONE,False,Handball,X030,False,0,0,False,0,False,"134 days, 20:32:12.614693",Active,X030-01-HANDBALL-2
0,7468.30517578125,Q-07,False,407.0,0,False,SFB,False,False,True,False,False,11357.0,False,False,False,NONE,False,"45-60ft base path, less than 150ft fence",Q343,False,0,0,False,0,False,"320 days, 22:05:55.646635",Active,Q343-SOFTBALL-1
0,1597.684585571289,M-06,False,106.0,0,False,BKB,False,False,False,False,False,10010.0,False,False,False,NONE,False,Half Court,M227,False,0,0,True,0,False,"161 days, 6:48:16.754774",Active,M227-BASKETBALL-1
0,3153.199584960937,R-02,False,502.0,0,False,BKB,False,False,False,False,False,10314.0,False,False,False,NONE,False,Full Court,R045,False,0,0,True,0,False,"234 days, 13:00:09.420045",Active,R045-01-BASKETBALL-2
0,1107.684555053711,Q-08,False,408.0,0,False,HDB,False,False,False,False,False,11365.0,False,True,False,NONE,False,Handball,Q344,False,0,0,False,0,False,"136 days, 15:34:56.651196",Active,Q344-HANDBALL-2
0,1246.878890991211,M-09,False,109.0,0,False,HDB,False,False,False,False,False,10031.0,False,True,False,NONE,False,Handball,M223,False,0,0,False,0,False,"147 days, 7:04:29.950950",Active,M223-HANDBALL-6
0,1566.5772705078125,X-03,False,203.0,0,False,HDB,False,False,False,False,False,10457.0,False,False,False,NONE,False,Handball,X010,False,0,0,False,0,False,"159 days, 2:56:06.858239",Inactive,X010-ZN03-HANDBALL-21
0,2885.935256958008,M-06,False,106.0,0,False,TNS,False,False,False,False,False,10010.0,False,False,True,NONE,False,Tennis,M227,False,0,0,False,0,False,"230 days, 21:58:38.791025",Active,M227-TENNIS-2
0,1954.927993774414,Q-03,False,403.0,0,False,BKB,False,False,False,False,False,11368.0,False,False,False,NONE,False,Half Court,Q415,False,0,0,True,0,False,"177 days, 7:22:37.706925",Removed,Q415-BASKETBALL-6
1,8725.05207824707,Q-01,False,401.0,0,False,MPPA,False,True,False,False,False,11105.0,False,False,False,AFB,False,45-146ft W x 75-294ft L,Q395,True,0,0,False,0,True,"380 days, 11:39:17.038093",Active,Q395-HOCKEY-1
0,1394.6139373779297,M-10,False,110.0,0,False,HDB,False,False,False,False,False,10026.0,False,False,False,NONE,False,Handball,M198,False,0,0,False,0,False,"151 days, 23:53:58.228641",Active,M198-HANDBALL-2
0,882.0221557617188,B-01,False,301.0,0,False,HDB,False,False,False,False,False,11211.0,False,True,False,NONE,False,Handball,B405,False,0,0,False,0,False,"121 days, 11:22:03.346718",Active,B405-HANDBALL-2
0,1215.7594299316406,B-03,False,303.0,0,False,HDB,False,False,False,False,False,11216.0,False,True,False,NONE,False,Handball,B262,False,0,0,False,0,False,"141 days, 9:49:20.511142",Active,B262-HANDBALL-4
0,3376.1126861572266,M-08,False,108.0,0,False,BKB,False,False,False,False,False,10028.0,False,False,False,NONE,False,Full Court,M081,False,0,0,True,0,False,"233 days, 20:10:29.131654",Active,M081-ZN01-BASKETBALL-1
0,2948.444091796875,X-13,False,226.0,0,False,TNS,False,False,False,False,False,10470.0,False,False,True,NONE,False,Tennis,X092,False,0,0,False,0,False,"229 days, 23:46:06.557407",Inactive,X092-ZN11-TENNIS-1
0,3969.018829345703,Q-12,False,412.0,0,False,BKB,False,False,False,False,False,11434.0,False,False,False,NONE,False,Full Court,Q005,False,0,0,False,0,False,"261 days, 7:16:05.968264",Inactive,Q005-05-BASKETBALL-4
0,1198.8802032470703,B-15,False,315.0,0,False,HDB,False,False,False,False,False,11235.0,False,True,False,NONE,False,Handball,B109,False,0,0,False,0,False,"143 days, 18:06:50.240836",Active,B109-HANDBALL-2
0,1506.4075469970703,M-02,False,102.0,0,False,BKB,False,False,False,False,False,10014.0,False,False,False,NONE,False,Half Court,M237,False,0,0,True,0,False,"156 days, 12:29:58.872829",Active,M237-BASKETBALL-4
0,2873.1653594970703,B-17,False,317.0,0,False,BKB,False,False,False,False,False,11210.0,False,False,False,NONE,False,Full Court,B250,False,0,0,True,0,False,"215 days, 13:30:33.351106",Active,B250-BASKETBALL-3
0,1093.5823822021484,M-11,False,111.0,0,False,HDB,False,False,False,False,False,10029.0,False,False,False,NONE,False,Handball,M183,False,0,0,False,0,False,"133 days, 15:54:36.578381",Active,M183-HANDBALL-3
0,4763.684539794922,Q-02,False,402.0,0,False,BKB,False,False,False,False,False,11377.0,False,False,False,NONE,False,Full Court,Q031,False,0,0,True,0,False,"289 days, 16:24:59.910422",Active,Q031-BASKETBALL-2
0,4078.9502868652335,Q-14,False,414.0,0,False,BKB,False,False,False,False,False,11691.0,False,False,False,NONE,False,Full Court,Q162J01,False,0,0,True,0,False,"265 days, 20:17:19.094369",Active,Q162J01-BASKETBALL-1
0,12250.741638183594,M-06,False,106.0,0,False,SFB,True,False,True,False,False,10010.0,False,False,False,NONE,False,"60ft base path, 150-200ft fence",M227,False,0,0,False,0,False,"423 days, 20:49:34.777188",Active,M227-BASEBALL-1
0,1415.8466339111328,B-08,False,308.0,0,False,HDB,False,False,False,False,False,11213.0,False,True,False,NONE,False,Handball,B364,False,0,0,False,0,False,"152 days, 0:11:33.869149",Active,B364-HANDBALL-2
0,1561.702392578125,X-01,False,201.0,0,False,BKB,False,False,False,False,False,10451.0,False,False,False,NONE,False,Half Court,X155,False,0,0,False,0,False,"158 days, 10:07:34.456992",Inactive,X155-BASKETBALL-4
0,1097.1062622070312,Q-12,False,412.0,0,False,HDB,False,False,False,False,False,11423.0,False,True,False,NONE,False,Handball,Q359,False,0,0,False,0,False,"135 days, 9:28:15.832037",Active,Q359-HANDBALL-2
0,49290.48327636719,X-14,False,227.0,0,False,SCR,False,False,False,False,False,10467.0,False,False,False,NONE,False,45-146ft W x 75-294ft L,X002,False,0,0,False,0,True,"911 days, 22:48:37.332517",Active,X002-ZN04-SOCCER-1
0,4381.96142578125,X-12,False,212.0,0,False,BKB,False,False,False,False,False,10469.0,False,False,False,NONE,False,Full Court,X196,False,0,0,True,0,False,"273 days, 17:53:21.737272",Active,X196-BASKETBALL-2
0,2875.266540527344,R-01,False,501.0,0,False,TNS,False,False,False,False,False,10301.0,False,False,True,NONE,False,Tennis,R022,False,0,0,False,0,False,"230 days, 3:06:17.723478",Active,R022-04-TENNIS-4
0,61333.33479309082,X-10,False,210.0,0,False,SCR,False,False,False,False,False,10465.0,False,False,False,NONE,False,45-146ft W x 75-294ft L,X126,False,0,0,False,0,True,"1006 days, 8:24:48.699970",Active,X126-ZN02-SOCCER-6
0,1097.9806060791016,B-18,False,318.0,0,False,BOC,False,False,False,False,False,11234.0,False,False,False,NONE,False,Bocce,B291,False,0,0,False,0,False,"193 days, 21:41:51.801149",Active,B291-BOCCE-1
0,1313.361557006836,B-08,False,308.0,0,False,HDB,False,False,False,False,False,11213.0,False,True,False,NONE,True,Handball,B245,False,0,0,False,0,False,"147 days, 6:51:30.014051",Active,B245-HANDBALL-7
0,2820.1105346679688,Q-07,False,407.0,0,False,TNS,False,False,False,False,False,11354.0,False,False,True,NONE,False,Tennis,Q086,False,0,0,False,0,False,"228 days, 23:28:31.462801",Active,Q086-TENNIS-1
0,1755.8207244873047,Q-13,False,413.0,0,False,HDB,False,False,False,False,False,11004.0,False,True,False,NONE,False,Handball,Q352,False,0,0,False,0,False,"172 days, 20:12:09.899504",Active,Q352-HANDBALL-2
0,54694.08506774902,M-11,False,111.0,0,False,SCR,False,False,False,False,False,10035.0,False,False,False,NONE,False,147-295ft W x 295-393ft L,M104,True,0,0,False,0,True,"966 days, 3:27:14.540734",Active,M107-ZN06-SOCCER-5
0,984.8592681884766,R-02,False,502.0,0,False,HDB,False,False,False,False,False,10306.0,False,True,False,NONE,False,Handball,R038A,False,0,0,False,0,False,"126 days, 12:40:42.451720",Active,R038A-HANDBALL-1
0,982.5313720703124,Q-12,False,412.0,0,False,HDB,False,False,False,False,False,11433.0,False,False,False,NONE,False,Handball,Q127,False,0,0,False,0,False,"126 days, 20:55:07.187991",Inactive,Q127-HANDBALL-8
0,1021.4454040527344,Q-10,False,410.0,0,False,HDB,False,False,False,False,False,11420.0,False,True,False,NONE,False,Handball,Q092,False,0,0,False,0,False,"130 days, 8:51:19.052323",Active,Q092-HANDBALL-4
0,1335.0286712646484,B-07,False,307.0,0,False,HDB,False,False,False,False,False,11220.0,False,True,False,NONE,False,Handball,B210A,False,0,0,False,0,False,"150 days, 0:11:37.915947",Active,B210A-HANDBALL-5
0,1164.3116149902344,X-11,False,211.0,0,False,BKB,False,False,False,False,False,10469.0,False,False,False,NONE,False,Half Court,X172,False,0,0,False,0,False,"136 days, 12:35:25.646206",Active,X172-BASKETBALL-7
0,1465.332260131836,B-16,False,316.0,0,False,HDB,False,False,False,False,False,11212.0,False,True,False,NONE,False,Handball,B362,False,0,0,False,0,False,"154 days, 1:32:14.660953",Active,B362-HANDBALL-2
0,7063.182907104492,M-03,False,103.0,0,False,,False,False,False,False,False,10013.0,False,False,False,NONE,False,,M015,False,0,0,False,0,False,"309 days, 16:09:36.156127",Inactive,M015-BASEBALL-1
0,2654.0213012695312,Q-16,False,482.0,0,False,TNS,False,False,False,False,False,11385.0,False,False,True,NONE,False,Tennis,Q015,False,0,0,False,0,False,"221 days, 9:00:23.013917",Active,Q015-ZN07-TENNIS-12
0,1245.6648864746094,X-02,False,202.0,0,False,BKB,False,False,False,False,False,10459.0,False,False,False,NONE,False,Half Court,X029,False,0,0,True,0,False,"141 days, 14:57:05.404962",Removed,X029-BASKETBALL-2
0,3525.975234985352,M-12,False,112.0,0,False,BKB,False,False,False,False,False,10031.0,False,False,False,NONE,False,Full Court,M028,False,0,0,True,0,False,"249 days, 0:36:04.267982",Active,M028-BASKETBALL-1
0,1622.8856353759766,Q-08,False,408.0,0,False,HDB,False,False,False,False,False,11367.0,False,True,False,NONE,False,Handball,Q329,False,0,0,False,0,False,"169 days, 2:04:02.891687",Active,Q329-HANDBALL-5
0,2742.346099853516,M-13,False,164.0,0,False,TNS,False,False,False,False,False,10024.0,False,False,True,NONE,False,Tennis,M010,False,0,0,False,0,False,"226 days, 3:10:40.827861",Active,M010-ZN34-TENNIS-14
0,4840.681884765625,M-03,False,103.0,0,False,BKB,False,False,False,False,False,10013.0,False,False,False,NONE,False,Full Court,M015,False,0,0,True,0,False,"290 days, 1:41:59.937858",Active,M015-BASKETBALL-1
0,840.4475860595703,B-01,False,301.0,0,False,HDB,False,False,False,False,False,11211.0,False,True,False,NONE,False,Handball,,False,0,0,False,0,False,"120 days, 23:16:46.973461",Active,B223OB-HANDBALL-3
0,3696.026245117188,B-01,False,301.0,0,False,BKB,False,False,False,False,False,11211.0,False,False,False,NONE,False,Full Court,B154,False,0,0,True,0,False,"254 days, 8:23:14.169309",Active,B154-BASKETBALL-1
0,95220.77821350098,B-10,False,310.0,0,False,BSB,True,False,True,True,False,11228.0,False,False,False,NONE,False,"90ft base path, 200+ft fence",B028,False,0,0,False,0,False,"1146 days, 8:53:00.567622",Active,B028-ZN01-BASEBALL-1
0,1551.809112548828,X-04,False,204.0,0,False,BKB,False,False,False,False,False,10456.0,False,False,False,NONE,False,Half Court,X219,False,0,0,False,0,False,"160 days, 20:35:56.875330",Active,X219-BASKETBALL-4
0,4009.485809326172,Q-14,False,414.0,0,False,BKB,False,False,False,False,False,11692.0,False,False,False,NONE,False,Full Court,Q162F,False,0,0,False,0,False,"270 days, 14:03:53.698429",Inactive,Q162F-BASKETBALL-2
0,2899.886367797852,M-08,False,108.0,0,False,TNS,False,False,False,False,False,10065.0,False,False,True,NONE,False,,M079,False,0,0,False,0,False,"230 days, 22:45:07.419749",Active,M079-TENNIS-1
0,1434.8861083984375,B-16,False,316.0,0,False,HDB,False,False,False,False,False,11233.0,False,True,False,NONE,False,Handball,B153,False,0,0,False,0,False,"152 days, 14:40:51.061842",Active,B153-HANDBALL-2
0,2849.3856048583984,X-01,False,201.0,1,False,TNS,False,False,False,False,False,10451.0,False,False,False,NONE,False,Tennis,X210,False,0,0,False,0,False,"228 days, 18:32:48.116938",Active,X210-TENNIS-1
0,1303.5907440185547,B-12,False,312.0,0,False,BKB,False,False,False,False,False,11204.0,False,False,False,NONE,False,,B042,False,0,0,False,0,False,"147 days, 4:42:45.417406",Inactive,B042-01-BASKETBALL-2
0,44775.61637878418,X-03,False,203.0,0,False,SFB,False,False,True,False,False,10456.0,False,False,False,NONE,False,"60ft base path, 150-200ft fence",X166,False,0,0,False,0,False,"800 days, 21:20:14.061638",Active,X166-BASEBALL-1
0,979.6163177490234,B-15,False,315.0,0,False,BOC,False,False,False,False,False,11223.0,False,False,False,NONE,False,Bocce,B244,False,0,0,False,0,False,"182 days, 12:43:26.245955",Active,B244-BOCCE-2
0,2624.0418548583984,B-18,False,318.0,0,False,BKB,False,False,False,False,False,11234.0,False,False,False,NONE,False,Full Court,B236,False,0,0,False,0,False,"209 days, 0:19:58.317679",Active,B236-BASKETBALL-3
0,41439.18544006348,M-11,False,111.0,0,False,SFB,True,False,True,False,False,10035.0,False,False,False,NONE,False,"60ft base path, 150-200ft fence",M104,False,0,0,False,0,False,"801 days, 6:25:40.807343",Active,M104-ZN02-BASEBALL-14
0,937.0613861083984,Q-14,False,414.0,0,False,HDB,False,False,False,False,False,11691.0,False,True,False,NONE,False,Handball,Q007,False,0,0,False,0,False,"127 days, 8:06:45.006049",Active,Q007-01-HANDBALL-1
0,3046.724838256836,Q-06,False,406.0,0,False,BKB,False,False,False,False,False,11375.0,False,False,False,NONE,False,Full Court,Q348,False,0,0,True,0,False,"226 days, 9:35:11.414545",Active,Q348-BASKETBALL-1
0,2318.933853149414,M-03,False,103.0,0,False,VLB,False,False,False,False,False,10013.0,False,False,False,NONE,False,Volleyball,M015,False,0,1,False,0,False,"203 days, 6:54:01.241952",Active,M015-VOLLEYBALL-6
0,1170.5199584960938,M-10,False,110.0,0,False,HDB,False,False,False,False,False,10039.0,False,True,False,NONE,False,Handball,M014,False,0,0,False,0,False,"140 days, 20:10:50.785071",Active,M014-02-HANDBALL-1
0,3709.362747192383,R-02,False,502.0,0,False,BKB,False,False,False,False,False,10305.0,False,False,False,NONE,False,Full Court,R063,False,0,0,True,0,False,"248 days, 2:33:37.110769",Active,R063-BASKETBALL-2
0,2714.1383666992188,X-07,False,205.0,0,False,BKB,False,False,False,False,False,10453.0,False,False,False,NONE,False,Full Court,X001A,False,0,0,True,0,False,"213 days, 23:18:06.857535",Active,X001A-01-BASKETBALL-2
0,1470.9409942626953,Q-14,False,414.0,0,False,HDB,False,False,False,False,False,11693.0,False,True,False,NONE,True,Handball,Q460,False,0,0,False,0,False,"154 days, 11:15:57.569358",Active,Q460-HANDBALL-6
0,1484.931671142578,B-18,False,318.0,0,False,HDB,False,False,False,False,False,11234.0,False,True,False,NONE,False,Handball,B324,False,0,0,False,0,False,"155 days, 5:24:46.258469",Active,B324-HANDBALL-1
0,1402.0298309326172,B-02,False,302.0,0,False,HDB,False,False,False,False,False,11201.0,False,True,False,NONE,False,Handball,B021,False,0,0,False,0,False,"152 days, 13:02:16.098596",Active,B021-HANDBALL-1
0,2790.1443634033203,Q-15,False,481.0,0,False,TNS,False,False,False,False,False,11368.0,False,False,True,NONE,False,Tennis,Q099,False,0,0,False,0,False,"227 days, 18:35:05.487297",Active,Q099-ZN10-TENNIS-3
0,53030.50428771973,Q-11,False,411.0,0,False,BSB,True,False,True,True,False,11361.0,False,False,False,NONE,False,"90ft base path, 200+ft fence",Q012,False,0,0,False,0,False,"839 days, 17:51:40.194747",Active,Q012-ZN03-BASEBALL-1
0,1424.5612487792969,X-03,False,203.0,0,False,HDB,False,False,False,False,False,10457.0,False,True,False,NONE,False,Handball,X010,False,0,0,False,0,False,"153 days, 1:16:28.121198",Active,X010-07-HANDBALL-4
0,1776.3901824951172,M-03,False,103.0,0,False,BKB,False,False,False,False,False,10013.0,False,False,False,NONE,False,Half Court,M015,False,0,0,True,0,False,"170 days, 7:18:49.774866",Active,M015-BASKETBALL-3
0,1626.815399169922,Q-14,False,414.0,0,False,HDB,False,False,False,False,False,11691.0,False,True,False,NONE,False,Handball,Q407,False,0,0,False,0,False,"161 days, 22:36:18.142934",Active,Q407-HANDBALL-1
0,3625.753890991211,R-02,False,502.0,0,False,SFB,True,False,True,False,False,10306.0,False,False,False,NONE,False,"45-60ft base path, less than 150ft fence",R038A,False,0,0,False,0,False,"240 days, 20:44:09.103485",Active,R038A-BASEBALL-3
0,1281.5052795410156,X-04,False,204.0,0,False,HDB,False,False,False,False,False,10452.0,False,True,False,NONE,False,Handball,X153,False,0,0,False,0,False,"144 days, 19:43:11.959841",Active,X153-02-HANDBALL-2
0,1267.5257415771484,Q-01,False,401.0,0,False,HDB,False,False,False,False,False,11377.0,False,True,False,NONE,False,Handball,Q174A,False,0,0,False,0,False,"143 days, 14:02:42.227320",Active,Q174A-HANDBALL-3
0,1637.7644348144531,B-06,False,306.0,0,False,HDB,False,False,False,False,False,11217.0,False,True,False,NONE,False,Handball,B145,False,0,0,False,0,False,"163 days, 12:45:32.044180",Active,B145-HANDBALL-4
0,4079.291305541992,R-01,False,501.0,0,False,BKB,False,False,False,False,False,10301.0,False,False,False,NONE,False,Full Court,R069,False,0,0,True,0,False,"262 days, 6:57:09.856757",Active,R069-BASKETBALL-2
0,1759.6248168945312,B-02,False,302.0,0,False,VLB,False,False,False,False,False,11201.0,False,False,False,NONE,False,Volleyball,B431,False,0,0,False,0,False,"181 days, 10:20:41.945374",Inactive,B431-VOLLEYBALL-3
0,1752.1680755615234,X-03,False,203.0,0,False,HDB,False,False,False,False,False,10457.0,False,True,False,NONE,False,Handball,X010,False,0,0,False,0,False,"176 days, 22:03:43.994318",Active,X010-05-HANDBALL-12
0,37618.47052001953,R-02,False,595.0,0,False,SFB,True,False,True,False,False,10305.0,False,False,False,NONE,False,"60ft base path, 150-200ft fence",R046,False,0,0,False,0,False,"708 days, 8:17:41.845706",Active,R046-ZN01-BASEBALL-1
0,2685.1792602539062,M-11,False,111.0,0,False,TNS,False,False,False,False,False,10035.0,False,False,False,NONE,False,,M225,False,0,0,False,0,False,"223 days, 23:39:56.104465",Removed,M225-TENNIS-1
0,28687.71388244629,R-01,False,501.0,0,False,FTB,False,True,False,False,False,10303.0,False,False,False,NONE,False,45-146ft W x 75-294ft L,R068,True,0,0,False,0,True,"694 days, 18:57:37.966169",Closed Temporarily,R068-FOOTBALL-1
0,3758.106964111328,X-11,False,211.0,0,False,BKB,False,False,False,False,False,10469.0,False,False,False,NONE,False,Half Court,X157,False,0,0,True,0,False,"259 days, 3:13:00.622212",Active,X157-BASKETBALL-1
0,40232.227600097656,Q-05,False,405.0,0,False,SFB,True,False,True,False,False,11379.0,False,False,False,NONE,False,"60ft base path, 150-200ft fence",Q102,False,0,0,False,0,False,"747 days, 14:11:35.306464",Active,Q102-ZN02-BASEBALL-1
0,1098.886459350586,X-07,False,207.0,0,False,BKB,False,False,False,False,False,10463.0,False,False,False,NONE,False,Half Court,X175,False,0,0,False,0,False,"133 days, 5:55:53.400606",Archived,X175-BASKETBALL-1
0,3397.818145751953,B-10,False,310.0,0,False,BKB,False,False,False,False,False,11228.0,False,False,False,NONE,False,Full Court,B028,False,0,0,True,0,False,"240 days, 19:20:29.636596",Active,B028-03-BASKETBALL-1
0,2226.6692810058594,B-02,False,302.0,0,False,BKB,False,False,False,False,False,11201.0,False,False,False,NONE,False,Full Court,,False,0,0,True,0,False,"194 days, 3:33:21.391916",Active,B223D-BASKETBALL-1
0,2747.655334472656,Q-10,False,410.0,0,False,TNS,False,False,False,False,False,11417.0,False,False,False,NONE,False,Tennis,Q414,False,0,0,False,0,False,"226 days, 9:30:26.804154",Active,Q414-TENNIS-2
0,1184.1383819580078,B-09,False,309.0,0,False,HDB,False,False,False,False,False,11203.0,False,True,False,NONE,False,Handball,B254,False,0,0,False,0,False,"142 days, 6:24:42.389664",Active,B254-HANDBALL-1
0,22660.10423278809,B-12,False,312.0,0,False,SFB,True,False,True,False,False,11204.0,False,False,False,NONE,False,"60ft base path, 150-200ft fence",B042,False,0,0,False,0,False,"566 days, 0:03:04.862851",Active,B042-01-BASEBALL-1
0,2757.8684997558594,M-11,False,111.0,0,False,TNS,False,False,False,False,False,10035.0,False,False,True,NONE,True,Tennis,M104,False,0,0,False,0,False,"225 days, 22:55:56.008953",Active,M104-ZN02-TENNIS-13
0,1011.5496520996094,X-14,False,226.0,0,False,BOC,False,False,False,False,True,10470.0,False,False,False,NONE,False,Bocce,X002,False,0,0,False,0,False,"187 days, 0:37:33.726740",Active,X002-ZN05-BOCCE-2
0,1648.9955596923828,B-05,False,305.0,0,False,HDB,False,False,False,False,False,11208.0,False,True,False,NONE,False,Handball,B163,False,0,0,False,0,False,"163 days, 5:20:16.303147",Active,B163-HANDBALL-1
0,1253.5390167236328,B-16,False,316.0,0,False,HDB,False,False,False,False,False,11212.0,False,True,False,NONE,False,Handball,B249,False,0,0,False,0,False,"146 days, 11:02:06.416130",Active,B249-HANDBALL-2
0,996.7173767089844,Q-04,False,404.0,0,False,HDB,False,False,False,False,False,11373.0,False,True,False,NONE,False,Handball,Q360N,False,0,0,False,0,False,"129 days, 3:45:03.924186",Active,Q360N-HANDBALL-4
0,2731.357482910156,B-03,False,303.0,0,False,TNS,False,False,False,False,False,11233.0,False,False,True,NONE,False,Tennis,B294,False,0,0,False,0,False,"225 days, 3:47:25.509901",Active,B294-TENNIS-3
0,1912.8695068359373,B-04,False,304.0,0,False,VLB,False,False,False,False,False,11237.0,False,False,False,NONE,False,Volleyball,B016,False,0,1,False,0,False,"183 days, 17:25:34.107734",Active,B016-VOLLEYBALL-1
0,1165.9336395263672,Q-16,False,482.0,0,False,HDB,False,False,False,False,False,11421.0,False,True,False,NONE,False,Handball,Q015,False,0,0,False,0,False,"141 days, 11:53:34.137188",Active,Q015-ZN04-HANDBALL-7
0,1274.9962463378906,Q-09,False,409.0,0,False,HDB,False,False,False,False,False,11416.0,False,True,False,NONE,False,Handball,Q128,False,0,0,False,0,False,"146 days, 12:57:07.469006",Active,Q128-HANDBALL-4
0,1976.1094207763672,M-08,False,108.0,0,False,BKB,False,False,False,False,False,10021.0,False,False,False,NONE,False,Half Court,M045,False,0,0,True,0,False,"178 days, 21:23:34.812413",Active,M045-BASKETBALL-2
0,1054.8945770263672,B-18,False,318.0,0,False,HDB,False,False,False,False,False,11234.0,False,True,False,NONE,False,Handball,B057,False,0,0,False,0,False,"135 days, 4:07:04.333957",Active,B057-04-HANDBALL-5
0,18823.456649780277,M-04,False,104.0,0,False,SCR,False,True,False,False,False,10019.0,True,False,False,NONE,True,45-146ft W x 75-294ft L,M022,False,0,0,False,0,True,"552 days, 3:53:57.671332",Active,M022-SOCCER-2
0,1376.9955291748047,B-13,False,313.0,0,False,HDB,False,False,False,False,False,11224.0,False,True,False,NONE,False,Handball,B129,False,0,0,False,0,False,"151 days, 22:56:29.186714",Active,B129-ZN01-HANDBALL-13
0,3158.123107910156,X-04,False,204.0,0,False,BKB,False,False,False,False,False,10452.0,False,False,False,NONE,False,Full Court,X153,False,0,0,True,0,False,"228 days, 4:38:13.449232",Active,X153-01-BASKETBALL-1
0,1283.3156280517578,X-02,False,202.0,0,False,HDB,False,False,False,False,False,10455.0,False,True,False,NONE,False,Handball,X179,False,0,0,False,0,False,"145 days, 5:40:25.714804",Active,X179-HANDBALL-1
0,4045.630279541016,B-15,False,315.0,0,False,BKB,False,False,False,False,False,11235.0,False,False,False,NONE,False,Full Court,B239,False,0,0,False,0,False,"263 days, 21:09:27.018920",Inactive,B239-BASKETBALL-4
0,904.451171875,Q-13,False,413.0,0,False,BKB,False,False,False,False,False,11411.0,False,False,False,NONE,False,Half Court,Q307,False,0,0,False,0,False,"121 days, 15:34:34.407138",Active,Q307-BASKETBALL-3
0,57455.34809875488,M-11,False,111.0,0,False,SCR,False,False,False,False,False,10035.0,False,False,False,NONE,True,147-295ft W x 295-393ft L,M104,True,0,0,False,0,True,"981 days, 2:54:03.778270",Inactive,M104-ZN01-SOCCER-2
0,1392.3409881591797,M-10,False,110.0,0,False,HDB,False,False,False,False,False,10039.0,False,True,False,NONE,False,Handball,M159,False,0,0,False,0,False,"152 days, 18:30:42.195604",Active,M159-HANDBALL-2
0,49957.26351928711,B-18,False,318.0,0,False,CRK,False,False,False,False,False,11236.0,False,False,False,NONE,False,60 ft Cricket Pitch,B018,False,0,0,False,0,False,"839 days, 4:46:28.051539",Inactive,B018-ZN01-CRICKET-3
0,2796.321533203125,Q-12,False,412.0,0,False,TNS,False,False,False,False,False,11434.0,False,False,True,NONE,False,Tennis,Q005,False,0,0,False,0,False,"227 days, 7:05:54.638249",Active,Q005-06-TENNIS-2
0,2684.214736938477,B-11,False,311.0,0,False,BKB,False,False,False,False,False,11214.0,False,False,False,NONE,False,Full Court,B277,False,0,0,False,0,False,"212 days, 18:23:42.288739",Inactive,B277-BASKETBALL-1
0,3824.487075805664,Q-06,False,406.0,0,False,BKB,False,False,False,False,False,11374.0,False,False,False,NONE,False,Full Court,Q357B,False,0,0,True,0,False,"252 days, 12:15:51.820395",Active,Q357B-BASKETBALL-2
0,2819.322631835937,M-15,False,103.0,0,False,TNS,False,False,False,False,False,10002.0,False,False,True,NONE,False,Tennis,M144,False,0,0,False,0,False,"227 days, 19:26:26.988182",Active,M144-ZN03-TENNIS-9
0,2361.4317321777344,B-06,False,306.0,0,False,BKB,False,False,False,False,False,11215.0,False,False,False,NONE,False,Full Court,B111A,False,0,0,True,0,False,"198 days, 5:50:57.935480",Active,B111A-BASKETBALL-5
0,2871.9728088378906,B-05,False,305.0,0,False,TNS,False,False,False,False,False,11207.0,False,False,True,NONE,False,Tennis,B214,False,0,0,False,0,False,"230 days, 22:43:07.089295",Active,B214-01-TENNIS-2
0,1380.3558197021484,X-09,False,209.0,0,False,HDB,False,False,False,False,False,10473.0,False,True,False,NONE,False,Handball,X151,False,0,0,False,0,False,"155 days, 14:07:47.674885",Active,X151-HANDBALL-6
0,27165.49740600586,Q-12,False,412.0,0,False,BSB,False,False,False,True,False,11436.0,False,False,False,NONE,False,"90ft base path, 200+ft fence",Q220C,False,0,0,False,0,False,"609 days, 6:28:02.860770",Active,Q220C-BASEBALL-3
0,1343.1027221679688,Q-04,False,404.0,0,False,BKB,False,False,False,False,False,11368.0,False,False,False,NONE,False,Half Court,Q450,False,0,0,True,0,False,"146 days, 22:33:18.216871",Active,Q450-BASKETBALL-3
0,2806.6705017089844,X-04,False,204.0,1,False,TNS,False,False,False,False,False,10451.0,False,False,True,NONE,False,Tennis,X344,False,0,0,False,0,False,"228 days, 6:31:22.032278",Active,X344-TENNIS-8
0,2752.177993774414,Q-11,False,411.0,0,False,TNS,False,False,False,False,False,11361.0,False,False,False,NONE,False,Tennis,Q364,False,0,0,False,0,False,"224 days, 8:07:28.871014",Inactive,Q364-TENNIS-2
0,1306.0088806152344,B-18,False,318.0,0,False,HDB,False,False,False,False,False,11207.0,False,True,False,NONE,False,Handball,B247,False,0,0,False,0,False,"147 days, 15:59:24.555577",Active,B247-01-HANDBALL-1
0,109356.03718566896,M-11,False,111.0,0,False,TRK,False,False,False,False,False,10035.0,False,False,False,NONE,False,Track,M104,False,0,0,False,0,False,"2946 days, 2:48:55.399019",Active,M104-ZN03-TRACK-1
0,1369.9368591308594,X-03,False,203.0,0,False,HDB,False,False,False,False,False,10456.0,False,True,False,NONE,False,Handball,X021,False,0,0,False,0,False,"149 days, 12:32:38.273640",Active,X021-HANDBALL-2
0,3261.048553466797,X-01,False,201.0,0,False,BKB,False,False,False,False,False,10454.0,False,False,False,NONE,False,Full Court,X200,False,0,0,True,0,False,"236 days, 7:55:16.483825",Active,X200-BASKETBALL-2
0,4193.465576171875,M-03,False,103.0,0,False,BKB,False,False,False,False,False,10009.0,False,False,False,NONE,False,Full Court,M088,False,0,0,True,0,False,"268 days, 2:35:27.194918",Active,M088-BASKETBALL-1
0,37482.75227355957,X-04,False,204.0,0,False,SFB,True,False,True,True,False,10457.0,False,False,False,NONE,False,"60ft base path, 150-200ft fence",X008,False,0,0,False,0,False,"740 days, 23:58:10.280823",Active,X008-ZN02-BASEBALL-1
0,57644.4686126709,Q-12,False,412.0,0,False,FTB,False,False,False,False,False,11434.0,False,False,False,NONE,False,160 x 360ft rectangular,Q448,False,0,0,False,0,False,"1040 days, 18:38:07.506309",Inactive,Q448-ZN03-FOOTBALL-1
0,1250.328353881836,B-06,False,306.0,0,False,HDB,False,False,False,False,False,11215.0,False,True,False,NONE,False,Handball,B111A,False,0,0,False,0,False,"143 days, 0:12:46.418940",Active,B111A-HANDBALL-4
0,6149.932723999023,X-03,False,203.0,0,False,BKB,False,False,False,False,False,10456.0,False,False,False,NONE,False,Full Court,X206,False,0,0,True,0,False,"316 days, 0:15:19.749759",Active,X206-BASKETBALL-6
0,1361.9783630371094,B-18,False,318.0,0,False,HDB,False,False,False,False,False,11234.0,False,True,False,NONE,False,Handball,B291,False,0,0,False,0,False,"150 days, 8:20:11.512260",Active,B291-HANDBALL-2
0,4006.06526184082,Q-04,False,404.0,0,False,BKB,False,False,False,False,False,11368.0,False,False,False,NONE,False,Full Court,Q450,False,0,0,False,0,False,"263 days, 8:16:55.909741",Inactive,Q450-BASKETBALL-9
0,2834.591033935547,Q-12,False,412.0,0,False,TNS,False,False,False,False,False,11434.0,False,False,True,NONE,False,Tennis,Q005,False,0,0,False,0,False,"229 days, 3:33:44.601430",Active,Q005-11-TENNIS-3
0,2677.5685424804688,Q-06,False,406.0,0,False,TNS,False,False,False,False,False,11375.0,False,False,True,NONE,False,Tennis,Q335,False,0,0,False,0,False,"224 days, 6:01:53.829911",Active,Q335-TENNIS-3
0,2776.2628784179688,Q-01,False,401.0,0,False,TNS,False,False,False,False,False,11103.0,False,False,True,NONE,False,Tennis,Q014,False,0,0,False,0,False,"225 days, 18:22:17.630957",Removed,Q014-TENNIS-3
0,865.1367950439453,Q-11,False,411.0,0,False,HDB,False,False,False,False,False,11360.0,False,False,False,NONE,False,,Q387A,False,0,0,False,0,False,"120 days, 5:35:28.731976",Inactive,Q387A-HANDBALL-3
0,2864.943756103516,Q-13,False,413.0,0,False,TNS,False,False,False,False,False,11426.0,False,False,False,NONE,False,Tennis,Q327,False,0,0,False,0,False,"229 days, 8:27:18.460662",Active,Q327-TENNIS-3
0,43396.17372131348,B-18,False,318.0,0,True,SFB,True,False,True,False,False,11236.0,False,False,False,NONE,False,"60ft base path, 150-200ft fence",B018,False,0,0,False,0,False,"800 days, 19:18:30.231514",Active,B018-ZN01-BASEBALL-3
0,20595.486328125,B-10,False,310.0,0,False,SFB,True,False,True,False,False,11228.0,False,False,False,NONE,False,"60ft base path, 150-200ft fence",B060,False,0,0,False,0,False,"537 days, 17:47:58.499830",Active,B092-BASEBALL-1
0,1212.7980041503906,X-02,False,202.0,0,False,HDB,False,False,False,False,False,10474.0,False,True,False,NONE,False,Handball,X307,False,0,0,False,0,False,"143 days, 22:47:35.702999",Active,X307-HANDBALL-2
0,58161.57022094727,B-13,False,313.0,0,False,FTB,False,True,False,False,False,11224.0,True,False,False,AFB,True,160 x 360ft rectangular,B129,True,0,0,False,0,True,"1045 days, 0:33:19.585250",Active,B129-ZN02-FOOTBALL-1
0,1137.6890869140625,M-08,False,108.0,0,False,HDB,False,False,False,False,False,10065.0,False,True,False,NONE,False,Handball,M079,False,0,0,False,0,False,"139 days, 12:59:38.933819",Active,M079-HANDBALL-2
0,11434.382202148438,Q-06,False,406.0,0,False,SFB,False,False,True,False,False,11375.0,False,False,False,NONE,False,"60ft base path, 150-200ft fence",Q335,False,0,0,False,0,False,"387 days, 9:43:22.234851",Active,Q335-SOFTBALL-1
0,2579.7008056640625,X-04,False,204.0,0,False,HDB,False,False,False,False,False,10452.0,False,False,False,NONE,False,,X034,False,0,0,False,0,False,"208 days, 0:58:48.800381",Inactive,X034-HANDBALL-6
0,2765.210998535156,Q-03,False,403.0,0,False,TNS,False,False,False,False,False,11372.0,False,False,True,NONE,False,Tennis,Q502,False,0,0,False,0,False,"226 days, 10:04:02.274592",Active,Q502-TENNIS-2
0,1045.424301147461,B-01,False,301.0,0,False,HDB,False,False,False,False,False,11211.0,False,True,False,NONE,False,Handball,B142,False,0,0,False,0,False,"131 days, 2:25:09.906673",Active,B142-HANDBALL-1
0,1057.3690338134766,M-06,False,106.0,0,False,MPPA,False,False,False,False,False,10016.0,False,False,False,NONE,False,147-295ft W x 295-393ft L,M265,False,0,0,False,0,False,"130 days, 10:25:26.343167",Active,M265-FOOTBALL-1
0,65053.70831298828,X-04,False,204.0,0,False,SCR,False,False,False,False,False,10451.0,False,False,False,AFB,True,160 x 360ft rectangular,X030,True,0,0,False,0,False,"1082 days, 1:25:58.854402",Active,X030-01-SOCCER-1
0,2927.7467041015625,X-03,False,203.0,0,False,TNS,False,False,False,False,False,10457.0,False,False,True,NONE,True,Tennis,X010,False,0,0,False,0,False,"231 days, 23:43:19.675855",Active,X010-ZN03-TENNIS-4
0,2606.6104736328125,M-14,False,107.0,0,False,VLB,False,False,False,False,False,10024.0,False,False,False,NONE,False,Volleyball,M071,False,0,1,False,0,False,"217 days, 3:21:47.949588",Active,M071-18-VOLLEYBALL-2
0,2757.85466003418,M-11,False,111.0,0,False,TNS,False,False,False,False,False,10035.0,False,False,True,NONE,True,Tennis,M104,False,0,0,False,0,False,"225 days, 22:55:17.031413",Active,M104-ZN02-TENNIS-3
0,1419.4601287841797,X-06,False,206.0,0,False,HDB,False,False,False,False,False,10460.0,False,True,False,NONE,False,Handball,X266,False,0,0,False,0,False,"152 days, 13:40:57.077715",Active,X266-HANDBALL-2
0,1229.1867218017578,B-10,False,310.0,0,False,HDB,False,False,False,False,False,11228.0,False,True,False,NONE,False,Handball,B028,False,0,0,False,0,False,"142 days, 20:43:34.998745",Active,B028-ZN01-HANDBALL-6
0,30450.167541503903,R-02,False,502.0,0,False,BSB,True,False,True,True,False,10314.0,False,False,False,NONE,False,"60ft base path, 150-200ft fence",R030,False,0,0,False,0,False,"652 days, 2:28:10.233936",Active,R065-ZN08-BASEBALL-3
0,5357.360916137695,Q-13,False,413.0,0,False,SCR,False,False,False,False,False,11426.0,False,False,False,NONE,False,,,False,0,0,False,0,False,"298 days, 15:37:04.927306",Inactive,Q453-SOCCER-4
0,1175.9855194091797,X-06,False,206.0,0,False,HDB,False,False,False,False,False,10457.0,False,True,False,NONE,False,Handball,X010A,False,0,0,False,0,False,"140 days, 9:48:38.191689",Active,X010A-02-HANDBALL-2
0,1232.372589111328,Q-11,False,411.0,0,False,HDB,False,False,False,False,False,11364.0,False,True,False,NONE,False,Handball,Q293,False,0,0,False,0,False,"143 days, 13:59:44.491585",Active,Q293-HANDBALL-1
0,7552.466079711914,X-02,False,202.0,0,False,SCR,False,False,False,False,False,10459.0,False,False,False,NONE,False,Unknown,X211,False,0,0,False,0,False,"359 days, 8:45:41.195461",Inactive,X211-SOCCER-1
0,2806.6705017089844,X-04,False,204.0,1,False,TNS,False,False,False,False,False,10451.0,False,False,True,NONE,False,Tennis,X344,False,0,0,False,0,False,"228 days, 6:31:22.030897",Active,X344-TENNIS-2
0,2035.2818450927732,X-09,False,209.0,0,False,BKB,False,False,False,False,False,10472.0,False,False,False,NONE,False,Half Court,X195A,False,0,0,True,0,False,"183 days, 8:54:03.602959",Active,X195A-BASKETBALL-4
0,3235.1531982421875,B-09,False,309.0,0,False,BKB,False,False,False,False,False,11225.0,False,False,True,NONE,False,Tennis,B267,False,0,0,False,0,False,"227 days, 14:52:29.077103",Inactive,B267-BASKETBALL-1
0,1118.116928100586,Q-07,False,407.0,0,False,BKB,False,False,False,False,False,11357.0,False,False,False,NONE,True,Half Court,Q390,False,0,0,True,0,False,"131 days, 22:31:26.453647",Active,Q390-BASKETBALL-2
0,17871.24008178711,X-12,False,212.0,0,False,SFB,False,False,True,False,False,10466.0,False,False,False,NONE,False,"60ft base path, 150-200ft fence",X141,False,0,0,False,0,False,"492 days, 14:40:35.404470",Active,X141-BASEBALL-1
0,26768.46061706543,Q-01,False,401.0,0,False,,False,False,False,False,False,11377.0,False,False,False,NONE,False,,Q174A,False,0,0,False,0,False,"610 days, 0:19:22.245007",Inactive,Q174A-BASEBALL-1
0,706.3960876464844,M-08,False,108.0,0,False,BKB,False,False,False,False,False,10065.0,False,False,False,NONE,False,Half Court,M108Q,False,0,0,True,0,False,"106 days, 15:00:02.638020",Active,M108Q-BASKETBALL-3
0,3531.310607910156,B-18,False,318.0,0,False,BKB,False,False,False,False,False,11234.0,False,False,False,NONE,False,Full Court,B057,False,0,0,True,0,False,"243 days, 6:35:28.965534",Active,B057-05-BASKETBALL-1
0,2207.109619140625,M-15,False,103.0,0,False,BKB,False,False,False,False,False,10002.0,False,False,False,NONE,False,Half Court,M144,False,0,0,True,0,False,"188 days, 17:48:16.436984",Active,M144-01-BASKETBALL-1
0,3176.626480102539,M-14,False,107.0,0,False,BKB,False,False,False,False,False,10024.0,False,False,False,NONE,False,Full Court,M071,False,0,0,True,0,False,"239 days, 19:53:21.881710",Active,M071-04-BASKETBALL-3
0,2514.3991088867188,X-10,False,210.0,0,False,BKB,False,False,False,False,False,10461.0,False,False,False,NONE,False,Full Court,X170,False,0,0,True,0,False,"205 days, 23:11:11.601331",Active,X170-BASKETBALL-1
0,5776.727767944336,X-14,False,227.0,0,False,TNS,False,False,False,False,False,10462.0,False,False,False,NONE,False,,X002,False,0,0,False,0,False,"326 days, 14:09:18.217598",Inactive,X002-ZN01-TENNIS-5
0,19165.141693115234,M-03,False,103.0,0,False,SCR,False,True,False,False,False,10002.0,True,False,False,AFB,False,147-295ft W x 295-393ft L,M105,True,0,0,False,0,True,"571 days, 2:51:49.896229",Active,M105-SOCCER-2
0,2966.320281982422,B-07,False,307.0,0,False,BKB,False,False,False,False,False,11220.0,False,False,False,NONE,False,Full Court,B210J,False,0,0,True,0,False,"224 days, 8:00:52.759717",Active,B210J-BASKETBALL-1
0,2590.5892181396484,M-10,False,110.0,0,False,BKB,False,False,False,False,False,10039.0,False,False,False,NONE,False,Full Court,M141,False,0,0,False,0,False,"209 days, 13:24:49.645703",Active,M141-BASKETBALL-2
0,5428.843444824219,X-07,False,207.0,0,False,HKY,False,False,False,False,False,10467.0,False,False,False,NONE,False,,X104,False,0,0,False,0,False,"305 days, 2:39:19.592723",Inactive,X104-01-HOCKEY-1
0,2367.0464630126958,B-04,False,304.0,0,False,BKB,False,False,False,False,False,11207.0,False,False,False,NONE,False,Full Court,B131,False,0,0,False,0,False,"199 days, 22:16:16.757583",Inactive,B131-BASKETBALL-1
0,2862.35888671875,X-13,False,226.0,0,False,TNS,False,False,False,False,False,10471.0,False,False,True,NONE,False,Tennis,X092,False,0,0,False,0,False,"229 days, 7:50:50.074565",Active,X092-ZN04-TENNIS-1
0,538.0563507080078,X-03,False,203.0,0,False,BKB,False,False,False,False,False,10457.0,False,False,False,NONE,False,Half Court,X010,False,0,0,False,0,False,"94 days, 18:18:19.178535",Active,X010-11-BASKETBALL-3
0,4652.127304077148,B-13,False,313.0,0,False,BKB,False,False,False,False,False,11224.0,False,False,False,NONE,True,Full Court,B129,False,0,0,True,0,False,"289 days, 19:12:40.841949",Active,B129-ZN01-BASKETBALL-3
0,2056.653045654297,B-18,False,318.0,0,False,VLB,False,False,False,False,False,11236.0,False,False,False,NONE,False,,B335,False,0,0,False,0,False,"198 days, 4:06:17.874008",Inactive,B335-VOLLEYBALL-2
1,24148.877487182617,B-03,False,303.0,0,False,MPPA,False,True,False,False,False,11216.0,False,False,False,AFB,False,147-295ft W x 295-393ft L,B323,True,0,0,False,0,True,"622 days, 10:32:02.756843",Active,B323-BASEBALL-1
0,93575.80743408205,X-10,False,210.0,0,False,BSB,False,False,False,False,False,10465.0,False,False,False,NONE,False,"60ft base path, 150-200ft fence",X126,False,0,0,False,0,False,"1127 days, 16:39:23.814408",Inactive,X126-ZN02-BASEBALL-1
0,32681.619842529297,Q-07,False,407.0,0,False,SFB,True,False,True,False,False,11354.0,False,False,False,NONE,False,"60ft base path, 150-200ft fence",Q086,False,0,0,False,0,False,"687 days, 2:38:39.649631",Active,Q086-BASEBALL-1
0,11193.762664794922,Q-08,False,408.0,0,False,SFB,False,False,True,False,False,11364.0,False,False,False,NONE,False,"60ft base path, 150-200ft fence",Q021,False,0,0,False,0,False,"389 days, 23:12:24.413098",Active,Q021-ZN03-BASEBALL-16
0,1013.8279113769532,M-04,False,104.0,0,False,HDB,False,False,False,False,False,10001.0,False,True,False,NONE,False,Handball,M011,False,0,0,False,0,False,"130 days, 2:46:06.039907",Active,M011-HANDBALL-2
0,1230.5190887451172,Q-05,False,405.0,0,False,HDB,False,False,False,False,False,11385.0,False,True,False,NONE,False,Handball,B047,False,0,0,False,0,False,"145 days, 22:43:47.270444",Active,Q020-ZN04-HANDBALL-5
0,62515.97625732422,Q-07,False,407.0,0,False,SCR,False,False,False,False,False,11359.0,False,False,False,NONE,False,147-295ft W x 295-393ft L,,False,0,0,False,0,True,"1031 days, 15:24:24.177788",Inactive,Q458-SOCCER-3
0,965.9645080566406,M-07,False,107.0,0,False,BKB,False,False,False,False,False,10024.0,False,False,False,NONE,False,Half Court,M219,False,0,0,True,0,False,"125 days, 10:29:34.121512",Active,M219-BASKETBALL-3
0,1166.4998474121094,B-06,False,306.0,0,False,HDB,False,False,False,False,False,11231.0,False,True,False,NONE,False,Handball,B126,False,0,0,False,0,False,"141 days, 3:29:19.213552",Active,B126-ZN03-HANDBALL-1
0,57801.30857849121,B-13,False,313.0,0,False,SCR,False,False,False,False,False,11214.0,False,False,False,NONE,False,Unknown,B125,False,0,0,False,0,True,"981 days, 19:30:29.126597",Inactive,B125-SOCCER-1
0,12948.586547851562,B-18,False,318.0,0,False,SCR,False,True,False,False,False,11234.0,True,False,False,NONE,False,45-146ft W x 75-294ft L,B236,True,0,0,False,0,True,"467 days, 22:02:06.775215",Active,B236-SOCCER-1
0,1776.9194946289062,R-02,False,502.0,0,False,BKB,False,False,False,False,False,10306.0,False,False,False,NONE,True,Half Court,R067,False,0,0,True,0,False,"171 days, 12:48:39.582721",Active,R067-BASKETBALL-4
0,58151.78863525391,R-01,False,501.0,0,False,BSB,False,False,False,True,False,10301.0,False,False,False,NONE,False,"90ft base path, 200+ft fence",R005,False,0,0,False,0,False,"884 days, 2:54:27.049558",Active,R005-ZN01-BASEBALL-2
0,2864.053359985352,Q-07,False,407.0,0,False,BKB,False,False,False,False,False,11355.0,False,False,False,NONE,False,Full Court,Q308,False,0,0,True,0,False,"220 days, 19:09:06.172493",Active,Q308-BASKETBALL-6
0,1327.1573944091797,R-02,False,595.0,0,False,HDB,False,False,False,False,False,10306.0,False,True,False,NONE,False,Handball,R046,False,0,0,False,0,False,"149 days, 3:26:50.781086",Active,R046-06-HANDBALL-2
0,33255.6369934082,Q-09,False,409.0,0,False,BSB,True,False,True,True,False,11419.0,False,False,False,NONE,False,"60ft base path, 150-200ft fence",Q129,False,0,0,False,0,False,"691 days, 6:41:47.518911",Active,Q129-BASEBALL-2
0,17818.537963867188,X-09,False,209.0,0,False,SFB,False,False,True,False,False,10472.0,False,False,False,NONE,False,"60ft base path, 150-200ft fence",X124,False,0,0,False,0,False,"499 days, 3:58:06.435707",Active,X124-BASEBALL-1
0,37155.32748413086,B-18,False,318.0,0,True,SFB,True,False,True,False,False,11229.0,False,False,False,NONE,False,"60ft base path, 150-200ft fence",B057,False,0,0,False,0,False,"737 days, 22:24:14.906697",Active,B057-ZN02-BASEBALL-3
0,42086.2971496582,M-12A,False,112.0,0,False,SFB,True,False,True,True,False,10032.0,False,False,False,NONE,False,"60ft base path, 150-200ft fence",M037,False,0,0,False,0,False,"783 days, 0:58:25.235139",Active,M037-ZN03-BASEBALL-1
0,1034.2760772705078,R-02,False,502.0,0,False,HDB,False,False,False,False,False,10306.0,False,True,False,NONE,False,Handball,R038A,False,0,0,False,0,False,"129 days, 22:54:37.288186",Active,R038A-HANDBALL-4
0,21717.01739501953,Q-11,False,411.0,0,False,FTB,False,False,False,False,False,11361.0,False,False,False,NONE,False,45-146ft W x 75-294ft L,,False,0,0,False,0,False,"658 days, 6:45:03.060803",Inactive,Q012B-FOOTBALL-3
0,1682.3203125,Q-07,False,407.0,0,False,BKB,False,False,False,False,False,11365.0,False,False,False,NONE,False,Half Court,Q024,False,0,0,True,0,False,"164 days, 9:46:41.741665",Active,Q024-03-BASKETBALL-2
0,2881.843704223633,X-07,False,207.0,0,False,TNS,False,False,False,False,False,10467.0,False,False,True,NONE,False,Tennis,X104,False,0,0,False,0,False,"230 days, 11:06:03.591744",Active,X104-TENNIS-7
0,1074.7383575439453,X-11,False,211.0,0,False,HDB,False,False,False,False,False,10467.0,False,True,False,NONE,False,Handball,X162,False,0,0,False,0,False,"134 days, 13:24:44.807464",Active,X162-HANDBALL-3
0,2885.850982666016,X-03,False,203.0,0,False,TNS,False,False,False,False,False,10457.0,False,False,True,NONE,True,Tennis,X010,False,0,0,False,0,False,"229 days, 23:34:41.762684",Active,X010-ZN03-TENNIS-19
0,34338.99641418457,Q-16,False,482.0,0,False,TRK,False,False,False,False,False,11421.0,False,False,False,NONE,False,Track,Q015,False,0,0,False,0,False,"2831 days, 19:09:41.349241",Active,Q015-ZN04-TRACK-1
0,12929.045913696287,Q-07,False,407.0,0,False,TRK,False,False,False,False,False,11355.0,False,False,False,NONE,False,Jogging Path,Q300,False,0,0,False,0,False,"1600 days, 9:57:31.246933",Active,Q300-05-TRACK-1
0,1093.234634399414,Q-04,False,404.0,0,False,HDB,False,False,False,False,False,11373.0,False,True,False,NONE,False,Handball,Q360J,False,0,0,False,0,False,"136 days, 10:58:19.167069",Active,Q360J-HANDBALL-4
0,79057.72138977051,M-12,False,112.0,0,False,SFB,True,False,True,False,False,10034.0,False,False,False,NONE,False,"60ft base path, 150-200ft fence",M042,False,0,0,False,0,False,"1089 days, 11:27:17.512022",Active,M042-ZN04-BASEBALL-1
0,1254.9869079589844,Q-12,False,412.0,0,False,BKB,False,False,False,False,False,11434.0,False,False,False,NONE,False,Half Court,Q426,False,0,0,False,0,False,"143 days, 1:33:04.994030",Active,Q426-BASKETBALL-1
0,2468.024780273437,R-01,False,501.0,0,False,BKB,False,False,False,False,False,10310.0,False,False,False,NONE,False,Full Court,R034,False,0,0,False,0,False,"202 days, 13:21:31.095634",Inactive,R034-BASKETBALL-2
0,7150.675186157227,Q-11,False,411.0,0,False,TRK,False,False,False,False,False,11362.0,False,False,False,NONE,False,Jogging Path,Q369,False,0,0,False,0,False,"1132 days, 12:06:53.454899",Active,Q369-TRACK-1
0,41439.1208190918,M-11,False,111.0,0,False,SFB,True,False,True,False,False,10035.0,False,False,False,NONE,False,"60ft base path, 150-200ft fence",M104,False,0,0,False,0,False,"801 days, 6:24:55.279492",Active,M104-ZN02-BASEBALL-16
0,5088.721038818359,X-12,False,212.0,0,False,SCR,False,False,False,False,False,10467.0,False,False,False,NONE,False,45-146ft W x 75-294ft L,X169,False,0,0,False,0,True,"302 days, 1:12:22.341091",Inactive,X169-SOCCER-2
0,1914.5945587158203,B-01,False,301.0,0,False,VLB,False,False,False,False,False,11222.0,False,False,False,NONE,False,,B346,False,0,0,False,0,False,"187 days, 0:14:47.048939",Inactive,B346-VOLLEYBALL-2
0,1261.131607055664,R-01,False,501.0,0,False,BKB,False,False,False,False,False,10310.0,False,False,False,NONE,False,Half Court,R034,False,0,0,True,0,False,"144 days, 10:00:33.651410",Active,R034-BASKETBALL-5
0,2965.283798217773,B-10,False,310.0,0,False,BKB,False,False,False,False,False,11228.0,False,False,False,NONE,False,Full Court,B282,False,0,0,True,0,False,"222 days, 5:10:13.199561",Active,B282-BASKETBALL-2
0,3652.688201904297,B-18,False,318.0,0,False,BKB,False,False,False,False,False,11234.0,False,False,False,NONE,False,Full Court,B329,False,0,0,True,0,False,"247 days, 8:27:57.981588",Active,B329-01-BASKETBALL-3
0,1276.1828155517578,B-03,False,303.0,0,False,HDB,False,False,False,False,False,11206.0,False,True,False,NONE,False,Handball,B217,False,0,0,False,0,False,"147 days, 2:56:06.489543",Active,B217-HANDBALL-10
0,2959.977996826172,B-18,False,318.0,0,False,TNS,False,False,False,False,False,11234.0,False,False,False,NONE,False,Tennis,B330,False,0,0,False,0,False,"232 days, 9:43:45.674417",Inactive,B330-TENNIS-3
0,21584.64128112793,B-13,False,313.0,0,False,SFB,True,False,True,False,False,11223.0,False,False,False,NONE,False,"60ft base path, 150-200ft fence",B106A,False,0,0,False,0,False,"566 days, 7:55:35.230786",Active,B106A-BASEBALL-1
0,2659.3413848876958,Q-08,False,408.0,0,False,BKB,False,False,False,False,False,11366.0,False,False,False,NONE,False,Full Court,Q354,False,0,0,True,0,False,"214 days, 2:57:23.422584",Active,Q354-BASKETBALL-2
0,4118.970657348633,B-02,False,302.0,0,False,BKB,False,False,False,False,False,11201.0,False,False,False,NONE,False,Full Court,B431,False,0,0,False,0,False,"269 days, 3:39:18.646030",Inactive,B431-BASKETBALL-3
0,1073.6545715332031,B-06,False,306.0,0,False,HDB,False,False,False,False,False,11201.0,False,True,False,NONE,False,Handball,B050,False,0,0,False,0,False,"137 days, 0:01:53.998042",Active,B050-HANDBALL-3
0,1777.127426147461,B-16,False,316.0,0,False,VLB,False,False,False,False,False,11233.0,False,False,False,NONE,False,,B325,False,0,0,False,0,False,"179 days, 9:40:35.190278",Inactive,B325-VOLLEYBALL-1
0,976.064422607422,M-03,False,103.0,0,False,HDB,False,False,False,False,False,10009.0,False,True,False,NONE,False,Handball,M088,False,0,0,False,0,False,"129 days, 19:30:09.681906",Active,M088-HANDBALL-1
0,20355.527420043945,B-01,False,301.0,0,False,SCR,False,False,False,False,False,11211.0,False,False,False,NONE,True,45-146ft W x 75-294ft L,B529,False,0,0,False,0,True,"578 days, 5:52:15.588882",Active,B529-SOCCER-3
0,3031.319778442383,B-11,False,311.0,0,False,TNS,False,False,False,False,False,11214.0,False,False,False,NONE,False,Tennis,B349,False,0,0,False,0,False,"233 days, 12:58:27.782049",Inactive,B349-TENNIS-2
0,2842.086883544922,X-13,False,226.0,0,False,TNS,False,False,False,False,False,10471.0,False,False,False,NONE,False,,X092,False,0,0,False,0,False,"228 days, 23:50:42.833368",Inactive,X092-ZN02-TENNIS-2
0,25704.32411193848,M-13,False,164.0,0,False,SFB,True,False,True,False,False,10024.0,False,False,False,NONE,False,"60ft base path, 150-200ft fence",M010,False,0,0,False,0,False,"587 days, 21:21:28.181620",Active,M010-ZN27-BASEBALL-2
0,34376.25520324707,M-11,False,111.0,0,False,SCR,False,False,False,False,False,10035.0,False,False,False,NONE,True,45-146ft W x 75-294ft L,M208D,False,0,0,False,0,True,"741 days, 17:12:56.330776",Active,M208D-SOCCER-3
0,2524.996780395508,Q-05,False,405.0,0,False,BKB,False,False,False,False,False,11385.0,False,False,False,NONE,False,Full Court,Q038,False,0,0,False,0,False,"204 days, 4:31:00.976828",Active,Q038-BASKETBALL-1
0,671.8837585449219,B-01,False,301.0,0,False,BKB,False,False,False,False,False,11211.0,False,False,False,NONE,False,Half Court,B264,False,0,0,True,0,False,"105 days, 11:48:00.320362",Active,B264-BASKETBALL-1
0,489.015625,Q-07,False,407.0,0,False,BKB,False,False,False,False,False,11357.0,False,False,False,NONE,False,Half Court,Q334,False,0,0,True,0,False,"89 days, 5:38:40.870624",Active,Q334-BASKETBALL-4
0,1173.5587768554688,B-07,False,307.0,0,False,HDB,False,False,False,False,False,11232.0,False,True,False,NONE,False,Handball,B210B,False,0,0,False,0,False,"142 days, 3:45:46.796127",Active,B210B-HANDBALL-2
0,72781.49279785156,X-03,False,203.0,0,False,SCR,False,False,False,False,False,10460.0,False,False,False,NONE,False,147-295ft W x 295-393ft L,X147A,False,0,0,False,0,True,"1108 days, 0:51:56.107514",Active,X147A-SOCCER-1
0,1054.0501861572266,Q-01,False,401.0,0,False,HDB,False,False,False,False,False,11102.0,False,True,False,NONE,False,Handball,Q226,False,0,0,False,0,False,"131 days, 8:13:51.414444",Active,Q226-01-HANDBALL-2
0,974.9630737304688,Q-07,False,407.0,0,False,HDB,False,False,False,False,False,11355.0,False,True,False,NONE,False,Handball,Q300,False,0,0,False,0,False,"126 days, 20:10:01.555398",Active,Q300-05-HANDBALL-4
0,1325.447296142578,Q-05,False,405.0,0,False,HDB,False,False,False,False,False,11379.0,False,True,False,NONE,False,Handball,Q101,False,0,0,False,0,False,"147 days, 21:35:55.112410",Active,Q101-HANDBALL-1
0,1765.3077850341797,M-11,False,111.0,0,False,VLB,False,False,False,False,False,10029.0,False,False,False,NONE,False,Volleyball,M047,False,0,1,False,0,False,"178 days, 13:29:59.102461",Removed,M047-01-VOLLEYBALL-2
0,639.6948852539062,R-03,False,503.0,0,False,PKB,False,False,False,False,False,10309.0,False,False,False,NONE,False,,R153,False,0,0,False,0,False,"107 days, 6:02:29.643375",Active,R153-PICKLEBALL-1
0,2808.420394897461,Q-14,False,414.0,0,False,BKB,False,False,False,False,False,11694.0,False,False,False,NONE,False,Half Court,Q163,False,0,0,False,0,False,"213 days, 14:40:42.024594",Removed,Q163-ZN07A-BASKETBALL-1
0,64894.81776428223,X-15,False,228.0,0,False,BSB,False,False,False,True,False,10464.0,False,False,False,NONE,False,"90ft base path, 200+ft fence",X039,False,0,0,False,0,False,"928 days, 9:26:50.814052",Active,X039-ZN09-BASEBALL-2
0,2840.5853729248047,Q-13,False,413.0,0,False,TNS,False,False,False,False,False,11422.0,False,False,True,NONE,False,Tennis,Q008,False,0,0,False,0,False,"228 days, 18:27:55.177146",Active,Q008-ZN02-TENNIS-2
0,1254.0034637451172,B-11,False,311.0,0,False,HDB,False,False,False,False,False,11204.0,False,True,False,NONE,False,Handball,B100,False,0,0,False,0,False,"143 days, 0:47:56.521718",Active,B100-01-HANDBALL-5
0,2777.6290130615234,Q-11,False,411.0,0,False,TNS,False,False,False,False,False,11361.0,False,False,True,NONE,False,Tennis,Q012,False,0,0,False,0,False,"226 days, 19:06:37.028529",Active,Q012-ZN03-TENNIS-8
0,4471.225463867188,B-11,False,311.0,0,False,BKB,False,False,False,False,False,11228.0,False,False,False,NONE,False,Full Court,B099,False,0,0,True,0,False,"274 days, 20:41:09.807005",Active,B099-BASKETBALL-1
0,1776.2279663085938,B-07,False,307.0,0,False,VLB,False,False,False,False,False,11232.0,False,False,False,NONE,False,Volleyball,B087,False,0,0,False,0,False,"178 days, 20:59:21.284889",Active,B087-VOLLEYBALL-1
0,1351.265594482422,B-14,False,314.0,0,False,BKB,False,False,False,False,False,11210.0,False,False,False,NONE,False,Half Court,B287,False,0,0,True,0,False,"147 days, 18:02:25.987157",Active,B287-BASKETBALL-1
0,3419.5469512939453,B-04,False,304.0,0,True,SFB,False,False,False,False,False,11206.0,False,False,False,NONE,False,"45-60ft base path, less than 150ft fence",B340,False,0,0,False,0,False,"243 days, 4:10:18.231541",Active,B340-BASEBALL-1
0,35354.64181518555,B-18,False,318.0,0,True,SFB,True,False,True,False,False,11229.0,False,False,False,NONE,False,"60ft base path, 150-200ft fence",B057,False,0,0,False,0,False,"724 days, 2:57:45.458628",Active,B057-ZN04-BASEBALL-5
0,4716.88362121582,X-05,False,205.0,0,False,BKB,False,False,False,False,False,10453.0,False,False,False,NONE,False,Full Court,X291,False,0,0,True,0,False,"288 days, 17:23:04.549466",Removed,X291-BASKETBALL-2
0,4032.131576538086,Q-12,False,412.0,0,False,BKB,False,False,False,False,False,11412.0,False,False,False,NONE,True,Full Court,Q106,False,0,0,True,0,False,"263 days, 22:39:03.936934",Active,Q106-BASKETBALL-3
0,1591.4667205810547,B-15,False,315.0,0,False,HDB,False,False,False,False,False,11235.0,False,True,False,NONE,False,Handball,B239,False,0,0,False,0,False,"163 days, 20:48:19.202386",Active,B239-HANDBALL-1
0,1251.6023864746094,X-01,False,201.0,0,False,BKB,False,False,False,False,False,10454.0,False,False,False,NONE,False,Half Court,X182,False,0,0,True,0,False,"142 days, 0:16:16.368369",Removed,X182-BASKETBALL-1
0,1803.8897552490237,M-11,False,111.0,0,False,HDB,False,False,False,False,False,10029.0,False,True,False,NONE,False,Handball,M258,False,0,0,False,0,False,"169 days, 23:31:19.867349",Active,M258-HANDBALL-1
0,1245.5166931152344,X-05,False,205.0,0,False,HDB,False,False,False,False,False,10453.0,False,True,False,NONE,False,Handball,X158,False,0,0,False,0,False,"142 days, 22:23:00.883388",Active,X158-HANDBALL-2
0,75281.52905273438,X-15,False,228.0,0,False,FTB,False,False,False,False,False,10465.0,False,False,False,AFB,False,160 x 360ft rectangular,X039,True,0,0,False,0,False,"1138 days, 11:36:26.749420",Active,X039-ZN01-FOOTBALL-1
0,3184.2201385498047,B-16,False,316.0,0,False,BKB,False,False,False,False,False,11212.0,False,False,False,NONE,False,Full Court,B156,False,0,0,True,0,False,"235 days, 10:26:17.250175",Active,B156-BASKETBALL-3
0,1132.25341796875,X-01,False,201.0,0,False,BKB,False,False,False,False,False,10454.0,False,False,False,NONE,False,Half Court,X103,False,0,0,True,0,False,"135 days, 1:23:01.428029",Active,X103-BASKETBALL-4
0,1367.7946395874023,R-03,False,503.0,0,False,HDB,False,False,False,False,False,10312.0,False,False,False,NONE,False,Handball,R090,False,0,0,False,0,False,"149 days, 10:15:17.654068",Active,R090-HANDBALL-1
0,68321.33769226074,X-15,False,228.0,0,False,BSB,False,False,False,True,False,10465.0,False,False,False,NONE,False,"90ft base path, 200+ft fence",X039,False,0,0,False,0,False,"972 days, 8:30:34.679340",Active,X039-ZN01-BASEBALL-3
0,4045.7591247558594,Q-12,False,412.0,0,False,BKB,False,False,False,False,False,11434.0,False,False,False,NONE,False,Full Court,Q005,False,0,0,False,0,False,"263 days, 12:46:27.957052",Active,Q005-05-BASKETBALL-7
0,84039.26788330078,B-05,False,305.0,0,False,BSB,True,False,True,True,False,11208.0,False,False,False,NONE,True,"90ft base path, 200+ft fence",B141,False,0,0,False,0,False,"1081 days, 22:59:53.530964",Active,B141-BASEBALL-2
0,4314.243347167969,B-18,False,318.0,0,False,BKB,False,False,False,False,False,11229.0,False,False,False,NONE,False,Full Court,B057,False,0,0,True,0,False,"271 days, 12:25:10.423860",Active,B057-ZN01-BASKETBALL-1
0,1102.1390380859375,B-01,False,301.0,0,False,HDB,False,False,False,False,False,11211.0,False,True,False,NONE,False,Handball,B058,False,0,0,False,0,False,"139 days, 4:23:37.718980",Active,B058-ZN02-HANDBALL-8
0,27504.90199279785,X-13,False,226.0,0,False,SFB,True,False,True,False,False,10471.0,False,False,False,NONE,False,"60ft base path, 150-200ft fence",X092,False,0,0,False,0,False,"624 days, 15:00:13.053085",Active,X092-ZN08-BASEBALL-2
0,24354.002166748047,M-12,False,112.0,0,False,SFB,True,False,True,False,False,10034.0,False,False,False,NONE,False,"60ft base path, 150-200ft fence",M042,False,0,0,False,0,False,"576 days, 12:27:14.098627",Active,M042-ZN04-BASEBALL-4
0,1978.2347412109373,X-03,False,203.0,0,False,HDB,False,False,False,False,False,10457.0,False,True,False,NONE,False,Handball,X010,False,0,0,False,0,False,"192 days, 9:26:30.174536",Active,X010-05-HANDBALL-10
0,2158.0171508789062,X-08,False,208.0,0,False,TNS,False,False,False,False,False,10471.0,False,False,False,NONE,False,,X152,False,0,0,False,0,False,"206 days, 10:20:10.949577",Inactive,X152-TENNIS-3
0,912.8184814453124,X-01,False,201.0,1,False,BKB,False,False,False,False,False,10455.0,False,False,False,NONE,True,Half Court,X233,False,0,0,False,0,False,"122 days, 19:01:51.503248",Active,X233-BASKETBALL-3
0,2496.492706298828,X-10,False,210.0,0,False,BKB,False,False,False,False,False,10465.0,False,False,False,NONE,False,Full Court,X183,False,0,0,True,0,False,"203 days, 13:24:28.251424",Active,X183-BASKETBALL-2
0,1512.8757934570312,M-09,False,109.0,0,False,HDB,False,False,False,False,False,10031.0,False,True,False,NONE,False,Handball,M223,False,0,0,False,0,False,"158 days, 20:22:29.261668",Active,M223-HANDBALL-5
0,1008.067626953125,B-02,False,302.0,0,False,VLB,False,False,False,False,False,11201.0,False,False,False,NONE,False,Volleyball,B021,False,0,1,False,0,False,"140 days, 16:39:33.251461",Active,B021-VOLLEYBALL-1
0,2351.4053802490234,Q-12,False,412.0,0,False,BKB,False,False,False,False,False,11434.0,False,False,False,NONE,False,Full Court,Q426,False,0,0,True,0,False,"195 days, 19:53:37.439129",Active,Q426-BASKETBALL-2
0,28485.78196716309,B-10,False,310.0,0,True,SFB,True,False,True,False,False,11228.0,False,False,False,NONE,False,"60ft base path, 150-200ft fence",B028,False,0,0,False,0,False,"618 days, 7:47:06.578565",Active,B028-ZN01-BASEBALL-4
0,13107.902069091797,B-16,False,316.0,0,False,SCR,False,True,False,False,False,11233.0,True,False,False,AFB,False,45-146ft W x 75-294ft L,B219,True,0,0,False,0,True,"468 days, 21:41:18.161970",Active,B219-SOCCER-1
0,2768.639923095703,B-13,False,313.0,0,False,TNS,False,False,False,False,False,11224.0,False,False,True,NONE,False,Tennis,B129,False,0,0,False,0,False,"226 days, 6:39:52.550611",Active,B129-ZN01-TENNIS-3
0,33672.3419342041,B-10,False,310.0,0,True,SFB,True,False,True,False,False,11209.0,False,False,False,NONE,False,"60ft base path, 150-200ft fence",B082,False,0,0,False,0,False,"679 days, 13:31:52.958704",Active,B082-ZN02-BASEBALL-1
0,2900.7786560058594,M-08,False,108.0,0,False,TNS,False,False,False,False,False,10022.0,False,False,False,NONE,False,Tennis,M070,False,0,0,False,0,False,"230 days, 1:36:46.727987",Active,M070-TENNIS-6
0,1478.8175811767578,B-03,False,303.0,0,False,BKB,False,False,False,False,False,11233.0,False,False,False,NONE,False,Half Court,B347,False,0,0,True,0,False,"155 days, 1:09:43.887689",Active,B347-BASKETBALL-3
0,1841.5885925292969,Q-01,False,401.0,0,False,HDB,False,False,False,False,False,11102.0,False,True,False,NONE,False,Handball,Q321,False,0,0,False,0,False,"171 days, 17:34:39.239027",Active,Q321-HANDBALL-1
0,2830.5426635742188,X-01,False,201.0,1,False,TNS,False,False,False,False,False,10455.0,False,False,True,NONE,False,Tennis,X233,False,0,1,False,0,False,"228 days, 16:07:30.786781",Active,X233-TENNIS-4
0,1706.9248657226562,Q-14,False,414.0,0,False,HDB,False,False,False,False,False,11693.0,False,True,False,NONE,False,Handball,Q163,False,0,0,False,0,False,"167 days, 19:06:20.770097",Removed,Q163-ZN06A-HANDBALL-4
0,1180.3138275146484,B-08,False,308.0,0,False,HDB,False,False,False,False,False,11213.0,False,True,False,NONE,True,Handball,B245,False,0,0,False,0,False,"141 days, 3:08:44.074278",Active,B245-HANDBALL-10
0,1833.8826293945312,M-11,False,111.0,0,False,VLB,False,False,False,False,False,10029.0,False,False,False,NONE,False,Volleyball,M047,False,0,1,False,0,False,"180 days, 11:33:14.087214",Active,M047-01-VOLLEYBALL-3
0,2769.806198120117,B-03,False,303.0,0,False,TNS,False,False,False,False,False,11233.0,False,False,True,NONE,False,Tennis,B294,False,0,0,False,0,False,"227 days, 8:00:00.870824",Active,B294-TENNIS-2
0,1496.7537384033203,Q-05,False,405.0,0,False,HDB,False,False,False,False,False,11378.0,False,True,False,NONE,False,Handball,Q360M,False,0,0,False,0,False,"155 days, 15:47:14.076461",Active,Q360M-HANDBALL-1
0,2875.2189025878906,B-02,False,302.0,0,False,TNS,False,False,False,False,False,11201.0,False,False,True,NONE,False,Tennis,B032,False,0,0,False,0,False,"230 days, 22:58:10.153307",Active,B032-ZN02-TENNIS-4
0,1505.8701934814453,Q-14,False,414.0,0,False,BKB,False,False,False,False,False,11694.0,False,False,False,NONE,False,Half Court,Q389,False,0,0,False,0,False,"155 days, 17:49:00.882285",Active,Q389-BASKETBALL-6
0,4123.946762084961,Q-10,False,410.0,0,False,BKB,False,False,False,False,False,11417.0,False,False,False,NONE,False,Full Court,Q094,False,0,0,True,0,False,"264 days, 13:46:24.049932",Active,Q094-01-BASKETBALL-1
0,64754.41812133789,B-08,False,308.0,0,False,SCR,False,True,False,False,False,11213.0,True,False,False,AFB,False,45-146ft W x 75-294ft L,B245,True,0,0,False,0,True,"1022 days, 12:00:26.468174",Active,B245-SOCCER-1
0,15512.378372192385,B-08,False,308.0,0,False,SCR,False,True,False,False,False,11217.0,True,False,False,AFB,False,45-146ft W x 75-294ft L,B232,True,0,0,True,0,True,"506 days, 3:56:40.332735",Active,B232-SOCCER-1
0,1182.5941314697266,Q-05,False,405.0,0,False,HDB,False,False,False,False,False,11379.0,False,True,False,NONE,False,Handball,Q102,False,0,0,False,0,False,"142 days, 4:25:03.253829",Active,Q102-02-HANDBALL-1
0,3226.2566833496094,X-06,False,206.0,0,False,BKB,False,False,False,False,False,10457.0,False,False,False,NONE,False,Full Court,X148H1,False,0,0,True,0,False,"235 days, 19:25:33.491509",Active,X148H1-BASKETBALL-1
0,1139.389877319336,B-12,False,312.0,0,False,HDB,False,False,False,False,False,11204.0,False,True,False,NONE,False,Handball,B042,False,0,0,False,0,False,"139 days, 20:35:45.399676",Active,B042-01-HANDBALL-4
0,952.5440979003906,Q-13,False,413.0,0,False,BKB,False,False,False,False,False,11426.0,False,False,False,NONE,False,Half Court,Q327,False,0,0,False,0,False,"123 days, 11:39:10.955610",Active,Q327-BASKETBALL-5
0,1445.6065368652344,Q-01,False,401.0,0,False,HDB,False,False,False,False,False,11103.0,False,True,False,NONE,False,Handball,Q014,False,0,0,False,0,False,"154 days, 10:11:35.749153",Active,Q014-HANDBALL-4
0,1643.022491455078,Q-12,False,412.0,0,False,HDB,False,False,False,False,False,11436.0,False,True,False,NONE,False,Handball,Q220C,False,0,0,False,0,False,"166 days, 2:47:11.713172",Active,Q220C-03-HANDBALL-6
0,43791.09336853027,R-02,False,595.0,0,False,SFB,True,False,True,False,False,10305.0,False,False,False,NONE,False,"60ft base path, 150-200ft fence",R046,False,0,0,False,0,False,"769 days, 6:09:20.801132",Active,R046-ZN02-BASEBALL-1
0,1210.1237182617188,Q-07,False,407.0,0,False,BKB,False,False,False,False,False,11357.0,False,False,False,NONE,False,Half Court,Q343,False,0,0,True,0,False,"139 days, 4:23:49.825611",Active,Q343-BASKETBALL-2
0,1440.7454528808594,B-16,False,316.0,0,False,HDB,False,False,False,False,False,11212.0,False,True,False,NONE,False,Handball,B156,False,0,0,False,0,False,"153 days, 18:39:00.556290",Active,B156-HANDBALL-4
0,1539.320343017578,B-07,False,307.0,0,False,HDB,False,False,False,False,False,11232.0,False,True,False,NONE,False,Handball,B210I,False,0,0,False,0,False,"157 days, 22:35:11.845755",Active,B210I-HANDBALL-2
0,49957.68800354004,X-09,False,209.0,0,False,CRK,False,False,False,False,False,10473.0,False,False,False,NONE,False,60 ft Cricket Pitch,X118,False,0,0,False,0,False,"839 days, 4:52:14.558946",Removed,X118-ZN03-CRICKET-1
0,1037.0406341552734,X-11,False,211.0,0,False,HDB,False,False,False,False,False,10469.0,False,True,False,NONE,False,Handball,X157,False,0,0,False,0,False,"129 days, 9:05:13.168176",Active,X157-HANDBALL-4
0,2739.997772216797,R-01,False,501.0,0,False,TNS,False,False,False,False,False,10301.0,False,False,True,NONE,False,Tennis,R123,False,0,0,False,0,False,"225 days, 5:35:12.331598",Active,R123-TENNIS-2
0,1485.9844665527344,B-05,False,305.0,1,False,BKB,False,False,False,False,False,11207.0,False,False,False,NONE,False,Half Court,B078,False,0,0,True,0,False,"154 days, 7:25:25.541585",Active,B078-BASKETBALL-4
0,12140.780807495115,R-01,False,501.0,0,False,FTB,False,False,False,False,False,10310.0,False,False,False,NONE,False,45-146ft W x 75-294ft L,R105,True,0,0,False,0,True,"470 days, 23:13:56.743540",Inactive,R105-FOOTBALL-1
0,2842.581512451172,M-10,False,110.0,0,False,TNS,False,False,False,False,False,10039.0,False,False,True,NONE,False,Tennis,M159,False,0,0,False,0,False,"228 days, 17:46:38.001890",Active,M159-TENNIS-7
0,3199.974807739258,Q-14,False,414.0,0,False,BKB,False,False,False,False,False,11691.0,False,False,False,NONE,True,Full Court,Q007,False,0,0,True,0,False,"240 days, 8:20:54.748734",Active,Q007-01-BASKETBALL-1
0,888.1129913330078,M-12,False,112.0,0,False,HDB,False,False,False,False,False,10034.0,False,True,False,NONE,False,Handball,M199,False,0,0,False,0,False,"120 days, 2:42:12.138535",Active,M199-HANDBALL-3
0,1272.1815338134766,Q-12,False,412.0,0,False,HDB,False,False,False,False,False,11432.0,False,True,False,NONE,False,Handball,Q023,False,0,0,False,0,False,"143 days, 23:55:19.497502",Active,Q023-01-HANDBALL-1
0,1330.900619506836,Q-11,False,411.0,0,False,HDB,False,False,False,False,False,11365.0,False,True,False,NONE,False,Handball,Q300A,False,0,0,False,0,False,"153 days, 0:26:46.173253",Active,Q300A-01-HANDBALL-4
0,1409.6312103271484,R-03,False,503.0,0,False,BKB,False,False,False,False,False,10308.0,False,False,False,NONE,False,Half Court,R071,False,0,0,True,0,False,"151 days, 2:46:38.900619",Active,R071-BASKETBALL-5
0,3713.70393371582,B-05,False,305.0,0,False,BKB,False,False,False,False,False,11208.0,False,False,False,NONE,False,Full Court,B141,False,0,0,True,0,False,"250 days, 9:08:46.172041",Active,B141-BASKETBALL-3
0,989.6891174316406,Q-12,False,412.0,0,False,HDB,False,False,False,False,False,11423.0,False,True,False,NONE,False,Handball,Q359,False,0,0,False,0,False,"126 days, 22:59:47.410774",Active,Q359-HANDBALL-1
0,3205.767517089844,X-09,False,209.0,0,False,BKB,False,False,False,False,False,10473.0,False,False,False,NONE,False,Full Court,X118,False,0,0,True,0,False,"235 days, 18:01:22.796726",Active,X118-02-BASKETBALL-7
0,1413.3158264160156,X-09,False,209.0,0,False,HDB,False,False,False,False,False,10473.0,False,True,False,NONE,False,Handball,X221,False,0,0,False,0,False,"151 days, 21:55:08.052885",Active,X221-HANDBALL-1
0,1203.374267578125,M-11,False,111.0,0,False,HDB,False,False,False,False,False,10029.0,False,True,False,NONE,False,Handball,M192,False,0,0,False,0,False,"140 days, 13:28:52.445289",Active,M192-HANDBALL-5
0,2069.7437744140625,X-06,False,206.0,0,False,HDB,False,False,False,False,False,10457.0,False,True,False,NONE,False,Handball,X108,False,0,0,False,0,False,"182 days, 13:38:37.668165",Active,X108-HANDBALL-4
0,2698.3453369140625,B-10,False,310.0,0,False,BKB,False,False,False,False,False,11209.0,False,False,False,NONE,False,Full Court,B192A,False,0,0,True,0,False,"209 days, 18:42:44.068041",Active,B192A-BASKETBALL-1
0,2779.0066528320312,Q-15,False,481.0,0,False,TNS,False,False,False,False,False,11368.0,False,False,True,NONE,False,Tennis,Q099,False,0,0,False,0,False,"227 days, 5:23:56.148235",Active,Q099-ZN10-TENNIS-2
0,1298.5838775634766,R-03,False,503.0,0,False,BKB,False,False,False,False,False,10308.0,False,False,False,NONE,False,Half Court,R071,False,0,0,True,0,False,"146 days, 7:32:41.122550",Active,R071-BASKETBALL-7
0,1868.191162109375,M-10,False,110.0,0,False,HDB,False,False,False,False,False,10030.0,False,True,False,NONE,False,Handball,M245,False,0,0,False,0,False,"172 days, 23:19:58.090417",Active,M245-HANDBALL-2
0,1309.8120727539062,Q-09,False,409.0,0,False,HDB,False,False,False,False,False,11416.0,False,True,False,NONE,False,Handball,Q337,False,0,0,False,0,False,"147 days, 1:37:23.383777",Active,Q337-HANDBALL-1
0,686.5474243164062,B-01,False,301.0,0,False,VLB,False,False,False,False,False,11211.0,False,False,False,NONE,False,Volleyball,B025,False,0,1,False,0,False,"107 days, 3:53:38.710845",Active,B025-VOLLEYBALL-2
0,2721.2293243408203,M-11,False,111.0,0,False,BKB,False,False,False,False,False,10029.0,False,False,False,NONE,False,Full Court,M258,False,0,0,True,0,False,"214 days, 15:08:08.645471",Active,M258-BASKETBALL-2
0,12122.958389282228,Q-01,False,401.0,0,False,HKY,False,False,False,False,False,11102.0,False,False,False,NONE,False,45-146ft W x 75-294ft L,Q066F,False,0,0,False,0,False,"491 days, 13:48:15.208026",Inactive,Q066F-HOCKEY-1
0,4282.154312133789,R-02,False,502.0,0,False,BKB,False,False,False,False,False,10314.0,False,False,False,NONE,False,Full Court,R064,False,0,0,False,0,False,"270 days, 6:17:07.702333",Active,R064-BASKETBALL-1
0,2478.119537353516,M-02,False,102.0,0,False,BKB,False,False,False,False,False,10012.0,False,False,False,NONE,False,,M069,False,0,0,False,0,False,"205 days, 0:41:44.409399",Inactive,M069-BASKETBALL-1
0,203.0485076904297,B-16,False,316.0,0,False,BKB,False,False,False,False,False,11212.0,False,False,False,NONE,False,Half Court,B227,False,0,0,True,0,False,"58 days, 1:18:26.398197",Active,B227-BASKETBALL-2
0,1015.4419403076172,X-14,False,226.0,0,False,BOC,False,False,False,False,True,10470.0,False,False,False,NONE,False,Bocce,X002,False,0,0,False,0,False,"187 days, 15:30:23.621950",Active,X002-ZN05-BOCCE-1
0,1188.8057098388672,X-04,False,204.0,0,False,HDB,False,False,False,False,False,10452.0,False,True,False,NONE,False,Handball,X153,False,0,0,False,0,False,"138 days, 15:59:14.412969",Active,X153-02-HANDBALL-4
0,39981.57766723633,Q-11,False,411.0,0,False,BSB,True,False,True,True,False,11365.0,False,False,False,NONE,False,"60ft base path, 150-200ft fence",Q300A,False,0,0,False,0,False,"776 days, 1:14:19.059762",Active,Q300A-ZN02-BASEBALL-1
0,14430.997650146484,M-14,False,107.0,0,False,SCR,False,False,False,False,False,10024.0,False,False,False,NONE,False,45-146ft W x 75-294ft L,M071,False,0,0,False,0,True,"540 days, 17:19:16.760606",Active,M071-ZN02-SOCCER-2
0,1203.573974609375,X-08,False,208.0,0,False,HDB,False,False,False,False,False,10463.0,False,True,False,NONE,False,Handball,X186,False,0,0,False,0,False,"143 days, 0:51:49.723948",Active,X186-HANDBALL-1
0,11490.647094726562,B-14,False,314.0,0,False,BOC,False,False,False,False,True,11226.0,False,False,False,NONE,False,Bocce,B068,False,0,0,False,0,False,"472 days, 9:47:06.654468",Active,B073-ZN27-BOCCE-1
0,2346.768447875977,B-07,False,307.0,0,False,BKB,False,False,False,False,False,11218.0,False,False,False,NONE,False,Half Court,B130,False,0,0,True,0,False,"193 days, 21:55:30.865797",Active,B130-BASKETBALL-1
0,1344.4430236816406,Q-12,False,412.0,0,False,HDB,False,False,False,False,False,11433.0,False,True,False,NONE,False,Handball,Q301,False,0,0,False,0,False,"147 days, 14:38:23.527575",Active,Q301-HANDBALL-1
0,1446.3289337158203,B-11,False,311.0,0,False,HDB,False,False,False,False,False,11214.0,False,False,False,NONE,False,Handball,B349,False,0,0,False,0,False,"153 days, 6:17:13.620929",Inactive,B349-HANDBALL-2
0,663.7725219726562,B-01,False,301.0,0,False,TNS,False,False,False,False,False,11222.0,False,False,True,NONE,False,Tennis,B058,False,0,0,False,0,False,"109 days, 1:48:17.436730",Removed,B058-ZN04-TENNIS-9
0,3623.6563415527344,B-05,False,305.0,0,False,BKB,False,False,False,False,False,11208.0,False,False,False,NONE,False,Full Court,B149B,False,0,0,True,0,False,"246 days, 16:15:38.840238",Active,B149B-BASKETBALL-5
0,1191.6917419433594,X-08,False,208.0,0,False,HDB,False,False,False,False,False,10463.0,False,True,False,NONE,False,Handball,X150J,False,0,0,False,0,False,"139 days, 2:26:58.921299",Active,X150J-HANDBALL-5
0,2531.143600463867,Q-12,False,412.0,0,False,BKB,False,False,False,False,False,11412.0,False,False,False,NONE,False,Full Court,Q405,False,0,0,True,0,False,"205 days, 0:15:16.453648",Active,Q405-BASKETBALL-1
0,1054.8214874267578,Q-01,False,401.0,0,False,HDB,False,False,False,False,False,11102.0,False,True,False,NONE,False,Handball,Q226,False,0,0,False,0,False,"131 days, 7:03:37.765619",Active,Q226-01-HANDBALL-1
0,1133.1390533447266,M-02,False,102.0,0,False,HDB,False,False,False,False,False,10014.0,False,True,False,NONE,False,Handball,M038,False,0,0,False,0,False,"136 days, 12:14:53.790283",Active,M038-HANDBALL-4
0,1540.8089294433594,X-02,False,202.0,0,False,HDB,False,False,False,False,False,10459.0,False,True,False,NONE,False,Handball,X241,False,0,0,False,0,False,"160 days, 1:00:30.972506",Removed,X241-HANDBALL-1
0,842.7385864257812,Q-03,False,403.0,0,False,BKB,False,False,False,False,False,11370.0,False,False,False,NONE,False,Half Court,Q366,False,0,0,False,0,False,"116 days, 10:13:37.881445",Active,Q366-BASKETBALL-4
0,955.9338989257812,M-10,False,110.0,0,False,HDB,False,False,False,False,False,10037.0,False,True,False,NONE,False,Handball,M186,False,0,0,False,0,False,"125 days, 15:59:22.375131",Active,M186-HANDBALL-4
0,3703.7413024902335,M-11,False,111.0,0,False,BKB,False,False,False,False,False,10029.0,False,False,False,NONE,False,Full Court,M215,False,0,0,True,0,False,"249 days, 10:00:00.900657",Active,M215-BASKETBALL-2
0,1171.5325164794922,Q-07,False,407.0,0,False,HDB,False,False,False,False,False,11365.0,False,True,False,NONE,False,Handball,Q024,False,0,0,False,0,False,"141 days, 0:56:22.996785",Active,Q024-03-HANDBALL-1
0,1322.053955078125,X-06,False,206.0,0,False,HDB,False,False,False,False,False,10457.0,False,True,False,NONE,False,Handball,X108,False,0,0,False,0,False,"148 days, 13:05:06.957592",Active,X108-HANDBALL-6
0,1357.4237060546875,Q-08,False,408.0,0,False,HDB,False,False,False,False,False,11367.0,False,True,False,NONE,False,Handball,Q320,False,0,0,False,0,False,"155 days, 12:23:27.415791",Active,Q320-HANDBALL-2
0,1038.572982788086,M-07,False,107.0,0,False,BKB,False,False,False,False,False,10024.0,False,False,False,NONE,False,Half Court,M219,False,0,0,True,0,False,"130 days, 23:54:56.150209",Active,M219-BASKETBALL-1
0,2872.8035888671875,X-08,False,208.0,0,False,BKB,False,False,False,False,False,10463.0,False,False,False,NONE,False,Full Court,X080,False,0,0,True,0,False,"216 days, 0:03:37.808645",Active,X080-BASKETBALL-2
0,1085.9884185791016,M-14,False,109.0,0,False,HDB,False,False,False,False,False,10024.0,False,True,False,NONE,False,Handball,M071,False,0,0,False,0,False,"137 days, 1:18:54.490221",Active,M071-21-HANDBALL-2
0,4321.890808105469,Q-12,False,412.0,1,False,BKB,False,False,False,False,False,11434.0,False,False,False,NONE,False,Full Court,Q448,False,0,0,True,0,False,"272 days, 3:32:52.948028",Active,Q448-99-BASKETBALL-2
0,2757.8684997558594,M-11,False,111.0,0,False,TNS,False,False,False,False,False,10035.0,False,False,True,NONE,True,Tennis,M104,False,0,0,False,0,False,"225 days, 22:55:56.008953",Active,M104-ZN02-TENNIS-1
0,1645.2186431884766,B-06,False,306.0,0,False,BKB,False,False,False,False,False,11217.0,False,False,False,NONE,False,Half Court,B145,False,0,0,True,0,False,"163 days, 21:57:01.252468",Active,B145-BASKETBALL-2
0,4234.377822875977,B-09,False,309.0,0,False,BKB,False,False,False,False,False,11225.0,False,False,False,NONE,False,Full Court,B357,False,0,0,True,0,False,"269 days, 10:44:57.610505",Active,B357-BASKETBALL-3
0,1669.3495178222656,Q-14,False,414.0,0,False,HDB,False,False,False,False,False,11691.0,False,True,False,NONE,False,Handball,Q371,False,0,0,False,0,False,"163 days, 17:54:40.576259",Active,Q371-01-HANDBALL-2
0,1314.094253540039,B-09,False,309.0,0,False,HDB,False,False,False,False,False,11225.0,False,True,False,NONE,False,Handball,B267,False,0,0,False,0,False,"145 days, 10:22:51.955446",Active,B267-HANDBALL-2
0,1146.0938720703125,X-15,False,228.0,0,False,HDB,False,False,False,False,False,10464.0,False,True,False,NONE,False,Handball,X039,False,0,0,False,0,False,"140 days, 1:54:48.508345",Active,X039-ZN17-HANDBALL-2
0,1522.184097290039,B-09,False,309.0,0,False,HDB,False,False,False,False,False,11203.0,False,True,False,NONE,False,Handball,B193,False,0,0,False,0,False,"156 days, 23:40:02.225473",Active,B193-HANDBALL-4
0,1074.4115753173828,X-15,False,228.0,0,False,BOC,False,False,False,False,True,10465.0,False,False,False,NONE,False,Bocce,X039,False,0,0,False,0,False,"193 days, 19:57:47.874416",Active,X039-01-BOCCE-4
0,17714.051010131836,B-02,False,302.0,0,False,SFB,True,False,True,False,False,11201.0,False,False,False,NONE,False,"60ft base path, 150-200ft fence",,False,0,0,False,0,False,"493 days, 23:29:50.608072",Active,B223JB-SOFTBALL-1
0,1024.9762725830078,B-11,False,311.0,0,False,BKB,False,False,False,False,False,11214.0,False,False,False,NONE,False,Half Court,B277,False,0,0,True,0,False,"128 days, 12:18:58.463166",Active,B277-BASKETBALL-3
0,3535.142883300781,M-11,False,111.0,0,False,SFB,False,False,False,False,False,10029.0,False,False,False,NONE,False,"45-60ft base path, less than 150ft fence",M111,False,0,0,False,0,False,"225 days, 19:41:06.781051",Removed,M111-BASEBALL-1
0,167124.26483154297,B-10,False,310.0,0,False,FTB,False,True,False,False,False,11228.0,True,False,False,AFB,False,147-295ft W x 295-393ft L,B028,True,0,0,False,0,True,"1677 days, 10:47:09.462150",Active,B028-ZN01-SOCCER-1
0,21997.955657958984,Q-13,False,413.0,0,False,SFB,True,False,True,False,False,11413.0,False,False,False,NONE,False,"60ft base path, 150-200ft fence",Q107,False,0,0,False,0,False,"545 days, 5:34:13.211783",Active,Q107-BASEBALL-2
0,1632.001983642578,Q-07,False,407.0,0,False,BKB,False,False,False,False,False,11365.0,False,False,False,NONE,False,Half Court,Q024,False,0,0,True,0,False,"161 days, 21:29:04.389059",Active,Q024-03-BASKETBALL-1
0,1226.9512329101562,Q-01,False,401.0,0,False,HDB,False,False,False,False,False,11377.0,False,True,False,NONE,False,Handball,Q174A,False,0,0,False,0,False,"141 days, 17:19:41.771280",Active,Q174A-HANDBALL-2
0,15896.371780395508,R-01,False,501.0,0,False,SFB,False,False,True,False,False,10305.0,False,False,False,NONE,False,"45-60ft base path, less than 150ft fence",R035,False,1,0,False,0,False,"479 days, 2:19:23.479506",Inactive,R035-BASEBALL-1
0,6191.811431884766,Q-01,False,401.0,0,False,SCR,False,False,False,False,False,11102.0,False,False,False,NONE,False,45-146ft W x 75-294ft L,Q066B,False,0,0,False,0,True,"319 days, 0:40:28.386776",Active,Q066B-SOCCER-1
0,3099.170684814453,Q-11,False,411.0,0,False,BKB,False,False,False,False,False,11360.0,False,False,False,NONE,False,,Q387A,False,0,0,False,0,False,"225 days, 2:42:07.043444",Inactive,Q387A-BASKETBALL-2
0,2875.204498291016,B-02,False,302.0,0,False,TNS,False,False,False,False,False,11201.0,False,False,True,NONE,False,Tennis,B032,False,0,0,False,0,False,"230 days, 22:57:18.363677",Active,B032-ZN02-TENNIS-3
0,1141.7276611328125,Q-13,False,413.0,0,False,HDB,False,False,False,False,False,11411.0,False,False,False,NONE,False,Handball,Q339,False,0,0,False,0,False,"139 days, 23:06:24.031673",Active,Q339-HANDBALL-2
0,1812.2249450683596,X-04,False,204.0,0,False,HDB,False,False,False,False,False,10457.0,False,True,False,NONE,True,Handball,X008,False,0,0,False,0,False,"174 days, 23:10:56.580804",Active,X008-ZN02-HANDBALL-1
0,55371.25164794922,B-05,False,305.0,0,False,TRK,False,False,False,False,False,11207.0,False,False,False,NONE,False,Track,B214,False,0,0,False,0,False,"2735 days, 17:38:24.496742",Active,B214-02-TRACK-1
0,2842.707427978516,Q-13,False,413.0,0,False,TNS,False,False,False,False,False,11426.0,False,False,True,NONE,False,Tennis,Q001A,False,0,0,False,0,False,"227 days, 20:15:05.394195",Active,Q001-ZN01-TENNIS-10
0,2779.1305236816406,Q-12,False,412.0,0,False,TNS,False,False,False,False,False,11433.0,False,False,True,NONE,False,Tennis,Q121,False,0,0,False,0,False,"226 days, 3:54:09.814236",Active,Q121-02-TENNIS-5
0,2468.857818603516,M-09,False,109.0,0,False,BKB,False,False,False,False,False,10031.0,False,False,False,NONE,False,Full Court,M018,False,0,0,True,0,False,"202 days, 21:11:42.711775",Active,M018-BASKETBALL-4
0,18531.31437683105,B-16,False,316.0,0,False,MPPA,False,True,False,False,False,11233.0,False,False,False,AFB,False,45-146ft W x 75-294ft L,B325,True,0,1,False,0,True,"600 days, 22:10:53.951971",Active,B325-SOCCER-1
0,1613.9168090820312,B-17,False,317.0,0,False,HDB,False,False,False,False,False,11236.0,False,True,False,NONE,False,Handball,B271,False,0,0,False,0,False,"162 days, 4:50:45.783884",Active,B271-HANDBALL-2
0,1505.8702087402344,Q-14,False,414.0,0,False,BKB,False,False,False,False,False,11694.0,False,False,False,NONE,False,Half Court,Q389,False,0,0,False,0,False,"155 days, 17:49:00.881559",Active,Q389-BASKETBALL-7
0,85220.72755432129,B-18,False,318.0,0,False,BSB,True,False,True,True,False,11207.0,False,False,False,NONE,False,"90ft base path, 200+ft fence",B247,False,0,0,False,0,False,"1149 days, 21:11:47.219818",Active,B247-BASEBALL-1
0,17007.16796875,Q-13,False,413.0,0,False,SFB,True,False,True,True,False,11004.0,False,False,False,NONE,False,"60ft base path, 150-200ft fence",Q310,False,0,0,False,0,False,"476 days, 0:15:20.307974",Active,Q310-BASEBALL-1
0,2792.4038696289062,B-01,False,301.0,0,False,TNS,False,False,False,False,False,11222.0,False,False,True,NONE,False,Tennis,B058,False,0,0,False,0,False,"227 days, 8:52:12.811710",Active,B058-ZN04-TENNIS-6
0,1413.7703857421875,X-03,False,203.0,0,False,BKB,False,False,False,False,False,10457.0,False,False,False,NONE,False,Half Court,X010,False,0,0,False,0,False,"152 days, 7:28:27.235076",Active,X010-02-BASKETBALL-2
0,1435.139389038086,Q-14,False,414.0,0,False,HDB,False,False,False,False,False,11691.0,False,True,False,NONE,False,Handball,Q162J01,False,0,0,False,0,False,"153 days, 2:29:36.734463",Active,Q162J-HANDBALL-1
0,2777.0367889404297,M-13,False,164.0,0,False,TNS,False,False,False,False,False,10024.0,False,False,True,NONE,False,Tennis,M010,False,0,0,False,0,False,"227 days, 10:49:23.245169",Active,M010-ZN34-TENNIS-15
0,1266.5503387451172,Q-09,False,409.0,0,False,HDB,False,False,False,False,False,11419.0,False,True,False,NONE,False,Handball,Q129,False,0,0,False,0,False,"143 days, 11:23:04.023231",Active,Q129-HANDBALL-5
0,4684.936752319336,B-16,False,316.0,0,False,TRK,False,False,False,False,False,11212.0,False,False,False,NONE,False,Jogging Path,B397,False,0,0,False,0,False,"888 days, 1:10:27.553601",Active,B397-TRACK-1
0,1788.783462524414,Q-01,False,401.0,0,False,HDB,False,False,False,False,False,11105.0,False,True,False,NONE,False,Handball,Q332,False,0,0,False,0,False,"172 days, 7:52:58.602764",Active,Q332-HANDBALL-3
0,1048.552017211914,Q-01,False,401.0,0,False,HDB,False,False,False,False,False,11102.0,False,True,False,NONE,False,Handball,Q226,False,0,0,False,0,False,"130 days, 22:46:54.041860",Active,Q226-01-HANDBALL-3
0,1124.6219024658203,M-09,False,109.0,0,False,BKB,False,False,False,False,False,10031.0,False,False,False,NONE,False,Half Court,M018,False,0,0,False,0,False,"137 days, 15:11:14.518476",Inactive,M018-BASKETBALL-2
0,1385.652099609375,X-12,False,212.0,0,False,BKB,False,False,False,False,False,10467.0,False,False,False,NONE,False,Half Court,X214,False,0,0,False,0,False,"148 days, 22:13:38.852060",Active,x214-BASKETBALL-2
0,15657.383377075195,B-03,False,303.0,0,True,SFB,True,False,True,False,False,11221.0,False,False,False,NONE,False,"60ft base path, 150-200ft fence",B224,False,0,0,False,0,False,"457 days, 6:15:28.448983",Active,B224-BASEBALL-1
0,1106.7455444335938,B-14,False,314.0,0,False,HDB,False,False,False,False,False,11230.0,False,True,False,NONE,False,Handball,B150,False,0,0,False,0,False,"134 days, 7:27:02.189631",Active,B150-01-HANDBALL-2
0,2704.6737518310547,Q-12,False,412.0,1,False,TNS,False,False,False,False,False,11434.0,False,False,True,NONE,False,Tennis,Q448,False,0,0,False,0,False,"224 days, 12:48:33.709983",Active,Q448-TENNIS-2
0,988.0822296142578,B-13,False,313.0,0,False,BKB,False,False,False,False,False,11224.0,False,False,False,NONE,False,Half Court,B296,False,0,0,True,0,False,"126 days, 22:39:21.205338",Active,B296-BASKETBALL-5
0,960.887924194336,M-14,False,107.0,0,False,HDB,False,False,False,False,False,10024.0,False,True,False,NONE,False,Handball,M071,False,0,0,False,0,False,"132 days, 16:08:53.842604",Active,M071-HANDBALL-2
0,1756.8536071777344,M-09,False,109.0,0,False,VLB,False,False,False,False,False,10027.0,False,False,False,NONE,False,Volleyball,M087,False,0,1,False,0,False,"177 days, 22:55:46.614180",Active,M087-VOLLEYBALL-1
0,10489.337310791016,X-06,False,206.0,0,False,BSB,False,False,False,False,False,10460.0,False,False,False,NONE,False,"60ft base path, 150-200ft fence",X289,False,0,0,False,0,False,"380 days, 20:27:47.748795",Inactive,X289-BASEBALL-1
0,3151.242630004883,B-08,False,308.0,0,False,BKB,False,False,False,False,False,11213.0,False,False,False,NONE,True,Full Court,B245,False,0,0,True,0,False,"227 days, 16:12:19.858111",Active,B245-BASKETBALL-6
0,55071.517013549805,R-02,False,502.0,0,False,MPPA,False,True,False,False,False,10306.0,True,False,False,AFB,True,147-295ft W x 295-393ft L,R067,True,0,0,False,0,True,"1024 days, 8:43:43.750220",Active,R067-FOOTBALL-1
0,2048.1564331054688,X-09,False,209.0,0,False,BKB,False,False,False,False,False,10462.0,False,False,False,NONE,False,Half Court,X148M1,False,0,0,True,0,False,"181 days, 23:10:00.660427",Active,X148M1-BASKETBALL-1
0,49957.08227539063,R-01,False,501.0,0,False,CRK,False,False,False,False,False,10310.0,False,False,False,NONE,False,60 ft Cricket Pitch,R015,False,0,0,False,0,False,"839 days, 4:43:36.603959",Active,R015-CRICKET-1
0,4130.372283935547,M-12,False,112.0,0,False,BKB,False,False,False,False,False,10034.0,False,False,False,NONE,False,Full Court,M042,False,0,0,True,0,False,"265 days, 11:45:57.829224",Active,M042-ZN01-BASKETBALL-1
0,3426.774871826172,Q-14,False,414.0,0,False,BKB,False,False,False,False,False,11693.0,False,False,False,NONE,False,Full Court,Q163,False,0,0,False,0,False,"241 days, 5:31:10.492784",Active,Q163-ZN05B-BASKETBALL-1
0,1175.300308227539,Q-14,False,414.0,0,False,BKB,False,False,False,False,False,11691.0,False,False,False,NONE,False,Half Court,Q353,False,0,0,False,0,False,"137 days, 4:15:45.808863",Active,Q353-BASKETBALL-5
0,942.395751953125,R-02,False,595.0,0,False,BOC,False,False,False,False,True,10305.0,False,False,False,NONE,False,Bocce,R046,False,0,0,False,0,False,"176 days, 17:46:41.128013",Active,R046-ZN01-BOCCE-3
0,3471.7653045654297,X-03,False,203.0,0,False,HDB,False,False,False,False,False,10457.0,False,False,False,NONE,False,Handball,X010,False,0,0,False,0,False,"235 days, 17:08:17.395192",Inactive,X010-05-HANDBALL-6
0,1203.4711151123047,Q-07,False,407.0,0,False,HDB,False,False,False,False,False,11355.0,False,True,False,NONE,False,Handball,Q211,False,0,0,False,0,False,"142 days, 0:39:22.180897",Active,Q211-HANDBALL-2
0,1470.9390716552734,Q-11,False,411.0,0,False,HDB,False,False,False,False,False,11364.0,False,True,False,NONE,False,Handball,Q021C,False,0,0,False,0,False,"154 days, 6:33:39.505827",Active,Q021C-HANDBALL-2
0,42296.92335510254,Q-13,False,413.0,0,False,BSB,False,False,False,True,False,11422.0,False,False,False,NONE,False,"90ft base path, 200+ft fence",Q008,False,0,0,False,0,False,"768 days, 0:48:55.967974",Active,Q008-ZN02-BASEBALL-1
0,1307.1344604492188,Q-12,False,412.0,0,False,HDB,False,False,False,False,False,11433.0,False,False,False,NONE,False,Handball,Q127,False,0,0,False,0,False,"151 days, 0:46:12.086920",Inactive,Q127-HANDBALL-6
0,45720.85221862793,B-10,False,310.0,0,True,SFB,True,False,True,False,False,11228.0,False,False,False,NONE,False,"60ft base path, 150-200ft fence",B028,False,0,0,False,0,False,"820 days, 22:31:55.728079",Active,B028-ZN02-BASEBALL-1
0,3916.711212158203,M-04,False,104.0,0,False,BKB,False,False,False,False,False,10019.0,False,False,False,NONE,False,Full Court,M221,False,0,0,True,0,False,"261 days, 8:30:48.329155",Active,M221-BASKETBALL-3
0,768.9927368164062,X-03,False,203.0,0,False,BKB,False,False,False,False,False,10457.0,False,False,False,NONE,False,Half Court,X010,False,0,0,False,0,False,"111 days, 1:42:34.178890",Active,X010-05-BASKETBALL-3
0,1159.6434173583984,Q-11,False,411.0,0,False,HDB,False,False,False,False,False,11364.0,False,True,False,NONE,False,Handball,Q293,False,0,0,False,0,False,"138 days, 23:00:35.682544",Active,Q293-HANDBALL-4
0,57749.01040649414,B-18,False,318.0,0,False,FTB,False,True,False,False,False,11229.0,True,False,False,AFB,False,147-295ft W x 295-393ft L,B057,True,0,0,False,0,True,"1039 days, 22:39:52.336098",Active,B057-ZN04-FOOTBALL-1
0,1559.4523620605469,Q-13,False,413.0,0,False,BKB,False,False,False,False,False,11411.0,False,False,False,NONE,False,Half Court,Q339,False,0,0,True,0,False,"159 days, 4:19:56.521859",Active,Q339-BASKETBALL-1
0,24321.86000061035,R-01,False,501.0,0,False,SFB,True,False,True,False,False,10301.0,False,False,False,NONE,False,"60ft base path, 150-200ft fence",R022,False,0,0,False,0,False,"604 days, 21:28:37.785561",Active,R022-04-BASEBALL-1
0,1118.9265594482422,Q-03,False,403.0,0,False,HDB,False,False,False,False,False,11369.0,False,True,False,NONE,False,Handball,Q362,False,0,0,False,0,False,"136 days, 11:30:24.840134",Active,Q362-HANDBALL-1
0,1178.7027740478516,Q-04,False,404.0,0,False,BKB,False,False,False,False,False,11368.0,False,False,False,NONE,False,Half Court,Q450,False,0,0,False,0,False,"137 days, 17:47:04.868783",Inactive,Q450-BASKETBALL-1
0,3672.41584777832,M-03,False,103.0,0,False,BKB,False,False,False,False,False,10002.0,False,False,False,NONE,False,Full Court,M132,False,0,0,True,0,False,"249 days, 0:47:20.562190",Active,M132-BASKETBALL-1
0,17212.316024780273,B-16,False,316.0,0,False,SFB,True,False,True,False,False,11212.0,False,False,False,NONE,False,"60ft base path, 150-200ft fence",B377,False,0,0,False,0,False,"482 days, 13:19:39.354044",Active,B377-BASEBALL-1
0,29203.632843017574,B-10,False,310.0,0,False,SCR,False,True,False,False,False,11209.0,True,False,False,AFB,False,45-146ft W x 75-294ft L,B082,True,0,0,False,0,True,"763 days, 8:20:06.146662",Active,B082-ZN05-SOCCER-1
0,1145.8754272460938,Q-13,False,413.0,1,False,HDB,False,False,False,False,False,11413.0,False,False,False,NONE,False,Handball,Q096C,False,0,0,False,0,False,"140 days, 2:45:53.739452",Active,Q096C-HANDBALL-1
0,1391.9955139160156,Q-12,False,412.0,0,False,HDB,False,False,False,False,False,11433.0,False,True,False,NONE,False,Handball,Q301,False,0,0,False,0,False,"150 days, 7:41:48.946914",Active,Q301-HANDBALL-4
0,1081.53076171875,M-02,False,102.0,0,False,HDB,False,False,False,False,False,10014.0,False,True,False,NONE,False,Handball,M038,False,0,0,False,0,False,"134 days, 1:49:50.246639",Active,M038-HANDBALL-1
0,2841.5948791503906,B-05,False,305.0,0,False,TNS,False,False,False,False,False,11208.0,False,False,True,NONE,False,Tennis,B163,False,0,0,False,0,False,"228 days, 22:03:36.520889",Active,B163-TENNIS-1
0,72775.09817504883,M-11,False,111.0,0,False,BSB,True,False,False,True,False,10035.0,False,False,False,NONE,True,"90ft base path, 200+ft fence",M104,False,0,0,False,0,False,"1065 days, 2:50:59.456383",Active,M104-ZN01-BASEBALL-6
0,2462.501678466797,Q-02,False,402.0,0,False,BKB,False,False,False,False,False,11101.0,False,False,False,NONE,False,,Q471,False,0,0,False,0,False,"202 days, 14:20:22.937655",Inactive,Q471-BASKETBALL-01
0,1936.5601501464844,Q-10,False,410.0,0,False,HDB,False,False,False,False,False,11414.0,False,True,False,NONE,False,Handball,Q421,False,0,0,False,0,False,"176 days, 11:14:30.726673",Active,Q421-HANDBALL-2
0,1608.6956024169922,X-14,False,227.0,0,False,HDB,False,False,False,False,False,10462.0,False,True,False,NONE,False,Handball,X002,False,0,0,False,0,False,"164 days, 12:25:50.885858",Active,X002-ZN01-HANDBALL-1
0,13328.368728637695,B-10,False,310.0,0,False,SCR,False,True,True,False,False,11228.0,False,False,False,AFB,False,45-146ft W x 75-294ft L,B060,True,0,0,False,0,True,"501 days, 10:03:43.232528",Active,B092-SOCCER-1
0,739.5566711425781,R-01,False,501.0,0,False,BOC,False,False,False,False,True,10305.0,False,False,False,NONE,False,Bocce,R035,False,0,0,False,0,False,"139 days, 23:53:46.082143",Active,R035-BOCCE-1
0,2425.4041137695312,M-11,False,111.0,0,False,BKB,False,False,False,False,False,10027.0,False,False,False,NONE,False,Full Court,M058,False,0,0,True,0,False,"197 days, 5:38:35.371407",Active,M058-01-BASKETBALL-1
0,3677.217926025391,M-03,False,103.0,0,False,BKB,False,False,False,False,False,10002.0,False,False,False,NONE,False,Full Court,M064,False,0,0,True,0,False,"248 days, 9:55:04.845379",Active,M064-BASKETBALL-2
0,21972.70783996582,M-11,False,111.0,0,False,SCR,False,False,False,False,False,10035.0,False,False,False,NONE,False,45-146ft W x 75-294ft L,M225,False,0,0,False,0,True,"619 days, 19:02:43.145285",Active,M225-SOCCER-1
0,3772.4202880859375,B-14,False,314.0,0,False,TNS,False,False,False,False,False,11226.0,False,False,True,NONE,False,Tennis,B068,False,0,0,False,0,False,"272 days, 19:34:14.443550",Active,B073-ZN27-TENNIS-7
0,2817.339874267578,Q-14,False,414.0,0,False,TNS,False,False,False,False,False,11692.0,False,False,False,NONE,False,Tennis,Q382,False,0,0,False,0,False,"228 days, 10:42:36.877683",Active,Q382-TENNIS-2
0,743.6347351074219,B-01,False,301.0,0,False,HDB,False,False,False,False,False,11211.0,False,True,False,NONE,False,Handball,B264,False,0,0,False,0,False,"109 days, 22:17:46.837666",Active,B264-HANDBALL-4
0,69513.78732299805,Q-12,False,412.0,0,False,SCR,False,False,False,False,False,11413.0,False,False,False,NONE,False,147-295ft W x 295-393ft L,Q396,False,0,0,False,0,False,"1082 days, 17:34:58.432461",Active,Q396-SOCCER-1
0,806.6783905029297,B-16,False,316.0,0,False,BKB,False,False,False,False,False,11212.0,False,False,False,NONE,False,Half Court,B260,False,0,0,True,0,False,"115 days, 23:29:03.949692",Active,B260-BASKETBALL-5
0,1302.1063079833984,B-13,False,313.0,0,False,HDB,False,False,False,False,False,11224.0,False,True,False,NONE,False,Handball,B169B,False,0,0,False,0,False,"147 days, 0:14:17.216106",Active,B169B-HANDBALL-3
0,13910.812362670898,Q-03,False,403.0,0,False,SFB,True,False,True,False,False,11370.0,False,False,False,NONE,False,"45-60ft base path, less than 150ft fence",Q366,False,0,0,False,0,False,"443 days, 11:14:36.973573",Active,Q366-BASEBALL-1
0,2783.1117553710938,Q-15,False,481.0,0,False,TNS,False,False,False,False,False,11368.0,False,False,False,NONE,False,Tennis,Q099,False,0,0,False,0,False,"226 days, 12:24:46.282487",Archived,Q099-ZN04-TENNIS-25
0,609.4564819335938,B-18,False,318.0,0,False,,False,False,False,False,False,11234.0,False,False,False,NONE,False,,B057,False,0,0,False,0,False,"98 days, 18:02:39.787392",Inactive,B057-06-BASEBALL-1
0,1223.6680297851562,R-01,False,501.0,0,False,BKB,False,False,False,False,False,10305.0,False,False,False,NONE,False,Half Court,R035,False,0,0,False,0,False,"140 days, 21:55:51.493558",Inactive,R035-BASKETBALL-1
0,5844.830139160156,X-12,False,212.0,0,False,NTB,False,False,False,False,False,10467.0,False,False,False,NONE,False,Netball,X169,False,0,0,False,0,False,"322 days, 2:52:36.711864",Removed,X169-NETBALL-1
0,1387.1212921142578,B-18,False,318.0,0,False,HDB,False,False,False,False,False,11229.0,False,True,False,NONE,False,Handball,B057,False,0,0,False,0,False,"150 days, 9:48:24.633378",Active,B057-HANDBALL-3
0,2875.1844787597656,B-02,False,302.0,0,False,TNS,False,False,False,False,False,11201.0,False,False,True,NONE,False,Tennis,B032,False,0,0,False,0,False,"230 days, 22:56:40.937803",Active,B032-ZN02-TENNIS-1
0,1249.0784912109375,B-10,False,310.0,0,False,BOC,False,False,False,False,True,11228.0,False,False,False,NONE,False,Bocce,B028,False,0,0,False,0,False,"219 days, 21:23:05.439232",Active,B028-03-BOCCE-1
0,1414.772430419922,Q-11,False,411.0,0,False,HDB,False,False,False,False,False,11364.0,False,True,False,NONE,False,Handball,Q349,False,0,0,False,0,False,"152 days, 6:03:29.468648",Active,Q349-HANDBALL-1
0,3800.367309570313,M-14,False,109.0,0,False,BKB,False,False,False,False,False,10024.0,False,False,False,NONE,False,Half Court,M071,False,0,0,True,0,False,"252 days, 11:24:53.061489",Active,M071-21-BASKETBALL-2
0,1447.331787109375,B-09,False,309.0,0,False,HDB,False,False,False,False,False,11225.0,False,True,False,NONE,False,Handball,B357,False,0,0,False,0,False,"153 days, 13:34:48.900703",Active,B357-HANDBALL-3
0,1269.2048950195312,Q-11,False,411.0,0,False,HDB,False,False,False,False,False,11364.0,False,True,False,NONE,False,Handball,Q317,False,0,0,False,0,False,"145 days, 21:25:07.830359",Active,Q317-HANDBALL-1
0,3646.556533813477,B-05,False,305.0,0,False,BKB,False,False,False,False,False,11207.0,False,False,False,NONE,False,Full Court,B056,False,0,0,True,0,False,"247 days, 1:03:46.298622",Active,B056-BASKETBALL-2
0,41439.115493774414,M-11,False,111.0,0,False,SFB,True,False,True,False,False,10035.0,False,False,False,NONE,False,"60ft base path, 150-200ft fence",M104,False,0,0,False,0,False,"801 days, 6:24:58.642671",Active,M104-ZN02-BASEBALL-4
0,51935.6201171875,M-13,False,164.0,0,False,BSB,True,False,False,True,False,10025.0,False,False,False,NONE,False,"90ft base path, 200+ft fence",M010,False,0,0,False,0,False,"846 days, 8:32:55.105440",Active,M010-ZN37-BASEBALL-6
0,1462.178741455078,B-16,False,316.0,0,False,HDB,False,False,False,False,False,11212.0,False,True,False,NONE,False,Handball,B156,False,0,0,False,0,False,"155 days, 2:35:24.556765",Active,B156-HANDBALL-1
0,13795.918914794922,X-03,False,203.0,0,False,SCR,False,False,False,False,False,10457.0,False,False,False,NONE,False,45-146ft W x 75-294ft L,X010,False,0,0,False,0,True,"502 days, 6:31:31.564984",Active,X010-04-SOCCER-1
0,73146.70446777344,Q-12,False,412.0,0,False,CRK,False,False,False,False,False,11434.0,False,False,False,NONE,False,60 ft Cricket Pitch,Q448,False,0,0,False,0,False,"1096 days, 2:20:41.528537",Active,Q448-ZN02A-CRICKET-3
0,34971.36706542969,X-08,False,208.0,0,False,SCR,False,False,False,False,False,10471.0,False,False,False,NONE,False,,X201,False,0,0,False,0,False,"807 days, 16:05:59.024827",Inactive,X201-SOCCER-2
0,1405.0498046875,Q-13,False,413.0,0,False,HDB,False,False,False,False,False,11411.0,False,True,False,NONE,False,Handball,Q404,False,0,0,False,0,False,"151 days, 19:21:25.489657",Active,Q404-HANDBALL-1
0,4059.700393676758,B-16,False,316.0,0,False,BKB,False,False,False,False,False,11212.0,False,True,False,NONE,False,Full Court,B249,False,0,0,False,0,False,"264 days, 22:22:48.071319",Active,B249-BASKETBALL-2
0,3735.949325561523,Q-10,False,410.0,0,False,BKB,False,False,False,False,False,11420.0,False,False,False,NONE,False,Full Court,Q092,False,0,0,True,0,False,"250 days, 0:06:44.377643",Active,Q092-BASKETBALL-1
1,35741.33963012695,B-02,False,302.0,0,True,MPPA,True,True,True,False,False,11201.0,False,False,False,AFB,False,"60ft base path, 150-200ft fence",B021,True,0,0,False,0,True,"770 days, 21:30:07.651827",Active,B021-BASEBALL-1
0,4195.873275756836,Q-04,False,404.0,0,False,BKB,False,False,False,False,False,11373.0,False,False,False,NONE,False,Full Court,Q360J,False,0,0,True,0,False,"269 days, 5:15:44.345760",Active,Q360J-BASKETBALL-3
0,2846.0292053222656,Q-15,False,481.0,0,False,TNS,False,False,False,False,False,11368.0,False,False,False,NONE,False,Tennis,Q099,False,0,0,False,0,False,"229 days, 5:38:43.806021",Removed,Q099-ZN04-TENNIS-15
0,3132.161087036133,B-14,False,314.0,0,False,SCR,False,False,False,False,False,11226.0,False,False,False,NONE,False,45-146ft W x 75-294ft L,B068,False,0,0,False,0,False,"231 days, 6:55:08.793063",Inactive,B073-ZN28-SOCCER-3
0,1497.2169799804688,Q-12,False,412.0,0,False,HDB,False,False,False,False,False,11434.0,False,True,False,NONE,False,Handball,Q448,False,0,0,False,0,False,"156 days, 4:28:37.799084",Active,Q210-HANDBALL-2
0,1997.4269561767576,Q-08,False,408.0,0,False,BKB,False,False,False,False,False,11367.0,False,False,False,NONE,False,Half Court,Q336,False,0,0,True,0,False,"179 days, 3:32:40.363637",Active,Q336-BASKETBALL-1
0,68987.99221801758,Q-01,False,401.0,0,False,SCR,False,False,False,False,False,11377.0,False,False,False,NONE,True,147-295ft W x 295-393ft L,Q174A,False,0,0,False,0,True,"1078 days, 4:21:49.361576",Active,Q174A-SOCCER-1
0,2787.158248901367,Q-08,False,408.0,0,False,TNS,False,False,False,False,False,11423.0,False,False,True,NONE,False,Tennis,Q021,False,0,0,False,0,False,"227 days, 6:32:36.925185",Active,Q021-ZN02-TENNIS-6
0,1833.261657714844,M-03,False,103.0,0,False,HDB,False,False,False,False,False,10002.0,False,False,False,NONE,False,Handball,M033,False,0,0,False,0,False,"247 days, 14:41:56.825716",Inactive,M033-HANDBALL-1
0,2975.5606994628906,M-10,False,110.0,0,False,TNS,False,False,False,False,False,10039.0,False,False,True,NONE,False,Tennis,M159,False,0,0,False,0,False,"236 days, 0:36:46.720929",Active,M159-TENNIS-2
0,31289.78895568848,B-13,False,313.0,1,True,SFB,True,False,True,False,False,11214.0,False,False,False,NONE,False,"60ft base path, 150-200ft fence",B106B,False,0,0,False,0,False,"655 days, 0:00:10.957598",Removed,B106B-BASEBALL-1
0,3422.2393493652344,X-01,False,201.0,0,False,BKB,False,False,False,False,False,10454.0,False,False,False,NONE,False,Full Court,X045,False,0,0,True,0,False,"238 days, 2:18:00.428611",Active,X045-03-BASKETBALL-1
0,882.3180541992188,B-18,False,318.0,0,False,BKB,False,False,False,False,False,11234.0,False,False,False,NONE,False,Half Court,B324,False,0,0,True,0,False,"118 days, 22:16:35.391481",Active,B324-BASKETBALL-3
0,3177.4254760742188,X-09,False,209.0,0,False,BKB,False,False,False,False,False,10473.0,False,False,False,NONE,False,Full Court,X204,False,0,0,True,0,False,"234 days, 11:31:22.566336",Active,X204-BASKETBALL-1
0,3096.9905548095703,Q-08,False,408.0,0,False,TNS,False,False,False,False,False,11423.0,False,False,False,NONE,False,Tennis,Q021,False,0,0,False,0,False,"239 days, 21:23:44.040687",Active,Q021-ZN02-TENNIS-11
0,681.2021942138672,M-10,False,110.0,0,False,TNS,False,False,False,False,False,10037.0,False,False,True,NONE,False,Tennis,M217,False,0,0,False,0,False,"110 days, 11:51:31.253515",Active,M217-TENNIS-6
0,1894.5372314453125,M-14,False,107.0,0,False,VLB,False,False,False,False,False,10024.0,False,False,False,NONE,False,Volleyball,M071,False,0,1,False,0,False,"183 days, 1:16:03.141879",Active,M071-ZN20-VOLLEYBALL-4
0,4132.974868774414,X-03,False,203.0,0,False,BKB,False,False,False,False,False,10457.0,False,False,False,NONE,False,Full Court,X010,False,0,0,True,0,False,"267 days, 5:37:23.362866",Active,X010-05-BASKETBALL-1
0,12918.39190673828,Q-13,False,413.0,0,False,SFB,True,False,True,False,False,11411.0,False,False,False,NONE,False,"60ft base path, 150-200ft fence",Q339,False,0,0,False,0,False,"415 days, 5:29:30.262438",Active,Q339-BASEBALL-1
0,3329.7855682373047,X-09,False,209.0,0,False,TNS,False,False,False,False,False,10473.0,False,False,False,NONE,False,,X221,False,0,0,False,0,False,"243 days, 8:31:01.074529",Inactive,X221-TENNIS-1
0,2567.405746459961,B-03,False,303.0,0,False,BKB,False,False,False,False,False,11206.0,False,False,False,NONE,False,Full Court,B322,False,0,0,True,0,False,"205 days, 10:48:54.564876",Active,B322-BASKETBALL-1
0,42688.02551269531,Q-05,False,405.0,0,False,SFB,True,False,True,False,False,11385.0,False,False,False,NONE,True,"60ft base path, 150-200ft fence",Q305,False,0,0,False,0,False,"784 days, 6:24:16.750011",Active,Q305-BASEBALL-3
0,1214.395477294922,M-04,False,104.0,0,False,BKB,False,False,False,False,False,10036.0,False,False,False,NONE,False,Half Court,M277,False,0,0,True,0,False,"139 days, 9:31:38.328352",Active,M277-BASKETBALL-2
0,4293.243850708008,Q-13,False,413.0,0,False,BKB,False,False,False,False,False,11004.0,False,False,False,NONE,False,Full Court,Q352,False,0,0,True,0,False,"270 days, 12:51:45.592482",Active,Q352-BASKETBALL-1
0,41376.693359375,M-11,False,111.0,0,True,SFB,True,False,True,False,False,10035.0,False,False,False,NONE,False,"60ft base path, 150-200ft fence",M104,False,0,0,False,0,False,"801 days, 2:42:20.634823",Active,M104-ZN01-BASEBALL-11
0,1386.4578552246094,B-09,False,309.0,0,False,HDB,False,False,False,False,False,11225.0,False,True,False,NONE,False,Handball,B267,False,0,0,False,0,False,"149 days, 17:52:45.560017",Active,B267-HANDBALL-1
0,28328.541946411133,B-08,False,308.0,0,False,SFB,False,False,True,False,False,11213.0,False,False,False,NONE,True,"60ft base path, 150-200ft fence",B054,False,0,0,False,0,False,"635 days, 6:16:32.167061",Active,B054-ZN01-BASEBALL-1
0,3510.078079223633,Q-11,False,411.0,0,False,BKB,False,False,False,False,False,11364.0,False,False,False,NONE,False,Half Court,Q349,False,0,0,True,0,False,"241 days, 7:43:48.048202",Active,Q349-BASKETBALL-4
0,2550.891357421875,Q-06,False,406.0,0,False,BKB,False,False,False,False,False,11375.0,False,False,False,NONE,False,Full Court,Q335,False,0,0,True,0,False,"205 days, 19:13:39.291455",Active,Q335-BASKETBALL-1
0,4332.785919189453,B-01,False,301.0,0,False,BKB,False,False,False,False,False,11206.0,False,False,False,NONE,False,Full Court,B127,False,0,0,True,0,False,"272 days, 1:17:59.396455",Active,B127-BASKETBALL-1
0,2348.197769165039,B-16,False,316.0,0,False,BKB,False,False,False,False,False,11212.0,False,False,False,NONE,False,Half Court,B249,False,0,0,True,0,False,"193 days, 21:42:20.902701",Active,B249-BASKETBALL-1
0,1121.3146057128906,Q-12,False,412.0,0,False,BKB,False,False,False,False,False,11413.0,False,False,False,NONE,False,Half Court,Q330,False,0,0,False,0,False,"134 days, 4:03:00.499773",Active,Q330-BASKETBALL-5
0,2650.564514160156,Q-01,False,401.0,0,False,TNS,False,False,False,False,False,11105.0,False,False,True,NONE,False,Tennis,Q004,False,0,0,False,0,False,"222 days, 10:52:33.576568",Active,Q004-ZN04-TENNIS-8
0,1081.003875732422,B-02,False,302.0,0,False,HDB,False,False,False,False,False,11205.0,False,True,False,NONE,False,Handball,B253,False,0,0,False,0,False,"134 days, 22:54:11.708670",Active,B253-HANDBALL-1
0,1118.2815856933594,Q-10,False,410.0,0,False,HDB,False,False,False,False,False,11417.0,False,True,False,NONE,False,Handball,Q094,False,0,0,False,0,False,"136 days, 1:28:08.537410",Active,Q094-01-HANDBALL-6
0,1058.8475799560547,B-03,False,303.0,0,False,HDB,False,False,False,False,False,11221.0,False,True,False,NONE,False,Handball,B224,False,0,0,False,0,False,"134 days, 4:17:54.153689",Active,B224-HANDBALL-2
0,1071.6993255615234,X-01,False,201.0,0,False,HDB,False,False,False,False,False,10454.0,False,True,False,NONE,False,Handball,X041,False,0,0,False,0,False,"135 days, 10:05:58.223650",Active,X041-HANDBALL-2
0,1379.7613525390625,B-03,False,303.0,0,False,BKB,False,False,False,False,False,11221.0,False,False,False,NONE,False,Half Court,B224,False,0,0,True,0,False,"151 days, 2:19:55.439762",Active,B224-BASKETBALL-3
0,3663.768341064453,B-13,False,313.0,0,False,BKB,False,False,False,False,False,11235.0,False,False,False,NONE,False,Full Court,B169A,False,0,0,True,0,False,"247 days, 22:48:02.143566",Active,B169A-BASKETBALL-3
0,1448.1029205322266,Q-11,False,411.0,0,False,BKB,False,False,False,False,False,11362.0,False,False,False,NONE,False,Half Court,Q346,False,0,0,False,0,False,"152 days, 14:31:32.996784",Active,Q346-BASKETBALL-3
0,73145.06687927246,B-18,False,318.0,0,False,CRK,False,False,False,False,False,11236.0,False,False,False,NONE,False,60 ft Cricket Pitch,B018,False,0,0,False,0,False,"1096 days, 1:55:22.012647",Inactive,B018-ZN01-CRICKET-2
0,1739.4659118652344,X-11,False,211.0,0,False,HDB,False,False,False,False,False,10469.0,False,True,False,NONE,False,Handball,X156,False,0,0,False,0,False,"167 days, 5:19:06.629862",Active,X156-HANDBALL-4
0,3684.372055053711,R-01,False,501.0,0,False,BKB,False,False,False,False,False,10304.0,False,False,False,NONE,False,Full Court,R061,False,0,0,False,0,False,"248 days, 17:24:33.094267",Closed Temporarily,R061-BASKETBALL-2
0,39281.2603302002,Q-11,False,411.0,0,False,SFB,True,False,True,False,False,11365.0,False,False,False,NONE,False,"60ft base path, 150-200ft fence",Q300A,False,0,0,False,0,False,"786 days, 14:01:07.917586",Active,Q300A-ZN01-BASEBALL-1
0,2820.413803100586,B-12,False,312.0,0,False,TNS,False,False,False,False,False,11230.0,False,False,True,NONE,False,Tennis,B372,False,0,1,False,0,False,"227 days, 0:59:44.054843",Active,B372-TENNIS-1
0,3742.654678344727,Q-11,False,411.0,0,False,BKB,False,False,False,False,False,11364.0,False,False,False,NONE,False,Full Court,Q317,False,0,0,True,0,False,"249 days, 7:34:05.593128",Active,Q317-BASKETBALL-1
0,2485.564727783203,Q-13,False,413.0,0,False,BKB,False,False,False,False,False,11426.0,False,False,False,NONE,False,Full Court,Q327,False,0,0,True,0,False,"203 days, 8:16:56.303315",Active,Q327-BASKETBALL-1
0,3696.953826904297,M-04,False,104.0,0,False,BKB,False,False,False,False,False,10019.0,False,False,False,NONE,False,Full Court,M022,False,0,0,True,0,False,"250 days, 5:15:08.487521",Active,M022-BASKETBALL-1
0,2630.143264770508,M-09,False,109.0,0,False,BKB,False,False,False,False,False,10027.0,False,False,False,NONE,False,Full Court,M077,False,0,0,True,0,False,"210 days, 9:54:32.509161",Active,M077-04-BASKETBALL-1
0,2781.4808807373047,M-12,False,112.0,0,False,TNS,False,False,False,False,False,10034.0,False,False,True,NONE,False,Tennis,M042,False,0,0,False,0,False,"228 days, 0:42:42.551878",Active,M042-ZN01-TENNIS-9
0,4175.749359130859,B-17,False,317.0,0,False,BKB,False,False,False,False,False,11236.0,False,False,False,NONE,False,Full Court,B271,False,0,0,True,0,False,"266 days, 21:24:15.117259",Active,B271-BASKETBALL-5
0,2900.784805297852,M-08,False,108.0,0,False,TNS,False,False,False,False,False,10022.0,False,False,False,NONE,False,Tennis,M070,False,0,0,False,0,False,"230 days, 1:37:15.223822",Active,M070-TENNIS-7
0,2394.1321563720703,B-08,False,308.0,0,False,BKB,False,False,False,False,False,11213.0,False,False,False,NONE,False,Full Court,B054,False,0,0,True,0,False,"199 days, 17:35:55.504455",Active,B054-ZN01-BASKETBALL-3
0,2871.9790954589844,B-05,False,305.0,0,False,TNS,False,False,False,False,False,11207.0,False,False,True,NONE,False,Tennis,B214,False,0,0,False,0,False,"230 days, 22:42:38.743259",Active,B214-01-TENNIS-3
0,2583.224334716797,M-14,False,107.0,0,False,BKB,False,False,False,False,False,10023.0,False,False,False,NONE,False,Full Court,M353,False,0,0,True,0,False,"209 days, 13:25:27.332127",Active,M071-ZN31-BASKETBALL-1
0,2881.2511138916016,Q-07,False,407.0,0,False,TNS,False,False,False,False,False,11357.0,False,False,True,NONE,False,Tennis,Q390,False,0,0,False,0,False,"230 days, 10:20:27.432990",Active,Q390-TENNIS-1
0,4704.976135253906,M-11,False,111.0,0,False,BKB,False,False,False,False,False,10029.0,False,False,False,NONE,False,Full Court,M183,False,0,0,True,0,False,"288 days, 6:18:49.182141",Active,M183-BASKETBALL-1
0,2417.611312866211,M-07,False,107.0,0,False,BKB,False,False,False,False,False,10025.0,False,False,False,NONE,False,Full Court,M220,False,0,0,True,0,False,"202 days, 12:01:35.735764",Active,M220-BASKETBALL-1
0,18226.72538757324,X-02,False,202.0,0,False,SFB,True,False,True,True,False,10474.0,False,False,False,NONE,False,"60ft base path, 150-200ft fence",X260,False,0,0,False,0,False,"515 days, 9:14:39.390621",Active,X260-BASEBALL-1
0,804.0312042236328,Q-08,False,408.0,0,False,BOC,False,False,False,False,True,11423.0,False,False,False,NONE,False,Bocce,Q021,False,0,0,False,0,False,"180 days, 23:57:50.899238",Active,Q021-ZN02-BOCCE-2
0,2858.663116455078,M-08,False,108.0,0,False,TNS,False,False,False,False,False,10065.0,False,False,True,NONE,False,,M079,False,0,0,False,0,False,"229 days, 4:29:31.876864",Active,M079-TENNIS-3
0,43055.39051818848,Q-15,False,481.0,0,False,SCR,False,False,False,False,False,11368.0,False,False,False,NONE,False,147-295ft W x 295-393ft L,Q099,False,0,0,False,0,True,"886 days, 9:31:16.682741",Active,Q099-ZN15-SOCCER-1
0,1431.8814544677734,Q-02,False,402.0,0,False,HDB,False,False,False,False,False,11101.0,False,True,False,NONE,False,Handball,Q360U,False,0,0,False,0,False,"151 days, 23:14:32.171704",Active,Q360U-HANDBALL-2
0,1094.0479125976562,Q-05,False,405.0,0,False,BKB,False,False,False,False,False,11385.0,False,False,False,NONE,False,Half Court,Q305,False,0,0,False,0,False,"132 days, 20:57:24.388917",Active,Q305-BASKETBALL-4
0,1017.4830932617188,Q-05,False,405.0,0,False,BOC,False,False,False,False,True,11378.0,False,False,False,NONE,False,Bocce,Q131,False,0,0,False,0,False,"182 days, 20:07:20.919093",Active,Q131-01-BOCCE-2
0,21336.95948791504,M-11,False,111.0,1,False,SFB,True,False,True,True,False,10027.0,False,False,False,NONE,False,"45-60ft base path, less than 150ft fence",M058,False,0,0,False,0,False,"539 days, 19:48:52.447294",Active,M058-ZN01-BASEBALL-1
0,2499.4908752441406,B-18,False,318.0,0,False,BKB,False,False,False,False,False,11236.0,False,False,False,NONE,False,Full Court,B274,False,0,0,True,0,False,"203 days, 9:17:00.716890",Active,B274-BASKETBALL-3
0,962.3381958007812,Q-14,False,414.0,0,False,BKB,False,False,False,False,False,11693.0,False,False,False,NONE,False,Half Court,Q367,False,0,0,False,0,False,"127 days, 4:35:34.201342",Active,Q367-BASKETBALL-1
0,1030.2012634277344,R-01,False,501.0,0,False,HDB,False,False,False,False,False,10310.0,False,False,False,NONE,False,Handball,R034,False,0,0,False,0,False,"130 days, 20:12:33.404591",Inactive,R034-HANDBALL-2
0,1089.9225311279297,Q-01,False,401.0,0,False,HDB,False,False,False,False,False,11105.0,False,True,False,NONE,False,Handball,Q385,False,0,0,False,0,False,"132 days, 17:37:23.008527",Active,Q385-HANDBALL-1
0,1282.2992706298828,B-11,False,311.0,0,False,BKB,False,False,False,False,False,11214.0,False,False,False,NONE,False,Half Court,B277,False,0,0,False,0,False,"144 days, 12:30:36.537540",Inactive,B277-BASKETBALL-2
0,2790.470733642578,B-10,False,310.0,0,False,PKB,False,False,False,False,False,11209.0,False,False,False,NONE,False,Tennis,B210W,False,0,0,False,0,False,"227 days, 20:33:33.980819",Active,B210W-03-TENNIS-1
0,2756.648941040039,B-15,False,315.0,0,False,TNS,False,False,False,False,False,11223.0,False,False,True,NONE,False,Tennis,B244,False,0,0,False,0,False,"226 days, 1:59:37.474791",Active,B244-TENNIS-7
0,61559.09721374512,Q-07,False,407.0,0,False,SFB,True,False,True,False,False,11365.0,False,False,False,NONE,False,"60ft base path, 150-200ft fence",Q024,False,0,0,False,0,False,"968 days, 16:31:59.549595",Active,Q024-ZN04-BASEBALL-3
0,48239.49690246582,X-01,False,201.0,0,False,BSB,False,False,False,True,False,10454.0,False,False,False,NONE,False,"90ft base path, 200+ft fence",X045,False,0,0,False,0,False,"833 days, 8:22:25.594906",Active,X045-ZN01-BASEBALL-1
0,1207.9631652832031,Q-12,False,412.0,0,False,BKB,False,False,False,False,False,11434.0,False,False,False,NONE,False,Half Court,Q005,False,0,0,True,0,False,"140 days, 14:46:23.135963",Active,Q005-05-BASKETBALL-1
0,2884.144241333008,Q-12,False,412.0,0,False,BKB,False,False,False,False,False,11434.0,False,False,False,NONE,False,Full Court,Q448,False,0,0,True,0,False,"223 days, 4:12:21.243384",Active,Q210-BASKETBALL-1
0,2797.746536254883,Q-10,False,410.0,0,False,TNS,False,False,False,False,False,11420.0,False,False,True,NONE,False,Tennis,Q092,False,0,0,False,0,False,"227 days, 11:42:51.364986",Active,Q092-TENNIS-4
0,38458.01075744629,B-10,False,310.0,0,True,SFB,True,False,True,False,False,11209.0,False,False,False,NONE,False,"60ft base path, 150-200ft fence",B082,False,0,0,False,0,False,"713 days, 4:56:32.013342",Active,B082-ZN05-BASEBALL-5
0,71215.37809753418,X-07,False,207.0,0,False,BSB,False,False,False,True,False,10468.0,False,False,False,NONE,True,"90ft base path, 200+ft fence",X136,False,0,0,False,0,False,"983 days, 10:39:50.058896",Active,X136-BASEBALL-1
0,1102.2179107666016,X-15,False,228.0,0,False,HDB,False,False,False,False,False,10464.0,False,True,False,NONE,False,Handball,X039,False,0,0,False,0,False,"137 days, 17:17:31.193704",Active,X039-ZN17-HANDBALL-21
0,768.7773132324219,Q-07,False,407.0,0,False,BKB,False,False,False,False,False,11355.0,False,False,False,NONE,False,Half Court,Q300,False,0,0,False,0,False,"111 days, 10:29:13.104718",Active,Q300-03-BASKETBALL-3
0,1071.7738800048828,B-10,False,310.0,0,False,HDB,False,False,False,False,False,11209.0,False,True,False,NONE,False,Handball,B192,False,0,0,False,0,False,"134 days, 17:16:05.734980",Active,B192-HANDBALL-2
0,1189.0451354980469,X-08,False,208.0,0,False,HDB,False,False,False,False,False,10463.0,False,True,False,NONE,False,Handball,X150J,False,0,0,False,0,False,"138 days, 23:28:09.308145",Active,X150J-HANDBALL-2
0,4165.021255493164,B-08,False,308.0,0,False,BKB,False,False,False,False,False,11213.0,False,False,False,NONE,False,Full Court,B364,False,0,0,True,0,False,"266 days, 20:55:12.434534",Active,B364-BASKETBALL-2
0,2448.3634185791016,B-01,False,301.0,0,False,TNS,False,False,False,False,False,11222.0,False,False,False,NONE,False,Tennis,B058,False,0,0,False,0,False,"213 days, 21:00:08.063216",Inactive,B058-ZN04-TENNIS-5
0,1192.755340576172,B-01,False,301.0,0,False,HDB,False,False,False,False,False,11206.0,False,True,False,NONE,False,Handball,B022,False,0,0,False,0,False,"139 days, 4:46:12.564245",Active,B022-HANDBALL-4
0,1326.2857208251953,Q-14,False,414.0,0,False,HDB,False,False,False,False,False,11691.0,False,True,False,NONE,False,Handball,Q266,False,0,0,False,0,False,"148 days, 7:42:41.667540",Active,Q266-HANDBALL-4
0,4559.757995605469,B-05,False,305.0,0,False,BKB,False,False,False,False,False,11208.0,False,False,False,NONE,False,Full Court,B103,False,0,0,True,0,False,"278 days, 8:06:16.539805",Active,B103-BASKETBALL-1
0,2872.105087280273,X-04,False,204.0,1,False,TNS,False,False,False,False,False,10451.0,False,False,True,NONE,False,Tennis,X344,False,0,0,False,0,False,"230 days, 6:49:18.194715",Active,X344-TENNIS-12
0,1114.5259552001953,Q-14,False,414.0,0,False,BKB,False,False,False,False,False,11691.0,False,False,False,NONE,False,Half Court,Q353,False,0,0,False,0,False,"133 days, 13:18:45.592418",Active,Q353-BASKETBALL-4
0,3651.6378784179688,Q-07,False,407.0,0,False,BKB,False,False,False,False,False,11355.0,False,False,False,NONE,False,Full Court,Q300,False,0,0,True,0,False,"247 days, 23:33:31.703780",Active,Q300-04-BASKETBALL-2
0,728.5744018554688,Q-07,False,407.0,0,False,BKB,False,False,False,False,False,11354.0,False,False,False,NONE,False,Half Court,Q347,False,0,0,False,0,False,"109 days, 12:17:24.497517",Active,Q347-BASKETBALL-4
0,35421.79231262207,B-18,False,318.0,0,True,SFB,True,False,True,False,False,11234.0,False,False,False,NONE,False,"60ft base path, 150-200ft fence",B329,False,0,0,False,0,False,"694 days, 13:22:08.153755",Active,B329-BASEBALL-2
0,2403.125518798828,B-03,False,303.0,0,False,BKB,False,False,False,False,False,11216.0,False,False,False,NONE,False,Full Court,B323,False,0,0,True,0,False,"200 days, 19:13:03.536712",Active,B323-BASKETBALL-1
0,35368.719955444336,R-01,False,503.0,0,False,BSB,False,False,False,False,False,10301.0,False,False,False,NONE,False,"60ft base path, 150-200ft fence",R169,False,0,0,False,0,False,"691 days, 19:55:29.909592",Active,R169-BASEBALL-01
0,2881.599807739258,X-12,False,212.0,0,False,TNS,False,False,False,False,False,10466.0,False,False,True,NONE,False,Tennis,X193,False,0,0,False,0,False,"230 days, 4:05:05.979701",Active,X193-TENNIS-1
0,1349.1751403808594,B-16,False,316.0,0,False,HDB,False,False,False,False,False,11212.0,False,True,False,NONE,False,Handball,B008,False,0,0,False,0,False,"148 days, 20:51:58.795371",Closed Temporarily,B008-03-HANDBALL-1
0,10199.041595458984,Q-10,False,410.0,0,False,,False,False,False,False,False,11420.0,False,False,False,NONE,False,,Q096A,False,0,0,False,0,False,"376 days, 23:37:06.394079",Inactive,Q096A-BASEBALL-5
0,29743.237258911133,Q-07,False,407.0,0,False,MPPA,False,False,True,False,False,11355.0,False,False,False,NONE,False,"60ft base path, 150-200ft fence",Q300,False,0,0,False,0,True,"631 days, 21:49:19.076759",Active,Q300-05-BASEBALL-1
0,4128.553283691406,B-16,False,316.0,0,False,BKB,False,False,False,False,False,11233.0,False,False,False,NONE,True,Full Court,B219,False,0,0,True,0,False,"268 days, 0:41:18.772274",Active,B219-BASKETBALL-1
0,1916.534896850586,B-03,False,303.0,0,False,BKB,False,False,False,False,False,11216.0,False,False,False,NONE,False,Half Court,B323,False,0,0,True,0,False,"175 days, 5:40:52.092246",Active,B323-BASKETBALL-2
0,23790.82403564453,Q-01,False,401.0,0,False,MPPA,False,False,False,False,False,11102.0,False,False,False,NONE,False,147-295ft W x 295-393ft L,Q321,False,0,0,False,0,True,"662 days, 0:13:51.960399",Active,Q321-MPPA-1
0,1764.3465423583984,X-01,False,201.0,0,False,VLB,False,False,False,False,False,10454.0,False,False,False,NONE,False,,X045,False,0,0,False,0,False,"179 days, 2:56:17.896328",Inactive,X045-ZN03-VOLLEYBALL-1
0,1437.6555786132812,Q-12,False,412.0,0,False,HDB,False,False,False,False,False,11433.0,False,True,False,NONE,False,Handball,Q121,False,0,0,False,0,False,"152 days, 23:51:54.641294",Active,Q121-02-HANDBALL-1
0,2794.414093017578,B-10,False,310.0,0,False,TNS,False,False,False,False,False,11228.0,False,False,True,NONE,False,Tennis,B028,False,0,0,False,0,False,"227 days, 19:56:37.684941",Active,B028-ZN01-TENNIS-5
0,26072.42416381836,Q-07,False,407.0,0,False,SFB,True,False,False,True,False,11357.0,False,False,False,NONE,False,"45-60ft base path, less than 150ft fence",Q334,False,0,0,False,0,False,"639 days, 3:01:29.174957",Active,Q334-SOFTBALL-1
0,4099.8538818359375,Q-08,False,408.0,0,False,BKB,False,False,False,False,False,11365.0,False,False,False,NONE,False,Full Court,Q294,False,0,0,True,0,False,"266 days, 3:28:22.637051",Active,Q294-BASKETBALL-2
0,9696.734512329102,B-10,False,310.0,0,True,SFB,True,False,True,False,False,11220.0,False,False,False,NONE,True,"60ft base path, 150-200ft fence",B146,False,0,0,False,0,False,"367 days, 7:15:03.787038",Active,B146-BASEBALL-1
0,16551.386184692383,X-09,False,209.0,0,True,SFB,True,False,True,False,False,10472.0,False,False,False,NONE,False,"60ft base path, 150-200ft fence",X208,False,0,0,False,0,False,"480 days, 16:35:50.657208",Active,X208-BASEBALL-1
0,610.2202758789062,M-03,False,103.0,0,False,BKB,False,False,False,False,False,10002.0,False,False,False,NONE,False,Half Court,M241,False,0,0,True,0,False,"98 days, 23:10:23.427647",Active,M241-BASKETBALL-3
0,1706.240951538086,Q-14,False,414.0,0,False,HDB,False,False,False,False,False,11693.0,False,True,False,NONE,False,Handball,Q403,False,0,0,False,0,False,"166 days, 1:24:44.452023",Active,Q403-HANDBALL-1
0,1666.147476196289,Q-01,False,401.0,0,False,HDB,False,False,False,False,False,11106.0,False,True,False,NONE,False,Handball,Q218,False,0,0,False,0,False,"165 days, 23:33:33.365466",Active,Q218-HANDBALL-2
0,1325.12353515625,B-15,False,315.0,0,False,HDB,False,False,False,False,False,11235.0,False,True,False,NONE,False,Handball,B166B,False,0,0,False,0,False,"148 days, 14:19:44.991333",Active,B166B-HANDBALL-3
0,2427.6627807617188,Q-14,False,414.0,0,False,BKB,False,False,False,False,False,11692.0,False,False,False,NONE,False,Full Court,Q443,False,0,0,True,0,False,"199 days, 7:10:01.248390",Active,Q443-BASKETBALL-2
0,21787.026794433597,B-15,False,315.0,0,False,SFB,True,False,True,False,False,11229.0,False,False,False,NONE,False,"60ft base path, 150-200ft fence",B051,False,0,0,False,0,False,"539 days, 8:48:05.033471",Active,B051-BASEBALL-1
0,1797.2516632080078,Q-13,False,413.0,0,False,TNS,False,False,False,False,False,11422.0,False,False,False,NONE,False,,Q108,False,0,0,False,0,False,"180 days, 0:07:26.699618",Inactive,Q108-TENNIS-1
0,2786.3397521972656,Q-06,False,406.0,0,False,TNS,False,False,False,False,False,11375.0,False,False,False,NONE,False,Tennis,Q335,False,0,0,False,0,False,"226 days, 18:18:16.630320",Active,Q335-TENNIS-1
0,1393.812515258789,B-18,False,318.0,0,False,HDB,False,False,False,False,False,11234.0,False,True,False,NONE,False,Handball,B329,False,0,0,False,0,False,"152 days, 7:30:16.022375",Active,B329-01-HANDBALL-3
0,2441.187026977539,B-08,False,308.0,0,False,HDB,False,False,False,False,False,11217.0,False,False,False,NONE,False,Full Court,B232,False,0,0,False,0,False,"200 days, 7:19:55.881806",Inactive,B232-HANDBALL-4
0,2793.319366455078,Q-05,False,305.0,0,False,TNS,False,False,False,False,False,11207.0,False,False,True,NONE,True,Tennis,B047,False,0,0,False,0,False,"227 days, 0:23:19.706377",Active,Q020-ZN04-TENNIS-7
0,3462.8836364746094,Q-08,False,408.0,0,False,BKB,False,False,False,False,False,11423.0,False,False,False,NONE,False,Full Court,Q021,False,0,0,True,0,False,"240 days, 7:48:31.286693",Active,Q021-01-BASKETBALL-1
0,1182.745834350586,M-11,False,111.0,0,False,HDB,False,False,False,False,False,10029.0,False,False,False,NONE,False,Handball,M183,False,0,0,False,0,False,"140 days, 17:04:43.614400",Active,M183-HANDBALL-2
0,2789.112350463867,Q-13,False,413.0,0,False,BKB,False,False,False,False,False,11413.0,False,False,False,NONE,False,Full Court,Q406,False,0,0,False,0,False,"214 days, 15:48:14.402589",Active,Q406-BASKETBALL-1
0,1454.9620208740234,X-07,False,207.0,0,False,HDB,False,False,False,False,False,10468.0,False,True,False,NONE,False,Handball,X150E,False,0,0,False,0,False,"155 days, 12:30:21.012178",Active,X150E-HANDBALL-7
0,2826.314849853516,Q-15,False,481.0,0,False,TNS,False,False,False,False,False,11368.0,False,False,False,NONE,False,Tennis,Q099,False,0,0,False,0,False,"228 days, 8:00:07.228873",Archived,Q099-ZN04-TENNIS-122
0,717.2381591796875,M-11,False,111.0,0,False,BKB,False,False,False,False,False,10037.0,False,False,False,NONE,False,Half Court,M204,False,0,0,True,0,False,"107 days, 3:36:10.294820",Active,M204-BASKETBALL-3
0,1626.7027130126953,Q-14,False,414.0,0,False,HDB,False,False,False,False,False,11693.0,False,True,False,NONE,False,Handball,Q163,False,0,0,False,0,False,"163 days, 21:20:23.187072",Active,Q163-ZN05B-HANDBALL-7
0,4052.847778320313,B-16,False,316.0,0,False,BKB,False,False,False,False,False,11212.0,False,False,False,NONE,False,Full Court,B249,False,0,0,True,0,False,"265 days, 4:56:12.743549",Active,B249-BASKETBALL-4
0,34827.59242248535,M-04,False,104.0,0,False,SCR,False,True,False,False,False,10019.0,True,False,False,AFB,True,147-295ft W x 295-393ft L,M022,True,0,0,False,0,True,"766 days, 20:25:32.754429",Active,M022-SOCCER-1
0,2621.939758300781,M-09,False,109.0,0,False,BKB,False,False,False,False,False,10026.0,False,False,False,NONE,False,Full Court,M056,False,0,0,True,0,False,"211 days, 12:43:51.545723",Active,M056-01-BASKETBALL-3
0,1783.1073303222656,B-18,False,318.0,0,False,HDB,False,False,False,False,False,11234.0,False,True,False,NONE,False,Handball,B248,False,0,0,False,0,False,"172 days, 8:23:28.810948",Active,B248-HANDBALL-1
0,2654.0106506347656,Q-16,False,482.0,0,False,TNS,False,False,False,False,False,11385.0,False,False,True,NONE,False,Tennis,Q015,False,0,0,False,0,False,"221 days, 9:00:02.365862",Active,Q015-ZN07-TENNIS-10
0,3959.740615844727,Q-05,False,305.0,0,False,BKB,False,False,False,False,False,11207.0,False,False,False,NONE,False,Full Court,B047,False,0,0,True,0,False,"261 days, 0:57:40.573591",Active,Q020-ZN04-BASKETBALL-2
0,3595.995834350586,B-10,False,310.0,0,False,BKB,False,False,False,False,False,11228.0,False,False,False,NONE,False,Full Court,B028,False,0,0,True,0,False,"248 days, 7:07:31.983904",Active,B028-ZN01-BASKETBALL-1
0,1013.7668762207032,Q-14,False,414.0,0,False,BKB,False,False,False,False,False,11691.0,False,False,False,NONE,False,Half Court,Q162J,False,0,0,False,0,False,"130 days, 15:13:04.377498",Inactive,Q162J-BASKETBALL-2
0,3649.399642944336,M-11,False,111.0,0,False,BKB,False,False,False,False,False,10035.0,False,False,False,NONE,True,Full Court,M208E,False,0,0,False,0,False,"247 days, 22:00:08.115510",Removed,M208E-BASKETBALL-1
0,28007.16893005371,B-06,False,306.0,0,False,SFB,False,False,True,False,False,11231.0,False,False,False,NONE,True,"60ft base path, 150-200ft fence",,False,0,0,False,0,False,"624 days, 15:29:09.526946",Active,B223A-BASEBALL-1
0,1226.8932647705078,B-13,False,313.0,0,False,BKB,False,False,False,False,False,11235.0,False,False,False,NONE,False,Half Court,B275,False,0,0,True,0,False,"141 days, 21:29:16.949028",Active,B275-BASKETBALL-2
0,77818.16261291504,M-13,False,164.0,1,False,BSB,True,False,False,True,False,10025.0,False,False,False,NONE,False,"90ft base path, 200+ft fence",M010,False,0,0,False,0,False,"1089 days, 19:53:10.349727",Active,M010-ZN37-BASEBALL-11
0,1123.4411010742188,Q-11,False,411.0,0,False,HDB,False,False,False,False,False,11362.0,False,True,False,NONE,False,Handball,Q346,False,0,0,False,0,False,"138 days, 2:02:53.758724",Active,Q346-HANDBALL-4
0,1314.7945861816406,Q-05,False,405.0,0,False,HDB,False,False,False,False,False,11385.0,False,True,False,NONE,False,Handball,Q305,False,0,0,False,0,False,"145 days, 1:46:36.472294",Active,Q305-HANDBALL-1
0,3487.311721801758,B-04,False,304.0,0,False,BKB,False,False,False,False,False,11221.0,False,False,False,NONE,False,Full Court,B334,False,0,0,True,0,False,"243 days, 4:45:05.855806",Active,B334-BASKETBALL-1
0,2253.0164642333984,M-09,False,109.0,0,False,BKB,False,False,False,False,False,10031.0,False,False,False,NONE,False,Full Court,M041,False,0,0,True,0,False,"194 days, 2:12:46.076095",Active,M041-BASKETBALL-1
0,1592.115692138672,B-18,False,318.0,0,False,HDB,False,False,False,False,False,11236.0,False,True,False,NONE,False,Handball,B279,False,0,0,False,0,False,"160 days, 7:36:07.235969",Active,B279-HANDBALL-1
0,4087.79508972168,B-16,False,316.0,0,False,BKB,False,False,False,False,False,11233.0,False,False,False,NONE,True,Full Court,B219,False,0,0,True,0,False,"266 days, 22:28:29.825412",Active,B219-BASKETBALL-3
0,33206.64340209961,Q-01,False,401.0,0,False,SFB,True,False,True,False,False,11106.0,False,False,False,NONE,False,"60ft base path, 150-200ft fence",Q333,False,0,0,False,0,False,"735 days, 12:12:50.432591",Active,Q333-BASEBALL-1
0,1089.8313751220703,X-11,False,211.0,0,False,HDB,False,False,False,False,False,10467.0,False,True,False,NONE,False,Handball,X162,False,0,0,False,0,False,"134 days, 21:18:33.732682",Active,X162-HANDBALL-1
0,49956.69677734375,B-19,False,355.0,0,False,CRK,False,False,False,False,False,11215.0,False,False,False,NONE,False,60 ft Cricket Pitch,,False,0,0,False,0,False,"839 days, 4:37:55.109705",Inactive,B073-ZN13-CRICKET-2
0,31788.458984375,X-04,False,204.0,0,False,BSB,False,False,False,False,False,10452.0,False,False,False,NONE,False,"60ft base path, 150-200ft fence",X261,False,0,0,False,0,False,"708 days, 3:38:44.434863",Active,X261-BASEBALL-1
0,2640.8827362060547,B-05,False,305.0,0,False,TNS,False,False,False,False,False,11207.0,False,False,True,NONE,True,Tennis,B047,False,0,0,False,0,False,"223 days, 1:52:42.086376",Inactive,Q020-ZN04-TENNIS-13
0,3518.388412475586,B-07,False,307.0,0,False,BKB,False,False,False,False,False,11232.0,False,False,False,NONE,False,Full Court,B087,False,0,0,True,0,False,"242 days, 9:48:58.484989",Active,B087-01-BASKETBALL-4
0,3893.1643829345694,B-11,False,311.0,0,False,TRK,False,False,False,False,False,11204.0,False,False,False,NONE,False,Jogging Path,B100,False,0,0,False,0,False,"1378 days, 15:37:15.892864",Active,B100-01-TRACK-1
0,3921.332427978516,M-11,False,111.0,0,False,BKB,False,False,False,False,False,10035.0,False,False,False,NONE,True,Full Court,M208D,False,0,0,True,0,False,"257 days, 11:13:16.753532",Active,M208D-BASKETBALL-2
0,4268.92936706543,Q-05,False,405.0,0,False,BKB,False,False,False,False,False,11385.0,False,False,False,NONE,False,Full Court,Q002,False,0,0,True,0,False,"269 days, 17:04:16.446824",Active,Q002-BASKETBALL-2
0,929.8541717529296,Q-06,False,406.0,0,False,BKB,False,False,False,False,False,11375.0,False,False,False,NONE,False,Half Court,Q335,False,0,0,True,0,False,"122 days, 3:25:09.233948",Active,Q335-BASKETBALL-2
0,3856.553131103516,B-16,False,316.0,0,False,BKB,False,False,False,False,False,11212.0,False,False,False,NONE,False,Full Court,B363,False,0,0,False,0,False,"255 days, 16:29:20.319539",Inactive,B363-BASKETBALL-2
0,14955.977081298828,B-10,False,310.0,0,False,SCR,False,False,False,False,False,11228.0,False,False,False,NONE,False,45-146ft W x 75-294ft L,B028,False,0,0,False,0,False,"507 days, 14:34:19.123386",Inactive,B028-ZN02-SOCCER-2
0,2793.7649841308594,M-13,False,164.0,0,False,TNS,False,False,False,False,False,10024.0,False,False,True,NONE,False,Tennis,M010,False,0,0,False,0,False,"227 days, 5:57:22.886033",Active,M010-ZN34-TENNIS-24
0,2650.593643188477,Q-01,False,401.0,0,False,TNS,False,False,False,False,False,11105.0,False,False,True,NONE,False,Tennis,Q004,False,0,0,False,0,False,"222 days, 10:54:08.040277",Active,Q004-ZN04-TENNIS-13
0,1455.7938232421875,B-15,False,315.0,0,False,HDB,False,False,False,False,False,11235.0,False,True,False,NONE,False,Handball,B166B,False,0,0,False,0,False,"155 days, 22:37:37.146568",Active,B166B-HANDBALL-1
0,1566.9986724853516,Q-12,False,412.0,0,False,SFB,False,False,True,False,False,11433.0,False,False,False,NONE,False,"45-60ft base path, less than 150ft fence",Q301,False,0,0,False,0,False,"158 days, 8:19:08.304931",Inactive,Q301-BASEBALL-1
0,4073.367462158203,Q-05,False,405.0,0,False,BKB,False,False,False,False,False,11385.0,False,False,False,NONE,False,Full Court,Q305,False,0,0,True,0,False,"264 days, 15:19:54.734097",Active,Q305-BASKETBALL-2
0,10745.239395141602,X-09,False,209.0,0,False,SCR,True,False,False,False,False,10472.0,False,False,False,NONE,False,45-146ft W x 75-294ft L,X004,False,0,0,False,0,True,"421 days, 2:08:18.218855",Active,X004-03-SOCCER-1
0,1138.4476470947266,B-08,False,308.0,0,False,HDB,False,False,False,False,False,11213.0,False,True,False,NONE,True,Handball,B245,False,0,0,False,0,False,"139 days, 19:02:32.395544",Active,B245-HANDBALL-5
0,57455.33952331543,M-11,False,111.0,0,False,SCR,False,False,False,False,False,10035.0,False,False,False,NONE,False,147-295ft W x 295-393ft L,M104,True,0,0,False,0,True,"981 days, 2:54:04.338135",Active,M104-ZN02-SOCCER-5
0,1840.363265991211,Q-05,False,405.0,0,False,HDB,False,False,False,False,False,11385.0,False,True,False,NONE,False,Handball,Q305,False,0,0,False,0,False,"172 days, 6:11:33.850299",Active,Q305-HANDBALL-4
0,2873.946182250977,X-11,False,211.0,0,False,BKB,False,False,False,False,False,10467.0,False,False,False,NONE,False,Full Court,X162,False,0,0,True,0,False,"216 days, 17:11:45.606609",Active,X162-BASKETBALL-1
0,23341.73907470703,Q-01,False,401.0,0,False,MPPA,False,False,False,False,False,11101.0,False,False,False,AFB,False,147-295ft W x 295-393ft L,Q104,True,0,0,False,0,True,"660 days, 18:48:20.651459",Active,Q104-FOOTBALL-1
0,2037.353256225586,M-11,False,111.0,0,False,HDB,False,False,False,False,False,10035.0,False,False,False,NONE,False,Handball,M208E,False,0,0,False,0,False,"180 days, 15:27:38.087564",Active,M208E-HANDBALL-2
0,1119.383544921875,B-08,False,308.0,0,False,HDB,False,False,False,False,False,11213.0,False,True,False,NONE,True,Handball,B245,False,0,0,False,0,False,"138 days, 7:38:00.828966",Active,B245-HANDBALL-1
0,4258.684875488281,Q-11,False,411.0,0,False,BKB,False,False,False,False,False,11365.0,False,False,False,NONE,False,Full Court,Q300A,False,0,0,True,0,False,"269 days, 17:03:11.455114",Active,Q300A-01-BASKETBALL-1
0,24142.8330078125,X-08,False,208.0,1,False,SFB,False,False,True,False,False,10463.0,False,False,False,NONE,True,"60ft base path, 150-200ft fence",X150I,False,0,0,False,0,False,"580 days, 4:48:44.257020",Active,X150I-BASEBALL-1
0,2802.169921875,Q-08,False,408.0,0,False,TNS,False,False,False,False,False,11365.0,False,False,False,NONE,False,Tennis,Q221,False,0,0,False,0,False,"227 days, 23:12:54.975104",Inactive,Q221-TENNIS-1
0,966.119110107422,Q-12,False,412.0,0,False,HDB,False,False,False,False,False,11423.0,False,True,False,NONE,False,Handball,Q359,False,0,0,False,0,False,"125 days, 15:31:17.625814",Active,Q359-HANDBALL-3
0,2750.5594024658203,B-03,False,303.0,0,False,BKB,False,False,False,False,False,11233.0,False,False,False,NONE,False,Full Court,B313,False,0,0,True,0,False,"212 days, 10:22:50.333308",Active,B313-BASKETBALL-2
0,4384.888458251953,X-07,False,207.0,0,False,BKB,False,False,False,False,False,10467.0,False,False,False,NONE,False,Full Court,X104,False,0,0,True,0,False,"273 days, 20:37:22.749477",Active,X104-01-BASKETBALL-3
0,1477.5371551513672,Q-14,False,414.0,1,False,HDB,False,False,False,False,False,11692.0,False,True,False,NONE,False,Handball,Q443,False,0,0,False,0,False,"154 days, 12:41:21.691046",Active,Q443-HANDBALL-2
0,1438.119155883789,Q-13,False,413.0,0,False,BKB,False,False,False,False,False,11426.0,False,False,False,NONE,False,Half Court,Q134,False,0,0,True,0,False,"157 days, 7:07:43.987544",Active,Q134-BASKETBALL-3
0,2793.6893310546875,X-01,False,201.0,0,False,BKB,False,False,False,False,False,10455.0,False,False,False,NONE,False,Full Court,X045,False,0,0,True,0,False,"213 days, 5:20:37.978535",Active,X045-01-BASKETBALL-1
0,57898.93785095215,B-13,False,313.0,0,False,FTB,False,False,False,False,False,11235.0,False,False,False,NONE,False,160 x 360ft rectangular,B275,False,0,0,False,0,False,"1042 days, 12:21:43.178684",Active,B275-FOOTBALL-1
0,27797.476303100582,Q-05,False,405.0,0,False,SFB,False,False,True,False,False,11378.0,False,False,False,NONE,False,"60ft base path, 150-200ft fence",Q131,False,0,0,False,0,False,"616 days, 13:21:26.444850",Active,Q131-SOFTBALL-2
0,2480.106887817383,Q-10,False,410.0,0,False,SFB,False,False,False,False,False,11414.0,False,False,False,NONE,False,"45-60ft base path, less than 150ft fence",Q408,False,0,0,False,0,False,"199 days, 4:55:12.947993",Active,Q408-BASEBALL-1
0,36797.75718688965,X-11,False,211.0,1,False,SFB,True,False,True,False,False,10461.0,False,False,False,NONE,False,"60ft base path, 150-200ft fence",X256,False,0,0,False,0,False,"754 days, 7:17:19.025486",Active,X256-BASEBALL-1
0,25912.44403076172,B-11,False,311.0,0,True,SFB,True,False,True,False,False,11214.0,False,False,False,NONE,False,"60ft base path, 150-200ft fence",B007,False,0,0,False,0,False,"604 days, 23:12:45.586615",Active,B007-BASEBALL-2
0,3014.4956817626958,Q-15,False,481.0,0,False,TNS,False,False,False,False,False,11368.0,False,False,False,NONE,False,Tennis,Q099,False,0,0,False,0,False,"234 days, 13:45:06.679197",Archived,Q099-ZN04-TENNIS-4
0,3161.355697631836,X-02,False,202.0,0,False,BKB,False,False,False,False,False,10459.0,False,False,False,NONE,False,Full Court,X116,False,0,0,False,0,False,"234 days, 2:23:55.216700",Active,X116-BASKETBALL-1
0,1540.9011688232422,Q-11,False,411.0,0,False,HDB,False,False,False,False,False,11362.0,False,True,False,NONE,False,Handball,Q369,False,0,0,False,0,False,"159 days, 2:03:52.404231",Active,Q369-HANDBALL-2
0,5799.7823486328125,B-14,True,314.0,0,False,NTB,False,False,False,False,False,11226.0,False,False,False,NONE,False,Netball,B068,False,0,0,False,0,False,"320 days, 14:29:57.473416",Removed,B073-ZN28-NETBALL-1
0,1272.2189025878906,M-06,False,106.0,0,False,BKB,False,False,False,False,False,10017.0,False,False,False,NONE,False,Half Court,M158,False,0,0,True,0,False,"146 days, 10:57:54.769167",Active,M158-BASKETBALL-1
0,1126.05029296875,B-13,False,313.0,0,False,HDB,False,False,False,False,False,11224.0,False,True,False,NONE,False,Handball,B080,False,0,0,False,0,False,"138 days, 0:14:45.580217",Active,B080-HANDBALL-7
0,1396.675765991211,Q-05,False,405.0,0,False,HDB,False,False,False,False,False,11379.0,False,True,False,NONE,False,Handball,Q102,False,0,0,False,0,False,"151 days, 20:06:32.714748",Active,Q102-02-HANDBALL-7
0,2748.9887084960938,Q-14,False,414.0,0,False,TNS,False,False,False,False,False,11691.0,False,False,True,NONE,False,Tennis,Q371,False,0,0,False,0,False,"226 days, 1:43:53.610055",Active,Q371-01-TENNIS-3
0,39766.93353271485,B-18,False,318.0,0,True,SFB,True,False,True,False,False,11229.0,False,False,False,NONE,False,"60ft base path, 150-200ft fence",B057,False,0,0,False,0,False,"747 days, 8:32:03.854161",Active,B057-ZN04-BASEBALL-7
0,2318.9402770996094,M-03,False,103.0,0,False,VLB,False,False,False,False,False,10013.0,False,False,False,NONE,False,Volleyball,M015,False,0,1,False,0,False,"203 days, 6:54:31.523417",Active,M015-VOLLEYBALL-3
0,1577.835479736328,Q-12,False,412.0,0,False,HDB,False,False,False,False,False,11436.0,False,True,False,NONE,False,Handball,Q220C,False,0,0,False,0,False,"163 days, 14:25:04.148321",Active,Q220C-03-HANDBALL-2
0,2122.757080078125,B-08,False,308.0,0,False,TNS,False,False,False,False,False,11233.0,False,False,True,NONE,True,Tennis,B054,False,0,0,False,0,False,"211 days, 4:07:22.822889",Active,B054-ZN03-TENNIS-9
0,60971.75231933594,R-03,False,503.0,0,False,BSB,False,False,False,False,False,10309.0,False,False,False,NONE,False,"90ft base path, 200+ft fence",R106,False,0,0,False,0,False,"906 days, 1:06:29.553367",Removed,R106-ZN03-BASEBALL-2
0,1181.5330657958984,Q-07,False,407.0,0,False,BKB,False,False,False,False,False,11357.0,False,False,False,NONE,False,Half Court,Q390,False,0,0,True,0,False,"138 days, 4:13:11.152020",Active,Q390-BASKETBALL-6
0,2768.614883422852,B-13,False,313.0,0,False,TNS,False,False,False,False,False,11224.0,False,False,True,NONE,False,Tennis,B129,False,0,0,False,0,False,"226 days, 6:38:24.257855",Active,B129-ZN01-TENNIS-2
0,32154.033203125,B-10,False,310.0,0,False,SFB,False,False,True,False,False,11209.0,False,False,False,NONE,False,"45-60ft base path, less than 150ft fence",B082,False,0,0,False,0,False,"732 days, 0:10:15.198171",Active,B082-ZN05-BASEBALL-3
0,3648.090087890625,Q-14,False,414.0,0,False,BKB,False,False,False,False,False,11691.0,False,False,False,NONE,True,Full Court,Q007,False,0,0,True,0,False,"253 days, 3:18:38.793520",Active,Q007-01-BASKETBALL-3
0,70362.27514648438,B-18,False,318.0,0,False,SCR,False,True,False,False,False,11234.0,True,False,False,AFB,False,147-295ft W x 295-393ft L,B057,True,0,0,False,0,True,"1099 days, 0:10:34.040287",Active,B057-ZN07-SOCCER-3
0,3129.930694580078,M-10,False,110.0,0,False,BKB,False,False,False,False,False,10037.0,False,False,False,NONE,False,Full Court,M217,False,0,0,True,0,False,"234 days, 2:23:23.666188",Active,M217-BASKETBALL-1
0,1202.807113647461,Q-07,False,407.0,0,False,HDB,False,False,False,False,False,11354.0,False,True,False,NONE,False,Handball,Q086,False,0,0,False,0,False,"144 days, 15:32:48.429430",Active,Q086-01-HANDBALL-4
0,2664.7203674316406,B-18,False,318.0,0,False,BKB,False,False,False,False,False,11234.0,False,False,False,NONE,False,Full Court,B236,False,0,0,False,0,False,"210 days, 7:32:26.092896",Active,B236-BASKETBALL-4
0,1250.569091796875,B-09,False,309.0,0,False,HDB,False,False,False,False,False,11203.0,False,True,False,NONE,False,Handball,B254,False,0,0,False,0,False,"144 days, 21:29:48.673150",Active,B254-HANDBALL-3
0,1815.5059051513672,X-15,False,228.0,0,False,VLB,False,False,False,False,False,10464.0,False,False,False,NONE,False,Volleyball,X039,False,0,1,False,0,False,"179 days, 23:19:58.078414",Active,X039-ZN17-VOLLEYBALL-3
0,842.7386016845703,Q-03,False,403.0,0,False,BKB,False,False,False,False,False,11370.0,False,False,False,NONE,False,Half Court,Q366,False,0,0,False,0,False,"116 days, 10:13:37.882637",Active,Q366-BASKETBALL-5
0,2369.1582794189453,M-03,False,103.0,0,False,BKB,False,False,False,False,False,10002.0,False,False,False,NONE,False,Full Court,M195,False,0,0,True,0,False,"198 days, 1:07:44.877791",Active,M195-BASKETBALL-2
0,75914.37954711914,M-11,False,111.0,0,False,BSB,True,False,False,True,False,10035.0,False,False,False,NONE,False,"90ft base path, 200+ft fence",M104,False,0,0,False,0,False,"1092 days, 5:35:01.896030",Active,M104-ZN04-BASEBALL-1
0,1954.927993774414,Q-03,False,403.0,0,False,BKB,False,False,False,False,False,11368.0,False,False,False,NONE,False,Half Court,Q415,False,0,0,True,0,False,"177 days, 7:22:37.702139",Removed,Q415-BASKETBALL-5
0,1172.3614807128906,B-13,False,313.0,0,False,HDB,False,False,False,False,False,11224.0,False,True,False,NONE,False,Handball,B080,False,0,0,False,0,False,"141 days, 22:18:26.470441",Active,B080-HANDBALL-2
0,945.5682830810548,M-03,False,103.0,0,False,HDB,False,False,False,False,False,10002.0,False,True,False,NONE,False,Handball,M064,False,0,0,False,0,False,"123 days, 20:52:00.217043",Active,M064-HANDBALL-2
0,1329.624740600586,B-15,False,315.0,0,False,HDB,False,False,False,False,False,11229.0,False,True,False,NONE,False,Handball,B051,False,0,0,False,0,False,"147 days, 20:03:04.369240",Active,B051-HANDBALL-1
0,1350.7254638671875,Q-05,False,405.0,0,False,HDB,False,False,False,False,False,11379.0,False,True,False,NONE,False,Handball,Q102,False,0,0,False,0,False,"149 days, 11:56:40.001547",Active,Q102-02-HANDBALL-9
0,938.3807830810548,Q-08,False,408.0,0,False,BKB,False,False,False,False,False,11365.0,False,False,False,NONE,False,Half Court,Q344,False,0,0,False,0,False,"122 days, 22:22:39.587226",Active,Q344-BASKETBALL-3
0,27630.04132080078,X-06,False,206.0,0,False,BSB,False,False,False,False,False,10457.0,False,False,False,NONE,False,"60ft base path, 150-200ft fence",X108,False,0,0,False,0,False,"642 days, 12:15:19.966277",Active,X108-BASEBALL-1
0,1521.1339874267578,B-18,False,318.0,0,False,HDB,False,False,False,False,False,11234.0,False,False,False,NONE,False,Handball,B236,False,0,0,False,0,False,"157 days, 22:18:11.575847",Inactive,B236-HANDBALL-1
0,49957.23124694824,Q-12,False,412.0,0,False,CRK,False,False,False,False,False,11434.0,False,False,False,NONE,False,60 ft Cricket Pitch,Q448,False,0,0,False,0,False,"839 days, 4:45:52.943280",Active,Q210-CRICKET-1
0,1199.7693939208984,Q-03,False,403.0,1,False,HDB,False,False,False,False,False,11372.0,False,True,False,NONE,False,Handball,Q363,False,0,0,False,0,False,"140 days, 18:46:01.079433",Active,Q363-HANDBALL-1
0,1214.7826690673828,M-10,False,110.0,0,False,BKB,False,False,False,False,False,10027.0,False,False,False,NONE,False,Half Court,M211A,False,0,0,False,0,False,"139 days, 10:22:22.728828",Active,M211A-BASKETBALL-3
0,1528.2875061035156,R-01,False,501.0,0,False,HDB,False,False,False,False,False,10303.0,False,True,False,NONE,False,Handball,R068,False,0,0,False,0,False,"157 days, 5:51:45.222154",Active,R068-HANDBALL-3
0,849.5282287597656,B-06,False,306.0,0,False,HDB,False,False,False,False,False,11215.0,False,False,False,NONE,False,,B111A,False,0,0,False,0,False,"119 days, 23:40:30.633416",Inactive,B111A-HANDBALL-5
0,8087.607315063477,Q-14,False,414.0,0,False,BSB,False,False,False,False,False,11693.0,False,False,False,NONE,False,"90ft base path, 200+ft fence",Q467,False,0,0,False,0,False,"331 days, 4:12:27.685398",Inactive,Q467-BASEBALL-4
0,1008.2418670654296,Q-12,False,412.0,0,False,HDB,False,False,False,False,False,11412.0,False,True,False,NONE,False,Handball,Q106,False,0,0,False,0,False,"128 days, 10:44:42.948864",Active,Q106-HANDBALL-1
0,4066.921157836914,B-10,False,310.0,0,False,BKB,False,False,False,False,False,11220.0,False,False,False,NONE,False,Full Court,B066,False,0,0,True,0,False,"264 days, 21:30:59.789580",Active,B066-01-BASKETBALL-1
0,13362.171417236328,B-14,False,314.0,0,False,HKY,False,False,False,False,False,11218.0,False,False,False,NONE,False,Hockey,B316,False,0,0,False,0,False,"478 days, 4:32:03.346962",Inactive,B316-HOCKEY-1
0,1193.8585662841797,B-16,False,316.0,0,False,HDB,False,False,False,False,False,11212.0,False,True,False,NONE,False,Handball,B008,False,0,0,False,0,False,"142 days, 13:46:07.111747",Closed Temporarily,B008-HANDBALL-5
0,2763.9800567626958,Q-08,False,408.0,0,False,TNS,False,False,False,False,False,11423.0,False,False,True,NONE,False,Tennis,Q021,False,0,0,False,0,False,"226 days, 11:18:30.868653",Active,Q021-ZN02-TENNIS-20
0,44231.43600463867,B-09,False,309.0,0,False,FTB,False,True,False,False,False,11203.0,True,False,False,AFB,False,160 x 360ft rectangular,B254,True,0,0,False,0,True,"867 days, 17:30:45.494734",Active,B254-FOOTBALL-1
0,3876.906372070313,Q-12,False,412.0,0,False,BKB,False,False,False,False,False,11434.0,False,False,False,NONE,False,Full Court,Q413,False,0,0,False,0,False,"259 days, 14:49:56.552783",Inactive,Q413-BASKETBALL-1
0,2790.93376159668,M-14,False,109.0,0,False,TNS,False,False,False,False,False,10024.0,False,False,True,NONE,False,Tennis,M071,False,0,0,False,0,False,"227 days, 5:17:07.982109",Active,M071-ZN17-TENNIS-2
0,2799.869842529297,X-04,False,204.0,1,False,TNS,False,False,False,False,False,10451.0,False,False,True,NONE,False,Tennis,X344,False,0,0,False,0,False,"228 days, 6:35:57.263340",Active,X344-TENNIS-5
0,98606.01620483398,B-18,False,318.0,0,False,FTB,False,False,False,False,False,11236.0,False,False,False,NONE,False,45-146ft W x 75-294ft L,B018,True,0,0,False,0,False,"1306 days, 19:53:49.215993",Active,B018-ZN06-FOOTBALL-1
0,1271.1656036376953,M-11,False,111.0,0,False,BKB,False,False,False,False,False,10029.0,False,False,False,NONE,False,Half Court,M111,False,0,0,True,0,False,"144 days, 9:02:20.959116",Active,M111-BASKETBALL-3
0,2733.2801361083984,Q-06,False,406.0,0,False,TNS,False,False,False,False,False,11375.0,False,False,False,NONE,False,Tennis,Q335,False,0,0,False,0,False,"226 days, 1:38:25.075516",Active,Q335-TENNIS-4
0,1337.7701263427734,Q-09,False,409.0,0,False,HDB,False,False,False,False,False,11416.0,False,True,False,NONE,False,Handball,Q337,False,0,0,False,0,False,"148 days, 5:25:58.212436",Active,Q337-HANDBALL-4
0,1361.1345977783203,B-16,False,316.0,0,False,HDB,False,False,False,False,False,11212.0,False,True,False,NONE,False,Handball,B008,False,0,0,False,0,False,"149 days, 10:10:17.214537",Closed Temporarily,B008-03-HANDBALL-4
0,859.1445617675781,R-02,False,502.0,0,False,HDB,False,False,False,False,False,10304.0,False,True,False,NONE,False,Handball,R073,False,0,0,False,0,False,"117 days, 23:39:40.663049",Active,R073-HANDBALL-4
0,1473.4765014648438,Q-12,False,412.0,0,False,HDB,False,False,False,False,False,11434.0,False,True,False,NONE,False,Handball,Q005,False,0,0,False,0,False,"163 days, 14:29:03.309679",Active,Q005-06-HANDBALL-5
0,29251.62365722656,Q-10,False,410.0,0,False,CRK,False,False,False,False,False,11417.0,False,False,False,NONE,False,60 ft Cricket Pitch,Q094,False,0,0,False,0,False,"609 days, 15:19:24.100770",Inactive,Q094-CRICKET-2
0,19903.67320251465,Q-11,False,411.0,0,False,FTB,False,False,False,False,False,11361.0,False,False,False,NONE,False,45-146ft W x 75-294ft L,,False,0,0,False,0,False,"601 days, 19:02:58.311612",Inactive,Q012B-FOOTBALL-1
0,2861.3445434570312,Q-07,False,407.0,0,False,TNS,False,False,False,False,False,11354.0,False,False,True,NONE,False,,Q347,False,0,0,False,0,False,"230 days, 21:42:19.628792",Inactive,Q347-TENNIS-3
0,2836.427688598633,R-03,False,503.0,0,False,BKB,False,False,False,False,False,10308.0,False,False,False,NONE,False,Full Court,R071,False,0,0,True,0,False,"214 days, 18:38:11.248643",Active,R071-BASKETBALL-3
0,4107.567764282227,Q-08,False,408.0,0,False,BKB,False,False,False,False,False,11435.0,False,False,False,NONE,False,Full Court,Q220G,False,0,0,True,0,False,"266 days, 5:38:36.254284",Active,Q220G-BASKETBALL-3
0,3459.047088623047,B-02,False,302.0,0,False,BKB,False,False,False,False,False,11201.0,False,False,False,NONE,True,Full Court,B061,False,0,0,True,0,False,"238 days, 17:51:26.552422",Active,B061-BASKETBALL-1
0,876.5568084716797,M-09,False,109.0,0,False,HDB,False,False,False,False,False,10026.0,False,True,False,NONE,False,Handball,M056,False,0,0,False,0,False,"120 days, 19:04:16.248397",Active,M056-01-HANDBALL-4
0,938.3807830810548,Q-08,False,408.0,0,False,BKB,False,False,False,False,False,11365.0,False,False,False,NONE,False,Half Court,Q344,False,0,0,False,0,False,"122 days, 22:22:39.588559",Active,Q344-BASKETBALL-4
0,1422.9286499023438,X-12,False,212.0,0,False,HDB,False,False,False,False,False,10466.0,False,True,False,NONE,False,Handball,X141,False,0,0,False,0,False,"154 days, 10:55:52.001058",Active,X141-HANDBALL-4
0,900.2809753417969,Q-13,False,413.0,0,False,BKB,False,False,False,False,False,11411.0,False,False,False,NONE,False,Half Court,Q307,False,0,0,False,0,False,"121 days, 11:05:26.663496",Active,Q307-BASKETBALL-4
0,1336.6209259033203,B-06,False,306.0,0,False,BKB,False,False,False,False,False,11217.0,False,False,False,NONE,False,Half Court,B320,False,0,0,True,0,False,"150 days, 23:39:08.192523",Active,B320-BASKETBALL-1
0,2640.87126159668,B-05,False,305.0,0,False,TNS,False,False,False,False,False,11207.0,False,False,True,NONE,True,Tennis,B047,False,0,0,False,0,False,"223 days, 1:52:03.026143",Inactive,Q020-ZN04-TENNIS-11
0,1888.1949768066409,B-15,False,315.0,0,False,HDB,False,False,False,False,False,11229.0,False,True,False,NONE,False,Handball,B197,False,0,0,False,0,False,"174 days, 11:18:55.948557",Active,B197-HANDBALL-2
0,1205.111083984375,Q-05,False,405.0,0,False,HDB,False,False,False,False,False,11385.0,False,False,False,NONE,False,Handball,Q038,False,0,0,False,0,False,"143 days, 8:08:57.169036",Active,Q038-HANDBALL-2
0,41719.82261657715,Q-08,False,408.0,0,False,SFB,True,False,True,False,False,11364.0,False,False,False,NONE,False,"60ft base path, 150-200ft fence",Q021,False,0,0,False,0,False,"785 days, 9:25:46.386010",Active,Q021-ZN03-BASEBALL-1
0,944.1138763427734,M-12,False,112.0,0,False,HDB,False,False,False,False,False,10034.0,False,True,False,NONE,False,Handball,M199,False,0,0,False,0,False,"123 days, 15:11:20.204575",Active,M199-HANDBALL-1
0,10957.17446899414,Q-02,False,402.0,0,False,SFB,False,False,True,False,False,11104.0,False,False,False,NONE,False,"45-60ft base path, less than 150ft fence",Q044,False,0,0,False,0,False,"448 days, 15:04:06.127447",Active,Q044-SOFTBALL-1
0,2840.551055908203,Q-13,False,413.0,0,False,TNS,False,False,False,False,False,11422.0,False,False,True,NONE,True,Tennis,Q008,False,0,0,False,0,False,"228 days, 18:25:43.460684",Active,Q008-ZN02-TENNIS-1
0,65116.13079833984,R-01,False,501.0,0,False,SCR,False,False,False,False,False,10310.0,False,False,False,AFB,False,160 x 360ft rectangular,R109,True,0,0,False,0,False,"1083 days, 0:58:50.041944",Active,R109-SOCCER-1
0,1160.3948974609375,B-13,False,313.0,0,False,HDB,False,False,False,False,False,11224.0,False,True,False,NONE,False,Handball,B080,False,0,0,False,0,False,"141 days, 1:57:57.458279",Active,B080-HANDBALL-6
0,1132.7320709228516,X-04,False,204.0,0,False,BKB,False,False,False,False,False,10452.0,False,False,False,NONE,False,Half Court,X148A3,False,0,0,False,0,False,"135 days, 2:04:20.912200",Active,X148A3-BASKETBALL-2
0,1182.7028503417969,Q-10,False,410.0,0,False,HDB,False,False,False,False,False,11417.0,False,True,False,NONE,False,Handball,Q094,False,0,0,False,0,False,"140 days, 13:26:21.380449",Active,Q094-01-HANDBALL-3
0,27176.907745361328,X-04,False,204.0,0,False,BSB,False,False,False,False,False,10452.0,False,False,False,NONE,False,"60ft base path, 150-200ft fence",X034,False,0,0,False,0,False,"604 days, 22:13:22.145573",Active,X034-BASEBALL-2
0,1095.209243774414,B-15,False,315.0,0,False,HDB,False,False,False,False,False,11235.0,False,True,False,NONE,False,Handball,B251,False,0,0,False,0,False,"136 days, 5:10:00.242524",Active,B251-04-HANDBALL-3
0,10460.748245239258,Q-07,False,407.0,0,False,HKY,False,False,False,False,False,11357.0,False,False,False,NONE,False,Hockey,Q334,False,0,0,False,0,False,"439 days, 19:13:50.041664",Inactive,Q334-HOCKEY-1
0,800.9550933837891,Q-01,False,401.0,0,False,HDB,False,False,False,False,False,11105.0,False,True,False,NONE,False,Handball,Q395,False,0,0,False,0,False,"113 days, 20:36:11.196451",Active,Q395-HANDBALL-2
0,25703.14419555664,M-13,False,164.0,0,False,SFB,True,False,True,False,False,10023.0,False,False,False,NONE,False,"60ft base path, 150-200ft fence",M010,False,0,0,False,0,False,"587 days, 21:05:51.260520",Active,M010-ZN05-BASEBALL-1
0,4104.159576416016,X-04,False,204.0,0,False,BKB,False,False,False,False,False,10457.0,False,False,False,NONE,False,Full Court,X008,False,0,0,True,0,False,"266 days, 21:20:51.686410",Active,X008-ZN02-BASKETBALL-2
0,2224.895751953125,B-15,False,315.0,0,False,BKB,False,False,False,False,False,11229.0,False,False,False,NONE,False,Half Court,B197,False,0,0,True,0,False,"188 days, 18:26:05.916534",Active,B197-BASKETBALL-2
0,1350.9342346191406,B-13,False,313.0,0,False,HDB,False,False,False,False,False,11224.0,False,True,False,NONE,False,Handball,B169B,False,0,0,False,0,False,"149 days, 4:49:56.031649",Active,B169B-HANDBALL-5
0,1460.9788055419922,Q-12,False,412.0,0,False,HDB,False,False,False,False,False,11434.0,False,True,False,NONE,False,Handball,Q448,False,0,0,False,0,False,"154 days, 3:33:51.686338",Active,Q210-HANDBALL-1
0,67857.45831298828,X-10,False,210.0,0,False,SCR,False,False,False,False,False,10465.0,False,False,False,NONE,False,45-146ft W x 75-294ft L,X126,False,0,0,False,0,True,"1065 days, 6:45:20.367139",Active,X126-ZN02-SOCCER-3
0,1198.8494567871094,B-02,False,302.0,0,False,HDB,False,False,False,False,False,11201.0,False,True,False,NONE,False,Handball,,False,0,0,False,0,False,"143 days, 17:12:34.332927",Active,B223J03-HANDBALL-5
0,36920.03010559082,M-11,False,111.0,0,False,SCR,False,False,False,False,False,10035.0,False,False,False,AFB,False,45-146ft W x 75-294ft L,M104,True,0,0,False,0,True,"789 days, 11:45:52.218568",Active,M104-ZN01-SOCCER-1
0,2767.7518157958984,B-10,False,310.0,0,False,TNS,False,False,False,False,False,11228.0,False,False,True,NONE,False,Tennis,B060,False,0,0,False,0,False,"226 days, 15:34:31.696298",Active,B092-TENNIS-4
0,4223.016159057617,Q-02,False,402.0,0,False,BKB,False,False,False,False,False,11104.0,False,False,False,NONE,False,Full Court,Q044,False,0,0,True,0,False,"268 days, 12:36:03.308681",Active,Q044-BASKETBALL-1
0,1596.8097839355469,B-15,False,315.0,0,False,HDB,False,False,False,False,False,11235.0,False,True,False,NONE,False,Handball,B306,False,0,0,False,0,False,"160 days, 19:35:03.282793",Active,B306-HANDBALL-1
0,1451.727569580078,B-03,False,303.0,0,False,HDB,False,False,False,False,False,11205.0,False,True,False,NONE,False,Handball,B317,False,0,0,False,0,False,"152 days, 17:53:07.205863",Active,B317-HANDBALL-1
0,1309.8723907470703,Q-15,False,481.0,0,False,HDB,False,False,False,False,False,11368.0,False,True,False,NONE,False,Handball,Q099,False,0,0,False,0,False,"147 days, 1:41:37.907921",Active,Q099-ZN19-HANDBALL-4
0,1293.8834228515625,B-03,False,303.0,0,False,HDB,False,False,False,False,False,11205.0,False,True,False,NONE,False,Handball,B266,False,0,0,False,0,False,"146 days, 14:36:21.487949",Active,B266-HANDBALL-2
0,1344.0543823242188,X-01,False,201.0,0,False,BKB,False,False,False,False,False,10454.0,False,False,False,NONE,False,Half Court,X131,False,0,0,False,0,False,"146 days, 21:28:28.539612",Removed,X131-BASKETBALL-3
0,1303.7805480957031,B-11,False,311.0,0,False,HDB,False,False,False,False,False,11214.0,False,True,False,NONE,False,Handball,B277,False,0,0,False,0,False,"154 days, 4:29:18.951427",Active,B277-HANDBALL-5
0,7207.585418701172,Q-03,False,403.0,0,False,SCR,False,False,False,False,False,11369.0,False,False,True,NONE,False,45-146ft W x 75-294ft L,Q373,False,0,0,False,0,True,"360 days, 2:56:02.838260",Inactive,Q373-SOCCER-1
0,32072.754440307617,Q-09,False,409.0,0,False,BSB,True,False,True,True,False,11419.0,False,False,False,NONE,False,"60ft base path, 150-200ft fence",Q129,False,0,0,False,0,False,"671 days, 18:35:54.725021",Active,Q129-BASEBALL-1
0,8184.679946899414,Q-07,False,407.0,0,False,SFB,False,False,False,False,False,11357.0,False,False,False,NONE,False,"45-60ft base path, less than 150ft fence",Q375,False,0,0,False,0,False,"342 days, 0:56:34.921261",Active,Q375-SOFTBALL-1
0,2042.2012481689453,X-13,False,226.0,0,False,BKB,False,False,False,False,False,10471.0,False,False,False,NONE,False,,X092,False,0,0,False,0,False,"181 days, 4:08:10.831613",Inactive,X092-05-BASKETBALL-3
0,1415.8802795410156,X-02,False,202.0,0,False,HDB,False,False,False,False,False,10459.0,False,True,False,NONE,False,Handball,X190,False,0,0,False,0,False,"152 days, 15:36:31.751336",Active,X190-HANDBALL-2
0,1396.0109252929688,B-01,False,301.0,0,False,BKB,False,False,False,False,False,11206.0,False,False,False,NONE,False,Half Court,B132,False,0,0,True,0,False,"151 days, 4:56:15.622172",Active,B059-BASKETBALL-2
0,895.5104675292969,X-13,False,226.0,0,False,BOC,False,False,False,False,True,10470.0,False,False,False,NONE,False,Bocce,X092,False,0,0,False,0,False,"168 days, 10:27:45.174813",Active,X092-ZN11-BOCCE-2
0,3965.993133544922,X-01,False,201.0,0,False,TNS,False,False,False,False,False,10455.0,False,False,False,NONE,False,,X233,False,0,0,False,0,False,"262 days, 6:42:30.935621",Inactive,X233-TENNIS-3
0,1697.3831176757812,X-03,False,203.0,0,False,HDB,False,False,False,False,False,10457.0,False,True,False,NONE,False,Handball,X010,False,0,0,False,0,False,"174 days, 15:32:40.776256",Active,X010-05-HANDBALL-5
0,3418.9921112060547,Q-13,False,413.0,0,False,BKB,False,False,False,False,False,11422.0,False,False,False,NONE,False,Full Court,Q008,False,0,0,True,0,False,"241 days, 22:26:52.358575",Active,Q008-01-BASKETBALL-2
0,3029.982711791992,Q-11,False,411.0,0,False,TNS,False,False,False,False,False,11360.0,False,False,False,NONE,False,,Q387A,False,0,0,False,0,False,"234 days, 9:00:40.453879",Inactive,Q387A-TENNIS-3
0,2757.1073303222656,M-13,False,164.0,0,False,TNS,False,False,False,False,False,10024.0,False,False,True,NONE,False,Tennis,M010,False,0,0,False,0,False,"226 days, 23:56:07.730775",Active,M010-ZN34-TENNIS-2
0,37458.225646972656,Q-13,False,413.0,0,False,SFB,True,False,True,False,False,11426.0,False,False,False,NONE,False,"60ft base path, 150-200ft fence",Q001A,False,0,0,False,0,False,"711 days, 18:47:27.199317",Active,Q001-ZN01-BASEBALL-4
0,1047.169403076172,M-11,False,111.0,0,False,HDB,False,False,False,False,False,10029.0,False,True,False,NONE,False,Handball,M192,False,0,0,False,0,False,"132 days, 10:26:28.540820",Active,M192-HANDBALL-6
0,1151.8475494384766,R-02,False,502.0,0,False,HDB,False,False,False,False,False,10305.0,False,True,False,NONE,False,Handball,R087,False,0,0,False,0,False,"137 days, 12:29:31.877057",Active,R087-HANDBALL-6
0,3633.9169921875,B-05,False,305.0,0,False,SFB,False,False,False,False,False,11207.0,False,False,False,NONE,False,"45-60ft base path, less than 150ft fence",B246,False,0,0,False,0,False,"241 days, 3:59:23.973882",Inactive,B246-BASEBALL-1
0,4069.7821502685542,B-09,False,309.0,0,False,BKB,False,False,False,False,False,11225.0,False,False,False,NONE,False,Full Court,B284,False,0,0,True,0,False,"265 days, 4:21:52.005335",Active,B284-BASKETBALL-2
0,1562.8935089111328,B-13,False,313.0,0,False,BKB,False,False,False,False,False,11224.0,False,False,False,NONE,False,Half Court,B337,False,0,0,False,0,False,"158 days, 14:35:02.715076",Active,B337-BASKETBALL-4
0,1093.4681701660156,B-16,False,316.0,0,False,HDB,False,False,False,False,False,11212.0,False,False,False,NONE,False,,B343,False,0,0,False,0,False,"133 days, 7:17:25.793324",Inactive,B343-HANDBALL-1
0,1160.400390625,Q-05,False,405.0,0,False,BKB,False,False,False,False,False,11378.0,False,False,False,NONE,False,Half Court,Q131,False,0,0,True,0,False,"137 days, 4:42:25.990824",Active,Q131-01-BASKETBALL-3
0,1248.4090881347656,X-10,False,210.0,0,False,HDB,False,False,False,False,False,10461.0,False,True,False,NONE,False,Handball,X170,False,0,0,False,0,False,"141 days, 7:59:44.842421",Active,X170-HANDBALL-2
0,43454.97853088379,X-09,False,209.0,0,False,SFB,True,False,True,True,False,10473.0,False,False,False,NONE,False,"60ft base path, 150-200ft fence",X118,False,0,0,False,0,False,"782 days, 1:24:30.361279",Active,X118-ZN04-BASEBALL-3
0,4214.151657104492,B-08,False,308.0,0,False,BKB,False,False,False,False,False,11213.0,False,False,False,NONE,False,Full Court,B012,False,0,0,True,0,False,"269 days, 1:50:12.782674",Active,B012-02-BASKETBALL-1
0,2560.873413085937,R-02,False,502.0,0,False,BKB,False,False,False,False,False,10305.0,False,False,False,NONE,False,Full Court,R087,False,0,0,True,0,False,"208 days, 4:37:51.502093",Active,R087-BASKETBALL-2
0,1151.502182006836,B-07,False,307.0,0,False,HDB,False,False,False,False,False,11218.0,False,True,False,NONE,False,Handball,B130,False,0,0,False,0,False,"140 days, 11:32:01.130327",Active,B130-HANDBALL-4
0,1142.7676849365234,Q-16,False,482.0,0,False,HDB,False,False,False,False,False,11421.0,False,True,False,NONE,False,Handball,Q015,False,0,0,False,0,False,"140 days, 10:53:47.967932",Active,Q015-ZN04-HANDBALL-6
0,4130.362213134766,X-04,False,204.0,0,False,BKB,False,False,False,False,False,10451.0,False,False,False,NONE,False,Full Court,X030,False,0,0,True,0,False,"266 days, 8:14:40.154763",Active,X030-01-BASKETBALL-2
0,1709.7151184082031,Q-11,False,411.0,0,False,HDB,False,False,False,False,False,11363.0,False,True,False,NONE,False,Handball,Q338,False,0,0,False,0,False,"166 days, 0:22:36.907714",Active,Q338-HANDBALL-1
0,1471.1727752685547,X-09,False,209.0,0,False,HDB,False,False,False,False,False,10462.0,False,True,False,NONE,False,Handball,X177,False,0,0,False,0,False,"154 days, 21:33:13.769272",Active,X177-HANDBALL-3
0,1138.7484283447266,X-09,False,209.0,0,False,HDB,False,False,False,False,False,10473.0,False,True,False,NONE,False,Handball,X151,False,0,0,False,0,False,"137 days, 12:32:45.641675",Active,X151-HANDBALL-7
0,3024.7437286376958,Q-04,False,404.0,0,False,VLB,False,False,False,False,False,11368.0,False,False,False,NONE,False,,Q450,False,0,0,False,0,False,"228 days, 1:31:35.774076",Inactive,Q450-VOLLEYBALL-1
0,1069.2076873779297,B-01,False,301.0,0,False,HDB,False,False,False,False,False,11206.0,False,True,False,NONE,False,Handball,B310,False,0,0,False,0,False,"132 days, 0:08:24.578034",Active,B310-HANDBALL-3
0,994.5222473144532,Q-13,False,413.0,0,False,HDB,False,False,False,False,False,11426.0,False,True,False,NONE,False,Handball,Q328,False,0,0,False,0,False,"130 days, 6:47:35.073446",Active,Q328-HANDBALL-2
0,1210.4910888671875,X-04,False,204.0,0,False,HDB,False,False,False,False,False,10457.0,False,True,False,NONE,False,Handball,X008,False,0,0,False,0,False,"144 days, 5:39:47.806042",Active,X008-01-HANDBALL-3
0,1543.3572998046875,B-03,False,303.0,0,False,HDB,False,False,False,False,False,11216.0,False,True,False,NONE,False,Handball,B140,False,0,0,False,0,False,"159 days, 18:45:40.805453",Active,B140-HANDBALL-1
0,2796.22021484375,B-18,False,318.0,0,False,TNS,False,False,False,False,False,11236.0,False,False,False,NONE,False,Tennis,B279,False,0,0,False,0,False,"227 days, 15:20:14.157563",Inactive,B279-TENNIS-4
0,1266.7354431152344,X-10,False,210.0,0,False,HDB,False,False,False,False,False,10465.0,False,True,False,NONE,False,Handball,X183,False,0,0,False,0,False,"144 days, 5:49:30.669538",Active,X183-HANDBALL-1
0,1196.4402160644531,Q-05,False,405.0,0,False,HDB,False,False,False,False,False,11385.0,False,True,False,NONE,False,Handball,Q302,False,0,0,False,0,False,"142 days, 3:37:51.572376",Active,Q302-HANDBALL-1
0,1042.5712127685547,R-01,False,501.0,0,False,BKB,False,False,False,False,False,10310.0,False,False,False,NONE,False,Half Court,R105,False,0,0,True,0,False,"129 days, 9:31:05.347443",Inactive,R105-BASKETBALL-1
0,1535.573226928711,Q-04,False,404.0,0,False,HDB,False,False,False,False,False,11368.0,False,True,False,NONE,False,Handball,Q450,False,0,0,False,0,False,"157 days, 11:04:11.804495",Active,Q450-HANDBALL-2
0,1519.1222381591797,B-07,False,307.0,0,False,HDB,False,False,False,False,False,11220.0,False,True,False,NONE,False,Handball,B210J,False,0,0,False,0,False,"157 days, 5:00:34.593668",Active,B210J-HANDBALL-1
0,778.8579711914062,Q-16,False,482.0,0,False,HDB,False,False,False,False,False,11421.0,False,False,False,NONE,False,Handball,,False,0,0,False,0,False,"113 days, 12:59:29.356673",Inactive,Q015-ZN04-HANDBALL-10
0,2156.8448791503906,B-03,False,303.0,0,False,BKB,False,False,False,False,False,11221.0,False,False,False,NONE,False,Half Court,B359,False,0,0,True,0,False,"186 days, 15:57:11.129666",Active,B359-BASKETBALL-1
0,1023.2566223144532,B-12,False,312.0,0,False,HDB,False,False,False,False,False,11230.0,False,True,False,NONE,False,Handball,B128,False,0,0,False,0,False,"130 days, 16:25:55.470820",Active,B128-HANDBALL-3
0,29566.468688964844,B-18,False,318.0,0,False,SCR,False,False,False,False,False,11229.0,False,False,False,NONE,False,60 x 360ft rectangular,B057,False,0,0,False,0,True,"712 days, 3:26:12.685518",Active,B057-ZN02-SOCCER-6
0,2764.884017944336,B-03,False,303.0,0,False,TNS,False,False,False,False,False,11233.0,False,False,True,NONE,False,Tennis,B294,False,0,0,False,0,False,"227 days, 1:19:16.993668",Active,B294-TENNIS-4
0,2490.5227813720703,B-02,False,302.0,0,False,BKB,False,False,False,False,False,11205.0,False,False,False,NONE,False,Full Court,B293,False,0,0,True,0,False,"201 days, 13:25:51.719963",Active,B293-BASKETBALL-2
0,73146.01719665527,B-18,False,318.0,0,False,CRK,False,False,False,False,False,11229.0,False,False,False,NONE,False,60 ft Cricket Pitch,B057,False,0,0,False,0,False,"1096 days, 2:10:02.811477",Active,B057-ZN04-CRICKET-1
0,2868.3113708496094,B-02,False,302.0,0,False,TNS,False,False,False,False,False,11217.0,False,False,True,NONE,False,Tennis,B407,False,0,0,False,0,False,"230 days, 0:48:00.421767",Active,B407-TENNIS-1
0,1101.7725830078125,M-11,False,111.0,0,False,HDB,False,False,False,False,False,10029.0,False,True,False,NONE,False,Handball,M047,False,0,0,False,0,False,"137 days, 12:55:42.204668",Active,M047-01-HANDBALL-2
0,887.8888092041016,Q-10,False,410.0,0,False,HDB,False,False,False,False,False,11417.0,False,True,False,NONE,False,Handball,Q386,False,0,0,False,0,False,"120 days, 9:36:43.508098",Active,Q386-HANDBALL-2
0,52606.91821289063,X-10,False,210.0,0,False,SCR,False,False,False,False,False,10465.0,False,False,False,NONE,False,45-146ft W x 75-294ft L,X126,False,0,0,False,0,True,"961 days, 22:44:47.077218",Active,X126-ZN02-SOCCER-4
0,38347.860595703125,B-18,False,318.0,0,False,SCR,False,False,False,False,False,11229.0,False,False,False,NONE,False,60 x 360ft rectangular,B057,False,0,0,False,0,True,"833 days, 4:02:49.807883",Active,B057-ZN04-SOCCER-5
0,27516.144317626957,B-03,False,303.0,0,False,SFB,False,False,True,False,False,11205.0,False,False,False,NONE,False,"60ft base path, 150-200ft fence",B266,False,0,0,False,0,False,"640 days, 11:06:16.413974",Inactive,B266-BASEBALL-1
0,1238.531021118164,Q-14,False,414.0,0,False,HDB,False,False,False,False,False,11693.0,False,True,False,NONE,False,Handball,Q460,False,0,0,False,0,False,"143 days, 19:20:49.314844",Active,Q460-HANDBALL-3
0,3592.9291381835938,X-01,False,201.0,1,False,BKB,False,False,False,False,False,10454.0,False,False,False,NONE,False,Full Court,X272,False,0,0,True,0,False,"248 days, 7:13:56.531093",Removed,X272-BASKETBALL-1
0,1529.097427368164,M-11,False,111.0,0,False,HDB,False,False,False,False,False,10035.0,False,False,False,NONE,False,Handball,M225,False,0,0,False,0,False,"157 days, 8:38:38.754258",Active,M225-HANDBALL-1
0,1047.5816497802734,X-03,False,203.0,0,False,HDB,False,False,False,False,False,10457.0,False,False,False,NONE,False,Handball,X010,False,0,0,False,0,False,"132 days, 9:46:23.649988",Inactive,X010-ZN03-HANDBALL-5
0,24257.85887145996,B-10,False,310.0,0,False,FTB,False,False,False,False,False,11228.0,False,False,False,NONE,False,45-146ft W x 75-294ft L,B028,False,0,0,False,0,False,"705 days, 21:27:41.452604",Inactive,B028-ZN02-FOOTBALL-1
0,4314.851913452148,M-09,False,109.0,0,False,BKB,False,False,False,False,False,10031.0,False,False,False,NONE,False,Full Court,M018,False,0,0,True,0,False,"272 days, 19:05:54.131353",Active,M018-BASKETBALL-7
0,2777.684524536133,Q-15,False,481.0,0,False,TNS,False,False,False,False,False,11368.0,False,False,False,NONE,False,Tennis,Q099,False,0,0,False,0,False,"226 days, 21:17:18.133907",Archived,Q099-ZN04-TENNIS-14
0,33229.343353271484,B-10,False,310.0,0,True,SFB,True,False,True,False,False,11228.0,False,False,False,NONE,False,"60ft base path, 150-200ft fence",B028,False,0,0,False,0,False,"680 days, 15:32:26.373141",Active,B028-ZN01-BASEBALL-5
0,3772.4103393554688,B-14,False,314.0,0,False,TNS,False,False,False,False,False,11226.0,False,False,True,NONE,False,Tennis,B068,False,0,0,False,0,False,"272 days, 19:34:27.742985",Active,B073-ZN27-TENNIS-2
0,86830.40357971191,Q-08,False,408.0,0,False,SFB,True,False,True,False,False,11423.0,False,False,False,NONE,False,"60ft base path, 150-200ft fence",Q021,False,0,0,False,0,False,"1150 days, 5:23:45.196926",Active,Q021-ZN02-BASEBALL-2
0,12022.986770629885,Q-10,False,410.0,0,False,,False,False,False,False,False,11420.0,False,False,False,NONE,False,,Q096A,False,0,0,False,0,False,"400 days, 16:53:37.255453",Inactive,Q096A-BASEBALL-4
0,9358.255615234377,X-01,False,201.0,0,False,FTB,False,False,False,False,False,10454.0,False,False,False,NONE,False,45-146ft W x 75-294ft L,X045,True,0,0,False,0,True,"389 days, 0:39:33.029425",Active,X045-ZN01-FOOTBALL-1
1,18971.14193725586,B-03,False,303.0,0,False,MPPA,False,True,False,False,False,11205.0,False,False,False,AFB,False,45-146ft W x 75-294ft L,B105,True,0,0,False,0,True,"587 days, 3:24:56.264925",Active,B105-SOCCER-1
0,5755.7232666015625,Q-12,False,412.0,0,False,SFB,False,False,True,False,False,11413.0,False,False,False,NONE,False,"45-60ft base path, less than 150ft fence",Q396,False,0,0,False,0,False,"280 days, 11:39:21.147814",Inactive,Q396-SOFTBALL-2
0,1903.0589141845703,Q-03,False,403.0,0,False,BKB,False,False,False,False,False,11368.0,False,False,False,NONE,False,Half Court,Q415,False,0,0,True,0,False,"175 days, 1:17:03.319618",Removed,Q415-BASKETBALL-4
0,2654.0030364990234,Q-16,False,482.0,0,False,TNS,False,False,False,False,False,11385.0,False,False,True,NONE,False,Tennis,Q015,False,0,0,False,0,False,"221 days, 8:59:48.652237",Active,Q015-ZN07-TENNIS-1
0,898.7921295166016,B-13,False,313.0,0,False,BKB,False,False,False,False,False,11235.0,False,False,False,NONE,False,Half Court,B275,False,0,0,True,0,False,"125 days, 16:29:34.691595",Active,B275-BASKETBALL-4
0,21782.196517944336,X-08,False,208.0,0,False,BSB,False,False,False,True,False,10471.0,False,False,False,NONE,False,"90ft base path, 200+ft fence",X201,False,0,0,False,0,False,"562 days, 19:14:53.178718",Active,X201-BASEBALL-2
0,2900.7718200683594,M-08,False,108.0,0,False,TNS,False,False,False,False,False,10022.0,False,False,False,NONE,False,Tennis,M070,False,0,0,False,0,False,"230 days, 1:36:26.212707",Active,M070-TENNIS-3
0,1439.0335083007812,B-03,False,303.0,0,False,HDB,False,False,False,False,False,11216.0,False,True,False,NONE,False,Handball,B140,False,0,0,False,0,False,"155 days, 8:34:58.861612",Active,B140-HANDBALL-3
0,1245.3364715576172,X-03,False,203.0,0,False,BKB,False,False,False,False,False,10456.0,False,False,False,NONE,False,Full Court,X206,False,0,0,False,0,False,"144 days, 22:33:42.298147",Inactive,X206-BASKETBALL-5
0,20601.377655029297,Q-08,False,408.0,0,False,SFB,False,False,True,False,False,11364.0,False,False,False,NONE,False,"60ft base path, 150-200ft fence",Q021,False,0,0,False,0,False,"530 days, 13:10:02.201823",Active,Q021-ZN03-BASEBALL-12
0,2962.63427734375,Q-12,False,412.0,0,False,BKB,False,False,False,False,False,11434.0,False,False,False,NONE,False,Full Court,Q448,False,0,0,True,0,False,"226 days, 8:44:45.900975",Active,Q210-BASKETBALL-2
0,842.7385711669922,Q-03,False,403.0,0,False,BKB,False,False,False,False,False,11370.0,False,False,False,NONE,False,Half Court,Q366,False,0,0,False,0,False,"116 days, 10:13:37.881430",Active,Q366-BASKETBALL-3
0,1295.8829193115234,X-01,False,201.0,0,False,HDB,False,False,False,False,False,10451.0,False,True,False,NONE,False,Handball,X155,False,0,0,False,0,False,"146 days, 13:54:06.540897",Active,X155-HANDBALL-3
0,2819.4747619628906,Q-01,False,401.0,0,False,TNS,False,False,False,False,False,11103.0,False,False,True,NONE,False,Tennis,Q014,False,0,0,False,0,False,"227 days, 20:09:05.529065",Active,Q014-TENNIS-1
0,1164.0315551757812,B-16,False,316.0,0,False,HDB,False,False,False,False,False,11233.0,False,True,False,NONE,False,Handball,B219,False,0,0,False,0,False,"141 days, 20:09:17.760851",Active,B219-HANDBALL-3
0,2082.283889770508,B-07,False,307.0,0,False,BKB,False,False,False,False,False,11220.0,False,False,False,NONE,False,Half Court,B210J,False,0,0,True,0,False,"182 days, 21:42:58.382682",Active,B210J-BASKETBALL-2
0,2576.046813964844,B-16,False,316.0,0,False,BKB,False,False,False,False,False,11212.0,False,False,False,NONE,False,Full Court,B362,False,0,0,True,0,False,"211 days, 20:55:18.815994",Active,B362-BASKETBALL-1
0,3182.5293731689453,X-06,False,206.0,0,False,BKB,False,False,False,False,False,10460.0,False,False,False,NONE,False,Full Court,X266,False,0,0,True,0,False,"233 days, 14:05:59.647374",Active,X266-BASKETBALL-2
0,2804.3682861328125,R-01,False,501.0,0,False,TNS,False,False,False,False,False,10310.0,False,False,False,NONE,False,Tennis,R105,False,0,0,False,0,False,"228 days, 1:29:57.902427",Inactive,R105-TENNIS-1
0,1482.4550170898438,B-03,False,303.0,0,False,HDB,False,False,False,False,False,11233.0,False,True,False,NONE,False,Handball,B313,False,0,0,False,0,False,"155 days, 12:58:11.369378",Active,B313-HANDBALL-1
0,3985.045608520508,B-13,False,313.0,0,False,BKB,False,False,False,False,False,11223.0,False,False,False,NONE,False,Full Court,B252,False,0,0,True,0,False,"258 days, 17:02:36.147730",Active,B252-BASKETBALL-2
0,1512.6156463623047,B-10,False,310.0,0,False,HDB,False,False,False,False,False,11228.0,False,True,False,NONE,False,Handball,B028,False,0,0,False,0,False,"157 days, 13:42:32.490562",Active,B028-ZN01-HANDBALL-2
0,65355.27732849121,X-07,False,207.0,0,False,FTB,False,False,False,False,False,10467.0,False,False,False,NONE,False,160 x 360ft rectangular,X104,True,0,0,False,0,True,"1084 days, 13:39:42.897729",Inactive,X104-FOOTBALL-1
0,968.2966003417968,Q-13,False,413.0,0,False,BKB,False,False,False,False,False,11426.0,False,False,False,NONE,False,Half Court,Q327,False,0,0,False,0,False,"124 days, 11:24:49.709985",Active,Q327-BASKETBALL-3
0,4117.051467895508,Q-12,False,412.0,0,False,BKB,False,False,False,False,False,11434.0,False,False,False,NONE,False,Full Court,Q413,False,0,0,False,0,False,"265 days, 9:51:39.465099",Inactive,Q413-BASKETBALL-2
0,640.456298828125,B-10,False,310.0,0,False,PKB,False,False,False,False,False,11220.0,False,False,False,NONE,False,Tennis,B052,False,0,0,False,0,False,"107 days, 11:10:11.313786",Active,B052-02-TENNIS-10
0,2222.9532012939453,B-01,False,301.0,0,False,BKB,False,False,False,False,False,11211.0,False,False,False,NONE,False,Full Court,B142,False,0,0,True,0,False,"191 days, 1:28:19.823561",Active,B142-BASKETBALL-1
0,1452.5189514160156,M-09,False,109.0,0,False,BKB,False,False,False,False,False,10031.0,False,False,False,NONE,False,Full Court,M003,False,0,0,True,0,False,"156 days, 4:29:27.280152",Active,M003-BASKETBALL-1
0,3734.084899902344,Q-11,False,411.0,0,False,SFB,True,False,True,False,False,11362.0,False,False,False,NONE,False,"60ft base path, 150-200ft fence",Q369,False,0,0,False,0,False,"244 days, 11:12:24.579918",Active,Q369-BASEBALL-1
0,2514.55322265625,B-04,False,304.0,0,False,BKB,False,False,False,False,False,11237.0,False,False,False,NONE,False,Half Court,B016,False,0,0,True,0,False,"203 days, 1:07:15.446919",Active,B016-02-BASKETBALL-2
0,2177.246078491211,B-08,False,308.0,0,False,TNS,False,False,False,False,False,11233.0,False,False,True,NONE,True,Tennis,B054,False,0,0,False,0,False,"212 days, 13:24:23.814924",Active,B054-ZN03-TENNIS-11
0,489.0156555175781,Q-07,False,407.0,0,False,BKB,False,False,False,False,False,11357.0,False,False,False,NONE,False,Half Court,Q334,False,0,0,True,0,False,"89 days, 5:38:40.870625",Active,Q334-BASKETBALL-3
0,1502.0419158935547,Q-14,False,414.0,0,False,TNS,False,False,False,False,False,11694.0,False,False,False,NONE,False,Tennis,Q389,False,0,0,False,0,False,"167 days, 1:12:50.186341",Removed,Q389-TENNIS-1
0,4061.883850097656,Q-15,False,481.0,0,False,BKB,False,False,False,False,False,11367.0,False,False,False,NONE,False,Full Court,Q099,False,0,0,True,0,False,"264 days, 13:10:22.363708",Active,Q099-15-BASKETBALL-2
0,2820.4168243408203,B-12,False,312.0,0,False,TNS,False,False,False,False,False,11230.0,False,False,True,NONE,False,Tennis,B372,False,0,0,False,0,False,"227 days, 0:59:30.341929",Active,B372-TENNIS-2
0,870.9401550292969,Q-03,False,403.0,0,False,BKB,False,False,False,False,False,11372.0,False,False,False,NONE,False,Half Court,Q122,False,0,0,True,0,False,"118 days, 2:04:59.908545",Active,Q122-BASKETBALL-1
0,7151.602569580078,M-06,False,106.0,0,False,SCR,False,False,False,False,False,10009.0,False,False,False,NONE,False,45-146ft W x 75-294ft L,M059,False,0,0,False,0,False,"339 days, 2:01:55.876811",Inactive,M059-SOCCER-2
0,117258.71118164062,B-18,False,318.0,1,False,BSB,True,False,True,True,False,11236.0,False,False,False,NONE,False,"90ft base path, 200+ft fence",B018,False,0,0,False,0,False,"1305 days, 19:06:05.587367",Active,B018-ZN05-BASEBALL-1
0,3595.241729736328,B-06,False,306.0,0,False,BKB,False,False,False,False,False,11215.0,False,False,False,NONE,False,Full Court,B095,False,0,0,True,0,False,"245 days, 14:50:25.678439",Active,B095-BASKETBALL-1
0,1519.7687072753906,Q-12,False,412.0,0,False,HDB,False,False,False,False,False,11434.0,False,False,False,NONE,False,Handball,Q413,False,0,0,False,0,False,"159 days, 0:17:45.948179",Inactive,Q413-HANDBALL-1
0,3611.2445526123047,Q-01,False,401.0,0,False,BKB,False,False,False,False,False,11105.0,False,False,False,NONE,False,Full Court,Q332,False,0,0,True,0,False,"246 days, 1:23:40.073206",Active,Q332-BASKETBALL-1
0,726.6248474121094,R-02,False,502.0,0,False,HDB,False,False,False,False,False,10305.0,False,True,False,NONE,False,Handball,R063,False,0,0,False,0,False,"112 days, 1:49:31.082155",Active,R063-HANDBALL-1
0,66062.05905151367,B-19,False,355.0,0,True,BSB,False,False,False,True,False,11215.0,False,False,False,NONE,False,"90ft base path, 200+ft fence",B073,False,0,0,False,0,False,"961 days, 11:09:44.725259",Closed Temporarily,B073-ZN15-BASEBALL-1
0,1749.265655517578,Q-14,False,414.0,0,False,HDB,False,False,False,False,False,11694.0,False,True,False,NONE,False,Handball,Q422,False,0,0,False,0,False,"168 days, 5:56:53.755619",Active,Q422-HANDBALL-2
0,1783.0455017089844,X-13,False,226.0,0,False,HDB,False,False,False,False,False,10470.0,False,True,False,NONE,False,Handball,X092,False,0,0,False,0,False,"169 days, 15:29:13.105631",Active,X092-06-HANDBALL-1
0,20557.14422607422,M-15,False,103.0,0,False,SFB,True,False,True,True,False,10002.0,False,False,False,NONE,False,"60ft base path, 150-200ft fence",M144,False,0,0,False,0,False,"525 days, 20:13:50.105093",Active,M144-ZN04-BASEBALL-4
0,2975.3367919921875,X-12,False,212.0,0,False,TNS,False,False,False,False,False,10469.0,False,False,True,NONE,True,Tennis,X196,False,0,0,False,0,False,"233 days, 19:00:05.719227",Active,X196-TENNIS-3
0,1729.7061004638672,M-03,False,103.0,0,False,VLB,False,False,False,False,False,10009.0,False,False,False,NONE,False,,M321,False,0,0,False,0,False,"176 days, 5:13:25.228679",Inactive,M321-VOLLEYBALL-2
0,4392.0404052734375,X-12,False,212.0,0,False,BKB,False,False,False,False,False,10467.0,False,False,False,NONE,False,Full Court,X169,False,0,0,True,0,False,"274 days, 5:50:34.283299",Active,X169-BASKETBALL-1
0,1268.531219482422,B-18,False,318.0,0,False,HDB,False,False,False,False,False,11229.0,False,True,False,NONE,False,Handball,B057,False,0,0,False,0,False,"147 days, 17:06:53.095097",Active,B057-ZN01-HANDBALL-2
0,2806.525634765625,M-08,False,108.0,0,False,TNS,False,False,False,False,False,10021.0,False,False,True,NONE,False,Tennis,M045,False,0,0,False,0,False,"227 days, 21:52:26.371523",Active,M045-TENNIS-1
0,4102.468109130859,M-14,False,109.0,0,False,BKB,False,False,False,False,False,10024.0,False,False,False,NONE,False,Full Court,M071,False,0,0,True,0,False,"265 days, 0:03:22.988042",Active,M071-21-BASKETBALL-4
0,4191.48371887207,Q-03,False,403.0,0,False,BKB,False,False,False,False,False,11369.0,False,False,False,NONE,False,Full Court,Q373,False,0,0,True,0,False,"268 days, 15:29:17.456389",Active,Q373-BASKETBALL-4
0,4065.325637817383,B-03,False,303.0,0,False,BKB,False,False,False,False,False,11221.0,False,False,False,NONE,False,Full Court,B023,False,0,0,True,0,False,"262 days, 3:39:41.927606",Active,B023-BASKETBALL-1
0,1599.8196868896484,X-02,False,202.0,0,False,HDB,False,False,False,False,False,10474.0,False,True,False,NONE,False,Handball,X113,False,0,0,False,0,False,"160 days, 14:10:06.744649",Removed,X113-HANDBALL-2
0,925.3761138916016,B-03,False,303.0,0,False,HDB,False,False,False,False,False,11216.0,False,True,False,NONE,False,Handball,B225,False,0,0,False,0,False,"123 days, 14:58:49.667842",Active,B225-HANDBALL-6
0,2526.171203613281,Q-01,False,401.0,0,False,BKB,False,False,False,False,False,11102.0,False,False,False,NONE,False,Full Court,Q436,False,0,0,True,0,False,"203 days, 21:53:09.190111",Active,Q436-BASKETBALL-2
1,11923.84620666504,B-15,False,315.0,0,True,MPPA,False,False,True,False,False,11235.0,False,False,False,AFB,False,45-146ft W x 75-294ft L,B306,True,0,0,False,0,True,"436 days, 20:32:53.082242",Active,B306-BASEBALL-1
0,3190.161071777344,R-01,False,501.0,0,False,BKB,False,False,False,False,False,10304.0,False,False,False,NONE,False,Full Court,R125,False,0,0,True,0,False,"229 days, 13:15:50.856553",Closed Temporarily,R125-BASKETBALL-2
0,3859.6959228515625,B-07,False,307.0,0,False,BKB,False,False,False,False,False,11232.0,False,False,False,NONE,False,Full Court,B210B,False,0,0,True,0,False,"254 days, 8:09:59.653048",Active,B210B-BASKETBALL-1
0,2897.447509765625,Q-06,False,406.0,0,False,TNS,False,False,False,False,False,11375.0,False,False,False,NONE,False,,Q377,False,0,0,False,0,False,"230 days, 10:12:06.481950",Inactive,Q377-TENNIS-4
0,58022.72399902344,B-15,False,315.0,0,False,FTB,False,False,False,False,False,11235.0,False,False,False,NONE,False,,B308,False,0,0,False,0,False,"1043 days, 13:39:57.800637",Inactive,B308-FOOTBALL-1
0,1647.9276275634766,B-04,False,304.0,0,False,HDB,False,False,False,False,False,11207.0,False,True,False,NONE,False,Handball,B332,False,0,0,False,0,False,"162 days, 23:06:49.572151",Active,B332-HANDBALL-1
0,93496.4338531494,R-03,False,503.0,0,False,BSB,True,False,True,False,False,10309.0,False,False,False,NONE,False,,R153,False,0,0,False,0,False,"1206 days, 21:15:45.579748",Active,R153-BASEBALL-1
0,2332.717269897461,B-06,False,306.0,0,False,HDB,False,False,False,False,False,11217.0,False,True,False,NONE,False,Handball,B230,False,0,0,False,0,False,"200 days, 0:52:04.873434",Active,B230-HANDBALL-1
0,23785.06591796875,B-06,False,306.0,1,False,SFB,True,False,True,False,False,11201.0,False,False,False,NONE,False,"60ft base path, 150-200ft fence",B050,True,0,0,False,0,True,"563 days, 0:24:17.736775",Active,B050-BASEBALL-1
0,45448.6743927002,R-02,False,502.0,0,False,SFB,True,False,True,False,False,10314.0,False,False,False,NONE,False,"60ft base path, 150-200ft fence",R013,False,0,0,False,0,False,"832 days, 17:41:58.794241",Active,R013-BASEBALL-1
0,925.464614868164,B-03,False,303.0,0,False,HDB,False,False,False,False,False,11205.0,False,True,False,NONE,False,Handball,B105,False,0,0,False,0,False,"123 days, 0:25:47.388380",Active,B105-HANDBALL-1
0,44504.01622009277,B-02,False,302.0,0,False,SCR,False,False,False,False,False,11201.0,False,False,False,NONE,False,147-295ft W x 295-393ft L,B431,False,0,0,False,0,False,"869 days, 19:45:12.160887",Inactive,B431-SOCCER-2
0,2588.3284606933594,B-01,False,301.0,0,False,BKB,False,False,False,False,False,11222.0,False,False,False,NONE,False,Full Court,B058,False,0,0,True,0,False,"207 days, 4:48:09.013473",Active,B058-01-BASKETBALL-2
0,2427.5699462890625,M-07,False,107.0,0,False,BKB,False,False,False,False,False,10023.0,False,False,False,NONE,False,Full Court,M184,False,0,0,False,0,False,"202 days, 10:34:08.581067",Active,M184-BASKETBALL-1
0,1405.2230072021484,Q-08,False,408.0,0,False,HDB,False,False,False,False,False,11435.0,False,True,False,NONE,False,Handball,Q220G,False,0,0,False,0,False,"153 days, 7:25:49.983131",Active,Q220G-HANDBALL-3
0,74729.73513793945,B-19,False,355.0,0,True,BSB,False,False,False,True,False,11215.0,False,False,False,NONE,False,"90ft base path, 200+ft fence",B073,False,0,0,False,0,False,"1039 days, 11:39:57.260431",Closed Temporarily,B073-ZN15-BASEBALL-5
0,2801.343963623047,Q-08,False,408.0,0,False,TNS,False,False,False,False,False,11367.0,False,False,False,NONE,False,Tennis,Q320,False,0,0,False,0,False,"228 days, 3:04:34.292755",Inactive,Q320-TENNIS-1
0,1479.1951141357422,B-16,False,316.0,0,False,HDB,False,False,False,False,False,11212.0,False,False,False,NONE,False,Handball,B363,False,0,0,False,0,False,"160 days, 23:58:33.453787",Inactive,B363-HANDBALL-1
0,4703.672897338867,M-11,False,111.0,0,False,BKB,False,False,False,False,False,10029.0,False,False,False,NONE,False,Full Court,M047,False,0,0,True,0,False,"288 days, 4:07:42.471669",Active,M047-01-BASKETBALL-2
0,1167.7650909423828,M-13,False,164.0,0,False,HDB,False,False,False,False,False,10025.0,False,True,False,NONE,False,Handball,M010,False,0,0,False,0,False,"141 days, 6:19:48.649296",Active,M010-ZN36-HANDBALL-2
0,10630.231018066406,B-06,False,306.0,0,False,SFB,False,False,True,False,False,11231.0,False,False,False,NONE,False,"60ft base path, 150-200ft fence",B126,False,0,0,False,0,False,"386 days, 7:41:54.863313",Closed Temporarily,B126-ZN04-BASEBALL-1
0,12735.900939941406,M-11,False,111.0,0,False,SFB,True,False,True,False,False,10035.0,False,False,False,NONE,False,"60ft base path, 150-200ft fence",M225,False,0,0,False,0,False,"431 days, 15:47:59.035644",Active,M225-BASEBALL-1
0,1168.0634307861328,B-16,False,316.0,0,False,HDB,False,False,False,False,False,11212.0,False,True,False,NONE,False,Handball,B260,False,0,0,False,0,False,"140 days, 0:18:52.408874",Active,B260-HANDBALL-1
0,3417.9227142333984,Q-07,False,407.0,0,False,BKB,False,False,False,False,False,11354.0,False,False,False,NONE,False,Full Court,Q086,False,0,0,True,0,False,"238 days, 17:15:31.126029",Active,Q086-01-BASKETBALL-1
0,40483.63291931152,Q-05,False,305.0,0,False,SCR,False,False,False,False,False,11207.0,False,False,False,NONE,False,45-146ft W x 75-294ft L,B047,True,0,0,False,0,True,"947 days, 7:28:18.486454",Active,Q020-ZN04-SOCCER-1
0,38571.64353942871,Q-03,False,403.0,0,False,BSB,True,False,True,True,False,11368.0,False,False,False,AFB,False,"90ft base path, 200+ft fence",Q410,True,0,0,False,0,False,"751 days, 18:04:23.500623",Active,Q410-BASEBALL-2
0,3183.992248535156,B-16,False,316.0,0,False,BKB,False,False,False,False,False,11212.0,False,False,False,NONE,False,Full Court,B156,False,0,0,True,0,False,"235 days, 4:53:17.213534",Active,B156-BASKETBALL-2
0,1358.3010864257812,X-11,False,211.0,0,False,HDB,False,False,False,False,False,10461.0,False,True,False,NONE,False,Handball,X163,False,0,0,False,0,False,"152 days, 12:07:33.701557",Active,X163-HANDBALL-1
0,11287.837188720703,Q-08,False,408.0,0,False,SCR,False,False,False,False,False,11435.0,False,False,False,NONE,False,,Q220G,False,0,0,False,0,False,"450 days, 3:12:54.021010",Inactive,Q220G-SOCCER-1
0,4884.546508789063,Q-09,False,409.0,0,False,SCR,False,False,False,False,False,11421.0,False,False,False,NONE,False,45-146ft W x 75-294ft L,Q053,False,0,0,False,0,False,"285 days, 5:52:38.093340",Active,Q053-SOCCER-1
0,1259.0522003173828,B-01,False,301.0,0,False,BKB,False,False,False,False,False,11211.0,False,False,False,NONE,False,Half Court,,False,0,0,True,0,False,"146 days, 4:03:23.524846",Active,B223R-BASKETBALL-1
0,11132.93898010254,Q-10,False,410.0,0,False,SFB,False,False,True,False,False,11420.0,False,False,False,NONE,False,"60ft base path, 150-200ft fence",Q096A,False,0,0,False,0,False,"386 days, 0:03:21.222236",Inactive,Q096A-BASEBALL-3
0,1270.3296661376953,Q-14,False,414.0,0,False,HDB,False,False,False,False,False,11693.0,False,True,False,NONE,False,Handball,Q460,False,0,0,False,0,False,"145 days, 14:03:24.912540",Active,Q460-HANDBALL-4
0,1020.7584075927734,Q-07,False,407.0,0,False,HDB,False,False,False,False,False,11355.0,False,True,False,NONE,False,Handball,Q300,False,0,0,False,0,False,"130 days, 8:08:23.956840",Active,Q300-05-HANDBALL-1
0,900.1722869873047,B-08,False,308.0,0,False,HDB,False,False,False,False,False,11213.0,False,True,False,NONE,False,Handball,B012,False,0,0,False,0,False,"124 days, 7:35:25.394408",Active,B012-03-HANDBALL-1
0,25704.460357666016,M-13,False,164.0,0,False,SFB,True,False,True,False,False,10024.0,False,False,False,NONE,False,"60ft base path, 150-200ft fence",M010,False,0,0,False,0,False,"587 days, 21:24:56.930962",Active,M010-ZN27-BASEBALL-7
0,2754.518814086914,Q-13,False,413.0,1,False,TNS,False,False,False,False,False,11426.0,False,False,True,NONE,False,Tennis,Q001A,False,0,0,False,0,False,"225 days, 14:10:26.379994",Active,Q001-ZN01-TENNIS-8
0,3041.8158416748047,M-11,False,111.0,0,False,BKB,False,False,False,False,False,10035.0,False,False,False,NONE,False,Full Court,M208D,False,0,0,True,0,False,"221 days, 20:52:09.691968",Active,M208D-BASKETBALL-4
0,1446.3450775146484,B-10,False,310.0,0,False,HDB,False,False,False,False,False,11209.0,False,True,False,NONE,False,Handball,B082,False,0,0,False,0,False,"158 days, 21:16:56.795129",Active,B082-ZN05-HANDBALL-2
0,2754.987747192383,Q-15,False,481.0,0,False,TNS,False,False,False,False,False,11368.0,False,False,False,NONE,False,Tennis,Q099,False,0,0,False,0,False,"226 days, 0:10:10.364216",Archived,Q099-ZN04-TENNIS-23
0,1035.80322265625,Q-12,False,412.0,0,False,HDB,False,False,False,False,False,11412.0,False,True,False,NONE,False,Handball,Q106,False,0,0,False,0,False,"129 days, 22:00:53.807457",Active,Q106-HANDBALL-2
0,1222.5580291748047,B-11,False,311.0,0,False,HDB,False,False,False,False,False,11214.0,False,True,False,NONE,False,Handball,B007,False,0,0,False,0,False,"147 days, 0:45:33.180828",Active,B007-HANDBALL-2
0,7893.038955688477,B-03,False,303.0,0,True,MPPA,False,False,False,False,False,11206.0,False,False,False,NONE,False,45-146ft W x 75-294ft L,B298,True,0,0,False,0,True,"326 days, 23:36:52.456922",Active,B298-BASEBALL-1
0,5876.815093994141,X-06,False,206.0,0,False,TRK,False,False,False,False,False,10457.0,False,False,False,NONE,False,Jogging Path,X252,False,0,0,False,0,False,"915 days, 17:41:17.658767",Active,X252-TRACK-1
0,3040.8399353027344,M-12,False,112.0,0,False,BKB,False,False,False,False,False,10032.0,False,False,False,NONE,False,Full Court,M234,False,0,0,True,0,False,"231 days, 15:17:35.143280",Active,M234-BASKETBALL-1
0,42637.76930236816,Q-05,False,405.0,0,False,SFB,True,False,True,False,False,11379.0,False,False,False,NONE,False,"60ft base path, 150-200ft fence",Q102,False,0,0,False,0,False,"766 days, 22:31:22.308627",Active,Q102-ZN02-BASEBALL-4
0,41370.70903015137,M-11,False,111.0,0,False,BSB,False,False,True,False,False,10035.0,False,False,False,NONE,False,"60ft base path, 150-200ft fence",M104,False,0,0,False,0,False,"801 days, 2:23:02.106584",Active,M104-ZN02-BASEBALL-9
0,758.3847045898438,Q-07,False,407.0,0,False,BKB,False,False,False,False,False,11355.0,False,False,False,NONE,False,Half Court,Q300,False,0,0,False,0,False,"110 days, 18:42:03.329642",Active,Q300-03-BASKETBALL-1
0,421.420150756836,M-09,False,109.0,0,False,BKB,False,False,False,False,False,10031.0,False,False,False,NONE,False,Half Court,M018,False,0,0,True,0,False,"82 days, 6:20:05.305707",Inactive,M018-BASKETBALL-3
0,3562.7946166992188,Q-09,False,409.0,0,False,BKB,False,False,False,False,False,11416.0,False,False,False,NONE,False,Full Court,Q337,False,0,0,True,0,False,"247 days, 8:20:56.905049",Active,Q337-BASKETBALL-3
0,3665.136367797852,Q-04,False,404.0,0,False,BKB,False,False,False,False,False,11373.0,False,False,False,NONE,True,Full Court,Q360N,False,0,0,True,0,False,"248 days, 5:33:56.017052",Active,Q360N-BASKETBALL-2
0,115608.68223571776,Q-07,False,407.0,0,False,FTB,False,False,False,False,False,11356.0,False,False,False,NONE,False,45-146ft W x 75-294ft L,Q445,True,0,0,False,0,False,"1410 days, 23:56:43.757640",Active,Q445-SOCCER-1
0,1376.2438507080078,Q-12,False,412.0,0,False,BKB,False,False,False,False,False,11435.0,False,False,False,NONE,False,Half Court,Q220B,False,0,0,False,0,False,"149 days, 9:20:10.861339",Active,Q220B-BASKETBALL-3
0,1026.0547637939453,R-02,False,502.0,0,False,BKB,False,False,False,False,False,10305.0,False,False,False,NONE,False,Half Court,R087,False,0,0,True,0,False,"131 days, 5:47:38.822451",Active,R087-BASKETBALL-4
0,1614.8793334960938,B-05,False,305.0,0,False,HDB,False,False,False,False,False,11208.0,False,True,False,NONE,False,Handball,B163,False,0,0,False,0,False,"161 days, 8:49:48.334566",Active,B163-HANDBALL-2
0,25704.542221069336,M-13,False,164.0,0,False,SFB,True,False,True,False,False,10024.0,False,False,False,NONE,False,"60ft base path, 150-200ft fence",M010,False,0,0,False,0,False,"587 days, 21:24:36.682883",Active,M010-ZN27-BASEBALL-1
0,3011.9717864990234,B-06,False,306.0,0,False,VLB,False,False,False,False,False,11231.0,False,False,False,NONE,False,Volleyball,B126,False,0,1,False,0,False,"227 days, 20:27:06.440009",Active,B126-01-VOLLEYBALL-1
0,65026.64920043945,X-13,False,226.0,0,False,SCR,False,False,False,False,False,10471.0,False,False,False,NONE,False,147-295ft W x 295-393ft L,X092,False,0,0,False,0,True,"1054 days, 5:50:09.260093",Active,X092-ZN06-SOCCER-1
0,2811.5355072021484,X-03,False,203.0,0,False,BKB,False,False,False,False,False,10456.0,False,False,False,NONE,False,,X206,False,0,0,False,0,False,"219 days, 23:03:32.512885",Inactive,X206-BASKETBALL-1
0,4094.588333129883,M-03,False,103.0,0,False,BKB,False,False,False,False,False,10009.0,False,False,False,NONE,False,Full Court,M270,False,0,0,True,0,False,"265 days, 3:42:12.588313",Active,M270-BASKETBALL-1
0,1208.7138214111328,B-16,False,316.0,0,False,HDB,False,False,False,False,False,11212.0,False,True,False,NONE,False,Handball,B008,False,0,0,False,0,False,"143 days, 16:23:27.269205",Closed Temporarily,B008-HANDBALL-7
0,1275.7042999267578,Q-13,False,413.0,0,False,HDB,False,False,False,False,False,11413.0,False,True,False,NONE,False,Handball,Q406,False,0,0,False,0,False,"145 days, 16:55:36.361883",Active,Q406-HANDBALL-4
0,9103.015609741213,X-14,False,227.0,0,False,SFB,True,False,True,False,False,10467.0,False,False,False,NONE,False,"60ft base path, 150-200ft fence",X002,False,0,0,False,0,False,"351 days, 11:39:53.641712",Active,X002-ZN04-BASEBALL-1
0,20683.997955322266,M-14,False,109.0,0,False,SFB,True,False,True,True,False,10032.0,False,False,False,NONE,False,"60ft base path, 150-200ft fence",M140,False,0,0,False,0,False,"540 days, 9:15:03.627576",Active,M072-ZN28-BASEBALL-1
0,2934.658981323242,R-02,False,502.0,0,False,TNS,False,False,False,False,False,10314.0,False,False,True,NONE,False,Tennis,R030,False,0,0,False,0,False,"231 days, 12:43:44.866143",Removed,R065-ZN08-TENNIS-4
0,1816.4818115234373,M-03,False,103.0,0,False,VLB,False,False,False,False,False,10038.0,False,False,False,NONE,False,Volleyball,M194,False,0,1,False,0,False,"180 days, 14:50:00.318187",Active,M194-VOLLEYBALL-1
0,60807.60340881348,Q-08,False,408.0,0,False,SCR,False,False,False,False,False,11364.0,False,False,False,NONE,False,,Q021,False,0,0,False,0,False,"1037 days, 23:45:32.392878",Inactive,Q021-ZN06-SOCCER-06
0,974.9801788330078,Q-07,False,407.0,0,False,HDB,False,False,False,False,False,11355.0,False,True,False,NONE,False,Handball,Q300,False,0,0,False,0,False,"126 days, 20:11:20.949694",Active,Q300-05-HANDBALL-2
0,2617.995422363281,Q-10,False,410.0,0,False,BKB,False,False,False,False,False,11414.0,False,False,False,NONE,False,Full Court,Q421,False,0,0,True,0,False,"209 days, 20:31:38.769956",Active,Q421-BASKETBALL-2
0,2427.0704193115234,M-06,False,106.0,0,False,TRK,False,False,False,False,False,10010.0,False,False,False,NONE,False,Jogging Path,M164,False,0,0,False,0,False,"944 days, 9:21:20.202262",Active,M164-TRACK-1
0,1797.2550354003906,Q-13,False,413.0,0,False,TNS,False,False,False,False,False,11422.0,False,False,False,NONE,False,,Q108,False,0,0,False,0,False,"180 days, 0:07:42.222168",Inactive,Q108-TENNIS-2
0,2878.401306152344,X-15,False,228.0,0,False,TNS,False,False,False,False,False,10465.0,False,False,True,NONE,False,Tennis,X039,False,0,0,False,0,False,"230 days, 6:15:01.091709",Active,X039-ZN01-TENNIS-1
0,1429.815399169922,X-09,False,209.0,0,False,HDB,False,False,False,False,False,10462.0,False,True,False,NONE,False,Handball,X177,False,0,0,False,0,False,"153 days, 11:05:07.774996",Active,X177-HANDBALL-4
0,871.3502502441406,X-04,False,204.0,0,False,HDB,False,False,False,False,False,10452.0,False,True,False,NONE,False,Handball,X148C7,False,0,0,False,0,False,"119 days, 17:00:51.977288",Active,X148C7-HANDBALL-3
0,909.0069274902344,Q-14,False,414.0,0,False,BKB,False,False,False,False,False,11693.0,False,False,False,NONE,False,Half Court,Q403,False,0,0,False,0,False,"120 days, 22:12:22.456900",Active,Q403-BASKETBALL-2
0,73182.14581298828,M-11,False,111.0,0,False,BSB,True,False,False,True,False,10035.0,False,False,False,NONE,True,"90ft base path, 200+ft fence",M104,False,0,0,False,0,False,"1066 days, 15:14:29.004149",Active,M104-ZN01-BASEBALL-8
0,3102.0309295654297,Q-11,False,411.0,0,False,BKB,False,False,False,False,False,11360.0,False,False,False,NONE,False,,Q387A,False,0,0,False,0,False,"225 days, 3:52:41.197326",Inactive,Q387A-BASKETBALL-3
0,1145.623016357422,X-11,False,211.0,0,False,BKB,False,False,False,False,False,10469.0,False,False,False,NONE,False,Half Court,X172,False,0,0,False,0,False,"135 days, 9:47:03.552719",Active,X172-BASKETBALL-2
0,49956.90165710449,Q-12,False,412.0,0,False,CRK,False,False,False,False,False,11434.0,False,False,False,NONE,False,60 ft Cricket Pitch,Q005,False,0,0,False,0,False,"839 days, 4:41:08.378366",Inactive,Q005-ZN05-CRICKET-2
0,1179.3631439208984,B-03,False,303.0,0,False,HDB,False,False,False,False,False,11216.0,False,True,False,NONE,False,Handball,B262,False,0,0,False,0,False,"139 days, 15:24:14.688508",Active,B262-HANDBALL-2
0,4112.385101318359,Q-06,False,406.0,0,False,SFB,False,False,False,False,False,11375.0,False,False,False,NONE,False,"45-60ft base path, less than 150ft fence",Q304,False,0,0,False,0,False,"235 days, 14:15:37.913730",Active,Q304-BASEBALL-1
0,3107.4647064208984,B-05,False,305.0,0,False,VLB,False,False,False,False,False,11208.0,False,False,False,NONE,False,Volleyball,B380,False,0,1,False,0,False,"230 days, 23:16:13.434071",Active,B380-VOLLEYBALL-1
0,2041.1478729248047,M-03,False,103.0,0,False,BKB,False,False,False,False,False,10038.0,False,False,False,NONE,False,,M194,False,0,0,False,0,False,"181 days, 4:09:07.339323",Inactive,M194-BASKETBALL-3
0,1149.833236694336,B-16,False,316.0,0,False,HDB,False,False,False,False,False,11212.0,False,True,False,NONE,False,Handball,B249,False,0,0,False,0,False,"141 days, 22:42:03.286668",Active,B249-HANDBALL-8
0,854.8827667236328,X-04,False,204.0,0,False,HDB,False,False,False,False,False,10452.0,False,True,False,NONE,False,Handball,X148C7,False,0,0,False,0,False,"118 days, 14:09:12.659403",Active,X148C7-HANDBALL-4
0,11802.34553527832,X-01,False,201.0,0,False,SFB,True,False,True,False,False,10454.0,False,False,False,NONE,False,"60ft base path, 150-200ft fence",X103,False,0,0,False,0,False,"394 days, 23:31:54.159449",Active,X103-BASEBALL-1
0,4086.216567993164,B-01,False,301.0,0,False,BKB,False,False,False,False,False,11206.0,False,False,False,NONE,False,Full Court,B286,False,0,0,True,0,False,"266 days, 3:21:32.781973",Active,B286-BASKETBALL-1
0,849.5345764160156,B-06,False,306.0,0,False,HDB,False,False,False,False,False,11215.0,False,False,False,NONE,False,,B111A,False,0,0,False,0,False,"119 days, 23:41:18.448628",Inactive,B111A-HANDBALL-6
0,49666.83627319336,Q-07,False,407.0,0,False,SFB,True,False,True,False,False,11365.0,False,False,False,NONE,False,"60ft base path, 150-200ft fence",Q024,False,0,0,False,0,False,"846 days, 0:33:25.593826",Active,Q024-ZN04-BASEBALL-1
0,3768.6158447265625,B-07,False,307.0,0,False,BKB,False,False,False,False,False,11220.0,False,False,False,NONE,False,Full Court,B098,False,0,0,True,0,False,"250 days, 11:40:14.564946",Active,B098-BASKETBALL-1
0,38485.6979675293,Q-13,False,413.0,0,False,SFB,True,False,True,True,False,11422.0,False,False,False,NONE,False,"60ft base path, 150-200ft fence",Q008,False,0,0,False,0,False,"770 days, 8:12:50.372863",Active,Q008-BASEBALL-1
0,1245.8377227783203,B-05,False,305.0,0,False,HDB,False,False,False,False,False,11208.0,False,True,False,NONE,False,Handball,B103,False,0,0,False,0,False,"145 days, 1:44:38.754837",Active,B103-HANDBALL-1
0,3137.443298339844,X-10,False,210.0,0,False,BKB,False,False,False,False,False,10465.0,False,False,False,NONE,False,Full Court,X126,False,0,0,True,0,False,"233 days, 14:09:49.564244",Active,X126-ZN04-BASKETBALL-1
0,3224.7620544433594,Q-11,False,411.0,0,False,BKB,False,False,False,False,False,11364.0,False,False,False,NONE,False,Half Court,Q349,False,0,0,False,0,False,"236 days, 10:58:11.956941",Inactive,Q349-BASKETBALL-3
0,2820.110549926758,Q-07,False,407.0,0,False,TNS,False,False,False,False,False,11354.0,False,False,True,NONE,False,Tennis,Q086,False,0,0,False,0,False,"228 days, 23:28:31.461660",Active,Q086-TENNIS-2
0,1090.3644561767578,B-05,False,305.0,0,False,HDB,False,False,False,False,False,11207.0,False,True,False,NONE,False,Handball,B214,False,0,0,False,0,False,"135 days, 21:59:54.440779",Active,B214-01-HANDBALL-2
0,1385.1177673339844,Q-04,False,404.0,0,False,HDB,False,False,False,False,False,11373.0,False,True,False,NONE,False,Handball,Q361,False,0,0,False,0,False,"152 days, 9:42:06.802913",Active,Q361-HANDBALL-6
0,3804.3623046875,R-02,False,502.0,0,False,BKB,False,False,False,False,False,10306.0,False,False,False,NONE,True,Full Court,R067,False,0,0,True,0,False,"252 days, 1:51:05.156308",Active,R067-BASKETBALL-1
0,1441.8282318115234,Q-10,False,410.0,0,False,HDB,False,False,False,False,False,11414.0,False,True,False,NONE,False,Handball,Q408,False,0,0,False,0,False,"152 days, 16:07:23.596085",Active,Q408-HANDBALL-1
0,1839.6600494384768,M-13,False,164.0,0,False,VLB,False,False,False,False,False,10024.0,False,False,False,NONE,False,Volleyball,M010,False,0,1,False,0,False,"182 days, 1:11:04.500955",Active,M010-151-VOLLEYBALL-2
0,36916.77993774414,R-03,False,503.0,0,False,SCR,False,False,False,False,False,10309.0,False,False,False,NONE,False,45-146ft W x 75-294ft L,R106,True,0,0,False,0,False,"788 days, 2:33:00.668007",Active,R106-ZN03-SOCCER-2
0,1475.0443725585938,X-02,False,202.0,0,False,BKB,False,False,False,False,False,10459.0,False,False,False,NONE,False,Half Court,X211,False,0,0,False,0,False,"153 days, 20:33:57.444954",Inactive,X211-BASKETBALL-1
0,1190.2376861572266,B-08,False,308.0,0,False,HDB,False,False,False,False,False,11213.0,False,True,False,NONE,True,Handball,B245,False,0,0,False,0,False,"141 days, 14:09:02.576681",Active,B245-HANDBALL-11
0,57390.828201293945,M-11,False,111.0,0,False,SCR,False,False,False,False,False,10035.0,False,False,False,NONE,False,147-295ft W x 295-393ft L,M104,True,0,0,False,0,True,"980 days, 16:29:34.540431",Active,M104-ZN02-SOCCER-1
0,4043.486221313477,Q-04,False,404.0,0,False,BKB,False,False,False,False,False,11368.0,False,False,False,NONE,False,Full Court,Q450,False,0,0,True,0,False,"264 days, 7:28:55.181499",Active,Q450-BASKETBALL-6
0,24803.236709594727,Q-05,False,405.0,0,False,SFB,True,False,True,True,False,11378.0,False,False,False,NONE,False,"60ft base path, 150-200ft fence",Q131,False,0,0,False,0,False,"597 days, 21:08:41.665752",Removed,Q131-BASEBALL-1
0,2872.1051025390625,X-04,False,204.0,1,False,TNS,False,False,False,False,False,10451.0,False,False,True,NONE,False,Tennis,X344,False,0,0,False,0,False,"230 days, 6:49:18.193182",Active,X344-TENNIS-4
0,4231.02751159668,Q-14,False,414.0,0,False,BKB,False,False,False,False,False,11693.0,False,False,False,NONE,False,Full Court,Q460,False,0,0,True,0,False,"269 days, 18:10:23.297783",Active,Q460-BASKETBALL-3
0,41376.83598327637,M-11,False,111.0,0,False,SFB,True,False,True,False,False,10035.0,False,False,False,NONE,False,"60ft base path, 150-200ft fence",M104,False,0,0,False,0,False,"801 days, 2:44:20.922611",Active,M104-ZN02-BASEBALL-17
0,1343.1195068359375,B-11,False,311.0,0,False,HDB,False,False,False,False,False,11204.0,False,True,False,NONE,False,Handball,B100,False,0,0,False,0,False,"149 days, 2:24:43.498522",Active,B100-01-HANDBALL-6
0,1727.894073486328,X-01,False,201.0,0,False,TRK,False,False,False,False,False,10451.0,False,False,False,NONE,False,Unknown,X155,False,0,0,False,0,False,"324 days, 16:52:33.562827",Inactive,X155-TRACK-1
0,709.4374389648438,X-07,False,207.0,0,False,HDB,False,False,False,False,False,10463.0,False,True,False,NONE,False,Handball,X175,False,0,0,False,0,False,"106 days, 13:35:27.830029",Active,X175-HANDBALL-2
0,1068.1027526855469,B-03,False,303.0,0,False,HDB,False,False,False,False,False,11205.0,False,True,False,NONE,False,Handball,B105,False,0,0,False,0,False,"131 days, 3:50:56.158552",Active,B105-HANDBALL-3
0,1093.128646850586,M-02,False,102.0,0,False,HDB,False,False,False,False,False,10012.0,False,True,False,NONE,False,Handball,M125C,False,0,0,False,0,False,"137 days, 9:20:12.671276",Active,M125C-HANDBALL-1
0,41650.59394836426,B-18,False,318.0,0,False,BSB,True,False,True,True,False,11229.0,False,False,False,NONE,False,"90ft base path, 200+ft fence",B057,False,0,0,False,0,False,"775 days, 13:43:50.086452",Active,B057-ZN04-BASEBALL-4
0,1182.9327392578125,Q-07,False,407.0,0,False,BKB,False,False,False,False,False,11357.0,False,False,False,NONE,True,Half Court,Q390,False,0,0,True,0,False,"138 days, 4:32:16.461342",Active,Q390-BASKETBALL-3
0,3866.552490234375,B-18,False,318.0,0,False,BKB,False,False,False,False,False,11236.0,False,False,False,NONE,False,Full Court,B342,False,0,0,True,0,False,"260 days, 8:37:14.170731",Active,B342-BASKETBALL-5
0,1468.369110107422,B-16,False,316.0,0,False,HDB,False,False,False,False,False,11212.0,False,True,False,NONE,False,Handball,B156,False,0,0,False,0,False,"155 days, 12:11:43.515119",Active,B156-HANDBALL-2
0,1073.8155517578125,B-06,False,306.0,0,False,HDB,False,False,False,False,False,11201.0,False,True,False,NONE,False,Handball,B050,False,0,0,False,0,False,"133 days, 21:03:54.070769",Active,B050-HANDBALL-7
0,11559.081756591797,B-18,False,318.0,0,False,SCR,False,False,False,False,False,11229.0,False,False,False,NONE,False,60 x 360ft rectangular,B057,False,0,0,False,0,True,"456 days, 17:11:36.772346",Active,B057-ZN02-SOCCER-4
0,2764.4300231933594,Q-12,False,412.0,0,False,TNS,False,False,False,False,False,11433.0,False,False,True,NONE,False,Tennis,Q121,False,0,0,False,0,False,"226 days, 13:16:23.611595",Active,Q121-02-TENNIS-3
0,4465.671249389648,B-02,False,302.0,0,False,BKB,False,False,False,False,False,11201.0,False,False,False,NONE,False,Full Court,B243,False,0,0,False,0,False,"280 days, 9:54:59.186148",Active,B243-BASKETBALL-2
0,1492.0939025878906,Q-14,False,414.0,0,False,HDB,False,False,False,False,False,11693.0,False,True,False,NONE,False,Handball,Q163,False,0,0,False,0,False,"158 days, 7:27:26.667329",Active,Q163-ZN05A-HANDBALL-8
0,2892.8224182128906,X-05,False,205.0,0,False,BKB,False,False,False,False,False,10453.0,False,False,False,NONE,False,Full Court,X257,False,0,0,True,0,False,"224 days, 2:40:50.509928",Active,X257-BASKETBALL-1
0,22966.33790588379,X-15,False,212.0,1,False,SFB,True,False,True,False,False,10475.0,False,False,False,NONE,False,"60ft base path, 150-200ft fence",X039,False,0,0,False,0,False,"551 days, 10:48:31.698817",Active,X039-BASEBALL-1
0,3713.975784301758,X-06,False,206.0,0,False,BKB,False,False,False,False,False,10458.0,False,False,False,NONE,False,Full Court,X280,False,0,0,True,0,False,"252 days, 17:58:15.925909",Active,X280-BASKETBALL-1
0,3276.677536010742,B-03,False,303.0,0,False,TRK,False,False,False,False,False,11206.0,False,False,False,NONE,False,Jogging Path,B298,False,0,0,False,0,False,"712 days, 22:12:13.767792",Active,B298-TRACK-1
0,53049.58459472656,B-16,False,316.0,0,False,FTB,False,False,False,False,False,11212.0,False,False,False,AFB,True,147-295ft W x 295-393ft L,B008,True,0,0,False,0,True,"977 days, 5:24:53.223382",Active,B008-SOCCER-1
0,3717.623779296875,B-16,False,316.0,0,False,BKB,False,False,False,False,False,11233.0,False,False,False,NONE,False,Full Court,B325,False,0,0,True,0,False,"248 days, 23:30:49.327551",Active,B325-BASKETBALL-1
0,17274.387435913086,Q-05,False,405.0,0,False,SFB,False,False,True,True,False,11385.0,False,False,False,NONE,False,"60ft base path, 150-200ft fence",B047,False,0,0,False,0,False,"484 days, 19:36:32.901989",Active,Q020-ZN02-BASEBALL-1
0,2669.6433715820312,Q-05,False,405.0,0,False,TRK,False,False,False,False,False,11385.0,False,False,False,NONE,False,Jogging Path,Q289,False,0,0,False,0,False,"772 days, 1:11:39.950971",Active,Q289-TRACK-1
0,3542.679656982422,B-06,False,306.0,0,False,BKB,False,False,False,False,False,11217.0,False,False,False,NONE,False,Full Court,B320,False,0,0,True,0,False,"244 days, 10:12:58.363901",Active,B320-BASKETBALL-2
0,4202.946914672852,X-04,False,204.0,0,False,BKB,False,False,False,False,False,10457.0,False,False,False,NONE,False,Full Court,X008,False,0,0,True,0,False,"268 days, 5:31:03.488495",Active,X008-ZN02-BASKETBALL-1
0,2745.075180053711,Q-01,False,401.0,0,False,TNS,False,False,False,False,False,11106.0,False,False,True,NONE,False,Tennis,Q218,False,0,0,False,0,False,"226 days, 7:33:46.510281",Active,Q218-TENNIS-1
0,1201.8983306884766,B-02,False,302.0,0,False,HDB,False,False,False,False,False,11201.0,False,True,False,NONE,False,Handball,B243,False,0,0,False,0,False,"143 days, 11:12:06.251079",Active,B243-HANDBALL-5
0,2075.783477783203,Q-07,False,407.0,0,False,BKB,False,False,False,False,False,11356.0,False,False,False,NONE,False,,Q475,False,0,0,False,0,False,"182 days, 15:52:52.768363",Inactive,Q475-BASKETBALL-2
0,489.015625,Q-07,False,407.0,0,False,BKB,False,False,False,False,False,11357.0,False,False,False,NONE,False,Half Court,Q334,False,0,0,False,0,False,"89 days, 5:38:40.869475",Active,Q334-BASKETBALL-5
0,960.3514862060548,X-11,False,211.0,0,False,BKB,False,False,False,False,False,10461.0,False,False,False,NONE,False,Half Court,X163,False,0,0,False,0,False,"124 days, 4:20:14.015862",Active,X163-BASKETBALL-1
0,1116.9685516357422,M-12A,False,112.0,0,False,HDB,False,False,False,False,False,10032.0,False,True,False,NONE,False,Handball,M037,False,0,0,False,0,False,"138 days, 13:10:52.936292",Active,M037-01-HANDBALL-3
0,1206.676284790039,M-11,False,111.0,0,False,HDB,False,False,False,False,False,10035.0,False,True,False,NONE,False,Handball,M208D,False,0,0,False,0,False,"142 days, 20:52:33.327485",Active,M208D-HANDBALL-5
0,3758.4215087890634,X-12,False,212.0,0,False,BKB,False,False,False,False,False,10466.0,False,False,False,NONE,False,Full Court,X165,False,0,0,True,0,False,"251 days, 22:32:05.701031",Active,X165-BASKETBALL-2
0,2583.224334716797,M-14,False,107.0,0,False,BKB,False,False,False,False,False,10023.0,False,False,False,NONE,False,Full Court,M353,False,0,0,True,0,False,"209 days, 13:25:27.333860",Active,M071-ZN31-BASKETBALL-3
0,1127.1978912353516,Q-11,False,411.0,0,False,HDB,False,False,False,False,False,11362.0,False,True,False,NONE,False,Handball,Q369,False,0,0,False,0,False,"138 days, 1:58:14.987646",Active,Q369-HANDBALL-6
0,1649.7008056640625,M-12,False,112.0,0,False,VLB,False,False,False,False,False,10032.0,False,False,False,NONE,False,Volleyball,M028,False,0,1,False,0,False,"174 days, 8:35:33.614923",Active,M028-ZN01-VOLLEYBALL-5
0,35717.20883178711,R-01,False,501.0,0,False,SFB,False,False,False,False,False,10301.0,False,False,False,NONE,False,"60ft base path, 150-200ft fence",R116,False,0,0,False,0,False,"739 days, 10:09:36.024907",Active,R116-BASEBALL-3
0,1577.9462280273438,B-11,False,311.0,0,False,HDB,False,False,False,False,False,11214.0,False,True,False,NONE,False,Handball,B007,False,0,0,False,0,False,"161 days, 16:25:40.100593",Active,B007-HANDBALL-4
0,40918.94297790527,Q-15,False,481.0,0,False,SFB,True,False,True,False,False,11368.0,False,False,False,NONE,False,"60ft base path, 150-200ft fence",Q099,False,0,0,False,0,False,"762 days, 20:32:43.374115",Active,Q099-ZN19-BASEBALL-1
0,65133.56881713867,Q-13,False,413.0,0,False,FTB,False,False,False,False,False,11426.0,False,False,False,NONE,False,147-295ft W x 295-393ft L,Q001A,False,0,0,False,0,False,"1075 days, 5:19:26.759064",Active,Q001-ZN01-FOOTBALL-1
0,1069.0209197998047,M-01,False,101.0,0,False,BKB,False,False,False,False,False,10013.0,False,False,False,NONE,True,Half Court,M308,False,0,0,True,0,False,"131 days, 20:11:08.704399",Active,M308-BASKETBALL-1
0,1244.3016815185547,M-02,False,102.0,0,False,BKB,False,False,False,False,False,10012.0,False,False,False,NONE,False,Half Court,M125C,False,0,0,True,0,False,"141 days, 9:34:38.213061",Active,M125C-BASKETBALL-2
0,3125.9203033447266,M-02,False,102.0,0,False,BKB,False,False,False,False,False,10012.0,False,False,False,NONE,False,Full Court,M120A,False,0,0,True,0,False,"224 days, 14:52:41.882781",Active,M120A-BASKETBALL-1
0,1800.3726348876953,X-09,False,209.0,0,False,BKB,False,False,False,False,False,10473.0,False,False,False,NONE,False,Half Court,X203,False,0,0,False,0,False,"169 days, 18:35:19.072914",Inactive,X203-BASKETBALL-3
0,17284.477096557617,Q-07,False,407.0,0,False,HKY,False,False,False,False,False,11354.0,False,False,False,NONE,True,45-146ft W x 75-294ft L,Q476,False,0,0,False,0,True,"554 days, 19:46:41.657456",Inactive,Q476-HOCKEY-2
0,2008.8702545166016,B-10,False,310.0,0,False,HDB,False,False,False,False,False,11228.0,False,True,False,NONE,False,Handball,B282,False,0,0,False,0,False,"179 days, 7:21:20.080522",Active,B282-HANDBALL-2
0,1106.201690673828,Q-03,False,403.0,0,False,HDB,False,False,False,False,False,11370.0,False,True,False,NONE,False,Handball,Q085,False,0,0,False,0,False,"134 days, 21:21:15.706046",Active,Q085-HANDBALL-4
0,814.2628784179688,X-07,False,205.0,0,False,BKB,False,False,False,False,False,10453.0,False,False,False,NONE,False,Full Court,X001A,False,0,0,True,0,False,"116 days, 10:32:42.277994",Active,X001A-01-BASKETBALL-1
0,4169.336517333984,M-08,False,108.0,0,False,BKB,False,False,False,False,False,10128.0,False,False,False,NONE,False,Full Court,M286,False,0,0,False,0,False,"267 days, 7:00:37.167076",Active,M286-BASKETBALL-2
0,4209.940017700195,Q-12,False,412.0,0,False,BKB,False,False,False,False,False,11436.0,False,False,False,NONE,False,Full Court,Q220C,False,0,0,True,0,False,"267 days, 13:40:40.185100",Active,Q220C-03-BASKETBALL-4
0,1317.1348724365234,M-10,False,110.0,0,False,HDB,False,False,False,False,False,10039.0,False,True,False,NONE,False,Handball,M159,False,0,0,False,0,False,"147 days, 22:55:14.726364",Active,M159-HANDBALL-4
0,13048.739181518557,Q-14,False,414.0,0,False,HKY,False,False,False,False,False,11691.0,False,False,False,NONE,False,Hockey,Q007,False,0,0,False,0,False,"475 days, 0:03:31.397075",Inactive,Q007-HOCKEY-1
0,11555.031280517578,Q-06,False,406.0,0,False,SFB,False,False,False,False,False,11374.0,False,False,False,NONE,False,"45-60ft base path, less than 150ft fence",Q306,False,0,0,False,0,False,"399 days, 19:03:16.213923",Active,Q306-BASEBALL-1
0,1028.4383544921875,B-18,False,318.0,0,False,HDB,False,False,False,False,False,11234.0,False,True,False,NONE,False,Handball,B057,False,0,0,False,0,False,"131 days, 3:20:14.204500",Active,B057-04-HANDBALL-3
0,1117.918472290039,Q-08,False,408.0,0,False,HDB,False,False,False,False,False,11365.0,False,True,False,NONE,False,Handball,Q344,False,0,0,False,0,False,"137 days, 10:09:22.309202",Active,Q344-HANDBALL-1
0,2875.208038330078,B-02,False,302.0,0,False,TNS,False,False,False,False,False,11201.0,False,False,True,NONE,False,Tennis,B032,False,0,0,False,0,False,"230 days, 22:57:18.362642",Active,B032-ZN02-TENNIS-2
0,3205.7675018310547,X-09,False,209.0,0,False,BKB,True,False,False,False,False,10473.0,False,False,False,NONE,False,Full Court,X118,False,0,0,False,0,False,"235 days, 18:01:22.794155",Active,X118-02-BASKETBALL-6
0,1294.0579071044922,B-03,False,303.0,0,False,BKB,False,False,False,False,False,11216.0,False,False,False,NONE,False,Half Court,B225,False,0,0,True,0,False,"143 days, 21:46:02.968543",Active,B225-BASKETBALL-4
0,34771.60340881348,M-13,False,164.0,0,False,SFB,True,False,True,False,False,10025.0,False,False,False,NONE,False,"60ft base path, 150-200ft fence",M010,False,0,0,False,0,False,"694 days, 0:55:16.463112",Active,M010-ZN37-BASEBALL-8
0,1192.5609893798828,Q-13,False,413.0,0,False,HDB,False,False,False,False,False,11427.0,False,True,False,NONE,False,Handball,Q322,False,0,0,False,0,False,"141 days, 20:40:15.956017",Active,Q322-HANDBALL-3
0,3453.8675994873047,Q-07,False,407.0,0,False,BKB,False,False,False,False,False,11355.0,False,False,False,NONE,False,Full Court,Q300,False,0,0,True,0,False,"240 days, 12:45:36.251278",Active,Q300-04-BASKETBALL-1
0,11559.081756591797,B-18,False,318.0,0,False,SCR,False,False,False,False,False,11229.0,False,False,False,NONE,False,60 x 360ft rectangular,B057,False,0,0,False,0,True,"456 days, 17:11:36.772346",Active,B057-ZN02-SOCCER-2
0,2885.708541870117,X-03,False,203.0,0,False,TNS,False,False,False,False,False,10457.0,False,False,True,NONE,True,Tennis,X010,False,0,0,False,0,False,"230 days, 15:15:51.912281",Active,X010-ZN03-TENNIS-20
0,2852.084457397461,B-15,False,315.0,0,False,TNS,False,False,False,False,False,11229.0,False,False,True,NONE,False,Tennis,B051,False,0,0,False,0,False,"229 days, 12:16:42.402808",Active,B051-TENNIS-1
0,1086.081771850586,M-03,False,103.0,0,False,HDB,False,False,False,False,False,10002.0,False,True,False,NONE,False,Handball,M132,False,0,0,False,0,False,"139 days, 13:04:28.958624",Active,M132-HANDBALL-1
1,15369.279525756836,B-01,False,301.0,0,True,MPPA,False,True,False,False,False,11211.0,False,False,False,AFB,False,45-146ft W x 75-294ft L,B264,True,0,0,False,0,True,"488 days, 2:50:00.984303",Active,B264-BASEBALL-1
0,15383.207641601562,B-15,False,315.0,0,False,FTB,False,False,False,False,False,11223.0,False,False,False,NONE,False,45-146ft W x 75-294ft L,B244,False,0,0,False,0,False,"541 days, 15:23:52.682727",Inactive,B244-FOOTBALL-1
0,29822.517318725582,B-14,False,314.0,0,False,SCR,False,False,False,False,False,11226.0,False,False,False,NONE,False,45-146ft W x 75-294ft L,B068,False,0,0,False,0,True,"765 days, 2:26:53.334047",Active,B073-ZN28-SOCCER-6
0,4592.179580688477,B-14,False,314.0,0,False,SCR,False,False,False,False,False,11226.0,False,False,False,NONE,False,45-146ft W x 75-294ft L,B068,False,0,0,False,0,False,"275 days, 19:07:23.381527",Inactive,B073-ZN27-SOCCER-08
0,74169.90391540527,Q-15,False,481.0,0,False,SCR,False,False,False,False,False,11368.0,False,False,False,NONE,False,147-295ft W x 295-393ft L,Q099,False,0,0,False,0,True,"1110 days, 20:57:50.635417",Active,Q099-ZN09-SOCCER-1
0,1240.1117706298828,B-01,False,301.0,0,False,TNS,False,False,False,False,False,11206.0,False,False,False,NONE,False,Tennis,B311,False,0,0,False,0,False,"146 days, 11:46:33.034883",Archived,B311-TENNIS-1
0,1342.7632598876953,B-18,False,318.0,0,False,HDB,False,False,False,False,False,11234.0,False,True,False,NONE,False,Handball,B353,False,0,0,False,0,False,"149 days, 11:06:40.737764",Removed,B353-HANDBALL-3
0,3186.078094482422,Q-11,False,411.0,0,False,TNS,False,False,False,False,False,11364.0,False,False,True,NONE,False,Tennis,Q400,False,0,0,False,0,False,"248 days, 13:12:16.114894",Inactive,Q400-TENNIS-3
0,1405.9020233154297,X-08,False,208.0,0,False,HDB,False,False,False,False,False,10463.0,False,True,False,NONE,False,Handball,X020,False,0,0,False,0,False,"152 days, 12:24:49.600403",Active,X020-HANDBALL-2
0,805.340576171875,B-01,False,301.0,0,False,BKB,False,False,False,False,False,11222.0,False,False,False,NONE,False,Half Court,B058,False,0,0,False,0,False,"114 days, 17:12:30.666506",Active,B058-ZN04-BASKETBALL-1
0,1651.7427825927734,Q-07,False,407.0,0,False,BKB,False,False,False,False,False,11355.0,False,False,False,NONE,False,Half Court,Q308,False,0,0,True,0,False,"163 days, 9:23:07.817649",Removed,Q308-BASKETBALL-3
0,3886.302963256836,Q-05,False,405.0,0,False,BKB,False,False,False,False,False,11379.0,False,False,False,NONE,False,Full Court,Q102,False,0,0,True,0,False,"257 days, 7:57:03.127388",Active,Q102-03-BASKETBALL-1
0,1116.216293334961,Q-13,False,413.0,0,False,HDB,False,False,False,False,False,11426.0,False,True,False,NONE,False,Handball,Q134,False,0,0,False,0,False,"136 days, 22:37:58.972306",Active,Q134-HANDBALL-2
0,4382.740997314453,X-03,False,203.0,0,False,BKB,False,False,False,False,False,10457.0,False,False,False,NONE,False,Full Court,X010,False,0,0,True,0,False,"274 days, 0:34:48.343343",Active,X010-07-BASKETBALL-2
0,1759.594207763672,Q-14,False,414.0,0,False,BKB,False,False,False,False,False,11691.0,False,False,False,NONE,False,Half Court,Q266,False,0,0,False,0,False,"171 days, 19:22:06.496257",Active,Q266-BASKETBALL-2
0,1137.555160522461,M-12,False,112.0,0,False,HDB,False,False,False,False,False,10034.0,False,True,False,NONE,False,Handball,M042,False,0,0,False,0,False,"139 days, 17:41:40.179358",Active,M042-02-HANDBALL-5
0,1730.3997344970703,Q-12,False,412.0,0,False,HDB,False,False,False,False,False,11434.0,False,False,False,NONE,False,Handball,Q413,False,0,0,False,0,False,"169 days, 2:23:31.930993",Active,Q413-HANDBALL-8
0,1590.959976196289,X-09,False,209.0,0,False,HDB,False,False,False,False,False,10462.0,False,True,False,NONE,False,Handball,X160,False,0,0,False,0,False,"159 days, 16:07:29.021394",Active,X160-HANDBALL-1
0,2793.727096557617,M-13,False,164.0,0,False,TNS,False,False,False,False,False,10024.0,False,False,True,NONE,False,Tennis,M010,False,0,0,False,0,False,"228 days, 2:37:00.223049",Active,M010-ZN34-TENNIS-4
0,4192.43229675293,M-12,False,112.0,0,False,BKB,False,False,False,False,False,10034.0,False,False,False,NONE,False,Full Court,M042,False,0,0,True,0,False,"267 days, 6:17:19.856753",Active,M042-ZN01-BASKETBALL-2
0,3792.094985961914,M-09,False,109.0,0,False,BKB,False,False,False,False,False,10031.0,False,False,False,NONE,True,Full Court,M223,False,0,0,True,0,False,"257 days, 1:28:02.868196",Active,M223-BASKETBALL-1
0,6841.820587158203,B-03,False,303.0,0,False,NTB,False,False,False,False,False,11206.0,False,False,False,NONE,False,,B217,False,0,0,False,0,False,"352 days, 11:33:24.322936",Inactive,B217-NETBALL-1
0,1383.6049194335938,Q-14,False,414.0,0,False,HDB,False,False,False,False,False,11693.0,False,True,False,NONE,False,Handball,Q460,False,0,0,False,0,False,"150 days, 9:47:00.718336",Active,Q460-HANDBALL-2
0,2802.169921875,Q-08,False,408.0,0,False,TNS,False,False,False,False,False,11365.0,False,False,False,NONE,False,Tennis,Q221,False,0,0,False,0,False,"227 days, 23:12:54.975104",Inactive,Q221-TENNIS-2
0,4320.601493835449,R-03,False,503.0,0,False,BKB,False,False,False,False,False,10308.0,False,False,False,NONE,False,Full Court,R071,False,0,0,True,0,False,"271 days, 14:24:06.394532",Active,R071-BASKETBALL-1
0,3694.972869873047,X-06,False,206.0,0,False,BKB,False,False,False,False,False,10457.0,False,False,False,NONE,False,Full Court,X148H1,False,0,0,True,0,False,"249 days, 5:07:45.229064",Active,X148H1-BASKETBALL-3
0,1165.5598449707031,Q-01,False,401.0,0,False,HDB,False,False,False,False,False,11103.0,False,True,False,NONE,False,Handball,Q014,False,0,0,False,0,False,"142 days, 1:28:04.642821",Active,Q014-HANDBALL-5
0,1092.2040100097656,B-11,False,311.0,0,False,HDB,False,False,False,False,False,11214.0,False,False,False,NONE,False,Handball,B277,False,0,0,False,0,False,"137 days, 14:30:32.912165",Inactive,B277-HANDBALL-6
0,64130.037368774414,X-13,False,226.0,0,False,SCR,False,False,False,False,False,10471.0,False,False,False,NONE,False,,X092,False,0,0,False,0,False,"1029 days, 8:13:19.546172",Inactive,X092-ZN05-SOCCER-4
0,1220.8014373779297,X-07,False,207.0,0,False,HDB,False,False,False,False,False,10468.0,False,True,False,NONE,False,Handball,X044,False,0,0,False,0,False,"145 days, 0:10:53.362020",Active,X044-HANDBALL-3
0,28091.970474243164,X-08,False,208.0,0,True,MPPA,True,True,False,False,False,10463.0,False,False,False,AFB,False,45-146ft W x 75-294ft L,X202,True,0,0,False,0,True,"676 days, 10:04:02.573792",Active,X205-MPPA-1
0,1537.0031280517578,X-11,False,211.0,0,False,HDB,False,False,False,False,False,10469.0,False,True,False,NONE,False,Handball,,False,0,0,False,0,False,"157 days, 22:51:43.382119",Active,X187-01-HANDBALL-2
0,69020.79875183105,Q-08,False,408.0,0,False,BSB,False,False,False,True,False,11364.0,False,False,False,NONE,False,"90ft base path, 200+ft fence",Q021,False,0,0,False,0,False,"992 days, 16:15:22.585944",Active,Q021-ZN04-BASEBALL-1
0,38610.016998291016,Q-08,False,408.0,0,False,BKB,False,False,False,False,False,11365.0,False,False,False,NONE,False,Half Court,Q314,False,0,0,False,0,False,"798 days, 11:45:07.171674",Inactive,Q314-BASKETBALL-1
0,60870.85429382324,X-15,False,228.0,0,False,FTB,False,False,False,False,False,10464.0,False,False,False,AFB,False,147-295ft W x 295-393ft L,X039,True,0,0,False,0,False,"1057 days, 1:03:24.976192",Active,X039-ZN09-FOOTBALL-1
0,45291.59783935547,Q-11,False,411.0,0,False,SFB,True,False,True,True,False,11365.0,False,False,False,NONE,False,"60ft base path, 150-200ft fence",Q300A,False,0,0,False,0,False,"834 days, 7:35:38.656246",Active,Q300A-ZN01-BASEBALL-2
0,1420.6886291503906,Q-12,False,412.0,0,False,HDB,False,False,False,False,False,11433.0,False,True,False,NONE,False,Handball,Q127,False,0,0,False,0,False,"152 days, 8:15:18.259975",Active,Q127-HANDBALL-10
0,1080.2296600341797,B-01,False,301.0,0,False,HDB,False,False,False,False,False,11211.0,False,True,False,NONE,False,Handball,B257,False,0,0,False,0,False,"131 days, 17:29:30.754630",Active,B257-HANDBALL-1
0,1129.9759979248047,M-03,False,103.0,0,False,HDB,False,False,False,False,False,10002.0,False,True,False,NONE,False,Handball,M033,False,0,0,False,0,False,"138 days, 23:37:53.360026",Active,M033-HANDBALL-4
0,1379.9900970458984,M-09,False,109.0,0,False,HDB,False,False,False,False,False,10031.0,False,True,False,NONE,False,Handball,M223,False,0,0,False,0,False,"151 days, 1:55:06.998382",Active,M223-HANDBALL-4
0,924.7525329589844,B-01,False,301.0,0,False,HDB,False,False,False,False,False,11211.0,False,True,False,NONE,False,Handball,,False,0,0,False,0,False,"128 days, 4:59:03.126921",Active,B223OB-HANDBALL-4
0,1919.579360961914,Q-14,False,414.0,0,False,HDB,False,False,False,False,False,11694.0,False,True,False,NONE,False,Handball,Q163,False,0,0,False,0,False,"179 days, 23:05:59.725043",Removed,Q163-ZN07A-HANDBALL-4
0,1121.5243225097656,Q-08,False,408.0,0,False,HDB,False,False,False,False,False,11432.0,False,True,False,NONE,False,Handball,Q391,False,0,0,False,0,False,"137 days, 10:28:55.487428",Active,Q391-HANDBALL-6
0,24600.16323852539,X-09,False,209.0,0,False,SFB,False,False,True,False,False,10473.0,False,False,False,NONE,False,"60ft base path, 150-200ft fence",X118,False,0,0,False,0,False,"584 days, 17:25:51.551410",Inactive,X118-02-BASEBALL-1
0,1299.879135131836,Q-07,False,407.0,0,False,HDB,False,False,False,False,False,11357.0,False,True,False,NONE,False,Handball,Q390,False,0,0,False,0,False,"144 days, 5:17:48.246314",Active,Q390-HANDBALL-2
0,1635.5333709716797,B-13,False,313.0,0,False,HDB,False,False,False,False,False,11235.0,False,True,False,NONE,False,Handball,B275,False,0,0,False,0,False,"162 days, 20:32:39.446596",Active,B275-HANDBALL-1
0,92350.1527557373,B-18,False,318.0,0,False,SCR,False,True,False,False,False,11236.0,True,False,False,AFB,False,147-295ft W x 295-393ft L,B018,True,0,0,False,0,True,"1286 days, 7:20:36.241607",Active,B018-ZN01-FOOTBALL-1
0,1260.8609008789062,X-01,False,201.0,0,False,BKB,False,False,False,False,False,10454.0,False,False,False,NONE,False,Half Court,X182,False,0,0,True,0,False,"142 days, 14:52:21.265437",Removed,X182-BASKETBALL-2
0,3672.92658996582,B-04,False,304.0,0,False,BKB,False,False,False,False,False,11237.0,False,False,False,NONE,False,Full Court,B016,False,0,0,True,0,False,"248 days, 3:57:28.489362",Active,B016-02-BASKETBALL-1
0,1150.8829650878906,Q-12,False,412.0,0,False,BKB,False,False,False,False,False,11435.0,False,False,False,NONE,False,Half Court,Q220B,False,0,0,False,0,False,"135 days, 19:19:32.535898",Active,Q220B-BASKETBALL-2
0,1721.0392150878906,B-18,False,318.0,0,False,HDB,False,False,False,False,False,11236.0,False,True,False,NONE,False,Handball,B342,False,0,0,False,0,False,"166 days, 9:56:22.585869",Active,B342-HANDBALL-1
0,1622.3417205810547,Q-13,False,413.0,0,False,HDB,False,False,False,False,False,11004.0,False,True,False,NONE,False,Handball,Q352,False,0,0,False,0,False,"164 days, 22:07:58.643046",Active,Q352-HANDBALL-1
0,1172.2104034423828,Q-04,False,404.0,0,False,BKB,False,False,False,False,False,11368.0,False,False,False,NONE,False,Half Court,Q450,False,0,0,False,0,False,"138 days, 10:19:44.590457",Active,Q450-BASKETBALL-7
0,8673.352233886719,B-03,False,303.0,0,False,SCR,False,False,False,False,False,11206.0,False,False,False,NONE,False,45-146ft W x 75-294ft L,B217,False,0,0,False,0,True,"395 days, 5:21:53.360473",Active,B217-NETBALL-2
0,1369.4049682617188,X-01,False,201.0,0,False,BKB,False,False,False,False,False,10454.0,False,False,False,NONE,False,Half Court,X131,False,0,0,False,0,False,"148 days, 3:56:51.876326",Removed,X131-BASKETBALL-4
0,25233.27394104004,Q-10,False,410.0,0,False,SFB,True,False,True,False,False,11420.0,False,False,False,NONE,False,"60ft base path, 150-200ft fence",Q092,False,0,0,False,0,False,"590 days, 11:25:48.943652",Active,Q092-BASEBALL-2
0,3315.125915527344,Q-14,False,414.0,0,False,BKB,False,False,False,False,False,11691.0,False,False,False,NONE,True,Full Court,Q007,False,0,0,True,0,False,"243 days, 4:05:33.526639",Active,Q007-01-BASKETBALL-2
0,2411.9733276367188,B-06,False,306.0,0,False,BKB,False,False,False,False,False,11215.0,False,False,False,NONE,False,Full Court,B111A,False,0,0,True,0,False,"199 days, 1:40:25.353624",Active,B111A-BASKETBALL-3
0,1086.612335205078,B-04,False,304.0,0,False,HDB,False,False,False,False,False,11207.0,False,True,False,NONE,False,Handball,B381,False,0,0,False,0,False,"136 days, 18:58:30.459096",Active,B381-HANDBALL-1
0,1132.2594604492188,M-14,False,109.0,0,False,HDB,False,False,False,False,False,10024.0,False,True,False,NONE,False,Handball,M071,False,0,0,False,0,False,"139 days, 17:52:09.116669",Active,M071-21-HANDBALL-4
0,16517.78532409668,B-06,False,306.0,0,False,SFB,False,False,True,False,False,11231.0,False,False,False,NONE,False,"60ft base path, 150-200ft fence",B126,False,0,0,False,0,False,"488 days, 6:46:33.990184",Closed Temporarily,B126-ZN04-BASEBALL-4
0,3085.3030700683594,M-12,False,112.0,0,False,TNS,False,False,False,False,False,10032.0,False,False,True,NONE,False,Tennis,M028,False,0,0,False,0,False,"236 days, 20:04:32.542479",Active,M028-ZN02-TENNIS-2
0,2801.8263092041016,M-12,False,112.0,0,False,TNS,False,False,False,False,False,10032.0,False,False,True,NONE,False,Tennis,M028,False,0,0,False,0,False,"227 days, 10:16:14.226152",Active,M028-ZN02-TENNIS-9
0,2825.4478302001958,Q-12,False,412.0,0,False,TNS,False,False,False,False,False,11434.0,False,False,True,NONE,False,Tennis,Q413,False,0,0,False,0,False,"228 days, 14:23:39.237947",Active,Q413-TENNIS-6
0,1240.6788635253906,X-02,False,202.0,0,False,BKB,False,False,False,False,False,10459.0,False,False,False,NONE,False,Half Court,X029,False,0,0,True,0,False,"141 days, 9:08:39.155807",Removed,X029-BASKETBALL-3
0,4064.487579345703,B-03,False,303.0,0,False,BKB,False,False,False,False,False,11221.0,False,False,False,NONE,False,Full Court,B224,False,0,0,True,0,False,"264 days, 20:04:08.899003",Active,B224-BASKETBALL-1
0,1365.3562316894531,M-08,False,108.0,0,False,BKB,False,False,False,False,False,10065.0,False,False,False,NONE,False,Half Court,M108Q,False,0,0,False,0,False,"147 days, 19:23:07.288201",Inactive,M108Q-BASKETBALL-2
0,63200.77951049805,M-11,False,111.0,0,False,SCR,False,True,False,False,False,10035.0,False,False,False,NONE,False,147-295ft W x 295-393ft L,M104,False,0,0,False,0,True,"1040 days, 13:57:32.114517",Active,M104-ZN04-SOCCER-4
0,73146.89161682129,B-18,False,318.0,0,False,CRK,False,False,False,False,False,11236.0,False,False,False,NONE,False,60 ft Cricket Pitch,B018,False,0,0,False,0,False,"1096 days, 2:23:36.216072",Active,B018-ZN06-CRICKET-2
0,32439.00634765625,Q-13,False,413.0,0,False,SFB,True,False,True,True,False,11426.0,False,False,False,NONE,False,"60ft base path, 150-200ft fence",Q001A,False,0,0,False,0,False,"660 days, 21:56:30.951311",Active,Q001-ZN01-BASEBALL-5
0,3361.5975799560547,Q-03,False,403.0,0,False,BKB,False,False,False,False,False,11368.0,False,False,False,NONE,False,Half Court,Q415,False,0,0,False,0,False,"235 days, 15:09:35.783291",Inactive,Q415-BASKETBALL-2
0,813.4840545654297,M-03,False,103.0,0,False,BKB,False,False,False,False,False,10002.0,False,False,False,NONE,False,Half Court,M116,False,0,0,True,0,False,"114 days, 3:41:48.885515",Active,M116-BASKETBALL-1
0,900.9319458007812,M-06,False,106.0,0,False,HDB,False,False,False,False,False,10016.0,False,True,False,NONE,False,Handball,M076,False,0,0,False,0,False,"121 days, 1:54:46.392236",Active,M076-HANDBALL-2
0,1332.4509582519531,Q-12,False,412.0,0,False,BKB,False,False,False,False,False,11432.0,False,False,False,NONE,False,Half Court,Q120,False,0,0,True,0,False,"146 days, 0:24:55.766855",Active,Q120-BASKETBALL-2
0,1476.4537353515625,B-18,False,318.0,0,False,HDB,False,False,False,False,False,11234.0,False,True,False,NONE,False,Handball,B329,False,0,0,False,0,False,"156 days, 2:46:03.472386",Active,B329-01-HANDBALL-4
0,3487.658508300781,B-18,False,318.0,0,False,BKB,False,False,False,False,False,11236.0,False,False,False,NONE,False,Full Court,B335,False,0,0,True,0,False,"240 days, 18:18:36.313915",Active,B335-BASKETBALL-1
0,653.4299468994141,Q-05,False,305.0,0,False,TNS,False,False,False,False,False,11207.0,False,False,True,NONE,True,Tennis,B047,False,0,0,False,0,False,"108 days, 23:33:49.074995",Active,Q020-ZN04-TENNIS-20
0,1688.1473846435547,M-13,False,164.0,0,False,VLB,False,False,False,False,False,10023.0,False,False,False,NONE,False,Volleyball,M010,False,0,1,False,0,False,"176 days, 14:21:44.915103",Active,M010-ZN10+11-VOLLEYBALL-4
0,2764.6661682128906,B-11,False,311.0,1,False,TNS,False,False,False,False,False,11214.0,False,False,True,NONE,False,Tennis,B007,False,0,0,False,0,False,"226 days, 17:17:59.336806",Active,B007-TENNIS-8
0,2765.8148651123047,Q-14,False,414.0,0,False,TNS,False,False,False,False,False,11691.0,False,False,True,NONE,False,Tennis,Q371,False,0,0,False,0,False,"226 days, 5:38:59.875475",Active,Q371-01-TENNIS-4
0,12367.64421081543,B-08,False,308.0,0,False,SFB,True,False,True,False,False,11213.0,False,False,False,NONE,False,"60ft base path, 150-200ft fence",B245,False,0,0,False,0,False,"409 days, 9:52:47.304303",Active,B245-BASEBALL-1
0,3794.276657104492,R-02,False,595.0,0,False,BKB,False,False,False,False,False,10306.0,False,False,False,NONE,False,Full Court,R046,False,0,0,False,0,False,"257 days, 22:32:00.255722",Active,R046-06-BASKETBALL-1
0,1821.2622680664065,Q-05,False,405.0,0,False,HDB,False,False,False,False,False,11378.0,False,True,False,NONE,False,Handball,Q131,False,0,0,False,0,False,"172 days, 8:24:31.844818",Active,Q131-01-HANDBALL-1
0,2969.763381958008,Q-04,False,404.0,0,False,VLB,False,False,False,False,False,11368.0,False,False,False,NONE,False,Volleyball,Q450,False,0,1,False,0,False,"226 days, 4:32:24.185596",Active,Q450-VOLLEYBALL-2
0,21392.090377807617,M-12,False,112.0,0,False,SCR,False,False,False,False,False,10034.0,False,False,False,NONE,False,45-146ft W x 75-294ft L,M042,False,0,0,False,0,True,"608 days, 22:57:00.956646",Active,M042-ZN04-SOCCER-2
0,7887.682769775391,R-01,False,501.0,0,False,SFB,False,False,True,False,False,10310.0,False,False,False,NONE,False,"45-60ft base path, less than 150ft fence",R034,False,0,0,False,0,False,"337 days, 3:57:05.927395",Inactive,R034-BASEBALL-1
0,949.0820922851562,B-05,False,305.0,0,False,BKB,False,False,False,False,False,11208.0,False,False,False,NONE,False,Half Court,B380,False,0,0,True,0,False,"123 days, 7:08:41.584134",Active,B380-BASKETBALL-3
0,2776.262908935547,Q-01,False,401.0,0,False,TNS,False,False,False,False,False,11103.0,False,False,True,NONE,False,Tennis,Q014,False,0,0,False,0,False,"225 days, 18:22:17.631374",Removed,Q014-TENNIS-2
0,1940.334991455078,M-03,False,103.0,0,False,BKB,False,False,False,False,False,10013.0,False,False,False,NONE,False,Half Court,M015,False,0,0,True,0,False,"176 days, 10:30:41.909902",Active,M015-BASKETBALL-5
0,63538.396743774414,B-01,False,301.0,0,False,SCR,False,True,False,False,False,11211.0,True,False,False,AFB,True,160 x 360ft rectangular,B529,True,0,0,False,0,True,"1043 days, 10:46:52.505416",Active,B529-SOCCER-2
0,3738.558120727539,B-18,False,318.0,0,False,BKB,False,False,False,False,False,11234.0,False,False,False,NONE,False,Full Court,B330,False,0,0,True,0,False,"250 days, 12:20:54.250723",Active,B330-BASKETBALL-4
0,1130.1224822998047,Q-13,False,413.0,0,False,HDB,False,False,False,False,False,11411.0,False,True,False,NONE,False,Handball,Q339,False,0,0,False,0,False,"139 days, 10:30:30.439628",Active,Q339-HANDBALL-1
0,4045.6331329345694,Q-05,False,405.0,0,False,BKB,False,False,False,False,False,11385.0,False,False,False,NONE,False,Full Court,Q305,False,0,0,True,0,False,"263 days, 2:10:46.862575",Active,Q305-BASKETBALL-1
0,4238.560653686523,X-01,False,201.0,0,False,BKB,False,False,False,False,False,10455.0,False,False,False,NONE,False,Full Court,X194,False,0,0,True,0,False,"269 days, 1:17:09.456877",Active,X194-BASKETBALL-1
0,17995.838836669922,X-14,False,227.0,0,False,BSB,False,False,False,True,False,10467.0,False,False,False,NONE,False,"90ft base path, 200+ft fence",X002,False,0,0,False,0,False,"492 days, 15:15:00.636219",Active,X002-ZN04-BASEBALL-3
0,3958.2603302001953,Q-05,False,305.0,0,False,BKB,False,False,False,False,False,11207.0,False,False,False,NONE,False,Full Court,B047,False,0,0,True,0,False,"260 days, 21:46:33.379007",Active,Q020-ZN04-BASKETBALL-1
0,43357.2879486084,Q-08,False,408.0,0,True,SFB,True,False,True,False,False,11365.0,False,False,False,NONE,False,"60ft base path, 150-200ft fence",Q300A1,False,0,0,False,0,False,"841 days, 20:22:06.673061",Active,Q300A-ZN04-BASEBALL-1
0,1219.261947631836,X-03,False,203.0,0,False,HDB,False,False,False,False,False,10456.0,False,True,False,NONE,False,Handball,X206,False,0,0,False,0,False,"142 days, 2:08:25.905400",Active,X206-HANDBALL-2
0,1585.2732238769531,M-06,False,106.0,0,False,BKB,False,False,False,False,False,10010.0,False,False,False,NONE,False,Half Court,M227,False,0,0,True,0,False,"160 days, 15:35:04.151244",Active,M227-BASKETBALL-2
0,4141.543746948242,X-03,False,203.0,0,False,BKB,False,False,False,False,False,10457.0,False,False,False,NONE,False,Full Court,X010,False,0,0,True,0,False,"267 days, 0:58:25.831224",Active,X010-05-BASKETBALL-2
0,942.134994506836,B-08,False,308.0,0,False,HDB,False,False,False,False,False,11213.0,False,False,False,NONE,False,,B054,False,0,0,False,0,False,"130 days, 22:21:26.982954",Inactive,B054-ZN01-HANDBALL-2
0,1092.1507415771484,B-18,False,318.0,0,False,HDB,False,False,False,False,False,11234.0,False,True,False,NONE,False,Handball,B057,False,0,0,False,0,False,"134 days, 19:04:51.276741",Active,B057-05-HANDBALL-6
0,31000.69207763672,M-11,False,111.0,0,True,SFB,True,False,True,False,False,10035.0,False,False,False,NONE,False,"60ft base path, 150-200ft fence",M104,False,0,0,False,0,False,"675 days, 6:52:07.764329",Active,M104-ZN01-BASEBALL-4
0,1424.2671508789062,M-02,False,102.0,0,False,BKB,False,False,False,False,False,10014.0,False,False,False,NONE,False,Half Court,M237,False,0,0,False,0,False,"150 days, 23:20:50.667032",Active,M237-BASKETBALL-5
0,407.5038909912109,M-09,False,109.0,0,False,BKB,False,False,False,False,False,10031.0,False,False,False,NONE,False,Half Court,M018,False,0,0,True,0,False,"80 days, 19:58:46.515368",Inactive,M018-BASKETBALL-6
0,609.4178314208984,B-01,False,301.0,0,False,BKB,False,False,False,False,False,11211.0,False,False,False,NONE,False,Half Court,B264,False,0,0,True,0,False,"99 days, 21:00:19.065832",Active,B264-BASKETBALL-2
0,4178.776580810547,M-10,False,110.0,0,False,BKB,False,False,False,False,False,10027.0,False,False,False,NONE,False,Full Court,M211B,False,0,0,True,0,False,"266 days, 8:16:59.306783",Active,M211B-BASKETBALL-2
0,1186.7696533203125,X-04,False,204.0,0,False,HDB,False,False,False,False,False,10457.0,False,True,False,NONE,False,Handball,X008,False,0,0,False,0,False,"143 days, 1:37:24.241209",Active,X008-01-HANDBALL-1
0,35808.462142944336,Q-11,False,411.0,0,False,SFB,True,False,True,True,False,11364.0,False,False,False,NONE,False,"60ft base path, 150-200ft fence",Q001,False,0,0,False,0,False,"717 days, 2:26:10.938471",Active,Q001-ZN03-BASEBALL-2
0,3509.8348236083984,M-11,False,111.0,0,False,BKB,False,False,False,False,False,10029.0,False,False,False,NONE,False,Full Court,M230,False,0,0,True,0,False,"242 days, 8:41:55.529064",Active,M230-BASKETBALL-2
0,3128.883270263672,Q-06,False,406.0,0,False,BKB,False,False,False,False,False,11375.0,False,False,False,NONE,False,Full Court,Q319,False,0,0,True,0,False,"232 days, 23:51:06.913586",Active,Q319-BASKETBALL-1
0,2980.4556274414062,B-04,False,304.0,0,False,BKB,False,False,False,False,False,11221.0,False,False,False,NONE,False,Full Court,B139,False,0,0,True,0,False,"226 days, 2:33:10.144346",Active,B139-BASKETBALL-2
0,3254.567443847656,Q-10,False,410.0,0,False,BKB,False,False,False,False,False,11414.0,False,False,False,NONE,False,Full Court,Q408,False,0,0,True,0,False,"230 days, 20:56:12.765421",Active,Q408-BASKETBALL-1
0,2464.481704711914,B-11,False,311.0,0,False,BKB,False,False,False,False,False,11214.0,False,False,False,NONE,False,Full Court,B277,False,0,0,False,0,False,"201 days, 4:41:52.505463",Inactive,B277-BASKETBALL-05
0,2825.8121643066406,B-15,False,315.0,0,False,TNS,False,False,False,False,False,11229.0,False,False,True,NONE,False,Tennis,B051,False,0,0,False,0,False,"228 days, 20:09:06.454470",Active,B051-TENNIS-6
0,3827.8897399902335,B-15,False,315.0,0,False,BKB,False,False,False,False,False,11229.0,False,False,False,NONE,False,Full Court,B235,False,0,0,True,0,False,"253 days, 11:34:40.625090",Active,B235-BASKETBALL-1
0,1838.3684692382808,Q-12,False,412.0,0,False,HDB,False,False,False,False,False,11434.0,False,True,False,NONE,False,Handball,Q005,False,0,0,False,0,False,"177 days, 4:50:43.191110",Active,Q005-06-HANDBALL-8
0,2395.0179138183594,Q-12,False,412.0,0,False,BKB,False,False,False,False,False,11434.0,False,False,False,NONE,False,Full Court,Q413,False,0,0,True,0,False,"199 days, 14:42:01.736117",Active,Q413-BASKETBALL-3
0,2840.5452728271484,Q-13,False,413.0,0,False,TNS,False,False,False,False,False,11422.0,False,False,True,NONE,False,Tennis,Q008,False,0,0,False,0,False,"228 days, 18:25:16.170795",Active,Q008-ZN02-TENNIS-6
0,66160.4938659668,Q-12,False,412.0,0,False,CRK,False,False,False,False,False,11436.0,False,False,False,NONE,False,60 ft Cricket Pitch,Q220C,False,0,0,False,0,False,"1013 days, 12:28:25.682053",Active,Q220C-CRICKET-2
0,3612.762573242188,X-11,False,211.0,0,False,BKB,False,False,False,False,False,10461.0,False,False,False,NONE,False,Full Court,X163,False,0,0,True,0,False,"245 days, 11:30:15.965221",Active,X163-BASKETBALL-4
0,1479.0284118652344,X-01,False,201.0,0,False,HDB,False,False,False,False,False,10455.0,False,True,False,NONE,False,Handball,X194,False,0,0,False,0,False,"154 days, 19:50:26.768142",Active,X194-HANDBALL-1
0,1102.4300079345703,B-01,False,301.0,0,False,HDB,False,False,False,False,False,11211.0,False,True,False,NONE,False,Handball,B058,False,0,0,False,0,False,"136 days, 13:01:57.263972",Active,B058-ZN02-HANDBALL-12
0,2371.5836486816406,M-03,False,103.0,0,False,BKB,False,False,False,False,False,10002.0,False,False,False,NONE,False,Full Court,M195,False,0,0,True,0,False,"198 days, 0:58:05.678548",Active,M195-BASKETBALL-1
0,4044.1068725585938,Q-12,False,412.0,1,False,BKB,False,False,False,False,False,11434.0,False,False,False,NONE,False,Full Court,Q448,False,0,0,True,0,False,"263 days, 11:18:16.009310",Active,Q448-99-BASKETBALL-1
0,4819.894088745117,B-17,True,317.0,0,False,NTB,False,False,False,False,False,11203.0,False,False,False,NONE,False,Netball,B285,False,0,0,False,0,False,"292 days, 16:46:12.208338",Active,B285-NETBALL-2
0,840.0005645751953,M-08,False,108.0,0,False,BKB,False,False,False,False,False,10028.0,False,False,False,NONE,False,Half Court,M081,False,0,0,True,0,False,"116 days, 2:51:34.160297",Active,M081-ZN01-BASKETBALL-2
0,1447.5711669921875,B-18,False,318.0,0,False,HDB,False,False,False,False,False,11207.0,False,True,False,NONE,False,Handball,B247,False,0,0,False,0,False,"154 days, 2:57:39.192431",Active,B247-01-HANDBALL-4
0,1346.247055053711,M-07,False,107.0,0,False,BKB,False,False,False,False,False,10025.0,False,False,False,NONE,False,Half Court,M200,False,0,0,True,0,False,"147 days, 2:37:57.799655",Active,M200-BASKETBALL-7
0,2435.493392944336,B-06,False,306.0,0,False,BKB,False,False,False,False,False,11231.0,False,False,False,NONE,False,Full Court,B118A,False,0,0,False,0,False,"206 days, 14:40:50.027770",Inactive,B118A-BASKETBALL-2
0,1978.803649902344,B-01,False,301.0,0,False,VLB,False,False,False,False,False,11206.0,False,False,False,NONE,False,,B127,False,0,0,False,0,False,"187 days, 4:39:43.455826",Inactive,B127-VOLLEYBALL-1
0,2791.0628204345703,M-14,False,109.0,0,False,TNS,False,False,False,False,False,10024.0,False,False,True,NONE,False,Tennis,M071,False,0,0,False,0,False,"227 days, 2:20:00.068133",Active,M071-ZN17-TENNIS-8
0,835.2000427246094,M-04,False,104.0,0,False,HDB,False,False,False,False,False,10019.0,False,True,False,NONE,False,Handball,M022,False,0,0,False,0,False,"117 days, 3:19:21.868194",Active,M022-HANDBALL-4
0,4081.157012939453,B-09,False,309.0,0,False,BKB,False,False,False,False,False,11203.0,False,False,False,NONE,True,Full Court,B254,False,0,0,True,0,False,"265 days, 6:45:12.526078",Active,B254-BASKETBALL-2
0,1570.05126953125,X-01,False,201.0,0,False,TNS,False,False,False,False,False,10454.0,False,False,False,NONE,False,,X200,False,0,0,False,0,False,"172 days, 6:26:48.648458",Inactive,X200-TENNIS-1
0,1669.3650665283203,M-11,False,111.0,0,False,BKB,False,False,False,False,False,10035.0,False,False,False,NONE,False,Half Court,M239,False,0,0,True,0,False,"163 days, 13:22:26.337437",Active,M239-BASKETBALL-3
0,5691.615005493164,B-01,False,301.0,0,False,BKB,False,False,False,False,False,11206.0,False,False,False,NONE,False,Full Court,B055,False,0,0,False,0,False,"310 days, 11:04:22.258637",Inactive,B055-BASKETBALL-1
0,1594.2771453857422,Q-08,False,408.0,0,False,HDB,False,False,False,False,False,11367.0,False,True,False,NONE,False,Handball,Q329,False,0,0,False,0,False,"166 days, 0:54:59.951142",Active,Q329-HANDBALL-2
0,1398.1139526367188,B-18,False,318.0,0,False,HDB,False,False,False,False,False,11234.0,False,True,False,NONE,False,Handball,B353,False,0,0,False,0,False,"152 days, 20:34:33.990845",Removed,B353-HANDBALL-4
0,22691.433563232426,R-03,False,503.0,0,False,BSB,False,False,False,False,False,10306.0,False,False,False,NONE,False,"60ft base path, 150-200ft fence",R026,False,0,0,False,0,False,"580 days, 1:16:51.439080",Active,R026-BASEBALL-2
0,2650.5687408447266,Q-01,False,401.0,0,False,TNS,False,False,False,False,False,11105.0,False,False,True,NONE,False,Tennis,Q004,False,0,0,False,0,False,"222 days, 10:52:50.779755",Active,Q004-ZN04-TENNIS-9
0,4878.135116577148,B-01,False,301.0,0,False,BKB,False,False,False,False,False,11206.0,False,False,False,NONE,False,Full Court,B127,False,0,0,False,0,False,"292 days, 17:37:04.143404",Inactive,B127-BASKETBALL-3
0,2545.1312866210938,X-02,False,202.0,0,False,VLB,False,False,False,False,False,10474.0,False,False,False,NONE,False,Volleyball,X307,False,0,0,False,0,False,"216 days, 0:12:50.134626",Active,X307-VOLLEYBALL-1
0,2878.849822998047,X-13,False,226.0,0,False,TNS,False,False,False,False,False,10470.0,False,False,True,NONE,False,Tennis,X092,False,0,0,False,0,False,"230 days, 11:08:59.090093",Active,X092-ZN11-TENNIS-5
0,4302.740097045898,M-11,False,111.0,0,False,BKB,False,False,False,False,False,10035.0,False,False,False,NONE,False,Full Court,M273,False,0,0,True,0,False,"270 days, 23:43:22.734554",Active,M273-01-BASKETBALL-2
0,15537.376998901367,X-08,False,208.0,0,False,SCR,False,True,False,False,False,10463.0,False,False,False,NONE,False,45-146ft W x 75-294ft L,X202,True,0,0,False,0,True,"502 days, 8:39:03.432981",Inactive,X205-SOCCER-1
0,1275.2088165283203,Q-05,False,405.0,0,False,HDB,False,False,False,False,False,11385.0,False,True,False,NONE,False,Handball,B047,False,0,0,False,0,False,"147 days, 21:40:02.243071",Active,Q020-ZN04-HANDBALL-7
0,51509.7352142334,Q-08,False,408.0,0,False,SFB,True,False,True,False,False,11364.0,False,False,False,NONE,False,"60ft base path, 150-200ft fence",Q021,False,0,0,False,0,False,"841 days, 3:34:05.224246",Active,Q021-ZN03-BASEBALL-6
0,2812.3362731933594,Q-12,False,412.0,0,False,TNS,False,False,False,False,False,11434.0,False,False,True,NONE,False,Tennis,Q005,False,0,0,False,0,False,"228 days, 21:39:21.118621",Active,Q005-06-TENNIS-1
0,19144.26922607422,B-17,False,317.0,0,True,BSB,False,False,True,False,False,11203.0,False,False,False,NONE,False,"60ft base path, 150-200ft fence",B218,False,0,0,False,0,False,"522 days, 22:11:00.670516",Active,B218-BASEBALL-2
0,44013.91938781738,X-09,False,209.0,0,False,SFB,True,False,True,False,False,10472.0,False,False,False,NONE,False,"60ft base path, 150-200ft fence",X004,False,0,0,False,0,False,"824 days, 15:56:11.673093",Active,X004-03-BASEBALL-2
0,1136.648468017578,B-16,False,316.0,0,False,HDB,False,False,False,False,False,11233.0,False,True,False,NONE,False,Handball,B219,False,0,0,False,0,False,"139 days, 13:34:19.557224",Active,B219-HANDBALL-5
0,26635.77146911621,X-10,False,210.0,0,False,SFB,False,False,False,False,False,10465.0,False,False,False,NONE,False,"60ft base path, 150-200ft fence",X126,False,0,0,False,0,False,"602 days, 21:52:18.466165",Active,X126-ZN04-BASEBALL-1
0,987.504425048828,R-02,False,502.0,0,False,VLB,False,False,False,False,False,10306.0,False,False,False,NONE,False,Volleyball,R067,False,0,0,False,0,False,"139 days, 9:46:01.312751",Inactive,R067-VOLLEYBALL-1
0,1904.739273071289,B-15,False,315.0,0,False,HDB,False,False,False,False,False,11229.0,False,True,False,NONE,False,Handball,B197,False,0,0,False,0,False,"175 days, 7:15:11.738764",Active,B197-HANDBALL-1
0,1160.7089233398438,B-18,False,318.0,0,False,HDB,False,False,False,False,False,11207.0,False,True,False,NONE,False,Handball,B247,False,0,0,False,0,False,"141 days, 0:11:44.845137",Active,B247-01-HANDBALL-6
0,1127.5045776367188,Q-08,False,408.0,0,False,HDB,False,False,False,False,False,11432.0,False,True,False,NONE,False,Handball,Q391,False,0,0,False,0,False,"135 days, 21:15:14.615241",Active,Q391-HANDBALL-1
0,13550.260299682615,Q-02,False,402.0,0,False,SCR,False,False,False,False,False,11101.0,False,False,False,NONE,False,45-146ft W x 75-294ft L,Q141,False,0,0,False,0,True,"483 days, 20:48:18.283532",Active,Q141-SOCCER-1
0,61733.44117736816,Q-12,False,412.0,0,False,FTB,False,False,False,False,False,11433.0,False,False,False,AFB,False,60 x 360ft rectangular,Q121,True,0,0,False,0,False,"1064 days, 5:00:27.860766",Active,Q121-FOOTBALL-1
0,1231.802703857422,Q-03,False,403.0,0,False,HDB,False,False,False,False,False,11369.0,False,True,False,NONE,False,Handball,Q362,False,0,0,False,0,False,"142 days, 0:09:02.109713",Active,Q362-HANDBALL-3
0,4372.313278198242,M-12A,False,112.0,0,False,BKB,False,False,False,False,False,10040.0,False,False,False,NONE,False,Full Court,M037,False,0,0,True,0,False,"272 days, 18:48:17.696967",Active,M037-04-BASKETBALL-2
0,1042.10693359375,B-14,False,314.0,0,False,HDB,False,False,False,False,False,11230.0,False,True,False,NONE,False,Handball,B150,False,0,0,False,0,False,"129 days, 20:32:52.947974",Active,B150-01-HANDBALL-1
0,1594.9600524902344,B-13,False,313.0,0,False,HDB,False,False,False,False,False,11224.0,False,True,False,NONE,False,Handball,B129,False,0,0,False,0,False,"160 days, 9:13:02.787757",Active,B129-ZN01-HANDBALL-10
0,2162.219284057617,M-03,False,103.0,0,False,VLB,False,False,False,False,False,10013.0,False,False,False,NONE,False,,M015,False,0,0,False,0,False,"197 days, 13:40:16.692050",Inactive,M015-VOLLEYBALL-4
0,3619.1857299804688,B-13,False,313.0,0,False,BKB,False,False,False,False,False,11235.0,False,False,False,NONE,False,Full Court,B169A,False,0,0,True,0,False,"246 days, 8:24:04.067215",Active,B169A-BASKETBALL-1
0,4219.6217041015625,Q-05,False,405.0,0,False,BKB,False,False,False,False,False,11378.0,False,False,False,NONE,False,Full Court,Q360M,False,0,0,True,0,False,"270 days, 16:08:04.621823",Active,Q360M-BASKETBALL-2
0,1409.9443817138672,X-11,False,211.0,0,False,BKB,False,False,False,False,False,10469.0,False,False,False,NONE,False,Half Court,X172,False,0,0,True,0,False,"151 days, 9:56:50.216294",Active,X172-BASKETBALL-3
0,61914.3663482666,B-19,False,355.0,0,False,SCR,False,True,False,False,False,11215.0,False,False,False,AFB,False,147-295ft W x 295-393ft L,B073,True,0,0,False,0,True,"1036 days, 3:00:34.123398",Active,B073-ZN15-SOCCER-2
0,4565.538604736328,X-03,False,203.0,0,False,BKB,False,False,False,False,False,10460.0,False,False,False,NONE,False,Full Court,X147A,False,0,0,True,0,False,"283 days, 8:22:29.729860",Active,X147A-BASKETBALL-1
0,42939.30015563965,Q-07,False,407.0,0,False,BSB,False,False,False,False,False,11356.0,False,False,False,NONE,False,"90ft base path, 200+ft fence",Q445,False,0,0,False,0,False,"803 days, 12:54:12.927200",Inactive,Q445-BASEBALL-4
0,1851.1979370117188,Q-01,False,401.0,0,False,HDB,False,False,False,False,False,11102.0,False,True,False,NONE,False,Handball,Q321,False,0,0,False,0,False,"172 days, 3:57:35.844314",Active,Q321-HANDBALL-2
0,982.5267333984376,Q-12,False,412.0,0,False,HDB,False,False,False,False,False,11433.0,False,False,False,NONE,False,Handball,Q127,False,0,0,False,0,False,"126 days, 20:54:28.466511",Inactive,Q127-HANDBALL-7
0,36087.079666137695,M-14,False,107.0,0,True,SFB,True,False,True,True,False,10024.0,False,False,False,NONE,False,"60ft base path, 150-200ft fence",M071,False,0,0,False,0,False,"738 days, 11:58:12.226634",Active,M071-ZN20-BASEBALL-1
0,1103.2361755371094,Q-13,False,413.0,0,False,BKB,False,False,False,False,False,11413.0,False,False,False,NONE,False,Half Court,Q406,False,0,0,False,0,False,"132 days, 22:10:48.435038",Active,Q406-BASKETBALL-3
0,4165.325012207031,B-17,False,317.0,0,False,BKB,False,False,False,False,False,11212.0,False,False,False,NONE,False,Full Court,B304,False,0,0,True,0,False,"266 days, 15:08:51.685652",Active,B304-BASKETBALL-1
0,3016.415725708008,Q-08,False,408.0,0,False,TNS,False,False,False,False,False,11423.0,False,False,True,NONE,False,Tennis,Q021,False,0,0,False,0,False,"238 days, 15:13:38.560739",Active,Q021-ZN02-TENNIS-15
0,2768.696029663086,X-01,False,201.0,0,False,TNS,False,False,False,False,False,10454.0,False,False,True,NONE,False,Tennis,X045,False,0,0,False,0,False,"226 days, 6:52:54.049592",Active,X045-03-TENNIS-1
0,1181.4152069091797,Q-03,False,403.0,0,False,HDB,False,False,False,False,False,11368.0,False,True,False,NONE,False,Handball,Q415,False,0,0,False,0,False,"139 days, 7:17:46.831687",Removed,Q415-HANDBALL-3
0,45478.07162475586,X-13,False,226.0,0,False,SFB,True,False,True,False,False,10471.0,False,False,False,NONE,False,"60ft base path, 150-200ft fence",X092,False,0,0,False,0,False,"805 days, 23:03:32.064058",Active,X092-ZN06-SOFTBALL-1
0,3331.040023803711,M-13,False,164.0,0,False,BKB,False,False,False,False,False,10024.0,False,False,False,NONE,False,Full Court,M010,False,0,0,True,0,False,"235 days, 9:29:23.259623",Active,M010-151-BASKETBALL-4
0,14865.258819580078,B-14,False,314.0,0,False,SCR,False,False,False,False,False,11226.0,False,False,False,NONE,False,45-146ft W x 75-294ft L,B068,False,0,0,False,0,False,"519 days, 19:32:23.791241",Inactive,B073-ZN27-SOCCER-4
0,70693.03657531738,B-18,False,318.0,0,True,SFB,True,False,True,False,False,11234.0,False,False,False,NONE,False,"60ft base path, 150-200ft fence",B057,False,0,0,False,0,False,"999 days, 3:48:04.623736",Active,B057-ZN07-BASEBALL-2
0,1120.960693359375,B-05,False,305.0,0,False,HDB,False,False,False,False,False,11207.0,False,True,False,NONE,False,Handball,B214,False,0,0,False,0,False,"138 days, 6:33:39.212053",Active,B214-01-HANDBALL-4
0,2871.9850463867188,B-05,False,305.0,0,False,TNS,False,False,False,False,False,11207.0,False,False,True,NONE,False,Tennis,B214,False,0,0,False,0,False,"230 days, 22:43:07.089283",Active,B214-01-TENNIS-8
0,1187.8900299072266,Q-06,False,406.0,0,False,HDB,False,False,False,False,False,11375.0,False,True,False,NONE,False,Handball,Q319,False,0,0,False,0,False,"142 days, 6:58:30.697694",Active,Q319-HANDBALL-2
0,1166.8262176513672,Q-12,False,412.0,0,False,BKB,False,False,False,False,False,11412.0,False,False,False,NONE,False,Half Court,Q106,False,0,0,False,0,False,"138 days, 4:03:49.426707",Inactive,Q106-BASKETBALL-2
0,1307.194351196289,M-03,False,103.0,0,False,HDB,False,False,False,False,False,10003.0,False,True,False,NONE,False,Handball,M124,False,0,0,False,0,False,"148 days, 5:07:11.463736",Active,M124-HANDBALL-3
0,2483.7496948242188,B-01,False,301.0,0,False,BKB,False,False,False,False,False,11211.0,False,False,False,NONE,False,Full Court,,False,0,0,True,0,False,"205 days, 14:03:25.887625",Active,B223Ob-BASKETBALL-1
0,4672.816055297852,R-02,False,502.0,0,False,BKB,False,False,False,False,False,10304.0,False,False,False,NONE,False,Full Court,R073,False,0,0,True,0,False,"287 days, 13:15:04.005006",Active,R073-BASKETBALL-1
0,1223.0584564208984,Q-08,False,408.0,0,False,HDB,False,False,False,False,False,11435.0,False,True,False,NONE,False,Handball,Q379,False,0,0,False,0,False,"146 days, 21:35:52.293794",Active,Q379-HANDBALL-1
0,903.502670288086,X-04,False,204.0,0,False,HDB,False,False,False,False,False,10452.0,False,True,False,NONE,False,Handball,X148C7,False,0,0,False,0,False,"121 days, 11:28:29.499306",Active,X148C7-HANDBALL-6
0,2999.939346313477,B-06,False,306.0,0,False,TRK,False,False,False,False,False,11231.0,False,False,False,NONE,False,Track,B118A,False,0,0,False,0,False,"919 days, 7:53:52.089503",Active,B118A-TRACK-1
0,1175.131591796875,B-16,False,316.0,0,False,HDB,False,False,False,False,False,11212.0,False,True,False,NONE,False,Handball,B228,False,0,0,False,0,False,"142 days, 0:41:59.202578",Active,B228-HANDBALL-2
0,25090.20913696289,R-02,False,502.0,0,False,SFB,False,False,False,False,False,10305.0,False,False,False,NONE,False,"45-60ft base path, less than 150ft fence",R149,False,0,0,False,0,False,"587 days, 9:28:33.681508",Inactive,R149-BASEBALL-3
0,41305.0200958252,X-09,False,209.0,0,False,SFB,True,False,True,False,False,10473.0,False,False,False,NONE,False,"60ft base path, 150-200ft fence",X118,False,0,0,False,0,False,"773 days, 8:57:15.106941",Active,X118-ZN04-BASEBALL-1
0,2763.0367431640625,Q-06,False,406.0,0,False,TNS,False,False,False,False,False,11375.0,False,False,True,NONE,False,Tennis,Q335,False,0,0,False,0,False,"225 days, 21:48:27.021859",Active,Q335-TENNIS-2
0,2975.5610961914062,M-10,False,110.0,0,False,TNS,False,False,False,False,False,10039.0,False,False,True,NONE,False,Tennis,M159,False,0,0,False,0,False,"236 days, 0:36:46.719181",Active,M159-TENNIS-5
0,1003.7438049316406,X-03,False,203.0,0,False,HDB,False,False,False,False,False,10457.0,False,False,False,NONE,False,Handball,X010,False,0,0,False,0,False,"129 days, 19:26:15.316395",Inactive,X010-ZN03-HANDBALL-23
0,2476.715881347656,Q-08,False,408.0,0,False,BKB,False,False,False,False,False,11366.0,False,False,False,NONE,False,Full Court,Q354,False,0,0,True,0,False,"201 days, 13:28:50.042169",Active,Q354-BASKETBALL-1
0,2113.806350708008,Q-11,False,411.0,0,False,BKB,False,False,False,False,False,11365.0,False,False,False,NONE,False,Half Court,Q300A,False,0,0,True,0,False,"184 days, 16:41:21.954224",Active,Q300A-01-BASKETBALL-3
0,2907.419723510742,X-03,False,203.0,0,False,TNS,False,False,False,False,False,10457.0,False,False,True,NONE,True,Tennis,X010,False,0,0,False,0,False,"231 days, 9:04:44.767726",Active,X010-ZN03-TENNIS-11
0,1211.6459350585938,X-10,False,210.0,0,False,HDB,False,False,False,False,False,10461.0,False,True,False,NONE,False,Handball,X121,False,0,0,False,0,False,"141 days, 17:07:03.972705",Active,X121-HANDBALL-2
0,1227.3750915527344,Q-04,False,404.0,0,False,HDB,False,False,False,False,False,11373.0,False,True,False,NONE,False,Handball,Q361,False,0,0,False,0,False,"145 days, 14:02:15.428883",Active,Q361-HANDBALL-4
0,1315.1862487792969,B-06,False,306.0,0,False,HDB,False,False,False,False,False,11231.0,False,True,False,NONE,False,Handball,B077,False,0,0,False,0,False,"149 days, 6:06:45.164624",Active,B077-01-HANDBALL-4
0,1655.9355926513672,M-06,False,106.0,0,False,BKB,False,False,False,False,False,10010.0,False,False,False,NONE,False,Half Court,M227,False,0,0,True,0,False,"163 days, 16:40:29.448434",Active,M227-BASKETBALL-3
0,2796.8358001708984,Q-08,False,408.0,0,False,TNS,False,False,False,False,False,11423.0,False,False,True,NONE,True,Tennis,Q021,False,0,0,False,0,False,"227 days, 16:58:54.829447",Active,Q021-ZN02-TENNIS-9
0,2575.291488647461,Q-07,False,407.0,0,False,TNS,False,False,False,False,False,11365.0,False,False,True,NONE,False,Tennis,Q024,False,0,0,False,0,False,"222 days, 23:03:52.966427",Active,Q024-ZN02-TENNIS-4
0,1790.2825012207031,M-03,False,103.0,0,False,VLB,False,False,False,False,False,10002.0,False,False,False,NONE,False,,M105,False,0,0,False,0,False,"179 days, 10:54:01.087514",Inactive,M105-02-VOLLEYBALL-1
0,1266.0583953857422,B-12,False,312.0,0,False,BKB,False,False,False,False,False,11204.0,False,False,False,NONE,False,,B042,False,0,0,False,0,False,"145 days, 10:56:19.038815",Inactive,B042-01-BASKETBALL-1
0,58491.612045288086,Q-05,False,405.0,0,False,SCR,False,False,False,False,False,11379.0,False,False,False,NONE,False,,Q102,False,0,0,False,0,False,"1002 days, 9:42:48.786647",Inactive,Q102-ZN01-SOCCER-1
0,1189.7164306640625,X-15,False,228.0,0,False,HDB,False,False,False,False,False,10464.0,False,True,False,NONE,False,Handball,X039,False,0,0,False,0,False,"143 days, 6:35:59.153087",Active,X039-ZN17-HANDBALL-12
0,1349.4454498291016,X-01,False,201.0,0,False,HDB,False,False,False,False,False,10454.0,False,True,False,NONE,False,Handball,X217,False,0,0,False,0,False,"148 days, 21:34:32.948422",Active,X217-HANDBALL-4
1,11146.829895019531,M-08,False,108.0,0,False,SCR,False,False,False,False,False,10065.0,False,False,False,NONE,False,45-146ft W x 75-294ft L,M079,False,0,0,False,0,True,"425 days, 22:36:59.871205",Active,M079-SOCCER-1
0,1081.0152740478516,B-01,False,301.0,0,False,HDB,False,False,False,False,False,11206.0,False,True,False,NONE,False,Handball,B310,False,0,0,False,0,False,"132 days, 22:49:15.594848",Active,B310-HANDBALL-4
1,11424.631134033203,B-03,False,303.0,0,False,MPPA,False,True,False,False,False,11216.0,False,False,False,AFB,False,147-295ft W x 295-393ft L,B237,True,0,0,False,0,True,"432 days, 12:24:49.383648",Active,B237-SOCCER-1
0,16531.76495361328,Q-13,False,413.0,0,False,SFB,True,False,False,True,False,11004.0,False,False,False,NONE,False,"45-60ft base path, less than 150ft fence",Q310,False,0,0,False,0,False,"467 days, 10:58:37.294122",Active,Q310-BASEBALL-2
0,3774.337219238281,B-10,False,310.0,0,False,BKB,False,False,False,False,False,11228.0,False,False,False,NONE,False,Full Court,B028,False,0,0,True,0,False,"259 days, 21:08:53.476280",Active,B028-ZN01-BASKETBALL-3
0,30252.625122070312,Q-05,False,405.0,0,False,BSB,False,False,True,False,False,11378.0,False,False,False,NONE,False,"60ft base path, 150-200ft fence",Q423,False,0,0,False,0,False,"670 days, 0:55:18.659773",Active,Q423-BASEBALL-1
0,1246.3132019042969,Q-12,False,412.0,0,False,HDB,False,False,False,False,False,11435.0,False,True,False,NONE,False,Handball,Q105,False,0,0,False,0,False,"148 days, 6:54:27.823322",Active,Q105-HANDBALL-2
0,1677.4417572021484,X-02,False,202.0,0,False,HDB,False,False,False,False,False,10474.0,False,True,False,NONE,False,Handball,X113,False,0,0,False,0,False,"164 days, 20:21:43.298400",Removed,X113-HANDBALL-1
0,43240.07321166992,B-13,False,313.0,0,False,SFB,True,False,True,False,False,11224.0,False,False,False,NONE,False,"60ft base path, 150-200ft fence",B129,False,0,0,False,0,False,"771 days, 6:54:22.174873",Active,B129-ZN02-BASEBALL-3
0,1704.2755279541016,M-11,False,111.0,0,False,FTB,False,False,False,False,False,10029.0,False,False,False,NONE,False,45-146ft W x 75-294ft L,M111,False,0,0,False,0,False,"176 days, 15:12:13.869705",Removed,M111-FOOTBALL-1
0,1752.4598693847656,B-06,False,306.0,0,False,BKB,False,False,False,False,False,11231.0,False,False,False,NONE,False,Half Court,B019,False,0,0,True,0,False,"168 days, 18:07:56.851743",Active,B019-BASKETBALL-2
0,24274.272521972656,Q-13,False,413.0,0,False,SFB,True,False,True,False,False,11426.0,False,False,False,NONE,False,"60ft base path, 150-200ft fence",Q328,False,0,0,False,0,False,"604 days, 0:52:46.518981",Active,Q328-BASEBALL-1
0,19274.094772338867,B-01,False,301.0,0,False,SFB,True,False,True,False,False,11222.0,False,False,False,NONE,False,"60ft base path, 150-200ft fence",B058,False,0,0,False,0,False,"519 days, 3:45:07.115001",Active,B058-ZN04-BASEBALL-3
0,1037.1326141357422,M-08,False,108.0,0,False,BKB,False,False,False,False,False,10065.0,False,False,False,NONE,False,Half Court,M079,False,0,0,False,0,False,"129 days, 10:36:02.977794",Active,M079-BASKETBALL-4
0,1812.1487731933596,M-12A,False,112.0,0,False,VLB,False,False,False,False,False,10033.0,False,False,False,NONE,False,Volleyball,M037,False,0,1,False,0,False,"180 days, 6:59:50.897685",Inactive,M037-ZN03-VOLLEYBALL-2
0,2467.4296112060547,M-11,False,111.0,0,False,BKB,False,False,False,False,False,10029.0,False,False,False,NONE,False,Full Court,M213,False,0,0,True,0,False,"202 days, 10:01:11.264454",Active,M213-BASKETBALL-2
0,10340.562042236328,Q-10,False,410.0,0,False,SFB,False,False,True,False,False,11417.0,False,False,False,NONE,False,"45-60ft base path, less than 150ft fence",Q414,False,0,0,False,0,False,"374 days, 11:16:23.443285",Inactive,Q414-BASEBALL-1
0,1791.0933837890625,Q-01,False,401.0,0,False,VLB,False,False,False,False,False,11101.0,False,False,False,NONE,False,Volleyball,Q104,False,0,1,False,0,False,"179 days, 22:39:31.735105",Active,Q104-VOLLEYBALL-2
0,918.0444488525392,M-03,False,103.0,0,False,HDB,False,False,False,False,False,10009.0,False,True,False,NONE,False,Handball,M088,False,0,0,False,0,False,"124 days, 23:22:07.095269",Active,M088-HANDBALL-2
0,44033.8494720459,B-14,False,314.0,0,False,SCR,False,False,False,False,False,11226.0,False,False,False,NONE,False,45-146ft W x 75-294ft L,B068,False,0,0,False,0,False,"880 days, 14:47:31.792726",Inactive,B073-ZN28-SOCCER-14
0,2813.4117889404297,R-01,False,501.0,0,False,BKB,False,False,False,False,False,10303.0,False,False,False,NONE,False,Full Court,R036,False,0,0,True,0,False,"221 days, 18:37:23.093994",Active,R036-BASKETBALL-1
0,2703.2312774658203,Q-07,False,407.0,0,False,TNS,False,False,False,False,False,11365.0,False,False,True,NONE,False,Tennis,Q024,False,0,0,False,0,False,"224 days, 17:48:25.895084",Active,Q024-ZN02-TENNIS-5
0,861.570068359375,Q-08,False,408.0,0,False,BKB,False,False,False,False,False,11365.0,False,False,False,NONE,False,Half Court,Q342,False,0,0,True,0,False,"117 days, 9:58:40.035350",Active,Q342-BASKETBALL-3
0,7273.388259887695,M-11,False,111.0,0,False,,False,False,False,False,False,10035.0,False,False,False,NONE,False,,M239,False,0,0,False,0,False,"318 days, 6:43:23.920869",Inactive,M239-BASEBALL-1
0,1667.2420806884766,X-11,False,211.0,0,False,HDB,False,False,False,False,False,10469.0,False,True,False,NONE,False,Handball,X156,False,0,0,False,0,False,"163 days, 12:17:03.509287",Active,X156-HANDBALL-1
0,1196.3910217285156,B-11,False,311.0,0,False,BOC,False,False,False,False,True,11214.0,False,False,False,NONE,False,Bocce,B164,False,0,0,False,0,False,"196 days, 18:19:17.249715",Active,B164-BOCCE-2
0,1360.593246459961,X-12,False,212.0,0,False,HDB,False,False,False,False,False,10469.0,False,True,False,NONE,False,Handball,X196,False,0,0,False,0,False,"151 days, 4:51:12.316463",Active,X196-HANDBALL-4
0,1308.372085571289,X-11,False,211.0,0,False,BKB,False,False,False,False,False,10462.0,False,False,False,NONE,False,Half Court,X178,False,0,0,False,0,False,"144 days, 16:45:51.640366",Active,X178-BASKETBALL-2
0,3161.361373901367,Q-14,False,414.0,0,False,VLB,False,False,False,False,False,11691.0,False,False,False,NONE,False,Volleyball,Q371,False,0,0,False,0,False,"236 days, 14:46:39.754695",Active,Q371-01-VOLLEYBALL-1
0,3003.802780151367,B-13,False,313.0,0,False,TNS,False,False,False,False,False,11224.0,False,False,False,NONE,False,,B337,False,0,0,False,0,False,"233 days, 23:47:11.937518",Inactive,B337-TENNIS-4
0,9070.484100341797,X-09,False,209.0,0,False,BKB,False,False,False,False,False,10472.0,False,False,False,NONE,False,Full Court,X195A,False,0,0,False,0,False,"383 days, 4:07:58.572231",Inactive,X195A-BASKETBALL-5
0,3150.835556030273,B-09,False,309.0,0,False,BKB,False,False,False,False,False,11203.0,False,False,False,NONE,False,Full Court,B254,False,0,0,True,0,False,"228 days, 13:30:31.395181",Active,B254-BASKETBALL-1
0,1189.864776611328,X-07,False,207.0,0,False,HDB,False,False,False,False,False,10468.0,False,True,False,NONE,False,Handball,X001A,False,0,0,False,0,False,"144 days, 4:00:33.153645",Active,X001-ZN01-HANDBALL-3
0,2751.3070220947266,B-14,False,314.0,0,False,TNS,False,False,False,False,False,11210.0,False,False,False,NONE,False,Tennis,B287,False,0,0,False,0,False,"225 days, 2:57:53.380438",Active,B287-TENNIS-3
0,8024.160934448242,B-08,False,308.0,0,False,CRK,False,False,False,False,False,11213.0,False,False,False,NONE,True,60 ft Cricket Pitch,B054,False,0,0,False,0,False,"372 days, 0:03:55.920780",Active,B054-ZN01-CRICKET-1
0,1137.6309814453125,Q-08,False,408.0,0,False,HDB,False,False,False,False,False,11435.0,False,True,False,NONE,False,Handball,Q379,False,0,0,False,0,False,"144 days, 0:07:37.927024",Active,Q379-HANDBALL-3
0,5897.9073486328125,Q-05,False,405.0,0,False,SCR,False,False,False,False,False,11385.0,False,False,False,NONE,False,45-146ft W x 75-294ft L,Q289,False,0,0,False,0,False,"315 days, 5:12:44.874795",Active,Q289-SOCCER-1
0,6152.6357421875,Q-01,False,401.0,0,False,BKB,False,False,False,False,False,11102.0,False,False,False,NONE,False,Full Court,Q321,False,0,0,False,0,True,"334 days, 1:12:35.390360",Inactive,Q321-BASKETBALL-2
0,3595.772171020508,Q-15,False,408.0,0,False,BKB,False,False,False,False,False,11367.0,False,False,False,NONE,False,Full Court,Q099,False,0,0,False,0,False,"245 days, 16:54:36.883495",Active,Q099-20-BASKETBALL-2
0,68685.41990661621,Q-08,False,408.0,0,False,BSB,False,False,False,True,False,11364.0,False,False,False,NONE,False,"90ft base path, 200+ft fence",Q021,False,0,0,False,0,False,"986 days, 12:36:06.227393",Active,Q021-ZN04-BASEBALL-2
0,4128.845428466797,M-14,False,109.0,0,False,BKB,False,False,False,False,False,10024.0,False,False,False,NONE,False,Full Court,M071,False,0,0,True,0,False,"266 days, 0:16:03.447158",Active,M071-21-BASKETBALL-3
0,1861.262725830078,B-17,False,317.0,0,False,BKB,False,False,False,False,False,11203.0,False,False,False,NONE,False,Half Court,B285,False,0,0,False,0,False,"174 days, 3:00:26.165091",Inactive,B285-BASKETBALL-02
0,3434.6974182128906,X-12,False,212.0,0,False,BKB,False,False,False,False,False,10466.0,False,False,False,NONE,True,Full Court,X193,False,0,0,True,0,False,"240 days, 12:27:13.969013",Active,X193-BASKETBALL-1
0,1132.551513671875,B-06,False,306.0,0,False,HDB,False,False,False,False,False,11231.0,False,True,False,NONE,False,Handball,B126,False,0,0,False,0,False,"138 days, 22:52:44.501662",Active,B126-ZN03-HANDBALL-8
0,897.6008148193359,B-03,False,303.0,0,False,HDB,False,False,False,False,False,11216.0,False,True,False,NONE,False,Handball,B225,False,0,0,False,0,False,"121 days, 22:00:17.678128",Active,B225-HANDBALL-4
0,3667.8029174804688,R-01,False,501.0,0,False,BKB,False,False,False,False,False,10304.0,False,False,False,NONE,False,Full Court,R061,False,0,0,False,0,False,"248 days, 8:33:36.390928",Closed Temporarily,R061-BASKETBALL-1
0,2842.707397460937,Q-13,False,413.0,0,False,TNS,False,False,False,False,False,11426.0,False,False,True,NONE,False,Tennis,Q001A,False,0,0,False,0,False,"227 days, 20:15:05.391711",Active,Q001-ZN01-TENNIS-4
0,3542.154037475586,X-03,False,203.0,0,False,HDB,False,False,False,False,False,10457.0,False,False,False,NONE,True,Handball,X010,False,0,0,False,0,False,"238 days, 3:14:32.190414",Inactive,X010-05-HANDBALL-1
0,2783.056579589844,B-10,False,310.0,0,False,PKB,False,False,False,False,False,11220.0,False,False,False,NONE,False,Tennis,B052,False,0,0,False,0,False,"227 days, 18:49:32.649010",Active,B052-02-TENNIS-6
0,4092.024368286133,Q-13,False,413.0,0,False,BKB,False,False,False,False,False,11429.0,False,True,False,NONE,False,Full Court,Q082,False,0,0,True,0,False,"264 days, 19:33:27.936369",Active,Q082-BASKETBALL-1
0,2613.188842773437,B-15,False,315.0,0,False,BKB,False,False,False,False,False,11235.0,False,False,False,NONE,False,Full Court,B239,False,0,0,True,0,False,"207 days, 20:07:27.771753",Active,B239-BASKETBALL-1
0,1263.0117950439453,Q-08,False,408.0,0,False,HDB,False,False,False,False,False,11365.0,False,True,False,NONE,False,Handball,Q314,False,0,0,False,0,False,"145 days, 12:59:41.099166",Active,Q314-HANDBALL-2
0,1139.3521270751953,M-02,False,102.0,0,False,HDB,False,False,False,False,False,10012.0,False,True,False,NONE,False,Handball,M125C,False,0,0,False,0,False,"139 days, 1:34:30.418301",Active,M125C-HANDBALL-3
0,1156.514404296875,Q-07,False,407.0,0,False,HDB,False,False,False,False,False,11354.0,False,True,False,NONE,False,Handball,Q086,False,0,0,False,0,False,"142 days, 16:22:10.101609",Active,Q086-01-HANDBALL-1
0,5598.640396118164,Q-08,False,408.0,0,False,SFB,False,False,False,False,False,11365.0,False,False,False,NONE,False,"45-60ft base path, less than 150ft fence",Q344,False,0,0,False,0,False,"361 days, 20:17:11.023410",Inactive,Q344-BASEBALL-2
0,1006.8158721923828,M-12,False,112.0,0,False,HDB,False,False,False,False,False,10032.0,False,True,False,NONE,False,Handball,M028,False,0,0,False,0,False,"132 days, 7:54:46.061641",Active,M028-ZN01-HANDBALL-6
0,2158.0210876464844,X-08,False,208.0,0,False,TNS,False,False,False,False,False,10471.0,False,False,False,NONE,False,,X152,False,0,0,False,0,False,"206 days, 10:19:52.749251",Inactive,X152-TENNIS-1
0,1515.2613372802734,X-03,False,203.0,0,False,HDB,False,False,False,False,False,10456.0,False,True,False,NONE,False,Handball,X222,False,0,0,False,0,False,"156 days, 14:08:02.966318",Active,X222-HANDBALL-2
0,1265.3209686279297,B-16,False,316.0,0,False,HDB,False,False,False,False,False,11212.0,False,True,False,NONE,False,Handball,B270,False,0,0,False,0,False,"144 days, 10:13:05.481533",Active,B270-HANDBALL-8
0,59022.09585571289,M-11,False,111.0,0,False,SCR,False,True,False,False,False,10035.0,False,False,False,NONE,False,147-295ft W x 295-393ft L,M104,False,0,0,False,0,True,"994 days, 4:13:20.068224",Active,M104-ZN04-SOCCER-2
1,16458.475189208984,Q-07,False,407.0,0,False,HKY,False,False,False,False,False,11357.0,False,False,False,NONE,True,Hockey,Q089B,False,0,0,False,0,False,"535 days, 18:26:06.189384",Active,Q089B-HOCKEY-1
0,3343.673370361328,X-02,False,202.0,0,False,BKB,False,False,False,False,False,10455.0,False,False,False,NONE,False,Full Court,X179,False,0,0,True,0,False,"243 days, 7:12:49.070573",Active,X179-BASKETBALL-4
0,1392.3023681640625,B-09,False,309.0,0,False,HDB,False,False,False,False,False,11225.0,False,True,False,NONE,False,Handball,B357,False,0,0,False,0,False,"150 days, 4:03:47.905841",Active,B357-HANDBALL-2
0,1233.6283111572266,B-02,False,302.0,0,False,HDB,False,False,False,False,False,11201.0,False,False,False,NONE,False,Handball,B431,False,0,0,False,0,False,"143 days, 23:57:53.274663",Inactive,B431-HANDBALL-1
0,57276.19107055664,Q-10,False,410.0,0,False,SCR,False,False,False,False,False,11417.0,False,False,False,AFB,False,160 x 360ft rectangular,Q094,True,0,0,False,0,False,"1037 days, 22:59:30.309046",Active,Q094-MULTIPURPOSE-1
0,619.9836120605469,X-01,False,201.0,0,False,BKB,False,False,False,False,False,10455.0,False,False,False,NONE,False,Half Court,X207,False,0,0,False,0,False,"100 days, 11:15:32.464577",Active,X207-BASKETBALL-4
0,82697.17097473145,X-13,False,226.0,0,False,FTB,False,False,False,False,False,10471.0,False,False,False,NONE,False,,X092,False,0,0,False,0,False,"1187 days, 21:41:38.592466",Inactive,X092-ZN06-FOOTBALL-2
0,2431.593391418457,R-03,False,503.0,0,False,BKB,False,False,False,False,False,10312.0,False,False,False,NONE,False,Full Court,R090,False,0,0,False,0,False,"201 days, 9:00:37.305270",Active,R090-BASKETBALL-1
0,4165.97673034668,Q-12,False,412.0,0,False,BKB,False,False,False,False,False,11436.0,False,False,False,NONE,False,Full Court,Q220C,False,0,0,True,0,False,"266 days, 14:52:10.197507",Active,Q220C-03-BASKETBALL-3
0,2533.4031524658203,B-08,False,308.0,0,False,BKB,False,False,False,False,False,11213.0,False,False,False,NONE,True,Full Court,B245,False,0,0,True,0,False,"205 days, 18:34:55.676129",Active,B245-BASKETBALL-1
0,2741.2476501464844,Q-11,False,411.0,0,False,TNS,False,False,False,False,False,11363.0,False,False,True,NONE,False,Tennis,QS13,False,0,1,False,0,False,"225 days, 21:27:39.971314",Inactive,QS13-TENNIS-1
0,3674.995468139648,B-03,False,303.0,0,False,BKB,False,False,False,False,False,11216.0,False,False,False,NONE,False,Full Court,B262,False,0,0,True,0,False,"248 days, 11:51:19.027684",Active,B262-BASKETBALL-4
0,2955.253448486328,M-03,False,103.0,0,False,BKB,False,False,False,False,False,10038.0,False,False,False,NONE,False,Full Court,M196,False,0,0,True,0,False,"221 days, 12:55:37.955560",Active,M196-BASKETBALL-2
0,1039.5440979003906,B-03,False,303.0,0,False,HDB,False,False,False,False,False,11221.0,False,True,False,NONE,False,Handball,B269,False,0,0,False,0,False,"134 days, 11:38:41.844407",Active,B269-HANDBALL-3
0,98190.45542907716,B-10,False,310.0,0,False,BSB,True,False,True,True,False,11209.0,False,False,False,NONE,False,"90ft base path, 200+ft fence",B082,False,0,0,False,0,False,"1251 days, 22:04:21.053629",Active,B082-ZN02-BASEBALL-3
0,82059.92317199707,M-11,False,111.0,0,False,BSB,True,False,False,True,False,10035.0,False,False,False,NONE,False,"90ft base path, 200+ft fence",M104,False,0,0,False,0,False,"1135 days, 18:41:37.852680",Active,M104-ZN02-BASEBALL-13
0,27830.07461547852,Q-04,False,404.0,0,False,BSB,False,False,True,False,False,11368.0,False,False,False,NONE,False,"60ft base path, 150-200ft fence",Q026,False,0,0,False,0,False,"644 days, 20:22:36.196713",Active,Q026-BASEBALL-1
0,1354.429428100586,X-03,False,203.0,0,False,HDB,False,False,False,False,False,10457.0,False,False,False,NONE,False,Handball,X010,False,0,0,False,0,False,"147 days, 20:22:14.966614",Inactive,X010-ZN03-HANDBALL-9
0,1123.2608642578125,Q-02,False,402.0,0,False,HDB,False,False,False,False,False,11101.0,False,True,False,NONE,False,Handball,Q141,False,0,0,False,0,False,"138 days, 20:56:01.743459",Active,Q141-HANDBALL-3
0,14045.358673095703,M-06,,106.0,0,False,SCR,False,False,False,False,,10016.0,False,False,False,NONE,False,45-146ft W x 75-294ft L,M076,False,0,0,False,0,True,"489 days, 3:30:44.722488",Active,M076-SOCCER-1
0,2862.2953033447266,B-16,False,316.0,0,False,TNS,False,False,False,False,False,11233.0,False,False,False,NONE,False,Tennis,B144,False,0,0,False,0,False,"229 days, 17:28:54.794930",Inactive,B144-TENNIS-2
0,1596.369598388672,B-18,False,318.0,0,False,HDB,False,False,False,False,False,11236.0,False,True,False,NONE,False,Handball,B342,False,0,0,False,0,False,"159 days, 22:15:16.711714",Active,B342-HANDBALL-2
0,1522.4457244873047,Q-01,False,401.0,0,False,HDB,False,False,False,False,False,11106.0,False,True,False,NONE,False,Handball,Q218,False,0,0,False,0,False,"157 days, 11:55:37.728603",Active,Q218-HANDBALL-1
0,1130.502700805664,Q-16,False,482.0,0,False,HDB,False,False,False,False,False,11421.0,False,True,False,NONE,False,Handball,Q015,False,0,0,False,0,False,"139 days, 21:42:55.391941",Active,Q015-ZN04-HANDBALL-16
0,1243.1019897460938,M-07,False,107.0,0,False,BKB,False,False,False,False,False,10025.0,False,False,False,NONE,False,Half Court,M238,False,0,0,False,0,False,"141 days, 5:41:00.898785",Active,M238-BASKETBALL-3
0,2650.5687866210938,Q-01,False,401.0,0,False,TNS,False,False,False,False,False,11105.0,False,False,True,NONE,False,Tennis,Q004,False,0,0,False,0,False,"222 days, 10:52:50.779755",Active,Q004-ZN04-TENNIS-10
0,1435.3757705688477,R-03,False,503.0,0,False,BKB,False,False,False,False,False,10308.0,False,False,False,NONE,False,Half Court,R071,False,0,0,True,0,False,"152 days, 15:39:17.533260",Active,R071-BASKETBALL-4
0,1275.1293182373047,R-03,False,503.0,0,False,HDB,False,False,False,False,False,10306.0,False,True,False,NONE,False,Handball,R026,False,0,0,False,0,False,"144 days, 12:11:49.921476",Active,R026-HANDBALL-1
0,731.2470703125,B-01,False,301.0,0,False,HDB,False,False,False,False,False,11222.0,False,True,False,NONE,False,Handball,B346,False,0,0,False,0,False,"111 days, 21:22:55.498559",Active,B346-HANDBALL-2
0,22677.216705322266,X-07,False,207.0,0,False,TRK,False,False,False,False,False,10467.0,False,False,False,NONE,False,Track,X104,False,0,0,False,0,False,"2716 days, 10:55:44.375998",Active,X104-TRACK-1
0,2763.859573364258,X-08,False,208.0,0,False,TNS,False,False,False,False,False,10471.0,False,False,True,NONE,False,Tennis,X201,False,0,0,False,0,False,"226 days, 13:53:40.415420",Active,X201-TENNIS-5
0,65063.74850463867,Q-12,False,412.0,0,False,SCR,False,False,False,False,False,11434.0,False,False,False,AFB,False,147-295ft W x 295-393ft L,Q448,True,0,0,False,0,True,"1081 days, 23:02:22.754569",Active,Q448-ZN03-SOCCER-1
0,3296.4124298095703,X-02,False,202.0,0,False,BKB,False,False,False,False,False,10455.0,False,False,False,NONE,False,Full Court,X179,False,0,0,True,0,False,"242 days, 22:36:11.342381",Active,X179-BASKETBALL-3
0,3772.446319580078,B-14,False,314.0,0,False,TNS,False,False,False,False,False,11226.0,False,False,True,NONE,False,Tennis,B068,False,0,0,False,0,False,"272 days, 19:35:31.571197",Active,B073-ZN27-TENNIS-10
0,3492.5245056152344,B-15,False,315.0,0,False,TRK,False,False,False,False,False,11235.0,False,False,False,NONE,False,Unknown,B306,False,0,0,False,0,False,"370 days, 23:00:03.119047",Inactive,B306-TRACK-1
0,989.9197387695312,X-08,False,208.0,0,False,HDB,False,False,False,False,False,10463.0,False,True,False,NONE,False,Handball,X150J,False,0,0,False,0,False,"128 days, 14:18:36.806887",Active,X150J-HANDBALL-4
0,1383.3932647705078,B-02,False,302.0,0,False,HDB,False,False,False,False,False,11201.0,False,True,False,NONE,False,Handball,B021,False,0,0,False,0,False,"151 days, 17:18:32.094897",Active,B021-HANDBALL-6
0,1505.3097534179688,Q-12,False,412.0,0,False,HDB,False,False,False,False,False,11434.0,False,False,False,NONE,False,Handball,Q413,False,0,0,False,0,False,"158 days, 10:23:29.241463",Inactive,Q413-HANDBALL-2
0,1704.8721313476562,X-10,False,210.0,0,False,HDB,False,False,False,False,False,10461.0,False,True,False,NONE,False,Handball,X122,False,0,0,False,0,False,"165 days, 8:40:22.390891",Active,X122-HANDBALL-3
0,2781.476547241211,M-12,False,112.0,0,False,TNS,False,False,False,False,False,10034.0,False,False,True,NONE,False,Tennis,M042,False,0,0,False,0,False,"228 days, 0:42:44.650037",Active,M042-ZN01-TENNIS-1
0,3255.188522338867,X-06,False,206.0,1,False,BKB,False,False,False,False,False,10458.0,False,False,False,NONE,False,Full Court,X174,False,0,0,True,0,False,"237 days, 9:56:29.510339",Active,X174-BASKETBALL-1
0,911.1225433349608,X-12,False,212.0,0,False,HDB,False,False,False,False,False,10466.0,False,True,False,NONE,False,Handball,X165,False,0,0,False,0,False,"120 days, 21:07:42.952574",Active,X165-HANDBALL-3
0,61796.00489807129,Q-07,False,407.0,0,False,SCR,False,False,False,False,False,11359.0,False,False,False,NONE,False,147-295ft W x 295-393ft L,,False,0,0,False,0,True,"1024 days, 7:33:41.319520",Inactive,Q458-SOCCER-1
0,1123.3248596191406,B-02,False,302.0,0,False,HDB,False,False,False,False,False,11201.0,False,True,False,NONE,False,Handball,B243,False,0,0,False,0,False,"139 days, 23:30:38.868180",Active,B243-HANDBALL-4
0,9127.304718017578,M-03,False,103.0,0,True,SFB,True,False,True,False,False,10002.0,False,False,False,NONE,False,"60ft base path, 150-200ft fence",M017,False,0,0,False,0,False,"359 days, 3:44:39.770390",Active,M017-BASEBALL-1
0,2599.890884399414,Q-07,False,407.0,0,False,TNS,False,False,False,False,False,11365.0,False,False,True,NONE,False,Tennis,Q024,False,0,0,False,0,False,"218 days, 4:33:02.775331",Active,Q024-ZN02-TENNIS-12
0,1347.7921447753906,B-13,False,313.0,0,False,HDB,False,False,False,False,False,11224.0,False,True,False,NONE,False,Handball,B169B,False,0,0,False,0,False,"149 days, 1:19:58.160382",Active,B169B-HANDBALL-2
0,5080.130523681641,M-11,False,111.0,0,False,BKB,False,False,False,False,False,10035.0,False,False,False,NONE,False,Full Court,M104,False,0,0,False,0,False,"297 days, 15:42:09.116798",Inactive,M104-ZN02-BASKETBALL-1
0,2491.113525390625,B-05,False,305.0,0,False,BKB,False,False,False,False,False,11207.0,False,False,False,NONE,False,Full Court,B345,False,0,0,True,0,False,"203 days, 20:53:35.529627",Active,B345-BASKETBALL-1
0,49957.306549072266,B-06,False,306.0,0,False,CRK,False,False,False,False,False,11231.0,False,False,False,NONE,False,,B126,False,0,0,False,0,False,"839 days, 4:47:05.580138",Inactive,B126-ZN04-CRICKET-2
0,2745.075180053711,Q-01,False,401.0,0,False,TNS,False,False,False,False,False,11106.0,False,False,True,NONE,False,Tennis,Q218,False,0,0,False,0,False,"226 days, 7:33:46.510281",Active,Q218-TENNIS-4
0,2635.024871826172,B-18,False,318.0,0,False,TNS,False,False,False,False,False,11229.0,False,False,True,NONE,False,Tennis,B057,False,0,0,False,0,False,"221 days, 23:33:39.574150",Active,B057-ZN01-TENNIS-9
0,1205.361312866211,M-11,False,111.0,0,False,HDB,False,False,False,False,False,10029.0,False,True,False,NONE,False,Handball,M192,False,0,0,False,0,False,"140 days, 16:12:20.260939",Active,M192-HANDBALL-2
0,2635.056533813477,B-18,False,318.0,0,False,TNS,False,False,False,False,False,11229.0,False,False,True,NONE,False,Tennis,B057,False,0,0,False,0,False,"221 days, 23:35:02.941224",Active,B057-ZN01-TENNIS-15
0,934.1680145263672,B-03,False,303.0,0,False,HDB,False,False,False,False,False,11206.0,False,True,False,NONE,False,Handball,B217,False,0,0,False,0,False,"126 days, 19:21:01.346268",Active,B217-HANDBALL-8
0,29566.468704223636,B-18,False,318.0,0,False,SCR,False,False,False,False,False,11229.0,False,False,False,NONE,False,60 x 360ft rectangular,B057,False,0,0,False,0,True,"712 days, 3:26:12.685518",Active,B057-ZN02-SOCCER-3
0,1248.2838897705078,M-07,False,107.0,0,False,HDB,False,False,False,False,False,10023.0,False,True,False,NONE,False,Handball,M233,False,0,0,False,0,False,"144 days, 1:12:54.682629",Active,M233-HANDBALL-1
0,1368.8678588867188,B-03,False,303.0,0,False,BKB,False,False,False,False,False,11221.0,False,False,False,NONE,False,Half Court,B269,False,0,0,True,0,False,"148 days, 12:18:41.577447",Removed,B269-BASKETBALL-5
0,15922.27117919922,M-02,False,102.0,0,False,SCR,False,False,False,False,False,10014.0,False,False,False,NONE,True,147-295ft W x 295-393ft L,M038,False,0,0,False,0,True,"517 days, 22:52:56.591337",Active,M038-SOCCER-1
0,1628.6038818359375,X-01,False,201.0,0,False,HDB,False,False,False,False,False,10451.0,False,True,False,NONE,False,Handball,X154,False,0,0,False,0,False,"164 days, 1:54:20.711171",Active,X154-HANDBALL-1
0,2635.044143676758,B-18,False,318.0,0,False,TNS,False,False,False,False,False,11229.0,False,False,True,NONE,False,Tennis,B057,False,0,0,False,0,False,"221 days, 23:34:23.005015",Active,B057-ZN01-TENNIS-13
0,1168.341293334961,B-08,False,308.0,0,False,HDB,False,False,False,False,False,11213.0,False,True,False,NONE,False,Handball,B054,False,0,0,False,0,False,"142 days, 9:13:34.547868",Active,B054-ZN01-HANDBALL-10
0,1729.8622283935547,X-03,False,203.0,0,False,HDB,False,False,False,False,False,10457.0,False,True,False,NONE,False,Handball,X010,False,0,0,False,0,False,"172 days, 2:40:38.679805",Active,X010-11-HANDBALL-1
0,2561.809310913086,X-04,False,204.0,0,False,BKB,False,False,False,False,False,10452.0,False,False,False,NONE,False,Full Court,X114,False,0,0,True,0,False,"207 days, 9:22:21.733915",Active,X114-BASKETBALL-1
0,1253.2361907958984,X-08,False,208.0,0,False,HDB,False,False,False,False,False,10463.0,False,True,False,NONE,False,Handball,X080,False,0,0,False,0,False,"144 days, 2:31:04.728455",Active,X080-HANDBALL-2
0,1600.0160064697266,Q-12,False,412.0,0,False,HDB,False,False,False,False,False,11434.0,False,True,False,NONE,True,Handball,Q426,False,0,0,False,0,False,"160 days, 13:32:06.556058",Active,Q426-HANDBALL-1
0,1097.9703369140625,Q-13,False,413.0,0,False,BKB,False,False,False,False,False,11413.0,False,False,False,NONE,False,Half Court,Q406,False,0,0,False,0,False,"132 days, 16:05:28.194568",Active,Q406-BASKETBALL-2
0,41793.92364501953,B-18,False,318.0,0,False,SCR,False,False,False,False,False,11229.0,False,False,False,NONE,False,60 x 360ft rectangular,B057,False,0,0,False,0,True,"854 days, 22:54:20.384310",Active,B057-ZN02-SOCCER-1
0,3356.598281860352,X-01,False,201.0,0,False,BKB,False,False,False,False,False,10454.0,False,False,False,NONE,False,Full Court,X238,False,0,0,True,0,False,"235 days, 5:27:30.544001",Removed,X238-BASKETBALL-2
0,2494.946990966797,M-10,False,110.0,0,False,BKB,False,False,False,False,False,10027.0,False,False,False,NONE,False,Full Court,M211B,False,0,0,True,0,False,"204 days, 22:10:04.290732",Active,M211B-BASKETBALL-1
0,2749.3876953125,Q-11,False,411.0,0,False,TNS,False,False,False,False,False,11361.0,False,False,True,NONE,False,Tennis,Q012,False,0,0,False,0,False,"225 days, 17:46:50.421413",Active,Q012-ZN03-TENNIS-2
0,13176.360534667969,M-06,False,106.0,0,False,SCR,False,False,False,False,False,10017.0,False,False,False,NONE,False,45-146ft W x 75-294ft L,M158,False,0,0,False,0,True,"458 days, 19:37:27.353453",Active,M158-HOCKEY-1
0,2750.5376739501958,B-18,False,318.0,0,False,TNS,False,False,False,False,False,11234.0,False,False,False,NONE,False,,B248,False,0,0,False,0,False,"225 days, 12:39:33.101103",Inactive,B248-TENNIS-1
0,1545.1516418457031,Q-14,False,414.0,0,False,HDB,False,False,False,False,False,11693.0,False,True,False,NONE,False,Handball,Q163,False,0,0,False,0,False,"161 days, 22:25:19.068751",Removed,Q163-ZN06B-HANDBALL-6
0,2783.6668395996094,B-10,False,310.0,0,False,TNS,False,False,False,False,False,11228.0,False,False,True,NONE,False,Tennis,B028,False,0,0,False,0,False,"227 days, 9:22:55.095146",Active,B028-ZN01-TENNIS-6
0,1432.7135314941406,B-11,False,311.0,0,False,HDB,False,False,False,False,False,11214.0,False,True,False,NONE,False,Handball,B164,False,0,0,False,0,False,"154 days, 0:37:51.531132",Active,B164-HANDBALL-4
0,1351.5371704101562,X-11,False,211.0,0,False,HDB,False,False,False,False,False,10469.0,False,True,False,NONE,False,Handball,X232,False,0,0,False,0,False,"149 days, 7:04:40.802526",Active,X232-HANDBALL-2
0,1192.9896545410156,Q-12,False,412.0,1,False,HDB,False,False,False,False,False,11434.0,False,True,False,NONE,False,Handball,Q448,False,0,0,False,0,False,"144 days, 1:02:30.440834",Active,Q448-99-HANDBALL-5
0,31244.394165039062,X-08,False,208.0,0,False,SFB,True,False,True,True,False,10471.0,False,False,False,NONE,False,"60ft base path, 150-200ft fence",X201,False,0,0,False,0,False,"672 days, 21:24:32.506914",Active,X201-BASEBALL-1
0,3455.5447540283203,X-09,False,209.0,0,False,BKB,False,False,False,False,False,10473.0,False,False,False,NONE,False,Full Court,X118,False,0,0,False,0,False,"243 days, 3:27:45.772868",Inactive,X118-02-BASKETBALL-1
0,3510.3946533203125,Q-08,False,408.0,0,False,BKB,False,False,False,False,False,11435.0,False,False,False,NONE,False,Full Court,Q379,False,0,0,True,0,False,"241 days, 22:12:48.525769",Active,Q379-BASKETBALL-3
0,1134.4535369873047,B-13,False,313.0,0,False,HDB,False,False,False,False,False,11224.0,False,True,False,NONE,False,Handball,B169B,False,0,0,False,0,False,"140 days, 5:26:27.674410",Inactive,B169B-HANDBALL-9
0,40665.890701293945,B-07,False,307.0,0,False,SCR,False,True,False,False,False,11232.0,False,False,False,AFB,False,45-146ft W x 75-294ft L,BT15,True,0,0,False,0,True,"815 days, 2:18:25.582982",Active,BT15-SOCCER-1
0,3646.6917266845694,Q-15,False,408.0,0,False,BKB,False,False,False,False,False,11367.0,False,False,False,NONE,False,Full Court,Q099,False,0,0,True,0,False,"247 days, 5:53:36.717910",Active,Q099-20-BASKETBALL-1
0,857.0805206298828,X-04,False,204.0,0,False,HDB,False,False,False,False,False,10452.0,False,True,False,NONE,False,Handball,X148C7,False,0,0,False,0,False,"118 days, 15:22:16.897042",Active,X148C7-HANDBALL-2
0,1151.2007751464844,B-11,False,311.0,0,False,BKB,False,False,False,False,False,11214.0,False,False,False,NONE,False,Half Court,B277,False,0,0,True,0,False,"135 days, 19:02:12.876685",Active,B277-BASKETBALL-4
0,1038.6750030517578,Q-05,False,405.0,0,False,HDB,False,False,False,False,False,11385.0,False,True,False,NONE,False,Handball,Q002,False,0,0,False,0,False,"131 days, 0:58:46.448436",Active,Q002-HANDBALL-4
0,1791.4594268798828,R-02,False,502.0,0,False,BKB,False,False,False,False,False,10306.0,False,False,False,NONE,False,Half Court,R038A,False,0,0,True,0,False,"170 days, 18:09:27.641440",Active,R038A-BASKETBALL-2
0,1799.6642303466797,M-11,False,111.0,0,False,HDB,False,False,False,False,False,10029.0,False,True,False,NONE,False,Handball,M258,False,0,0,False,0,False,"169 days, 19:26:43.010895",Active,M258-HANDBALL-2
0,1443.120574951172,M-11,False,111.0,0,False,HDB,False,False,False,False,False,10035.0,False,True,False,NONE,False,Handball,M239,False,0,0,False,0,False,"153 days, 7:58:52.828701",Active,M239-HANDBALL-2
0,2768.198837280273,Q-05,False,405.0,0,False,TNS,False,False,False,False,False,11379.0,False,False,True,NONE,False,Tennis,Q102,False,0,0,False,0,False,"226 days, 19:12:05.579878",Active,Q102-02-TENNIS-7
0,1809.4400482177732,X-13,False,226.0,0,False,HDB,False,False,False,False,False,10470.0,False,True,False,NONE,False,Handball,X092,False,0,0,False,0,False,"170 days, 22:27:37.108553",Active,X092-06-HANDBALL-2
0,1005.2364349365234,B-09,False,309.0,0,False,HDB,False,False,False,False,False,11203.0,False,False,False,NONE,False,Handball,B193,False,0,0,False,0,False,"130 days, 5:31:00.227758",Inactive,B193-HANDBALL-3
0,3872.122894287109,B-03,False,303.0,1,False,BKB,False,False,False,False,False,11233.0,False,False,False,NONE,False,Full Court,B215,False,0,0,True,0,False,"253 days, 21:26:36.166044",Active,B215-BASKETBALL-1
0,1472.832015991211,B-10,False,310.0,0,False,HDB,False,False,False,False,False,11228.0,False,True,False,NONE,False,Handball,B028,False,0,0,False,0,False,"158 days, 22:31:44.509036",Active,B028-ZN01-HANDBALL-10
0,1644.4029998779297,Q-14,False,414.0,0,False,HDB,False,False,False,False,False,11691.0,False,False,False,NONE,False,Handball,Q353,False,0,0,False,0,False,"163 days, 21:54:25.026053",Active,Q353-HANDBALL-1
0,1215.2693481445312,X-07,False,207.0,0,False,HDB,False,False,False,False,False,10468.0,False,True,False,NONE,False,Handball,X044,False,0,0,False,0,False,"144 days, 12:41:03.435467",Active,X044-HANDBALL-4
0,1745.6649169921875,B-02,False,302.0,0,False,VLB,False,False,False,False,False,11205.0,False,False,False,NONE,False,Unknown,B221,False,0,0,False,0,False,"177 days, 1:41:01.647470",Inactive,B221-VOLLEYBALL-1
0,3663.034866333008,Q-03,False,403.0,0,False,BKB,False,False,False,False,False,11370.0,False,False,False,NONE,False,Full Court,Q366,False,0,0,True,0,False,"253 days, 22:04:13.124421",Active,Q366-BASKETBALL-1
0,1103.0347137451172,X-11,False,211.0,0,False,BKB,False,False,False,False,False,10462.0,False,False,False,NONE,False,Half Court,X178,False,0,0,False,0,False,"133 days, 7:21:26.474255",Active,X178-BASKETBALL-4
0,3858.558090209961,Q-06,False,406.0,0,False,BKB,False,False,False,False,False,11375.0,False,False,False,NONE,False,Full Court,Q357B01,False,0,0,True,0,False,"254 days, 3:26:13.316268",Active,Q357B01-BASKETBALL-2
0,926.4716033935548,Q-12,False,412.0,0,False,HDB,False,False,False,False,False,11412.0,False,True,False,NONE,False,Handball,Q106,False,0,0,False,0,False,"124 days, 1:23:34.834439",Active,Q106-HANDBALL-4
0,1157.3428955078125,X-08,False,208.0,0,False,HDB,False,False,False,False,False,10463.0,False,True,False,NONE,False,Handball,X186,False,0,0,False,0,False,"140 days, 23:07:20.795523",Active,X186-HANDBALL-4
0,30068.804321289062,Q-08,False,408.0,0,True,SFB,True,False,True,False,False,11365.0,False,False,False,NONE,False,"60ft base path, 150-200ft fence",Q294,False,0,0,False,0,False,"718 days, 7:54:33.262510",Active,Q294-BASEBALL-1
0,4501.153457641602,M-03,False,103.0,0,False,BKB,False,False,False,False,False,10002.0,False,False,False,NONE,False,Full Court,M082,False,0,0,False,0,False,"274 days, 0:03:08.023055",Inactive,M082-BASKETBALL-1
0,49957.47286987305,B-16,False,316.0,0,False,CRK,False,False,False,False,False,11212.0,False,False,False,AFB,False,60 ft Cricket Pitch,B377,True,0,0,False,0,False,"839 days, 4:49:18.725773",Active,B377-CRICKET-1
0,3711.8141479492183,B-01,False,301.0,0,False,BKB,False,False,False,False,False,11211.0,False,False,False,NONE,False,Full Court,,False,0,0,True,0,False,"249 days, 6:01:06.379603",Active,B223N01-BASKETBALL-1
0,3928.354278564453,X-01,False,201.0,0,False,BKB,False,False,False,False,False,10455.0,False,False,False,NONE,False,Full Court,X194,False,0,0,True,0,False,"256 days, 9:22:35.668212",Active,X194-BASKETBALL-2
0,1151.858154296875,B-13,False,313.0,0,False,BKB,False,False,False,False,False,11224.0,False,False,False,NONE,False,Half Court,B315,False,0,0,True,0,False,"139 days, 1:54:32.176277",Active,B315-BASKETBALL-2
0,54352.887756347656,Q-12,False,412.0,0,False,SFB,False,False,False,False,False,11434.0,False,False,False,NONE,False,"60ft base path, 150-200ft fence",Q005,False,0,0,False,0,False,"866 days, 2:03:36.078919",Active,Q005-ZN05-BASEBALL-4
0,15473.477661132812,Q-08,False,408.0,0,False,SCR,False,False,False,False,False,11364.0,False,False,False,NONE,False,45-146ft W x 75-294ft L,Q021,False,0,0,False,0,False,"506 days, 3:30:12.760062",Active,Q021-ZN06-SOCCER-4
0,913.7568511962892,B-02,False,302.0,0,False,HDB,False,False,False,False,False,11205.0,False,True,False,NONE,False,Handball,B220,False,0,0,False,0,False,"124 days, 7:43:53.385292",Active,B220-HANDBALL-1
0,1534.071304321289,B-05,False,305.0,0,False,HDB,False,False,False,False,False,11208.0,False,True,False,NONE,False,Handball,B380,False,0,0,False,0,False,"160 days, 5:45:46.109557",Active,B380-HANDBALL-1
0,2781.4993591308594,M-13,False,164.0,0,False,TNS,False,False,False,False,False,10024.0,False,False,True,NONE,False,Tennis,M010,False,0,0,False,0,False,"227 days, 13:18:40.653771",Active,M010-ZN34-TENNIS-13
0,1043.1185607910156,B-04,False,304.0,0,False,HDB,False,False,False,False,False,11237.0,False,True,False,NONE,False,Handball,B017,False,0,0,False,0,False,"132 days, 10:18:32.026457",Active,B017-HANDBALL-4
0,69741.60729980469,Q-07,False,407.0,0,False,SFB,True,False,True,False,False,11355.0,False,False,False,NONE,False,"60ft base path, 150-200ft fence",Q300,False,0,0,False,0,False,"1043 days, 4:26:36.493550",Active,Q300-ZN03-BASEBALL-1
0,16231.68962097168,Q-15,False,481.0,0,False,SCR,False,False,False,False,False,11368.0,False,False,False,NONE,False,45-146ft W x 75-294ft L,Q099,False,0,0,False,0,False,"519 days, 21:54:58.507858",Active,Q099-ZN16-SOCCER-01
0,24307.46389770508,B-18,False,318.0,0,False,FTB,False,True,False,False,False,11234.0,True,False,False,AFB,False,45-146ft W x 75-294ft L,B324,True,0,0,False,0,True,"643 days, 20:18:41.709459",Active,B324-FOOTBALL-1
0,2934.6492614746094,R-02,False,502.0,0,False,TNS,False,False,False,False,False,10314.0,False,False,True,NONE,False,Tennis,R030,False,0,0,False,0,False,"231 days, 12:43:19.164288",Removed,R065-ZN08-TENNIS-2
0,1180.2301330566406,Q-07,False,407.0,0,False,HDB,False,False,False,False,False,11365.0,False,True,False,NONE,False,Handball,Q024,False,0,0,False,0,False,"141 days, 10:29:21.422995",Active,Q024-03-HANDBALL-2
0,1610.547393798828,B-05,False,305.0,0,False,BKB,False,False,False,False,False,11208.0,False,False,False,NONE,False,Half Court,B149B,False,0,0,False,0,False,"160 days, 19:37:05.246629",Inactive,B149B-BASKETBALL-2
0,1191.7982482910156,Q-13,False,413.0,0,False,HDB,False,False,False,False,False,11429.0,False,True,False,NONE,False,Handball,Q082,False,0,0,False,0,False,"142 days, 14:34:12.073497",Active,Q082-HANDBALL-3
0,2358.3756103515625,Q-03,False,403.0,0,False,BKB,False,False,False,False,False,11372.0,False,False,False,NONE,False,Full Court,Q303,False,0,0,True,0,False,"198 days, 19:41:20.340022",Active,Q303-BASKETBALL-3
0,2594.228988647461,X-15,False,228.0,0,False,TNS,False,False,False,False,False,10465.0,False,False,True,NONE,False,Tennis,X039,False,0,0,False,0,False,"219 days, 9:36:17.046765",Active,X039-ZN01-TENNIS-5
0,1157.5030822753906,M-13,False,164.0,0,False,HDB,False,False,False,False,False,10025.0,False,True,False,NONE,False,Handball,M010,False,0,0,False,0,False,"141 days, 9:45:48.203608",Active,M010-ZN36-HANDBALL-10
0,4281.2294921875,B-18,False,318.0,0,False,BKB,False,False,False,False,False,11234.0,False,False,False,NONE,False,Full Court,B057,False,0,0,True,0,False,"270 days, 18:51:31.023126",Active,B057-04-BASKETBALL-2
1,38891.483474731445,B-05,False,305.0,0,True,MPPA,True,True,True,False,False,11208.0,False,False,False,AFB,False,45-146ft W x 75-294ft L,B141,True,0,0,False,0,True,"839 days, 17:12:07.174147",Removed,B141-BASEBALL-1
0,34835.652084350586,M-14,False,107.0,0,False,SCR,False,False,False,False,False,10024.0,False,False,False,NONE,False,45-146ft W x 75-294ft L,M071,False,0,0,False,0,True,"748 days, 3:08:55.456793",Active,M071-ZN21-SOCCER-3
0,2780.2127227783203,M-07,False,107.0,0,False,BKB,False,False,False,False,False,10025.0,False,False,False,NONE,False,Full Court,M229,False,0,0,True,0,False,"215 days, 3:08:58.481435",Active,M229-BASKETBALL-3
0,1868.484848022461,Q-12,False,412.0,0,False,HDB,False,False,False,False,False,11434.0,False,True,False,NONE,False,Handball,Q005,False,0,0,False,0,False,"178 days, 3:54:39.269610",Active,Q005-06-HANDBALL-7
0,1766.2644805908203,Q-05,False,405.0,0,False,VLB,False,False,False,False,False,11385.0,False,False,False,NONE,False,Volleyball,Q302,False,0,0,False,0,False,"177 days, 7:26:54.669852",Removed,Q302-VOLLEYBALL-1
0,35424.59617614746,B-13,False,313.0,0,False,SFB,True,False,True,False,False,11224.0,False,False,False,NONE,False,"60ft base path, 150-200ft fence",B296,False,0,0,False,0,False,"740 days, 9:12:59.030943",Active,B296-BASEBALL-1
0,1305.9173889160156,X-03,False,203.0,0,False,HDB,False,False,False,False,False,10456.0,False,True,False,NONE,False,Handball,X166,False,0,0,False,0,False,"146 days, 8:22:30.649922",Active,X166-HANDBALL-1
0,2759.3046112060547,Q-12,False,412.0,0,False,TNS,False,False,False,False,False,11433.0,False,False,True,NONE,False,Tennis,Q121,False,0,0,False,0,False,"226 days, 0:15:38.508435",Active,Q121-02-TENNIS-4
0,1240.870132446289,X-04,False,204.0,0,False,HDB,False,False,False,False,False,10451.0,False,True,False,NONE,False,Handball,X030,False,0,0,False,0,False,"147 days, 12:32:10.444703",Active,X030-01-HANDBALL-4
0,1438.4912872314453,B-18,False,318.0,0,False,HDB,False,False,False,False,False,11207.0,False,True,False,NONE,False,Handball,B247,False,0,0,False,0,False,"153 days, 10:04:39.694524",Active,B247-01-HANDBALL-5
0,8252.758575439453,X-01,False,201.0,0,False,SFB,False,False,False,False,False,10454.0,False,False,False,NONE,False,"60ft base path, 150-200ft fence",X238,False,0,0,False,0,False,"341 days, 0:53:58.210364",Removed,X238-BASEBALL-1
0,4084.309539794922,Q-03,False,403.0,0,False,BKB,False,False,False,False,False,11372.0,False,False,False,NONE,False,Full Court,Q363,False,0,0,True,0,False,"265 days, 9:18:04.677560",Active,Q363-BASKETBALL-7
0,701.7269439697266,X-07,False,207.0,0,False,HDB,False,False,False,False,False,10463.0,False,True,False,NONE,False,Handball,X175,False,0,0,False,0,False,"105 days, 23:28:49.928379",Active,X175-HANDBALL-1
0,1184.9912567138672,Q-10,False,410.0,0,False,HDB,False,False,False,False,False,11420.0,False,True,False,NONE,False,Handball,Q119,False,0,0,False,0,False,"142 days, 19:30:36.564656",Active,Q119-HANDBALL-2
0,2845.63671875,M-10,False,110.0,0,False,TNS,False,False,False,False,False,10039.0,False,False,True,NONE,False,Tennis,M159,False,0,0,False,0,False,"228 days, 21:47:54.592418",Active,M159-TENNIS-6
0,3019.611526489258,Q-13,False,413.0,0,False,BKB,False,False,False,False,False,11413.0,False,False,False,NONE,False,Full Court,Q107,False,0,0,True,0,False,"226 days, 5:47:23.147632",Active,Q107-01-BASKETBALL-1
0,3761.516067504883,X-12,False,212.0,0,False,BKB,False,False,False,False,False,10467.0,False,False,False,NONE,False,Full Court,X161,False,0,0,True,0,False,"256 days, 16:18:02.368565",Active,X161-BASKETBALL-1
0,1057.272720336914,M-09,False,109.0,0,False,HDB,False,False,False,False,False,10031.0,False,True,False,NONE,False,Handball,M041,False,0,0,False,0,False,"132 days, 4:40:39.051231",Active,M041-HANDBALL-2
0,9690.748153686523,M-04,False,104.0,0,True,SFB,True,False,True,True,False,10001.0,False,False,False,NONE,False,"60ft base path, 150-200ft fence",M011,False,0,0,False,0,False,"359 days, 23:43:38.866450",Active,M011-BASEBALL-2
0,1870.3658752441409,Q-13,False,413.0,0,False,HDB,False,False,False,False,False,11411.0,False,True,False,NONE,False,Handball,Q307,False,0,0,False,0,False,"177 days, 8:05:09.773229",Active,Q307-HANDBALL-3
0,2560.391845703125,R-02,False,502.0,0,False,BKB,False,False,False,False,False,10305.0,False,False,False,NONE,False,Full Court,R087,False,0,0,True,0,False,"208 days, 4:01:58.109888",Active,R087-BASKETBALL-1
0,732.1602172851562,B-01,False,301.0,0,False,HDB,False,False,False,False,False,11211.0,False,True,False,NONE,False,Handball,B264,False,0,0,False,0,False,"109 days, 4:28:02.556552",Active,B264-HANDBALL-2
0,2654.023880004883,Q-16,False,482.0,0,False,TNS,False,False,False,False,False,11385.0,False,False,True,NONE,False,Tennis,Q015,False,0,0,False,0,False,"221 days, 9:00:43.661287",Active,Q015-ZN07-TENNIS-6
0,1402.8836059570312,Q-12,False,412.0,0,False,HDB,False,False,False,False,False,11433.0,False,True,False,NONE,False,Handball,Q127,False,0,0,False,0,False,"152 days, 16:55:25.886664",Active,Q127-HANDBALL-3
0,1607.085433959961,Q-08,False,408.0,0,False,HDB,False,False,False,False,False,11367.0,False,True,False,NONE,False,Handball,Q320,False,0,0,False,0,False,"167 days, 16:37:02.845817",Active,Q320-HANDBALL-3
0,32784.50151062012,Q-05,False,405.0,0,False,BSB,False,False,False,True,False,11378.0,False,False,False,NONE,False,"90ft base path, 200+ft fence",Q131,False,0,0,False,0,False,"662 days, 10:36:43.060920",Removed,Q131-BASEBALL-2
0,3983.303588867188,Q-14,False,414.0,0,False,BKB,False,False,False,False,False,11691.0,False,False,False,NONE,False,Full Court,Q162J01,False,0,0,True,0,False,"262 days, 6:57:10.196055",Active,Q162J01-BASKETBALL-3
0,26047.78465270996,X-06,False,206.0,0,False,SCR,False,False,False,False,False,10457.0,False,False,False,AFB,False,60 x 360ft rectangular,X263,True,0,0,False,0,True,"652 days, 14:43:18.883026",Active,X263-SOCCER-1
0,1298.133316040039,B-06,False,306.0,0,False,HDB,False,False,False,False,False,11231.0,False,True,False,NONE,False,Handball,B077,False,0,0,False,0,False,"147 days, 18:27:38.132133",Active,B077-01-HANDBALL-2
0,2278.548049926758,X-09,False,209.0,0,False,BKB,False,False,False,False,False,10472.0,False,False,False,NONE,False,Half Court,X195A,False,0,0,True,0,False,"191 days, 2:02:10.537970",Active,X195A-BASKETBALL-2
0,2726.0254974365234,X-15,False,228.0,0,False,TNS,False,False,False,False,False,10464.0,False,False,True,NONE,False,Tennis,X039,False,0,0,False,0,False,"225 days, 5:39:45.491016",Active,X039-ZN17-TENNIS-3
0,1206.5083770751953,Q-02,False,402.0,0,False,BKB,False,False,False,False,False,11101.0,False,False,False,NONE,False,Half Court,Q471,False,0,0,False,0,False,"140 days, 10:35:02.031368",Active,Q471-BASKETBALL-1
0,941.8404693603516,B-09,False,309.0,0,False,TNS,False,False,False,False,False,11225.0,False,False,True,NONE,False,Tennis,B267,False,0,0,False,0,False,"134 days, 4:05:38.970387",Active,B267-TENNIS-2
0,1094.6190948486328,Q-13,False,413.0,0,False,HDB,False,False,False,False,False,11413.0,False,False,False,NONE,False,Handball,Q096C,False,0,0,False,0,False,"136 days, 4:12:50.700300",Active,Q096C-HANDBALL-2
0,1483.4491271972656,B-12,False,312.0,0,False,HDB,False,False,False,False,False,11219.0,False,True,False,NONE,False,Handball,B152,False,0,0,False,0,False,"155 days, 16:04:49.751130",Active,B152-HANDBALL-1
0,1579.3693237304688,B-17,False,317.0,0,False,HDB,False,False,False,False,False,11236.0,False,True,False,NONE,False,Handball,B271,False,0,0,False,0,False,"160 days, 16:51:13.833067",Active,B271-HANDBALL-4
0,2802.8759002685547,Q-12,False,412.0,0,False,TNS,False,False,False,False,False,11433.0,False,False,True,NONE,False,Tennis,Q121,False,0,0,False,0,False,"228 days, 0:15:23.115490",Active,Q121-02-TENNIS-10
0,1187.8969116210938,M-07,False,107.0,0,False,HDB,False,False,False,False,False,10025.0,False,True,False,NONE,False,Handball,M200,False,0,0,False,0,False,"144 days, 6:48:42.707577",Active,M200-HANDBALL-2
0,1359.9766693115234,Q-11,False,411.0,0,False,BKB,False,False,False,False,False,11364.0,False,False,False,NONE,False,Half Court,Q021C,False,0,0,False,0,False,"152 days, 12:05:20.962203",Active,Q021C-BASKETBALL-2
0,1891.4779205322263,B-05,False,305.0,0,False,HDB,False,False,False,False,False,11208.0,False,True,False,NONE,False,Handball,B163,False,0,0,False,0,False,"173 days, 23:20:30.508788",Active,B163-HANDBALL-4
0,1267.2141418457031,Q-09,False,409.0,0,False,HDB,False,False,False,False,False,11416.0,False,True,False,NONE,False,Handball,Q128,False,0,0,False,0,False,"147 days, 11:24:47.990237",Active,Q128-HANDBALL-2
0,1259.2858428955078,B-05,False,305.0,0,False,BKB,False,False,False,False,False,11207.0,False,False,False,NONE,False,Half Court,B345,False,0,0,True,0,False,"142 days, 1:20:20.239459",Active,B345-BASKETBALL-3
0,4111.118408203125,Q-12,False,412.0,0,False,BKB,False,False,False,False,False,11433.0,False,False,False,NONE,False,Full Court,Q121,False,0,0,True,0,False,"266 days, 19:07:58.616033",Active,Q121-02-BASKETBALL-2
0,19433.8193359375,B-18,False,318.0,0,False,,False,False,False,False,False,11236.0,False,False,False,NONE,False,,B018,False,0,0,False,0,False,"515 days, 14:05:01.752281",Inactive,B018-ZN01-BASEBALL-5
0,1129.1217346191406,B-01,False,301.0,0,False,HDB,False,False,False,False,False,11211.0,False,True,False,NONE,False,Handball,B058,False,0,0,False,0,False,"138 days, 5:44:06.425762",Active,B058-ZN02-HANDBALL-5
0,733.014892578125,Q-12,False,412.0,0,False,BKB,False,False,False,False,False,11434.0,False,False,False,NONE,False,Half Court,Q005,False,0,0,False,0,False,"108 days, 22:46:06.515202",Active,Q005-05-BASKETBALL-6
0,901.1171112060548,B-02,False,302.0,0,False,BKB,False,False,False,False,False,11205.0,False,False,False,NONE,False,Half Court,B321,False,0,0,True,0,False,"120 days, 3:36:23.507816",Active,B321-BASKETBALL-2
0,4018.868667602539,Q-04,False,404.0,0,False,BKB,False,False,False,False,False,11373.0,False,False,False,NONE,False,Full Court,Q098,False,0,0,True,0,False,"264 days, 3:41:04.118565",Active,Q098-BASKETBALL-1
0,1188.3023223876953,X-10,False,210.0,0,False,BKB,False,False,False,False,False,10465.0,False,False,False,NONE,False,Half Court,X183,False,0,0,False,0,False,"139 days, 19:41:37.385917",Active,X183-BASKETBALL-4
0,4180.329452514648,B-16,False,316.0,0,False,BKB,False,False,False,False,False,11212.0,False,False,False,NONE,False,Full Court,B343,False,0,0,True,0,False,"267 days, 12:53:52.932260",Active,B343-BASKETBALL-1
0,2637.9195251464844,B-07,False,307.0,0,False,BKB,False,False,False,False,False,11232.0,False,False,False,NONE,False,Full Court,B087,False,0,0,True,0,False,"218 days, 23:28:24.274344",Active,B087-01-BASKETBALL-2
0,2008.7783660888672,B-18,False,318.0,0,False,BKB,False,False,False,False,False,11229.0,False,False,False,NONE,False,Full Court,B057,False,0,0,True,0,False,"180 days, 20:30:42.404311",Active,B057-BASKETBALL-7
0,2397.8885498046875,X-08,False,208.0,0,False,BKB,False,False,False,False,False,10463.0,False,False,False,NONE,False,Full Court,X020,False,0,0,True,0,False,"199 days, 18:16:50.343971",Active,X020-BASKETBALL-2
0,1439.3883361816406,B-15,False,315.0,0,False,HDB,False,False,False,False,False,11229.0,False,True,False,NONE,False,Handball,B235,False,0,0,False,0,False,"153 days, 4:09:55.200039",Active,B235-HANDBALL-4
0,1460.9827880859375,B-06,False,306.0,0,False,BKB,False,False,False,False,False,11201.0,False,False,False,NONE,False,Half Court,B050,False,0,0,True,0,False,"155 days, 7:10:42.298804",Active,B050-BASKETBALL-2
0,1513.0511322021484,Q-02,False,402.0,0,False,BKB,False,False,False,False,False,11104.0,False,False,False,NONE,False,Half Court,Q340,False,0,0,False,0,False,"155 days, 23:07:22.086162",Active,Q340-BASKETBALL-01
0,31029.670944213867,Q-05,False,405.0,0,False,SFB,True,False,True,False,False,11385.0,False,False,False,NONE,False,"60ft base path, 150-200ft fence",Q305,False,0,0,False,0,False,"657 days, 6:41:42.742023",Active,Q305-SOFTBALL-1
0,1276.1780548095703,B-06,False,306.0,0,False,HDB,False,False,False,False,False,11231.0,False,True,False,NONE,False,Handball,B077,False,0,0,False,0,False,"146 days, 12:02:33.264885",Active,B077-01-HANDBALL-3
0,1487.3103332519531,Q-13,False,413.0,0,False,HDB,False,False,False,False,False,11422.0,False,True,False,NONE,False,Handball,Q430,False,0,0,False,0,False,"155 days, 15:31:15.517143",Active,Q430-HANDBALL-2
0,1458.9822845458984,B-13,False,313.0,0,False,HDB,False,False,False,False,False,11223.0,False,True,False,NONE,False,Handball,B272,False,0,0,False,0,False,"154 days, 3:57:16.067336",Active,B272-HANDBALL-2
0,5430.326461791992,M-11,False,111.0,0,False,FTB,False,False,False,False,False,10035.0,False,False,False,NONE,False,45-146ft W x 75-294ft L,M239,False,0,0,False,0,False,"301 days, 22:41:18.783167",Active,M239-FOOTBALL-1
0,1852.37060546875,X-05,False,205.0,0,False,HDB,False,False,False,False,False,10458.0,False,True,False,NONE,False,Handball,X085,False,0,0,False,0,False,"174 days, 16:05:30.169864",Active,X085-HANDBALL-1
0,60203.4268951416,Q-13,False,413.0,0,False,SCR,False,False,False,False,False,11426.0,False,False,False,NONE,False,147-295ft W x 295-393ft L,Q001A,False,0,0,False,0,True,"1001 days, 16:28:12.205070",Active,Q001-ZN01-SOCCER-1
0,1309.8074035644531,Q-13,False,413.0,0,False,HDB,False,False,False,False,False,11427.0,False,True,False,NONE,False,Handball,Q322,False,0,0,False,0,False,"146 days, 22:48:53.866013",Active,Q322-HANDBALL-1
0,1058.4999542236328,B-01,False,301.0,0,False,HDB,False,False,False,False,False,11206.0,False,True,False,NONE,False,Handball,B358,False,0,0,False,0,False,"133 days, 5:05:19.298760",Active,B358-HANDBALL-1
0,881.7828826904297,B-18,False,318.0,0,False,BOC,False,False,False,False,True,11229.0,False,False,False,NONE,True,Bocce,B057,False,0,0,False,0,False,"168 days, 5:00:32.451558",Active,B057-ZN01-BOCCE-2
0,2804.7369689941406,Q-11,False,411.0,0,False,TNS,False,False,False,False,False,11364.0,False,False,False,NONE,False,Tennis,Q021C,False,0,0,False,0,False,"228 days, 10:21:04.427617",Active,Q021C-TENNIS-1
0,3538.1980743408203,Q-08,False,408.0,0,False,BKB,False,False,False,False,False,11432.0,False,False,False,NONE,False,Full Court,Q391,False,0,0,True,0,False,"242 days, 8:36:28.962159",Active,Q391-BASKETBALL-2
0,3302.681579589844,Q-01,False,401.0,0,False,BKB,False,False,False,False,False,11105.0,False,False,False,NONE,False,Full Court,Q004,False,0,0,True,0,False,"238 days, 1:02:42.288599",Active,Q004-01-BASKETBALL-2
0,2886.88427734375,X-03,False,203.0,0,False,TNS,False,False,False,False,False,10457.0,False,False,True,NONE,True,Tennis,X010,False,0,0,False,0,False,"230 days, 7:00:59.759851",Active,X010-ZN03-TENNIS-6
0,3840.0326080322266,X-03,False,203.0,0,False,BKB,False,False,False,False,False,10456.0,False,False,False,NONE,False,Full Court,X222,False,0,0,True,0,False,"261 days, 10:44:11.481715",Active,X222-BASKETBALL-2
0,1819.9262084960935,Q-01,False,401.0,0,False,BKB,False,False,False,False,False,11102.0,False,False,False,NONE,False,Half Court,Q226,False,0,0,True,0,False,"172 days, 1:54:22.547171",Active,Q226-01-BASKETBALL-1
0,1483.376007080078,Q-12,False,412.0,0,False,HDB,False,False,False,False,False,11434.0,False,True,False,NONE,False,Handball,Q005,False,0,0,False,0,False,"164 days, 8:15:07.951998",Active,Q005-06-HANDBALL-6
0,1090.003662109375,B-16,False,316.0,0,False,HDB,False,False,False,False,False,11233.0,False,True,False,NONE,False,Handball,B144,False,0,0,False,0,False,"135 days, 3:20:23.359139",Active,B144-HANDBALL-2
0,2875.2782287597656,R-01,False,501.0,0,False,TNS,False,False,False,False,False,10301.0,False,False,True,NONE,False,Tennis,R022,False,0,0,False,0,False,"230 days, 3:06:40.954691",Active,R022-04-TENNIS-2
0,2739.5437622070312,Q-07,False,407.0,0,False,TNS,False,False,False,False,False,11357.0,False,False,False,NONE,False,Tennis,Q334,False,0,0,False,0,False,"225 days, 22:24:40.348569",Active,Q334-TENNIS-2
0,4062.3609619140634,Q-12,False,412.0,0,False,BKB,False,False,False,False,False,11434.0,False,False,False,NONE,False,Full Court,Q005,False,0,0,True,0,False,"265 days, 0:00:58.445305",Active,Q005-06-BASKETBALL-3
0,1712.409439086914,B-03,False,303.0,0,False,BKB,False,False,False,False,False,11205.0,False,False,False,NONE,False,Half Court,B266,False,0,0,False,0,False,"165 days, 17:39:14.156581",Inactive,B266-BASKETBALL-2
0,1172.2376556396484,X-08,False,208.0,0,False,HDB,False,False,False,False,False,10463.0,False,True,False,NONE,False,Handball,X186,False,0,0,False,0,False,"141 days, 15:12:44.759358",Active,X186-HANDBALL-5
0,21208.633392333984,Q-13,False,413.0,0,False,SFB,True,False,True,False,False,11413.0,False,False,False,NONE,False,"60ft base path, 150-200ft fence",Q107,False,0,0,False,0,False,"536 days, 15:35:50.824769",Active,Q107-BASEBALL-1
0,1227.7483825683594,Q-03,False,403.0,0,False,HDB,False,False,False,False,False,11368.0,False,True,False,NONE,False,Handball,Q415,False,0,0,False,0,False,"142 days, 2:16:07.857674",Removed,Q415-HANDBALL-2
0,3741.9420471191406,B-18,False,318.0,0,False,BKB,False,False,False,False,False,11234.0,False,False,False,NONE,False,Full Court,B330,False,0,0,True,0,False,"250 days, 5:33:55.588998",Active,B330-BASKETBALL-5
0,1175.9694061279297,X-04,False,204.0,0,False,BKB,False,False,False,False,False,10452.0,False,False,False,NONE,False,Half Court,X148A3,False,0,0,False,0,False,"137 days, 10:54:48.585104",Active,X148A3-BASKETBALL-3
0,2811.437286376953,Q-12,False,412.0,0,False,TNS,False,False,False,False,False,11433.0,False,False,True,NONE,False,Tennis,Q121,False,0,0,False,0,False,"227 days, 21:11:48.813017",Active,Q121-02-TENNIS-1
0,3778.218719482422,X-08,False,208.0,0,False,BKB,False,False,False,False,False,10463.0,False,False,False,NONE,False,Full Court,X150J,False,0,0,True,0,False,"257 days, 9:36:13.652587",Active,X132-BASKETBALL-1
0,911.4842224121094,X-12,False,212.0,0,False,HDB,False,False,False,False,False,10466.0,False,True,False,NONE,False,Handball,X165,False,0,0,False,0,False,"120 days, 22:04:26.023561",Active,X165-HANDBALL-2
0,423.01502990722656,X-12,False,212.0,0,False,HDB,False,False,False,False,False,10470.0,False,False,False,NONE,False,Handball,X188,False,0,0,False,0,False,"82 days, 7:15:11.467927",Inactive,X188-HANDBALL-1
0,1039.282196044922,B-01,False,301.0,0,False,HDB,False,False,False,False,False,11211.0,False,True,False,NONE,False,Handball,B058,False,0,0,False,0,False,"134 days, 0:35:54.776498",Active,B058-ZN02-HANDBALL-9
0,2185.6029663085938,X-13,False,226.0,0,False,BKB,False,False,False,False,False,10471.0,False,False,False,NONE,False,,X092,False,0,0,False,0,False,"188 days, 11:40:50.128100",Inactive,X092-05-BASKETBALL-4
0,3003.7867889404297,B-13,False,313.0,0,False,TNS,False,False,False,False,False,11224.0,False,False,False,NONE,False,,B337,False,0,0,False,0,False,"233 days, 23:46:39.462228",Inactive,B337-TENNIS-6
0,1080.9750061035156,X-15,False,228.0,0,False,HDB,False,False,False,False,False,10464.0,False,True,False,NONE,False,Handball,X039,False,0,0,False,0,False,"136 days, 4:34:47.374846",Active,X039-ZN17-HANDBALL-14
0,11514.763549804688,M-09,False,109.0,0,False,SFB,True,False,True,False,False,10027.0,False,False,False,NONE,False,"45-60ft base path, less than 150ft fence",M205,False,0,0,False,0,False,"395 days, 8:30:38.580842",Active,M205-BASEBALL-1
0,1317.5249786376953,B-18,False,318.0,0,False,HDB,False,False,False,False,False,11234.0,False,True,False,NONE,False,Handball,B329,False,0,0,False,0,False,"147 days, 6:20:12.029853",Active,B329-01-HANDBALL-2
0,1040.8377838134766,Q-07,False,407.0,0,False,HDB,False,False,False,False,False,11354.0,False,True,False,NONE,False,Handball,Q086,False,0,0,False,0,False,"133 days, 14:05:28.689222",Active,Q086-01-HANDBALL-8
0,2807.9466705322266,Q-15,False,481.0,0,False,TNS,False,False,False,False,False,11368.0,False,False,True,NONE,False,Tennis,Q099,False,0,0,False,0,False,"228 days, 1:22:54.143624",Active,Q099-ZN10-TENNIS-12
0,763.3619689941406,R-02,False,502.0,0,False,HDB,False,False,False,False,False,10305.0,False,True,False,NONE,False,Handball,R063,False,0,0,False,0,False,"115 days, 16:20:40.911351",Active,R063-HANDBALL-5
0,631.8306121826172,X-11,False,211.0,0,False,HDB,False,False,False,False,False,10467.0,False,True,False,NONE,False,Handball,X087,False,0,0,False,0,False,"103 days, 12:16:53.469850",Active,X087-HANDBALL-2
0,1091.5193634033203,B-15,False,315.0,0,False,HDB,False,False,False,False,False,11235.0,False,True,False,NONE,False,Handball,B251,False,0,0,False,0,False,"135 days, 0:48:00.310134",Active,B251-04-HANDBALL-1
0,36799.50944519043,Q-01,False,401.0,0,False,MPPA,True,False,True,False,False,11103.0,False,False,False,NONE,False,"45-60ft base path, less than 150ft fence",Q014,False,0,0,False,0,False,"760 days, 16:44:19.648226",Active,Q014-BASEBALL-1
0,44424.03762817383,Q-12,False,412.0,0,False,SFB,True,False,True,True,False,11434.0,False,False,False,NONE,False,"60ft base path, 150-200ft fence",Q413,False,0,0,False,0,False,"781 days, 10:37:35.607572",Active,Q413-BASEBALL-2
0,1402.719223022461,B-10,False,310.0,0,False,HDB,False,False,False,False,False,11228.0,False,True,False,NONE,False,Handball,B028,False,0,0,False,0,False,"154 days, 5:47:18.931583",Active,B028-ZN01-HANDBALL-12
0,1528.2984161376953,R-01,False,501.0,0,False,HDB,False,False,False,False,False,10303.0,False,False,False,NONE,False,Handball,R068,False,0,0,False,0,False,"157 days, 5:52:40.484385",Closed Temporarily,R068-HANDBALL-1
0,29166.5245513916,B-12,False,312.0,0,False,SFB,True,False,True,False,False,11230.0,False,False,False,NONE,False,"60ft base path, 150-200ft fence",B128,False,0,0,False,0,False,"671 days, 17:17:00.283283",Active,B128-BASEBALL-1
0,1502.0419311523438,Q-14,False,414.0,0,False,TNS,False,False,False,False,False,11694.0,False,False,False,NONE,False,Tennis,Q389,False,0,0,False,0,False,"167 days, 1:12:50.186344",Removed,Q389-TENNIS-2
0,2826.209983825684,R-03,False,503.0,0,False,TNS,False,False,False,False,False,10312.0,False,False,True,NONE,False,Tennis,R031,False,0,0,False,0,False,"228 days, 3:33:32.720304",Active,R031-ZN03-TENNIS-1
0,1385.7727661132812,B-03,False,303.0,0,False,BKB,False,False,False,False,False,11221.0,False,False,False,NONE,False,Half Court,B224,False,0,0,True,0,False,"151 days, 13:12:50.296266",Active,B224-BASKETBALL-2
0,45792.91688537598,B-01,False,301.0,0,False,TRK,False,False,False,False,False,11211.0,False,False,False,NONE,False,Track,B058,False,0,0,False,0,False,"2950 days, 23:31:02.735110",Active,B058-ZN02-TRACK-1
0,4268.409332275391,B-17,False,317.0,0,False,TRK,False,False,False,False,False,11203.0,False,False,False,NONE,False,Jogging Path,B285,False,0,0,False,0,False,"1084 days, 1:50:38.922597",Active,B285-TRACK-1
0,3588.4234619140625,B-10,False,310.0,0,False,BKB,False,False,False,False,False,11228.0,False,False,False,NONE,False,Full Court,B028,False,0,0,True,0,False,"245 days, 13:21:14.030525",Active,B028-03-BASKETBALL-3
0,1085.5031280517578,B-13,False,313.0,0,False,BOC,False,False,False,False,True,11214.0,False,False,False,NONE,False,Bocce,B125,False,0,0,False,0,False,"192 days, 22:46:20.579137",Active,B125-01-BOCCE-2
0,933.5975189208984,X-06,False,206.0,0,False,BOC,False,False,False,False,True,10458.0,False,False,False,NONE,False,Bocce,X102,False,0,0,False,0,False,"175 days, 8:42:14.854848",Active,X102-BOCCE-1
0,1151.4991149902344,X-15,False,228.0,0,False,HDB,False,False,False,False,False,10464.0,False,True,False,NONE,False,Handball,X039,False,0,0,False,0,False,"140 days, 22:52:46.814730",Active,X039-ZN17-HANDBALL-19
0,3622.77131652832,Q-03,False,403.0,0,False,BKB,False,False,False,False,False,11369.0,False,False,False,NONE,False,Full Court,Q373,False,0,0,True,0,False,"246 days, 9:14:13.354770",Active,Q373-BASKETBALL-5
0,64893.16340637207,X-13,False,226.0,0,False,SCR,False,False,False,False,False,10471.0,False,False,False,NONE,False,147-295ft W x 295-393ft L,X092,False,0,0,False,0,True,"1051 days, 18:43:18.843724",Active,X092-ZN06-SOCCER-4
0,1894.5088958740237,M-14,False,107.0,0,False,VLB,False,False,False,False,False,10024.0,False,False,False,NONE,False,Volleyball,M071,False,0,1,False,0,False,"183 days, 1:14:35.021595",Active,M071-ZN20-VOLLEYBALL-1
0,1211.9031066894531,X-01,False,201.0,0,False,HDB,False,False,False,False,False,10451.0,False,True,False,NONE,False,Handball,X106,False,0,0,False,0,False,"143 days, 14:57:11.294253",Removed,X106-HANDBALL-2
0,1667.9776916503906,Q-14,False,414.0,0,False,HDB,False,False,False,False,False,11694.0,False,True,False,NONE,False,Handball,Q163,False,0,0,False,0,False,"167 days, 1:47:59.532645",Removed,Q163-ZN07A-HANDBALL-11
0,1829.920211791992,Q-12,False,412.0,0,False,BKB,False,False,False,False,False,11423.0,False,False,False,NONE,False,Half Court,Q359,False,0,0,True,0,False,"172 days, 20:19:04.486243",Active,Q359-BASKETBALL-7
0,1199.9417877197266,Q-03,False,403.0,0,False,HDB,False,False,False,False,False,11368.0,False,True,False,NONE,False,Handball,Q415,False,0,0,False,0,False,"140 days, 5:17:36.772789",Removed,Q415-HANDBALL-1
0,1381.9184112548828,Q-09,False,409.0,0,False,HDB,False,False,False,False,False,11416.0,False,True,False,NONE,False,Handball,Q128,False,0,0,False,0,False,"154 days, 1:23:52.320699",Active,Q128-HANDBALL-5
0,2861.855361938477,B-17,False,317.0,0,False,BKB,False,False,False,False,False,11210.0,False,False,False,NONE,False,Full Court,B250,False,0,0,True,0,False,"215 days, 7:24:21.191580",Active,B250-BASKETBALL-4
0,1535.7150268554688,Q-01,False,401.0,0,False,HDB,False,False,False,False,False,11103.0,False,True,False,NONE,False,Handball,Q014,False,0,0,False,0,False,"160 days, 16:34:03.881524",Active,Q014-HANDBALL-1
0,1872.7965545654297,B-15,False,315.0,0,False,BKB,False,False,False,False,False,11229.0,False,False,False,NONE,False,Half Court,B157,False,0,0,True,0,False,"174 days, 5:15:23.309813",Active,B157-BASKETBALL-4
0,938.3807983398438,Q-08,False,408.0,0,False,BKB,False,False,False,False,False,11365.0,False,False,False,NONE,False,Half Court,Q344,False,0,0,False,0,False,"122 days, 22:22:39.587226",Active,Q344-BASKETBALL-5
0,1065.6484375,R-02,False,595.0,0,False,BOC,False,False,False,False,True,10305.0,False,False,False,NONE,False,Bocce,R046,False,0,0,False,0,False,"192 days, 6:57:42.132587",Active,R046-ZN01-BOCCE-1
0,25703.347854614258,M-13,False,164.0,0,False,SFB,True,False,True,False,False,10023.0,False,False,False,NONE,False,"60ft base path, 150-200ft fence",M010,False,0,0,False,0,False,"587 days, 21:08:53.391294",Active,M010-ZN06-BASEBALL-4
0,40854.13960266113,B-06,False,306.0,0,False,BSB,False,False,True,False,False,11231.0,False,False,False,NONE,False,"90ft base path, 200+ft fence",B126,False,0,0,False,0,False,"762 days, 14:39:14.967960",Inactive,B126-ZN02-BASEBALL-4
0,1185.9109497070312,M-10,False,110.0,0,False,HDB,False,False,False,False,False,10037.0,False,True,False,NONE,False,Handball,M186,False,0,0,False,0,False,"143 days, 2:39:30.139277",Active,M186-HANDBALL-2
0,1078.0906066894531,B-18,False,318.0,0,False,HDB,False,False,False,False,False,11234.0,False,True,False,NONE,False,Handball,B057,False,0,0,False,0,False,"134 days, 4:30:20.659267",Active,B057-05-HANDBALL-2
0,1098.7292938232422,Q-12,False,412.0,0,False,HDB,False,False,False,False,False,11434.0,False,True,False,NONE,False,Handball,Q005,False,0,0,False,0,False,"136 days, 10:45:51.052497",Active,Q005-05-HANDBALL-5
0,18714.335571289062,X-14,False,227.0,0,False,BSB,False,False,False,True,False,10467.0,False,False,False,NONE,False,"90ft base path, 200+ft fence",X002,False,0,0,False,0,False,"495 days, 5:14:07.010724",Active,X002-ZN04-BASEBALL-4
0,43926.51817321777,M-13,False,164.0,0,False,SCR,False,False,False,False,False,10025.0,False,False,False,NONE,False,45-146ft W x 75-294ft L,M010,False,0,0,False,0,True,"890 days, 1:32:47.174418",Active,M010-ZN37-SOCCER-6
0,1025.9803161621094,Q-08,False,408.0,0,False,HDB,False,False,False,False,False,11365.0,False,True,False,NONE,False,Handball,Q221,False,0,0,False,0,False,"132 days, 9:26:44.502624",Active,Q221-HANDBALL-1
0,1524.462661743164,B-10,False,310.0,0,False,HDB,False,False,False,False,False,11209.0,False,True,False,NONE,False,Handball,B082,False,0,0,False,0,False,"161 days, 20:08:59.526919",Active,B082-ZN05-HANDBALL-1
0,950.050048828125,Q-14,False,414.0,0,False,BKB,False,False,False,False,False,11693.0,False,False,False,NONE,False,Half Court,Q367,False,0,0,False,0,False,"126 days, 20:32:39.791495",Active,Q367-BASKETBALL-2
0,2704.6759033203125,Q-12,False,412.0,1,False,TNS,False,False,False,False,False,11434.0,False,False,True,NONE,False,Tennis,Q448,False,0,0,False,0,False,"224 days, 12:48:16.972489",Active,Q448-TENNIS-1
0,4064.570068359375,B-01,False,301.0,0,False,BKB,False,False,False,False,False,11222.0,False,False,False,NONE,False,Full Court,B001,False,0,0,True,0,False,"262 days, 18:27:32.100542",Active,B001-BASKETBALL-2
0,35850.61836242676,Q-11,False,411.0,0,False,SFB,True,False,True,True,False,11364.0,False,False,False,NONE,False,"60ft base path, 150-200ft fence",Q001,False,0,0,False,0,False,"697 days, 2:38:27.494920",Active,Q001-ZN02-BASEBALL-1
0,32413.379669189453,Q-07,False,407.0,0,False,SFB,True,False,False,True,False,11354.0,False,False,False,NONE,False,"60ft base path, 150-200ft fence",Q476,False,0,0,False,0,False,"703 days, 23:33:58.477225",Active,Q476-SOFTBALL-4
0,2786.7711639404297,B-15,False,315.0,0,False,TNS,False,False,False,False,False,11235.0,False,False,True,NONE,False,Tennis,B251,False,0,0,False,0,False,"227 days, 2:43:00.748244",Active,B251-ZN03-TENNIS-3
0,47481.78967285156,B-10,False,310.0,0,False,FTB,False,True,False,False,False,11220.0,True,False,False,AFB,True,147-295ft W x 295-393ft L,B146,True,0,0,False,0,True,"917 days, 14:51:01.989565",Active,B146-SOCCER-1
0,3347.838363647461,X-03,False,203.0,0,False,BKB,False,False,False,False,False,10457.0,False,False,False,NONE,False,Full Court,X010,False,0,0,True,0,False,"236 days, 7:15:23.345476",Active,X010-11-BASKETBALL-1
0,1258.7931671142578,X-13,False,226.0,0,False,HDB,False,False,False,False,False,10471.0,False,True,False,NONE,False,Handball,X092,False,0,0,False,0,False,"143 days, 16:54:31.598561",Active,X092-05-HANDBALL-4
0,34543.68438720703,M-14,False,107.0,0,False,SCR,False,False,False,False,False,10024.0,False,False,False,NONE,False,45-146ft W x 75-294ft L,M071,False,0,0,False,0,True,"833 days, 0:29:33.719558",Active,M071-ZN02-SOCCER-3
0,2782.7879028320312,Q-08,False,408.0,0,False,TNS,False,False,False,False,False,11367.0,False,False,False,NONE,False,Tennis,Q329,False,0,0,False,0,False,"227 days, 3:52:36.072595",Active,Q329-TENNIS-2
0,3493.4515838623047,B-01,False,301.0,0,False,BKB,False,False,False,False,False,11211.0,False,False,False,NONE,False,Full Court,B025,False,0,0,True,0,False,"249 days, 13:43:37.421044",Active,B025-BASKETBALL-3
0,36330.16864013672,B-18,False,318.0,0,True,SFB,True,False,True,False,False,11229.0,False,False,False,NONE,False,"60ft base path, 150-200ft fence",B057,False,0,0,False,0,False,"739 days, 3:03:13.522415",Active,B057-ZN04-BASEBALL-10
0,18400.395217895508,B-13,False,313.0,0,False,BSB,False,False,False,False,False,11223.0,False,False,False,NONE,False,"90ft base path, 200+ft fence",B106A,False,0,0,False,0,False,"515 days, 0:00:29.179827",Active,B106A-BASEBALL-2
0,2790.7610626220703,Q-08,False,408.0,0,False,TNS,False,False,False,False,False,11423.0,False,False,True,NONE,False,Tennis,Q021,False,0,0,False,0,False,"227 days, 3:21:14.080298",Active,Q021-ZN02-TENNIS-7
0,1108.5573272705078,X-11,False,211.0,0,False,BOC,False,False,False,False,True,10469.0,False,False,False,NONE,False,Bocce,X172,False,0,0,False,0,False,"195 days, 18:24:21.368155",Active,X172-BOCCE-2
0,1305.6193542480469,B-18,False,318.0,0,False,HDB,False,False,False,False,False,11229.0,False,True,False,NONE,False,Handball,B057,False,0,0,False,0,False,"147 days, 18:02:40.140900",Active,B057-ZN01-HANDBALL-8
0,55232.05537414551,B-18,False,318.0,0,False,SCR,False,False,False,False,False,11229.0,False,False,False,NONE,False,60 x 360ft rectangular,B057,False,0,0,False,0,True,"994 days, 21:37:51.523424",Active,B057-ZN04-SOCCER-4
0,1179.586669921875,Q-07,False,407.0,0,False,HDB,False,False,False,False,False,11360.0,False,True,False,NONE,False,Handball,Q399,False,0,0,False,0,False,"140 days, 17:20:36.157626",Active,Q399-HANDBALL-2
0,1520.203857421875,M-10,False,110.0,0,False,HDB,False,False,False,False,False,10039.0,False,True,False,NONE,False,Handball,M216,False,0,0,False,0,False,"157 days, 4:07:34.105025",Active,M216-HANDBALL-3
0,2822.1436614990234,B-18,False,318.0,0,False,TNS,False,False,False,False,False,11236.0,False,False,False,NONE,False,Tennis,B274,False,0,0,False,0,False,"228 days, 14:19:22.262213",Inactive,B274-TENNIS-1
0,1307.1298828125,Q-12,False,412.0,0,False,HDB,False,False,False,False,False,11433.0,False,False,False,NONE,False,Handball,Q127,False,0,0,False,0,False,"151 days, 0:45:54.116157",Inactive,Q127-HANDBALL-13
1,13552.53498840332,B-02,False,302.0,0,True,MPPA,False,False,False,False,False,11205.0,False,False,False,AFB,False,147-295ft W x 295-393ft L,B300,True,0,0,False,0,True,"469 days, 16:16:13.804689",Active,B300-BASEBALL-1
0,37474.0576171875,Q-08,False,408.0,0,False,SFB,True,False,True,False,False,11365.0,False,False,False,NONE,False,"60ft base path, 150-200ft fence",Q221,False,0,0,False,0,False,"724 days, 8:41:20.209406",Active,Q221-BASEBALL-1
0,1269.9469146728516,B-12,False,312.0,0,False,BKB,False,False,False,False,False,11218.0,False,False,False,NONE,False,Half Court,B151,False,0,0,True,0,False,"144 days, 14:53:26.688542",Active,B151-BASKETBALL-2
0,4236.253356933594,X-08,False,208.0,0,False,BKB,False,False,False,False,False,10463.0,False,False,False,NONE,False,Full Court,X171,False,0,0,True,0,False,"269 days, 9:58:13.621237",Active,X171-BASKETBALL-5
0,1068.223403930664,R-01,False,501.0,0,False,HDB,False,False,False,False,False,10310.0,False,False,False,NONE,False,Handball,R034,False,0,0,False,0,False,"132 days, 17:25:59.187123",Inactive,R034-HANDBALL-1
0,27439.50584411621,Q-07,False,407.0,0,False,SFB,True,False,True,False,False,11365.0,False,False,False,NONE,False,"60ft base path, 150-200ft fence",Q024,False,0,0,False,0,False,"617 days, 15:22:50.958670",Active,Q024-ZN03-BASEBALL-3
0,3384.119506835937,Q-08,False,408.0,0,False,BKB,False,False,False,False,False,11365.0,False,False,False,NONE,False,Full Court,Q221,False,0,0,True,0,False,"240 days, 1:34:57.224206",Active,Q221-BASKETBALL-1
0,4174.3033447265625,B-11,False,311.0,0,False,BKB,False,False,False,False,False,11214.0,False,False,False,NONE,False,Full Court,B007,False,0,0,True,0,False,"268 days, 0:45:09.807979",Active,B007-BASKETBALL-2
0,3502.7301025390625,M-06,False,106.0,0,False,BKB,False,False,False,False,False,10010.0,False,False,False,NONE,False,Full Court,M164,False,0,0,True,0,False,"241 days, 19:18:14.151460",Active,M164-BASKETBALL-1
0,1300.4302215576172,Q-06,False,406.0,0,False,HDB,False,False,False,False,False,11374.0,False,True,False,NONE,False,Handball,Q306,False,0,0,False,0,False,"147 days, 12:53:53.593751",Active,Q306-HANDBALL-4
0,1163.5638732910156,Q-03,False,403.0,0,False,HDB,False,False,False,False,False,11370.0,False,True,False,NONE,False,Handball,Q085,False,0,0,False,0,False,"138 days, 2:54:03.628002",Active,Q085-HANDBALL-1
0,1732.441162109375,M-03,False,103.0,0,False,VLB,False,False,False,False,False,10002.0,False,False,False,NONE,False,Volleyball,M105,False,0,1,False,0,False,"175 days, 16:23:13.634185",Active,M105-VOLLEYBALL-1
0,1165.6487884521484,Q-14,False,414.0,0,False,HDB,False,False,False,False,False,11691.0,False,True,False,NONE,False,Handball,Q162J01,False,0,0,False,0,False,"141 days, 7:41:16.585502",Active,Q162J-HANDBALL-2
0,3554.258728027344,B-04,False,304.0,0,False,BKB,False,False,False,False,False,11237.0,False,False,False,NONE,False,Full Court,B017,False,0,0,True,0,False,"244 days, 1:54:01.156437",Active,B017-BASKETBALL-1
0,51935.14793395996,M-13,False,164.0,0,False,BSB,True,False,False,True,False,10025.0,False,False,False,NONE,False,"90ft base path, 200+ft fence",M010,False,0,0,False,0,False,"846 days, 8:28:07.685520",Active,M010-ZN37-BASEBALL-2
0,904.5991668701172,Q-08,False,408.0,0,False,BKB,False,False,False,False,False,11365.0,False,False,False,NONE,False,Half Court,Q342,False,0,0,True,0,False,"120 days, 8:01:01.581898",Active,Q342-BASKETBALL-2
0,37587.52389526367,Q-05A,False,405.0,0,False,SFB,True,False,True,True,False,11385.0,False,False,False,NONE,False,"60ft base path, 150-200ft fence",Q020,False,0,0,False,0,False,"713 days, 12:17:22.324018",Active,Q020-ZN01-BASEBALL-1
0,1237.1815185546875,M-03,False,103.0,0,False,HDB,False,False,False,False,False,10002.0,False,True,False,NONE,False,Handball,M171,False,0,0,False,0,False,"144 days, 23:33:29.728492",Active,M171-HANDBALL-1
0,6019.405883789063,Q-08,False,408.0,0,False,SCR,False,False,False,False,False,11364.0,False,False,False,NONE,False,45-146ft W x 75-294ft L,Q021,False,0,0,False,0,False,"311 days, 3:52:08.041144",Active,Q021-ZN06-SOCCER-7
0,28311.408782958984,B-18,False,318.0,0,True,SFB,False,False,True,False,False,11234.0,False,False,False,NONE,False,"60ft base path, 150-200ft fence",B147,False,0,0,False,0,False,"622 days, 6:52:33.269611",Active,B147-BASEBALL-2
0,3803.3051147460938,B-17,False,317.0,0,False,BKB,False,False,False,False,False,11210.0,False,False,False,NONE,True,Full Court,B250,False,0,0,True,0,False,"254 days, 1:38:19.708031",Active,B250-BASKETBALL-2
0,4027.446273803711,M-10,False,110.0,0,False,BKB,False,False,False,False,False,10030.0,False,False,False,NONE,False,Full Court,M245,False,0,0,True,0,False,"260 days, 21:25:02.274697",Active,M245-BASKETBALL-3
0,1058.7802734375,Q-13,False,413.0,0,False,HDB,False,False,False,False,False,11411.0,False,True,False,NONE,False,Handball,Q339,False,0,0,False,0,False,"133 days, 20:55:49.976426",Active,Q339-HANDBALL-4
0,3473.5603637695312,X-12,False,212.0,0,False,BKB,False,False,False,False,False,10469.0,False,False,False,NONE,False,Half Court,X196,False,0,0,False,0,False,"242 days, 22:21:07.007384",Active,X196-BASKETBALL-3
0,2900.613327026367,B-02,False,302.0,0,False,TNS,False,False,False,False,False,11205.0,False,False,False,NONE,False,Tennis,B295,False,0,0,False,0,False,"232 days, 12:24:21.375775",Active,B295-TENNIS-1
0,968.5339660644532,B-18,False,318.0,0,False,HDB,False,False,False,False,False,11234.0,False,True,False,NONE,False,Handball,B057,False,0,0,False,0,False,"128 days, 2:39:32.032728",Active,B057-04-HANDBALL-2
0,1712.4652709960938,X-01,False,201.0,0,False,HDB,False,False,False,False,False,10451.0,False,True,False,NONE,False,Handball,X154,False,0,0,False,0,False,"169 days, 1:59:15.737915",Active,X154-HANDBALL-3
0,4023.8436126708975,B-16,False,316.0,0,False,BKB,False,False,False,False,False,11233.0,False,False,False,NONE,False,Full Court,B144,False,0,0,True,0,False,"263 days, 9:10:29.755862",Active,B144-BASKETBALL-3
0,2817.702926635742,M-15,False,103.0,0,False,TNS,False,False,False,False,False,10002.0,False,False,True,NONE,False,Tennis,M144,False,0,0,False,0,False,"228 days, 5:31:02.973214",Active,M144-ZN03-TENNIS-11
0,2448.6600646972656,X-08,False,208.0,0,False,BKB,False,False,False,False,False,10463.0,False,False,False,NONE,False,Full Court,X019,False,0,0,True,0,False,"201 days, 13:48:18.014646",Active,X019-BASKETBALL-1
0,1137.8211669921875,B-03,False,303.0,0,False,HDB,False,False,False,False,False,11206.0,False,True,False,NONE,False,Handball,B217,False,0,0,False,0,False,"140 days, 23:24:06.515491",Active,B217-HANDBALL-4
0,3425.807815551758,M-14,False,107.0,0,False,VLB,False,False,False,False,False,10024.0,False,False,False,NONE,False,Volleyball,M071,False,0,1,False,0,False,"247 days, 15:48:21.570605",Active,M071-ZN20-VOLLEYBALL-6
0,4245.678802490234,M-14,False,109.0,0,False,BKB,False,False,False,False,False,10024.0,False,False,False,NONE,False,Full Court,M071,False,0,0,True,0,False,"269 days, 13:36:10.431218",Active,M071-21-BASKETBALL-6
0,4356.087448120117,B-11,False,311.0,0,False,MPPA,False,False,False,False,False,11214.0,False,False,False,NONE,False,45-146ft W x 75-294ft L,B277,False,0,0,False,0,False,"263 days, 22:34:37.536868",Active,B277-MPPA-4
0,1318.2384338378906,B-10,False,310.0,0,False,HDB,False,False,False,False,False,11228.0,False,True,False,NONE,False,Handball,B028,False,0,0,False,0,False,"153 days, 0:45:17.192939",Active,B028-ZN01-HANDBALL-3
0,73158.42260742188,M-15,False,103.0,0,False,SCR,False,False,False,False,False,10002.0,False,False,False,AFB,False,147-295ft W x 295-393ft L,M144,True,0,0,False,0,True,"1126 days, 2:00:11.559128",Active,M144-ZN05-SOCCER-1
0,1136.0408935546875,X-01,False,201.0,1,False,HDB,False,False,False,False,False,10451.0,False,True,False,NONE,False,Handball,X210,False,0,0,False,0,False,"138 days, 17:28:03.314464",Active,X210-HANDBALL-2
0,2460.489486694336,X-05,False,207.0,0,False,BKB,False,False,False,False,False,10468.0,False,False,False,NONE,False,Full Court,X013,False,0,0,True,0,False,"201 days, 12:24:40.159633",Active,X013-BASKETBALL-1
0,10037.144485473633,B-08,False,308.0,0,False,TRK,False,False,False,False,False,11213.0,False,False,False,NONE,False,Jogging Path,B245,False,0,0,False,0,False,"2332 days, 15:57:54.270943",Active,B245-TRACK-1
0,4069.596801757813,B-03,False,303.0,0,False,BKB,False,False,False,False,False,11205.0,False,False,False,NONE,False,Full Court,B105,False,0,0,True,0,False,"265 days, 4:50:20.974910",Active,B105-BASKETBALL-1
0,3652.254592895508,B-10,False,310.0,0,False,BKB,False,False,False,False,False,11228.0,False,False,False,NONE,False,Full Court,B028,False,0,0,True,0,False,"247 days, 13:17:44.328113",Active,B028-03-BASKETBALL-2
0,2972.426742553711,B-14,False,314.0,0,False,SCR,False,False,False,False,False,11226.0,False,False,False,NONE,False,45-146ft W x 75-294ft L,B068,False,0,0,False,0,False,"224 days, 0:16:27.017149",Inactive,B073-ZN28-SOCCER-05
0,2468.968032836914,B-01,False,301.0,0,False,BKB,False,False,False,False,False,11206.0,False,False,False,NONE,False,Full Court,B055,False,0,0,True,0,False,"200 days, 21:38:26.093185",Active,B055-BASKETBALL-3
0,2766.9923095703125,B-15,False,315.0,0,False,TNS,False,False,False,False,False,11223.0,False,False,True,NONE,False,Tennis,B244,False,0,0,False,0,False,"226 days, 16:10:17.141354",Active,B244-TENNIS-5
0,1026.6449127197266,B-16,False,316.0,0,False,BKB,False,False,False,False,False,11212.0,False,False,False,NONE,False,Half Court,B260,False,0,0,True,0,False,"128 days, 13:38:26.671871",Active,B260-BASKETBALL-4
0,3808.81689453125,X-09,False,209.0,0,False,BKB,False,False,False,False,False,10472.0,False,False,False,NONE,False,Full Court,X159,False,0,0,True,0,False,"256 days, 8:27:27.761361",Active,X159-BASKETBALL-1
0,1956.1705932617188,Q-02,False,402.0,0,False,BKB,False,False,False,False,False,11104.0,False,False,False,NONE,False,Full Court,Q340,False,0,0,False,0,False,"177 days, 4:01:27.538334",Inactive,Q340-BASKETBALL-2
0,2586.856231689453,B-11,False,311.0,0,False,BKB,False,False,False,False,False,11204.0,False,False,False,NONE,False,Full Court,B100,False,0,0,True,0,False,"206 days, 6:53:26.562695",Active,B100-01-BASKETBALL-1
0,45519.83842468262,B-18,False,318.0,1,False,SFB,True,False,True,False,False,11236.0,False,False,False,NONE,False,"60ft base path, 150-200ft fence",B018,False,0,0,False,0,False,"831 days, 1:28:15.752533",Active,B018-ZN05-BASEBALL-5
0,1222.2378997802734,B-15,False,315.0,0,False,HDB,False,False,False,False,False,11235.0,False,True,False,NONE,False,Handball,B251,False,0,0,False,0,False,"141 days, 20:43:22.564174",Active,B251-ZN03-HANDBALL-2
0,58931.33183288574,M-11,False,111.0,0,False,SCR,False,False,False,False,False,10035.0,False,False,False,AFB,False,147-295ft W x 295-393ft L,M104,True,0,0,False,0,True,"993 days, 10:49:39.895414",Active,M107-ZN07-SOCCER-4
0,3982.713470458984,Q-11,False,411.0,0,False,BKB,False,False,False,False,False,11364.0,False,False,False,NONE,False,Full Court,Q356,False,0,0,True,0,False,"261 days, 12:58:57.565306",Active,Q356-BASKETBALL-2
0,31895.75022888184,Q-13,False,413.0,0,False,SFB,True,False,True,False,False,11411.0,False,False,False,NONE,False,"60ft base path, 150-200ft fence",Q307,False,0,0,False,0,False,"664 days, 12:56:30.571157",Active,Q307-BASEBALL-1
0,1357.5040130615234,B-16,False,316.0,0,False,HDB,False,False,False,False,False,11233.0,False,True,False,NONE,False,Handball,B219,False,0,0,False,0,False,"149 days, 2:31:23.009893",Active,B219-HANDBALL-1
0,1448.8623809814453,X-01,False,201.0,0,False,HDB,False,False,False,False,False,10455.0,False,True,False,NONE,False,Handball,X216,False,0,0,False,0,False,"154 days, 20:49:34.500077",Active,X216-HANDBALL-2
0,116021.39360046388,B-18,False,318.0,1,False,BSB,True,False,True,True,False,11236.0,False,False,False,NONE,False,"90ft base path, 200+ft fence",B018,False,0,0,False,0,False,"1299 days, 2:10:36.942471",Active,B018-ZN05-BASEBALL-4
0,4307.160140991211,B-14,False,314.0,0,False,BKB,False,False,False,False,False,11210.0,False,False,False,NONE,False,Full Court,B287,False,0,0,True,0,False,"271 days, 5:41:00.836537",Active,B287-BASKETBALL-4
0,1180.7345123291016,Q-01,False,401.0,0,False,HDB,False,False,False,False,False,11106.0,False,True,False,NONE,False,Handball,Q333,False,0,0,False,0,False,"141 days, 21:26:08.698501",Active,Q333-HANDBALL-3
0,2617.4996337890625,Q-04,False,404.0,0,False,BKB,False,False,False,False,False,11373.0,False,False,False,NONE,False,Full Court,Q361,False,0,0,True,0,False,"206 days, 9:29:45.886175",Active,Q361-BASKETBALL-2
0,3688.9011840820312,B-04,False,304.0,0,False,SFB,True,False,True,False,False,11207.0,False,False,False,NONE,False,"60ft base path, 150-200ft fence",B307,False,0,0,False,0,False,"270 days, 17:59:00.001725",Active,B307-BASEBALL-1
0,3210.7491607666016,B-04,False,304.0,0,False,BKB,False,False,False,False,False,11207.0,False,False,False,NONE,False,Full Court,B332,False,0,0,True,0,False,"235 days, 20:43:00.110692",Active,B332-BASKETBALL-1
0,4047.2827911376953,Q-12,False,412.0,0,False,BKB,False,False,False,False,False,11434.0,False,False,False,NONE,False,Full Court,Q005,False,0,0,True,0,False,"264 days, 8:13:23.299298",Active,Q005-06-BASKETBALL-1
0,2650.565795898437,Q-01,False,401.0,0,False,TNS,False,False,False,False,False,11105.0,False,False,True,NONE,False,Tennis,Q004,False,0,0,False,0,False,"222 days, 10:52:22.861638",Active,Q004-ZN04-TENNIS-2
0,22758.355911254883,M-12,False,112.0,0,False,SFB,False,False,True,False,False,10032.0,False,False,False,NONE,False,"60ft base path, 150-200ft fence",M028,False,0,0,False,0,False,"555 days, 18:35:51.104352",Inactive,M028-ZN01-BASEBALL-3
0,1319.3707885742188,X-12,False,212.0,0,False,BKB,False,False,False,False,False,10467.0,False,False,False,NONE,False,Half Court,X214,False,0,0,False,0,False,"145 days, 7:02:35.867822",Active,x214-BASKETBALL-3
0,2787.93408203125,M-12,False,112.0,0,False,TNS,False,False,False,False,False,10032.0,False,False,True,NONE,False,Tennis,M028,False,0,0,False,0,False,"227 days, 11:28:57.531188",Active,M028-ZN02-TENNIS-8
0,81627.3331451416,B-18,False,318.0,0,False,BSB,True,False,True,True,False,11207.0,False,False,False,NONE,False,"90ft base path, 200+ft fence",B247,False,0,0,False,0,False,"1141 days, 11:07:25.554166",Active,B247-BASEBALL-4
0,19577.11906433105,X-01,False,201.0,1,False,BSB,False,False,False,False,False,10451.0,False,False,False,NONE,False,"90ft base path, 200+ft fence",X210,False,0,0,False,0,False,"521 days, 1:17:06.258663",Active,X210-BASEBALL-2
0,816.3024444580078,X-09,False,209.0,0,False,BKB,False,False,False,False,False,10473.0,False,False,False,NONE,False,Half Court,X221,False,0,0,False,0,False,"115 days, 14:20:12.719029",Active,X221-BASKETBALL-3
0,4069.321868896485,Q-07,False,407.0,0,False,BKB,False,False,False,False,False,11357.0,False,False,False,NONE,False,Full Court,Q343,False,0,0,True,0,False,"259 days, 18:34:32.974464",Active,Q343-BASKETBALL-1
0,1489.6712951660156,B-03,False,303.0,0,False,HDB,False,False,False,False,False,11206.0,False,True,False,NONE,False,Handball,B302,False,0,0,False,0,False,"155 days, 8:31:02.982468",Active,B302-HANDBALL-1
0,4782.512359619141,Q-05,False,405.0,0,False,BKB,False,False,False,False,False,11385.0,False,False,False,NONE,False,Full Court,Q002,False,0,0,True,0,False,"290 days, 13:34:41.642498",Active,Q002-BASKETBALL-3
0,2743.9363555908203,M-14,False,109.0,0,False,TNS,False,False,False,False,False,10024.0,False,False,True,NONE,False,Tennis,M071,False,0,0,False,0,False,"226 days, 3:28:38.708849",Active,M071-ZN17-TENNIS-7
0,3213.9102478027344,R-02,False,502.0,0,False,BKB,False,False,False,False,False,10314.0,False,False,False,NONE,False,Full Court,R129,False,0,0,True,0,False,"235 days, 20:36:37.777984",Active,R129-01-BASKETBALL-1
0,28157.321563720703,B-09,False,309.0,0,False,TRK,False,False,False,False,False,11203.0,False,False,False,NONE,False,Track,B254,False,0,0,False,0,False,"2398 days, 12:01:46.841938",Active,B254-TRACK-1
0,10770.744552612305,M-07,False,107.0,0,False,MPPA,False,False,False,False,False,10025.0,False,False,False,NONE,False,45-146ft W x 75-294ft L,M229,False,0,0,False,0,False,"422 days, 13:25:07.144165",Active,M229-SOCCER-1
1,12385.865768432615,M-02,False,102.0,0,False,SFB,False,False,True,False,False,10012.0,False,False,False,NONE,False,"60ft base path, 150-200ft fence",M120A,False,0,0,False,0,False,"420 days, 8:35:50.109133",Active,M120A-BASEBALL-1
0,1120.140884399414,B-18,False,318.0,0,False,HDB,False,False,False,False,False,11234.0,False,True,False,NONE,False,Handball,B057,False,0,0,False,0,False,"138 days, 4:47:46.501760",Active,B057-04-HANDBALL-6
0,2943.3013305664062,R-01,False,501.0,0,False,BKB,False,False,False,False,False,10301.0,False,False,False,NONE,False,Full Court,R037,False,0,0,False,0,False,"217 days, 18:42:27.060255",Active,R037-BASKETBALL-1
0,1707.9700622558594,B-16,False,316.0,0,False,HDB,False,False,False,False,False,11212.0,False,True,False,NONE,False,Handball,B339,False,0,0,False,0,False,"165 days, 15:43:10.799828",Removed,B339-HANDBALL-2
0,6137.449020385742,M-06,False,106.0,0,False,SCR,False,False,False,False,False,10010.0,False,False,False,NONE,False,45-146ft W x 75-294ft L,M164,False,0,0,False,0,True,"404 days, 19:57:28.592366",Active,M164-SOCCER-1
0,1044.859832763672,B-11,False,311.0,0,False,BKB,False,False,False,False,False,11214.0,False,False,False,NONE,False,Half Court,B349,False,0,0,False,0,False,"134 days, 6:42:56.793659",Active,B349-BASKETBALL-3
0,2210.396194458008,X-08,False,208.0,0,False,BKB,False,False,False,False,False,10463.0,False,False,False,NONE,False,Half Court,X150I,False,0,0,True,0,False,"190 days, 10:25:38.666750",Active,X150I-BASKETBALL-1
0,35367.710861206055,Q-01,False,401.0,0,False,SFB,True,False,True,False,False,11106.0,False,False,False,NONE,True,"60ft base path, 150-200ft fence",Q218,False,0,0,False,0,False,"722 days, 14:35:31.026498",Active,Q218-BASEBALL-1
0,2769.905548095703,B-15,False,315.0,0,False,TNS,False,False,False,False,False,11223.0,False,False,True,NONE,False,Tennis,B244,False,0,0,False,0,False,"226 days, 20:55:13.050087",Active,B244-TENNIS-1
0,27544.555206298828,X-09,False,209.0,1,False,SFB,True,False,True,True,False,10462.0,False,False,False,NONE,False,"90ft base path, 200+ft fence",X239,False,0,0,False,0,False,"611 days, 2:47:53.656893",Active,X239-BASEBALL-3
0,1207.233367919922,Q-07,False,407.0,0,False,HDB,False,False,False,False,False,11354.0,False,True,False,NONE,False,Handball,Q086,False,0,0,False,0,False,"144 days, 10:39:58.675996",Active,Q086-01-HANDBALL-5
0,1200.0213470458984,B-08,False,308.0,0,False,HDB,False,False,False,False,False,11213.0,False,True,False,NONE,False,Handball,B054,False,0,0,False,0,False,"144 days, 3:59:27.188618",Active,B054-ZN01-HANDBALL-11
0,2713.2593536376958,M-10,False,110.0,0,False,BKB,False,False,False,False,False,10037.0,False,False,False,NONE,False,Full Court,M186,False,0,0,True,0,False,"210 days, 1:39:27.208371",Active,M186-BASKETBALL-3
0,1137.330535888672,B-06,False,306.0,0,False,HDB,False,False,False,False,False,11231.0,False,True,False,NONE,False,Handball,B126,False,0,0,False,0,False,"139 days, 19:44:27.410062",Active,B126-ZN03-HANDBALL-4
0,1118.9136810302734,M-03,False,103.0,0,False,HDB,False,False,False,False,False,10002.0,False,True,False,NONE,False,Handball,M171,False,0,0,False,0,False,"139 days, 15:24:44.379100",Active,M171-HANDBALL-3
0,16767.47915649414,Q-05,False,405.0,0,False,SFB,True,False,True,False,False,11385.0,False,False,False,NONE,False,"45-60ft base path, less than 150ft fence",Q290,False,0,0,False,0,False,"486 days, 9:06:36.263286",Active,Q290-SOFTBALL-1
0,2436.235870361328,Q-07,False,407.0,0,False,BKB,False,False,False,False,False,11357.0,False,False,False,NONE,True,Half Court,Q390,False,0,0,True,0,False,"201 days, 13:27:59.705496",Active,Q390-BASKETBALL-4
0,3771.130569458008,B-02,False,302.0,0,False,BKB,False,False,False,False,False,11205.0,False,False,False,NONE,True,Full Court,B292,False,0,0,True,0,False,"258 days, 1:27:51.229747",Active,B292-BASKETBALL-1
0,2400.910919189453,X-04,False,204.0,0,False,HDB,False,False,False,False,False,10452.0,False,False,False,NONE,False,,X034,False,0,0,False,0,False,"202 days, 9:00:00.049321",Inactive,X034-HANDBALL-4
0,15022.31866455078,M-11,False,111.0,0,False,SFB,True,False,True,False,False,10029.0,False,False,False,NONE,False,"60ft base path, 150-200ft fence",M047,False,0,0,False,0,False,"452 days, 5:52:53.982299",Active,M047-BASEBALL-3
0,3522.438842773437,Q-09,False,409.0,0,False,BKB,False,False,False,False,False,11416.0,False,False,False,NONE,False,Full Court,Q337,False,0,0,True,0,False,"246 days, 0:35:42.951147",Active,Q337-BASKETBALL-1
0,1052.704833984375,X-13,False,226.0,0,False,HDB,False,False,False,False,False,10471.0,False,True,False,NONE,False,Handball,X092,False,0,0,False,0,False,"132 days, 23:05:34.640765",Active,X092-ZN02-HANDBALL-3
0,2750.5487518310547,B-18,False,318.0,0,False,TNS,False,False,False,False,False,11234.0,False,False,False,NONE,False,,B248,False,0,0,False,0,False,"225 days, 12:39:59.136734",Inactive,B248-TENNIS-2
0,23491.27488708496,M-03,False,103.0,0,False,SFB,True,False,True,False,False,10002.0,False,False,False,NONE,False,"60ft base path, 150-200ft fence",M019,False,0,0,False,0,False,"585 days, 7:05:39.899251",Active,M019-BASEBALL-1
0,81555.89280700684,Q-08,False,408.0,0,False,SFB,True,False,True,True,False,11364.0,False,False,False,NONE,False,"60ft base path, 150-200ft fence",Q021,False,0,0,False,0,False,"1118 days, 4:53:49.416029",Active,Q021-ZN03-BASEBALL-14
0,15979.79835510254,M-04,False,104.0,0,True,SFB,True,False,True,True,False,10019.0,False,False,False,NONE,True,"60ft base path, 150-200ft fence",M022,False,0,0,False,0,False,"459 days, 17:09:11.430455",Active,M022-BASEBALL-1
0,2757.4303283691406,Q-12,False,412.0,0,False,BKB,False,False,False,False,False,11423.0,False,False,False,NONE,False,Full Court,Q359,False,0,0,False,0,False,"216 days, 10:34:08.792351",Inactive,Q359-BASKETBALL-1
0,1370.57568359375,B-01,False,301.0,0,False,HDB,False,False,False,False,False,11222.0,False,False,False,NONE,False,Handball,B096,False,0,0,False,0,False,"148 days, 9:31:07.687535",Active,B096-HANDBALL-1
0,1799.2693481445312,Q-08,False,408.0,0,False,HDB,False,False,False,False,False,11367.0,False,False,False,NONE,False,,Q212,False,0,0,False,0,False,"170 days, 2:37:16.235678",Inactive,Q212-HANDBALL-2
0,1085.3120574951172,Q-07,False,407.0,0,False,HDB,False,False,False,False,False,11354.0,False,True,False,NONE,False,Handball,Q086,False,0,0,False,0,False,"135 days, 3:34:11.552230",Active,Q086-01-HANDBALL-2
0,3233.630386352539,M-09,False,109.0,0,False,BKB,False,False,False,False,False,10026.0,False,False,False,NONE,False,Full Court,M056,False,0,0,True,0,False,"229 days, 0:53:37.179256",Active,M056-02-BASKETBALL-2
0,1762.806411743164,Q-13,False,413.0,0,False,HDB,False,False,False,False,False,11004.0,False,True,False,NONE,False,Handball,Q318,False,0,0,False,0,False,"169 days, 22:39:35.483977",Active,Q318-HANDBALL-1
0,58548.0340423584,B-13,False,313.0,0,False,SCR,False,False,False,False,False,11214.0,False,False,False,NONE,False,,B125,False,0,0,False,0,False,"1013 days, 15:51:00.420596",Inactive,B125-SOCCER-6
0,91167.2793121338,M-11,False,111.0,0,False,FTB,False,False,False,False,False,10035.0,True,False,False,AFB,False,160 x 360ft rectangular,M104,False,0,0,False,0,False,"1251 days, 9:54:03.172287",Active,M107-ZN06-FOOTBALL-1
0,5980.727355957031,Q-14,False,414.0,0,False,TRK,False,False,False,False,False,11691.0,False,False,False,NONE,False,Jogging Path,Q394,False,0,0,False,0,False,"1010 days, 18:01:03.836266",Active,Q394-TRACK-1
0,1384.9591979980469,B-15,False,315.0,0,False,HDB,False,False,False,False,False,11235.0,False,True,False,NONE,False,Handball,B166B,False,0,0,False,0,False,"150 days, 8:05:32.904301",Active,B166B-HANDBALL-8
0,35909.84313964844,R-01,False,501.0,0,False,MPPA,False,False,False,False,False,10302.0,False,False,False,NONE,False,147-295ft W x 295-393ft L,R076,True,0,0,False,0,True,"759 days, 6:33:03.600066",Active,R076-BASEBALL-1
0,2509.102310180664,B-12,False,312.0,0,False,BKB,False,False,False,False,False,11218.0,False,False,False,NONE,False,Full Court,B297,False,0,0,False,0,False,"203 days, 9:47:26.850929",Active,B297-BASKETBALL-1
0,1125.121810913086,B-02,False,302.0,0,False,HDB,False,False,False,False,False,11201.0,False,True,False,NONE,False,Handball,B243,False,0,0,False,0,False,"137 days, 13:57:50.013637",Active,B243-HANDBALL-6
0,3675.481567382813,B-02,False,302.0,0,False,BKB,False,False,False,False,False,11205.0,False,False,False,NONE,False,Full Court,B220,False,0,0,True,0,False,"246 days, 23:51:59.478550",Active,B220-BASKETBALL-2
0,30836.645401000977,Q-01,False,401.0,0,False,BSB,False,False,False,True,False,11377.0,False,False,False,NONE,True,"90ft base path, 200+ft fence",Q174A,False,0,0,False,0,False,"661 days, 7:27:32.559398",Active,Q174A-BASEBALL-2
0,31042.224487304688,B-08,False,308.0,0,False,SFB,True,False,True,False,False,11213.0,False,False,False,NONE,True,"60ft base path, 150-200ft fence",B245,False,0,0,False,0,False,"642 days, 19:37:48.450394",Active,B245-BASEBALL-2
0,1243.4188537597656,M-11,False,111.0,0,False,BKB,False,False,False,False,False,10035.0,False,False,False,NONE,False,Half Court,M239,False,0,0,True,0,False,"142 days, 23:30:54.668030",Active,M239-BASKETBALL-4
0,1269.5074920654297,B-12,False,312.0,0,False,BKB,False,False,False,False,False,11218.0,False,False,False,NONE,False,Half Court,B297,False,0,0,True,0,False,"144 days, 0:49:43.762175",Active,B297-BASKETBALL-2
0,7480.243576049805,X-01,False,201.0,0,False,,False,False,False,False,False,10454.0,False,False,False,NONE,False,,X131,False,0,0,False,0,False,"324 days, 23:33:22.607566",Inactive,X131-BASEBALL-1
0,18230.446243286133,B-17,False,317.0,0,True,SFB,False,False,True,False,False,11203.0,False,False,False,NONE,False,"60ft base path, 150-200ft fence",B218,False,0,0,False,0,False,"507 days, 19:07:43.665855",Active,B218-BASEBALL-1
0,24045.530822753903,B-12,False,312.0,0,False,SFB,True,False,True,False,False,11230.0,False,False,False,NONE,False,"60ft base path, 150-200ft fence",B372,False,0,0,False,0,False,"582 days, 2:50:25.031426",Active,B372-BASEBALL-1
0,29051.33984375,M-12A,False,112.0,0,False,SFB,True,False,True,True,False,10032.0,False,False,False,NONE,False,"60ft base path, 150-200ft fence",M037,False,0,0,False,0,False,"625 days, 10:15:24.822894",Active,M037-ZN02-BASEBALL-1
0,1031.1633758544922,B-03,False,303.0,0,False,HDB,False,False,False,False,False,11206.0,False,True,False,NONE,False,Handball,B322,False,0,0,False,0,False,"131 days, 12:02:12.504756",Active,B322-HANDBALL-2
0,1664.0667266845703,Q-14,False,414.0,0,False,HDB,False,False,False,False,False,11694.0,False,True,False,NONE,False,Handball,Q389,False,0,0,False,0,False,"163 days, 19:30:02.817156",Active,Q389-HANDBALL-2
0,1012.7125549316406,B-01,False,301.0,0,False,HDB,False,False,False,False,False,11211.0,False,True,False,NONE,False,Handball,B025,False,0,0,False,0,False,"129 days, 17:35:13.043964",Active,B025-HANDBALL-3
0,19218.470733642574,Q-05,False,405.0,0,False,BSB,False,False,False,True,False,11385.0,False,False,False,NONE,False,"90ft base path, 200+ft fence",Q002,False,0,0,False,0,False,"538 days, 22:14:50.889625",Active,Q002-BASEBALL-1
0,2563.01171875,Q-14,False,414.0,0,False,BKB,False,False,False,False,False,11691.0,False,False,False,NONE,False,Full Court,Q394,False,0,0,False,0,False,"206 days, 0:21:28.829053",Active,Q394-BASKETBALL-1
0,25570.438888549805,Q-01,False,401.0,0,False,SFB,True,False,True,False,False,11102.0,False,False,False,NONE,False,"60ft base path, 150-200ft fence",Q226,False,0,0,False,0,False,"595 days, 1:22:11.107202",Active,Q226-01-BASEBALL-1
0,66179.8842010498,B-10,False,310.0,0,False,BSB,True,False,True,True,False,11228.0,False,False,False,NONE,True,"90ft base path, 200+ft fence",B028,False,0,0,False,0,False,"946 days, 22:22:29.675540",Active,B028-ZN01-BASEBALL-2
0,1862.1549377441409,Q-12,False,412.0,0,False,HDB,False,False,False,False,False,11434.0,False,True,False,NONE,False,Handball,Q005,False,0,0,False,0,False,"177 days, 13:31:50.641524",Active,Q005-06-HANDBALL-2
1,40420.79035949707,B-17,False,317.0,0,False,MPPA,True,True,True,False,False,11236.0,False,False,False,AFB,False,"60ft base path, 150-200ft fence",B271,True,0,0,False,0,True,"799 days, 16:22:30.048210",Active,B271-BASEBALL-1
0,1241.3314819335938,Q-12,False,412.0,0,False,HDB,False,False,False,False,False,11433.0,False,True,False,NONE,False,Handball,Q301,False,0,0,False,0,False,"143 days, 10:48:19.998394",Active,Q301-HANDBALL-8
0,1259.197235107422,M-10,False,110.0,0,False,HDB,False,False,False,False,False,10039.0,False,True,False,NONE,False,Handball,M159,False,0,0,False,0,False,"145 days, 5:22:07.921035",Active,M159-HANDBALL-6
0,1150.3816528320312,X-07,False,207.0,0,False,BKB,False,False,False,False,False,10467.0,False,False,False,NONE,False,Half Court,X033,False,0,0,False,0,False,"136 days, 18:28:27.675664",Closed Temporarily,X033-01-BASKETBALL-3
0,2753.6420288085938,B-10,False,310.0,0,False,TNS,False,False,False,False,False,11228.0,False,False,True,NONE,False,Tennis,B028,False,0,0,False,0,False,"225 days, 21:23:32.059042",Active,B028-ZN01-TENNIS-1
0,1189.6257781982422,B-11,False,311.0,0,False,HDB,False,False,False,False,False,11214.0,False,True,False,NONE,False,Handball,B007,False,0,0,False,0,False,"143 days, 20:19:29.780447",Active,B007-HANDBALL-3
0,34830.24784851074,B-05,False,305.0,0,True,SFB,True,False,True,False,False,11207.0,False,False,False,NONE,False,"60ft base path, 150-200ft fence",B078,False,0,0,False,0,False,"684 days, 5:48:47.175104",Active,B078-BASEBALL-1
0,3419.9093627929688,Q-15,False,481.0,0,False,TNS,False,False,False,False,False,11368.0,False,False,False,NONE,False,,Q099,False,0,0,False,0,False,"244 days, 6:56:28.180489",Inactive,Q099-ZN04-TENNIS-11
0,2756.759262084961,Q-05,False,405.0,0,False,TNS,False,False,False,False,False,11378.0,False,False,True,NONE,False,Tennis,Q131,False,0,0,False,0,False,"225 days, 4:41:12.547998",Active,Q131-01-TENNIS-1
0,1047.2105255126953,B-10,False,310.0,0,False,HDB,False,False,False,False,False,11209.0,False,True,False,NONE,False,Handball,B192,False,0,0,False,0,False,"133 days, 12:54:50.082854",Active,B192-HANDBALL-7
0,1147.4111328125,M-02,False,102.0,0,False,HDB,False,False,False,False,False,10014.0,False,True,False,NONE,False,Handball,M038,False,0,0,False,0,False,"137 days, 5:26:42.717447",Active,M038-HANDBALL-5
0,2812.7745971679688,X-08,False,208.0,0,False,BKB,False,False,False,False,False,10463.0,False,False,False,NONE,False,Full Court,X171,False,0,0,True,0,False,"214 days, 3:09:46.105928",Active,X171-BASKETBALL-6
0,1311.3055877685547,Q-06,False,406.0,0,False,HDB,False,False,False,False,False,11375.0,False,True,False,NONE,False,Handball,Q099,False,0,0,False,0,False,"148 days, 9:44:55.858897",Active,Q099-01-HANDBALL-1
0,2994.573867797852,Q-10,False,410.0,0,False,TNS,False,False,False,False,False,11417.0,False,False,True,NONE,False,Tennis,Q414,False,0,0,False,0,False,"234 days, 1:03:49.998238",Inactive,Q414-TENNIS-10
0,11899.767700195312,M-03,False,103.0,0,True,SFB,True,False,True,False,False,10009.0,False,False,False,NONE,False,"60ft base path, 150-200ft fence",M088,False,0,0,False,0,False,"399 days, 10:33:42.264081",Active,M088-BASEBALL-1
0,1563.0008697509766,X-01,False,201.0,0,False,HDB,False,False,False,False,False,10454.0,False,True,False,NONE,False,Handball,X131,False,0,0,False,0,False,"158 days, 5:10:01.902382",Active,X131-HANDBALL-2
0,41442.465423583984,X-13,False,226.0,0,False,SFB,True,False,True,False,False,10471.0,False,False,False,NONE,False,"60ft base path, 150-200ft fence",X092,False,0,0,False,0,False,"797 days, 22:18:09.133346",Active,X092-ZN12-BASEBALL-2
0,2525.0623626708984,Q-08,False,408.0,0,False,VLB,False,False,False,False,False,11365.0,False,False,False,NONE,False,Volleyball,Q300A1,False,0,0,False,0,False,"204 days, 2:39:03.075776",Removed,Q300A1-VOLLEYBALL-1
0,1982.933334350586,B-18,False,318.0,0,False,BKB,False,False,False,False,False,11234.0,False,False,False,NONE,False,Half Court,B236,False,0,0,False,0,False,"179 days, 15:29:41.033014",Inactive,B236-BASKETBALL-1
0,1393.8832550048828,B-06,False,306.0,0,False,BKB,False,False,False,False,False,11231.0,False,False,False,NONE,False,Half Court,B118A,False,0,0,False,0,False,"150 days, 0:42:42.148128",Active,B118A-BASKETBALL-3
0,981.8212738037108,B-16,False,316.0,0,False,HDB,False,False,False,False,False,11212.0,False,True,False,NONE,False,Handball,B396,False,0,0,False,0,False,"129 days, 9:06:37.071730",Active,B396-HANDBALL-6
0,4022.009506225586,Q-14,False,414.0,0,False,HKY,False,False,False,False,False,11694.0,False,False,False,NONE,False,,Q389,False,0,0,False,0,False,"260 days, 13:03:25.537883",Inactive,Q389-HOCKEY-1
0,1192.7633514404297,B-01,False,301.0,0,False,HDB,False,False,False,False,False,11206.0,False,True,False,NONE,False,Handball,B022,False,0,0,False,0,False,"139 days, 4:46:52.556859",Active,B022-HANDBALL-3
0,200995.31060791016,Q-08,False,408.0,0,False,MPPA,False,True,False,False,False,11364.0,True,False,False,NONE,False,147-295ft W x 295-393ft L,Q021,True,0,0,False,0,True,"2003 days, 17:31:33.883448",Active,Q021-ZN06-CRICKET-1
0,1872.7264099121091,M-04,False,104.0,0,False,BKB,False,False,False,False,False,10036.0,False,False,False,NONE,False,Full Court,M154,False,0,0,True,0,False,"184 days, 6:47:55.750374",Active,M154-BASKETBALL-1
0,2775.856399536133,B-10,False,310.0,0,False,TNS,False,False,False,False,False,11228.0,False,False,True,NONE,False,Tennis,B028,False,0,0,False,0,False,"226 days, 16:20:37.980330",Active,B028-ZN01-TENNIS-3
0,1635.7217864990234,Q-02,False,402.0,0,False,HDB,False,False,False,False,False,11377.0,False,True,False,NONE,False,Handball,Q031,False,0,0,False,0,False,"162 days, 19:53:58.233743",Active,Q031-HANDBALL-3
0,1505.283432006836,Q-12,False,412.0,0,False,BKB,False,False,False,False,False,11435.0,False,False,False,NONE,False,Half Court,Q220B,False,0,0,False,0,False,"156 days, 20:37:45.777559",Active,Q220B-BASKETBALL-4
0,3919.1168823242183,B-18,False,318.0,0,False,BKB,False,False,False,False,False,11236.0,False,False,False,NONE,False,Full Court,B279,False,0,0,True,0,False,"259 days, 8:02:50.371510",Active,B279-BASKETBALL-4
0,667.7091064453125,B-01,False,301.0,0,False,TNS,False,False,False,False,False,11222.0,False,False,True,NONE,False,Tennis,B058,False,0,0,False,0,False,"109 days, 13:27:17.193108",Removed,B058-ZN04-TENNIS-1
0,2618.207336425781,B-07,False,307.0,0,False,BKB,False,False,False,False,False,11232.0,False,False,False,NONE,False,Full Court,B087,False,0,0,True,0,False,"217 days, 20:29:36.981252",Active,B087-01-BASKETBALL-3
0,2834.405288696289,B-04,False,304.0,0,False,BKB,False,False,False,False,False,11206.0,False,False,False,NONE,False,Full Court,B340,False,0,0,True,0,False,"214 days, 12:26:21.298400",Active,B340-BASKETBALL-3
0,3934.437515258789,M-03,False,103.0,0,False,BKB,False,False,False,False,False,10002.0,False,False,False,NONE,False,Full Court,M105,False,0,0,True,0,False,"261 days, 5:56:48.131856",Active,M105-01-BASKETBALL-1
0,1876.3392791748047,X-09,False,209.0,0,False,HDB,False,False,False,False,False,10460.0,False,True,False,NONE,False,Handball,X176,False,0,0,False,0,False,"176 days, 17:10:43.624252",Active,X176-HANDBALL-2
0,21337.89143371582,Q-12,False,412.0,0,False,SFB,True,False,True,False,False,11413.0,False,False,False,NONE,False,"60ft base path, 150-200ft fence",Q396,False,0,0,False,0,False,"544 days, 2:49:35.778105",Active,Q396-BASEBALL-1
0,4624.595733642578,X-06,False,206.0,0,False,,False,False,False,False,False,10457.0,False,False,False,NONE,False,,X010A,False,0,0,False,0,False,"247 days, 0:21:44.096289",Inactive,X010A-BASEBALL-1
0,983.0823211669922,M-03,False,103.0,0,False,BKB,False,False,False,False,False,10009.0,False,False,False,NONE,False,Half Court,M088,False,0,0,True,0,False,"128 days, 7:13:00.225371",Active,M088-BASKETBALL-4
0,1486.2443237304688,Q-13,False,413.0,0,False,HDB,False,False,False,False,False,11422.0,False,True,False,NONE,False,Handball,Q430,False,0,0,False,0,False,"155 days, 14:01:32.803348",Active,Q430-HANDBALL-1
0,1328.6149139404297,M-07,False,107.0,0,False,HDB,False,False,False,False,False,10025.0,False,True,False,NONE,False,Handball,M244,False,0,0,False,0,False,"148 days, 12:37:56.676524",Active,M244-HANDBALL-2
0,21915.07501220703,B-06,False,306.0,0,False,SCR,False,True,False,False,False,11215.0,True,False,False,AFB,False,45-146ft W x 75-294ft L,B111,True,0,0,False,0,True,"596 days, 7:27:30.337303",Active,B111-SOCCER-2
0,2841.0245971679688,M-10,False,110.0,0,False,TNS,False,False,False,False,False,10039.0,False,False,True,NONE,False,Tennis,M159,False,0,0,False,0,False,"228 days, 15:44:01.270301",Active,M159-TENNIS-8
0,1076.8683319091797,Q-11,False,411.0,0,False,BKB,False,False,False,False,False,11362.0,False,False,False,NONE,False,Half Court,Q369,False,0,0,False,0,False,"131 days, 10:30:07.764197",Active,Q369-BASKETBALL-2
0,1256.8843841552734,B-01,False,301.0,0,False,BKB,False,False,False,False,False,11211.0,False,False,False,NONE,False,Half Court,,False,0,0,True,0,False,"142 days, 5:59:44.399019",Active,B223P05-BASKETBALL-3
0,3728.7710723876953,Q-13,False,413.0,0,False,BKB,False,False,False,False,False,11422.0,False,False,False,NONE,False,Full Court,Q108,False,0,0,True,0,False,"250 days, 5:16:03.494007",Active,Q108-BASKETBALL-1
0,2817.7537841796875,Q-12,False,412.0,0,False,TNS,False,False,False,False,False,11434.0,False,False,True,NONE,False,Tennis,Q005,False,0,0,False,0,False,"228 days, 14:39:55.075487",Active,Q005-11-TENNIS-1
0,4239.176223754883,B-01,False,301.0,0,False,BKB,False,False,False,False,False,11211.0,False,False,False,NONE,False,Full Court,,False,0,0,True,0,False,"269 days, 2:02:55.761336",Active,B223O03-BASKETBALL-2
0,840.1543121337891,R-03,False,503.0,0,False,BKB,False,False,False,False,False,10312.0,False,False,False,NONE,False,Half Court,R085,False,0,0,False,0,False,"116 days, 11:25:46.514756",Active,R085-BASKETBALL-1
0,86631.4634552002,B-13,False,313.0,0,False,SFB,True,False,True,False,False,11214.0,False,False,False,NONE,False,"60ft base path, 150-200ft fence",B125,False,0,0,False,0,False,"1168 days, 17:47:01.294506",Active,B125-BASEBALL-3
0,2862.2643432617188,B-16,False,316.0,0,False,TNS,False,False,False,False,False,11233.0,False,False,False,NONE,False,Tennis,B387,False,0,0,False,0,False,"229 days, 17:27:31.356789",Inactive,B387-TENNIS-2
0,1272.6014099121094,B-12,False,312.0,0,False,HDB,False,False,False,False,False,11204.0,False,False,False,NONE,False,,B042,False,0,0,False,0,False,"148 days, 16:45:50.882411",Inactive,B042-01-HANDBALL-7
0,75695.4194946289,B-01,False,301.0,0,False,SCR,False,False,False,False,False,11211.0,False,False,False,NONE,False,,B058,False,0,0,False,0,False,"1140 days, 9:22:13.433011",Inactive,B058-ZN02-SOCCER-1
0,1366.8216094970703,Q-11,False,411.0,0,False,BKB,False,False,False,False,False,11362.0,False,False,False,NONE,False,Half Court,Q346,False,0,0,False,0,False,"148 days, 19:48:21.281670",Active,Q346-BASKETBALL-4
0,1135.4932556152344,B-08,False,308.0,0,False,HDB,False,False,False,False,False,11213.0,False,True,False,NONE,False,Handball,B054,False,0,0,False,0,False,"139 days, 16:49:04.423830",Active,B054-ZN01-HANDBALL-14
0,1055.092803955078,B-02,False,302.0,0,False,HDB,False,False,False,False,False,11201.0,False,True,False,NONE,False,Handball,B243,False,0,0,False,0,False,"134 days, 8:58:08.591553",Active,B243-HANDBALL-2
0,12129.04850769043,Q-12,False,412.0,0,False,,False,False,False,False,False,11433.0,False,False,False,NONE,False,,Q121,False,0,0,False,0,False,"406 days, 9:05:34.045495",Inactive,Q121-BASEBALL-1
0,1804.1176300048828,X-04,False,204.0,0,False,BKB,False,False,False,False,False,10456.0,False,False,False,NONE,False,Half Court,X115,False,0,0,True,0,False,"169 days, 21:37:31.610840",Active,X115-BASKETBALL-2
0,1661.9661102294922,Q-14,False,414.0,0,False,HDB,False,False,False,False,False,11694.0,False,True,False,NONE,False,Handball,Q163,False,0,0,False,0,False,"166 days, 13:51:23.786111",Removed,Q163-ZN07A-HANDBALL-5
0,3674.174133300781,Q-14,False,414.0,0,False,BKB,False,False,False,False,False,11692.0,False,False,False,NONE,False,Full Court,Q313,False,0,0,True,0,False,"248 days, 16:27:53.543225",Active,Q313-BASKETBALL-2
0,4529.102386474609,M-14,False,107.0,0,False,VLB,False,False,False,False,False,10024.0,False,False,False,NONE,False,,M071,False,0,0,False,0,False,"275 days, 22:10:53.699827",Inactive,M071-ZN20-VOLLEYBALL-7
0,2065.5108337402344,Q-07,False,407.0,0,False,BKB,False,False,False,False,False,11357.0,False,False,False,NONE,False,Full Court,Q375,False,0,0,True,0,False,"185 days, 19:40:29.859515",Active,Q375-BASKETBALL-2
0,1366.7477416992188,Q-01,False,401.0,0,False,HDB,False,False,False,False,False,11102.0,False,True,False,NONE,False,Handball,Q066F,False,0,0,False,0,False,"151 days, 10:03:33.627457",Active,Q066F-HANDBALL-1
0,1496.906753540039,B-15,False,315.0,0,False,HDB,False,False,False,False,False,11235.0,False,True,False,NONE,False,Handball,B308,False,0,0,False,0,False,"157 days, 21:42:44.770000",Active,B308-HANDBALL-3
0,1229.1554870605469,M-10,False,110.0,0,False,HDB,False,False,False,False,False,10039.0,False,True,False,NONE,False,Handball,M014,False,0,0,False,0,False,"144 days, 4:55:20.153897",Active,M014-02-HANDBALL-4
0,950.3875274658204,Q-02,False,402.0,0,False,HDB,False,False,False,False,False,11101.0,False,False,False,NONE,False,,Q471,False,0,0,False,0,False,"125 days, 14:00:26.817241",Inactive,Q471-HANDBALL-2
0,1399.3302764892578,B-03,False,303.0,0,False,HDB,False,False,False,False,False,11206.0,False,True,False,NONE,False,Handball,B298,False,0,0,False,0,False,"150 days, 23:48:57.306791",Active,B298-HANDBALL-1
0,121290.08235168456,B-18,False,318.0,1,False,SFB,True,False,True,True,False,11236.0,False,False,False,NONE,False,"60ft base path, 150-200ft fence",B018,False,0,0,False,0,False,"1361 days, 11:59:57.440129",Active,B018-ZN05-BASEBALL-2
0,1609.1263732910156,Q-02,False,402.0,0,False,HDB,False,False,False,False,False,11377.0,False,True,False,NONE,False,Handball,Q031,False,0,0,False,0,False,"161 days, 11:24:49.707715",Active,Q031-HANDBALL-4
0,1740.8840942382812,B-06,False,306.0,0,False,HDB,False,False,False,False,False,11217.0,False,True,False,NONE,False,Handball,B145,False,0,0,False,0,False,"169 days, 9:13:20.277715",Active,B145-HANDBALL-1
0,1178.7385711669922,B-07,False,307.0,0,False,HDB,False,False,False,False,False,11232.0,False,True,False,NONE,False,Handball,B210B,False,0,0,False,0,False,"142 days, 9:16:49.613646",Active,B210B-HANDBALL-3
0,752.5809936523438,Q-09,False,409.0,0,False,BKB,False,False,False,False,False,11416.0,False,False,False,NONE,False,Half Court,Q128,False,0,0,False,0,False,"112 days, 15:14:55.757343",Inactive,Q128-BASKETBALL-3
0,2766.1400756835938,B-11,False,311.0,1,False,TNS,False,False,False,False,False,11214.0,False,False,True,NONE,False,Tennis,B007,False,0,0,False,0,False,"226 days, 19:17:35.390435",Active,B007-TENNIS-6
0,110345.8623046875,B-13,False,313.0,1,False,BSB,True,False,True,True,False,11214.0,False,False,False,NONE,False,"90ft base path, 200+ft fence",B125,False,0,0,False,0,False,"1305 days, 18:28:37.594627",Active,B125-BASEBALL-4
0,2055.876678466797,B-15,False,315.0,0,False,BKB,False,False,False,False,False,11235.0,False,False,False,NONE,False,Half Court,B239,False,0,0,False,0,False,"182 days, 0:45:06.042476",Inactive,B239-BASKETBALL-5
0,1974.6042938232424,Q-14,False,414.0,0,False,HDB,False,False,False,False,False,11693.0,False,True,False,NONE,False,Handball,Q163,False,0,0,False,0,False,"179 days, 12:20:14.798682",Active,Q163-ZN05B-HANDBALL-2
0,3875.803253173828,B-15,False,315.0,0,False,BKB,False,False,False,False,False,11235.0,False,False,False,NONE,False,Full Court,B109,False,0,0,True,0,False,"257 days, 4:03:18.717102",Active,B109-BASKETBALL-1
0,4262.55143737793,B-08,False,308.0,0,False,BKB,False,False,False,False,False,11213.0,False,False,False,NONE,False,Full Court,B012,False,0,0,True,0,False,"270 days, 8:30:30.444430",Active,B012-02-BASKETBALL-2
0,65134.4090423584,X-09,False,209.0,0,False,SCR,False,False,False,False,False,10473.0,False,False,False,NONE,True,147-295ft W x 295-393ft L,X118,False,0,0,False,0,True,"1082 days, 4:32:38.781480",Active,X118-ZN03-SOCCER-1
0,1310.1489868164062,B-04,False,304.0,0,False,HDB,False,False,False,False,False,11207.0,False,True,False,NONE,False,Handball,B307,False,0,0,False,0,False,"147 days, 2:01:36.485750",Active,B307-HANDBALL-2
0,34042.41995239258,Q-07,False,407.0,0,False,SFB,False,False,True,False,False,11356.0,False,False,False,NONE,False,"60ft base path, 150-200ft fence",Q445,False,0,0,False,0,False,"694 days, 12:26:16.612193",Inactive,Q445-BASEBALL-1
0,44205.28126525879,Q-08,False,408.0,0,False,SFB,True,False,True,False,False,11435.0,False,False,False,NONE,False,"60ft base path, 150-200ft fence",Q220G,False,0,0,False,0,False,"851 days, 10:45:07.067472",Active,Q220G-BASEBALL-1
0,11480.053939819336,B-10,False,310.0,0,False,FTB,False,False,False,False,False,11209.0,False,False,False,NONE,False,45-146ft W x 75-294ft L,B082,False,0,0,False,0,False,"473 days, 21:30:42.423636",Inactive,B082-ZN05-FOOTBALL-1
0,2760.4053497314453,B-10,False,310.0,0,False,PKB,False,False,False,False,False,11209.0,False,False,False,NONE,False,Tennis,B210W,False,0,0,False,0,False,"226 days, 10:00:58.603288",Active,B210W-03-TENNIS-5
0,3753.699661254883,Q-01,False,401.0,0,False,BKB,False,False,False,False,False,11377.0,False,False,False,NONE,False,Full Court,Q174A,False,0,0,True,0,False,"253 days, 13:14:56.691264",Active,Q174A-BASKETBALL-2
0,1022.6950073242188,B-05,False,305.0,0,False,HDB,False,False,False,False,False,11207.0,False,True,False,NONE,False,Handball,B345,False,0,0,False,0,False,"135 days, 4:26:22.431297",Active,B345-HANDBALL-2
0,4675.476409912109,B-11,False,311.0,0,False,BKB,False,False,False,False,False,11214.0,False,False,False,NONE,False,Full Court,B349,False,0,0,False,0,False,"277 days, 20:11:56.714582",Inactive,B349-BASKETBALL-1
0,58491.76372528076,R-03,False,503.0,0,False,MPPA,False,True,False,False,False,10309.0,False,False,False,AFB,False,,R153,True,0,0,False,0,True,"1002 days, 9:44:13.118574",Active,R153-MPPA-1
0,2871.9790649414062,B-05,False,305.0,0,False,TNS,False,False,False,False,False,11207.0,False,False,True,NONE,False,Tennis,B214,False,0,0,False,0,False,"230 days, 22:42:38.743411",Active,B214-01-TENNIS-4
0,839.6296997070312,B-01,False,301.0,0,False,HDB,False,False,False,False,False,11206.0,False,True,False,NONE,False,Handball,B132,False,0,0,False,0,False,"118 days, 15:45:35.047201",Active,B132-B059-HANDBALL-2
0,63673.01834106445,X-01,False,201.0,1,False,FTB,False,False,False,False,False,10451.0,False,False,False,AFB,False,160 x 360ft rectangular,X210,True,0,0,False,0,True,"1086 days, 9:49:23.042718",Active,X210-FOOTBALL-1
0,4806.551605224609,B-17,True,317.0,0,False,NTB,False,False,False,False,False,11203.0,False,False,False,NONE,False,Netball,B285,False,0,0,False,0,False,"292 days, 13:14:43.152113",Active,B285-NETBALL-1
0,1623.7841339111328,X-12,False,212.0,0,False,BKB,False,False,False,False,False,10467.0,False,False,False,NONE,False,Half Court,X169,False,0,0,False,0,False,"161 days, 5:37:14.967051",Inactive,X169-BASKETBALL-4
0,1194.010238647461,X-03,False,203.0,0,False,BKB,False,False,False,False,False,10456.0,False,False,False,NONE,False,Full Court,X206,False,0,0,False,0,False,"142 days, 13:06:16.089356",Inactive,X206-BASKETBALL-4
0,972.4982452392578,M-03,False,103.0,0,False,BKB,False,False,False,False,False,10009.0,False,False,False,NONE,False,Half Court,M088,False,0,0,True,0,False,"127 days, 16:22:19.418139",Active,M088-BASKETBALL-5
0,1920.1072692871091,X-03,False,203.0,0,False,HDB,False,False,False,False,False,10457.0,False,True,False,NONE,False,Handball,X010,False,0,0,False,0,False,"182 days, 11:39:25.748299",Active,X010-05-HANDBALL-3
0,2165.8993225097656,B-12,False,312.0,0,False,BKB,False,False,False,False,False,11230.0,False,False,False,NONE,False,Full Court,B128,False,0,0,True,0,False,"188 days, 0:57:46.436562",Active,B128-BASKETBALL-1
0,1793.889419555664,M-15,False,103.0,0,False,VLB,False,False,False,False,False,10002.0,False,False,False,NONE,False,,M144,False,0,0,False,0,False,"179 days, 0:57:28.772851",Inactive,M144-ZN01-VOLLEYBALL-1
0,1918.4269104003904,B-18,False,318.0,0,False,BKB,False,False,False,False,False,11234.0,False,False,False,NONE,False,Full Court,B353,False,0,0,True,0,False,"176 days, 18:51:30.126615",Active,B353-BASKETBALL-2
0,3020.897689819336,Q-06,False,406.0,0,False,TNS,False,False,False,False,False,11375.0,False,False,False,NONE,False,,Q319,False,0,0,False,0,False,"254 days, 1:51:27.709550",Inactive,Q319-TENNIS-1
0,3490.234848022461,B-08,False,308.0,0,False,SCR,False,False,False,False,False,11213.0,False,False,False,NONE,False,45-146ft W x 75-294ft L,B364,False,0,0,True,0,True,"244 days, 18:48:02.304989",Active,B364-SOCCER-1
0,2765.0585174560547,M-13,False,164.0,0,False,TNS,False,False,False,False,False,10024.0,False,False,False,NONE,False,Tennis,M010,False,0,0,False,0,False,"226 days, 23:59:27.237520",Active,M010-ZN34-TENNIS-23
0,6481.917098999023,B-15,False,315.0,0,False,BKB,False,False,False,False,False,11235.0,False,False,False,NONE,False,Full Court,B308,False,0,0,True,0,False,"335 days, 16:48:45.835081",Active,B308-BASKETBALL-1
0,9812.83447265625,Q-05,False,405.0,0,False,SFB,False,False,True,False,False,11385.0,False,False,False,NONE,False,"60ft base path, 150-200ft fence",Q398,False,0,0,False,0,False,"371 days, 4:23:26.805630",Active,Q398-BASEBALL-1
0,987.5835876464844,Q-13,False,413.0,0,False,HDB,False,False,False,False,False,11426.0,False,False,False,NONE,False,Handball,Q001A,False,0,0,False,0,False,"128 days, 15:13:12.577236",Active,Q001-ZN01-HANDBALL-2
0,1179.8966979980469,B-08,False,308.0,0,False,HDB,False,False,False,False,False,11213.0,False,True,False,NONE,False,Handball,B054,False,0,0,False,0,False,"142 days, 21:12:48.828416",Active,B054-ZN01-HANDBALL-16
0,1051.17041015625,M-08,False,108.0,0,False,BKB,False,False,False,False,False,10065.0,False,False,False,NONE,False,Half Court,M079,False,0,0,True,0,False,"130 days, 12:01:57.745797",Active,M079-BASKETBALL-3
0,1224.8226165771484,B-15,False,315.0,0,False,HDB,False,False,False,False,False,11229.0,False,True,False,NONE,False,Handball,B235,False,0,0,False,0,False,"143 days, 10:28:26.992531",Active,B235-HANDBALL-1
0,73146.01466369629,B-18,False,318.0,0,False,CRK,False,False,False,False,False,11236.0,False,False,False,NONE,False,60 ft Cricket Pitch,B018,False,0,0,False,0,False,"1096 days, 2:10:00.778287",Active,B018-ZN02-CRICKET-1
0,1116.9124298095703,X-09,False,209.0,0,False,HDB,False,False,False,False,False,10472.0,False,True,False,NONE,False,Handball,X124,False,0,0,False,0,False,"138 days, 10:14:46.887557",Active,X124-HANDBALL-1
0,1217.7970428466797,X-04,False,204.0,0,False,HDB,False,False,False,False,False,10457.0,False,True,False,NONE,False,Handball,X008,False,0,0,False,0,False,"144 days, 10:10:59.540909",Active,X008-01-HANDBALL-6
0,3816.923202514648,B-02,False,302.0,0,False,TNS,False,False,False,False,False,11205.0,False,False,False,NONE,False,,B253,False,0,0,False,0,False,"266 days, 20:06:01.625086",Inactive,B253-TENNIS-1
0,3662.542678833008,M-07,False,107.0,0,False,BKB,False,False,False,False,False,10023.0,False,False,False,NONE,False,Full Court,M233,False,0,0,True,0,False,"247 days, 1:47:30.789354",Active,M233-BASKETBALL-2
0,1185.77099609375,M-10,False,110.0,0,False,HDB,False,False,False,False,False,10037.0,False,True,False,NONE,False,Handball,M186,False,0,0,False,0,False,"143 days, 3:53:11.173997",Active,M186-HANDBALL-5
0,1304.3710327148438,B-03,False,303.0,0,False,HDB,False,False,False,False,False,11216.0,False,True,False,NONE,False,Handball,B140,False,0,0,False,0,False,"146 days, 16:05:03.374179",Active,B140-HANDBALL-4
0,77151.89128112793,B-10,False,310.0,0,False,SCR,False,True,False,False,False,11228.0,True,False,False,AFB,False,147-295ft W x 295-393ft L,B028,True,0,0,False,0,True,"1156 days, 19:06:04.143589",Active,B028-ZN02-SOCCER-1
0,71936.25759887695,B-14,False,314.0,0,False,BSB,False,False,False,True,False,11226.0,False,False,False,NONE,False,"90ft base path, 200+ft fence",B068,False,0,0,False,0,False,"1022 days, 12:06:43.928227",Active,B073-ZN27-BASEBALL-3
0,2654.021499633789,Q-16,False,482.0,0,False,TNS,False,False,False,False,False,11385.0,False,False,True,NONE,False,Tennis,Q015,False,0,0,False,0,False,"221 days, 9:00:16.081714",Active,Q015-ZN07-TENNIS-5
0,73146.87365722656,Q-14,False,414.0,0,False,CRK,False,False,False,False,False,11691.0,False,False,False,NONE,False,60 ft Cricket Pitch,Q371,False,0,0,False,0,False,"1096 days, 2:23:18.247200",Active,Q371-CRICKET-1
0,1200.1560974121094,Q-12,False,412.0,0,False,BKB,False,False,False,False,False,11413.0,False,False,False,NONE,False,Half Court,Q330,False,0,0,False,0,False,"138 days, 14:52:51.337815",Active,Q330-BASKETBALL-2
0,2720.966323852539,Q-07,False,407.0,0,False,TNS,False,False,False,False,False,11354.0,False,False,True,NONE,False,,Q347,False,0,0,False,0,False,"225 days, 4:42:36.726055",Inactive,Q347-TENNIS-2
0,2768.638198852539,B-13,False,313.0,0,False,TNS,False,False,False,False,False,11224.0,False,False,True,NONE,False,Tennis,B129,False,0,0,False,0,False,"226 days, 6:39:44.173156",Active,B129-ZN01-TENNIS-10
0,1099.9105072021484,Q-12,False,412.0,0,False,BKB,False,False,False,False,False,11434.0,False,False,False,NONE,False,Half Court,Q427,False,0,0,False,0,False,"133 days, 2:05:42.837022",Active,Q427-BASKETBALL-2
0,1169.843780517578,Q-04,False,404.0,0,False,HDB,False,False,False,False,False,11373.0,False,True,False,NONE,False,Handball,Q098,False,0,0,False,0,False,"140 days, 11:49:11.561253",Active,Q098-HANDBALL-4
0,2949.7889862060547,X-03,False,203.0,0,False,TNS,False,False,False,False,False,10457.0,False,False,True,NONE,True,Tennis,X010,False,0,0,False,0,False,"232 days, 20:22:15.725799",Active,X010-ZN03-TENNIS-13
0,2329.0860748291016,B-08,False,308.0,0,False,BKB,False,False,False,False,False,11213.0,False,False,False,NONE,False,Full Court,B054,False,0,0,True,0,False,"197 days, 0:05:15.626497",Active,B054-ZN01-BASKETBALL-1
0,2780.0036010742188,M-15,False,103.0,0,False,TNS,False,False,False,False,False,10002.0,False,False,True,NONE,False,Tennis,M144,False,0,0,False,0,False,"227 days, 7:03:56.170251",Active,M144-ZN03-TENNIS-8
0,20853.07943725586,B-18,False,318.0,1,True,SFB,True,False,True,False,False,11234.0,False,False,False,NONE,False,"60ft base path, 150-200ft fence",B166D,False,0,0,False,0,False,"531 days, 0:22:44.430662",Active,B166D-BASEBALL-3
0,3171.729431152344,B-18,False,318.0,0,False,TRK,False,False,False,False,False,11236.0,False,False,False,NONE,False,Jogging Path,B274,False,0,0,False,0,False,"980 days, 0:27:55.969908",Active,B274-TRACK-1
0,42046.88006591797,X-09,False,209.0,0,False,SFB,True,False,True,True,False,10473.0,False,False,False,NONE,False,"60ft base path, 150-200ft fence",X118,False,0,0,False,0,False,"755 days, 2:11:21.708624",Active,X118-ZN01-BASEBALL-1
0,1388.0503387451172,B-01,False,301.0,0,False,BKB,False,False,False,False,False,11211.0,False,False,False,NONE,False,Half Court,,False,0,0,True,0,False,"150 days, 13:28:55.460818",Active,B223P05-BASKETBALL-2
0,681.2021942138672,M-10,False,110.0,0,False,TNS,False,False,False,False,False,10037.0,False,False,True,NONE,False,Tennis,M217,False,0,0,False,0,False,"110 days, 11:51:31.254261",Active,M217-TENNIS-5
0,1215.4938201904297,B-16,False,316.0,0,False,HDB,False,False,False,False,False,11212.0,False,True,False,NONE,False,Handball,B249,False,0,0,False,0,False,"147 days, 4:38:39.674906",Active,B249-HANDBALL-6
0,1272.9343872070312,B-01,False,301.0,0,False,HDB,False,False,False,False,False,11211.0,False,True,False,NONE,False,Handball,B167A,False,0,0,False,0,False,"147 days, 9:09:08.212492",Closed Temporarily,B167A-HANDBALL-3
0,1592.2967681884766,B-15,False,315.0,0,False,TNS,False,False,False,False,False,11235.0,False,False,False,NONE,False,Tennis,B239,False,0,0,False,0,False,"172 days, 22:34:51.208724",Inactive,B239-TENNIS-1
0,3029.982177734375,Q-11,False,411.0,0,False,TNS,False,False,False,False,False,11360.0,False,False,False,NONE,False,,Q387A,False,0,0,False,0,False,"234 days, 9:00:44.466262",Inactive,Q387A-TENNIS-2
0,3158.272262573242,M-02,False,102.0,0,False,BKB,False,False,False,False,False,10013.0,False,False,False,NONE,False,Full Court,M222,False,0,0,True,0,False,"234 days, 14:06:34.013806",Active,M222-BASKETBALL-1
0,1237.8821105957031,Q-12,False,412.0,0,False,HDB,False,False,False,False,False,11432.0,False,True,False,NONE,False,Handball,Q120,False,0,0,False,0,False,"146 days, 22:42:44.245193",Active,Q120-HANDBALL-2
