total_changes,pid,date_reported_as_of,design_start,description,latest_budget_changes,forecast_completion,managing_agency,changes,client_agency,budget_forecast
1477.0,1901-06-24,2023-01-01,2017-06-30T00:00:00.000,Replace the Shore Road Bridge over the Hutchinson River with a new bridge.,-1091765.0,2030-01-02,DOT,-19049921.84,DOT,339641078.0
1215.0,1901-05-30,2017-09-01,2014-03-17T00:00:00.000,"Reconstruction of Storm and Sanitary sewers, Trunk and Distribution Water Main in Coney Island Area -Phase 3A, Borough of Brooklyn.",0.0,2021-09-06,DDC,25273000.0,Environmental Protection,39427000.0
,1903-03-14,2021-07-01,2016-04-27T00:00:00.000,"East Side Coastal Resiliency - Montgomery Street to East 15th Street, Manhattan",,,DDC,0.76,Parks & Recreation,1328351541.0
0.0,1903-01-01,2022-04-01,2019-06-17T00:00:00.000,NEW SCHOOL,0.0,2023-09-03,SCA,0.0,DOE,38697915.0
,1903-09-26,2023-01-01,2018-06-29T00:00:00.000,"New York County Courthouse, Building Envelope, 60 Centre Street - Restore the building envelope to ensure weather tightness and structural integrity. The work includes facades, roofs, the building’s site perimeter and landscaped areas, and specific electrical and plumbing systems, fire protection equipment and interior finishes affected by the moisture infiltration.",,2027-07-21,DDC,,DCAS,77713000.0
2142.0,1901-03-27,2021-03-01,2017-11-06T00:00:00.000,"Replacement of internal mechanisms, concrete repairs, effluent weirs, scum troughs, grease pit collection system, electrical upgrades, HVAC upgrades, evaluation and improvement of cross collector drainage in 10 PST.",9238670.0,2026-05-01,DEP,99651290.98,DEP,105146117.35
0.0,1903-04-06,2022-04-01,2022-03-18T00:00:00.000,,-980000.0,,DDC,-30000.0,Parks & Recreation,40870000.0
1389.0,1901-12-20,2019-09-01,2017-08-18T00:00:00.000,RECONSTRUCTION OF SEA WALL AND DOCK AT OWLS HEAD WWTP,0.0,2022-02-11,DEP,10985726.8,DEP,63323000.0
642.0,1901-10-12,2021-07-01,2013-03-15T00:00:00.000,"Installation of Storm sewers, Sanitary sewers, & Water mains in Whitestone Area.",8389000.0,2022-09-15,DDC,41243000.0,Environmental Protection,108079000.0
888.0,1902-05-09,2020-10-01,2019-06-15T00:00:00.000,"The Manhattan Greenway Harlem River project, between West 125th Street and Swindler Cove, involves the creation of a park, greenway, and the reconstruction of the bulkhead.",0.0,2024-06-30,EDC,0.0,DPR,227658000.0
1684.0,1901-06-05,2019-09-01,2015-11-13T00:00:00.000,Power Distribution at Bowery Bay WWTP.,2061996.2,2022-10-31,DEP,24235381.01,DEP,69367895.2
1696.0,1901-09-30,2018-08-01,2013-01-23T00:00:00.000,"Renovation of 3 floors for new office space for the Landmarks Commission, as well as new public hearing room.",-480000.0,2019-12-31,DDC,35010000.0,DCAS,31049000.0
183.0,1903-07-11,2023-01-01,2019-06-01T00:00:00.000,Emergency back-up power generation for Hunt's Point Produce Market; Solar + back-up battery installationEmergency back-up generator at 600 Food Center Drive  (servicing EDC tenants Citarella + Sultana),-5200000.0,2026-04-02,EDC,-5200000.0,EDC,76512751.0
205.0,1902-08-04,2023-01-01,2021-11-16T00:00:00.000,Rehabilitation of the Final Settling Tanks at Port Richomnd Wastewater Resources Recovery Facility.,-196174.0,2028-06-17,DEP,30972687.0,DEP,175872687.0
663.0,1902-06-16,2019-09-01,2019-07-16T00:00:00.000,CITYWIDE FUEL TANK REPLACEMENT PROGRAM FOR NEW 2015 EPA PETROLEUM BULK STORAGE REGULATIONS,0.0,2023-06-30,DDC,-1850000.0,DCAS,27500000.0
604.0,1902-03-11,2023-01-01,2000-07-10T00:00:00.000,Rehabilitate the W. 79th St Bridge over Amtrak and Rotunda Complex,12259824.0,2025-05-16,DOT,-51088528.0,"DOT, DPR",199816722.0
834.0,1902-07-20,2022-04-01,2019-09-06T00:00:00.000,Rehabilitation  of Union Turnpike  Bridge over Cross Island Parkway,-2856083.0,2028-12-02,DOT,3378281.0,DOT,64425695.0
1693.0,1901-08-14,2021-12-01,2020-01-02T00:00:00.000,Replace the Ramp to northbound Henry Hudson Parkway over Amtrak in Manhattan.,0.0,2029-05-17,DOT,500625.0,DOT,54051625.0
1720.0,1901-08-10,2023-01-01,2019-01-25T00:00:00.000,"Replace the East 156th Street bridge over Access to Housing, Bronx.",2913660.0,2029-05-22,DOT,-363846.0,DOT,65136154.0
2032.0,1901-02-06,2016-01-01,,"The EPIC - EMR Program: Electronic Medical Records (EMR) System - a single enterprise-wide EMR to meet the needs of HHC's expansive size and improve patient care will replace the legacy EMR - QuadraMed, which is over 25 years old.",0.0,2018-12-07,HHC,15184947.0,H+H,764063231.0
0.0,1903-05-03,2023-01-01,2019-12-06T00:00:00.000,NEW SCHOOL / DEMOLITION OF EXISTING X163 BUILDING,0.0,2024-09-03,SCA,-6925988.0,DOE,106257340.0
1619.0,1902-03-02,2022-09-01,2018-07-30T00:00:00.000,"Storm, Sanitary and Water Mains work in North Conduit between Baisley Blvd and Guy Brewer Blvd, South Queens",0.0,2028-11-20,DDC,31711000.0,Environmental Protection,113711000.0
406.0,1902-02-07,2021-12-01,2017-07-14T00:00:00.000,"The Department of Sanitation of the City of New York (DSNY) is planning to develop a Staten Island Districts 1 and 3 campus that will include a new garage serving both districts and renovation of the existing Borough Repair Shop.  The site is to be reconfigured with new grading and drainage, new covered salt storage, new outdoor fueling, new household special waste collection, outdoor DSNY truck parking and a new force main sanitary line to connect to the NYC DEP sewer.",2946000.0,2023-09-01,DDC,68555000.0,Sanitation,190154000.0
2252.0,1900-09-23,2020-05-01,,Upgrade and enhancement of emergency technology infrastructure to improve interoperability and coordination among public safety agencies and improve call processing time to decrease overall response times.,7079.02,2021-02-15,DOITT,73735148.87,"FDNY, NYPD",2264616690.73
1891.0,1900-11-08,2022-09-01,2014-01-01T00:00:00.000,"This project will upgrade the Borden Ave Pump Station. Footprint of the PS will be increased to ~ 2750 square feet. Convert dry well into wet well. Replace existing non-submersible pumps with submersible pumps while maintaining PS capacity of 3.9 MGD. Provide emergency portable diesel driven 4.5 MGD pump. Installation of new electrical, controls (SCADA), mechanical & HVAC systems. Provisions to support a future project to expand capacity of the PS from 3.9 MGD to 26 MGD. Upgrade resiliency per BWT guidelines. Line existing 14"" Force Main",0.0,2024-05-30,DEP,-4338327.57,DEP,33485716.43
0.0,1903-03-15,2021-07-01,2016-04-27T00:00:00.000,INSTALLATION OF EAST SIDE COASTAL RESILIENCY (ESCR) PROJECT AREA 2 FROM EAST 15TH STREET TO EAST 25TH STREET,,2024-10-13,DDC,448000.0,Parks & Recreation,216897000.0
226.0,1900-07-09,2014-01-01,2008-06-10T00:00:00.000,"Reconstruction of Wyckoff Avenue from Flushing Avenue to Cooper Avenue, in the Boroughs of Brooklyn and Queens.",-4444000.0,2035-07-16,DDC,43926000.0,Trans. & Env. Protection,28727000.0
1628.0,1900-04-23,2019-09-01,2011-02-14T00:00:00.000,Replace the electrical and mechanical systems of the Madison Avenue Bridge.,4671999.0,,DOT,2036997.0,DOT,59689598.0
639.0,1901-11-19,2020-05-01,2017-08-01T00:00:00.000,The design and construction of shoreline reconstruction projects necessary to provide Citywide protection from future flooding caused by elevated seal elvels.,0.0,2022-12-31,EDC,0.0,ORR,89152926.86
732.0,1903-06-05,2023-01-01,2017-01-17T00:00:00.000,"NEW STORM SEWERS IN KING STREET BETWEEN PRESTON AVE AND RIDGECREST AVE, ETC., STATEN ISLAND",0.0,2028-08-25,DDC,-1094000.0,Environmental Protection,80786000.0
1628.0,1900-04-23,2016-06-01,2011-02-14T00:00:00.000,Replace the electrical and mechanical systems of the Madison Avenue Bridge.,-750006.0,2019-07-03,DOT,2036997.0,DOT,52342089.93
1949.0,1900-12-12,2023-01-01,2012-01-17T00:00:00.000,"Project 2 Scope: Refurbishment of the existing pier building including: repair of existing pier structure including pile caps and fendering; construction of new emergency generator, electrical, mechanical, fire pump and fire valve rooms; new exit passageway construction and existing exit passageway refurbishment; re-arrangement and refurbishment of the Operations Building interiors; replacement of fire suppression system throughout the entire pier structure; mechanical, electrical and plumbing system upgrades; refurbishment and painting the existing pier interior steel framing and wall/roof surfaces; recoating the  structure's exterior cladding systems including metal wall and roof  panel system and translucent panel wall cladding system.",0.0,2023-05-31,DDC,126753576.46,Sanitation,187830576.46
434.0,1903-02-26,2022-09-01,2019-01-18T00:00:00.000,,212000.0,2025-01-07,DDC,13113000.0,Fire,44126000.0
1840.0,1902-09-07,2020-10-01,,,,,DDC,47223000.0,Transportation,
1110.0,1902-01-18,2022-09-01,2017-09-18T00:00:00.000,Feasibility Study for the repair and or restoration for Porpoise (Tide Gate)  Bridge in Flushing Meadows Corona Park.,1020000.0,2026-08-12,DDC,82000.0,Transportation,64999000.0
727.0,1902-01-31,2020-10-01,,,,,DDC,33852900.86,Police,
2032.0,1901-02-06,2021-07-01,,"The EPIC - EMR Program: Electronic Medical Records (EMR) System - a single enterprise-wide EMR to meet the needs of HHC's expansive size and improve patient care will replace the legacy EMR - QuadraMed, which is over 25 years old.",0.0,2022-12-31,HHC,15184947.0,H+H,764063231.0
897.0,1902-01-16,2019-01-01,2012-05-23T00:00:00.000,Croton Above Ground Structure And Water Management Systems,51416000.0,2021-03-18,DDC,75117000.0,Environmental Protection,110202000.0
516.0,1902-08-05,2021-03-01,2019-09-03T00:00:00.000,"Reconstruction of main sewage pumps and ancillary components including suction valves, suction piping, seal water system, pressure gauges, suction header, etc. New MSP's should meet the new design parameter of N+2 redundancy during wet weather flow",0.0,2026-02-23,DEP,26923720.62,DEP,48010068.39
2.0,1903-04-30,2023-01-01,2015-12-24T00:00:00.000,Reconstruction of Clearview Pump Station,0.0,2024-12-05,DEP,802582.0,BWT,37027687.85
612.0,1902-10-11,2021-07-01,2019-05-29T00:00:00.000,"This project will construct Grant Park, including converting the roadbed to recreational space.",0.0,2024-02-08,DPR,1489000.0,DPR,32590000.0
1533.0,1901-05-24,2021-12-01,2017-03-31T00:00:00.000,"Brooklyn Supreme Court, Fire Alarm, Sprinkler, 360 Adams Street - New addressable fire detection and alarm system and new sprinkler system.",0.0,2026-03-30,DDC,47003000.0,DCAS,90161000.0
365.0,1902-08-06,2021-12-01,2017-11-17T00:00:00.000,NEW SCHOOL (PHASE II),0.0,2023-09-03,SCA,-221356.0,DOE,66058403.0
1113.0,1901-02-08,2016-11-01,2004-03-18T00:00:00.000,"Gilboa Dam Reconstruction Project includes construction of a new low level outlet (LLO) consisting of 2,000 feet of tunneling, an access shaft, oulet structure and gate valve controls.",4173812.3,2020-07-27,DEP,10376533.49,DEP,205536850.3
-8.0,1900-07-24,2020-05-01,,,,,DDC,62973000.0,Trans. & Env. Protection,
2445.0,1901-03-19,2017-04-01,2014-06-17T00:00:00.000,Reconstruction of the Port Jervis WWTP as required based on the effluent limits proposed by the Delaware River Basin Commission (DRBC),-149079.0,2021-03-26,DEP,9428438.55,DEP,56470712.0
708.0,1902-10-27,2021-03-01,2017-08-15T00:00:00.000,"This project will reconstruct the deteriorated fixed piers, floating docks, bulkhead, and related components, including Sandy-damaged elements.",2067781.02,2024-10-27,DPR,4947362.68,DPR,48487000.0
56.0,1903-07-13,2022-09-01,2021-04-14T00:00:00.000,"The repair of 1,570 piles, concrete pile caps and beams in advanced/severe condition. The repairs will be addressed in three phases through year 2028. There will be additional Design for future phases, Phase I design dates are captured below.",,2027-08-01,EDC,-119030592.92,DSNY,121736671.0
921.0,1901-12-21,2019-01-01,2018-11-01T00:00:00.000,SMLP portion for Red Hook WRRF as part of the New York City Wastewater Resiliency Program.,176565.89,2021-06-23,DEP,13549422.97,DEP,34621097.86
2797.0,1900-04-15,2017-04-01,2005-04-01T00:00:00.000,"Replace deteriorated members of lift span superstructure, concrete deck, lift electrical and mechanical systems, and fenders.",-1084088.92,2020-11-13,DOT,39724388.0,DOT,168597456.72
365.0,1902-08-27,2020-05-01,2018-09-10T00:00:00.000,ADDITION,0.0,2022-09-03,SCA,2268625.0,DOE,54584235.0
2266.0,1901-01-04,2022-04-01,2014-11-24T00:00:00.000,"72"" Trunk Water Main and Combined Sewer Replacement in Flatbush Ave. between Sterling Pl. and 8th Ave., etc., Borough of Brooklyn.",1555000.0,2023-09-29,DDC,39272000.0,Environmental Protection,57915000.0
1816.0,1901-05-16,2016-11-01,2016-08-30T00:00:00.000,Repair the northbound FDR from East 42nd to 49th Streets.,11843670.39,2025-04-01,DOT,-2802822.0,DOT,109356670.39
1553.0,1902-04-29,2019-01-01,2018-01-22T00:00:00.000,"Installation of new building wide fire alarm, sprinkler distribution and BMS system throughout building.",2174985.4,2022-09-30,DDC,17827000.0,DCAS,41516985.4
402.0,1902-11-15,2023-01-01,2022-01-31T00:00:00.000,"Rehabilitation of Hempstead Avenue Bridge over Cross Island Parkway (Service Road), In Borough of Queens",-1125000.0,2030-07-07,DOT,597042.0,DOT,32618042.0
972.0,1902-04-24,2021-12-01,2019-07-01T00:00:00.000,"Roadway reconstruction including new sewers, water main, street lighting and traffic signals: Columbia Street south of Hamilton Avenue.",280000.0,2025-07-14,DDC,6730000.0,Transportation,116944000.0
1448.0,1901-04-20,2019-01-01,2016-07-19T00:00:00.000,"Reconstruction of Service Roads and milling and resurfacing of the main roadways on Grand Concourse from E175 Street to E Fordham Road, including median works and ped refuges.",1415000.0,2022-08-30,DDC,57634000.0,Transportation,79011000.0
642.0,1901-10-12,2020-10-01,,,,,DDC,41243000.0,Environmental Protection,
366.0,1903-03-08,2021-12-01,2014-02-04T00:00:00.000,"Total reconstruction of two street grids in South Jamaica approximately bounded by Sutphin Boulevard, 109th Avenue, 155th Street and Linden Boulevard, and by 157th Street, 111th Avenue, Beddell Street and 116th Avenue.",-5000.0,2026-02-09,DDC,1360000.0,Transportation,56386000.0
1977.0,1901-05-23,2019-05-01,2016-07-27T00:00:00.000,Relocation of Brooklyn Civil and Housing Court to 210 Joralemon St,-8302000.0,2023-03-17,DCAS,200931011.96,DCAS,251443000.0
2180.0,1901-03-07,2018-03-01,2012-07-10T00:00:00.000,Construction of a new storm sewer in 20th Avenue between 126th Street and US Bulkhead.,0.0,2021-06-29,DDC,117177000.0,Environmental Protection,126274000.0
2252.0,1900-09-23,2020-10-01,,Upgrade and enhancement of emergency technology infrastructure to improve interoperability and coordination among public safety agencies and improve call processing time to decrease overall response times.,27982408.0,2021-07-31,DOITT,73735148.87,"FDNY, NYPD",2292599098.73
646.0,1902-09-25,2020-05-01,,,,,DDC,-158027000.0,Environmental Protection,
1172.0,1902-09-11,2019-09-01,2019-08-17T00:00:00.000,"Reconstruction of Beard Street in the Red Hook neighborhood of Brooklyn, including raising the streets, reconstruction of roadway, curbs and sidewalk, and installing a new bulkhead and floodwall along the waterfront. The reconstruction/raising for Beard Street will cover two blocks (Van Brunt St. to Dwight St).",,2024-02-14,DDC,86623000.0,Transportation,97486000.0
549.0,1900-04-03,2016-11-01,2014-09-15T00:00:00.000,Replace one Barberi class boat and the John F. Kennedy boat which are approaching the end of their useful lives with new Staten Island ferries. Replacement is needed to continue reliable service.,3234000.0,2020-03-16,DOT,-238419180.0,DOT,350642272.61
1630.0,1902-04-26,2019-05-01,2018-10-09T00:00:00.000,SOUTHEAST QUEENS PRIORITY GRIDS - GROUP 2,25549000.0,2024-07-10,DDC,14480000.0,Transportation,44050000.0
1834.0,1902-03-03,2021-07-01,2018-05-14T00:00:00.000,"SEWER WHEN & WHERE CONTRACT IN South East Queens.  NEW STORM SEWER CONSTRUCTION, REPLACEMENT OR UPGRADES TO SANITARY SEWERS AND WATER MAIN IN PROJECT AREAS.  GREEN INFRASTRUCTURE PROJECTS IN CONJUNCTION WITH WHEN & WHERE PROJECTS.",5160000.0,2024-08-23,DDC,7404000.0,Environmental Protection,36060000.0
1290.0,1901-07-27,2018-03-01,2016-06-08T00:00:00.000,"This project is construction of infrastructure and streetscape improvements in Sunset Park from 37th to 43rd Streets, between the Gowanus Expressway and the waterfront - to activate the waterfront and promote future development.",0.0,2021-05-30,EDC,31633941.69,Mayor's Office,37500000.0
366.0,1902-10-24,2020-01-01,2019-01-29T00:00:00.000,ADDITION/WORK IN SUPPORT OF ADDITION/FIRE ALARM SYSTEM,,2023-09-03,SCA,5307201.0,DOE,84400494.0
2869.0,1900-06-28,2017-04-01,2002-02-20T00:00:00.000,"Reconstruction of Pelham Parkway from the Bronx River Parkway to the Hutchinson River Parkway, including the north service road from Bronx Park East to Eastchester Road.",3677000.0,2018-06-16,DDC,125164000.0,Transportation,134439000.0
59.0,1903-07-19,2022-09-01,2020-08-20T00:00:00.000,PS-BX - Reconstruction of 233rd Street and 154th Street PSs,,2027-02-18,DEP,4295639.0,BWT,54109384.0
1712.0,1901-02-26,2016-01-01,2013-07-01T00:00:00.000,This project will replace the 10 existing pump and blower engines with electric motors for the main sewage pumps and a new cogeneration facility consisting of 5 new dual fuel engines and electrical service distribution upgrades.,25318057.0,2021-01-26,DEP,134242052.88,DEP,220178933.0
1238.0,1902-02-22,2021-03-01,,,,,DDC,155854000.0,Environmental Protection,
2315.0,1901-09-10,2019-09-01,2016-10-26T00:00:00.000,Vision Zero - Queens Boulevard - Segment 2: 73rd Street to Eliot Avenue. Variety of safety and streetscape improvements including partial street reconstruction and resurfacing to address roadway conditions,0.0,2026-05-14,DDC,14201000.0,Transportation,71692000.0
-30.0,1903-06-30,2023-01-01,2021-11-24T00:00:00.000,Hudson River Drainage Chamber Rehabilitation,0.0,2028-03-01,DEP,502287.0,DEP,55214556.33
1113.0,1901-02-08,2020-10-01,2004-03-18T00:00:00.000,"Gilboa Dam Reconstruction Project includes construction of a new low level outlet (LLO) consisting of 2,000 feet of tunneling, an access shaft, oulet structure and gate valve controls.",68983.59,2022-04-01,DEP,10376533.49,DEP,204702947.77
1696.0,1901-09-30,2018-03-01,2013-01-23T00:00:00.000,"Renovation of 3 floors for new office space for the Landmarks Commission, as well as new public hearing room.",0.0,2019-04-19,DDC,35010000.0,DCAS,31529000.0
2869.0,1900-06-28,2022-04-01,2002-02-15T00:00:00.000,Pelham Pkwy main road  W/B from Bronx River Pkwy to Hutchinson River Pkwy    Pelham Pkwy North Service Rd. (S/R) from Bronx Park East to Eastchester Rd.    Stillwell Ave from westbound mainline to north service road,2617000.0,2023-12-22,DDC,125164000.0,Transportation,158429000.0
110.0,1902-06-11,2022-04-01,2019-06-20T00:00:00.000,"Bronx Animal Care Center & Veterinary Clinic is a new 50,000 SF facility that will be housing admissions, adoptions, medical services, and boarding for approximately 70 dogs, 140 cats, 30 rabbits and 20 animals or other species. In addition to the animal housing, the Bronx Animal Care Center will include a wildlife area to rehabilitate wild birds, academic partnership for youth, and enhanced senior services. Site work will include yards to facilitate dog adoptions, covered exercise runs, courtyards, and parking for staff, visitors, and center vehicles, as well as site lighting and low maintenance planting throughout. The building and associated landscape are to achieve LEED Silver standards or higher.",250000.0,2025-02-15,DDC,24815617.0,Health,92103000.0
1155.0,1902-02-26,2018-03-01,2016-08-31T00:00:00.000,"COMBINED SEWER IN 70TH STREET, QUEENS",,2020-06-11,DDC,94201000.0,Environmental Protection,37957000.0
727.0,1902-01-31,2019-05-01,2017-09-14T00:00:00.000,Construction of a new precinct station house facility and associated site work for the new 116th Precinct.,-2521483.0,2022-04-05,DDC,33852900.86,Police,94557000.0
-78.0,1901-12-30,2020-10-01,,,,,DDC,-623757.91,Libraries-QBPL,
1949.0,1900-12-12,2021-12-01,2012-01-17T00:00:00.000,"Project 2 Scope: Refurbishment of the existing pier building including: repair of existing pier structure including pile caps and fendering; construction of new emergency generator, electrical, mechanical, fire pump and fire valve rooms; new exit passageway construction and existing exit passageway refurbishment; re-arrangement and refurbishment of the Operations Building interiors; replacement of fire suppression system throughout the entire pier structure; mechanical, electrical and plumbing system upgrades; refurbishment and painting the existing pier interior steel framing and wall/roof surfaces; recoating the  structure's exterior cladding systems including metal wall and roof  panel system and translucent panel wall cladding system.",-93915288.23,2022-02-28,DDC,126753576.46,Sanitation,93915288.23
2869.0,1900-06-28,2019-09-01,2002-02-15T00:00:00.000,Pelham Pkwy main road  W/B from Bronx River Pkwy to Hutchinson River Pkwy    Pelham Pkwy North Service Rd. (S/R) from Bronx Park East to Eastchester Rd.    Stillwell Ave from westbound mainline to north service road,5487000.0,2023-03-31,DDC,125164000.0,Transportation,150046000.0
156.0,1902-12-17,2022-04-01,2019-02-01T00:00:00.000,This project will stabilize and reconstruct portions of the East River Esplanade.,0.0,2024-11-23,DPR,0.0,DPR,29475000.0
1720.0,1901-08-10,2019-01-01,2017-10-05T00:00:00.000,"Replace the East 156th Street bridge over Access to Housing, Bronx.",0.0,2027-10-09,DOT,-363846.0,DOT,65500000.0
916.0,1902-09-03,2021-12-01,2018-07-27T00:00:00.000,"The Brownsville Library is a comprehensive interior/exterior renovation and addition which includes new fire alarm/BMS, new interior layout, new HVAC, new accessible restrooms, exterior rehabilitation and landscape.",-116000.0,2026-07-02,DDC,6752000.0,Libraries-BPL,31899000.0
362.0,1901-08-21,2022-04-01,2018-08-15T00:00:00.000,"Scope includes paint the south side of the bridge, repair flags and structural steel, evaluate PP20 Bearings, evaluate tension rods at mid-span of the bridge, repair bridge cables and suspenders, replace modular joint, investigate the feasibility of additional clearance at towers, and resurface bridge decks with new waterproofing membrane.",-6832000.0,2026-04-21,DOT,52784947.0,DOT,207382567.0
0.0,1903-07-02,2022-09-01,2022-03-01T00:00:00.000,Reconstruction of the Main Sewage Pumps System at Owls Head WRRF,516777.43,2030-06-13,DEP,32731384.43,DEP,223426777.43
1.0,1902-06-27,2022-04-01,2019-01-01T00:00:00.000,"The construction of an approximately 230,000 sq ft municipal Public Health Lab building for DOHMH.",19334959.71,2025-01-01,EDC,19334959.71,DOHMH,633132280.0
663.0,1902-06-19,2023-01-01,2019-08-20T00:00:00.000,CITYWIDE FUEL TANK REPLACEMENT PROGRAM FOR NEW 2015 EPA PETROLEUM BULK STORAGE REGULATIONS,0.0,2025-01-22,DDC,-1834000.0,DCAS,25666000.0
-1.0,1903-03-20,2023-01-01,2018-04-25T00:00:00.000,"RECONSTRUCTION OF GREENWICH STREET FROM BARCLAY STREET TO CHAMBERS STREET, MANHATTAN",0.0,2024-11-06,DDC,4449000.0,Transportation,36251000.0
1517.0,1901-04-22,2022-09-01,2015-06-19T00:00:00.000,"Project to ensure the reliability of the 74 mile upper Catskill Aqueduct, including replacement of mechanical components, leak mitigation, and biofilm removal/condition assessment.",-2000000.0,2022-11-15,DEP,9642889.68,DEP,242269503.18
1389.0,1901-12-20,2020-01-01,2017-08-18T00:00:00.000,RECONSTRUCTION OF SEA WALL AND DOCK AT OWLS HEAD WWTP,403414.0,2023-02-22,DEP,10985726.8,DEP,63726414.0
1389.0,1901-12-20,2019-05-01,2017-08-18T00:00:00.000,RECONSTRUCTION OF SEA WALL AND DOCK AT OWLS HEAD WWTP,3451430.0,2021-11-08,DEP,10985726.8,DEP,63323000.0
1415.0,1902-01-10,2018-08-01,2016-12-16T00:00:00.000,Reconstruction of Arthur Kill Road From Clark Avenue to Richmond Avenue including widening of roadway,2101000.0,2023-03-13,DDC,22503000.0,Transportation,39897000.0
639.0,1901-11-19,2019-09-01,2017-08-01T00:00:00.000,The design and construction of shoreline reconstruction projects necessary to provide Citywide protection from future flooding caused by elevated seal elvels.,28730525.86,2022-12-31,EDC,0.0,ORR,89152926.86
-388.0,1900-06-18,2021-07-01,2012-12-03T00:00:00.000,"Reconstruction of Bergen Avenue Area, including Storm Sewers, Water Mains, Street Lighting, Traffic Signal  Work, and reconstruction of new outfall at East Mill Basin.",-8446000.0,2023-06-24,DDC,45837000.0,Transportation,81937000.0
711.0,1901-09-25,2021-07-01,2014-09-30T00:00:00.000,"Design and build a new Police Precinct with full basement totaling 43,000 sq. ft. on an existing City owned property in the Bronx.",3453000.0,2022-10-13,DDC,26020000.0,Police,80753000.0
0.0,1903-03-15,2022-09-01,2016-04-27T00:00:00.000,INSTALLATION OF EAST SIDE COASTAL RESILIENCY (ESCR) PROJECT AREA 2 FROM EAST 15TH STREET TO EAST 25TH STREET,10000.0,2024-10-13,DDC,448000.0,Parks & Recreation,217345000.0
925.0,1901-09-22,2019-09-01,,,,,DDC,1921000.0,Environmental Protection,
1712.0,1901-02-26,2018-08-01,2013-07-01T00:00:00.000,"This project will remove the 10 existing pump and blower engines and add electric motors for the main sewage pumps, a new cogeneration facility consisting of 5 new dual fuel engines,  electrical service upgrades and flood protection.",-15131991.0,2022-05-22,DEP,134242052.88,DEP,218296715.0
1238.0,1902-02-22,2020-05-01,,,,,DDC,155854000.0,Environmental Protection,
737.0,1903-05-21,2022-09-01,2019-08-27T00:00:00.000,79TH STREET CROSSTOWN SELECT BUS SERVICE - BOROUGH OF MANHATTAN,470000.0,2028-06-25,DDC,3370000.0,Transportation,67303000.0
1840.0,1902-09-07,2023-01-01,2016-12-15T00:00:00.000,PRELIMINARY AND FINAL DESIGN SERVICES FOR RECONSTRUCTION OF WESTBOURNE NORTON DRIVE.   BOROUGH OF QUEENS,28000000.0,2029-09-26,DDC,47223000.0,Transportation,92665000.0
636.0,1902-12-08,2022-09-01,2020-01-06T00:00:00.000,Hill Dr (Terrace Br) over Prospect Park Lake,-27845976.0,2028-12-06,DOT,-785268.0,NYC Parks,0.0
813.0,1902-04-28,2022-04-01,2016-09-30T00:00:00.000,"High Level Storm and Combine Sewer installation and Water Main replacement in Gowanus Canal Area Phase-2, Brooklyn.",1404000.0,2022-11-23,DDC,8657000.0,Environmental Protection,42105000.0
1908.0,1901-08-06,2021-03-01,,,,,DOT,33135732.1,DOT,
3253.0,1900-07-11,2021-12-01,2012-06-07T00:00:00.000,Reconstruction DUMBO/Vinegar Hill Area including Trunk and Distribution water main replacement; Installation of HLSS and Combined Sewer replacement; Restoration of Belgian block in Water Street; Street lighting and Traffic Signal work.,12000.0,2024-06-04,DDC,96724000.0,Transportation,129480000.0
604.0,1902-03-11,2020-10-01,2000-07-10T00:00:00.000,Rehabilitate the W. 79th St Bridge over Amtrak and Rotunda Complex,2451950.0,2025-06-01,DOT,-51088528.0,"DOT, DPR",202769758.0
646.0,1902-09-25,2021-03-01,,,,,DDC,-158027000.0,Environmental Protection,
2113.0,1901-01-22,2017-09-01,2013-09-30T00:00:00.000,Installation of trunk and distribution water mains for the 3rd water tunnel shaft 32B at 2nd Avenue.,-2995000.0,2019-09-22,DDC,-7266000.0,Environmental Protection,46482000.0
932.0,1903-02-01,2022-09-01,2018-10-10T00:00:00.000,"This bridge is a two span concrete encased structure, 153.3 feet wide, 75 feet long and carries a total of 9 lanes of traffic. The bridge itself is an integral part of the Woodhaven Blvd. subway station structure owned and operated by the MTA. The superstructure consists of concrete encased steel stringers framing into concrete encased steel columns which are also used to serve as the retaining wall holding up Queens Blvd. service road.",-20000.0,2027-10-10,DOT,2052000.0,DOT,65211241.0
119.0,1902-11-07,2022-09-01,2019-01-30T00:00:00.000,"Contract C547A is for the construction of two shafts (17B-1 and 18B-1) on City Tunnel No. 3 (CT3), Stage 2 in Queens and Brooklyn",5956926.81,2027-01-24,DEP,3150108.42,DEP,444603572.68
1355.0,1901-08-02,2019-09-01,2017-10-22T00:00:00.000,Construction of New Anaerobic Digesters,16124920.0,2024-09-22,DEP,72852004.14,DEP,444656320.0
1248.0,1901-10-26,2020-10-01,,,,,DDC,75370000.0,DCAS,
1110.0,1902-01-18,2021-12-01,2017-09-18T00:00:00.000,Feasibility Study for the repair and or restoration for Porpoise (Tide Gate)  Bridge in Flushing Meadows Corona Park.,1054000.0,2026-04-06,DDC,82000.0,Transportation,63979000.0
730.0,1902-05-25,2019-09-01,2018-01-26T00:00:00.000,Design and construction of a new school,3837481.0,2021-09-03,SCA,6379885.0,DOE,54362143.0
2003.0,1900-04-10,2020-01-01,2003-03-10T00:00:00.000,Repair the bridge superstructure and substructure and install a new concrete-filled steel grid deck.,-858443.0,2020-08-28,DOT,23798213.0,DOT,117201667.0
1977.0,1901-05-23,2023-01-01,2016-07-27T00:00:00.000,Relocation of Brooklyn Civil and Housing Court to 210 Joralemon St,0.0,2026-03-31,DCAS,200931011.96,DCAS,281430011.96
445.0,1902-09-05,2022-09-01,2017-09-18T00:00:00.000,Sunset Park Gowanus Connector - Brooklyn Waterfront Greenway.,-1154000.0,2023-05-16,DDC,-16441000.0,Transportation,28830000.0
2180.0,1901-03-07,2021-12-01,2012-07-10T00:00:00.000,"Storm and sanitary sewers in 20th Ave  between 126th Street and U.S. Bulkhead Line, etc. Water main works.",-9000.0,2023-06-19,DDC,117177000.0,Environmental Protection,137046000.0
1217.0,1902-09-09,2022-04-01,2017-07-19T00:00:00.000,DELANCEY STREET SAFETY IMPROVEMENTS,0.0,2026-10-23,DDC,20937000.0,Transportation,56381000.0
2085.0,1901-06-27,2020-01-01,2014-09-01T00:00:00.000,The priority mitigation projects at Coler include key critical mitigation projects to improve the resiliency of the campus.,-11083296.99,2020-10-31,EDC,0.0,H+H,12073687.0
1248.0,1901-10-26,2017-09-01,2015-09-15T00:00:00.000,"Design and construction of new adminstration wing to replace existing administration wing, new parking, provide new inspection lane within the inspection facility.",,2022-11-30,DDC,75370000.0,DCAS,77176000.0
406.0,1902-02-07,2020-10-01,,,,,DDC,68555000.0,Sanitation,
-74.0,1901-09-08,2017-09-01,2015-06-01T00:00:00.000,"Reconstruction of West 14, 15, 16, 17, 18 and 19th Streets from Crossbay Blvd to to Dead End",,2024-08-27,DDC,61781000.0,Transportation,30933000.0
365.0,1902-10-23,2020-10-01,2019-02-01T00:00:00.000,ADDITION/PLAYGROUND REDEVELOPMENT PROJECT,0.0,2023-09-03,SCA,0.0,DOE,63735015.0
1400.0,1901-06-02,2019-09-01,2016-08-04T00:00:00.000,"PED. SAFETY UPGRADES ON ATLANTIC AVE - PH 2, BROOKLYN",-19000.0,2023-02-01,DDC,10136496.0,Transportation,39964000.0
,1902-05-12,2018-08-01,,"This project has a two-fold basis: 1) The ongoing Network Refresh which is needed to replace aging, end-of-life, end-of-support equipment across the NYC H+H. 2) Networking capacity needed to support the Electronic Medical Records system.",,,HHC,180514000.0,H+H,0.0
-1.0,1903-03-20,2021-12-01,2018-04-25T00:00:00.000,"RECONSTRUCTION OF GREENWICH STREET FROM BARCLAY STREET TO CHAMBERS STREET, MANHATTAN",3894000.0,2024-11-06,DDC,4449000.0,Transportation,35696000.0
,1903-06-04,2023-01-01,,Remediation of legacy systems that exist on System’s network. Legacy systems are those systems (including Operation Systems) which are no longer supported by the vendor and do not get security updates/patches,0.0,,HHC,50000000.0,HHC,50000000.0
1845.0,1901-07-11,2022-09-01,2017-10-03T00:00:00.000,"Repair the Cross Island bridge over 115th Avenue/Dutch Broadway, Queens.",1413196.0,2028-07-18,DOT,17528706.0,DOT,41673367.0
1029.0,1901-12-03,2020-05-01,2019-01-30T00:00:00.000,"Replace/Rehab the Pelham Bay Equestrian Park bridge over Amtrak, the Bronx",0.0,2027-07-11,DOT,137997.0,DPR,42328997.0
,1903-05-14,2022-04-01,,,0.0,,DDC,0.0,Corrections,222642000.0
1571.0,1901-06-20,2017-09-01,2017-05-30T00:00:00.000,Replace the Promenade over FDR between East 81st to 90th Streets in Manhattan.,0.0,2025-10-31,DOT,-197139579.0,"DOT, DPR",312992000.0
1684.0,1901-06-05,2021-12-01,2015-11-13T00:00:00.000,Power Distribution at Bowery Bay WWTP.,0.0,2023-01-27,DEP,24235381.01,DEP,68873764.13
1712.0,1901-02-26,2021-03-01,2013-07-01T00:00:00.000,"NR-COGEN, ACECOGEN, SANDNR",-2965558.5,2023-01-15,DEP,134242052.88,DEP,277773621.0
3253.0,1900-07-11,2019-01-01,2012-06-07T00:00:00.000,"Reconstruction and restoration of Belgian block roadways in the DUMBO and Vinegar Hill communities concurrent with installation of new water main, combined sewers and storm sewers, plus construction of the Pearl Street Triangle Plaza.",6565000.0,2024-06-04,DDC,96724000.0,Transportation,119917000.0
-29.0,1903-05-07,2021-12-01,2020-12-01T00:00:00.000,Implementation of coastal resiliency measures to protect Battery Park and adjacent upland neighborhoods from storm surges and sea level rise.,,2025-04-30,EDC,0.0,City Hall,165700000.0
1684.0,1901-02-09,2017-09-01,2008-12-01T00:00:00.000,"This project will rehabilitate the mechanics and the architecture of the Shandaken Tunnel Intake Chamber, which includes the replacement of gates and general site improvements.",583183.7,2021-10-06,DEP,33535991.2,DEP,65790424.7
181.0,1903-03-23,2021-07-01,2021-05-03T00:00:00.000,Distribution water main replacement along 7th Avenue between 14th Street and 34th Street,,,DDC,1335000.0,Environmental Protection,69718000.0
803.0,1901-06-22,2019-09-01,2018-04-16T00:00:00.000,"Rehabilitation of Boston Road Bridge over Hutchinson River, located in the Bornx.",19151000.0,2024-05-14,DOT,49309814.0,DOT,62523092.0
790.0,1901-07-13,2022-09-01,2005-07-25T00:00:00.000,Construction of new Sanitation garage facility for services to Brooklyn Community District 3 to be located at Warsoff Place in Brooklyn,0.0,2024-12-31,DSNY,25603365.0,DSNY,204363993.0
651.0,1902-06-25,2021-07-01,2019-05-31T00:00:00.000,Power Distribution Improvements,0.0,2026-01-02,DEP,10926063.83,WWC,62187140.8
2085.0,1901-06-27,2020-05-01,2014-09-01T00:00:00.000,The priority mitigation projects at Coler include key critical mitigation projects to improve the resiliency of the campus.,0.0,2020-10-31,EDC,0.0,H+H,12073687.0
969.0,1901-05-18,2022-04-01,2017-11-30T00:00:00.000,"Replace the 5th Avenue Bridge over LIRR & Sea Beach, Brooklyn.",9993670.0,2027-12-03,DOT,36577693.0,DOT,84519049.0
505.0,1903-03-26,2021-12-01,2018-06-25T00:00:00.000,SAFE ROUTES TO SCHOOLS - MANHATTAN,100000.0,2025-04-24,DDC,7175000.0,Transportation,44846000.0
406.0,1902-02-07,2022-09-01,2017-07-14T00:00:00.000,"The Department of Sanitation of the City of New York (DSNY) is planning to develop a Staten Island Districts 1 and 3 campus that will include a new garage serving both districts and renovation of the existing Borough Repair Shop.  The site is to be reconfigured with new grading and drainage, new covered salt storage, new outdoor fueling, new household special waste collection, outdoor DSNY truck parking and a new force main sanitary line to connect to the NYC DEP sewer.",1014000.0,2024-03-25,DDC,68555000.0,Sanitation,202104000.0
2857.0,1901-03-25,2017-04-01,2015-10-20T00:00:00.000,"Replacement of six bar screens, grit bin vibrator, six ring flushing pumps, six main sewage pumps and assoc. piping/valves and motor control center, replacement of four exhaust fans, gas and oxygen detectors and a 15 KVA transformer",-4109214.2,2022-05-05,DEP,31867440.0,DEP,43164076.8
0.0,1903-01-02,2021-12-01,2018-02-23T00:00:00.000,LEASE,0.0,2023-09-03,SCA,0.0,DOE,31421420.0
2363.0,1901-03-23,2020-10-01,2016-02-24T00:00:00.000,"Improvements to: fencing, vegetation, roadway, drainage, ext. above-ground retaining walls. Including repair of dam inlet archway & wingwall, re-pointing of stones & reinforcement of east reservoir wall, & leakage/seepage protection within OCA.",12836896.53,2023-10-18,DEP,-833277.14,DEP,64002816.83
663.0,1902-06-16,2020-10-01,,,,,DDC,-1850000.0,DCAS,
1036.0,1902-05-11,2020-05-01,2019-06-13T00:00:00.000,Reconstruction of bulkhead and piers at 79th St Boat Basin on behalf of NYCDPR .,0.0,2023-08-30,EDC,-1131246.67,DPR,89219175.0
663.0,1902-06-19,2021-12-01,2019-08-20T00:00:00.000,CITYWIDE FUEL TANK REPLACEMENT PROGRAM FOR NEW 2015 EPA PETROLEUM BULK STORAGE REGULATIONS,0.0,2025-01-22,DDC,-1834000.0,DCAS,25316000.0
1684.0,1901-02-09,2022-04-01,2008-12-01T00:00:00.000,"This project will rehabilitate the mechanics and the architecture of the Shandaken Tunnel Intake Chamber, which includes the replacement of gates and general site improvements.",-111745.7,2022-08-29,DEP,33535991.2,DEP,72960489.85
503.0,1901-03-31,2023-01-01,2020-12-30T00:00:00.000,"This is the final phase of the Gilboa Dam reconstruction project and includes reforestation, final site stabilization and wetlands mitigation measures.",-246464.0,2026-04-16,DEP,-3079490.0,DEP,36492236.0
1970.0,1901-08-16,2019-05-01,2015-04-09T00:00:00.000,"This project includes the replacement of the upper roadway's deck on the main bridge along with steel repairs, fire standpipes, and lighting upgrades.",-266427221.26,2022-10-28,DOT,8567339.67,DOT,70033000.0
1684.0,1901-06-05,2019-01-01,2015-11-13T00:00:00.000,Power Distribution at Bowery Bay WWTP.,-2015864.8,2022-06-29,DEP,24235381.01,DEP,47786259.2
753.0,1902-03-01,2022-04-01,2019-07-23T00:00:00.000,"SOUTHEAST QUEENS 150TH STREET SPINE, PHASE 1.  TRUNK STORM SEWER AND OUTFALL AT BERGEN BASIN FOR THE 150TH STREET TRUNK SEWER WHICH SHARES AN OUTFALL WITH THE GUY R BREWER TRUNK SEWER",0.0,2025-10-04,DDC,101452000.0,Environmental Protection,142511000.0
2.0,1903-04-30,2022-04-01,2015-12-24T00:00:00.000,Reconstruction of Clearview Pump Station,802582.0,2024-12-03,DEP,802582.0,BWT,37027687.85
1082.0,1902-08-31,2021-07-01,2017-11-01T00:00:00.000,This project will reconstruct the track & field and convert three soccer fields and four ballfields from natural turf to synthetic turf at Red Hook Recreation Area.,0.0,2023-01-03,DPR,-10555000.0,DPR,68712000.0
2869.0,1900-06-28,2015-08-01,2002-02-20T00:00:00.000,"Reconstruction of Pelham Parkway from the Bronx River Parkway to the Hutchinson River Parkway, including the north service road from Bronx Park East to Eastchester Road.",-2693404.0,2018-01-09,DDC,125164000.0,Transportation,33814000.0
1355.0,1901-08-02,2018-03-01,2017-09-21T00:00:00.000,Construction of New Anaerobic Digesters,114610400.0,2023-10-17,DEP,72852004.14,DEP,435531400.0
1248.0,1901-10-26,2019-01-01,2015-09-15T00:00:00.000,"Design and construction of new adminstration wing to replace existing administration wing, new parking, provide new inspection lane within the inspection facility.",-4788584.0,2023-10-15,DDC,75370000.0,DCAS,87154000.0
2152.0,1900-04-22,2020-05-01,2014-10-22T00:00:00.000,Replace deck of the Riverside Drive viaduct/ bridge over West 158th Street.,-280000.0,2022-06-27,DOT,96922794.0,DOT,159713029.0
1248.0,1901-10-26,2019-05-01,2015-09-15T00:00:00.000,Replace existing administration wing; provide new parking and new inspection lane within the facility.,-7173000.0,2024-01-28,DDC,75370000.0,DCAS,79981000.0
1736.0,1902-05-10,2021-12-01,2018-09-01T00:00:00.000,Regrading and reconstruction of 33rd Street Viaduct between 11th and 12th Avenue..,0.0,2025-11-29,EDC,0.0,DOT,100000000.0
1706.0,1901-04-28,2018-08-01,2014-12-01T00:00:00.000,Interior fit-out of the south site cultural unit.,55643.69,2021-03-02,EDC,36789601.16,DCLA,32888855.92
0.0,1903-01-14,2022-09-01,2020-03-09T00:00:00.000,ADDITION,0.0,2024-09-03,SCA,0.0,DOE,75767435.0
0.0,1903-05-05,2021-12-01,2021-02-26T00:00:00.000,ADDITION,,2024-09-03,SCA,-3902865.0,DOE,75688643.0
1736.0,1902-05-10,2019-09-01,2018-09-01T00:00:00.000,Regrading and reconstruction of 33rd Street Viaduct between 11th and 12th Avenue..,0.0,2022-11-30,EDC,0.0,DOT,100000000.0
1452.0,1901-07-15,2021-07-01,2016-12-01T00:00:00.000,Flood mitigation system to protect Metropolitan's campus from future flooding due and sea level rise,0.0,2027-08-07,EDC,27046705.0,H+H,101831859.0
1238.0,1902-02-22,2019-01-01,2017-01-04T00:00:00.000,Storm sewer at 224th St and 149th Ave and along the access road through Idlewild Parks known as Springfield Lane (Spine Farmers Blvd),59952000.0,2023-11-29,DDC,155854000.0,Environmental Protection,155442000.0
428.0,1903-03-27,2021-12-01,2021-10-06T00:00:00.000,,0.0,2025-08-08,DDC,-15454000.0,Libraries-QBPL,41255000.0
1889.0,1902-02-27,2020-01-01,,,,,DDC,27172000.0,Environmental Protection,
1934.0,1901-05-20,2019-09-01,2017-05-30T00:00:00.000,"Replace the Pelham Parkway bridge over Hutchinson River Parkway, Bronx.",-350000.0,,DOT,10338071.57,DOT,57220478.0
1839.0,1901-09-14,2021-07-01,2009-09-03T00:00:00.000,"Road Reconstruction, Water Main and Combined Sewer Work    E 177th Street from Devoe Ave to Bronx Park Ave     East Tremont Ave from Bronx Park Ave to Boston Rd    Devoe Ave from E 177th Street to East Tremont Ave",-78000.0,2024-09-27,DDC,25050000.0,Transportation,26948000.0
,1902-12-06,2023-01-01,2019-08-01T00:00:00.000,,-64811000.0,2023-06-30,DOT,-19999521.0,DOT,191543467.0
1197.0,1901-06-23,2022-04-01,2018-04-01T00:00:00.000,Resiliency betterments for Battery Park and West Street underpasses.,1940638.0,2024-11-27,DOT,47923308.0,DOT,56984167.0
327.0,1902-11-14,2021-12-01,2022-01-31T00:00:00.000,Rehabilitation of Hempstead Avenue Bridge over Cross island Parkway,-1.0,2030-04-23,DOT,1747189.0,DOT,87976719.0
2032.0,1901-02-06,2014-01-01,,"Integrated Clinical Information System (ICIS) Program: Electronic Medical Records (EMR) System - a single enterprise-wide EMR to meet the needs of HHC's expansive size and improve patient care will replace the legacy EMR, which is over 25 years old.",0.0,2018-12-31,HHC,15184947.0,H+H,748878284.0
1253.0,1901-05-17,2019-01-01,2017-05-30T00:00:00.000,"Repair the West Tremont Avenue bridge over the Metro North line, located in the Bronx.",-5773000.0,2026-09-15,DOT,37794543.0,DOT,55063172.0
1215.0,1901-05-30,2023-01-01,2014-03-17T00:00:00.000,"Reconstruction of Storm and Sanitary sewer, Trunk and distribution water main in Coney Island area - Phase 3A, Borough of Brooklyn",0.0,2023-11-27,DDC,25273000.0,Environmental Protection,63426000.0
121.0,1902-08-02,2021-12-01,2021-05-17T00:00:00.000,Rehabilitation of the Primary Settling Tanks at North River Wastewater Resources Recovery Facility.,17834361.8,2027-12-27,DEP,35891899.0,DEP,183134361.8
836.0,1902-02-11,2022-04-01,2016-04-27T00:00:00.000,"East Side Coastal Resiliency - Montgomery Street to East 15th Street, Manhattan",0.0,2026-08-15,DDC,-418193636.37,Parks & Recreation,92660363.63
2363.0,1901-03-23,2021-03-01,2016-02-24T00:00:00.000,"Improvements to: fencing, vegetation, roadway, drainage, ext. above-ground retaining walls. Including repair of dam inlet archway & wingwall, re-pointing of stones & reinforcement of east reservoir wall, & leakage/seepage protection within OCA.",-6747193.74,2023-10-19,DEP,-833277.14,DEP,57255623.09
1696.0,1901-09-30,2021-07-01,2013-01-23T00:00:00.000,"Renovate 4 floors of the building to create new office space for the Landmarks Preservation Commission, including new hearing room.",-6938000.0,2022-08-31,DDC,35010000.0,DCAS,66994000.0
664.0,1902-03-21,2019-05-01,2017-02-06T00:00:00.000,"Rehabilitation of East 180th Street Bridge over Metro North Railroad, the Bronx",1570000.0,2022-09-26,DOT,4194366.0,DOT,38879945.0
2086.0,1900-04-06,2014-01-01,2012-07-23T00:00:00.000,This project will replace the existing bridge with a new wider double-leaf bascule bridge.,1095749.0,2019-11-20,DOT,142277136.0,"DEP, DOT",152871246.0
1684.0,1901-06-05,2020-01-01,2015-11-13T00:00:00.000,Power Distribution at Bowery Bay WWTP.,-494447.54,2023-01-27,DEP,24235381.01,DEP,68873447.66
-78.0,1901-12-30,2022-04-01,2012-01-10T00:00:00.000,"Construction of a new 18,000 sq.ft. Branch employing the latest technology and sustainable design.",0.0,2022-05-30,DDC,-623757.91,Libraries-QBPL,39531557.09
714.0,1901-03-18,2021-07-01,2016-10-11T00:00:00.000,Replacement of the Esopus Creek Bridge & Route 28A Railroad Bridge,0.0,2025-11-09,DEP,-50461071.35,DEP,51210279.96
2252.0,1900-09-23,2022-09-01,,Upgrade and enhancement of emergency technology infrastructure to improve interoperability and coordination among public safety agencies and improve call processing time to decrease overall response times.,14365416.45,2023-03-30,DOITT,73735148.87,"FDNY, NYPD",2326601368.81
1477.0,1901-06-24,2019-09-01,2017-06-30T00:00:00.000,Replace the Shore Road Bridge over the Hutchinson River with a new bridge.,1750000.0,,DOT,-19049921.84,DOT,317488743.0
,1902-12-06,2022-04-01,,,-62938000.0,,DOT,-19999521.0,DOT,191543068.0
1400.0,1901-06-02,2021-03-01,,,,,DDC,10136496.0,Transportation,
0.0,1903-01-13,2021-12-01,2020-01-17T00:00:00.000,ADDITION,0.0,2024-09-03,SCA,0.0,DOE,86927350.0
3241.0,1901-03-24,2021-03-01,2018-08-02T00:00:00.000,"Replacement of thickener pumps, piping, sludge pumps, mixing pumps, recirculation pumps, spray water pumps, and heat exchangers. Install Gravity Belt Thickener, GBT pumps, polymer feed system.  Rehab of Thickeners, Sludge Box, and Distribution Box.",0.0,2026-04-25,DEP,57138101.3,DEP,78425184.91
1309.0,1902-10-12,2020-01-01,2016-11-30T00:00:00.000,"This project will construct synthetic turf athletic fields, roadways, a parking lot with associated landscaping and stormwater management, multi-use and pedestrian paths, benches, signage, fencing, and lighting, and restore woodlands and wetlands.",,2022-09-16,DPR,1436858.72,DPR,37674141.28
474.0,1903-02-18,2021-12-01,2019-04-11T00:00:00.000,New Library for Rego Park,310000.0,2026-03-07,DDC,535000.0,Libraries-QBPL,41311000.0
0.0,1903-07-30,2022-09-01,2021-03-08T00:00:00.000,ADDITION / EXISTING BUILDING-IPDVS,,2024-09-03,SCA,0.0,DOE,69789264.0
1568.0,1901-06-19,2021-12-01,2006-08-01T00:00:00.000,"Repair Park Avenue tunnel, located in Midtown, Manhattan.",4535939.0,2022-08-03,DOT,-17773389.61,DOT,52836967.0
2445.0,1901-03-19,2021-12-01,2014-06-17T00:00:00.000,Reconstruction of the Port Jervis WWTP as required based on the effluent limits proposed by the Delaware River Basin Commission (DRBC),1214745.0,2026-10-04,DEP,9428438.55,DEP,60924311.99
328.0,1903-04-08,2021-07-01,2018-09-18T00:00:00.000,,,2026-11-24,DDC,3365000.0,Police,281500000.0
611.0,1902-11-08,2022-04-01,2017-04-01T00:00:00.000,,0.0,2029-01-11,DOT,-1399960.0,EDC,100000104.0
2797.0,1900-04-15,2020-10-01,2005-04-01T00:00:00.000,"Replace deteriorated members of lift span superstructure, concrete deck, lift electrical and mechanical systems, and fenders.",-140000.0,2023-02-01,DOT,39724388.0,DOT,184818519.0
-29.0,1903-05-07,2022-09-01,2020-12-01T00:00:00.000,Implementation of coastal resiliency measures to protect Battery Park and adjacent upland neighborhoods from storm surges and sea level rise.,0.0,2025-04-01,EDC,0.0,City Hall,165700000.0
161.0,1903-04-01,2022-09-01,2019-02-22T00:00:00.000,Installation of Brooklyn Bridge - Montgomery Coastal Resilience from Robert F. Wagner Sr. Place to Montgomery Street,-802000.0,2026-10-22,DDC,34901000.0,Mayors Office of Resiliency (MOR),534728000.0
1106.0,1902-04-12,2021-07-01,2017-06-01T00:00:00.000,4TH AVENUE SAFETY IMPROVEMENTS PHASE II - VISION ZERO GREAT STREETS,-987000.0,2024-06-17,DDC,-11525000.0,Transportation,61857000.0
1533.0,1901-05-24,2017-09-01,2017-03-31T00:00:00.000,New Fire Alarm and Sprinkler System at 360 Adams Street Kings County Supreme Courhouse,-7417000.0,2022-12-30,DDC,47003000.0,DCAS,39623232.0
223.0,1903-04-27,2021-07-01,2013-04-09T00:00:00.000,Empire Boulevard Safety Improvements,,2022-11-07,DDC,8554000.0,Transportation,25658000.0
3253.0,1900-07-11,2014-05-01,2012-06-07T00:00:00.000,"Reconstruction and restoration of Belgian block roadways in the DUMBO and Vinegar Hill communities concurrent with installation of new water main, combined sewers and storm sewers, plus construction of the Pearl Street Triangle Plaza.",389000.0,2016-04-24,DDC,96724000.0,Transportation,36674000.0
1.0,1902-06-27,2019-05-01,2019-01-01T00:00:00.000,"The construction of an approximately 230,000 sq ft municipal Public Health Lab building for DOHMH.",0.0,2025-01-01,EDC,19334959.71,DOHMH,613797320.29
189.0,1903-04-13,2022-09-01,2017-08-01T00:00:00.000,GREEN INFRASTRUCTURE IN OH-015 GRAVESEND BAY CSO PH 3,6390000.0,2025-11-19,DDC,-372000.0,Environmental Protection,49132000.0
1854.0,1901-06-28,2021-12-01,2014-01-01T00:00:00.000,"Priority mitigation projects for the repair/restoration and hazard mitigation for Bellevue Hospital, damaged during Superstorm Sandy",-1226084.0,2022-06-14,EDC,0.0,H+H,45581225.0
730.0,1901-07-28,2018-03-01,2017-04-01T00:00:00.000,The Project will improve the roadways and pedestrian facilities. The Project will consist of roadway reconstruction within Exterior Street between East 138th Street and East 150th Street.,0.0,2021-09-01,EDC,-5100000.0,EDC,84520367.0
503.0,1901-03-31,2021-12-01,2020-12-30T00:00:00.000,"This is the final phase of the Gilboa Dam reconstruction project and includes reforestation, final site stabilization and wetlands mitigation measures.",0.0,2025-07-31,DEP,-3079490.0,DEP,38329026.0
1086.0,1901-07-03,2020-01-01,2017-11-22T00:00:00.000,"CSO Facilities, bulkheads, pilots and other requirements to comply with Gowanus Canal Superfund Adminstrative Orders",19300000.0,2031-07-07,DEP,432995114.0,DEP,1446700000.0
,1903-07-25,2022-09-01,2021-06-11T00:00:00.000,This project will reconstruct Hamilton Fish Recreation Center.,,,DPR,0.0,DPR,33745000.0
0.0,1903-01-11,2022-04-01,2019-12-16T00:00:00.000,NEW SCHOOL,0.0,2024-09-03,SCA,0.0,DOE,79171750.0
1215.0,1901-05-30,2020-05-01,,,,,DDC,25273000.0,Environmental Protection,
1977.0,1901-05-23,2021-03-01,2016-07-27T00:00:00.000,Relocation of Brooklyn Civil and Housing Court to 210 Joralemon St,0.0,2024-08-01,DCAS,200931011.96,DCAS,251443000.0
2152.0,1900-04-22,2016-01-01,2014-10-22T00:00:00.000,Deck replacement of the Riverside Drive Viaduct / Bridge over W. 158th Street.,19799983.0,2020-07-13,DOT,96922794.0,DOT,83857407.18
1889.0,1902-02-27,2022-09-01,2018-09-10T00:00:00.000,"Replacement of combined sewer in 71st Street between Juniper Boulevard South and Queens Midtown Expressway, etc.",2240000.0,2027-10-30,DDC,27172000.0,Environmental Protection,75853000.0
714.0,1901-03-18,2020-01-01,2016-10-11T00:00:00.000,Replacement of the Esopus Creek Bridge & Route 28A Railroad Bridge,90000.5,2025-01-01,DEP,-50461071.35,DEP,86465105.0
340.0,1903-03-19,2023-01-01,2021-07-26T00:00:00.000,Fire Alarm and Sprinklers Upgrade,0.0,2027-02-26,DDC,0.0,DCAS,44469000.0
2315.0,1901-09-10,2018-08-01,2016-10-20T00:00:00.000,Reconstruction of Queens Blvd  between 73rd St and Eliot Avenue (Segment 2). Great Streets Vision Zero,0.0,2023-04-12,DDC,14201000.0,Transportation,71842000.0
153.0,1902-10-18,2021-12-01,2020-02-01T00:00:00.000,"Development, design, and construction of NYC Ferry Homeport II within Atlantic Basin.",-54340.0,2024-09-29,EDC,51220834.0,EDC,65000000.0
1449.0,1900-05-10,2019-09-01,2017-08-15T00:00:00.000,"Replace the 49th Avenue bridge over Long Island Railroad and Amtrak in Hunters Point, Queens.",500000.0,,DOT,32902419.0,DOT,117274000.0
1706.0,1901-04-28,2021-12-01,2014-12-01T00:00:00.000,Interior fit-out of the south site cultural unit.,0.0,2022-12-31,EDC,36789601.16,DCLA,51070000.0
595.0,1902-01-29,2018-03-01,2016-08-29T00:00:00.000,"Construction of storm sewers, sanitary sewers, water mains and Best Management Practice (BMP) NC-16 in Mason Avenue area",,2022-04-14,DDC,37691000.0,Environmental Protection,32709000.0
0.0,1903-02-24,2021-12-01,2021-04-15T00:00:00.000,,0.0,2028-09-01,DDC,642000.0,Transportation,42510000.0
1919.0,1901-07-26,2022-09-01,2017-08-01T00:00:00.000,"Construction of new Sanitation garage facility to serve Bronx community districts 9, 10, and 11 to be located at Zerega Avenue in the Bronx",0.0,2030-06-30,DSNY,268983862.56,DSNY,341795000.0
3238.0,1900-12-29,2021-03-01,2012-10-01T00:00:00.000,"This project will reconstruct the Hannah St. Pumping Station, the largest City-owned wastewater collection and pumping station on Staten Island.  Built in 1977, the facility has numerous deficiencies, needing  a comprehensive upgrade.",-984794.0,2024-06-05,DEP,67909196.8,DEP,102992162.23
-9.0,1902-12-29,2022-04-01,2021-05-25T00:00:00.000,"Install a Dechlorination System, replace the existing chlorination system including chemical storage tanks, metering pumps, electrical distribution equipment and upgrade the HVAC within the existing Chlorination Building.",-7117000.0,2027-03-27,DEP,-6856021.0,DEP,27562510.0
1029.0,1903-05-24,2023-01-01,2015-01-15T00:00:00.000,TRAVIS AVENUE WIDENING,0.0,2027-10-22,DDC,50000.0,Transportation,85637000.0
110.0,1902-06-11,2020-10-01,,,,,DDC,24815617.0,Health,
836.0,1900-04-29,2019-05-01,2000-02-14T00:00:00.000,"Repair the existing bridge and separate the NYCDOT and NYCT components. Includes new steel plate girders, concrete deck, pedestals, backwalls, sidewalks, and bridge railing.",569998.0,2022-05-29,DOT,22682117.0,DOT,72332349.0
0.0,1903-01-03,2021-12-01,2019-01-07T00:00:00.000,NEW SCHOOL,0.0,2025-09-03,SCA,0.0,DOE,251284250.0
586.0,1902-06-24,2022-04-01,2019-07-07T00:00:00.000,Headworks Improvements,0.0,2026-11-05,DEP,19975649.96,WWC,52030751.0
1467.0,1902-05-04,2019-09-01,2018-06-05T00:00:00.000,Trench Restoration in The Borough Of Brooklyn including Full Street Reconstruction,-1590000.0,2023-08-14,DDC,6536000.0,Transportation,25448000.0
2027.0,1901-07-09,2019-05-01,2017-09-28T00:00:00.000,"Replace the Metropolitan Avenue bridge over CSX Transport, Queens.",72555000.0,2027-02-19,DOT,4699394.0,DOT,68452394.0
1091.0,1901-11-02,2020-01-01,2018-04-16T00:00:00.000,SMLP portion for Hunts Point WRRF as part of the New York City Wastewater Resiliency Program.,-117400.25,2022-01-05,DEP,20080597.79,DEP,39936042.68
2797.0,1900-04-15,2017-09-01,2005-04-01T00:00:00.000,"Replace deteriorated members of lift span superstructure, concrete deck, lift electrical and mechanical systems, and fenders.",23354089.28,2021-10-17,DOT,39724388.0,DOT,191951546.0
549.0,1900-04-03,2015-02-01,2014-09-15T00:00:00.000,Replace the two Barberi class boats and the John F. Kennedy boat which are approaching the end of their useful lives with new Staten Island ferries. Replacement is needed to continue reliable service.,-16306318.0,2020-02-11,DOT,-238419180.0,DOT,244317052.0
214.0,1902-12-20,2023-01-01,2017-06-01T00:00:00.000,"Abatement, demolition, and replacement of shed with an upland park on Pier 42 in Manhattan.",0.0,2023-10-31,EDC,100000.0,DPR,60215737.0
0.0,1903-07-26,2023-01-01,2021-01-20T00:00:00.000,ADDITION,0.0,2025-09-03,SCA,0.0,DOE,89765450.0
642.0,1901-10-12,2023-01-01,2013-03-15T00:00:00.000,"Installation of Storm sewers, Sanitary sewers, & Water mains in Whitestone Area.",0.0,2023-05-31,DDC,41243000.0,Environmental Protection,110525000.0
1449.0,1900-05-10,2022-04-01,2017-08-15T00:00:00.000,"Replace the 49th Avenue bridge over Long Island Railroad and Amtrak in Hunters Point, Queens.",-104713600.0,2027-04-05,DOT,32902419.0,DOT,113934419.0
2869.0,1900-06-28,2014-01-01,2002-02-20T00:00:00.000,"Reconstruction of Pelham Parkway from the Bronx River Parkway to the Hutchinson River Parkway, including the north service road from Bronx Park East to Eastchester Road.",50000.0,2016-02-13,DDC,125164000.0,Transportation,33419000.0
0.0,1903-01-05,2022-09-01,2019-09-25T00:00:00.000,ADDITION / EXISTING SCHOOL RENOVATION WORK (PHASE I) / DEMOLITION (PHASE II),0.0,2024-09-03,SCA,0.0,DOE,86862349.0
1619.0,1902-03-02,2019-01-01,2018-09-10T00:00:00.000,"Southeast Queens Guy Brewer Spine I. Storm, Sanitary and WM in North Conduit Ave bet Bailsey Blvd and Guy Brewer Blvd. (Spine Guy Brewer Blvd)",29329000.0,2024-09-13,DDC,31711000.0,Environmental Protection,111364000.0
2027.0,1901-07-09,2019-01-01,2017-09-28T00:00:00.000,"Replace the Metropolitan Avenue bridge over CSX Transport, Queens.",-79371000.0,2027-03-15,DOT,4699394.0,DOT,-4102606.0
1355.0,1902-01-19,2023-01-01,2016-07-20T00:00:00.000,Demolish existing on-story facility. Construct a two-story new building for animal care center with a drive-through parking lot to meet the new program.,0.0,2025-12-30,DDC,21288000.0,Health,47132000.0
1865.0,1901-08-09,2019-09-01,2017-09-19T00:00:00.000,"Replace the Concourse Village Avenue bridge over Metro North, Bronx",0.0,,DOT,-186092.37,DOT,51068795.0
2857.0,1901-03-25,2022-04-01,2015-12-23T00:00:00.000,"Replacement of six bar screens, grit bin vibrator, six ring flushing pumps, six main sewage pumps and assoc. piping/valves and motor control center, replacement of four exhaust fans, gas and oxygen detectors and a 15 KVA transformer",0.0,2029-08-03,DEP,31867440.0,DEP,83229440.0
-67.0,1902-04-13,2022-09-01,2020-08-07T00:00:00.000,CAT-213,-16634236.0,2028-04-16,DEP,41950858.0,DEP,316432595.75
1452.0,1901-07-15,2019-09-01,,,,,EDC,27046705.0,H+H,
-388.0,1900-06-18,2019-05-01,2012-12-03T00:00:00.000,"Reconstruction of Bergen Avenue Area, including Storm Sewers, Water Mains, Street Lighting, Traffic Signal  Work, and reconstruction of new outfall at East Mill Basin.",2965000.0,2023-06-24,DDC,45837000.0,Transportation,36317000.0
1687.0,1901-03-29,2021-07-01,2014-03-17T00:00:00.000,"Replacement of Trunk Water Main in Bainbridge Avenue Between Gunhill Road and Holly Lane and in Jerome Avenue Between Holly Lane and E233th Street, etc.  Also, New 36"" WM in West Burnside Avenue & Phelan Place",5586000.0,2022-07-12,DDC,25547000.0,Environmental Protection,66046000.0
626.0,1902-10-04,2021-12-01,2019-07-01T00:00:00.000,"The South Bronx Crosstown SBS capital project (BRT) will add bus pads and construct bus bulbs, curb and median extensions, and pedestrian islands for enhanced pedestrian safety and access improvements.",1735000.0,2026-07-14,DDC,3130000.0,Transportation,53618000.0
549.0,1900-04-03,2019-05-01,2014-09-15T00:00:00.000,Replace one Barberi class boat and the John F. Kennedy boat which are approaching the end of their useful lives with new Staten Island ferries. Replacement is needed to continue reliable service.,21980482.0,2021-08-06,DOT,-238419180.0,DOT,349869872.0
0.0,1903-05-05,2022-04-01,2021-02-26T00:00:00.000,ADDITION,0.0,2024-09-03,SCA,-3902865.0,DOE,75688643.0
703.0,1902-10-15,2022-04-01,2018-11-19T00:00:00.000,This project will reconstruct the garage in Cunningham Park.,0.0,2024-07-29,DPR,0.0,DPR,27060000.0
1906.0,1901-09-09,2019-01-01,2016-08-11T00:00:00.000,Reconstruction of Queens Blvd between Roosevelt Ave and 73rd St. (Segment 1) Great Streets Vision Zero.,45747000.0,2024-11-28,DDC,176245000.0,Transportation,121613000.0
-712.0,1902-07-31,2021-07-01,2020-04-16T00:00:00.000,The project will provide hydraulic relief to Outfalls HP-007 and HP-009 by creating new sewers parallel to the existing combined sewers. It will also provide floatables control at Outfall HP-011 by replacing Regulator 5.,0.0,2028-12-14,DEP,1210235.0,WWC,184348203.0
29.0,1903-04-12,2022-09-01,2017-10-30T00:00:00.000,GREEN INFRASTRUCTURE IN OH-015 GRAVESEND BAY CSO PH 2,12938000.0,2024-12-09,DDC,13699000.0,Environmental Protection,55026000.0
-194.0,1903-04-16,2023-01-01,2020-03-02T00:00:00.000,,0.0,2025-04-14,DDC,-676000.0,Environmental Protection,138692000.0
1355.0,1902-01-19,2018-03-01,2016-07-20T00:00:00.000,Brooklyn Animal Care Center,,2022-04-15,DDC,21288000.0,Health,25844000.0
1839.0,1901-09-14,2019-05-01,2009-09-03T00:00:00.000,"Road Reconstruction, Water Main and Combined Sewer Work    E 177th Street from Devoe Ave to Bronx Park Ave     East Tremont Ave from Bronx Park Ave to Boston Rd    Devoe Ave from E 177th Street to East Tremont Ave",0.0,2022-11-15,DDC,25050000.0,Transportation,25776000.0
1854.0,1901-06-28,2022-09-01,2014-01-01T00:00:00.000,"Priority mitigation projects for the repair/restoration and hazard mitigation for Bellevue Hospital, damaged during Superstorm Sandy",5149087.0,2023-09-18,EDC,0.0,H+H,50941375.0
790.0,1901-07-13,2019-05-01,2005-07-25T00:00:00.000,Construction of new Sanitation garage facility for services to Brooklyn Community District 3 to be located at Warsoff Place in Brooklyn,10000.0,2023-01-31,DSNY,25603365.0,DSNY,204347986.93
365.0,1902-10-23,2022-04-01,2019-02-01T00:00:00.000,ADDITION / PLAYGROUND REDEVELOPMENT PROJECT,0.0,2023-09-03,SCA,0.0,DOE,63735015.0
1906.0,1901-09-09,2020-01-01,,,,,DDC,176245000.0,Transportation,
1970.0,1901-08-16,2019-01-01,2015-04-09T00:00:00.000,"This project includes the replacement of the upper roadway's deck on the main bridge along with steel repairs, fire standpipes, and lighting upgrades.",-50158011.74,2022-10-28,DOT,8567339.67,DOT,336460221.26
1706.0,1901-04-28,2017-09-01,2014-12-01T00:00:00.000,Interior fit-out of the south site cultural unit.,25507181.33,2019-11-30,EDC,36789601.16,DCLA,32833212.23
1592.0,1900-04-21,2016-11-01,1995-01-17T00:00:00.000,"Repair abutments, piers, approaches, and the steel superstructure; replace reinforced concrete deck.",58037000.0,2021-09-13,DOT,20945057.0,DOT,123782169.0
2003.0,1900-04-10,2015-02-01,2003-03-10T00:00:00.000,Repair the bridge superstructure and substructure and install a new concrete-filled steel grid deck.,-5710999.0,2023-01-11,DOT,23798213.0,DOT,142097340.0
1521.0,1902-02-08,2018-08-01,2017-03-06T00:00:00.000,Rehab Of Queens District 11/13 Sanitation Garage,272000.0,2022-10-31,DDC,36221000.0,Sanitation,38097000.0
0.0,1903-01-11,2022-09-01,2019-12-16T00:00:00.000,NEW SCHOOL,0.0,2024-09-03,SCA,0.0,DOE,79171750.0
186.0,1902-12-25,2021-07-01,2020-03-23T00:00:00.000,"This project will reconstruct the pool, entrance and interior spaces of the Hansborough Recreation Center.",,,DPR,-4700000.0,DPR,41368800.0
586.0,1902-06-24,2022-09-01,2019-07-07T00:00:00.000,Headworks Improvements,0.0,2026-08-14,DEP,19975649.96,WWC,52030751.0
2445.0,1901-03-19,2023-01-01,2014-06-17T00:00:00.000,Reconstruction of the Port Jervis WWTP as required based on the effluent limits proposed by the Delaware River Basin Commission (DRBC),0.0,2026-10-04,DEP,9428438.55,DEP,60624916.55
1645.0,1901-06-17,2020-01-01,2019-06-17T00:00:00.000,Replace the existing structure (swing-type bridge) with a new bridge; located between Gardner Avenue in Brooklyn and 47th Street in Queens.,-256.0,,DOT,160682490.0,DOT,140802744.0
1467.0,1902-05-04,2022-09-01,2018-06-05T00:00:00.000,Trench Restoration in The Borough Of Brooklyn including Full Street Reconstruction,-210000.0,2025-09-13,DDC,6536000.0,Transportation,33429000.0
2180.0,1901-03-07,2021-03-01,,,,,DDC,117177000.0,Environmental Protection,
487.0,1902-05-08,2020-10-01,2017-10-01T00:00:00.000,The East Midtown Waterfront Greenway project involves the creation of a waterfront esplanade between East 53rd and East 59th Streets.,0.0,2022-11-30,EDC,24840000.0,EDC,130000000.0
1290.0,1901-07-27,2022-04-01,2016-06-08T00:00:00.000,"This project is construction of infrastructure and streetscape improvements in Sunset Park from 37th to 43rd Streets, between the Gowanus Expressway and the waterfront - to activate the waterfront and promote future development.",0.0,2024-04-30,EDC,31633941.69,Mayor's Office,37500000.0
1097.0,1902-02-28,2021-12-01,2018-05-09T00:00:00.000,"SPRINGFIELD GARDENS RECONSTRUCTION PHASE 5; STORM AND SANITARY SEWER EXTENSIONS AND UPGRADES AND WATER MAIN REPLACEMENT IN 146TH AVENUE BETWEEN 153RD PLACE AND 159TH STREET, ETC, BOROUGH OF QUEENS (HWQ662G)",-1161000.0,2026-03-25,DDC,35414000.0,Environmental Protection,112247000.0
-74.0,1901-09-08,2019-01-01,2015-06-01T00:00:00.000,"Reconstruction of West 14, 15, 16, 17, 18 and 19th Streets from Crossbay Blvd to to Dead End",9579000.0,2025-01-10,DDC,61781000.0,Transportation,43870000.0
1706.0,1901-04-28,2019-09-01,2014-12-01T00:00:00.000,Interior fit-out of the south site cultural unit.,-2000000.0,2022-07-31,EDC,36789601.16,DCLA,51070000.0
663.0,1902-06-17,2019-05-01,,,,,DDC,-1940000.0,DCAS,
-8.0,1900-07-24,2018-08-01,2008-06-19T00:00:00.000,"Roadway reconstruction and installation of new storm sewers and the replacement of sanitary sewers and water mains in the Midland Beach section, Staten Island.",35936000.0,2020-09-21,DDC,62973000.0,Trans. & Env. Protection,98030000.0
3253.0,1900-07-11,2020-10-01,,,,,DDC,96724000.0,Transportation,
1845.0,1901-07-11,2019-09-01,2017-10-03T00:00:00.000,"Repair the Cross Island bridge over 115th Avenue/Dutch Broadway, Queens.",-85000.0,,DOT,17528706.0,DOT,25753171.0
913.0,1902-09-17,2023-01-01,2015-02-16T00:00:00.000,Trunk Water Main replacement in East New York Avenue between Howard Avenue and Pacific Street; Jamaica Avenue between Herkimer Street and Vermont Street; and Atlantic Avenue between Van Sinderen Avenue and Pennsylvania Avenue.,0.0,2024-09-09,DDC,29337000.0,Environmental Protection,102950000.0
2003.0,1900-04-10,2019-01-01,2003-03-10T00:00:00.000,Repair the bridge superstructure and substructure and install a new concrete-filled steel grid deck.,2021989.0,2020-08-28,DOT,23798213.0,DOT,108591109.0
1421.0,1901-10-28,2019-05-01,2019-04-15T00:00:00.000,"Reconstruction of Aqueduct structures; Replacement of mechanical equipment; cleaning the aqueduct interior & rehabilitation & repair of cracks & leaks. All relevent assessments, investigations, piloting, plans and reports.",16000000.0,2025-06-01,DEP,-65760729.0,DEP,331260845.0
1919.0,1901-07-26,2020-01-01,2017-08-01T00:00:00.000,"Construction of new Sanitation garage facility to serve Bronx community districts 9, 10, and 11 to be located at Zerega Avenue in the Bronx",8707805.66,2027-12-31,DSNY,268983862.56,DSNY,309572342.66
525.0,1902-11-04,2023-01-01,2022-09-01T00:00:00.000,"Design for the reconstruction or  rehabilitation of the Paerdegat, Avenue U, and 19th Street Pumping Stations.",0.0,2027-05-09,DEP,-8003328.0,DEP,101030936.0
636.0,1902-12-08,2021-03-01,,,,,DOT,-785268.0,NYC Parks,
0.0,1903-01-06,2022-09-01,2020-03-13T00:00:00.000,NEW SCHOOL / PLAYGROUND REDEVELOPMENT,0.0,2024-09-03,SCA,-505800.0,DOE,80509310.0
684.0,1901-10-13,2022-04-01,2016-07-15T00:00:00.000,"Installation of  Storm sewers, Sanitary sewers, & Water mains in Whitestone Area-Phase 3",155000.0,2024-08-21,DDC,15468000.0,Environmental Protection,76746000.0
2113.0,1901-01-22,2019-01-01,2013-09-30T00:00:00.000,Installation of trunk and distribution water mains for the 3rd water tunnel shaft 32B at 2nd Avenue.,0.0,2021-06-02,DDC,-7266000.0,Environmental Protection,45800000.0
304.0,1903-05-08,2021-12-01,,"Comprehensive modernization of  existing end-of-life DataShare and DataBridge platforms to guarantee DoITT can maintain ongoing support, evolution, and growth of the DoITT agency-integration and data-sharing eco-system",,2024-06-30,DOITT,0.4,DoITT,92807744.77
1712.0,1901-02-26,2021-07-01,2013-07-01T00:00:00.000,"NR-COGEN, ACECOGEN, SANDNR",-28986.3,2023-03-02,DEP,134242052.88,DEP,277744634.7
813.0,1902-04-28,2020-01-01,,,,,DDC,8657000.0,Environmental Protection,
,1903-05-10,2023-01-01,,"Build-out of Varick. Pending DCAS to execute the lease, which is expected this summer. Once executed DCAS will take over management of the capital project and work with the landlord to perform the work.",0.0,,DOT,0.0,DOT,31462000.0
664.0,1902-03-21,2018-08-01,2017-02-06T00:00:00.000,"Rehabilitation of East 180th Street Bridge over Metro North Railroad, the Bronx",812000.0,2022-01-02,DOT,4194366.0,DOT,30850945.0
1571.0,1901-06-20,2018-08-01,2017-05-30T00:00:00.000,Replace the Promenade over FDR between East 81st to 90th Streets in Manhattan.,350000.0,2025-10-31,DOT,-197139579.0,"DOT, DPR",348754421.0
1448.0,1901-04-20,2021-07-01,2016-07-19T00:00:00.000,"RECONSTRUCTION OF GRAND CONCOURSE FROM E 175 ST TO EAST FORDHAM RD- PHASE 4, BX",-962000.0,2023-06-13,DDC,57634000.0,Transportation,87464000.0
119.0,1902-11-07,2022-04-01,2019-01-30T00:00:00.000,"Contract C547A is for the construction of two shafts (17B-1 and 18B-1) on City Tunnel No. 3 (CT3), Stage 2 in Queens and Brooklyn",466074.28,2027-01-24,DEP,3150108.42,DEP,438646645.87
642.0,1901-10-12,2019-01-01,2013-03-15T00:00:00.000,"Whitestone Area, Willets Point Blvd, Queens",971000.0,2022-09-15,DDC,41243000.0,Environmental Protection,95233000.0
1290.0,1901-07-27,2019-09-01,2016-06-08T00:00:00.000,"This project is construction of infrastructure and streetscape improvements in Sunset Park from 37th to 43rd Streets, between the Gowanus Expressway and the waterfront - to activate the waterfront and promote future development.",0.0,2022-06-15,EDC,31633941.69,Mayor's Office,37500000.0
1029.0,1901-12-03,2019-01-01,2019-01-30T00:00:00.000,"Repair the Pelham Bay Equestrian Park bridge over Amtrak, the Bronx",-40120003.0,2026-10-21,DOT,137997.0,DPR,1208997.0
836.0,1900-04-29,2020-01-01,2000-02-14T00:00:00.000,"Repair the existing bridge and separate the NYCDOT and NYCT components. Includes new steel plate girders, concrete deck, pedestals, backwalls, sidewalks, and bridge railing.",-42524676.0,,DOT,22682117.0,DOT,74191379.0
1521.0,1902-02-08,2021-07-01,2017-03-06T00:00:00.000,"The Department of Sanitation of the City of New York (DSNY) is planning to rehabilitate Queens Districts 11 and 13 garage. The renovation serving both districts is to extend the useful life of the facility through rehabilitation of the building structure and systems. The renovation includes: Extensive structural work that includes the replacement of reinforced concrete slabs and stiffening of the existing steel frame, select replacement of building MEP systems, including BMS systems, architectural renovation of the entire building, study and implementation of deep energy conservation measures (DECMs), and site work which includes new landscape work and replacement of sidewalks and driveways. Rehabilitation is required to meet LEED Silver requirements.",4463000.0,2025-06-30,DDC,36221000.0,Sanitation,72557000.0
0.0,1903-07-16,2023-01-01,2021-03-04T00:00:00.000,CSO-FC-DF - Flushing Creek CSO Disinfection Project,-45000.0,2029-01-18,DEP,-45000.0,BWT,79666413.0
,1903-03-28,2022-04-01,2022-04-18T00:00:00.000,,0.0,,DDC,500000.0,Parks & Recreation,98367000.0
1736.0,1902-05-10,2022-09-01,2018-09-01T00:00:00.000,Regrading and reconstruction of 33rd Street Viaduct between 11th and 12th Avenue..,0.0,2026-11-30,EDC,0.0,DOT,100000000.0
1619.0,1902-03-02,2020-05-01,,,,,DDC,31711000.0,Environmental Protection,
256.0,1901-02-12,2014-01-01,2012-03-23T00:00:00.000,"To address existing leaks in the Delaware Aqueduct, a 3-mile bypass tunnel will be constructed near the town of Roseton and the existing tunnel will be repaired near the town of Wawarsing.",28324.0,2024-05-01,DEP,202552329.25,DEP,705942366.0
1238.0,1902-02-22,2019-09-01,2017-01-04T00:00:00.000,Installation of storm sewers at 224th St and 149th Ave and along the access road through Idlewild Parks known as Springfield Lane (Spine Farmers Blvd),0.0,2023-11-29,DDC,155854000.0,Environmental Protection,102946000.0
1684.0,1901-02-09,2017-04-01,2008-12-01T00:00:00.000,"This project will rehabilitate the mechanics and the architecture of the Shandaken Tunnel Intake Chamber, which includes the replacement of gates and general site improvements.",11359228.0,2021-01-01,DEP,33535991.2,DEP,65207241.0
714.0,1901-03-18,2018-03-01,2016-10-11T00:00:00.000,Replacement of the Esopus Creek Bridge & Route 28A Railroad Bridge,1113910.66,2024-05-20,DEP,-50461071.35,DEP,91385531.0
3241.0,1901-03-24,2019-05-01,2018-08-02T00:00:00.000,"Replacement of thickener pumps, piping, sludge pumps, mixing pumps, recirculation pumps, spray water pumps, and heat exchangers. Install Gravity Belt Thickener, GBT pumps, polymer feed system.  Rehab of Thickeners, Sludge Box, and Distribution Box.",29421575.0,2024-09-06,DEP,57138101.3,DEP,73093185.0
921.0,1901-12-21,2022-04-01,2018-11-01T00:00:00.000,SMLP portion for Red Hook WWTP as part of the New York City Wastewater Resiliency Program.,-45946.04,2022-09-01,DEP,13549422.97,DEP,39078898.98
1355.0,1902-01-19,2022-09-01,2016-07-20T00:00:00.000,Demolish existing on-story facility. Construct a two-story new building for animal care center with a drive-through parking lot to meet the new program.,1770000.0,2025-09-11,DDC,21288000.0,Health,47132000.0
0.0,1902-12-24,2021-07-01,2019-08-29T00:00:00.000,NEW SCHOOL,-1926038.0,2024-09-03,SCA,-1926038.0,DOE,93838545.0
2113.0,1901-01-22,2018-03-01,2013-09-30T00:00:00.000,Installation of trunk and distribution water mains for the 3rd water tunnel shaft 32B at 2nd Avenue.,0.0,2020-06-03,DDC,-7266000.0,Environmental Protection,46482000.0
1535.0,1901-08-08,2017-09-01,2016-04-29T00:00:00.000,"Install, remove, and furnish equipment for electrical work associated with traffic signals, lighting, and distribution systems in Central Park, Manhattan.",-49999.6,2019-06-18,DOT,-3323649.6,DOT,42329126.0
1355.0,1902-01-19,2021-03-01,,,,,DDC,21288000.0,Health,
1477.0,1901-06-24,2021-03-01,,,,,DOT,-19049921.84,DOT,
1449.0,1900-05-10,2018-08-01,2017-08-15T00:00:00.000,"Replace the 49th Avenue bridge over Long Island Railroad and Amtrak in Hunters Point, Queens.",-500000.0,2024-06-13,DOT,32902419.0,DOT,81595000.0
0.0,1902-12-14,2022-04-01,,,,,FDNY,-8074214.27,,
1306.0,1901-12-22,2021-03-01,2018-06-11T00:00:00.000,Throgs Neck Pumping Station Rehabilitation and Improvements,1.19,2024-05-29,DEP,25708336.86,DEP,56696739.69
3597.0,1900-07-22,2014-05-01,2013-02-13T00:00:00.000,"Reconstruct roadway and extend storm and sanitary sewers in portions of Brookville Boulevard, Edgewood Street, 147th Avenue, and adjacent streets west of 241st Street.",435000.0,2018-10-10,DDC,106503000.0,Transportation,28571000.0
664.0,1902-03-21,2018-03-01,2017-02-06T00:00:00.000,"Rehabilitation of East 180th Street Bridge over Metro North Railroad, the Bronx",,2021-12-04,DOT,4194366.0,DOT,30038945.0
-8.0,1900-07-24,2019-01-01,2008-06-19T00:00:00.000,"Roadway reconstruction and installation of new storm sewers and the replacement of sanitary sewers and water mains in the Midland Beach section, Staten Island.",-12700000.0,2022-06-28,DDC,62973000.0,Trans. & Env. Protection,85330000.0
1645.0,1901-06-17,2022-09-01,2019-06-17T00:00:00.000,Replace the existing structure (swing-type bridge) with a new bridge; located between Gardner Avenue in Brooklyn and 47th Street in Queens.,2720000.0,2031-07-28,DOT,160682490.0,DOT,282342490.0
1839.0,1901-09-14,2020-01-01,,,,,DDC,25050000.0,Transportation,
836.0,1902-02-11,2018-03-01,2017-04-01T00:00:00.000,East Side Coastal Resiliency - East 23rd St. to Montgomery St.,,2024-05-01,DDC,-418193636.37,Parks & Recreation,510854000.0
1919.0,1901-07-26,2021-07-01,2017-08-01T00:00:00.000,"Construction of new Sanitation garage facility to serve Bronx community districts 9, 10, and 11 to be located at Zerega Avenue in the Bronx",0.0,2029-09-30,DSNY,268983862.56,DSNY,337050342.66
484.0,1902-10-08,2021-07-01,,,,,DDC,6153000.0,Transportation,
913.0,1902-08-19,2023-01-01,2015-09-30T00:00:00.000,Mixed-use residential community on Staten Island's North Shore.,0.0,2027-05-03,EDC,100733778.0,EDC,199141423.0
711.0,1901-09-25,2021-12-01,2014-09-30T00:00:00.000,"Design and build a new Police Precinct with full basement totaling 43,000 sq. ft. on an existing City owned property in the Bronx.",200000.0,2022-10-26,DDC,26020000.0,Police,80953000.0
549.0,1900-04-03,2023-01-01,2014-09-15T00:00:00.000,Replace one Barberi class boat and the John F. Kennedy boat which are approaching the end of their useful lives with new Staten Island ferries. Replacement is needed to continue reliable service.,34000.0,,DOT,-238419180.0,DOT,22204190.0
256.0,1901-02-12,2020-10-01,2012-03-23T00:00:00.000,"To address existing leaks in the Delaware Aqueduct, a 3-mile bypass tunnel will be constructed near the town of Roseton and the existing tunnel will be repaired near the town of Wawarsing.",3444754.6,2023-04-28,DEP,202552329.25,DEP,884917571.3
1840.0,1902-09-07,2021-07-01,2016-12-15T00:00:00.000,PRELIMINARY AND FINAL DESIGN SERVICES FOR RECONSTRUCTION OF WESTBOURNE NORTON DRIVE.   BOROUGH OF QUEENS,-6189000.0,2029-09-26,DDC,47223000.0,Transportation,39253000.0
,1903-10-04,2023-01-01,2012-12-10T00:00:00.000,Repair and Rehabilitation of Interceptor Sewers at Various Locations in the Boroughs of Manhattan and The Bronx.,,2024-06-13,DDC,,Environmental Protection,30611000.0
366.0,1902-10-24,2021-12-01,2019-01-29T00:00:00.000,ADDITION / WORK IN SUPPORT OF ADDITION / FIRE ALARM SYSTEM,0.0,2024-09-03,SCA,5307201.0,DOE,89707695.0
0.0,1903-05-06,2021-12-01,2021-03-24T00:00:00.000,NEW SCHOOL,,2024-09-03,SCA,9539089.0,DOE,133550326.0
,1903-07-03,2023-01-01,2022-02-10T00:00:00.000,This project will reconstruct the roof of the Flushing Meadows Corona Park Aquatic Center.,0.0,,DPR,0.0,DPR,33146000.0
1415.0,1902-01-10,2021-03-01,,,,,DDC,22503000.0,Transportation,
226.0,1900-07-09,2022-04-01,2017-03-29T00:00:00.000,"Reconstruction of Wyckoff Avenue from Flushing Avenue to Cooper Avenue, in the Boroughs of Brooklyn and Queens..",2525000.0,2028-03-30,DDC,43926000.0,Trans. & Env. Protection,76517000.0
1091.0,1901-11-02,2019-09-01,2018-04-16T00:00:00.000,SMLP portion for Hunts Point WRRF as part of the New York City Wastewater Resiliency Program.,0.0,2021-08-16,DEP,20080597.79,DEP,40053442.93
1684.0,1901-06-05,2021-03-01,2015-11-13T00:00:00.000,Power Distribution at Bowery Bay WWTP.,0.0,2023-01-27,DEP,24235381.01,DEP,68873764.13
1712.0,1901-02-26,2015-08-01,2013-07-01T00:00:00.000,This project will replace the 10 existing pump and blower engines with electric motors for the main sewage pumps and a new cogeneration facility consisting of 5 new dual fuel engines and electrical service distribution upgrades.,40404281.0,2020-09-13,DEP,134242052.88,DEP,194860876.0
942.0,1902-05-07,2019-09-01,2018-11-30T00:00:00.000,"The restoration of the existing landmarked Orchard Beach Pavilion (located in Bronx, NY) which includes the construction of an ADA ramp at the main entrance of the Pavilion to improve accessibility to the beach passageway.",0.0,2022-08-01,EDC,35628847.0,DPR,60000000.0
1064.0,1902-08-13,2022-09-01,2017-11-01T00:00:00.000,"Rehabilitation of garage that serves Bronx Community District 12 located at 1635 East 233rd Street, Bronx.",0.0,2027-12-31,DSNY,0.0,DSNY,57376185.0
2003.0,1900-04-10,2020-05-01,2003-03-10T00:00:00.000,Repair the bridge superstructure and substructure and install a new concrete-filled steel grid deck.,2793000.0,,DOT,23798213.0,DOT,119994667.0
2266.0,1901-01-04,2020-05-01,,,,,DDC,39272000.0,Environmental Protection,
1720.0,1901-08-10,2018-08-01,2017-10-05T00:00:00.000,"Replace the East 156th Street bridge over Access to Housing, Bronx.",0.0,2024-09-05,DOT,-363846.0,DOT,65500000.0
819.0,1902-04-22,2022-09-01,2018-07-17T00:00:00.000,The construction of Southern Brooklyn Crosstown Select Bus Service (SBS),4871000.0,2026-09-17,DDC,29789000.0,Transportation,91085000.0
1243.0,1901-07-14,2017-04-01,2016-02-01T00:00:00.000,"Renovation of CIH to advance the City’s resiliency plan, repair damages,  and protect the hospital from future disasters.",0.0,2022-08-08,EDC,30635879.93,H+H,665168171.0
3597.0,1900-07-22,2021-12-01,2012-08-17T00:00:00.000,"Reconstruct roadway and extend storm and sanitary sewers in portions of Brookville Boulevard, Edgewood Street, 147th Avenue, and adjacent streets west of 241st Street.",-260000.0,2027-04-21,DDC,106503000.0,Transportation,93875000.0
153.0,1902-10-18,2021-07-01,2020-02-01T00:00:00.000,"Development, design, and construction of NYC Ferry Homeport II within Atlantic Basin.",54340.0,2023-09-30,EDC,51220834.0,EDC,65054340.0
0.0,1903-01-05,2021-07-01,2019-09-25T00:00:00.000,ADDITION / EXISTING SCHOOL RENOVATION WORK (PHASE I) / DEMOLITION (PHASE II),,2024-09-03,SCA,0.0,DOE,86862349.0
-8.0,1900-07-24,2021-07-01,2014-10-15T00:00:00.000,"Installation of Storm, Sanitary Sewers in the following Streets:=================================1- Cedar Grove Avenue between Ebbitts Street and new Dorp Lane.2- Milton Avenue between Ebbitts Street and new Dorp Lane.3- Finley Avenue between Ebbitts Street and new Dorp Lane.4- Roma Avenue between Ebbitts Street and new Dorp Lane.5- Hett Avenue between Ebbitts Street and new Dorp Lane.6- Marine Way between Cedar Grove and Milton Avenue7- Beacon Avenue between Roma Avenue and Milton Avenue.8- Dustan Avenue between Marine way and Milton Avenue.9- Garibaldi Avenue between Roma Avenue and Cedar Grove Avenue.10- Cedar Grove Court between Cedar Grove Avenue and Dustan Street.11- Topping Street between Cedar Grove Avenue and Dustan Street.12- Center Way between Cedar Grove Avenue and Dustan Street.13- Neptune Street between Cedar Grove Avenue and Dustan Street.14- Seafoam Street between Cedar Grove Avenue and Dustan Street.15- Waterside Street between Cedar Grove Avenue and Dustan Street.16- Maple Terrace between Cedar Grove Avenue and Dustan Street.17- Herman Street between Cedar Grove Avenue and Dustan Street.18- Neutral Avenue between Cedar Grove Avenue and Dustan Street.19- Milbank Drive between Cedar Grove Avenue and Dustan Street.",-6642000.0,2023-06-20,DDC,62973000.0,Trans. & Env. Protection,91854000.0
1834.0,1902-03-03,2020-05-01,,,,,DDC,7404000.0,Environmental Protection,
3241.0,1901-03-24,2020-10-01,2018-08-02T00:00:00.000,"Replacement of thickener pumps, piping, sludge pumps, mixing pumps, recirculation pumps, spray water pumps, and heat exchangers. Install Gravity Belt Thickener, GBT pumps, polymer feed system.  Rehab of Thickeners, Sludge Box, and Distribution Box.",0.0,2025-06-03,DEP,57138101.3,DEP,78425184.91
1238.0,1902-02-22,2023-01-01,2016-01-04T00:00:00.000,Installation of storm sewers at 224th St and 149th Ave and along the access road through Idlewild Parks known as Springfield Lane (Spine Farmers Blvd),0.0,2026-04-20,DDC,155854000.0,Environmental Protection,157553000.0
1630.0,1902-04-26,2020-01-01,,,,,DDC,14480000.0,Transportation,
3597.0,1900-07-22,2013-09-01,2013-02-13T00:00:00.000,"Reconstruct roadway and extend storm and sanitary sewers in portions of Brookville Boulevard, Edgewood Street, 147th Avenue, and adjacent streets west of 241st Street.",,2018-10-10,DDC,106503000.0,Transportation,28136000.0
1036.0,1902-05-11,2022-04-01,2019-06-13T00:00:00.000,Reconstruction of bulkhead and piers at 79th St Boat Basin on behalf of NYCDPR .,0.0,2025-09-08,EDC,-1131246.67,DPR,89219175.0
1215.0,1901-05-30,2022-04-01,2014-03-17T00:00:00.000,"Reconstruction of Storm and Sanitary sewer, Trunk and distribution water main in Coney Island area - Phase 3A, Borough of Brooklyn",0.0,2023-11-27,DDC,25273000.0,Environmental Protection,63020000.0
2797.0,1900-04-15,2016-06-01,2005-04-01T00:00:00.000,"Replace deteriorated members of lift span superstructure, concrete deck, lift electrical and mechanical systems, and fenders.",1592982.64,2020-11-13,DOT,39724388.0,DOT,169946545.64
1684.0,1901-06-05,2022-04-01,2015-11-13T00:00:00.000,Power Distribution at Bowery Bay WWTP.,0.0,2024-03-29,DEP,24235381.01,DEP,68873764.13
,1903-09-29,2023-01-01,2022-06-27T00:00:00.000,Construction of ROW Green Infrastructure in CI005 Phase 2,,2025-08-27,DDC,,Environmental Protection,36486000.0
1415.0,1902-01-10,2021-12-01,2016-12-16T00:00:00.000,Reconstruction of Arthur Kill Rd from Clark Avenue to Richmond Avenue including widening of roadway,-2000.0,2025-10-30,DDC,22503000.0,Transportation,48243000.0
226.0,1900-07-09,2019-05-01,2017-03-29T00:00:00.000,"Reconstruction of Wyckoff Avenue from Flushing Avenue to Cooper Avenue, in the Boroughs of Brooklyn and Queens..",-30403000.0,2023-03-29,DDC,43926000.0,Trans. & Env. Protection,43745000.0
1110.0,1902-01-18,2019-09-01,2017-09-18T00:00:00.000,Feasibility Study for the repair and or restoration for Porpoise (Tide Gate)  Bridge in Flushing Meadows Corona Park.,0.0,2024-07-23,DDC,82000.0,Transportation,64905000.0
226.0,1900-07-09,2017-09-01,2008-06-10T00:00:00.000,"Reconstruction of Wyckoff Avenue from Flushing Avenue to Cooper Avenue, in the Boroughs of Brooklyn and Queens.",170000.0,2030-01-13,DDC,43926000.0,Trans. & Env. Protection,47099000.0
813.0,1902-04-28,2019-01-01,2016-09-30T00:00:00.000,High Level Storm Sewer Installation and Water Main Replacement in Gowanus Canal Phase II in the Borough of Brooklyn.,511000.0,2021-09-29,DDC,8657000.0,Environmental Protection,34191000.0
1155.0,1902-02-26,2020-01-01,,,,,DDC,94201000.0,Environmental Protection,
1533.0,1901-05-24,2022-09-01,2017-03-31T00:00:00.000,"Brooklyn Supreme Court, Fire Alarm, Sprinkler, 360 Adams Street - New addressable fire detection and alarm system and new sprinkler system.",120000.0,2026-09-29,DDC,47003000.0,DCAS,90313000.0
0.0,1903-01-04,2023-01-01,2020-08-12T00:00:00.000,NEW SCHOOL,0.0,2024-09-03,SCA,1339880.0,DOE,94126570.0
2266.0,1901-01-04,2018-03-01,2014-12-02T00:00:00.000,"Replacement of trunk water main on Flatbush Avenue between Sterling place and 8th Avenue in addition to the distribution water main in 6th Avenue between Union Street and Park Place, and sections of adjoining streets.",0.0,2021-07-12,DDC,39272000.0,Environmental Protection,49463000.0
1400.0,1901-06-02,2022-04-01,2016-08-04T00:00:00.000,"PED. SAFETY UPGRADES ON ATLANTIC AVE - PH 2, BROOKLYN",469000.0,2024-05-30,DDC,10136496.0,Transportation,40013000.0
1553.0,1902-04-29,2019-09-01,2018-01-22T00:00:00.000,Installation of new building wide fire alarm and sprinkler distribution for 253 Broadway,0.0,2022-05-05,DDC,17827000.0,DCAS,29634000.0
3253.0,1900-07-11,2016-06-01,2012-06-07T00:00:00.000,"Reconstruction and restoration of Belgian block roadways in the DUMBO and Vinegar Hill communities concurrent with installation of new water main, combined sewers and storm sewers, plus construction of the Pearl Street Triangle Plaza.",411000.0,2018-11-23,DDC,96724000.0,Transportation,47094000.0
1188.0,1902-04-20,2019-05-01,2018-06-27T00:00:00.000,"New Utrech branch library is a comprehensive interior and exterior renovation which includes new fire alarm/ BMS, new interior layout, new HVAC, new roof, exterior rehabilitation and landscape.",0.0,2024-06-18,DDC,290000.0,Libraries-BPL,26368000.0
1517.0,1901-04-22,2018-08-01,2015-06-19T00:00:00.000,"Project to ensure the reliability of the 74 mile upper Catskill Aqueduct, including replacement of mechanical components, leak mitigation, and biofilm removal/condition assessment.",-41920214.0,2021-07-17,DEP,9642889.68,DEP,202601657.0
942.0,1902-05-07,2022-09-01,2018-11-30T00:00:00.000,"The restoration of the existing landmarked Orchard Beach Pavilion (located in Bronx, NY) which includes the construction of an ADA ramp at the main entrance of the Pavilion to improve accessibility to the beach passageway.",0.0,2025-02-28,EDC,35628847.0,DPR,87652588.0
836.0,1900-04-29,2016-06-01,2000-02-14T00:00:00.000,"Repair the existing bridge and separate the NYCDOT and NYCT components. Includes new steel plate girders, concrete deck, pedestals, backwalls, sidewalks, and bridge railing.",267935.25,2020-05-09,DOT,22682117.0,DOT,65702486.6
256.0,1901-02-12,2016-11-01,2012-03-23T00:00:00.000,"To address existing leaks in the Delaware Aqueduct, a 3-mile bypass tunnel will be constructed near the town of Roseton and the existing tunnel will be repaired near the town of Wawarsing.",2020719.0,2022-09-26,DEP,202552329.25,DEP,874643997.83
2363.0,1901-03-23,2022-04-01,2016-02-24T00:00:00.000,"Improvements to: fencing, vegetation, roadway, drainage, ext. above-ground retaining walls. Including repair of dam inlet archway & wingwall, re-pointing of stones & reinforcement of east reservoir wall, & leakage/seepage protection within OCA.",0.0,2026-12-29,DEP,-833277.14,DEP,57255623.09
1110.0,1902-01-18,2021-07-01,2017-09-18T00:00:00.000,Feasibility Study for the repair and or restoration for Porpoise (Tide Gate)  Bridge in Flushing Meadows Corona Park.,-1980000.0,2025-12-14,DDC,82000.0,Transportation,62925000.0
612.0,1902-10-11,2022-04-01,2019-05-29T00:00:00.000,"This project will construct Grant Park, including converting the roadbed to recreational space.",0.0,2025-01-27,DPR,1489000.0,DPR,32590000.0
1188.0,1902-04-20,2021-12-01,2018-06-27T00:00:00.000,"New Utrech branch library is a comprehensive interior and exterior renovation which includes new fire alarm/ BMS, new interior layout, new HVAC, new roof, exterior rehabilitation and landscape.",0.0,2026-11-27,DDC,290000.0,Libraries-BPL,26658000.0
2697.0,1901-12-08,2023-01-01,2019-02-07T00:00:00.000,"Repair the Harlem River Drive Ramp to George Washington Bridge over Harlem River Drive Southbound (Trans-Manhattan Expressway), Manhattan",-1716416.0,2035-09-02,DOT,-3711870.0,DOT,425871130.0
2846.0,1901-11-26,2021-03-01,,,,,DOT,-621966.0,DOT,
2027.0,1901-07-09,2020-10-01,2017-09-28T00:00:00.000,"Replace/Rehab the Metropolitan Avenue bridge over CSX Transport, Queens.",0.0,2029-10-24,DOT,4699394.0,DOT,72801394.0
0.0,1903-01-06,2021-12-01,2020-03-13T00:00:00.000,NEW SCHOOL / PLAYGROUND REDEVELOPMENT,0.0,2024-09-03,SCA,-505800.0,DOE,81015110.0
1248.0,1901-10-26,2022-09-01,2015-09-15T00:00:00.000,Replace existing administration wing; provide new parking and new inspection lane within the facility.,120000.0,2026-05-01,DDC,75370000.0,DCAS,152476000.0
1816.0,1901-05-16,2019-05-01,2016-08-30T00:00:00.000,Repair the northbound FDR from East 42nd to 49th Streets.,2539508.0,2027-03-06,DOT,-2802822.0,DOT,100115670.0
1096.0,1903-03-21,2021-12-01,2018-09-06T00:00:00.000,Reconstruction of Sunset Park North Section of the Brooklyn Waterfront Greenway.,710000.0,2024-07-13,DDC,20345000.0,Transportation,26661000.0
1891.0,1900-11-08,2021-07-01,2014-01-01T00:00:00.000,"This project will upgrade the Borden Ave Pump Station by expanding its footprint; provide replacement equipment; convert dry well to wet well; line existing 14"" FM; and provide provisions for future project to expand capacity of PS to 26 MGD.",0.0,2025-03-21,DEP,-4338327.57,DEP,38631300.43
1415.0,1902-01-10,2021-07-01,2016-12-16T00:00:00.000,Reconstruction of Arthur Kill Rd from Clark Avenue to Richmond Avenue including widening of roadway,7847000.0,2025-10-30,DDC,22503000.0,Transportation,48245000.0
1854.0,1901-06-28,2023-01-01,2014-01-01T00:00:00.000,"Priority mitigation projects for the repair/restoration and hazard mitigation for Bellevue Hospital, damaged during Superstorm Sandy",0.0,2023-04-28,EDC,0.0,H+H,50941375.0
516.0,1902-08-05,2020-05-01,2019-09-03T00:00:00.000,"Reconstruction of main sewage pumps and ancillary components including suction valves, suction piping, seal water system, pressure gauges, suction header, etc. New MSP's should meet the new design parameter of N+2 redundancy during wet weather flow",-6600000.0,2025-09-15,DEP,26923720.62,DEP,48213236.0
1113.0,1901-02-08,2018-03-01,2004-03-18T00:00:00.000,"Gilboa Dam Reconstruction Project includes construction of a new low level outlet (LLO) consisting of 2,000 feet of tunneling, an access shaft, oulet structure and gate valve controls.",59108.62,2020-10-12,DEP,10376533.49,DEP,205460484.72
1568.0,1901-06-19,2020-05-01,2006-08-01T00:00:00.000,"Repair Park Avenue tunnel, located in Midtown, Manhattan.",900000.0,,DOT,-17773389.61,DOT,46553074.0
0.0,1903-01-10,2022-04-01,2020-01-16T00:00:00.000,NEW SCHOOL,0.0,2024-09-03,SCA,0.0,DOE,80833865.0
-98.0,1903-03-03,2022-09-01,2020-03-02T00:00:00.000,12TH AVENUE ACCESSIBILITY IMPROVEMENTS,0.0,2026-01-31,DDC,51571000.0,Transportation,109491000.0
836.0,1902-02-11,2018-08-01,2017-04-01T00:00:00.000,East Side Coastal Resiliency - East 23rd St. to Montgomery St.,0.0,2025-04-30,DDC,-418193636.37,Parks & Recreation,510854000.0
1535.0,1901-08-08,2022-09-01,2016-04-29T00:00:00.000,"Install, remove, and furnish equipment for electrical work associated with traffic signals, lighting, and distribution systems in Central Park, Manhattan.",335712.0,2023-06-30,DOT,-3323649.6,DOT,39771188.0
753.0,1902-03-01,2022-09-01,2019-07-23T00:00:00.000,"SOUTHEAST QUEENS 150TH STREET SPINE, PHASE 1.  DOUBLE BARREL STORM SEWER AND OUTFALL AT BERGEN BASIN FOR THE 150TH STREET TRUNK SEWER WHICH SHARES AN OUTFALL WITH THE GUY R BREWER TRUNK SEWER",700000.0,2026-04-03,DDC,101452000.0,Environmental Protection,143211000.0
1415.0,1902-01-10,2022-09-01,2016-12-16T00:00:00.000,Reconstruction of Arthur Kill Rd from Clark Avenue to Richmond Avenue including widening of roadway,9893000.0,2026-05-15,DDC,22503000.0,Transportation,60299000.0
15.0,1903-04-24,2021-12-01,2021-07-12T00:00:00.000,"HWQ100SBB, Woodhaven Blvd – SBS – Phase B, calls for capital improvements along Woodhaven Blvd between Union Turnpike and 107th Avenue in the borough of Queens. These improvements include but are not limited to median widening, building out neck downs, normalizing intersections and other features to increase safety and support the Woodhaven SBS.",10000.0,2028-10-14,DDC,-20000.0,Transportation,50748000.0
3241.0,1901-03-24,2021-07-01,2018-08-02T00:00:00.000,"Replacement of thickener pumps, piping, sludge pumps, mixing pumps, recirculation pumps, spray water pumps, and heat exchangers. Install Gravity Belt Thickener, GBT pumps, polymer feed system.  Rehab of Thickeners, Sludge Box, and Distribution Box.",322964.3,2026-07-18,DEP,57138101.3,DEP,78748149.21
-388.0,1900-06-18,2019-09-01,2012-12-03T00:00:00.000,"Reconstruction of Bergen Avenue Area, including Storm Sewers, Water Mains, Street Lighting, Traffic Signal  Work, and reconstruction of new outfall at East Mill Basin.",54066000.0,2023-06-24,DDC,45837000.0,Transportation,90383000.0
1400.0,1901-06-02,2018-03-01,2016-08-04T00:00:00.000,"Safety Improvements on Atlantic Ave from Conduit Avenue to Rockaway Blvd, Phase 2, Brooklyn",0.0,2021-12-21,DDC,10136496.0,Transportation,39140000.0
1720.0,1901-08-10,2022-09-01,2019-01-25T00:00:00.000,"Replace the East 156th Street bridge over Access to Housing, Bronx.",-3277837.0,2029-02-21,DOT,-363846.0,DOT,62222494.0
547.0,1903-03-01,2022-09-01,2021-03-25T00:00:00.000,BBJ Queens Garage - Construction of new multi-level Garage with Community Space,180000.0,2021-10-11,DDC,1314000.0,Corrections,95791000.0
1908.0,1901-08-06,2019-05-01,2016-04-13T00:00:00.000,"Rehabilitate approach arches and towers of Brooklyn Bridge.  Including masonry cleaning, masonry repairs, repointing, rehabilition of transverse walls, new infill walls of the approach arch blocks.  Clean and repoint the tower masonry, reinforce the gothic arches of the towers, and rehabilitate the tower tops.",21572216.0,2022-06-01,DOT,33135732.1,DOT,365264863.0
365.0,1902-10-23,2021-03-01,2019-02-01T00:00:00.000,ADDITION / PLAYGROUND REDEVELOPMENT PROJECT,0.0,2023-09-03,SCA,0.0,DOE,63735015.0
2180.0,1901-03-07,2019-05-01,2012-07-10T00:00:00.000,"Storm and sanitary sewers in 20th Ave  between 126th Street and U.S. Bulkhead Line, etc. Water main works.",-100000.0,2021-06-29,DDC,117177000.0,Environmental Protection,132588000.0
1467.0,1902-05-04,2020-10-01,,,,,DDC,6536000.0,Transportation,
730.0,1902-05-25,2019-01-01,2018-01-26T00:00:00.000,Design and construction of a new school,,2021-09-03,SCA,6379885.0,DOE,59869576.0
548.0,1902-07-23,2021-07-01,2018-10-02T00:00:00.000,"By Notice To Proceed letter dated September 21, 2018, the New York City Department of Design and Construction (�DDC�) directed PMS Construction Management Corp. (�PMS�) to commence work on Capis ID PW348-71, Contract No. 20191404531 CM/Design/Build for the Replacement and Upgrade of Petroleum Storage Tanks for the Borough of Manhattan. The contract was awarded for a maximum fee of $28,026,750.00 and was partially registered by the Comptroller on September 21, 2018 in the amount of $4,885,000.00. The term of the contract is 1,095 consecutive calendar days from September 21, 2018. Contract termination date is September 19, 2021.",3444000.0,2023-03-20,DDC,3444000.0,DCAS,32709000.0
-1.0,1903-03-20,2022-04-01,2018-04-25T00:00:00.000,"RECONSTRUCTION OF GREENWICH STREET FROM BARCLAY STREET TO CHAMBERS STREET, MANHATTAN",44000.0,2024-11-06,DDC,4449000.0,Transportation,35740000.0
913.0,1902-08-28,2019-09-01,2017-06-20T00:00:00.000,"Rehabilitation of garage, broom garage and salt shed that serves Bronx Community Disrtict 6 located at 800 East 176th Street, Bronx.",,2025-06-30,DSNY,0.0,DSNY,39941681.0
1279.0,1901-12-23,2023-01-01,,"The Epic Revenue Cycle system will be  enterprise-wide and help increase revenue (by proper billing of services provided) in addition to ensuring patient safety and improved patient care, a top priority in workflows.",0.0,2023-12-31,HHC,0.0,H+H,289117990.0
636.0,1902-07-30,2022-09-01,2019-09-27T00:00:00.000,Reconstruction Of Primary Tanks at Bowery Bay WPCP,3089221.0,2027-06-23,DEP,74442173.0,DEP,131364829.0
1279.0,1901-12-23,2022-04-01,,"The Epic Revenue Cycle system will be  enterprise-wide and help increase revenue (by proper billing of services provided) in addition to ensuring patient safety and improved patient care, a top priority in workflows.",0.0,2022-12-31,HHC,0.0,H+H,289117990.0
1684.0,1901-06-05,2017-04-01,2015-11-13T00:00:00.000,Power Distribution at Bowery Bay WWTP.,-4650597.8,2021-04-23,DEP,24235381.01,DEP,41557728.2
-8.0,1900-07-24,2018-03-01,2008-06-19T00:00:00.000,"Roadway reconstruction and installation of new storm sewers and the replacement of sanitary sewers and water mains in the Midland Beach section, Staten Island.",6212000.0,2019-12-20,DDC,62973000.0,Trans. & Env. Protection,62094000.0
1970.0,1901-08-16,2021-07-01,2015-04-09T00:00:00.000,"This project includes the replacement of the upper roadway's deck on the main bridge along with steel repairs, fire standpipes, and lighting upgrades.",7296000.0,2023-12-15,DOT,8567339.67,DOT,359006966.0
2236.0,1902-02-06,2021-07-01,2017-01-05T00:00:00.000,WATER MAIN REPLACEMENT IN 222 STREET,1942000.0,2026-02-02,DDC,7195000.0,Environmental Protection,41472000.0
1477.0,1901-06-24,2020-10-01,2017-06-30T00:00:00.000,Replace the Shore Road Bridge over the Hutchinson River with a new bridge.,4731000.0,2029-07-15,DOT,-19049921.84,DOT,324125743.0
1172.0,1902-09-11,2020-01-01,,,,,DDC,86623000.0,Transportation,
2797.0,1900-04-15,2014-01-01,2005-04-01T00:00:00.000,"This project will replace deteriorated members of lift span superstructure, concrete deck replacement, and replacement of lift electrical and mechanical systems, fenders.",-2208971.0,2019-08-05,DOT,39724388.0,DOT,107027029.0
2846.0,1901-11-26,2020-01-01,2018-11-21T00:00:00.000,"Repair the West 35th Street bridge over Amtrak, Manhattan",-121966.0,2027-04-15,DOT,-621966.0,DOT,33671034.0
,1903-09-30,2023-01-01,2018-01-29T00:00:00.000,"Renovation of all bathroom facilities through out the building; to include new fixtures, ventilation, ADA compliance",,2026-10-28,DDC,,Homeless Services,25019000.0
1431.0,1902-10-05,2020-10-01,,,,,DDC,1984000.0,Environmental Protection,
897.0,1902-01-16,2021-07-01,2012-05-23T00:00:00.000,"The new Mosholu Golf Course Club House, together with fifty-five Driving Range Tee Boxes and ten-acres of re-landscaping comprise the phase IV and final of the vast DEP Croton Water Treatment Plant project, currently under construction in Van Cortlandt Park in the Bronx. Through a multifunctional design strategy the project reinstates the pre-existing golf program and facility, creates civic space for community use and ensures security for a multi-billion dollar public works facility.",3548000.0,2022-08-24,DDC,75117000.0,Environmental Protection,107444000.0
1712.0,1901-02-26,2019-05-01,2013-07-01T00:00:00.000,"This project will remove the 10 existing pump and blower engines and add electric motors for the main sewage pumps, a new cogeneration facility consisting of 5 new dual fuel engines,  electrical service upgrades and flood protection.",7874541.37,2022-07-25,DEP,134242052.88,DEP,223508577.37
365.0,1902-08-24,2023-01-01,2018-07-02T00:00:00.000,NEW SCHOOL,0.0,2023-09-03,SCA,3206657.0,DOE,95408495.0
1839.0,1901-09-14,2022-04-01,2009-09-03T00:00:00.000,"Road Reconstruction, Water Main and Combined Sewer Work    E 177th Street from Devoe Ave to Bronx Park Ave     East Tremont Ave from Bronx Park Ave to Boston Rd    Devoe Ave from E 177th Street to East Tremont Ave",22987000.0,2025-09-26,DDC,25050000.0,Transportation,49935000.0
1568.0,1901-06-19,2019-09-01,2006-08-01T00:00:00.000,"Repair Park Avenue tunnel, located in Midtown, Manhattan.",4420002.0,,DOT,-17773389.61,DOT,45753059.0
1687.0,1901-03-29,2017-09-01,2014-03-17T00:00:00.000,"Replacement Trunk Water Main in Bainbridge Ave, Bronx",202000.0,2019-06-30,DDC,25547000.0,Environmental Protection,47346000.0
2846.0,1901-11-26,2022-09-01,2018-11-21T00:00:00.000,"Repair the West 35th Street bridge over Amtrak, Manhattan",0.0,2032-03-05,DOT,-621966.0,DOT,32671034.0
803.0,1901-06-22,2021-03-01,,,,,DOT,49309814.0,DOT,
2003.0,1900-04-10,2014-05-01,2003-03-10T00:00:00.000,This project includes repair/replacement of the bridge superstructure and substructure and a new concrete-filled steel grid deck.,26404552.0,2018-03-29,DOT,23798213.0,DOT,147808339.0
1355.0,1902-01-19,2020-10-01,,,,,DDC,21288000.0,Health,
1082.0,1902-08-31,2020-01-01,2017-11-01T00:00:00.000,This project will reconstruct the track & field and convert three soccer fields and four ballfields from natural turf to synthetic turf at Red Hook Recreation Area.,0.0,2021-12-27,DPR,-10555000.0,DPR,79267000.0
189.0,1903-04-13,2023-01-01,2017-08-01T00:00:00.000,GREEN INFRASTRUCTURE IN OH-015 GRAVESEND BAY CSO PH 3,0.0,2025-11-19,DDC,-372000.0,Environmental Protection,49132000.0
1970.0,1901-08-16,2022-09-01,2015-04-09T00:00:00.000,"This project includes the replacement of the upper roadway's deck on the main bridge along with steel repairs, fire standpipes, and lighting upgrades.",-6340651.0,2014-01-31,DOT,8567339.67,DOT,358195118.0
254.0,1901-10-31,2020-10-01,2020-04-13T00:00:00.000,This project provides improvements to the existing structures and mechanical flow control systems at Hillview Reservoir.,-76932000.0,2032-06-28,DEP,-11397050.18,BWS,274908000.0
1687.0,1901-03-29,2020-01-01,,,,,DDC,25547000.0,Environmental Protection,
708.0,1902-10-27,2020-10-01,2017-08-15T00:00:00.000,"This project will reconstruct the deteriorated fixed piers, floating docks, bulkhead, and related components, including Sandy-damaged elements.",2879581.66,2023-12-17,DPR,4947362.68,DPR,46419218.98
1253.0,1901-05-17,2022-09-01,2018-01-16T00:00:00.000,"Replace/Rehab the West Tremont Avenue bridge over the Metro North line, located in the Bronx.",925455.0,2027-08-08,DOT,37794543.0,DOT,92349543.0
256.0,1903-06-18,2023-01-01,2018-06-14T00:00:00.000,Installation of new building wide fire alarm system at Bellevue Men's Shelter,0.0,2025-11-21,DDC,-352000.0,Homeless Services,30667000.0
836.0,1900-04-29,2022-04-01,2000-02-14T00:00:00.000,"Repair the existing bridge and separate the NYCDOT and NYCT components. Includes new steel plate girders, concrete deck, pedestals, backwalls, sidewalks, and bridge railing.",-4575562.0,2023-01-16,DOT,22682117.0,DOT,73341117.0
913.0,1902-08-28,2022-09-01,2017-06-20T00:00:00.000,"Rehabilitation of garage, broom garage and salt shed that serves Bronx Community Disrtict 6 located at 800 East 176th Street, Bronx.",0.0,2028-06-30,DSNY,0.0,DSNY,39941681.0
730.0,1901-07-28,2019-01-01,2017-04-01T00:00:00.000,The Project will improve the roadways and pedestrian facilities. The Project will consist of roadway reconstruction within Exterior Street between East 138th Street and East 150th Street.,0.0,2022-04-02,EDC,-5100000.0,EDC,84520367.0
328.0,1903-04-08,2023-01-01,2018-09-18T00:00:00.000,,0.0,2027-10-18,DDC,3365000.0,Police,284865000.0
612.0,1902-08-30,2022-09-01,2019-02-01T00:00:00.000,"This project will stabilize and reconstruct portions of the East River Esplanade from East 62nd Street to East 63rd Street, at East 76th Street, and from East 90th Street to East 94th Street.",0.0,2024-11-22,DPR,3616645.26,DPR,65038645.26
1026.0,1901-11-01,2019-09-01,2018-04-30T00:00:00.000,SMLP portion for Bowery Bay WRRF as part of the New York City Wastewater Resiliency Program.,1640283.06,2021-11-16,DEP,-19623216.41,DEP,31053956.85
181.0,1903-03-23,2023-01-01,2021-05-03T00:00:00.000,Distribution water main replacement along 7th Avenue between 14th Street and 34th Street,0.0,2027-02-23,DDC,1335000.0,Environmental Protection,71053000.0
503.0,1901-03-31,2021-03-01,2020-12-30T00:00:00.000,"This is the final phase of the Gilboa Dam reconstruction project and includes reforestation, final site stabilization and wetlands mitigation measures.",-1242700.0,2024-11-29,DEP,-3079490.0,DEP,38329026.0
365.0,1902-08-06,2020-01-01,2017-11-17T00:00:00.000,NEW SCHOOL (PHASE II),2135598.0,2022-09-03,SCA,-221356.0,DOE,66058403.0
2180.0,1901-03-07,2020-01-01,,,,,DDC,117177000.0,Environmental Protection,
1568.0,1901-06-19,2021-03-01,,,,,DOT,-17773389.61,DOT,
1217.0,1902-09-09,2020-01-01,,,,,DDC,20937000.0,Transportation,
1449.0,1900-05-10,2021-03-01,,,,,DOT,32902419.0,DOT,
652.0,1902-02-14,2021-03-01,,,,,DDC,-9148000.0,Environmental Protection,
1477.0,1901-06-24,2020-01-01,2017-06-30T00:00:00.000,Replace the Shore Road Bridge over the Hutchinson River with a new bridge.,1000000.0,,DOT,-19049921.84,DOT,318488743.0
829.0,1902-10-07,2021-03-01,,,,,DDC,61291000.0,Transportation,
226.0,1900-07-09,2020-05-01,,,,,DDC,43926000.0,Trans. & Env. Protection,
711.0,1901-09-25,2019-09-01,2014-09-30T00:00:00.000,"Design and build a new Police Precinct with full basement totaling 43,000 sq. ft. on an existing City owned property in the Bronx.",0.0,2021-06-25,DDC,26020000.0,Police,77300000.0
256.0,1903-06-18,2022-04-01,2018-06-14T00:00:00.000,Installation of new building wide fire alarm system at Bellevue Men's Shelter,,2025-03-10,DDC,-352000.0,Homeless Services,31019000.0
366.0,1903-03-08,2023-01-01,2014-02-04T00:00:00.000,"Total reconstruction of two street grids in South Jamaica approximately bounded by Sutphin Boulevard, 109th Avenue, 155th Street and Linden Boulevard, and by 157th Street, 111th Avenue, Beddell Street and 116th Avenue.",0.0,2027-02-10,DDC,1360000.0,Transportation,57751000.0
1865.0,1901-08-09,2020-01-01,2017-09-19T00:00:00.000,"Replace the Concourse Village Avenue bridge over Metro North, Bronx",395.0,2028-07-25,DOT,-186092.37,DOT,51069190.0
2180.0,1901-03-07,2017-04-01,2012-07-10T00:00:00.000,Construction of a new storm sewer in 20th Avenue between 126th Street and US Bulkhead.,-148891.0,2023-08-15,DDC,117177000.0,Environmental Protection,126393000.0
1558.0,1902-10-31,2021-07-01,,The goal of this program is to replace the current end of life analog system with an Emergency Response System that meets the latest Public Safety standards and regulations in compliance with NENA standards.,-46697135.46,2020-09-25,DOITT,30123504.48,NYPD & FDNY,262070251.7
737.0,1903-05-21,2022-04-01,2019-08-27T00:00:00.000,79TH STREET CROSSTOWN SELECT BUS SERVICE - BOROUGH OF MANHATTAN,2900000.0,2027-06-25,DDC,3370000.0,Transportation,66833000.0
119.0,1902-11-07,2021-03-01,2019-01-30T00:00:00.000,"Contract C547A is for the construction of two shafts (17B-1 and 18B-1) on City Tunnel No. 3 (CT3), Stage 2 in Queens and Brooklyn",-2154288.24,2027-01-24,DEP,3150108.42,DEP,440909294.76
913.0,1902-08-28,2022-04-01,2017-06-20T00:00:00.000,"Rehabilitation of garage, broom garage and salt shed that serves Bronx Community Disrtict 6 located at 800 East 176th Street, Bronx.",0.0,2027-06-30,DSNY,0.0,DSNY,39941681.0
1091.0,1901-11-02,2022-04-01,2018-04-16T00:00:00.000,SMLP portion for Hunts Point WWTP as part of the New York City Wastewater Resiliency Program.,9379600.47,2023-02-17,DEP,20080597.79,DEP,70261761.84
,1903-04-28,2022-09-01,,"The main scope of this project is to construct a new Administration and Personnel Building at the northwest corner, limiting relocation and operational disruptions during construction as wells as to accommodate future growth.",400000.0,,DDC,400000.0,Transportation,133033000.0
2363.0,1901-03-23,2020-01-01,2016-02-24T00:00:00.000,"Improvements to: fencing, vegetation, roadway, drainage, ext. above-ground retaining walls. Including repair of dam inlet archway & wingwall, re-pointing of stones & reinforcement of east reservoir wall, & leakage/seepage protection within OCA.",1174561.0,2023-02-11,DEP,-833277.14,DEP,53912603.0
663.0,1902-06-17,2023-01-01,2019-08-16T00:00:00.000,CITYWIDE FUEL TANK REPLACEMENT PROGRAM FOR NEW 2015 EPA PETROLEUM BULK STORAGE REGULATIONS,0.0,2025-01-22,DDC,-1940000.0,DCAS,25560000.0
556.0,1902-10-13,2021-03-01,2010-02-24T00:00:00.000,This project will demolish and construct a new environmental center in Alley Pond Park.,32000.0,2021-12-14,DPR,1641000.0,DPR,30498000.0
612.0,1902-10-11,2023-01-01,2019-05-29T00:00:00.000,"This project will construct Grant Park, including converting the roadbed to recreational space.",0.0,2025-08-27,DPR,1489000.0,DPR,32590000.0
1306.0,1901-12-22,2021-12-01,2018-06-30T00:00:00.000,Throgs Neck Pumping Station Rehabilitation and Improvements,1524779.0,2024-07-25,DEP,25708336.86,DEP,67399887.19
456.0,1902-08-18,2023-01-01,2019-09-30T00:00:00.000,"Four-acre waterfront park in Lower Concourse, Bronx.",0.0,2025-03-31,EDC,0.0,DPR,35407359.0
1693.0,1901-08-14,2023-01-01,2020-01-02T00:00:00.000,Replace the Ramp to northbound Henry Hudson Parkway over Amtrak in Manhattan.,500000.0,2029-11-26,DOT,500625.0,DOT,54051625.0
1448.0,1901-04-20,2017-04-01,2016-06-22T00:00:00.000,"Reconstruction of Service Roads and milling and resurfacing of the main roadways on Grand Concourse from E175 Street to E Fordham Road, including median works and ped refuges.",300000.0,2019-06-08,DDC,57634000.0,Transportation,63554000.0
77.0,1903-06-26,2022-04-01,2019-07-23T00:00:00.000,"Bronx County Courthouse, Exterior Rehabilitation, 851 Grand Concourse - Rehabilitation of the building's envelope, including but not limited to all roof areas, and brick and limestone exterior masonry.",,2026-03-17,DDC,0.0,DCAS,64442000.0
1845.0,1901-07-11,2018-08-01,2017-10-03T00:00:00.000,"Repair the Cross Island bridge over 115th Avenue/Dutch Broadway, Queens.",680171.0,2023-09-08,DOT,17528706.0,DOT,25664171.0
604.0,1902-03-11,2022-04-01,2000-07-10T00:00:00.000,Rehabilitate the W. 79th St Bridge over Amtrak and Rotunda Complex,-173641845.0,2025-05-16,DOT,-51088528.0,"DOT, DPR",195247481.0
2085.0,1901-06-27,2016-11-01,2014-09-01T00:00:00.000,The priority mitigation projects at Coler include key critical mitigation projects to improve the resiliency of the campus.,48145.0,2018-11-15,EDC,0.0,H+H,26824487.0
-8.0,1900-07-24,2017-09-01,2008-06-19T00:00:00.000,"Roadway reconstruction and installation of new storm sewers and the replacement of sanitary sewers and water mains in the Midland Beach section, Staten Island.",-6192000.0,2019-12-27,DDC,62973000.0,Trans. & Env. Protection,55882000.0
1026.0,1901-11-01,2019-05-01,2018-04-30T00:00:00.000,SMLP portion for Bowery Bay WRRF as part of the New York City Wastewater Resiliency Program.,-6273197.81,2021-10-12,DEP,-19623216.41,DEP,29413673.79
402.0,1902-11-15,2021-03-01,,,,,DOT,597042.0,DOT,
2363.0,1901-03-23,2017-09-01,2016-02-24T00:00:00.000,"Improvements to: fencing, vegetation, roadway, drainage, ext. above-ground retaining walls. Including repair of dam inlet archway & wingwall, re-pointing of stones & reinforcement of east reservoir wall, & leakage/seepage protection within OCA.",6592239.96,2021-08-01,DEP,-833277.14,DEP,40898506.96
1645.0,1901-06-17,2019-09-01,2019-06-17T00:00:00.000,Replace the existing structure (swing-type bridge) with a new bridge; located between Gardner Avenue in Brooklyn and 47th Street in Queens.,-3815744.0,,DOT,160682490.0,DOT,140803000.0
1253.0,1901-05-17,2023-01-01,2018-01-16T00:00:00.000,"Replace/Rehab the West Tremont Avenue bridge over the Metro North line, located in the Bronx.",-564000.0,2027-10-04,DOT,37794543.0,DOT,91785543.0
1816.0,1901-05-16,2021-12-01,2016-08-30T00:00:00.000,Repair the northbound FDR from East 42nd to 49th Streets.,-36000000.0,2029-02-12,DOT,-2802822.0,DOT,63030178.0
134.0,1903-04-07,2023-01-01,2021-02-18T00:00:00.000,,0.0,2027-04-17,DDC,370000.0,Parks & Recreation,56876000.0
1839.0,1901-09-14,2020-05-01,,,,,DDC,25050000.0,Transportation,
651.0,1902-06-25,2020-01-01,2019-05-31T00:00:00.000,Power Distribution Improvements,4800000.0,2025-04-05,DEP,10926063.83,WWC,61122665.0
2857.0,1901-03-25,2020-05-01,2015-12-23T00:00:00.000,"Replacement of six bar screens, grit bin vibrator, six ring flushing pumps, six main sewage pumps and assoc. piping/valves and motor control center, replacement of four exhaust fans, gas and oxygen detectors and a 15 KVA transformer",15437630.0,2025-10-16,DEP,31867440.0,DEP,74556528.0
3597.0,1900-07-22,2016-06-01,2013-02-13T00:00:00.000,"Reconstruct roadway and extend storm and sanitary sewers in portions of Brookville Boulevard, Edgewood Street, 147th Avenue, and adjacent streets west of 241st Street.",155000.0,2019-09-25,DDC,106503000.0,Transportation,33063000.0
1110.0,1902-01-18,2021-03-01,,,,,DDC,82000.0,Transportation,
1839.0,1901-09-14,2019-01-01,2009-09-03T00:00:00.000,"Reconstruction of E 177th Street /Devoe Ave etc., Bronx",250000.0,2022-08-14,DDC,25050000.0,Transportation,25776000.0
1796.0,1902-09-24,2020-05-01,,,,,DDC,1077000.0,Environmental Protection,
548.0,1902-07-23,2020-10-01,,,,,DDC,3444000.0,DCAS,
1431.0,1901-12-01,2020-05-01,2018-08-16T00:00:00.000,"Repair the East 174th Street bridge over Sheridan Expressway/ AMTRAK, the Bronx",0.0,2028-06-02,DOT,5146882.0,DOT,141954882.0
1736.0,1902-05-10,2020-10-01,2018-09-01T00:00:00.000,Regrading and reconstruction of 33rd Street Viaduct between 11th and 12th Avenue..,0.0,2024-11-29,EDC,0.0,DOT,100000000.0
1970.0,1901-08-16,2020-10-01,2015-04-09T00:00:00.000,"This project includes the replacement of the upper roadway's deck on the main bridge along with steel repairs, fire standpipes, and lighting upgrades.",-42736811.0,2023-12-01,DOT,8567339.67,DOT,351710966.0
2152.0,1900-04-22,2022-09-01,2014-10-22T00:00:00.000,Replace deck of the Riverside Drive viaduct/ bridge over West 158th Street.,-8567168.0,2025-05-21,DOT,96922794.0,DOT,144569858.0
819.0,1902-04-22,2020-01-01,,,,,DDC,29789000.0,Transportation,
1839.0,1901-09-14,2022-09-01,2009-09-03T00:00:00.000,"Road Reconstruction, Water Main and Combined Sewer Work    E 177th Street from Devoe Ave to Bronx Park Ave     East Tremont Ave from Bronx Park Ave to Boston Rd    Devoe Ave from E 177th Street to East Tremont Ave",597000.0,2026-08-27,DDC,25050000.0,Transportation,50532000.0
3597.0,1900-07-22,2021-03-01,,,,,DDC,106503000.0,Transportation,
2113.0,1901-01-22,2014-01-01,2013-09-30T00:00:00.000,Installation of trunk and distribution water mains for the 3rd water tunnel shaft 32B at 2nd Avenue.,0.0,2017-10-13,DDC,-7266000.0,Environmental Protection,60208000.0
2846.0,1901-11-26,2021-12-01,2018-11-21T00:00:00.000,"Repair the West 35th Street bridge over Amtrak, Manhattan",0.0,2028-03-27,DOT,-621966.0,DOT,33171034.0
703.0,1902-10-15,2022-09-01,2018-11-19T00:00:00.000,This project will reconstruct the garage in Cunningham Park.,0.0,2025-01-27,DPR,0.0,DPR,27060000.0
1155.0,1902-02-26,2023-01-01,2016-08-31T00:00:00.000,"COMBINED SEWER IN 70TH STREET, QUEENS",0.0,2023-08-10,DDC,94201000.0,Environmental Protection,132158000.0
1086.0,1901-07-03,2022-04-01,2017-11-22T00:00:00.000,"CSO Facilities, bulkheads, pilots and other requirements to comply with Gowanus Canal Superfund Adminstrative Orders",0.0,2031-11-25,DEP,432995114.0,DEP,1547300000.0
3597.0,1900-07-22,2022-09-01,2012-08-17T00:00:00.000,"Reconstruct roadway and extend storm and sanitary sewers in portions of Brookville Boulevard, Edgewood Street, 147th Avenue, and adjacent streets west of 241st Street.",37394000.0,2028-05-21,DDC,106503000.0,Transportation,134639000.0
829.0,1902-10-07,2022-09-01,2018-06-07T00:00:00.000,RECONSTRUCTION OF STREETS IN ROSEDALE AREA - PHASE 2,50104000.0,2026-07-15,DDC,61291000.0,Transportation,100651000.0
663.0,1902-06-18,2022-04-01,2019-07-17T00:00:00.000,CITYWIDE FUEL TANK REPLACEMENT PROGRAM FOR NEW 2015 EPA PETROLEUM BULK STORAGE REGULATIONS,300000.0,2025-06-29,DDC,-1754000.0,DCAS,25546000.0
1431.0,1901-12-01,2019-01-01,2018-08-16T00:00:00.000,"Repair the East 174th Street bridge over Sheridan Expressway/ AMTRAK, the Bronx",0.0,2026-01-16,DOT,5146882.0,DOT,140940000.0
2086.0,1900-04-06,2015-08-01,2012-07-23T00:00:00.000,"This project will replace the existing bridge with a new, wider double-leaf bascule bridge.",274011.62,2020-08-17,DOT,142277136.0,"DEP, DOT",198843972.62
-712.0,1902-07-31,2021-03-01,2020-04-16T00:00:00.000,The project will provide hydraulic relief to Outfalls HP-007 and HP-009 by creating new sewers parallel to the existing combined sewers. It will also provide floatables control at Outfall HP-011 by replacing Regulator 5.,441.1,2028-12-14,DEP,1210235.0,WWC,184348203.0
1431.0,1902-10-05,2019-09-01,2019-07-25T00:00:00.000,"Storm, Sanitary Sewers & Water Mains in Coney Island Area - Phase 04, Brooklyn",,2024-08-09,DDC,1984000.0,Environmental Protection,27929000.0
1026.0,1901-11-01,2020-10-01,2018-04-30T00:00:00.000,SMLP portion for Bowery Bay WRRF as part of the New York City Wastewater Resiliency Program.,-105653.82,2023-01-13,DEP,-19623216.41,DEP,33362182.71
1628.0,1900-04-23,2017-04-01,2011-02-14T00:00:00.000,Replace the electrical and mechanical systems of the Madison Avenue Bridge.,2119000.0,2019-07-03,DOT,2036997.0,DOT,55163089.93
1533.0,1901-05-24,2021-03-01,,,,,DDC,47003000.0,DCAS,
651.0,1902-06-25,2020-10-01,2019-05-31T00:00:00.000,Power Distribution Improvements,256804.0,2025-12-02,DEP,10926063.83,WWC,59036622.0
1684.0,1901-06-05,2018-03-01,2015-11-13T00:00:00.000,Power Distribution at Bowery Bay WWTP.,-5999706.26,2021-08-07,DEP,24235381.01,DEP,41108688.2
2027.0,1901-07-09,2017-09-01,2017-09-28T00:00:00.000,"Replace the Metropolitan Avenue bridge over CSX Transport, Queens.",0.0,2024-09-02,DOT,4699394.0,DOT,67602000.0
226.0,1900-07-09,2023-01-01,2017-03-29T00:00:00.000,"Reconstruction of Wyckoff Avenue from Flushing Avenue to Cooper Avenue, in the Boroughs of Brooklyn and Queens..",0.0,2027-02-27,DDC,43926000.0,Trans. & Env. Protection,77097000.0
2236.0,1902-02-06,2018-08-01,2018-04-02T00:00:00.000,Water Main replacement in 222th Street,5215000.0,2022-01-18,DDC,7195000.0,Environmental Protection,39691000.0
2085.0,1901-06-27,2021-12-01,2014-09-01T00:00:00.000,The priority mitigation projects at Coler include key critical mitigation projects to improve the resiliency of the campus.,2716986.0,2023-03-01,EDC,0.0,H+H,24246640.0
1630.0,1902-04-26,2022-09-01,2018-10-09T00:00:00.000,SOUTHEAST QUEENS PRIORITY GRIDS - GROUP 2,0.0,2028-02-29,DDC,14480000.0,Transportation,32981000.0
365.0,1902-10-23,2021-07-01,2019-02-01T00:00:00.000,ADDITION / PLAYGROUND REDEVELOPMENT PROJECT,0.0,2023-09-03,SCA,0.0,DOE,63735015.0
,1903-09-22,2023-01-01,,,,,DOT,,,94000000.0
1840.0,1902-09-07,2020-01-01,,,,,DDC,47223000.0,Transportation,
1306.0,1901-12-22,2022-09-01,2018-06-30T00:00:00.000,Throgs Neck Pumping Station Rehabilitation and Improvements,-2248.39,2025-12-16,DEP,25708336.86,DEP,67397822.86
434.0,1903-02-26,2022-04-01,2019-01-18T00:00:00.000,,12388000.0,2024-08-19,DDC,13113000.0,Fire,43914000.0
1533.0,1901-05-24,2018-08-01,2017-03-31T00:00:00.000,New Fire Alarm and Sprinkler System at 360 Adams Street Kings County Supreme Courhouse,198253.0,2022-11-01,DDC,47003000.0,DCAS,57702000.0
1687.0,1901-03-29,2019-09-01,2014-03-17T00:00:00.000,"Replacement of Trunk Water Main in Bainbridge Avenue Between Gunhill Road and Holly Lane and in Jerome Avenue Between Holly Lane and E233th Street, etc.  Also, New 36"" WM in West Burnside Avenue & Phelan Place",0.0,2020-06-05,DDC,25547000.0,Environmental Protection,60460000.0
1949.0,1900-12-12,2014-05-01,2012-01-17T00:00:00.000,"Phase I repairs the inshore platform, replaces scales and control equipment, dredging around the pier, & site work. Phase 2 refurbishes existing pier building incl. pier structure, pile caps, fendering, construction of new emergency generator, etc.",28657000.0,2017-10-28,DDC,126753576.46,Sanitation,89734000.0
3132.0,1901-07-07,2020-01-01,2017-08-01T00:00:00.000,"A new 2+ mile, 27-ft internal diameter tunnel between Kensico and the Cat-Del UV Facility.  The tunnel will include a new screen chamber and rehab of existing intake, and will provide critical redundancy to the Delaware Aqueduct in this area.",0.0,2031-05-17,DEP,881770648.0,DEP,1984467323.0
2266.0,1901-01-04,2015-08-01,2014-12-02T00:00:00.000,"Replacement of trunk water main on Flatbush Avenue between Sterling place and 8th Avenue in addition to the distribution water main in 6th Avenue between Union Street and Park Place, and sections of adjoining streets.",1884000.0,2018-11-29,DDC,39272000.0,Environmental Protection,27688000.0
256.0,1901-02-12,2021-07-01,2012-03-23T00:00:00.000,"To address existing leaks in the Delaware Aqueduct, a 3-mile bypass tunnel will be constructed near the town of Roseton and the existing tunnel will be repaired near the town of Wawarsing.",7183594.92,2023-09-26,DEP,202552329.25,DEP,897052715.91
836.0,1900-04-29,2016-01-01,2000-02-14T00:00:00.000,"Repair the existing bridge and separate the NYCDOT and NYCT components. Includes new steel plate girders, concrete deck, pedestals, backwalls, sidewalks, and bridge railing.",-276000.0,2020-07-21,DOT,22682117.0,DOT,65434551.35
727.0,1902-01-31,2022-09-01,2017-09-14T00:00:00.000,Construction of a new precinct station house facility and associated site work for the new 116th Precinct.,30000.0,2024-01-21,DDC,33852900.86,Police,110670000.0
1448.0,1901-04-20,2016-06-01,2016-06-22T00:00:00.000,"Reconstruction of Service Roads and milling and resurfacing of the main roadways on Grand Concourse from E175 Street to E Fordham Road, including median works and ped refuges.",24855000.0,2020-04-13,DDC,57634000.0,Transportation,63329000.0
790.0,1901-07-13,2018-08-01,2005-07-25T00:00:00.000,Construction of new Sanitation garage facility for services to Brooklyn Community District 3 to be located at Warsoff Place in Brooklyn,123426.0,2022-10-17,DSNY,25603365.0,DSNY,220295969.0
345.0,1902-08-03,2023-01-01,2021-11-09T00:00:00.000,Rehabilitation of the Final Settling Tanks at Owls Head Wastewater Resources Recovery Facility.,0.0,2028-11-04,DEP,-3573164.0,DEP,209226836.0
730.0,1902-05-25,2021-07-01,2018-01-26T00:00:00.000,NEW SCHOOL,0.0,2022-09-03,SCA,6379885.0,DOE,66249461.0
82.0,1901-10-30,2020-10-01,2020-03-17T00:00:00.000,This project provides new chemical addition and support facilities at Hillview Reservoir.,-14407000.0,2029-03-28,DEP,159902202.01,DEP,398408000.0
253.0,1903-01-23,2022-04-01,2019-11-12T00:00:00.000,Rehabilitation of Seeley Street bridge over Prospect Avenue,-512230.0,2027-10-03,DOT,0.0,,30709037.0
226.0,1900-07-09,2016-06-01,2008-06-10T00:00:00.000,"Reconstruction of Wyckoff Avenue from Flushing Avenue to Cooper Avenue, in the Boroughs of Brooklyn and Queens.",500000.0,2029-06-30,DDC,43926000.0,Trans. & Env. Protection,45953000.0
365.0,1902-08-24,2021-12-01,2018-07-02T00:00:00.000,NEW SCHOOL,0.0,2023-09-03,SCA,3206657.0,DOE,95408495.0
2857.0,1901-03-25,2016-06-01,2015-10-20T00:00:00.000,"Replacement of six bar screens, grit bin vibrator, six ring flushing pumps, six main sewage pumps and assoc. piping/valves and motor control center, replacement of four exhaust fans, gas and oxygen detectors and a 15 KVA transformer",-7155355.0,2021-12-24,DEP,31867440.0,DEP,44206645.0
663.0,1902-06-18,2020-01-01,,,,,DDC,-1754000.0,DCAS,
2027.0,1901-07-09,2022-09-01,2018-04-16T00:00:00.000,"Replace/Rehab the Metropolitan Avenue bridge over CSX Transport, Queens.",0.0,2030-01-05,DOT,4699394.0,DOT,71376394.0
406.0,1902-02-07,2021-07-01,2017-07-14T00:00:00.000,"The Department of Sanitation of the City of New York (DSNY) is planning to develop a Staten Island Districts 1 and 3 campus that will include a new garage serving both districts and renovation of the existing Borough Repair Shop.  The site is to be reconfigured with new grading and drainage, new covered salt storage, new outdoor fueling, new household special waste collection, outdoor DSNY truck parking and a new force main sanitary line to connect to the NYC DEP sewer.",4073000.0,2023-09-01,DDC,68555000.0,Sanitation,187208000.0
-74.0,1901-09-08,2018-03-01,2015-06-01T00:00:00.000,"Reconstruction of West 14, 15, 16, 17, 18 and 19th Streets from Crossbay Blvd to to Dead End",0.0,2024-08-27,DDC,61781000.0,Transportation,30933000.0
1854.0,1901-06-28,2019-05-01,2014-01-01T00:00:00.000,"Priority mitigation projects for the repair/restoration and hazard mitigation for Bellevue Hospital, damaged during Superstorm Sandy",0.0,2020-06-30,EDC,0.0,H+H,53184355.0
2003.0,1900-04-10,2021-03-01,,,,,DOT,23798213.0,DOT,
1889.0,1902-02-27,2021-07-01,2018-09-10T00:00:00.000,"Replacement of combined sewer in 71st Street between Juniper Boulevard South and Queens Midtown Expressway, etc.",6771000.0,2025-10-30,DDC,27172000.0,Environmental Protection,66913000.0
0.0,1902-12-14,2021-07-01,,,,,FDNY,-8074214.27,,
1845.0,1901-07-11,2021-03-01,,,,,DOT,17528706.0,DOT,
1592.0,1900-04-21,2019-09-01,1995-01-17T00:00:00.000,"Repair abutments, piers, approaches, and steel superstructure located in Pelham Bay, Bronx; replace reinforced concrete deck.",-859946.0,,DOT,20945057.0,DOT,81833276.0
3238.0,1900-12-29,2013-09-01,2012-08-03T00:00:00.000,"This project will reconstruct the Hannah St. Pumping Station, the largest City-owned wastewater collection and pumping station on Staten Island.  Built in 1977, the facility has numerous deficiencies, needing  a comprehensive upgrade.",,2017-08-11,DEP,67909196.8,DEP,41800000.0
1854.0,1901-06-28,2022-04-01,2014-01-01T00:00:00.000,"Priority mitigation projects for the repair/restoration and hazard mitigation for Bellevue Hospital, damaged during Superstorm Sandy",211063.0,2023-06-30,EDC,0.0,H+H,45792288.0
341.0,1902-09-12,2022-04-01,2019-05-23T00:00:00.000,"Union Turnpike Center Median Replacement from Hollis Court Blvd to 226th Street, Borough of Queens",20231000.0,2024-09-10,DDC,23766000.0,Transportation,50000000.0
2113.0,1901-01-22,2016-06-01,2013-09-30T00:00:00.000,Installation of trunk and distribution water mains for the 3rd water tunnel shaft 32B at 2nd Avenue.,-139000.0,2018-10-31,DDC,-7266000.0,Environmental Protection,60663000.0
2085.0,1901-06-27,2018-08-01,2014-09-01T00:00:00.000,The priority mitigation projects at Coler include key critical mitigation projects to improve the resiliency of the campus.,1176641.73,2019-10-31,EDC,0.0,H+H,23156983.99
1865.0,1901-08-09,2022-04-01,2019-01-25T00:00:00.000,"Replace the Concourse Village Avenue bridge over Metro North, Bronx",-759610.0,2029-08-22,DOT,-186092.37,DOT,49809580.0
2032.0,1901-02-06,2014-05-01,,"Integrated Clinical Information System (ICIS) Program: Electronic Medical Records (EMR) System - a single enterprise-wide EMR to meet the needs of HHC's expansive size and improve patient care will replace the legacy EMR, which is over 25 years old.",0.0,2018-12-31,HHC,15184947.0,H+H,748878284.0
684.0,1901-10-13,2018-03-01,2016-07-15T00:00:00.000,Whitestone Area Storm and Sanitary Sewers Phase 3,0.0,2022-10-07,DDC,15468000.0,Environmental Protection,59922000.0
1097.0,1902-02-28,2020-01-01,,,,,DDC,35414000.0,Environmental Protection,
729.0,1902-10-09,2020-01-01,,,,,DDC,26673000.0,Transportation,
790.0,1901-07-13,2016-11-01,2005-07-25T00:00:00.000,Construction of new Sanitation garage facility for services to Brooklyn Community District 3 to be located at Warsoff Place in Brooklyn,,2022-12-31,DSNY,25603365.0,DSNY,178760628.0
156.0,1902-12-17,2021-03-01,2019-02-01T00:00:00.000,This project will stabilize and reconstruct portions of the East River Esplanade.,,,DPR,0.0,DPR,29475000.0
1290.0,1901-07-27,2017-09-01,2016-06-08T00:00:00.000,"This project is construction of infrastructure and streetscape improvements in Sunset Park from 37th to 43rd Streets, between the Gowanus Expressway and the waterfront - to activate the waterfront and promote future development.",31633941.69,2020-12-25,EDC,31633941.69,Mayor's Office,37500000.0
1086.0,1901-07-03,2023-01-01,2017-11-22T00:00:00.000,"CSO Facilities, bulkheads, pilots and other requirements to comply with Gowanus Canal Superfund Adminstrative Orders",0.0,2031-11-25,DEP,432995114.0,DEP,1547300000.0
663.0,1902-06-16,2020-05-01,,,,,DDC,-1850000.0,DCAS,
-388.0,1900-06-18,2021-03-01,,,,,DDC,45837000.0,Transportation,
1126.0,1902-09-30,2023-01-01,2017-08-01T00:00:00.000,"PEDESTRIAN SAFETY GEOMETRIC IMPROVEMENTS AT VARIOUS SPECIFIED LOCATIONS, CITYWIDE",0.0,2024-06-01,DDC,-4087000.0,Transportation,25773000.0
484.0,1902-10-08,2020-05-01,,,,,DDC,6153000.0,Transportation,
944.0,1902-08-20,2020-01-01,2019-07-01T00:00:00.000,Esplanade from Stapleton to the Lighthouse Museum and Pier for DOT Dockbuilders.,0.0,2023-07-31,EDC,10582596.0,EDC,151572069.0
3132.0,1901-07-07,2019-01-01,2017-08-01T00:00:00.000,The redundant connection between Kensico and Hillview Reservoirs provides resiliency against planned or unplanned tunnel outages to deliver water.,-4734133.0,2030-08-26,DEP,881770648.0,DEP,1463327823.8
836.0,1902-02-11,2020-05-01,,,,,DDC,-418193636.37,Parks & Recreation,
548.0,1902-07-23,2023-01-01,2018-10-02T00:00:00.000,"By Notice To Proceed letter dated September 21, 2018, the New York City Department of Design and Construction (“DDC”) directed PMS Construction Management Corp. (“PMS”) to commence work on Capis ID PW348-71, Contract No. 20191404531 CM/Design/Build for the Replacement and Upgrade of Petroleum Storage Tanks for the Borough of Manhattan. The contract was awarded for a maximum fee of $28,026,750.00 and was partially registered by the Comptroller on September 21, 2018 in the amount of $4,885,000.00. The term of the contract is 1,095 consecutive calendar days from September 21, 2018. Contract termination date is September 19, 2021.",0.0,2024-03-20,DDC,3444000.0,DCAS,32709000.0
365.0,1902-10-23,2020-05-01,2019-02-01T00:00:00.000,ADDITION/PLAYGROUND REDEVELOPMENT PROJECT,0.0,2022-09-03,SCA,0.0,DOE,63735015.0
2266.0,1901-01-04,2022-09-01,2014-11-24T00:00:00.000,"72"" Trunk Water Main and Combined Sewer Replacement in Flatbush Ave. between Sterling Pl. and 8th Ave., etc., Borough of Brooklyn.",1009000.0,2023-09-29,DDC,39272000.0,Environmental Protection,58924000.0
2857.0,1901-03-25,2019-01-01,2015-10-20T00:00:00.000,"Replacement of six bar screens, grit bin vibrator, six ring flushing pumps, six main sewage pumps and assoc. piping/valves and motor control center, replacement of four exhaust fans, gas and oxygen detectors and a 15 KVA transformer",15329800.0,2024-08-28,DEP,31867440.0,DEP,47458510.0
303.0,1903-07-01,2022-09-01,2021-06-09T00:00:00.000,Reconstruction of Merriman Dam Spillway,2201599.75,2025-11-07,DEP,2201599.75,DEP,45566464.0
406.0,1902-02-07,2018-08-01,2017-07-14T00:00:00.000,The Department of Sanitation of the City of New York (DSNY) is planning to develop a Staten Island Districts 1 and 3 campus that will include a new garage serving both districts and renovation of the existing Borough Repair Shop.,21416000.0,2023-02-13,DDC,68555000.0,Sanitation,159560000.0
636.0,1902-07-30,2020-10-01,2019-09-27T00:00:00.000,Replacement of Primary Settling Tanks collection system mechanisms and miscellaneous improvements at Bowery Bay WRRF.,0.0,2026-02-17,DEP,74442173.0,DEP,99190376.0
1238.0,1902-02-22,2021-12-01,2016-01-04T00:00:00.000,Installation of storm sewers at 224th St and 149th Ave and along the access road through Idlewild Parks known as Springfield Lane (Spine Farmers Blvd),7112000.0,2026-02-14,DDC,155854000.0,Environmental Protection,108554000.0
1036.0,1902-05-11,2022-09-01,2019-06-13T00:00:00.000,Reconstruction of bulkhead and piers at 79th St Boat Basin on behalf of NYCDPR .,0.0,2026-03-11,EDC,-1131246.67,DPR,89219175.0
2445.0,1901-03-19,2016-01-01,2014-06-17T00:00:00.000,Reconstruction of the Port Jervis WWTP as required based on the effluent limits proposed by the Delaware River Basin Commission (DRBC),1752188.7,2020-06-12,DEP,9428438.55,DEP,44670495.0
-9.0,1902-12-29,2021-07-01,2021-05-25T00:00:00.000,"Install a Dechlorination System, replace the existing chlorination system including chemical storage tanks, metering pumps, electrical distribution equipment and upgrade the HVAC within the existing Chlorination Building.",,2027-06-30,DEP,-6856021.0,DEP,34756021.0
1238.0,1902-02-22,2020-10-01,,,,,DDC,155854000.0,Environmental Protection,
1568.0,1901-06-19,2020-10-01,2006-08-01T00:00:00.000,"Repair Park Avenue tunnel, located in Midtown, Manhattan.",1976954.0,2021-06-08,DOT,-17773389.61,DOT,48530028.0
2236.0,1902-02-06,2023-01-01,2017-01-05T00:00:00.000,WATER MAIN REPLACEMENT IN 222 STREET,0.0,2028-03-03,DDC,7195000.0,Environmental Protection,41671000.0
3241.0,1901-03-24,2017-04-01,2016-02-02T00:00:00.000,"Replacement of thickener pumps, piping, sludge pumps, mixing pumps, recirculation pumps, spray water pumps, and heat exchangers. Install Gravity Belt Thickener, GBT pumps, polymer feed system.  Rehab of Thickeners, Sludge Box, and Distribution Box.",-711714.4,2023-04-08,DEP,57138101.3,DEP,44247976.6
110.0,1902-06-11,2021-12-01,2019-06-20T00:00:00.000,"Bronx Animal Care Center & Veterinary Clinic is a new 50,000 SF facility that will be housing admissions, adoptions, medical services, and boarding for approximately 70 dogs, 140 cats, 30 rabbits and 20 animals or other species. In addition to the animal housing, the Bronx Animal Care Center will include a wildlife area to rehabilitate wild birds, academic partnership for youth, and enhanced senior services. Site work will include yards to facilitate dog adoptions, covered exercise runs, courtyards, and parking for staff, visitors, and center vehicles, as well as site lighting and low maintenance planting throughout. The building and associated landscape are to achieve LEED Silver standards or higher.",400000.0,2025-01-14,DDC,24815617.0,Health,91853000.0
3253.0,1900-07-11,2020-01-01,,,,,DDC,96724000.0,Transportation,
3241.0,1901-03-24,2020-01-01,2018-08-02T00:00:00.000,"Replacement of thickener pumps, piping, sludge pumps, mixing pumps, recirculation pumps, spray water pumps, and heat exchangers. Install Gravity Belt Thickener, GBT pumps, polymer feed system.  Rehab of Thickeners, Sludge Box, and Distribution Box.",272831.95,2024-11-28,DEP,57138101.3,DEP,78856779.65
1355.0,1902-01-19,2021-12-01,2016-07-20T00:00:00.000,Demolish existing on-story facility. Construct a two-story new building for animal care center with a drive-through parking lot to meet the new program.  Phasing is required to meet 24/7 operation.,-1872000.0,2025-05-18,DDC,21288000.0,Health,45846000.0
1592.0,1900-04-21,2017-09-01,1995-01-17T00:00:00.000,"Repair abutments, piers, approaches, and steel superstructure located in Pelham Bay, Bronx; replace reinforced concrete deck.",-1513183.29,2021-09-13,DOT,20945057.0,DOT,78620169.0
2003.0,1900-04-10,2018-08-01,2003-03-10T00:00:00.000,Repair the bridge superstructure and substructure and install a new concrete-filled steel grid deck.,1776502.0,2018-12-17,DOT,23798213.0,DOT,106569120.0
2003.0,1900-04-10,2022-09-01,2003-03-10T00:00:00.000,Repair the bridge superstructure and substructure and install a new concrete-filled steel grid deck.,21960722.0,2023-08-07,DOT,23798213.0,DOT,161859565.0
-388.0,1900-06-18,2023-01-01,2012-12-03T00:00:00.000,"Reconstruction of Bergen Avenue Area, including Storm Sewers, Water Mains, Street Lighting, Traffic Signal  Work, and reconstruction of new outfall at East Mill Basin.",0.0,2023-06-24,DDC,45837000.0,Transportation,79564000.0
626.0,1902-10-04,2019-09-01,2019-07-01T00:00:00.000,"The South Bronx Crosstown SBS capital project (BRT) will add bus pads and construct bus bulbs, curb and median extensions, and pedestrian islands for enhanced pedestrian safety and access improvements.",,2025-09-13,DDC,3130000.0,Transportation,50608000.0
1431.0,1901-12-01,2022-09-01,2018-08-16T00:00:00.000,"Repair the East 174th Street bridge over Sheridan Expressway/ AMTRAK, the Bronx",0.0,2029-10-11,DOT,5146882.0,DOT,140939882.0
366.0,1902-10-24,2020-05-01,2019-01-29T00:00:00.000,ADDITION/WORK IN SUPPORT OF ADDITION/FIRE ALARM SYSTEM,2785192.0,2023-09-03,SCA,5307201.0,DOE,87185686.0
1113.0,1901-02-08,2022-04-01,2004-03-18T00:00:00.000,"Gilboa Dam Reconstruction Project includes construction of a new low level outlet (LLO) consisting of 2,000 feet of tunneling , an access shaft, oulet structure and gate valve controls.",0.0,2022-12-12,DEP,10376533.49,DEP,199070771.81
813.0,1902-04-28,2022-09-01,2016-09-30T00:00:00.000,"High Level Storm and Combine Sewer installation and Water Main replacement in Gowanus Canal Area Phase-2, Brooklyn.",232000.0,2023-06-21,DDC,8657000.0,Environmental Protection,42337000.0
1215.0,1901-05-30,2016-11-01,2014-03-17T00:00:00.000,"Reconstruction of Storm and Sanitary sewers, Trunk and Distribution Water Main in Coney Island Area -Phase 3A, Borough of Brooklyn.",1274000.0,2021-07-08,DDC,25273000.0,Environmental Protection,39427000.0
402.0,1902-11-15,2022-09-01,2022-01-31T00:00:00.000,Rehabilitation of Hempstead Avenue Bridges over Cross island Parkway (Northbound),1575042.0,2030-07-07,DOT,597042.0,DOT,33743042.0
123.0,1903-04-04,2023-01-01,2017-05-11T00:00:00.000,"Rehabilitation includes replacement of the roof and select areas of roof drains and domes, structural work; stiffening of structural steel frame supports for new HVAC equipment, solar panels, and select parapet replacements, including fire alarm system work, and select replacement of building systems. Offices, locker rooms, and bathrooms will be phased and temporarily partitioned to allow for overhead HVAC work.",0.0,2024-10-31,DDC,-709000.0,Sanitation,33449000.0
1172.0,1902-09-11,2020-05-01,,,,,DDC,86623000.0,Transportation,
1977.0,1901-05-23,2017-04-01,2016-07-27T00:00:00.000,Relocation of Brooklyn Civil and Housing Court to 210 Joralemon St,45912000.0,2021-09-29,DCAS,200931011.96,DCAS,126411000.0
3238.0,1900-12-29,2015-02-01,2012-08-03T00:00:00.000,"This project will reconstruct the Hannah St. Pumping Station, the largest City-owned wastewater collection and pumping station on Staten Island.  Built in 1977, the facility has numerous deficiencies, needing  a comprehensive upgrade.",12060000.0,2018-03-11,DEP,67909196.8,DEP,54200000.0
729.0,1902-10-09,2020-10-01,,,,,DDC,26673000.0,Transportation,
253.0,1903-01-23,2022-09-01,2019-11-12T00:00:00.000,Rehabilitation of Seeley Street bridge over Prospect Avenue,2649717.0,2029-06-21,DOT,0.0,,33358754.0
790.0,1901-07-13,2020-01-01,2005-07-25T00:00:00.000,Construction of new Sanitation garage facility for services to Brooklyn Community District 3 to be located at Warsoff Place in Brooklyn,10.0,2022-12-31,DSNY,25603365.0,DSNY,204347986.93
,1902-05-12,2023-01-01,,"This project has a two-fold basis: 1) The ongoing Network Refresh which is needed to replace aging, end-of-life, end-of-support equipment across the NYC H+H. 2) Networking capacity needed to support the Electronic Medical Records system.",0.0,,HHC,180514000.0,H+H,180514000.0
0.0,1903-01-15,2022-09-01,2020-03-03T00:00:00.000,NEW SCHOOL,0.0,2023-09-03,SCA,0.0,DOE,70167105.0
256.0,1901-02-12,2016-06-01,2012-03-23T00:00:00.000,"To address existing leaks in the Delaware Aqueduct, a 3-mile bypass tunnel will be constructed near the town of Roseton and the existing tunnel will be repaired near the town of Wawarsing.",20171135.63,2022-09-26,DEP,202552329.25,DEP,872623278.83
1684.0,1901-06-05,2019-05-01,2015-11-13T00:00:00.000,Power Distribution at Bowery Bay WWTP.,19519639.8,2022-09-19,DEP,24235381.01,DEP,67305899.0
,1903-08-08,2022-09-01,,"New Signals Installation requirement, citywide FY23",,,DOT,-35484942.0,DOT,36520000.0
389.0,1903-04-05,2022-04-01,2018-06-28T00:00:00.000,,80000.0,2025-07-31,DDC,493000.0,Libraries-BPL,35549000.0
244.0,1902-08-17,2020-01-01,,,,,DDC,5348000.0,Libraries-QBPL,
2797.0,1900-04-15,2022-09-01,2005-04-01T00:00:00.000,"Replace deteriorated members of lift span superstructure, concrete deck, lift electrical and mechanical systems, and fenders.",-7444374.0,2027-04-02,DOT,39724388.0,DOT,150048610.0
484.0,1902-10-08,2022-04-01,2015-07-31T00:00:00.000,"Reconstruction of Front Street, Manhattan",-13000.0,2023-10-13,DDC,6153000.0,Transportation,31066000.0
2113.0,1901-01-22,2023-01-01,2013-09-30T00:00:00.000,"Trunk and Distribution Main Connection to shaft 32B in 2nd Ave., etc., together with all work incidental thereto, Borough of Manhattan.    2nd Avenue from East 33rd Street to East 37th Street",0.0,2023-07-27,DDC,-7266000.0,Environmental Protection,52942000.0
1706.0,1901-04-28,2016-11-01,2014-12-01T00:00:00.000,Interior fit-out of the south site cultural unit.,-270.0,2018-06-29,EDC,36789601.16,DCLA,34527720.7
,1903-05-29,2022-09-01,2022-09-27T00:00:00.000,,0.0,,DDC,0.0,Parks & Recreation,139996000.0
1517.0,1901-04-22,2021-03-01,2015-06-19T00:00:00.000,"Project to ensure the reliability of the 74 mile upper Catskill Aqueduct, including replacement of mechanical components, leak mitigation, and biofilm removal/condition assessment.",6983309.5,2022-08-01,DEP,9642889.68,DEP,254516352.02
365.0,1902-08-27,2022-04-01,2018-09-10T00:00:00.000,ADDITION,0.0,2023-09-03,SCA,2268625.0,DOE,54584235.0
944.0,1902-08-20,2021-07-01,2019-07-01T00:00:00.000,Esplanade from Stapleton to the Lighthouse Museum and Pier for DOT Dockbuilders.,0.0,2024-12-29,EDC,10582596.0,EDC,151572069.0
2445.0,1901-03-19,2020-05-01,2014-06-17T00:00:00.000,Reconstruction of the Port Jervis WWTP as required based on the effluent limits proposed by the Delaware River Basin Commission (DRBC),2350000.0,2024-08-03,DEP,9428438.55,DEP,45700000.0
1684.0,1901-02-09,2021-07-01,2008-12-01T00:00:00.000,"This project will rehabilitate the mechanics and the architecture of the Shandaken Tunnel Intake Chamber, which includes the replacement of gates and general site improvements.",3038.1,2022-02-15,DEP,33535991.2,DEP,72818170.0
256.0,1903-06-18,2022-09-01,2018-06-14T00:00:00.000,Installation of new building wide fire alarm system at Bellevue Men's Shelter,-352000.0,2025-11-21,DDC,-352000.0,Homeless Services,30667000.0
1155.0,1902-02-26,2020-10-01,,,,,DDC,94201000.0,Environmental Protection,
2697.0,1901-12-08,2019-01-01,2019-02-07T00:00:00.000,"Repair the Harlem River Drive Ramp to George Washington Bridge over Harlem River Drive Southbound (Trans-Manhattan Expressway), Manhattan",0.0,2028-04-14,DOT,-3711870.0,DOT,429583000.0
,1902-05-12,2019-09-01,,"This project has a two-fold basis: 1) The ongoing Network Refresh which is needed to replace aging, end-of-life, end-of-support equipment across the NYC H+H. 2) Networking capacity needed to support the Electronic Medical Records system.",0.0,2023-12-31,HHC,180514000.0,H+H,160090000.0
2363.0,1901-03-23,2020-05-01,2016-02-24T00:00:00.000,"Improvements to: fencing, vegetation, roadway, drainage, ext. above-ground retaining walls. Including repair of dam inlet archway & wingwall, re-pointing of stones & reinforcement of east reservoir wall, & leakage/seepage protection within OCA.",-2746682.7,2023-03-16,DEP,-833277.14,DEP,51165920.3
1553.0,1902-04-29,2020-01-01,,,,,DDC,17827000.0,DCAS,
2113.0,1901-01-22,2016-01-01,2013-09-30T00:00:00.000,Installation of trunk and distribution water mains for the 3rd water tunnel shaft 32B at 2nd Avenue.,0.0,2018-06-15,DDC,-7266000.0,Environmental Protection,60802000.0
82.0,1901-10-30,2021-12-01,2020-03-17T00:00:00.000,This project provides new chemical addition and support facilities at Hillview Reservoir.,0.0,2029-03-28,DEP,159902202.01,DEP,411608000.0
612.0,1902-10-11,2021-03-01,2019-05-29T00:00:00.000,"This project will construct Grant Park, including converting the roadbed to recreational space.",0.0,2024-02-08,DPR,1489000.0,DPR,32590000.0
1865.0,1901-08-09,2017-09-01,2017-09-19T00:00:00.000,"Replace the Concourse Village Avenue bridge over Metro North, Bronx",0.63,2024-08-20,DOT,-186092.37,DOT,50084283.0
1188.0,1902-04-20,2019-09-01,2018-06-27T00:00:00.000,"New Utrech branch library is a comprehensive interior and exterior renovation which includes new fire alarm/ BMS, new interior layout, new HVAC, new roof, exterior rehabilitation and landscape.",0.0,2024-09-16,DDC,290000.0,Libraries-BPL,26368000.0
471.0,1903-02-20,2022-09-01,2013-05-13T00:00:00.000,DDC Constructability comments anticipated by 5/31/17.  Anticipated Construction Budget shortfall of $600k. Funding required to submit initial Construction CP.,0.0,2026-12-12,DDC,0.0,Libraries-NYPL,36429630.0
-44.0,1903-07-14,2023-01-01,2022-04-29T00:00:00.000,"Design and Construction administration services. The project will include a design level inspection, creating Design Drawing Documents, permitting, Developing Construction Drawings, Contractor Bid and procurement review and Construction administration services.",-5678000.0,2025-09-23,EDC,-5678000.0,EDC,4324260.9
729.0,1902-10-09,2022-04-01,2019-09-16T00:00:00.000,"THE FIFTH PHASE OF THE RECONSTRUCTION OF THE GRAND CONCOURSE WILL CONTINUE THE DESIGN AND SAFETY IMPROVEMENTS IMPLEMENTED IN THE PREVIOUS PHASES OF THIS VISION ZERO GREAT STREETS PROJECTS. . AS IN THE PREVIOUS PHASES, PHASE 5 WILL INCLUDE THE RECONSTRUCTION OF THE CONCOURSES SERVICE ROADS AND RESURFACING OF THE MAINLINE ROADWAY WHERE NECESSARY.",23000000.0,2028-04-14,DDC,26673000.0,Transportation,102796000.0
2236.0,1902-02-06,2022-04-01,2017-01-05T00:00:00.000,WATER MAIN REPLACEMENT IN 222 STREET,0.0,2025-12-18,DDC,7195000.0,Environmental Protection,41472000.0
1684.0,1901-02-09,2020-05-01,2008-12-01T00:00:00.000,"This project will rehabilitate the mechanics and the architecture of the Shandaken Tunnel Intake Chamber, which includes the replacement of gates and general site improvements.",3631893.36,2021-06-09,DEP,33535991.2,DEP,71088459.9
729.0,1902-10-09,2019-09-01,2019-09-16T00:00:00.000,"THE FIFTH PHASE OF THE RECONSTRUCTION OF THE GRAND CONCOURSE WILL CONTINUE THE DESIGN AND SAFETY IMPROVEMENTS IMPLEMENTED IN THE PREVIOUS PHASES OF THIS VISION ZERO GREAT STREETS PROJECTS. . AS IN THE PREVIOUS PHASES, PHASE 5 WILL INCLUDE THE RECONSTRUCTION OF THE CONCOURSES SERVICE ROADS AND RESURFACING OF THE MAINLINE ROADWAY WHERE NECESSARY.",,2025-09-13,DDC,26673000.0,Transportation,78921000.0
406.0,1902-02-07,2018-03-01,2017-07-14T00:00:00.000,The Department of Sanitation of the City of New York (DSNY) is planning to develop a Staten Island Districts 1 and 3 campus that will include a new garage serving both districts and renovation of the existing Borough Repair Shop.,,2023-02-13,DDC,68555000.0,Sanitation,138144000.0
1720.0,1901-08-10,2018-03-01,2017-10-05T00:00:00.000,"Replace the East 156th Street bridge over Access to Housing, Bronx.",0.0,2024-09-05,DOT,-363846.0,DOT,65500000.0
1477.0,1901-06-24,2020-05-01,2017-06-30T00:00:00.000,Replace the Shore Road Bridge over the Hutchinson River with a new bridge.,906000.0,2029-04-05,DOT,-19049921.84,DOT,319394743.0
487.0,1902-05-08,2023-01-01,2017-10-01T00:00:00.000,The East Midtown Waterfront Greenway project involves the creation of a waterfront esplanade between East 53rd and East 59th Streets.,0.0,2023-12-31,EDC,24840000.0,EDC,154840000.0
584.0,1903-04-15,2023-01-01,2013-11-17T00:00:00.000,"Reconstruction of Gateway Estates Area (Nehemiah Creek) including sewer, watermain, street lighting and traffic signal work. Phase E",-9179000.0,2023-06-30,DDC,38077000.0,HPD,73572000.0
1521.0,1902-02-08,2021-12-01,2017-03-06T00:00:00.000,"The Department of Sanitation of the City of New York (DSNY) is planning to rehabilitate Queens Districts 11 and 13 garage. The renovation serving both districts is to extend the useful life of the facility through rehabilitation of the building structure and systems. The renovation includes: Extensive structural work that includes the replacement of reinforced concrete slabs and stiffening of the existing steel frame, select replacement of building MEP systems, including BMS systems, architectural renovation of the entire building, study and implementation of deep energy conservation measures (DECMs), and site work which includes new landscape work and replacement of sidewalks and driveways. Rehabilitation is required to meet LEED Silver requirements.",60000.0,2025-12-30,DDC,36221000.0,Sanitation,72617000.0
2027.0,1901-07-09,2021-03-01,,,,,DOT,4699394.0,DOT,
333.0,1903-03-31,2022-04-01,2022-02-22T00:00:00.000,CONSTRUCTION OF A FLOOD PROTECTION SYSTEM FROM EAST 25TH ST. TO EAST 30TH ST. ALONG THE EAST SIDE OF MANHATTAN,0.0,2027-11-21,DDC,5000000.0,Health & Hospitals Corporation (HHC),90000000.0
2086.0,1900-04-06,2013-09-01,2012-07-23T00:00:00.000,Replace existing bridge with a wider double-leaf bascule bridge.,,2019-11-20,DOT,142277136.0,"DEP, DOT",151775497.0
834.0,1902-07-20,2021-07-01,2019-09-06T00:00:00.000,Rehabilitation  of Union Turnpike  Bridge over Cross Island Parkway,-803000.0,2028-09-03,DOT,3378281.0,DOT,66381778.0
2003.0,1900-04-10,2019-05-01,2003-03-10T00:00:00.000,Repair the bridge superstructure and substructure and install a new concrete-filled steel grid deck.,5563189.0,2020-08-28,DOT,23798213.0,DOT,114154298.0
1355.0,1902-01-19,2019-09-01,2016-07-20T00:00:00.000,Demolish existing on-story facility. Construct a two-story new building for animal care center with a drive-through parking lot to meet the new program.  Phasing is required to meet 24/7 operation.,21500000.0,2023-10-10,DDC,21288000.0,Health,49019000.0
3241.0,1901-03-24,2022-09-01,2018-08-02T00:00:00.000,"Replacement of thickener pumps and associated controls/piping, digested sludge pumps, sludge mixing pumps, sludge recirculation pumps, spray water pumps, and seal water pumps",0.0,2026-08-11,DEP,57138101.3,DEP,87880194.11
-194.0,1903-04-16,2022-04-01,2020-03-02T00:00:00.000,,0.0,2026-05-01,DDC,-676000.0,Environmental Protection,139368000.0
1706.0,1901-04-28,2021-03-01,2014-12-01T00:00:00.000,Interior fit-out of the south site cultural unit.,0.0,2022-12-31,EDC,36789601.16,DCLA,51070000.0
3238.0,1900-12-29,2022-09-01,2012-08-03T00:00:00.000,"This project will reconstruct the Hannah St. Pumping Station, the largest City-owned wastewater collection and pumping station on Staten Island.  Built in 1977, the facility has numerous deficiencies, needing  a comprehensive upgrade.",0.0,2025-12-31,DEP,67909196.8,DEP,102992162.23
1558.0,1902-10-31,2022-09-01,,The goal of this program is to replace the current end of life analog system with an Emergency Response System that meets the latest Public Safety standards and regulations in compliance with NENA standards.,-8406259.8,2024-12-31,DOITT,30123504.48,NYPD & FDNY,285460866.72
1908.0,1901-08-06,2021-07-01,2016-04-13T00:00:00.000,"Rehabilitate approach arches and towers of Brooklyn Bridge.  Including masonry cleaning, masonry repairs, repointing, rehabilition of transverse walls, new infill walls of the approach arch blocks.  Clean and repoint the tower masonry, reinforce the gothic arches of the towers, and rehabilitate the tower tops.",108984874.0,2024-05-23,DOT,33135732.1,DOT,431344048.0
1571.0,1901-06-20,2021-03-01,,,,,DOT,-197139579.0,"DOT, DPR",
642.0,1901-10-12,2020-01-01,,,,,DDC,41243000.0,Environmental Protection,
214.0,1902-12-20,2021-07-01,2017-06-01T00:00:00.000,"Abatement, demolition, and replacement of shed with an upland park on Pier 42 in Manhattan.",0.0,2023-03-31,EDC,100000.0,DPR,60115737.0
1521.0,1902-02-08,2020-01-01,,,,,DDC,36221000.0,Sanitation,
484.0,1902-10-08,2023-01-01,2015-07-31T00:00:00.000,"Reconstruction of Front Street, Manhattan",0.0,2023-10-13,DDC,6153000.0,Transportation,33509000.0
1197.0,1901-06-23,2021-03-01,,,,,DOT,47923308.0,DOT,
1096.0,1903-03-21,2023-01-01,2018-09-06T00:00:00.000,Reconstruction of Sunset Park North Section of the Brooklyn Waterfront Greenway.,0.0,2027-03-16,DDC,20345000.0,Transportation,46296000.0
1097.0,1902-02-28,2019-09-01,2018-05-09T00:00:00.000,"SPRINGFIELD GARDENS RECONSTRUCTION PHASE 5; STORM AND SANITARY SEWER EXTENSIONS AND UPGRADES AND WATER MAIN REPLACEMENT IN 146TH AVENUE BETWEEN 153RD PLACE AND 159TH STREET, ETC, BOROUGH OF QUEENS (HWQ662G)",100000.0,2025-09-15,DDC,35414000.0,Environmental Protection,103279000.0
2142.0,1901-03-27,2021-12-01,2017-11-06T00:00:00.000,"Replacement of collector drives, scum trough dipping weirs and dump valves for ten primary settling tanks. Also included are Influent channel mixing and seal water system for the primary sludge pumps and concrete repairs.",481051.9,2026-06-20,DEP,99651290.98,DEP,105674163.25
-388.0,1900-06-18,2022-04-01,2012-12-03T00:00:00.000,"Reconstruction of Bergen Avenue Area, including Storm Sewers, Water Mains, Street Lighting, Traffic Signal  Work, and reconstruction of new outfall at East Mill Basin.",-1638000.0,2023-06-24,DDC,45837000.0,Transportation,79864000.0
1217.0,1902-09-09,2020-10-01,,,,,DDC,20937000.0,Transportation,
0.0,1902-12-24,2022-09-01,2019-08-29T00:00:00.000,NEW SCHOOL,0.0,2024-09-03,SCA,-1926038.0,DOE,93838545.0
1816.0,1901-05-16,2019-09-01,2016-08-30T00:00:00.000,Repair the northbound FDR from East 42nd to 49th Streets.,-1000000.0,,DOT,-2802822.0,DOT,99115670.0
1211.0,1902-04-19,2021-03-01,,,,,DDC,55883745.0,Transportation,
128.0,1903-05-31,2023-01-01,2015-12-14T00:00:00.000,"Project is to rehabilitate the Nuyorican Poet’s Café facility for expanded spaces and ADA accessibility. The base scope of work includes renovation with new finishes, power, and lighting to accommodate three flexible classroom/rehearsal spaces. Additional staff office space and an additional publicly-accessible performance space will be created as part of this renovation.",0.0,2026-02-25,DDC,480000.0,Cultural Affairs,25922000.0
1.0,1902-06-27,2022-09-01,2019-01-01T00:00:00.000,"The construction of an approximately 230,000 sq ft municipal Public Health Lab building for DOHMH.",0.0,2025-01-01,EDC,19334959.71,DOHMH,633132280.0
604.0,1902-03-11,2022-09-01,2000-07-10T00:00:00.000,Rehabilitate the W. 79th St Bridge over Amtrak and Rotunda Complex,-7690583.0,2025-05-16,DOT,-51088528.0,"DOT, DPR",187556898.0
1211.0,1902-04-19,2021-12-01,2019-04-03T00:00:00.000,"Demolition and rebuild of the existing structures housing the equipment and related facilities necessary for the production, storage and distribution of asphalt at the NYC Harper Street Asphalt Plant facility. All of the existing equipment, storage facilities, and related buildings will be replaced with a new state of the art plant. In addition, the work will involve installing sanitary and storm drainage systems to comply with current government regulatory standard",390000.0,2025-07-12,DDC,55883745.0,Transportation,59703000.0
3253.0,1900-07-11,2023-01-01,2012-06-07T00:00:00.000,Reconstruction DUMBO/Vinegar Hill Area including Trunk and Distribution water main replacement; Installation of HLSS and Combined Sewer replacement; Restoration of Belgian block in Water Street; Street lighting and Traffic Signal work.,-1015000.0,2024-06-04,DDC,96724000.0,Transportation,130324000.0
1908.0,1901-08-06,2018-03-01,2016-04-13T00:00:00.000,"Repair approach arches, towers, and ramp substructures of Brooklyn Bridge.",33444000.0,2022-05-29,DOT,33135732.1,DOT,334315942.0
-74.0,1901-09-08,2018-08-01,2015-06-01T00:00:00.000,"Reconstruction of West 14, 15, 16, 17, 18 and 19th Streets from Crossbay Blvd to to Dead End",3358000.0,2024-11-12,DDC,61781000.0,Transportation,34291000.0
1568.0,1901-06-19,2017-09-01,2006-08-01T00:00:00.000,"Repair Park Avenue tunnel, located in Midtown, Manhattan.",300030.52,2019-01-25,DOT,-17773389.61,DOT,40672495.0
1448.0,1901-04-20,2021-12-01,2016-07-19T00:00:00.000,"RECONSTRUCTION OF GRAND CONCOURSE FROM E 175 ST TO EAST FORDHAM RD- PHASE 4, BX",520000.0,2023-06-13,DDC,57634000.0,Transportation,87984000.0
1253.0,1901-05-17,2021-03-01,,,,,DOT,37794543.0,DOT,
1854.0,1901-06-28,2019-01-01,2014-01-01T00:00:00.000,"Priority mitigation projects for the repair/restoration and hazard mitigation for Bellevue Hospital, damaged during Superstorm Sandy",0.0,2020-06-30,EDC,0.0,H+H,53184355.0
244.0,1902-08-17,2022-09-01,2019-11-20T00:00:00.000,New library facility for the Douglaston/Little Neck community.,307000.0,2027-02-15,DDC,5348000.0,Libraries-QBPL,30706000.0
547.0,1903-03-01,2022-04-01,2021-03-25T00:00:00.000,BBJ Queens Garage - Construction of new multi-level Garage with Community Space,-356000.0,2021-10-11,DDC,1314000.0,Corrections,95611000.0
1278.0,1902-04-30,2019-05-01,2017-10-30T00:00:00.000,"The scope of work consists of providing all necessary construction management, design, and  r.onstruction services required to perform ail phases of the project: Surveying, tank testing,  investigation, design, construction, and construction management for the closure, removal, upgrade,  or replacement of petroieum product storage tanks at various City owned sites. This work must  comply with all local, state, nnd federal laws nnd regulations governing tanks and associated work.    The general scope of work for tank replacement includes:    File NYSDEC PBS application; mobilization; securing all required NYC agency approvals & permits;  site survey; geophysical survey; drilling for laboratory soil and groundwater samples; crane & rigging;  saw cutting; demo & disposal of old tanks, piping, and concrete vaults; dewatering� of excavation; tank  bottom sludge removal & disposal; remove/transfer/dispose product; laboratory analysis of soil and  groundwater; excavate, remove, dispose incidental contaminated soil; install shoring, new tanks and  tan�k sumps, piping, monitoring and leak detection system, overfill protection and alarms, electrical  wiring; construction of concrete slabs and block piers; backfill excavation; resurfacing; demobilization;  performance of a closeout investigation and the preparation and filing of appropriate reports;  obtaining FDNY and DOB closeout documents; preparing """"As-built"""" drawings.",0.0,2021-10-14,DDC,207000.0,DCAS,31493000.0
0.0,1903-01-13,2022-09-01,2020-01-17T00:00:00.000,ADDITION,0.0,2024-09-03,SCA,0.0,DOE,86927350.0
641.0,1902-11-05,2023-01-01,2021-04-30T00:00:00.000,"Design & DSDC for the upgrade of three NYCDEP Pumping Stations. The scope of the project is to provide a safe, reliable, efficient, resilient and low maintenance pumping station for the Operating Bureau.",966915.0,2026-01-08,DEP,45860651.8,DEP,156161744.8
,1903-05-16,2022-09-01,,Design Build - ROW Green Infrastructure Precast Porous Concrete Panels,0.0,,DDC,11320000.0,Environmental Protection,40006000.0
1431.0,1901-12-01,2021-07-01,2018-08-16T00:00:00.000,"Repair the East 174th Street bridge over Sheridan Expressway/ AMTRAK, the Bronx",-500000.0,2029-11-01,DOT,5146882.0,DOT,141454882.0
1854.0,1901-06-28,2016-06-01,2014-01-01T00:00:00.000,"Priority mitigation projects for the repair/restoration and hazard mitigation for Bellevue Hospital, damaged during Superstorm Sandy",,2018-03-31,EDC,0.0,H+H,50941375.0
417.0,1903-05-02,2021-12-01,2021-02-22T00:00:00.000,"This project will reconstruct the entrances, paths, plaza and drainage infrastructure at Fort Greene Park.",,,DPR,0.0,DPR,29284800.0
362.0,1901-08-21,2021-12-01,2018-08-15T00:00:00.000,"Scope includes paint the south side of the bridge, repair flags and structural steel, evaluate PP20 Bearings, evaluate tension rods at mid-span of the bridge, repair bridge cables and suspenders, replace modular joint, investigate the feasibility of additional clearance at towers, and resurface bridge decks with new waterproofing membrane.",43423317.0,2026-03-25,DOT,52784947.0,DOT,214214567.0
942.0,1902-05-07,2020-10-01,2018-11-30T00:00:00.000,"The restoration of the existing landmarked Orchard Beach Pavilion (located in Bronx, NY) which includes the construction of an ADA ramp at the main entrance of the Pavilion to improve accessibility to the beach passageway.",0.0,2022-09-01,EDC,35628847.0,DPR,60000000.0
1571.0,1901-06-20,2018-03-01,2017-05-30T00:00:00.000,Replace the Promenade over FDR between East 81st to 90th Streets in Manhattan.,35412421.0,2025-10-31,DOT,-197139579.0,"DOT, DPR",348404421.0
2085.0,1901-06-27,2019-09-01,2014-09-01T00:00:00.000,The priority mitigation projects at Coler include key critical mitigation projects to improve the resiliency of the campus.,0.0,2020-10-31,EDC,0.0,H+H,23156983.99
1467.0,1902-05-04,2022-04-01,2018-06-05T00:00:00.000,Trench Restoration in The Borough Of Brooklyn including Full Street Reconstruction,70000.0,2025-09-13,DDC,6536000.0,Transportation,33639000.0
1553.0,1902-04-29,2022-04-01,2018-01-22T00:00:00.000,"Installation of new building wide fire alarm and sprinkler distribution for 253 Broadway  The PW357FIRE project has been divided into two phases.  • Phase 1 - Fire alarm core to meet the PW77LYA project LPC office renovation - currently under construction • Phase 2 – Fire alarm branches, sprinkler system branches, and BMS – currently under bid package review phase",5264000.0,2026-12-31,DDC,17827000.0,DCAS,49531000.0
1421.0,1901-10-28,2019-09-01,2019-04-15T00:00:00.000,"Reconstruction of Aqueduct structures; Replacement of mechanical equipment; cleaning the aqueduct interior & rehabilitation & repair of cracks & leaks. All relevent assessments, investigations, piloting, plans and reports.",-16000000.0,2025-06-01,DEP,-65760729.0,DEP,315260845.0
3253.0,1900-07-11,2015-02-01,2012-06-07T00:00:00.000,"Reconstruction and restoration of Belgian block roadways in the DUMBO and Vinegar Hill communities concurrent with installation of new water main, combined sewers and storm sewers, plus construction of the Pearl Street Triangle Plaza.",12643000.0,2017-04-09,DDC,96724000.0,Transportation,49317000.0
1712.0,1901-02-26,2016-11-01,2013-07-01T00:00:00.000,"This project will replace the 10 existing pump and blower engines with electric motors for the main sewage pumps and a new cogeneration facility consisting of 5 new dual fuel engines,  electrical service upgrades and flood protection.",12613363.0,2021-02-01,DEP,134242052.88,DEP,237947280.0
1568.0,1901-06-19,2018-08-01,2006-08-01T00:00:00.000,"Repair Park Avenue tunnel, located in Midtown, Manhattan.",972148.0,2019-01-25,DOT,-17773389.61,DOT,41260059.0
636.0,1902-07-30,2021-07-01,2019-09-27T00:00:00.000,Replacement of Primary Settling Tanks collection system mechanisms and miscellaneous improvements at Bowery Bay WRRF.,0.0,2026-11-08,DEP,74442173.0,DEP,99190376.0
1431.0,1901-12-01,2022-04-01,2018-08-16T00:00:00.000,"Repair the East 174th Street bridge over Sheridan Expressway/ AMTRAK, the Bronx",-515000.0,2029-12-13,DOT,5146882.0,DOT,140939882.0
0.0,1903-01-01,2021-07-01,2019-06-17T00:00:00.000,NEW SCHOOL,,2023-09-03,SCA,0.0,DOE,38697915.0
254.0,1901-10-31,2022-09-01,2020-04-13T00:00:00.000,This project provides improvements to the existing structures and mechanical flow control systems at Hillview Reservoir.,-38700.0,2033-01-02,DEP,-11397050.18,BWS,318620649.82
1840.0,1902-09-07,2022-09-01,2016-12-15T00:00:00.000,PRELIMINARY AND FINAL DESIGN SERVICES FOR RECONSTRUCTION OF WESTBOURNE NORTON DRIVE.   BOROUGH OF QUEENS,3993000.0,2029-09-26,DDC,47223000.0,Transportation,64665000.0
2266.0,1901-01-04,2021-07-01,2014-11-24T00:00:00.000,"72"" Trunk Water Main and Combined Sewer Replacement in Flatbush Ave. between Sterling Pl. and 8th Ave., etc., Borough of Brooklyn.",5461000.0,2023-09-29,DDC,39272000.0,Environmental Protection,56555000.0
730.0,1902-01-24,2021-12-01,2018-10-01T00:00:00.000,"Reconstruction of Trinity Place from Morris Street to Cedar Street, Borough of Manhattan",10707000.0,2026-02-23,DDC,13224000.0,Transportation,52881000.0
484.0,1902-10-08,2021-12-01,2015-07-31T00:00:00.000,"Reconstruction of Front Street, Manhattan",3723000.0,2022-06-16,DDC,6153000.0,Transportation,31079000.0
1571.0,1901-06-20,2022-04-01,2017-05-30T00:00:00.000,Replace the Promenade over FDR Drive between East 81st to 90th Streets in Manhattan.,-116602421.0,2029-02-20,DOT,-197139579.0,"DOT, DPR",0.0
595.0,1902-01-29,2021-12-01,2016-08-29T00:00:00.000,"Construction of storm sewers, sanitary sewers, water mains and Best Management Practice (BMP) NC-16 in Mason Avenue area, Borough of Staten Island.",-33000.0,2023-06-26,DDC,37691000.0,Environmental Protection,61593000.0
156.0,1902-12-17,2023-01-01,2019-02-01T00:00:00.000,This project will stabilize and reconstruct portions of the East River Esplanade.,0.0,2025-02-26,DPR,0.0,DPR,29475000.0
829.0,1902-10-07,2023-01-01,2018-06-07T00:00:00.000,RECONSTRUCTION OF STREETS IN ROSEDALE AREA - PHASE 2,0.0,2026-11-21,DDC,61291000.0,Transportation,100651000.0
-8.0,1900-07-24,2013-09-01,2008-06-19T00:00:00.000,"Roadway reconstruction and installation of new storm sewers and the replacement of sanitary sewers and water mains in the Midland Beach section, Staten Island",,2023-12-30,DDC,62973000.0,Trans. & Env. Protection,31218000.0
663.0,1902-06-16,2021-03-01,,,,,DDC,-1850000.0,DCAS,
1949.0,1900-12-12,2016-11-01,2012-01-17T00:00:00.000,"Phase I repairs the inshore platform, replaces scales and control equipment, dredging around the pier, & site work. Phase 2 refurbishes existing pier building incl. pier structure, pile caps, fendering, construction of new emergency generator, etc.",1558311.0,2018-03-20,DDC,126753576.46,Sanitation,87563311.0
1452.0,1901-07-15,2020-10-01,,,,,EDC,27046705.0,H+H,
0.0,1903-01-02,2023-01-01,2018-02-23T00:00:00.000,LEASE,0.0,2023-09-03,SCA,0.0,DOE,31421420.0
1736.0,1902-05-10,2021-03-01,2018-09-01T00:00:00.000,Regrading and reconstruction of 33rd Street Viaduct between 11th and 12th Avenue..,0.0,2025-11-29,EDC,0.0,DOT,100000000.0
1865.0,1901-08-09,2018-03-01,2017-09-19T00:00:00.000,"Replace the Concourse Village Avenue bridge over Metro North, Bronx",-15487.0,2024-08-20,DOT,-186092.37,DOT,50068796.0
803.0,1901-06-22,2020-10-01,2018-04-16T00:00:00.000,"Rehabilitation of Boston Road Bridge over Hutchinson River, located in the Bornx.",197722.0,2025-01-24,DOT,49309814.0,DOT,81199814.0
2142.0,1901-03-27,2019-09-01,2017-11-06T00:00:00.000,"Replacement of internal mechanisms, concrete repairs, effluent weirs, scum troughs, grease pit collection system, electrical upgrades, HVAC upgrades, evaluation and improvement of cross collector drainage in 10 PST.",-29040138.35,2025-03-24,DEP,99651290.98,DEP,46656345.0
1865.0,1901-08-09,2020-05-01,2017-09-19T00:00:00.000,"Replace the Concourse Village Avenue bridge over Metro North, Bronx",0.0,2028-07-25,DOT,-186092.37,DOT,51069190.0
1113.0,1901-02-08,2019-01-01,2004-03-18T00:00:00.000,"Gilboa Dam Reconstruction Project includes construction of a new low level outlet (LLO) consisting of 2,000 feet of tunneling, an access shaft, oulet structure and gate valve controls.",-0.11,2020-12-13,DEP,10376533.49,DEP,205621973.69
0.0,1903-01-11,2021-12-01,2019-12-16T00:00:00.000,NEW SCHOOL,0.0,2024-09-03,SCA,0.0,DOE,79171750.0
1839.0,1901-09-14,2018-03-01,2009-09-03T00:00:00.000,"Reconstruction of E 177th Street /Devoe Ave etc., Bronx",0.0,2021-08-14,DDC,25050000.0,Transportation,25482000.0
2180.0,1901-03-07,2020-05-01,,,,,DDC,117177000.0,Environmental Protection,
1319.0,1902-04-16,2019-05-01,2018-07-11T00:00:00.000,"Bronx Supreme Court, Fire Alarm, Sprinkler, 851 Grand Concourse - Replace the existing fire alarm system and install a new sprinkler system.",12019610.0,2024-01-09,DDC,37248610.0,DCAS,55200000.0
2027.0,1901-07-09,2020-05-01,2017-09-28T00:00:00.000,"Replace/Rehab the Metropolitan Avenue bridge over CSX Transport, Queens.",-425000.0,2028-02-22,DOT,4699394.0,DOT,72801394.0
916.0,1902-09-03,2021-07-01,2018-07-27T00:00:00.000,"The Brownsville Library is a comprehensive interior/exterior renovation and addition which includes new fire alarm/BMS, new interior layout, new HVAC, new accessible restrooms, exterior rehabilitation and landscape.",6513000.0,2026-01-02,DDC,6752000.0,Libraries-BPL,32015000.0
1091.0,1901-11-02,2021-12-01,2018-04-16T00:00:00.000,SMLP portion for Hunts Point WWTP as part of the New York City Wastewater Resiliency Program.,8375603.18,2023-02-17,DEP,20080597.79,DEP,60882161.37
2032.0,1901-02-06,2019-05-01,,"The EPIC - EMR Program: Electronic Medical Records (EMR) System - a single enterprise-wide EMR to meet the needs of HHC's expansive size and improve patient care will replace the legacy EMR - QuadraMed, which is over 25 years old.",0.0,2016-04-02,HHC,15184947.0,H+H,764063231.0
1377.0,1902-03-04,2022-09-01,2020-03-09T00:00:00.000,"NEW STORM SEWER CONSTRUCTION, REPLACEMENT OR UPGRADES TO SANITARY SEWERS AND WATER MAINS IN PROJECT AREAS. GREEN INFRASTRUCTURE PROJECTS TO BE DONE IN CONJUNCTION WITH THESE CAPITAL IMPROVEMENTS",0.0,2026-02-16,DDC,3200000.0,Environmental Protection,28200000.0
1415.0,1902-01-10,2023-01-01,2016-12-16T00:00:00.000,Reconstruction of Arthur Kill Rd from Clark Avenue to Richmond Avenue including widening of roadway,0.0,2026-05-15,DDC,22503000.0,Transportation,60299000.0
-8.0,1900-07-24,2019-05-01,2014-10-15T00:00:00.000,Install storm and sanitary sewers at multiple locations.,13101000.0,2022-06-28,DDC,62973000.0,Trans. & Env. Protection,98431000.0
1906.0,1901-09-09,2022-04-01,2016-08-11T00:00:00.000,Vision Zero - Queens Boulevard - Segment 1: Roosevelt Avenue to 73rd Street. Variety of safety and streetscape improvements including partial street reconstruction and resurfacing to address roadway conditions,70210000.0,2028-08-01,DDC,176245000.0,Transportation,250961000.0
1452.0,1901-07-15,2023-01-01,2016-12-01T00:00:00.000,Flood mitigation system to protect Metropolitan's campus from future flooding due and sea level rise,0.0,2024-11-21,EDC,27046705.0,H+H,108206086.0
366.0,1903-03-08,2021-07-01,2014-02-04T00:00:00.000,"Total reconstruction of two street grids in South Jamaica approximately bounded by Sutphin Boulevard, 109th Avenue, 155th Street and Linden Boulevard, and by 157th Street, 111th Avenue, Beddell Street and 116th Avenue.",,2026-02-09,DDC,1360000.0,Transportation,56391000.0
1026.0,1901-11-01,2019-01-01,2018-04-30T00:00:00.000,SMLP portion for Bowery Bay WRRF as part of the New York City Wastewater Resiliency Program.,-1883798.44,2023-04-08,DEP,-19623216.41,DEP,35686871.6
1452.0,1901-07-15,2020-01-01,,,,,EDC,27046705.0,H+H,
1517.0,1901-04-22,2016-01-01,2015-03-23T00:00:00.000,"Project to ensure the reliability of the 74 mile upper Catskill Aqueduct, including replacement of mechanical components, leak mitigation, and biofilm removal/condition assessment.",,2018-10-05,DEP,9642889.68,DEP,227874512.0
1400.0,1901-06-02,2022-09-01,2016-08-04T00:00:00.000,"PED. SAFETY UPGRADES ON ATLANTIC AVE - PH 2, BROOKLYN",-1000.0,2024-05-30,DDC,10136496.0,Transportation,40012000.0
1215.0,1901-05-30,2018-03-01,2014-03-17T00:00:00.000,"Reconstruction of Storm and Sanitary sewers, Trunk and Distribution Water Main in Coney Island Area -Phase 3A, Borough of Brooklyn.",0.0,2021-08-15,DDC,25273000.0,Environmental Protection,39427000.0
1086.0,1901-07-03,2022-09-01,2017-11-22T00:00:00.000,"CSO Facilities, bulkheads, pilots and other requirements to comply with Gowanus Canal Superfund Adminstrative Orders",0.0,2031-11-25,DEP,432995114.0,DEP,1547300000.0
1082.0,1902-08-31,2022-04-01,2017-11-01T00:00:00.000,This project will reconstruct the track & field and convert three soccer fields and four ballfields from natural turf to synthetic turf at Red Hook Recreation Area.,0.0,2023-01-03,DPR,-10555000.0,DPR,68712000.0
1592.0,1900-04-21,2015-08-01,1995-01-17T00:00:00.000,"Repair abutments, piers, approaches, and the steel superstructure. Replace reinforced concrete deck.",1309733.37,2020-05-01,DOT,20945057.0,DOT,63911397.37
1197.0,1901-06-23,2023-01-01,2018-04-01T00:00:00.000,Resiliency betterments for Battery Park and West Street underpasses.,-2398000.0,2025-07-09,DOT,47923308.0,DOT,66773308.0
1211.0,1902-04-19,2020-10-01,,,,,DDC,55883745.0,Transportation,
2869.0,1900-06-28,2018-08-01,2002-02-20T00:00:00.000,"Reconstruction of Pelham Parkway from the Bronx River Parkway to the Hutchinson River Parkway, including the north service road from Bronx Park East to Eastchester Road.",-2246000.0,2021-07-31,DDC,125164000.0,Transportation,137369000.0
0.0,1903-01-08,2022-04-01,2020-06-04T00:00:00.000,NEW SCHOOL,0.0,2024-09-03,SCA,0.0,DOE,85395900.0
1113.0,1901-02-08,2014-05-01,2004-03-18T00:00:00.000,"Gilboa Dam Reconstruction Project includes construction of a new low level outlet (LLO) consisting of 2,000 feet of tunneling, an access shaft, oulet structure and gate valve controls.",34642402.0,2020-05-02,DEP,10376533.49,DEP,223221213.0
3597.0,1900-07-22,2018-08-01,2013-02-13T00:00:00.000,"Reconstruct roadway and extend storm and sanitary sewers in portions of Brookville Boulevard, Edgewood Street, 147th Avenue, and adjacent streets west of 241st Street.",65645000.0,2022-09-06,DDC,106503000.0,Transportation,81463000.0
-8.0,1900-07-24,2016-06-01,2008-06-19T00:00:00.000,"Roadway reconstruction and installation of new storm sewers and the replacement of sanitary sewers and water mains in the Midland Beach section, Staten Island.",250000.0,2019-10-27,DDC,62973000.0,Trans. & Env. Protection,43795000.0
389.0,1903-04-05,2023-01-01,2018-06-28T00:00:00.000,,0.0,2026-01-01,DDC,493000.0,Libraries-BPL,35874000.0
3238.0,1900-12-29,2020-10-01,2012-10-01T00:00:00.000,"This project will reconstruct the Hannah St. Pumping Station, the largest City-owned wastewater collection and pumping station on Staten Island.  Built in 1977, the facility has numerous deficiencies, needing  a comprehensive upgrade.",36109652.0,2023-05-08,DEP,67909196.8,DEP,103976956.23
663.0,1902-06-18,2020-10-01,,,,,DDC,-1754000.0,DCAS,
2869.0,1900-06-28,2013-09-01,2002-02-20T00:00:00.000,"Reconstruction of Pelham Parkway from the Bronx River Parkway to the Hutchinson River Parkway, including the north service road from Bronx Park East to Eastchester Road.",,2016-02-13,DDC,125164000.0,Transportation,33369000.0
913.0,1902-08-28,2021-07-01,2017-06-20T00:00:00.000,"Rehabilitation of garage, broom garage and salt shed that serves Bronx Community Disrtict 6 located at 800 East 176th Street, Bronx.",0.0,2026-06-30,DSNY,0.0,DSNY,39941681.0
1906.0,1901-09-09,2017-09-01,2016-08-11T00:00:00.000,Reconstruction of Queens Blvd between Roosevelt Ave and 73rd St. (Segment 1) Great Streets Vision Zero.,,2023-11-14,DDC,176245000.0,Transportation,75466000.0
1712.0,1901-02-26,2019-09-01,2013-07-01T00:00:00.000,"NR-COGEN, ACECOGEN, SANDNR",22824007.0,2022-08-08,DEP,134242052.88,DEP,246332584.37
2086.0,1900-04-06,2023-01-01,2012-07-23T00:00:00.000,"Replace the existing bridge with a new, wider double-leaf bascule bridge in the Bronx.",6225760.0,2023-12-27,DOT,142277136.0,"DEP, DOT",297884658.0
2086.0,1900-04-06,2021-07-01,2012-07-23T00:00:00.000,"Replace the existing bridge with a new, wider double-leaf bascule bridge in the Bronx.",3681798.0,2022-11-30,DOT,142277136.0,"DEP, DOT",296250051.0
1126.0,1902-09-30,2021-12-01,2017-08-01T00:00:00.000,"PEDESTRIAN SAFETY GEOMETRIC IMPROVEMENTS AT VARIOUS SPECIFIED LOCATIONS, CITYWIDE",150000.0,2024-06-01,DDC,-4087000.0,Transportation,26219000.0
1197.0,1901-06-23,2019-09-01,2018-04-01T00:00:00.000,Resiliency betterments for Battery Park and West Street underpasses.,5000.0,,DOT,47923308.0,DOT,19810000.0
1970.0,1901-08-16,2017-09-01,2015-04-09T00:00:00.000,"This project includes the replacement of the upper roadway's deck on the main bridge along with steel repairs, fire standpipes, and lighting upgrades.",11904147.67,2019-04-08,DOT,8567339.67,DOT,373837381.0
77.0,1903-06-26,2023-01-01,2019-07-23T00:00:00.000,"Bronx County Courthouse, Exterior Rehabilitation, 851 Grand Concourse - Rehabilitation of the building's envelope, including but not limited to all roof areas, and brick and limestone exterior masonry.",0.0,2026-06-02,DDC,0.0,DCAS,64442000.0
1113.0,1901-02-08,2016-06-01,2004-03-18T00:00:00.000,"Gilboa Dam Reconstruction Project includes construction of a new low level outlet (LLO) consisting of 2,000 feet of tunneling, an access shaft, oulet structure and gate valve controls.",5555475.0,2020-07-27,DEP,10376533.49,DEP,201363038.0
972.0,1902-04-24,2020-01-01,,,,,DDC,6730000.0,Transportation,
1687.0,1901-03-29,2021-03-01,,,,,DDC,25547000.0,Environmental Protection,
1919.0,1901-07-26,2018-08-01,2017-08-01T00:00:00.000,"Construction of new Sanitation garage facility to serve Bronx community districts 9, 10, and 11 to be located at Zerega Avenue in the Bronx",0.0,2026-06-30,DSNY,268983862.56,DSNY,291383225.0
-98.0,1903-03-03,2021-07-01,2020-03-02T00:00:00.000,12TH AVENUE ACCESSIBILITY IMPROVEMENTS,,,DDC,51571000.0,Transportation,57920000.0
1217.0,1902-09-09,2021-03-01,,,,,DDC,20937000.0,Transportation,
1845.0,1901-07-11,2020-01-01,2017-10-03T00:00:00.000,"Repair the Cross Island bridge over 115th Avenue/Dutch Broadway, Queens.",0.0,,DOT,17528706.0,DOT,25753171.0
-8.0,1900-07-24,2021-03-01,,,,,DDC,62973000.0,Trans. & Env. Protection,
1319.0,1902-04-16,2020-01-01,,,,,DDC,37248610.0,DCAS,
2113.0,1901-01-22,2020-01-01,,,,,DDC,-7266000.0,Environmental Protection,
3253.0,1900-07-11,2022-09-01,2012-06-07T00:00:00.000,Reconstruction DUMBO/Vinegar Hill Area including Trunk and Distribution water main replacement; Installation of HLSS and Combined Sewer replacement; Restoration of Belgian block in Water Street; Street lighting and Traffic Signal work.,929000.0,2024-06-04,DDC,96724000.0,Transportation,131339000.0
1693.0,1901-08-14,2020-01-01,2020-01-02T00:00:00.000,Replace the Ramp to northbound Henry Hudson Parkway over Amtrak in Manhattan.,0.0,2029-07-08,DOT,500625.0,DOT,53551000.0
1533.0,1901-05-24,2019-09-01,2017-03-31T00:00:00.000,"Brooklyn Supreme Court, Fire Alarm, Sprinkler, 360 Adams Street - New addressable fire detection and alarm system and new sprinkler system.",5045000.0,2023-12-01,DDC,47003000.0,DCAS,63107000.0
2086.0,1900-04-06,2014-05-01,2012-07-23T00:00:00.000,"This project will replace the existing bridge with a new, wider double-leaf bascule bridge.",42345978.0,2020-07-21,DOT,142277136.0,"DEP, DOT",195217224.0
3241.0,1901-03-24,2019-09-01,2018-08-02T00:00:00.000,"Replacement of thickener pumps, piping, sludge pumps, mixing pumps, recirculation pumps, spray water pumps, and heat exchangers. Install Gravity Belt Thickener, GBT pumps, polymer feed system.  Rehab of Thickeners, Sludge Box, and Distribution Box.",5490762.7,2024-06-19,DEP,57138101.3,DEP,78583947.7
549.0,1900-04-03,2020-01-01,2014-09-15T00:00:00.000,Replace one Barberi class boat and the John F. Kennedy boat which are approaching the end of their useful lives with new Staten Island ferries. Replacement is needed to continue reliable service.,449000.0,2020-08-08,DOT,-238419180.0,DOT,349848872.0
1355.0,1902-01-19,2019-01-01,2016-07-20T00:00:00.000,Brooklyn Animal Care Center,8688966.0,2022-12-31,DDC,21288000.0,Health,35972966.0
1036.0,1902-05-11,2021-12-01,2019-06-13T00:00:00.000,Reconstruction of bulkhead and piers at 79th St Boat Basin on behalf of NYCDPR .,0.0,2025-03-11,EDC,-1131246.67,DPR,89219175.0
894.0,1902-08-01,2022-09-01,2022-09-22T00:00:00.000,"Construction of 1,200 double barrel 14W x 10H conduit to provide 2.8 MG of CSO storage; bar screens/baffle-weir system for floatables control; PS to drain conduit after each rain event; new outfall to provide relief for events which exceed 2.8 MG.",-16012288.0,2032-11-19,DEP,-24577348.0,DEP,210852514.0
1517.0,1901-04-22,2018-03-01,2015-06-19T00:00:00.000,"Project to ensure the reliability of the 74 mile upper Catskill Aqueduct, including replacement of mechanical components, leak mitigation, and biofilm removal/condition assessment.",-784933.0,2020-02-29,DEP,9642889.68,DEP,244521871.0
445.0,1902-09-05,2020-05-01,,,,,DDC,-16441000.0,Transportation,
1684.0,1901-02-09,2013-09-01,2008-12-01T00:00:00.000,"This project will rehabilitate the mechanics and the architecture of the Shandaken Tunnel Intake Chamber, which includes the replacement of gates and general site improvements.",,2018-08-16,DEP,33535991.2,DEP,37477201.0
1535.0,1901-08-08,2020-05-01,2016-04-29T00:00:00.000,"Install, remove, and furnish equipment for electrical work associated with traffic signals, lighting, and distribution systems in Central Park, Manhattan.",-130000.0,,DOT,-3323649.6,DOT,43173656.0
-388.0,1900-06-18,2014-01-01,2012-12-03T00:00:00.000,"Roadway reconstruction Bergen Avenue and vicinity, includes sections of: Avenues N, T, U, V, W, X and Y; 66th Street and 69th through 75th Streets; Veterans Avenue and Royce Street.",-805000.0,2024-07-16,DDC,45837000.0,Transportation,32922000.0
421.0,1903-05-27,2022-09-01,2016-10-19T00:00:00.000,RECONSTRUCTION OF DEL VALLE SQUARE - UPGRADE & EXPAND EXISTING PLAZA AND ENHANCE PEDESTRIAN SAFETY AND IMPROVE A COMMUNITY PUBLIC SPACE,-4827000.0,2025-11-12,DDC,-4589000.0,Transportation,26948000.0
417.0,1903-05-02,2023-01-01,2021-02-22T00:00:00.000,"This project will reconstruct the entrances, paths, plaza and drainage infrastructure at Fort Greene Park.",0.0,2026-01-14,DPR,0.0,DPR,29284800.0
641.0,1902-11-05,2021-03-01,2021-04-30T00:00:00.000,"Design & DSDC for the upgrade of three NYCDEP Pumping Stations. The scope of the project is to provide a safe, reliable, efficient, resilient and low maintenance pumping station for the Operating Bureau.",0.0,2024-07-04,DEP,45860651.8,DEP,110301093.0
663.0,1902-06-16,2021-07-01,2019-07-16T00:00:00.000,CITYWIDE FUEL TANK REPLACEMENT PROGRAM FOR NEW 2015 EPA PETROLEUM BULK STORAGE REGULATIONS,-2150000.0,2025-01-02,DDC,-1850000.0,DCAS,25350000.0
1712.0,1901-02-26,2022-09-01,2013-07-01T00:00:00.000,This project will replace the 10 existing pump and blower engines with electric motors for the main sewage pumps and a new cogeneration facility consisting of 5 new dual fuel engines and electrical service distribution upgrades.,4907206.99,2024-01-13,DEP,134242052.88,DEP,285664883.87
1147.0,1901-03-28,2022-04-01,2019-06-04T00:00:00.000,"Upgrades significant portions of the electrical distribution infrastructure including 3 power center installations, 15 motor control centers, 6 automatic transfer switches and 20 transformers throughout the plant",3787765.0,2027-09-04,DEP,33489860.26,DEP,130373506.22
730.0,1902-05-25,2022-09-01,2018-01-26T00:00:00.000,NEW SCHOOL,0.0,2023-09-03,SCA,6379885.0,DOE,66249461.0
445.0,1902-09-05,2023-01-01,2017-09-18T00:00:00.000,Sunset Park Gowanus Connector - Brooklyn Waterfront Greenway.,0.0,2023-09-14,DDC,-16441000.0,Transportation,28830000.0
1467.0,1902-05-04,2018-08-01,2018-06-05T00:00:00.000,Trench Restoration including full reconstruction,,2022-09-09,DDC,6536000.0,Transportation,26893000.0
1834.0,1902-03-03,2019-01-01,2018-02-15T00:00:00.000,Construction of Storm and Sanitary sewers at various locations in Queens Priority Grid 13 & 18,-39882000.0,2020-04-12,DDC,7404000.0,Environmental Protection,0.0
1908.0,1901-08-06,2017-04-01,2016-04-13T00:00:00.000,"Repair approach arches, towers, and ramp substructures of Brooklyn Bridge.",,2018-11-30,DOT,33135732.1,DOT,300246941.9
1834.0,1902-03-03,2020-01-01,,,,,DDC,7404000.0,Environmental Protection,
1712.0,1901-02-26,2014-05-01,2013-07-01T00:00:00.000,This project will replace the 10 existing pump and blower engines with electric motors for the main sewage pumps and a new cogeneration facility consisting of 5 new dual fuel engines and electrical service distribution upgrades.,3379984.0,2019-11-30,DEP,134242052.88,DEP,156362904.0
1934.0,1901-05-20,2021-12-01,2017-11-08T00:00:00.000,"Replace/Rehab the Pelham Parkway bridge over Hutchinson River Parkway, Bronx.",539052.0,2028-01-12,DOT,10338071.57,DOT,59687530.0
2003.0,1900-04-10,2021-07-01,2003-03-10T00:00:00.000,Repair the bridge superstructure and substructure and install a new concrete-filled steel grid deck.,10823465.0,2022-12-06,DOT,23798213.0,DOT,138864733.0
2869.0,1900-06-28,2018-03-01,2002-02-20T00:00:00.000,"Reconstruction of Pelham Parkway from the Bronx River Parkway to the Hutchinson River Parkway, including the north service road from Bronx Park East to Eastchester Road.",0.0,2021-07-31,DDC,125164000.0,Transportation,139615000.0
2086.0,1900-04-06,2020-10-01,2012-07-23T00:00:00.000,"Replace the existing bridge with a new, wider double-leaf bascule bridge in the Bronx.",-161852.0,2022-11-30,DOT,142277136.0,"DEP, DOT",292568253.0
1696.0,1901-09-30,2021-03-01,,,,,DDC,35010000.0,DCAS,
663.0,1902-06-16,2021-12-01,2019-07-16T00:00:00.000,CITYWIDE FUEL TANK REPLACEMENT PROGRAM FOR NEW 2015 EPA PETROLEUM BULK STORAGE REGULATIONS,0.0,2025-06-29,DDC,-1850000.0,DCAS,25350000.0
-388.0,1900-06-18,2020-01-01,,,,,DDC,45837000.0,Transportation,
1840.0,1902-09-07,2021-03-01,,,,,DDC,47223000.0,Transportation,
703.0,1902-10-15,2021-03-01,2018-11-19T00:00:00.000,This project will reconstruct the garage in Cunningham Park.,0.0,2023-05-27,DPR,0.0,DPR,27060000.0
1086.0,1901-07-03,2021-12-01,,,,,DEP,432995114.0,DEP,
652.0,1902-02-14,2023-01-01,2015-04-30T00:00:00.000,"Installation of storm, sanitary and combined sewers, and water main: Brookville section of Queens, including sections of 227th, 228th, 229th and 230th Streets, 230th Place, and 145th and 147th Avenues.",0.0,2023-06-30,DDC,-9148000.0,Environmental Protection,120459000.0
0.0,1903-05-18,2023-01-01,2022-05-03T00:00:00.000,New Flyover Pedestrian Bridge,0.0,2028-02-10,DDC,0.0,Transportation,186958000.0
813.0,1902-04-28,2023-01-01,2016-09-30T00:00:00.000,"High Level Storm and Combine Sewer installation and Water Main replacement in Gowanus Canal Area Phase-2, Brooklyn.",0.0,2023-06-21,DDC,8657000.0,Environmental Protection,42337000.0
1278.0,1902-04-30,2023-01-01,2017-10-30T00:00:00.000,"The scope of work consists of providing all necessary construction management, design, and  r.onstruction services required to perform ail phases of the project: Surveying, tank testing,  investigation, design, construction, and construction management for the closure, removal, upgrade,  or replacement of petroieum product storage tanks at various City owned sites. This work must  comply with all local, state, nnd federal laws nnd regulations governing tanks and associated work.    The general scope of work for tank replacement includes:    File NYSDEC PBS application; mobilization; securing all required NYC agency approvals & permits;  site survey; geophysical survey; drilling for laboratory soil and groundwater samples; crane & rigging;  saw cutting; demo & disposal of old tanks, piping, and concrete vaults; dewatering· of excavation; tank  bottom sludge removal & disposal; remove/transfer/dispose product; laboratory analysis of soil and  groundwater; excavate, remove, dispose incidental contaminated soil; install shoring, new tanks and  tan·k sumps, piping, monitoring and leak detection system, overfill protection and alarms, electrical  wiring; construction of concrete slabs and block piers; backfill excavation; resurfacing; demobilization;  performance of a closeout investigation and the preparation and filing of appropriate reports;  obtaining FDNY and DOB closeout documents; preparing ""As-built"" drawings.",206000.0,2025-04-14,DDC,207000.0,DCAS,31700000.0
-366.0,1903-08-05,2023-01-01,2021-11-05T00:00:00.000,LEASE,0.0,2023-09-03,SCA,0.0,DOE,25191650.0
1355.0,1902-01-19,2019-05-01,2016-07-20T00:00:00.000,Demolish existing on-story facility. Construct a two-story new building for animal care center with a drive-through parking lot to meet the new program.  Phasing is required to meet 24/7 operation.,-8453966.0,2023-08-10,DDC,21288000.0,Health,27519000.0
1891.0,1900-11-08,2020-05-01,2014-01-01T00:00:00.000,This project will upgrade the Borden Ave Pump Station by expanding its footprint; providing replacement equipment; converting dry well to wet well; and providing provisions for future project to expand capacity of pump station to 26 MGD.,4400000.0,2024-12-01,DEP,-4338327.57,DEP,38071569.0
396.0,1903-04-14,2021-12-01,2019-01-02T00:00:00.000,"GREEN INFRASTRUCTURE IN OWLS HEAD TRIBUTARY DRAINAGE AREAS, BROOKLYN",10310000.0,2026-03-24,DDC,24278000.0,Environmental Protection,46419000.0
730.0,1901-07-28,2021-03-01,2017-04-01T00:00:00.000,The Project will improve the roadways and pedestrian facilities. The Project will consist of roadway reconstruction within Exterior Street between East 138th Street and East 150th Street.,0.0,2023-05-01,EDC,-5100000.0,EDC,84520367.0
1553.0,1902-04-29,2021-12-01,2018-01-22T00:00:00.000,"Installation of new building wide fire alarm and sprinkler distribution for 253 Broadway  The PW357FIRE project has been divided into two phases.  • Phase 1 - Fire alarm core to meet the PW77LYA project LPC office renovation - currently under construction • Phase 2 – Fire alarm branches, sprinkler system branches, and BMS – currently under bid package review phase",12350000.0,2026-12-31,DDC,17827000.0,DCAS,44267000.0
-395.0,1903-07-22,2023-01-01,2019-09-10T00:00:00.000,851 GRAND CONCOURSE - HOUSING COURT RELOCATION,252.0,2025-03-16,DCAS,252.0,DCAS,30092000.0
2003.0,1900-04-10,2016-01-01,2003-03-10T00:00:00.000,Repair the bridge superstructure and substructure and install a new concrete-filled steel grid deck.,-94331035.0,2019-05-07,DOT,23798213.0,DOT,107601528.81
1400.0,1901-06-02,2017-09-01,2016-08-04T00:00:00.000,"Safety Improvements on Atlantic Ave from Conduit Avenue to Rockaway Blvd, Phase 2, Brooklyn",1765000.0,2021-02-27,DDC,10136496.0,Transportation,39140000.0
456.0,1902-08-18,2021-12-01,2019-09-30T00:00:00.000,"Four-acre waterfront park in Lower Concourse, Bronx.",0.0,2024-09-29,EDC,0.0,DPR,35407359.0
2085.0,1901-06-27,2020-10-01,2014-09-01T00:00:00.000,The priority mitigation projects at Coler include key critical mitigation projects to improve the resiliency of the campus.,0.0,2020-10-31,EDC,0.0,H+H,12073687.0
0.0,1903-07-30,2023-01-01,2021-03-08T00:00:00.000,ADDITION / EXISTING BUILDING-IPDVS,0.0,2024-09-03,SCA,0.0,DOE,69789264.0
856.0,1902-06-14,2021-03-01,,,,,DDC,-190000.0,Cultural Affairs,
1452.0,1901-07-15,2017-04-01,2016-12-01T00:00:00.000,Flood mitigation system to protect Metropolitan's campus from future flooding due and sea level rise,0.0,2020-11-30,EDC,27046705.0,H+H,81159381.0
836.0,1902-02-11,2022-09-01,2016-04-27T00:00:00.000,"East Side Coastal Resiliency - Montgomery Street to East 15th Street, Manhattan",0.0,2026-08-15,DDC,-418193636.37,Parks & Recreation,92660363.63
1126.0,1902-09-30,2021-07-01,2017-08-01T00:00:00.000,"PEDESTRIAN SAFETY GEOMETRIC IMPROVEMENTS AT VARIOUS SPECIFIED LOCATIONS, CITYWIDE",-3791000.0,2024-06-01,DDC,-4087000.0,Transportation,26069000.0
1126.0,1902-09-30,2022-04-01,2017-08-01T00:00:00.000,"PEDESTRIAN SAFETY GEOMETRIC IMPROVEMENTS AT VARIOUS SPECIFIED LOCATIONS, CITYWIDE",-30000.0,2024-06-01,DDC,-4087000.0,Transportation,26189000.0
1865.0,1901-08-09,2021-07-01,2019-01-25T00:00:00.000,"Replace the Concourse Village Avenue bridge over Metro North, Bronx",-500000.0,2027-09-09,DOT,-186092.37,DOT,50569190.0
1026.0,1901-11-01,2020-05-01,2018-04-30T00:00:00.000,SMLP portion for Bowery Bay WRRF as part of the New York City Wastewater Resiliency Program.,0.0,2022-08-26,DEP,-19623216.41,DEP,33467836.53
1026.0,1901-11-01,2018-08-01,2018-03-29T00:00:00.000,SMLP portion for Bowery Bay WWTP as part of the New York City Wastewater Resiliency Program.,-20364788.78,2021-03-08,DEP,-19623216.41,DEP,37570670.04
636.0,1902-07-30,2023-01-01,2019-09-27T00:00:00.000,Reconstruction Of Primary Tanks at Bowery Bay WPCP,11027533.0,2028-03-20,DEP,74442173.0,DEP,142392362.0
730.0,1901-07-28,2020-05-01,2017-04-01T00:00:00.000,The Project will improve the roadways and pedestrian facilities. The Project will consist of roadway reconstruction within Exterior Street between East 138th Street and East 150th Street.,0.0,2023-01-30,EDC,-5100000.0,EDC,84520367.0
1306.0,1901-12-22,2018-03-01,2018-06-11T00:00:00.000,Throgs Neck Pumping Station Rehabilitation and Improvements,,2023-03-04,DEP,25708336.86,DEP,41689486.0
2027.0,1901-07-09,2019-09-01,2017-09-28T00:00:00.000,"Replace the Metropolitan Avenue bridge over CSX Transport, Queens.",4474000.0,,DOT,4699394.0,DOT,72926394.0
549.0,1900-04-03,2016-06-01,2014-09-15T00:00:00.000,Replace one Barberi class boat and the John F. Kennedy boat which are approaching the end of their useful lives with new Staten Island ferries. Replacement is needed to continue reliable service.,15421000.0,2020-03-16,DOT,-238419180.0,DOT,347408272.61
1630.0,1902-04-26,2022-04-01,2018-10-09T00:00:00.000,SOUTHEAST QUEENS PRIORITY GRIDS - GROUP 2,528000.0,2028-02-29,DDC,14480000.0,Transportation,32981000.0
3253.0,1900-07-11,2015-08-01,2012-06-07T00:00:00.000,"Reconstruction and restoration of Belgian block roadways in the DUMBO and Vinegar Hill communities concurrent with installation of new water main, combined sewers and storm sewers, plus construction of the Pearl Street Triangle Plaza.",-1000000.0,2017-11-08,DDC,96724000.0,Transportation,48317000.0
1309.0,1902-10-12,2022-04-01,2016-11-30T00:00:00.000,"This project will construct synthetic turf athletic fields, roadways, a parking lot with associated landscaping and stormwater management, multi-use and pedestrian paths, benches, signage, fencing, and lighting, and restore woodlands and wetlands.",0.0,2025-05-17,DPR,1436858.72,DPR,39111000.0
0.0,1903-01-04,2022-09-01,2020-08-12T00:00:00.000,NEW SCHOOL,1339880.0,2024-09-03,SCA,1339880.0,DOE,94126570.0
2266.0,1901-01-04,2015-02-01,2014-12-02T00:00:00.000,"Replacement of trunk water main on Flatbush Avenue between Sterling place and 8th Avenue in addition to the distribution water main in 6th Avenue between Union Street and Park Place, and sections of adjoining streets.",5952000.0,2018-10-08,DDC,39272000.0,Environmental Protection,25804000.0
2180.0,1901-03-07,2018-08-01,2012-07-10T00:00:00.000,Construction of a new storm sewer in 20th Avenue between 126th Street and US Bulkhead.,6037000.0,2021-06-29,DDC,117177000.0,Environmental Protection,132311000.0
357.0,1903-03-12,2023-01-01,2019-06-18T00:00:00.000,"New education building at Queens Botanical Garden (QBG). Design and construction of a new 14,500 SF building to provide year-round programming and educational spaces to serve students, children, community gardeners, and others.  The New Education Building will add six new teaching spaces, including four classrooms, a teaching kitchen and a teaching greenhouse where educators will be able to grow and maintain plants for educational purposes. Ideally, the four regular classrooms will be able to opened up into one large space to accommodate larger training programs.",17000.0,2025-10-31,DDC,905000.0,Cultural Affairs,29591000.0
1906.0,1901-09-09,2022-09-01,2016-08-11T00:00:00.000,Vision Zero - Queens Boulevard - Segment 1: Roosevelt Avenue to 73rd Street. Variety of safety and streetscape improvements including partial street reconstruction and resurfacing to address roadway conditions,750000.0,2029-02-01,DDC,176245000.0,Transportation,251711000.0
921.0,1901-12-21,2020-10-01,2018-11-01T00:00:00.000,SMLP portion for Red Hook WRRF as part of the New York City Wastewater Resiliency Program.,1789202.48,2023-01-13,DEP,13549422.97,DEP,26273116.75
2032.0,1901-02-06,2020-10-01,,"The EPIC - EMR Program: Electronic Medical Records (EMR) System - a single enterprise-wide EMR to meet the needs of HHC's expansive size and improve patient care will replace the legacy EMR - QuadraMed, which is over 25 years old.",0.0,2021-05-30,HHC,15184947.0,H+H,764063231.0
753.0,1902-03-01,2020-05-01,,,,,DDC,101452000.0,Environmental Protection,
663.0,1902-06-17,2019-09-01,2019-08-16T00:00:00.000,CITYWIDE FUEL TANK REPLACEMENT PROGRAM FOR NEW 2015 EPA PETROLEUM BULK STORAGE REGULATIONS,0.0,2023-06-30,DDC,-1940000.0,DCAS,27500000.0
708.0,1902-10-27,2020-05-01,2017-08-15T00:00:00.000,"This project will reconstruct the deteriorated fixed piers, floating docks, bulkhead, and related components, including Sandy-damaged elements.",,,DPR,4947362.68,DPR,43539637.32
1113.0,1901-02-08,2019-05-01,2004-03-18T00:00:00.000,"Gilboa Dam Reconstruction Project includes construction of a new low level outlet (LLO) consisting of 2,000 feet of tunneling, an access shaft, oulet structure and gate valve controls.",3027887.88,2021-05-22,DEP,10376533.49,DEP,208649861.57
2113.0,1901-01-22,2021-07-01,2013-09-30T00:00:00.000,"Trunk and Distribution Main Connection to shaft 32B in 2nd Ave., etc., together with all work incidental thereto, Borough of Manhattan.    2nd Avenue from East 33rd Street to East 37th Street",3866000.0,2023-07-27,DDC,-7266000.0,Environmental Protection,52660000.0
2797.0,1900-04-15,2015-08-01,2005-04-01T00:00:00.000,"Replace deteriorated members of lift span superstructure, concrete deck, lift electrical and mechanical systems, and fenders.",79000.0,2021-01-12,DOT,39724388.0,DOT,109294563.0
0.0,1902-12-24,2022-04-01,2019-08-29T00:00:00.000,NEW SCHOOL,0.0,2024-09-03,SCA,-1926038.0,DOE,93838545.0
1415.0,1902-01-10,2020-10-01,,,,,DDC,22503000.0,Transportation,
1306.0,1901-12-22,2022-04-01,2018-06-30T00:00:00.000,Throgs Neck Pumping Station Rehabilitation and Improvements,184.06,2025-12-16,DEP,25708336.86,DEP,67400071.25
-194.0,1903-04-16,2022-09-01,2020-03-02T00:00:00.000,,-676000.0,2025-04-14,DDC,-676000.0,Environmental Protection,138692000.0
1.0,1902-06-27,2020-10-01,2019-01-01T00:00:00.000,"The construction of an approximately 230,000 sq ft municipal Public Health Lab building for DOHMH.",0.0,2025-01-01,EDC,19334959.71,DOHMH,613797320.29
711.0,1901-09-25,2020-01-01,,,,,DDC,26020000.0,Police,
1253.0,1901-05-17,2022-04-01,2018-01-16T00:00:00.000,"Replace/Rehab the West Tremont Avenue bridge over the Metro North line, located in the Bronx.",6368000.0,2027-01-06,DOT,37794543.0,DOT,91424088.0
226.0,1900-07-09,2013-09-01,2008-06-10T00:00:00.000,Street reconstruction: Wyckoff Avenue between Flushing and Cooper Avenues in Brooklyn and Queens.,,2026-07-16,DDC,43926000.0,Trans. & Env. Protection,33171000.0
1949.0,1900-12-12,2021-03-01,,,,,DDC,126753576.46,Sanitation,
2363.0,1901-03-23,2016-06-01,2015-02-02T00:00:00.000,"Improvements to: fencing, vegetation, roadway, drainage, ext. above-ground retaining walls. Including repair of dam inlet archway & wingwall, re-pointing of stones & reinforcement of east reservoir wall, & leakage/seepage protection within OCA.",0.0,2021-06-22,DEP,-833277.14,DEP,58800000.0
-74.0,1901-09-08,2022-04-01,2015-06-01T00:00:00.000,West 14th Rd. from Cross Bay Blvd. to Dead end (water side) West 15th Rd. from Cross Bay Blvd. to Dead end (water side) West 16th Rd. from Cross Bay Blvd. to Dead end (water side) West 17th Rd. from Cross Bay Blvd. to Dead end (water side),5900000.0,2024-06-14,DDC,61781000.0,Transportation,92714000.0
611.0,1902-11-08,2022-09-01,2017-04-01T00:00:00.000,,196040.0,2029-05-04,DOT,-1399960.0,EDC,100196144.0
-8.0,1900-07-24,2015-08-01,2008-06-19T00:00:00.000,"Roadway reconstruction and installation of new storm sewers and the replacement of sanitary sewers and water mains in the Midland Beach section, Staten Island.",372000.0,2018-11-11,DDC,62973000.0,Trans. & Env. Protection,42793000.0
3132.0,1901-07-07,2023-01-01,2017-08-01T00:00:00.000,The redundant connection between Kensico and Hillview Reservoirs provides resiliency against planned or unplanned tunnel outages to deliver water.,0.0,2033-12-05,DEP,881770648.0,DEP,2058435326.0
711.0,1901-09-25,2018-03-01,2014-09-30T00:00:00.000,"New 40th Precinct at 567 E 149 Street, Bronx, NY 10455.  Design and build of a 43,000 SF on an existing City-owned property.",4845699.75,2021-06-12,DDC,26020000.0,Police,75845699.75
396.0,1903-04-14,2022-04-01,2019-01-02T00:00:00.000,"GREEN INFRASTRUCTURE IN OWLS HEAD TRIBUTARY DRAINAGE AREAS, BROOKLYN",12986000.0,2026-11-29,DDC,24278000.0,Environmental Protection,59405000.0
969.0,1901-05-18,2020-05-01,2017-11-30T00:00:00.000,"Replace the 5th Avenue Bridge over LIRR & Sea Beach, Brooklyn.",25000.0,2026-10-20,DOT,36577693.0,DOT,77894823.0
2085.0,1901-06-27,2018-03-01,2014-09-01T00:00:00.000,The priority mitigation projects at Coler include key critical mitigation projects to improve the resiliency of the campus.,956781.0,2018-12-31,EDC,0.0,H+H,21980342.26
0.0,1903-01-01,2022-09-01,2019-06-17T00:00:00.000,NEW SCHOOL,0.0,2023-09-03,SCA,0.0,DOE,38697915.0
181.0,1903-03-23,2022-09-01,2021-05-03T00:00:00.000,Distribution water main replacement along 7th Avenue between 14th Street and 34th Street,1215000.0,2026-08-26,DDC,1335000.0,Environmental Protection,71053000.0
1467.0,1902-05-04,2021-07-01,2018-06-05T00:00:00.000,Trench Restoration in The Borough Of Brooklyn including Full Street Reconstruction,7981000.0,2024-08-13,DDC,6536000.0,Transportation,33429000.0
2857.0,1901-03-25,2021-12-01,2015-12-23T00:00:00.000,"Replacement of six bar screens, grit bin vibrator, six ring flushing pumps, six main sewage pumps and assoc. piping/valves and motor control center, replacement of four exhaust fans, gas and oxygen detectors and a 15 KVA transformer",0.0,2026-10-17,DEP,31867440.0,DEP,83229440.0
856.0,1902-06-14,2019-09-01,2018-09-25T00:00:00.000,"The Project will combine two adjacent lots on 125th Street: the sculpture court, City-owned lot 11, and the Museum building on lot 9, owned by the Museum. Existing structures on both lots will be demolished for the new, six story 82,000sf City owned building.",0.0,2022-11-25,DDC,-190000.0,Cultural Affairs,59431000.0
1834.0,1902-03-03,2019-05-01,2018-05-14T00:00:00.000,"SEWER WHEN & WHERE CONTRACT IN South East Queens.  NEW STORM SEWER CONSTRUCTION, REPLACEMENT OR UPGRADES TO SANITARY SEWERS AND WATER MAIN IN PROJECT AREAS.  GREEN INFRASTRUCTURE PROJECTS IN CONJUNCTION WITH WHEN & WHERE PROJECTS.",30900000.0,2022-08-08,DDC,7404000.0,Environmental Protection,30900000.0
,1903-05-14,2023-01-01,,,0.0,,DDC,0.0,Corrections,222642000.0
1431.0,1902-10-05,2020-05-01,,,,,DDC,1984000.0,Environmental Protection,
0.0,1903-01-05,2021-12-01,2019-09-25T00:00:00.000,ADDITION / EXISTING SCHOOL RENOVATION WORK (PHASE I) / DEMOLITION (PHASE II),0.0,2024-09-03,SCA,0.0,DOE,86862349.0
1253.0,1901-05-17,2019-09-01,2017-05-30T00:00:00.000,"Repair the West Tremont Avenue bridge over the Metro North line, located in the Bronx.",0.0,,DOT,37794543.0,DOT,57788172.0
226.0,1900-07-09,2016-01-01,2008-06-10T00:00:00.000,"Reconstruction of Wyckoff Avenue from Flushing Avenue to Cooper Avenue, in the Boroughs of Brooklyn and Queens.",8223000.0,2028-06-30,DDC,43926000.0,Trans. & Env. Protection,45453000.0
836.0,1902-02-11,2019-05-01,2016-04-27T00:00:00.000,"East Side Coastal Resiliency - East 23rd St. to Montgomery St., Manhattan",0.0,2023-03-31,DDC,-418193636.37,Parks & Recreation,1239704000.0
1908.0,1901-08-06,2022-04-01,2016-04-13T00:00:00.000,"Rehabilitate approach arches and towers of Brooklyn Bridge.  Including masonry cleaning, masonry repairs, repointing, rehabilition of transverse walls, new infill walls of the approach arch blocks.  Clean and repoint the tower masonry, reinforce the gothic arches of the towers, and rehabilitate the tower tops.",127724000.0,2024-02-20,DOT,33135732.1,DOT,347633300.0
1533.0,1901-05-24,2022-04-01,2017-03-31T00:00:00.000,"Brooklyn Supreme Court, Fire Alarm, Sprinkler, 360 Adams Street - New addressable fire detection and alarm system and new sprinkler system.",32000.0,2026-06-30,DDC,47003000.0,DCAS,90193000.0
1211.0,1902-04-19,2021-07-01,2019-04-03T00:00:00.000,"Demolition and rebuild of the existing structures housing the equipment and related facilities necessary for the production, storage and distribution of asphalt at the NYC Harper Street Asphalt Plant facility. All of the existing equipment, storage facilities, and related buildings will be replaced with a new state of the art plant. In addition, the work will involve installing sanitary and storm drainage systems to comply with current government regulatory standard",17536000.0,2025-04-16,DDC,55883745.0,Transportation,59313000.0
626.0,1902-10-04,2023-01-01,2019-07-01T00:00:00.000,"The South Bronx Crosstown SBS capital project (BRT) will add bus pads and construct bus bulbs, curb and median extensions, and pedestrian islands for enhanced pedestrian safety and access improvements.",0.0,2027-06-01,DDC,3130000.0,Transportation,53738000.0
586.0,1902-06-24,2021-07-01,2019-07-07T00:00:00.000,Headworks Improvements,-1075000.0,2026-11-05,DEP,19975649.96,WWC,47455751.0
327.0,1902-11-14,2022-09-01,2022-01-31T00:00:00.000,Rehabilitation of Hempstead Avenue Bridge over Cross island Parkway,86393000.0,2030-04-23,DOT,1747189.0,DOT,88672189.0
362.0,1901-08-21,2023-01-01,2018-08-15T00:00:00.000,"Scope includes paint the south side of the bridge, repair flags and structural steel, evaluate PP20 Bearings, evaluate tension rods at mid-span of the bridge, repair bridge cables and suspenders, replace modular joint, investigate the feasibility of additional clearance at towers, and resurface bridge decks with new waterproofing membrane.",-5306459.0,2025-12-03,DOT,52784947.0,DOT,222766947.0
,1902-05-12,2021-12-01,,"This project has a two-fold basis: 1) The ongoing Network Refresh which is needed to replace aging, end-of-life, end-of-support equipment across the NYC H+H. 2) Networking capacity needed to support the Electronic Medical Records system.",0.0,,HHC,180514000.0,H+H,0.0
1082.0,1902-08-31,2020-10-01,2017-11-01T00:00:00.000,This project will reconstruct the track & field and convert three soccer fields and four ballfields from natural turf to synthetic turf at Red Hook Recreation Area.,0.0,2023-01-14,DPR,-10555000.0,DPR,75928000.0
1064.0,1902-08-13,2022-04-01,2017-11-01T00:00:00.000,"Rehabilitation of garage that serves Bronx Community District 12 located at 1635 East 233rd Street, Bronx.",0.0,2026-12-31,DSNY,0.0,DSNY,57376185.0
1970.0,1901-08-16,2020-01-01,2015-04-09T00:00:00.000,"This project includes the replacement of the upper roadway's deck on the main bridge along with steel repairs, fire standpipes, and lighting upgrades.",1749601.0,2023-06-29,DOT,8567339.67,DOT,394997777.0
156.0,1902-12-17,2022-09-01,2019-02-01T00:00:00.000,This project will stabilize and reconstruct portions of the East River Esplanade.,0.0,2024-11-16,DPR,0.0,DPR,29475000.0
345.0,1902-08-03,2021-12-01,2021-11-09T00:00:00.000,Rehabilitation of the Final Settling Tanks at Owls Head Wastewater Resources Recovery Facility.,0.0,2028-07-07,DEP,-3573164.0,DEP,212800000.0
2152.0,1900-04-22,2019-09-01,2014-10-22T00:00:00.000,Replace deck of the Riverside Drive viaduct/ bridge over West 158th Street.,-750000.0,,DOT,96922794.0,DOT,159495510.0
1113.0,1901-02-08,2021-07-01,2004-03-18T00:00:00.000,"Gilboa Dam Reconstruction Project includes construction of a new low level outlet (LLO) consisting of 2,000 feet of tunneling, an access shaft, oulet structure and gate valve controls.",325604.46,2022-07-03,DEP,10376533.49,DEP,206670118.67
730.0,1901-07-28,2017-09-01,2017-04-01T00:00:00.000,The Project will improve the roadways and pedestrian facilities. The Project will consist of roadway reconstruction within Exterior Street between East 138th Street and East 150th Street.,0.0,2021-09-01,EDC,-5100000.0,EDC,84520367.0
942.0,1902-05-07,2022-04-01,2018-11-30T00:00:00.000,"The restoration of the existing landmarked Orchard Beach Pavilion (located in Bronx, NY) which includes the construction of an ADA ramp at the main entrance of the Pavilion to improve accessibility to the beach passageway.",27652588.0,2025-03-31,EDC,35628847.0,DPR,87652588.0
2697.0,1901-12-08,2021-12-01,2019-02-07T00:00:00.000,"Repair the Harlem River Drive Ramp to George Washington Bridge over Harlem River Drive Southbound (Trans-Manhattan Expressway), Manhattan",0.0,2034-07-09,DOT,-3711870.0,DOT,430082546.0
714.0,1901-03-18,2019-05-01,2016-10-11T00:00:00.000,Replacement of the Esopus Creek Bridge & Route 28A Railroad Bridge,0.0,2024-05-20,DEP,-50461071.35,DEP,82210276.9
803.0,1901-06-22,2022-04-01,2018-04-16T00:00:00.000,"Rehabilitation of Boston Road Bridge over Hutchinson River, located in the Bornx.",3655000.0,2025-11-22,DOT,49309814.0,DOT,87656814.0
1113.0,1901-02-08,2021-12-01,2004-03-18T00:00:00.000,"Gilboa Dam Reconstruction Project includes construction of a new low level outlet (LLO) consisting of 2,000 feet of tunneling , an access shaft, oulet structure and gate valve controls.",-7599346.86,2022-10-01,DEP,10376533.49,DEP,199070771.81
110.0,1902-06-11,2020-05-01,,,,,DDC,24815617.0,Health,
1628.0,1900-04-23,2022-04-01,2011-02-14T00:00:00.000,Replace the electrical and mechanical systems of the Madison Avenue Bridge.,-5028460.0,2023-01-31,DOT,2036997.0,DOT,55717842.0
153.0,1902-10-18,2022-04-01,2020-02-01T00:00:00.000,"Development, design, and construction of NYC Ferry Homeport II within Atlantic Basin.",51220834.0,2024-09-29,EDC,51220834.0,EDC,116220834.0
0.0,1903-01-14,2022-04-01,2020-03-09T00:00:00.000,ADDITION,0.0,2024-09-03,SCA,0.0,DOE,75767435.0
318.0,1903-02-27,2022-09-01,2021-05-06T00:00:00.000,,100000.0,2026-04-09,DDC,100000.0,FDNY,57886000.0
894.0,1902-08-01,2020-10-01,2020-09-23T00:00:00.000,"Construction of disinfection/de-chlorination facility thru 14'x10' conduit ~ 1,650' long, with detention times of 5 min/30 sec, for a design flow rate of 300 MGD for seasonal operation (May-Oct). Floatables control for 100 MGD will also be provided.",-7786418.0,2030-08-31,DEP,-24577348.0,DEP,227858504.0
341.0,1902-09-12,2019-09-01,2019-05-23T00:00:00.000,,,2023-09-14,DDC,23766000.0,Transportation,26232000.0
,1903-05-23,2023-01-01,,Lexington Avenue Pedestrian Safety Improvements,0.0,,DDC,17000.0,Transportation,29819000.0
1243.0,1901-07-14,2019-09-01,2016-02-01T00:00:00.000,"Renovation of CIH to advance the City’s resiliency plan, repair damages,  and protect the hospital from future disasters.",0.0,2023-03-31,EDC,30635879.93,H+H,678812311.0
2152.0,1900-04-22,2016-11-01,2014-10-22T00:00:00.000,Deck replacement of the Riverside Drive Viaduct / Bridge over W. 158th Street.,1284195.5,2021-12-17,DOT,96922794.0,DOT,85356602.68
1696.0,1901-09-30,2022-09-01,2013-01-23T00:00:00.000,"Renovate 4 floors of the building to create new office space for the Landmarks Preservation Commission, including new hearing room.",-4948000.0,2022-12-31,DDC,35010000.0,DCAS,64108000.0
1421.0,1901-10-28,2022-09-01,2019-04-15T00:00:00.000,"Reconstruction of Aqueduct structures; Replacement of mechanical equipment; cleaning the aqueduct interior & rehabilitation & repair of cracks & leaks. All relevent assessments, investigations, piloting, plans and reports.",39271.0,2027-11-27,DEP,-65760729.0,DEP,249500116.0
,1903-05-16,2023-01-01,,Design Build - ROW Green Infrastructure Precast Porous Concrete Panels,0.0,,DDC,11320000.0,Environmental Protection,40006000.0
0.0,1902-12-24,2021-12-01,2019-08-29T00:00:00.000,NEW SCHOOL,0.0,2024-09-03,SCA,-1926038.0,DOE,93838545.0
,1902-05-12,2020-10-01,,"This project has a two-fold basis: 1) The ongoing Network Refresh which is needed to replace aging, end-of-life, end-of-support equipment across the NYC H+H. 2) Networking capacity needed to support the Electronic Medical Records system.",0.0,,HHC,180514000.0,H+H,0.0
663.0,1902-06-18,2019-05-01,,,,,DDC,-1754000.0,DCAS,
813.0,1902-04-28,2021-03-01,,,,,DDC,8657000.0,Environmental Protection,
183.0,1903-07-11,2022-09-01,2019-06-01T00:00:00.000,Emergency back-up power generation for Hunt's Point Produce Market; Solar + back-up battery installationEmergency back-up generator at 600 Food Center Drive  (servicing EDC tenants Citarella + Sultana),,2025-10-01,EDC,-5200000.0,EDC,81712751.0
2032.0,1901-02-06,2021-12-01,,"The EPIC - EMR Program: Electronic Medical Records (EMR) System - a single enterprise-wide EMR to meet the needs of HHC's expansive size and improve patient care will replace the legacy EMR - QuadraMed, which is over 25 years old.",0.0,2022-12-31,HHC,15184947.0,H+H,764063231.0
2086.0,1900-04-06,2022-04-01,2012-07-23T00:00:00.000,"Replace the existing bridge with a new, wider double-leaf bascule bridge in the Bronx.",-157979.0,2022-11-30,DOT,142277136.0,"DEP, DOT",293047573.0
1290.0,1901-07-27,2022-09-01,2016-06-08T00:00:00.000,"This project is construction of infrastructure and streetscape improvements in Sunset Park from 37th to 43rd Streets, between the Gowanus Expressway and the waterfront - to activate the waterfront and promote future development.",0.0,2024-04-30,EDC,31633941.69,Mayor's Office,37500000.0
-1.0,1903-03-20,2021-07-01,2018-04-25T00:00:00.000,"RECONSTRUCTION OF GREENWICH STREET FROM BARCLAY STREET TO CHAMBERS STREET, MANHATTAN",,2024-11-07,DDC,4449000.0,Transportation,31802000.0
487.0,1902-05-08,2019-01-01,2017-10-01T00:00:00.000,The East Midtown Waterfront Greenway project involves the creation of a waterfront esplanade between East 53rd and East 59th Streets.,0.0,2022-10-31,EDC,24840000.0,EDC,130000000.0
1278.0,1902-04-30,2018-08-01,2017-10-30T00:00:00.000,"Upgrading, decommissioning, or replacement of petroleum product storage tanks at approximately 50 sites (multi-agency) in Brooklyn and Staten Island.",,2021-10-14,DDC,207000.0,DCAS,31493000.0
434.0,1903-02-26,2023-01-01,2019-01-18T00:00:00.000,,163000.0,2025-06-07,DDC,13113000.0,Fire,44289000.0
2266.0,1901-01-04,2020-10-01,,,,,DDC,39272000.0,Environmental Protection,
1517.0,1901-04-22,2016-06-01,2015-03-23T00:00:00.000,"Project to ensure the reliability of the 74 mile upper Catskill Aqueduct, including replacement of mechanical components, leak mitigation, and biofilm removal/condition assessment.",-40834044.0,2019-02-04,DEP,9642889.68,DEP,187040468.0
,1903-09-24,2023-01-01,2018-04-18T00:00:00.000,The Project is a Design Build project to implement wet and dry flood protection measures at the Staten Island Ferry (SIF) terminals at St George and Whitehall and at the SIF Ferry Maintenance Facility (FMF).  The Project will help to protect these critical transit assets against the type of damage experienced during Hurricane Sandy. The primary focus of this work is the Staten Island Ferry’s two terminal complexes and its maintenance/storage facility for the ferryboats.,,2025-12-11,DOT,,DOT,31661448.0
663.0,1902-06-19,2021-07-01,2019-08-20T00:00:00.000,CITYWIDE FUEL TANK REPLACEMENT PROGRAM FOR NEW 2015 EPA PETROLEUM BULK STORAGE REGULATIONS,-2184000.0,2025-01-02,DDC,-1834000.0,DCAS,25316000.0
1706.0,1901-04-28,2016-06-01,2014-12-01T00:00:00.000,Interior fit-out of the south site cultural unit.,0.0,2018-12-31,EDC,36789601.16,DCLA,34527990.7
913.0,1902-08-19,2020-10-01,2015-09-30T00:00:00.000,Mixed-use residential community on Staten Island's North Shore.,0.0,2026-05-01,EDC,100733778.0,EDC,98407645.0
-98.0,1903-03-03,2021-12-01,2020-03-02T00:00:00.000,12TH AVENUE ACCESSIBILITY IMPROVEMENTS,0.0,2027-01-06,DDC,51571000.0,Transportation,57920000.0
894.0,1902-08-01,2023-01-01,2022-09-22T00:00:00.000,"Construction of 1,200 double barrel 14W x 10H conduit to provide 2.8 MG of CSO storage; bar screens/baffle-weir system for floatables control; PS to drain conduit after each rain event; new outfall to provide relief for events which exceed 2.8 MG.",0.0,2032-11-19,DEP,-24577348.0,DEP,210852514.0
0.0,1903-05-03,2022-09-01,2019-12-06T00:00:00.000,NEW SCHOOL / DEMOLITION OF EXISTING X163 BUILDING,698625.0,2024-09-03,SCA,-6925988.0,DOE,106257340.0
0.0,1903-01-04,2021-12-01,2020-08-12T00:00:00.000,NEW SCHOOL,0.0,2024-09-03,SCA,1339880.0,DOE,92786690.0
2180.0,1901-03-07,2020-10-01,,,,,DDC,117177000.0,Environmental Protection,
1188.0,1902-04-20,2020-05-01,,,,,DDC,290000.0,Libraries-BPL,
1306.0,1901-12-22,2019-01-01,2018-06-11T00:00:00.000,Throgs Neck Pumping Station Rehabilitation and Improvements,-3858963.0,2022-12-20,DEP,25708336.86,DEP,42156642.0
2.0,1903-04-30,2022-09-01,2015-12-24T00:00:00.000,Reconstruction of Clearview Pump Station,0.0,2024-12-03,DEP,802582.0,BWT,37027687.85
1696.0,1901-09-30,2022-04-01,2013-01-23T00:00:00.000,"Renovate 4 floors of the building to create new office space for the Landmarks Preservation Commission, including new hearing room.",-684000.0,2022-12-31,DDC,35010000.0,DCAS,69056000.0
1448.0,1901-04-20,2021-03-01,,,,,DDC,57634000.0,Transportation,
730.0,1902-01-24,2019-05-01,2018-10-01T00:00:00.000,"Reconstruction of Trinity Place from Morris Street to Cedar Street, Borough of Manhattan",0.0,2024-01-17,DDC,13224000.0,Transportation,41510000.0
730.0,1901-07-28,2019-05-01,2017-04-01T00:00:00.000,The Project will improve the roadways and pedestrian facilities. The Project will consist of roadway reconstruction within Exterior Street between East 138th Street and East 150th Street.,0.0,2022-05-03,EDC,-5100000.0,EDC,84520367.0
925.0,1901-09-22,2020-01-01,,,,,DDC,1921000.0,Environmental Protection,
2315.0,1901-09-10,2019-01-01,2016-10-20T00:00:00.000,Reconstruction of Queens Blvd  between 73rd St and Eliot Avenue (Segment 2). Great Streets Vision Zero,8421000.0,2024-08-27,DDC,14201000.0,Transportation,80263000.0
636.0,1902-07-30,2021-03-01,2019-09-27T00:00:00.000,Replacement of Primary Settling Tanks collection system mechanisms and miscellaneous improvements at Bowery Bay WRRF.,0.0,2026-06-09,DEP,74442173.0,DEP,99190376.0
1592.0,1900-04-21,2018-03-01,1995-01-17T00:00:00.000,"Repair abutments, piers, approaches, and steel superstructure located in Pelham Bay, Bronx; replace reinforced concrete deck.",1690775.0,2021-09-13,DOT,20945057.0,DOT,80310944.0
1082.0,1902-08-31,2021-12-01,2017-11-01T00:00:00.000,This project will reconstruct the track & field and convert three soccer fields and four ballfields from natural turf to synthetic turf at Red Hook Recreation Area.,0.0,2023-01-03,DPR,-10555000.0,DPR,68712000.0
184.0,1903-06-28,2022-09-01,2021-07-07T00:00:00.000,Slab Replacement of Sanitation Garage facility to serve Bronx Community districts 7 and 8 to be located at 427 West 215th Street. Includes the Swing space.,0.0,2025-06-30,DSNY,9439000.0,DSNY,35579000.0
1309.0,1902-10-12,2023-01-01,2016-11-30T00:00:00.000,"This project will construct synthetic turf athletic fields, roadways, a parking lot with associated landscaping and stormwater management, multi-use and pedestrian paths, benches, signage, fencing, and lighting, and restore woodlands and wetlands.",0.0,2026-04-17,DPR,1436858.72,DPR,39111000.0
727.0,1902-01-31,2023-01-01,2017-09-14T00:00:00.000,Construction of a new precinct station house facility and associated site work for the new 116th Precinct.,94000.0,2024-04-01,DDC,33852900.86,Police,110764000.0
,1903-04-03,2022-04-01,,"New streets, sidewalks, storm and sanitary sewers and water mains: 43rd, 44th, and 45th Streets north of Beach Channel Drive, including sections of Hantz Road, Norton Avenue, Edgemere Drive and Conch Road within this area.",0.0,,DDC,-10000.0,Environmental Protection,31588000.0
790.0,1901-07-13,2021-07-01,2005-07-25T00:00:00.000,Construction of new Sanitation garage facility for services to Brooklyn Community District 3 to be located at Warsoff Place in Brooklyn,0.0,2022-12-31,DSNY,25603365.0,DSNY,204347986.93
772.0,1902-10-14,2021-12-01,2015-09-21T00:00:00.000,This project will reconstruct portions of the New York State Pavilion Observation Towers in Flushing Meadows Corona Park.,1000.0,2022-02-28,DPR,1000.0,DPR,28779000.0
2266.0,1901-01-04,2019-01-01,2014-12-02T00:00:00.000,"Replacement of trunk water main on Flatbush Avenue between Sterling place and 8th Avenue in addition to the distribution water main in 6th Avenue between Union Street and Park Place, and sections of adjoining streets.",-35000.0,2021-07-12,DDC,39272000.0,Environmental Protection,49486000.0
1571.0,1901-06-20,2020-10-01,2017-05-30T00:00:00.000,Replace the Promenade over FDR Drive between East 81st to 90th Streets in Manhattan.,700000.0,2028-10-28,DOT,-197139579.0,"DOT, DPR",313902421.0
729.0,1902-10-09,2021-12-01,2019-09-16T00:00:00.000,"THE FIFTH PHASE OF THE RECONSTRUCTION OF THE GRAND CONCOURSE WILL CONTINUE THE DESIGN AND SAFETY IMPROVEMENTS IMPLEMENTED IN THE PREVIOUS PHASES OF THIS VISION ZERO GREAT STREETS PROJECTS. . AS IN THE PREVIOUS PHASES, PHASE 5 WILL INCLUDE THE RECONSTRUCTION OF THE CONCOURSES SERVICE ROADS AND RESURFACING OF THE MAINLINE ROADWAY WHERE NECESSARY.",75000.0,2028-04-14,DDC,26673000.0,Transportation,79796000.0
684.0,1901-10-13,2019-01-01,2016-07-15T00:00:00.000,Whitestone Area Storm and Sanitary Sewers Phase 3,117000.0,2022-10-07,DDC,15468000.0,Environmental Protection,60230000.0
1533.0,1901-05-24,2018-03-01,2017-03-31T00:00:00.000,New Fire Alarm and Sprinkler System at 360 Adams Street Kings County Supreme Courhouse,17880515.0,2022-04-12,DDC,47003000.0,DCAS,57503747.0
0.0,1903-01-03,2021-07-01,2019-01-07T00:00:00.000,NEW SCHOOL,,2025-09-03,SCA,0.0,DOE,251284250.0
205.0,1902-08-04,2022-04-01,2021-11-16T00:00:00.000,Rehabilitation of the Final Settling Tanks at Port Richomnd Wastewater Resources Recovery Facility.,-16464341.0,2028-06-17,DEP,30972687.0,DEP,128435659.0
2797.0,1900-04-15,2018-08-01,2005-04-01T00:00:00.000,"Replace deteriorated members of lift span superstructure, concrete deck, lift electrical and mechanical systems, and fenders.",-2077999.0,2021-07-19,DOT,39724388.0,DOT,198192458.0
1091.0,1901-11-02,2023-01-01,2018-04-16T00:00:00.000,SMLP portion for Hunts Point WWTP as part of the New York City Wastewater Resiliency Program.,0.0,2023-11-17,DEP,20080597.79,DEP,61753279.02
-9.0,1902-12-29,2021-12-01,2021-05-25T00:00:00.000,"Install a Dechlorination System, replace the existing chlorination system including chemical storage tanks, metering pumps, electrical distribution equipment and upgrade the HVAC within the existing Chlorination Building.",-76511.0,2028-05-20,DEP,-6856021.0,DEP,34679510.0
1431.0,1901-12-01,2020-10-01,2018-08-16T00:00:00.000,"Repair the East 174th Street bridge over Sheridan Expressway/ AMTRAK, the Bronx",0.0,2029-03-02,DOT,5146882.0,DOT,141954882.0
642.0,1901-10-12,2021-03-01,,,,,DDC,41243000.0,Environmental Protection,
2032.0,1901-02-06,2022-04-01,,"The EPIC - EMR Program: Electronic Medical Records (EMR) System - a single enterprise-wide EMR to meet the needs of HHC's expansive size and improve patient care will replace the legacy EMR - QuadraMed, which is over 25 years old.",0.0,2022-12-31,HHC,15184947.0,H+H,764063231.0
1977.0,1901-05-23,2019-09-01,2016-07-27T00:00:00.000,Relocation of Brooklyn Civil and Housing Court to 210 Joralemon St,0.0,2023-06-17,DCAS,200931011.96,DCAS,251443000.0
836.0,1902-02-11,2021-03-01,,,,,DDC,-418193636.37,Parks & Recreation,
646.0,1902-09-25,2021-12-01,2020-03-02T00:00:00.000,"Southeast Queens 150th Street Spine, Phase II - Installation of a new double barrel trunk storm sewer that will run through JFK airport; approximately 1,000 feet east of Bergen Basin, to the north side of the Belt Parkway at Inwood Street and 150th Street",0.0,2026-05-20,DDC,-158027000.0,Environmental Protection,47590000.0
1720.0,1901-08-10,2021-03-01,,,,,DOT,-363846.0,DOT,
340.0,1903-03-19,2021-07-01,2021-07-26T00:00:00.000,Fire Alarm and Sprinklers Upgrade,,,DDC,0.0,DCAS,44469000.0
1106.0,1902-04-12,2019-01-01,2016-07-14T00:00:00.000,"The scope includes expanding and raising the existing medians (currently in temporary materials) and includes sidewalk extensions, street trees (where feasible), benches, and wayfinding.",4778000.0,2021-06-29,DDC,-11525000.0,Transportation,62953000.0
803.0,1901-06-22,2023-01-01,2018-04-16T00:00:00.000,"Rehabilitation of Boston Road Bridge over Hutchinson River, located in the Bornx.",10880806.0,2026-05-26,DOT,49309814.0,DOT,88359814.0
2113.0,1901-01-22,2022-09-01,2013-09-30T00:00:00.000,"Trunk and Distribution Main Connection to shaft 32B in 2nd Ave., etc., together with all work incidental thereto, Borough of Manhattan.    2nd Avenue from East 33rd Street to East 37th Street",29000.0,2023-07-27,DDC,-7266000.0,Environmental Protection,52942000.0
1712.0,1901-02-26,2015-02-01,2013-07-01T00:00:00.000,This project will replace the 10 existing pump and blower engines with electric motors for the main sewage pumps and a new cogeneration facility consisting of 5 new dual fuel engines and electrical service distribution upgrades.,-1906309.0,2020-04-18,DEP,134242052.88,DEP,154456595.0
664.0,1902-03-21,2020-05-01,2017-02-06T00:00:00.000,"Rehabilitation of East 180th Street Bridge over Metro North Railroad, the Bronx",-1719000.0,,DOT,4194366.0,DOT,37849378.0
341.0,1902-09-12,2021-12-01,2019-05-23T00:00:00.000,"Union Turnpike Center Median Replacement from Hollis Court Blvd to 226th Street, Borough of Queens",1850000.0,2024-09-10,DDC,23766000.0,Transportation,29769000.0
82.0,1901-10-30,2022-04-01,2020-03-17T00:00:00.000,This project provides new chemical addition and support facilities at Hillview Reservoir.,72097300.0,2029-03-28,DEP,159902202.01,DEP,483705300.0
639.0,1901-11-19,2021-07-01,2017-08-01T00:00:00.000,The design and construction of shoreline reconstruction projects necessary to provide Citywide protection from future flooding caused by elevated seal elvels.,0.0,2022-12-31,EDC,0.0,ORR,89152926.86
921.0,1901-12-21,2018-08-01,2018-05-30T00:00:00.000,SMLP portion for Red Hook WWTP as part of the New York City Wastewater Resiliency Program.,4205214.08,2021-01-20,DEP,13549422.97,DEP,34444531.97
1290.0,1901-07-27,2021-03-01,2016-06-08T00:00:00.000,"This project is construction of infrastructure and streetscape improvements in Sunset Park from 37th to 43rd Streets, between the Gowanus Expressway and the waterfront - to activate the waterfront and promote future development.",5500000.0,2024-02-29,EDC,31633941.69,Mayor's Office,43000000.0
2113.0,1901-01-22,2020-10-01,,,,,DDC,-7266000.0,Environmental Protection,
1.0,1902-06-27,2019-01-01,2019-01-01T00:00:00.000,"The construction of an approximately 230,000 sq ft municipal Public Health Lab building for DOHMH.",,2025-01-01,EDC,19334959.71,DOHMH,613797320.29
2152.0,1900-04-22,2020-10-01,2014-10-22T00:00:00.000,Replace deck of the Riverside Drive viaduct/ bridge over West 158th Street.,-24010689.0,2022-06-27,DOT,96922794.0,DOT,135702340.0
77.0,1903-06-26,2022-09-01,2019-07-23T00:00:00.000,"Bronx County Courthouse, Exterior Rehabilitation, 851 Grand Concourse - Rehabilitation of the building's envelope, including but not limited to all roof areas, and brick and limestone exterior masonry.",0.0,2025-12-01,DDC,0.0,DCAS,64442000.0
365.0,1902-08-24,2020-01-01,2018-07-02T00:00:00.000,NEW SCHOOL,3206657.0,2022-09-03,SCA,3206657.0,DOE,95408495.0
1854.0,1901-06-28,2020-05-01,2014-01-01T00:00:00.000,"Priority mitigation projects for the repair/restoration and hazard mitigation for Bellevue Hospital, damaged during Superstorm Sandy",0.0,2022-04-30,EDC,0.0,H+H,45171439.0
1452.0,1901-07-15,2018-08-01,,,,,EDC,27046705.0,H+H,
0.0,1903-02-25,2022-09-01,2018-04-26T00:00:00.000,Vision Zero - Queens Boulevard - Segment 3: Eliot Avenue to Yellowstone Boulevard. Variety of safety and streetscape improvements including partial street reconstruction and resurfacing to address roadway conditions.,0.0,2032-08-30,DDC,0.0,Transportation,99344000.0
1188.0,1902-04-20,2021-03-01,,,,,DDC,290000.0,Libraries-BPL,
1110.0,1902-01-18,2022-04-01,2017-09-18T00:00:00.000,Feasibility Study for the repair and or restoration for Porpoise (Tide Gate)  Bridge in Flushing Meadows Corona Park.,0.0,2026-05-06,DDC,82000.0,Transportation,63979000.0
1568.0,1901-06-19,2019-01-01,2006-08-01T00:00:00.000,"Repair Park Avenue tunnel, located in Midtown, Manhattan.",-376999.0,2020-04-03,DOT,-17773389.61,DOT,40883060.0
119.0,1902-11-07,2023-01-01,2019-01-30T00:00:00.000,"Contract C547A is for the construction of two shafts (17B-1 and 18B-1) on City Tunnel No. 3 (CT3), Stage 2 in Queens and Brooklyn",1610118.74,2027-05-10,DEP,3150108.42,DEP,446213691.42
636.0,1902-07-30,2020-01-01,2019-09-27T00:00:00.000,Replacement of Primary Settling Tanks collection system mechanisms and miscellaneous improvements at Bowery Bay WRRF.,32617508.0,2026-09-05,DEP,74442173.0,DEP,100567697.0
0.0,1903-01-15,2023-01-01,2020-03-03T00:00:00.000,NEW SCHOOL,0.0,2023-09-03,SCA,0.0,DOE,70167105.0
1029.0,1901-12-03,2020-01-01,2019-01-30T00:00:00.000,"Replace/Rehab the Pelham Bay Equestrian Park bridge over Amtrak, the Bronx",-1209000.0,2027-01-11,DOT,137997.0,DPR,42328997.0
1720.0,1901-08-10,2020-10-01,2017-10-05T00:00:00.000,"Replace the East 156th Street bridge over Access to Housing, Bronx.",0.0,2029-04-30,DOT,-363846.0,DOT,66500331.0
1889.0,1902-02-27,2023-01-01,2018-09-10T00:00:00.000,"Replacement of combined sewer in 71st Street between Juniper Boulevard South and Queens Midtown Expressway, etc.",341000.0,2028-10-30,DDC,27172000.0,Environmental Protection,76194000.0
280.0,1902-10-28,2020-10-01,2018-10-29T00:00:00.000,This project will reconstruct Michaelis-Bayswater Park.,-167401.05,,DPR,4849393.61,DPR,52329205.34
2032.0,1901-02-06,2020-01-01,,"The EPIC - EMR Program: Electronic Medical Records (EMR) System - a single enterprise-wide EMR to meet the needs of HHC's expansive size and improve patient care will replace the legacy EMR - QuadraMed, which is over 25 years old.",0.0,2020-03-01,HHC,15184947.0,H+H,764063231.0
730.0,1902-05-25,2020-05-01,2018-01-26T00:00:00.000,NEW SCHOOL,0.0,2021-09-03,SCA,6379885.0,DOE,66249461.0
227.0,1903-06-24,2022-09-01,2019-10-17T00:00:00.000,,159000.0,2025-10-20,DDC,828000.0,Fire,34442000.0
1684.0,1901-02-09,2019-01-01,2008-12-01T00:00:00.000,"This project will rehabilitate the mechanics and the architecture of the Shandaken Tunnel Intake Chamber, which includes the replacement of gates and general site improvements.",325784.66,2021-10-07,DEP,33535991.2,DEP,66616096.06
1687.0,1901-03-29,2016-01-01,2014-03-17T00:00:00.000,"Replacement Trunk Water Main in Bainbridge Ave, Bronx",0.0,2018-09-21,DDC,25547000.0,Environmental Protection,46802000.0
0.0,1903-05-20,2022-04-01,2022-03-28T00:00:00.000,Redesign of 4th Ave from Atlantic Ave to 64th Street.,0.0,2030-09-29,DDC,-21000.0,Transportation,221588000.0
517.0,1902-12-21,2021-03-01,2021-03-01T00:00:00.000,"Sitework (including but not limited to: excavation, utility, and bulkhead work) at Bush Terminal in preparation of the Steiner Studio campus.",,2023-12-31,EDC,0.0,EDC,29000000.0
0.0,1902-12-14,2022-09-01,,Mobile Radios Procurement - Vehicular and Fixed Location Installations,29091961.57,2024-06-30,FDNY,-8074214.27,,29091961.57
1082.0,1902-08-31,2021-03-01,2017-11-01T00:00:00.000,This project will reconstruct the track & field and convert three soccer fields and four ballfields from natural turf to synthetic turf at Red Hook Recreation Area.,-7216000.0,2023-01-03,DPR,-10555000.0,DPR,68712000.0
15.0,1903-04-24,2022-09-01,2021-07-12T00:00:00.000,"HWQ100SBB, Woodhaven Blvd – SBS – Phase B, calls for capital improvements along Woodhaven Blvd between Union Turnpike and 107th Avenue in the borough of Queens. These improvements include but are not limited to median widening, building out neck downs, normalizing intersections and other features to increase safety and support the Woodhaven SBS.",-30000.0,2028-02-10,DDC,-20000.0,Transportation,50718000.0
703.0,1902-10-15,2021-07-01,2018-11-19T00:00:00.000,This project will reconstruct the garage in Cunningham Park.,0.0,2023-08-30,DPR,0.0,DPR,27060000.0
2236.0,1902-02-06,2019-01-01,2018-04-02T00:00:00.000,Water Main replacement in 222th Street,-161000.0,2022-01-18,DDC,7195000.0,Environmental Protection,39530000.0
549.0,1900-04-03,2016-01-01,2014-09-15T00:00:00.000,Replace one Barberi class boat and the John F. Kennedy boat which are approaching the end of their useful lives with new Staten Island ferries. Replacement is needed to continue reliable service.,4435272.61,2020-04-23,DOT,-238419180.0,DOT,331987272.61
1113.0,1901-02-08,2019-09-01,2004-03-18T00:00:00.000,"Gilboa Dam Reconstruction Project includes construction of a new low level outlet (LLO) consisting of 2,000 feet of tunneling, an access shaft, oulet structure and gate valve controls.",-1064661.05,2021-05-16,DEP,10376533.49,DEP,207585200.52
,1902-12-04,2021-12-01,,,14307500.0,,DOT,-500.0,,55820500.0
708.0,1902-10-27,2022-09-01,2017-08-15T00:00:00.000,"This project will reconstruct the deteriorated fixed piers, floating docks, bulkhead, and related components, including Sandy-damaged elements.",0.0,2025-11-24,DPR,4947362.68,DPR,48487000.0
1188.0,1902-04-20,2021-07-01,2018-06-27T00:00:00.000,"New Utrech branch library is a comprehensive interior and exterior renovation which includes new fire alarm/ BMS, new interior layout, new HVAC, new roof, exterior rehabilitation and landscape.",290000.0,2026-11-27,DDC,290000.0,Libraries-BPL,26658000.0
1126.0,1902-09-30,2021-03-01,,,,,DDC,-4087000.0,Transportation,
651.0,1902-06-25,2021-12-01,2019-05-31T00:00:00.000,Power Distribution Improvements,1200694.2,2026-03-16,DEP,10926063.83,WWC,63387835.0
586.0,1902-06-24,2020-10-01,2019-07-07T00:00:00.000,Headworks Improvements,177779.0,2025-08-05,DEP,19975649.96,WWC,42150751.0
2113.0,1901-01-22,2015-08-01,2013-09-30T00:00:00.000,Installation of trunk and distribution water mains for the 3rd water tunnel shaft 32B at 2nd Avenue.,846000.0,2018-07-16,DDC,-7266000.0,Environmental Protection,60802000.0
1211.0,1902-04-19,2019-09-01,2019-04-03T00:00:00.000,"Demolition and rebuild of the existing structures housing the equipment and related facilities necessary for the production, storage and distribution of asphalt at the NYC Harper Street Asphalt Plant facility. All of the existing equipment, storage facilities, and related buildings will be replaced with a new state of the art plant. In addition, the work will involve installing sanitary and storm drainage systems to comply with current government regulatory standard",0.0,2024-02-04,DDC,55883745.0,Transportation,41777000.0
2152.0,1900-04-22,2020-01-01,2014-10-22T00:00:00.000,Replace deck of the Riverside Drive viaduct/ bridge over West 158th Street.,497519.0,2022-06-27,DOT,96922794.0,DOT,159993029.0
456.0,1902-08-18,2021-07-01,2019-09-30T00:00:00.000,"Four-acre waterfront park in Lower Concourse, Bronx.",0.0,2024-08-08,EDC,0.0,DPR,35407359.0
298.0,1902-12-27,2022-04-01,2021-03-23T00:00:00.000,"Provide design and design services during construction for the dam refacing, and drainage work at Cross River and Croton Falls Dams, including but not limited to resurface fascia, address seepage from the dams face.",0.0,2026-11-27,DEP,23950000.0,DEP,45195800.0
1919.0,1901-07-26,2023-01-01,2017-08-01T00:00:00.000,"Construction of new Sanitation garage facility to serve Bronx community districts 9, 10, and 11 to be located at Zerega Avenue in the Bronx",219638662.56,2031-10-01,DSNY,268983862.56,DSNY,561433662.56
914.0,1902-10-01,2022-09-01,2018-04-25T00:00:00.000,FUEL TANK REPLACEMENT,196000.0,2024-10-04,DDC,-6429000.0,DCAS,25716000.0
1279.0,1901-12-23,2021-03-01,,"The Epic Revenue Cycle system will be  enterprise-wide and help increase revenue (by proper billing of services provided) in addition to ensuring patient safety and improved patient care, a top priority in workflows.",0.0,2022-12-31,HHC,0.0,H+H,289117990.0
944.0,1902-08-20,2020-10-01,2019-07-01T00:00:00.000,Esplanade from Stapleton to the Lighthouse Museum and Pier for DOT Dockbuilders.,0.0,2022-12-30,EDC,10582596.0,EDC,151572069.0
110.0,1902-06-11,2019-05-01,2019-06-20T00:00:00.000,"Bronx Animal Care Center & Veterinary Clinic is a new 50,000 SF facility that will be housing admissions, adoptions, medical services, and boarding for approximately 70 dogs, 140 cats, 30 rabbits and 20 animals or other species. In addition to the animal housing, the Bronx Animal Care Center will include a wildlife area to rehabilitate wild birds, academic partnership for youth, and enhanced senior services. Site work will include yards to facilitate dog adoptions, covered exercise runs, courtyards, and parking for staff, visitors, and shelter vehicles, as well as site lighting and low maintenance planting throughout. The building and associated landscape are to achieve LEED Gold standards.",-2288383.0,2024-07-01,DDC,24815617.0,Health,69375000.0
1082.0,1902-08-31,2020-05-01,2017-11-01T00:00:00.000,This project will reconstruct the track & field and convert three soccer fields and four ballfields from natural turf to synthetic turf at Red Hook Recreation Area.,-3339000.0,2022-03-18,DPR,-10555000.0,DPR,75928000.0
2869.0,1900-06-28,2020-01-01,,,,,DDC,125164000.0,Transportation,
663.0,1902-06-17,2021-07-01,2019-08-16T00:00:00.000,CITYWIDE FUEL TANK REPLACEMENT PROGRAM FOR NEW 2015 EPA PETROLEUM BULK STORAGE REGULATIONS,-2290000.0,2025-01-02,DDC,-1940000.0,DCAS,25210000.0
327.0,1902-11-14,2022-04-01,2022-01-31T00:00:00.000,Rehabilitation of Hempstead Avenue Bridge over Cross island Parkway,-85697530.0,2030-04-23,DOT,1747189.0,DOT,2279189.0
2797.0,1900-04-15,2014-05-01,2005-04-01T00:00:00.000,"This project will replace deteriorated members of lift span superstructure, concrete deck, lift electrical and mechanical systems, and fenders.",3298534.0,2019-08-05,DOT,39724388.0,DOT,110325563.0
548.0,1902-07-23,2019-09-01,2018-10-02T00:00:00.000,"By Notice To Proceed letter dated September 21, 2018, the New York City Department of Design and Construction (“DDC”) directed PMS Construction Management Corp. (“PMS”) to commence work on Capis ID PW348-71, Contract No. 20191404531 CM/Design/Build for the Replacement and Upgrade of Petroleum Storage Tanks for the Borough of Manhattan. The contract was awarded for a maximum fee of $28,026,750.00 and was partially registered by the Comptroller on September 21, 2018 in the amount of $4,885,000.00. The term of the contract is 1,095 consecutive calendar days from September 21, 2018. Contract termination date is September 19, 2021.",0.0,2023-01-20,DDC,3444000.0,DCAS,29265000.0
0.0,1903-07-27,2023-01-01,2021-10-18T00:00:00.000,NEW SCHOOL,0.0,2024-09-03,SCA,0.0,DOE,83591880.0
1188.0,1902-04-20,2020-01-01,,,,,DDC,290000.0,Libraries-BPL,
1696.0,1901-09-30,2021-12-01,2013-01-23T00:00:00.000,"Renovate 4 floors of the building to create new office space for the Landmarks Preservation Commission, including new hearing room.",2746000.0,2022-08-31,DDC,35010000.0,DCAS,69740000.0
2869.0,1900-06-28,2019-01-01,2002-02-20T00:00:00.000,"Reconstruction of Pelham Parkway from the Bronx River Parkway to the Hutchinson River Parkway, including the north service road from Bronx Park East to Eastchester Road.",4773000.0,2023-03-21,DDC,125164000.0,Transportation,142142000.0
1355.0,1901-08-02,2020-10-01,2017-10-22T00:00:00.000,Construction of New Anaerobic Digesters,29970000.0,2025-01-16,DEP,72852004.14,DEP,452311923.0
972.0,1902-04-24,2021-03-01,,,,,DDC,6730000.0,Transportation,
121.0,1902-08-02,2023-01-01,2021-05-17T00:00:00.000,Rehabilitation of the Primary Settling Tanks at North River Wastewater Resources Recovery Facility.,1272624.0,2028-03-25,DEP,35891899.0,DEP,201191899.0
484.0,1902-10-08,2020-10-01,,,,,DDC,6153000.0,Transportation,
,1902-12-18,2021-12-01,2019-08-21T00:00:00.000,This project will reconstruct the electrical vaults in Flushing Meadows Corona Park that were damaged by Hurricane Sandy.,95000.0,,DPR,-3555909.0,DPR,59527909.0
,1903-04-28,2023-01-01,,"The main scope of this project is to construct a new Administration and Personnel Building at the northwest corner, limiting relocation and operational disruptions during construction as wells as to accommodate future growth.",0.0,,DDC,400000.0,Transportation,133033000.0
365.0,1902-08-24,2021-07-01,2018-07-02T00:00:00.000,NEW SCHOOL,0.0,2023-09-03,SCA,3206657.0,DOE,95408495.0
1949.0,1900-12-12,2021-07-01,2012-01-17T00:00:00.000,"Project 2 Scope: Refurbishment of the existing pier building including: repair of existing pier structure including pile caps and fendering; construction of new emergency generator, electrical, mechanical, fire pump and fire valve rooms; new exit passageway construction and existing exit passageway refurbishment; re-arrangement and refurbishment of the Operations Building interiors; replacement of fire suppression system throughout the entire pier structure; mechanical, electrical and plumbing system upgrades; refurbishment and painting the existing pier interior steel framing and wall/roof surfaces; recoating the  structure's exterior cladding systems including metal wall and roof  panel system and translucent panel wall cladding system.",84607576.46,2021-08-27,DDC,126753576.46,Sanitation,187830576.46
2797.0,1900-04-15,2020-05-01,2005-04-01T00:00:00.000,"Replace deteriorated members of lift span superstructure, concrete deck, lift electrical and mechanical systems, and fenders.",35000.0,2021-07-19,DOT,39724388.0,DOT,184958519.0
2252.0,1900-09-23,2021-12-01,,Upgrade and enhancement of emergency technology infrastructure to improve interoperability and coordination among public safety agencies and improve call processing time to decrease overall response times.,1460774.18,2023-03-31,DOITT,73735148.87,"FDNY, NYPD",2312860015.61
1355.0,1902-01-19,2021-07-01,2016-07-20T00:00:00.000,Demolish existing on-story facility. Construct a two-story new building for animal care center with a drive-through parking lot to meet the new program.  Phasing is required to meet 24/7 operation.,-1301000.0,2024-08-18,DDC,21288000.0,Health,47718000.0
503.0,1901-03-31,2021-07-01,2020-12-30T00:00:00.000,"This is the final phase of the Gilboa Dam reconstruction project and includes reforestation, final site stabilization and wetlands mitigation measures.",0.0,2025-06-29,DEP,-3079490.0,DEP,38329026.0
1535.0,1901-08-08,2018-08-01,2016-04-29T00:00:00.000,"Install, remove, and furnish equipment for electrical work associated with traffic signals, lighting, and distribution systems in Central Park, Manhattan.",0.0,2019-06-18,DOT,-3323649.6,DOT,42453656.0
1278.0,1902-04-30,2021-07-01,2017-10-30T00:00:00.000,"The scope of work consists of providing all necessary construction management, design, and  r.onstruction services required to perform ail phases of the project: Surveying, tank testing,  investigation, design, construction, and construction management for the closure, removal, upgrade,  or replacement of petroieum product storage tanks at various City owned sites. This work must  comply with all local, state, nnd federal laws nnd regulations governing tanks and associated work.    The general scope of work for tank replacement includes:    File NYSDEC PBS application; mobilization; securing all required NYC agency approvals & permits;  site survey; geophysical survey; drilling for laboratory soil and groundwater samples; crane & rigging;  saw cutting; demo & disposal of old tanks, piping, and concrete vaults; dewatering� of excavation; tank  bottom sludge removal & disposal; remove/transfer/dispose product; laboratory analysis of soil and  groundwater; excavate, remove, dispose incidental contaminated soil; install shoring, new tanks and  tan�k sumps, piping, monitoring and leak detection system, overfill protection and alarms, electrical  wiring; construction of concrete slabs and block piers; backfill excavation; resurfacing; demobilization;  performance of a closeout investigation and the preparation and filing of appropriate reports;  obtaining FDNY and DOB closeout documents; preparing ""As-built"" drawings.",-399000.0,2025-04-14,DDC,207000.0,DCAS,31094000.0
318.0,1903-02-27,2021-12-01,2021-05-06T00:00:00.000,,0.0,2025-10-13,DDC,100000.0,FDNY,57786000.0
2857.0,1901-03-25,2021-07-01,2015-12-23T00:00:00.000,"Replacement of six bar screens, grit bin vibrator, six ring flushing pumps, six main sewage pumps and assoc. piping/valves and motor control center, replacement of four exhaust fans, gas and oxygen detectors and a 15 KVA transformer",2814320.0,2025-10-17,DEP,31867440.0,DEP,83229440.0
836.0,1900-04-29,2020-10-01,2000-02-14T00:00:00.000,"Repair the existing bridge and separate the NYCDOT and NYCT components. Includes new steel plate girders, concrete deck, pedestals, backwalls, sidewalks, and bridge railing.",46885800.0,2023-01-16,DOT,22682117.0,DOT,121437179.0
1147.0,1901-03-28,2020-10-01,2019-06-04T00:00:00.000,"Upgrades significant portions of the electrical distribution infrastructure including 5 power center installations, 23 motor control centers, 6 automatic transfer switches and 35 transformers throughout the plant, main feeders, breakers",-887.28,2025-11-13,DEP,33489860.26,DEP,126585741.22
1628.0,1900-04-23,2016-01-01,2011-02-14T00:00:00.000,Replace the electrical and mechanical systems of the Madison Avenue Bridge.,-1417209.07,2019-07-03,DOT,2036997.0,DOT,53092095.93
1389.0,1901-12-20,2018-08-01,2017-08-18T00:00:00.000,RECONSTRUCTION OF SEA WALL AND DOCK AT OWLS HEAD WWTP,-5414110.0,2021-04-17,DEP,10985726.8,DEP,56198668.0
2869.0,1900-06-28,2020-10-01,,,,,DDC,125164000.0,Transportation,
897.0,1902-01-16,2021-03-01,,,,,DDC,75117000.0,Environmental Protection,
1319.0,1902-04-16,2022-04-01,2018-07-11T00:00:00.000,"Bronx Supreme Court, Fire Alarm, Sprinkler, 851 Grand Concourse - Replace the existing fire alarm system and install a new sprinkler system.",-350000.0,2027-01-15,DDC,37248610.0,DCAS,80366000.0
1086.0,1901-07-03,2020-10-01,2017-11-22T00:00:00.000,"CSO Facilities, bulkheads, pilots and other requirements to comply with Gowanus Canal Superfund Adminstrative Orders",87600000.0,2031-07-07,DEP,432995114.0,DEP,1534300000.0
651.0,1902-06-25,2019-09-01,2019-05-31T00:00:00.000,Power Distribution Improvements,-4731028.0,2025-04-30,DEP,10926063.83,WWC,56322665.0
1521.0,1902-02-08,2020-10-01,,,,,DDC,36221000.0,Sanitation,
2869.0,1900-06-28,2022-09-01,2002-02-15T00:00:00.000,Pelham Pkwy main road  W/B from Bronx River Pkwy to Hutchinson River Pkwy    Pelham Pkwy North Service Rd. (S/R) from Bronx Park East to Eastchester Rd.    Stillwell Ave from westbound mainline to north service road,104000.0,2023-12-22,DDC,125164000.0,Transportation,158533000.0
897.0,1902-01-16,2020-05-01,,,,,DDC,75117000.0,Environmental Protection,
1934.0,1901-05-20,2021-03-01,,,,,DOT,10338071.57,DOT,
2152.0,1900-04-22,2021-12-01,2014-10-22T00:00:00.000,Replace deck of the Riverside Drive viaduct/ bridge over West 158th Street.,9223686.0,2023-10-13,DOT,96922794.0,DOT,144908026.0
646.0,1902-09-25,2019-09-01,2019-08-19T00:00:00.000,"Southeast Queens 150th Street Spine, Phase II - Installation of a new double barrel trunk storm sewer that will run through JFK airport; approximately 1,000 feet east of Bergen Basin, to the north side of the Belt Parkway at Inwood Street and 150th Street",,2025-09-13,DDC,-158027000.0,Environmental Protection,207886000.0
2797.0,1900-04-15,2018-03-01,2005-04-01T00:00:00.000,"Replace deteriorated members of lift span superstructure, concrete deck, lift electrical and mechanical systems, and fenders.",8318911.0,2021-07-22,DOT,39724388.0,DOT,200270457.0
1477.0,1901-06-24,2018-03-01,2017-06-30T00:00:00.000,Replace the Shore Road Bridge over the Hutchinson River with a new bridge.,-952257.0,2025-12-17,DOT,-19049921.84,DOT,357738743.0
836.0,1900-04-29,2016-11-01,2000-02-14T00:00:00.000,"Repair the existing bridge and separate the NYCDOT and NYCT components. Includes new steel plate girders, concrete deck, pedestals, backwalls, sidewalks, and bridge railing.",4985000.0,2020-06-30,DOT,22682117.0,DOT,70687486.6
612.0,1902-08-30,2020-01-01,2019-02-01T00:00:00.000,This project will stabilize and reconstruct portions of the East River Esplanade from East 62nd Street to East 63rd Street and from East 90th Street to East 94th Street.,,,DPR,3616645.26,DPR,61422000.0
153.0,1902-10-18,2021-03-01,2020-02-01T00:00:00.000,"Development, design, and construction of NYC Ferry Homeport II within Atlantic Basin.",0.0,2023-09-17,EDC,51220834.0,EDC,65000000.0
836.0,1902-02-11,2020-01-01,,,,,DDC,-418193636.37,Parks & Recreation,
790.0,1901-07-13,2017-09-01,2005-07-25T00:00:00.000,Construction of new Sanitation garage facility for services to Brooklyn Community District 3 to be located at Warsoff Place in Brooklyn,0.0,2022-12-31,DSNY,25603365.0,DSNY,178760628.0
836.0,1900-04-29,2018-08-01,2000-02-14T00:00:00.000,"Repair the existing bridge and separate the NYCDOT and NYCT components. Includes new steel plate girders, concrete deck, pedestals, backwalls, sidewalks, and bridge railing.",5960110.0,2021-10-16,DOT,22682117.0,DOT,72673351.0
-74.0,1901-09-08,2019-05-01,2015-06-01T00:00:00.000,West 14th Rd. from Cross Bay Blvd. to Dead end (water side)  West 15th Rd. from Cross Bay Blvd. to Dead end (water side)  West 16th Rd. from Cross Bay Blvd. to Dead end (water side)  West 17th Rd. from Cross Bay Blvd. to Dead end (water side)  West 18th Rd. from Cross Bay Blvd. to Dead end (water side)  West 19th Rd. from Cross Bay Blvd. to Dead end (water side),-4128000.0,2023-05-25,DDC,61781000.0,Transportation,39742000.0
1854.0,1901-06-28,2018-08-01,2014-01-01T00:00:00.000,"Priority mitigation projects for the repair/restoration and hazard mitigation for Bellevue Hospital, damaged during Superstorm Sandy",1503934.0,2020-06-30,EDC,0.0,H+H,53184355.0
732.0,1903-06-05,2022-04-01,2017-01-17T00:00:00.000,"NEW STORM SEWERS IN KING STREET BETWEEN PRESTON AVE AND RIDGECREST AVE, ETC., STATEN ISLAND",,2026-08-24,DDC,-1094000.0,Environmental Protection,81880000.0
1845.0,1901-07-11,2022-04-01,2017-10-03T00:00:00.000,"Repair the Cross Island bridge over 115th Avenue/Dutch Broadway, Queens.",6019000.0,2027-01-31,DOT,17528706.0,DOT,40260171.0
121.0,1902-08-02,2022-09-01,2021-05-17T00:00:00.000,Rehabilitation of the Primary Settling Tanks at North River Wastewater Resources Recovery Facility.,-397308.0,2028-08-06,DEP,35891899.0,DEP,199919275.0
1217.0,1902-09-09,2021-12-01,2017-07-19T00:00:00.000,DELANCEY STREET SAFETY IMPROVEMENTS,1260000.0,2026-06-22,DDC,20937000.0,Transportation,56381000.0
226.0,1900-07-09,2019-09-01,2017-03-29T00:00:00.000,"Reconstruction of Wyckoff Avenue from Flushing Avenue to Cooper Avenue, in the Boroughs of Brooklyn and Queens..",30330000.0,2023-03-29,DDC,43926000.0,Trans. & Env. Protection,74075000.0
2252.0,1900-09-23,2019-09-01,,Upgrade and enhancement of emergency technology infrastructure to improve interoperability and coordination among public safety agencies and improve call processing time to decrease overall response times.,27421112.64,2020-08-31,DOITT,73735148.87,"FDNY, NYPD",2277311983.63
3241.0,1901-03-24,2016-11-01,2016-02-02T00:00:00.000,"Replacement of thickener pumps, controls/piping, digested sludge pumps, sludge mixing pumps, sludge recirculation pumps, spray water pumps, and seal water pumps. Installation of GBT and rehab of GTs",-219968.0,2023-03-26,DEP,57138101.3,DEP,44959691.0
549.0,1900-04-03,2018-08-01,2014-09-15T00:00:00.000,Replace one Barberi class boat and the John F. Kennedy boat which are approaching the end of their useful lives with new Staten Island ferries. Replacement is needed to continue reliable service.,-59068847.0,2021-02-08,DOT,-238419180.0,DOT,285010000.0
1908.0,1901-08-06,2020-10-01,2016-04-13T00:00:00.000,"Rehabilitate approach arches and towers of Brooklyn Bridge.  Including masonry cleaning, masonry repairs, repointing, rehabilition of transverse walls, new infill walls of the approach arch blocks.  Clean and repoint the tower masonry, reinforce the gothic arches of the towers, and rehabilitate the tower tops.",-12228240.0,2024-02-19,DOT,33135732.1,DOT,322359174.0
730.0,1901-07-28,2019-09-01,2017-04-01T00:00:00.000,The Project will improve the roadways and pedestrian facilities. The Project will consist of roadway reconstruction within Exterior Street between East 138th Street and East 150th Street.,0.0,2022-10-01,EDC,-5100000.0,EDC,84520367.0
-388.0,1900-06-18,2018-08-01,2012-12-03T00:00:00.000,"Roadway reconstruction Bergen Avenue and vicinity, includes sections of: Avenues N, T, U, V, W, X and Y; 66th Street and 69th through 75th Streets; Veterans Avenue and Royce Street.",-54285000.0,2021-02-25,DDC,45837000.0,Transportation,34598000.0
1568.0,1901-06-19,2020-01-01,2006-08-01T00:00:00.000,"Repair Park Avenue tunnel, located in Midtown, Manhattan.",-99985.0,,DOT,-17773389.61,DOT,45653074.0
921.0,1901-12-21,2021-12-01,2018-11-01T00:00:00.000,SMLP portion for Red Hook WWTP as part of the New York City Wastewater Resiliency Program.,3559224.9,2022-09-01,DEP,13549422.97,DEP,39124845.02
548.0,1902-07-23,2022-04-01,2018-10-02T00:00:00.000,"By Notice To Proceed letter dated September 21, 2018, the New York City Department of Design and Construction (“DDC”) directed PMS Construction Management Corp. (“PMS”) to commence work on Capis ID PW348-71, Contract No. 20191404531 CM/Design/Build for the Replacement and Upgrade of Petroleum Storage Tanks for the Borough of Manhattan. The contract was awarded for a maximum fee of $28,026,750.00 and was partially registered by the Comptroller on September 21, 2018 in the amount of $4,885,000.00. The term of the contract is 1,095 consecutive calendar days from September 21, 2018. Contract termination date is September 19, 2021.",0.0,2024-03-20,DDC,3444000.0,DCAS,32709000.0
3132.0,1901-07-07,2021-03-01,2017-08-01T00:00:00.000,"A new 2+ mile, 27-ft internal diameter tunnel between Kensico and the Cat-Del UV Facility.  The tunnel will include a new screen chamber and rehab of existing intake, and will provide critical redundancy to the Delaware Aqueduct in this area.",0.0,2031-05-17,DEP,881770648.0,DEP,1902139633.6
1889.0,1902-02-27,2021-12-01,2018-09-10T00:00:00.000,"Replacement of combined sewer in 71st Street between Juniper Boulevard South and Queens Midtown Expressway, etc.",300000.0,2026-10-30,DDC,27172000.0,Environmental Protection,67213000.0
1865.0,1901-08-09,2023-01-01,2019-01-25T00:00:00.000,"Replace the Concourse Village Avenue bridge over Metro North, Bronx",-239247.0,2029-09-28,DOT,-186092.37,DOT,49898190.0
2445.0,1901-03-19,2015-08-01,2014-06-17T00:00:00.000,Reconstruction of the Port Jervis WWTP as required based on the effluent limits proposed by the Delaware River Basin Commission (DRBC),-8278171.7,2020-01-24,DEP,9428438.55,DEP,42918306.3
396.0,1903-04-14,2023-01-01,2019-01-02T00:00:00.000,"GREEN INFRASTRUCTURE IN OWLS HEAD TRIBUTARY DRAINAGE AREAS, BROOKLYN",300000.0,2027-07-02,DDC,24278000.0,Environmental Protection,60387000.0
888.0,1902-05-09,2022-09-01,2019-06-15T00:00:00.000,"The Manhattan Greenway Harlem River project, between West 125th Street and Swindler Cove, involves the creation of a park, greenway, and the reconstruction of the bulkhead.",-82320000.0,2026-02-15,EDC,0.0,DPR,227658000.0
389.0,1903-04-05,2021-12-01,2018-06-28T00:00:00.000,,88000.0,2025-07-31,DDC,493000.0,Libraries-BPL,35469000.0
,1903-03-14,2023-01-01,2016-04-27T00:00:00.000,"East Side Coastal Resiliency - Montgomery Street to East 15th Street, Manhattan",0.0,,DDC,0.76,Parks & Recreation,1328351541.76
1319.0,1902-04-16,2019-01-01,2018-07-11T00:00:00.000,"Fire Alarm Upgrade and Sprinkler Installation at 851 Grand Concourse, Bronx Supreme Court.",,2023-10-06,DDC,37248610.0,DCAS,43180390.0
92.0,1903-03-16,2023-01-01,2016-04-27T00:00:00.000,Coastal Resiliency -- Parallel Conveyances,-5000.0,2026-09-11,DDC,32327000.0,Parks & Recreation,200106000.0
1377.0,1902-03-04,2021-12-01,2020-03-09T00:00:00.000,"NEW STORM SEWER CONSTRUCTION, REPLACEMENT OR UPGRADES TO SANITARY SEWERS AND WATER MAINS IN PROJECT AREAS. GREEN INFRASTRUCTURE PROJECTS TO BE DONE IN CONJUNCTION WITH THESE CAPITAL IMPROVEMENTS",0.0,2025-04-21,DDC,3200000.0,Environmental Protection,28200000.0
819.0,1902-04-22,2021-12-01,2018-07-17T00:00:00.000,The construction of Southern Brooklyn Crosstown Select Bus Service (SBS),350000.0,2026-03-18,DDC,29789000.0,Transportation,86064000.0
1389.0,1901-12-20,2021-12-01,2017-08-18T00:00:00.000,RECONSTRUCTION OF SEA WALL AND DOCK AT OWLS HEAD WWTP,8912937.0,2024-04-29,DEP,10985726.8,DEP,74531450.0
1389.0,1901-12-20,2022-04-01,2017-08-18T00:00:00.000,RECONSTRUCTION OF SEA WALL AND DOCK AT OWLS HEAD WWTP,0.0,2024-05-09,DEP,10985726.8,DEP,74531450.0
1949.0,1900-12-12,2019-01-01,2012-01-17T00:00:00.000,"Phase I repairs the inshore platform, replaces scales and control equipment, dredging around the pier, & site work. Phase 2 refurbishes existing pier building incl. pier structure, pile caps, fendering, construction of new emergency generator, etc.",-3785000.0,2019-11-05,DDC,126753576.46,Sanitation,92634000.0
1970.0,1901-08-16,2018-03-01,2015-04-09T00:00:00.000,"This project includes the replacement of the upper roadway's deck on the main bridge along with steel repairs, fire standpipes, and lighting upgrades.",14308852.0,2019-10-21,DOT,8567339.67,DOT,388146233.0
340.0,1903-06-10,2022-09-01,2014-04-15T00:00:00.000,"New building to replace existing Bomb Squad building damaged during Sandy storm. Two story building to house training, offices, lockers and vehicle storage. Existing building to be demolished and area to be landscaped upon completion of new building.",218000.0,2024-09-29,DDC,218000.0,Police,27663000.0
730.0,1901-07-28,2020-10-01,2017-04-01T00:00:00.000,The Project will improve the roadways and pedestrian facilities. The Project will consist of roadway reconstruction within Exterior Street between East 138th Street and East 150th Street.,0.0,2023-10-31,EDC,-5100000.0,EDC,84520367.0
1891.0,1900-11-08,2020-10-01,2014-01-01T00:00:00.000,"This project will upgrade the Borden Ave Pump Station by expanding its footprint; provide replacement equipment; convert dry well to wet well; line existing 14"" FM; and provide provisions for future project to expand capacity of PS to 26 MGD.",786163.0,2024-11-24,DEP,-4338327.57,DEP,38857732.0
1243.0,1901-07-14,2019-01-01,2016-02-01T00:00:00.000,"Renovation of CIH to advance the City’s resiliency plan, repair damages,  and protect the hospital from future disasters.",0.0,2023-03-31,EDC,30635879.93,H+H,678812311.0
856.0,1902-06-14,2020-10-01,,,,,DDC,-190000.0,Cultural Affairs,
161.0,1903-04-01,2021-07-01,2019-02-22T00:00:00.000,Installation of Brooklyn Bridge - Montgomery Coastal Resilience from Robert F. Wagner Sr. Place to Montgomery Street,,,DDC,34901000.0,Mayors Office of Resiliency (MOR),499827000.0
1684.0,1901-06-05,2020-10-01,2015-11-13T00:00:00.000,Power Distribution at Bowery Bay WWTP.,0.0,2023-01-27,DEP,24235381.01,DEP,68873764.13
256.0,1901-02-12,2017-09-01,2012-03-23T00:00:00.000,"To address existing leaks in the Delaware Aqueduct, a 3-mile bypass tunnel will be constructed near the town of Roseton and the existing tunnel will be repaired near the town of Wawarsing.",-14322409.13,2023-09-26,DEP,202552329.25,DEP,887887354.44
1816.0,1901-05-16,2018-08-01,2016-08-30T00:00:00.000,Repair the northbound FDR from East 42nd to 49th Streets.,0.0,2027-07-12,DOT,-2802822.0,DOT,98115670.0
1147.0,1901-03-28,2020-05-01,2019-06-04T00:00:00.000,"Upgrades significant portions of the electrical distribution infrastructure including 5 power center installations, 23 motor control centers, 6 automatic transfer switches and 35 transformers throughout the plant, main feeders, breakers",848922.5,2025-06-30,DEP,33489860.26,DEP,126586628.5
1840.0,1902-09-07,2022-04-01,2016-12-15T00:00:00.000,PRELIMINARY AND FINAL DESIGN SERVICES FOR RECONSTRUCTION OF WESTBOURNE NORTON DRIVE.   BOROUGH OF QUEENS,-651000.0,2029-09-26,DDC,47223000.0,Transportation,60672000.0
1619.0,1902-03-02,2023-01-01,2018-07-30T00:00:00.000,"Storm, Sanitary and Water Mains work in North Conduit between Baisley Blvd and Guy Brewer Blvd, South Queens",0.0,2029-02-18,DDC,31711000.0,Environmental Protection,113711000.0
-712.0,1902-07-31,2022-04-01,2020-04-16T00:00:00.000,The project will provide hydraulic relief to Outfalls HP-007 and HP-009 by creating new sewers parallel to the existing combined sewers. It will also provide floatables control at Outfall HP-011 by replacing Regulator 5.,0.0,2028-12-14,DEP,1210235.0,WWC,184348203.0
699.0,1903-06-13,2022-09-01,2016-11-10T00:00:00.000,Reconstruction of Roadways at Randall's Island,0.0,2027-01-22,DDC,0.0,Parks & Recreation,41208000.0
1306.0,1901-12-22,2019-09-01,2018-06-11T00:00:00.000,Throgs Neck Pumping Station Rehabilitation and Improvements,101736.0,2023-04-26,DEP,25708336.86,DEP,48108647.0
1919.0,1901-07-26,2018-03-01,2017-08-01T00:00:00.000,"Construction of new Sanitation garage facility to serve Bronx community districts 9, 10, and 11 to be located at Zerega Avenue in the Bronx",0.0,2026-06-30,DSNY,268983862.56,DSNY,291383225.0
119.0,1902-11-07,2020-10-01,2019-01-30T00:00:00.000,"Contract C547A is for the construction of two shafts (17B-1 and 18B-1) on City Tunnel No. 3 (CT3), Stage 2 in Queens and Brooklyn",,2027-01-11,DEP,3150108.42,DEP,443063583.0
357.0,1903-03-12,2021-07-01,2019-06-18T00:00:00.000,"New education building at Queens Botanical Garden (QBG). Design and construction of a new 14,500 SF building to provide year-round programming and educational spaces to serve students, children, community gardeners, and others.  The New Education Building will add six new teaching spaces, including four classrooms, a teaching kitchen and a teaching greenhouse where educators will be able to grow and maintain plants for educational purposes. Ideally, the four regular classrooms will be able to opened up into one large space to accommodate larger training programs.",,2024-11-08,DDC,905000.0,Cultural Affairs,28686000.0
604.0,1902-03-11,2018-08-01,2000-07-10T00:00:00.000,Rehabilitation of the W. 79th St Bridge over Amtrak and Rotunda Complex,-43234192.0,2023-10-22,DOT,-51088528.0,"DOT, DPR",207671058.0
304.0,1903-05-08,2023-01-01,,"Comprehensive modernization of  existing end-of-life DataShare and DataBridge platforms to guarantee DoITT can maintain ongoing support, evolution, and growth of the DoITT agency-integration and data-sharing eco-system",0.0,2025-04-30,DOITT,0.4,DoITT,92807745.17
0.0,1903-01-11,2021-07-01,2019-12-16T00:00:00.000,NEW SCHOOL,,2024-09-03,SCA,0.0,DOE,79171750.0
153.0,1902-10-18,2020-05-01,2020-02-01T00:00:00.000,"Development, design, and construction of NYC Ferry Homeport II within Atlantic Basin.",0.0,2023-02-28,EDC,51220834.0,EDC,65000000.0
556.0,1902-10-13,2023-01-01,2010-02-24T00:00:00.000,This project will demolish and construct a new environmental center in Alley Pond Park.,0.0,2023-03-24,DPR,1641000.0,DPR,31987000.0
2252.0,1900-09-23,2020-01-01,,Upgrade and enhancement of emergency technology infrastructure to improve interoperability and coordination among public safety agencies and improve call processing time to decrease overall response times.,-12702371.92,2020-10-19,DOITT,73735148.87,"FDNY, NYPD",2264609611.71
256.0,1901-02-12,2023-01-01,2012-03-23T00:00:00.000,"To address existing leaks in the Delaware Aqueduct, a 3-mile bypass tunnel will be constructed near the town of Roseton and the existing tunnel will be repaired near the town of Wawarsing.",1376538.49,2024-11-11,DEP,202552329.25,DEP,908466371.25
803.0,1901-06-22,2022-09-01,2018-04-16T00:00:00.000,"Rehabilitation of Boston Road Bridge over Hutchinson River, located in the Bornx.",-10177806.0,2026-02-05,DOT,49309814.0,DOT,77479008.0
2869.0,1900-06-28,2014-05-01,2002-02-20T00:00:00.000,"Reconstruction of Pelham Parkway from the Bronx River Parkway to the Hutchinson River Parkway, including the north service road from Bronx Park East to Eastchester Road.",245000.0,2017-02-12,DDC,125164000.0,Transportation,33664000.0
2113.0,1901-01-22,2016-11-01,2013-09-30T00:00:00.000,Installation of trunk and distribution water mains for the 3rd water tunnel shaft 32B at 2nd Avenue.,-11186000.0,2019-03-15,DDC,-7266000.0,Environmental Protection,49477000.0
1558.0,1902-10-31,2021-12-01,,The goal of this program is to replace the current end of life analog system with an Emergency Response System that meets the latest Public Safety standards and regulations in compliance with NENA standards.,17601708.57,2024-12-31,DOITT,30123504.48,NYPD & FDNY,279671960.27
-366.0,1903-08-05,2022-09-01,2021-11-05T00:00:00.000,LEASE,,2024-09-03,SCA,0.0,DOE,25191650.0
226.0,1900-07-09,2015-08-01,2008-06-10T00:00:00.000,"Reconstruction of Wyckoff Avenue from Flushing Avenue to Cooper Avenue, in the Boroughs of Brooklyn and Queens.",50000.0,2028-05-31,DDC,43926000.0,Trans. & Env. Protection,37230000.0
29.0,1903-04-12,2023-01-01,2017-10-30T00:00:00.000,GREEN INFRASTRUCTURE IN OH-015 GRAVESEND BAY CSO PH 2,0.0,2024-12-09,DDC,13699000.0,Environmental Protection,55026000.0
1571.0,1901-06-20,2023-01-01,2017-05-30T00:00:00.000,Replace the Promenade over FDR Drive between East 81st to 90th Streets in Manhattan.,115852421.0,2030-02-18,DOT,-197139579.0,"DOT, DPR",115852421.0
0.0,1903-01-07,2022-09-01,2019-09-23T00:00:00.000,ADDITION / EXISTING SCHOOL RENOVATION WORK,0.0,2024-09-03,SCA,0.0,DOE,70834393.0
639.0,1901-11-19,2018-03-01,2017-08-01T00:00:00.000,The design and construction of shoreline reconstruction projects necessary to provide Citywide protection from future flooding caused by elevated seal elvels.,0.0,2022-12-31,EDC,0.0,ORR,60422401.0
1684.0,1901-02-09,2019-09-01,2008-12-01T00:00:00.000,"This project will rehabilitate the mechanics and the architecture of the Shandaken Tunnel Intake Chamber, which includes the replacement of gates and general site improvements.",156241.01,2021-01-25,DEP,33535991.2,DEP,67129022.92
663.0,1902-06-18,2021-03-01,,,,,DDC,-1754000.0,DCAS,
714.0,1901-03-18,2016-11-01,2016-10-11T00:00:00.000,Replacement of the Esopus & Route 28A Railroad Bridges,3605491.41,2024-12-06,DEP,-50461071.35,DEP,105940085.0
2003.0,1900-04-10,2020-10-01,2003-03-10T00:00:00.000,Repair the bridge superstructure and substructure and install a new concrete-filled steel grid deck.,8046601.0,,DOT,23798213.0,DOT,128041268.0
664.0,1902-03-21,2019-09-01,2017-02-06T00:00:00.000,"Rehabilitation of East 180th Street Bridge over Metro North Railroad, the Bronx",-135001.0,2023-01-14,DOT,4194366.0,DOT,38744944.0
1949.0,1900-12-12,2020-10-01,,,,,DDC,126753576.46,Sanitation,
1448.0,1901-04-20,2023-01-01,2016-07-19T00:00:00.000,"RECONSTRUCTION OF GRAND CONCOURSE FROM E 175 ST TO EAST FORDHAM RD- PHASE 4, BX",0.0,2023-06-13,DDC,57634000.0,Transportation,96108000.0
2846.0,1901-11-26,2022-04-01,2018-11-21T00:00:00.000,"Repair the West 35th Street bridge over Amtrak, Manhattan",-500000.0,2030-12-10,DOT,-621966.0,DOT,32671034.0
0.0,1903-03-15,2022-04-01,2016-04-27T00:00:00.000,INSTALLATION OF EAST SIDE COASTAL RESILIENCY (ESCR) PROJECT AREA 2 FROM EAST 15TH STREET TO EAST 25TH STREET,-5801000.0,2024-10-13,DDC,448000.0,Parks & Recreation,217335000.0
819.0,1902-04-22,2022-04-01,2018-07-17T00:00:00.000,The construction of Southern Brooklyn Crosstown Select Bus Service (SBS),150000.0,2026-08-18,DDC,29789000.0,Transportation,86214000.0
161.0,1903-04-01,2021-12-01,2019-02-22T00:00:00.000,Installation of Brooklyn Bridge - Montgomery Coastal Resilience from Robert F. Wagner Sr. Place to Montgomery Street,28668000.0,2026-05-14,DDC,34901000.0,Mayors Office of Resiliency (MOR),528495000.0
0.0,1903-01-07,2021-12-01,2019-09-23T00:00:00.000,ADDITION / EXISTING SCHOOL RENOVATION WORK,0.0,2024-09-03,SCA,0.0,DOE,70834393.0
161.0,1903-04-01,2023-01-01,2019-02-22T00:00:00.000,Installation of Brooklyn Bridge - Montgomery Coastal Resilience from Robert F. Wagner Sr. Place to Montgomery Street,0.0,2026-10-22,DDC,34901000.0,Mayors Office of Resiliency (MOR),534728000.0
456.0,1902-08-18,2022-09-01,2019-09-30T00:00:00.000,"Four-acre waterfront park in Lower Concourse, Bronx.",0.0,2025-03-31,EDC,0.0,DPR,35407359.0
1448.0,1901-04-20,2020-01-01,,,,,DDC,57634000.0,Transportation,
626.0,1902-10-04,2021-07-01,2019-07-01T00:00:00.000,"The South Bronx Crosstown SBS capital project (BRT) will add bus pads and construct bus bulbs, curb and median extensions, and pedestrian islands for enhanced pedestrian safety and access improvements.",1275000.0,2025-10-21,DDC,3130000.0,Transportation,51883000.0
-388.0,1900-06-18,2015-02-01,2012-12-03T00:00:00.000,"Roadway reconstruction Bergen Avenue and vicinity, includes sections of: Avenues N, T, U, V, W, X and Y; 66th Street and 69th through 75th Streets; Veterans Avenue and Royce Street.",-13124000.0,2025-07-18,DDC,45837000.0,Transportation,19872000.0
1706.0,1901-04-28,2022-04-01,2014-12-01T00:00:00.000,Interior fit-out of the south site cultural unit.,0.0,2022-12-31,EDC,36789601.16,DCLA,51070000.0
256.0,1901-02-12,2022-09-01,2012-03-23T00:00:00.000,"To address existing leaks in the Delaware Aqueduct, a 3-mile bypass tunnel will be constructed near the town of Roseton and the existing tunnel will be repaired near the town of Wawarsing.",13932373.76,2024-10-14,DEP,202552329.25,DEP,907089832.76
604.0,1902-03-11,2019-09-01,2000-07-10T00:00:00.000,Rehabilitate the W. 79th St Bridge over Amtrak and Rotunda Complex,162391000.0,2024-09-30,DOT,-51088528.0,"DOT, DPR",202905808.0
2142.0,1901-03-27,2019-05-01,2017-11-06T00:00:00.000,"Replacement of internal mechanisms, concrete repairs, effluent weirs, scum troughs, grease pit collection system, electrical upgrades, HVAC upgrades, evaluation and improvement of cross collector drainage in 10 PST.",196483.35,2025-01-30,DEP,99651290.98,DEP,75696483.35
-64.0,1903-03-25,2023-01-01,2020-10-27T00:00:00.000,"Project REG-HP06 is for the reconstruction of Regulator HP06 . The work shall include, but is not limited to, the following items:  1. Reconstruction of the existing Diversion Chamber (see attachment labeled 'REG-HP06 As-builts'). 2. Reconstruction of the existing Regulator Chamber (see attachment labeled 'REG-HP06 As-builts'). 3. Rehabilitation of the existing Interceptor (scope previously included in PS-312MX) 4. Replacement of existing instrumentation and monitoring systems, as needed (i.e., sensors, probes, conduits, cables, etc.). 5. Restoration of construction areas as needed (i.e., roadways, sidewalks, etc.) 6. Implementation of an approved plan to maintain regulator and interceptor operations during construction. 7. Shop drawings, as-built drawings, and equipment information.",0.0,2025-06-12,DDC,8706000.0,Environmental Protection,63632000.0
1889.0,1902-02-27,2018-08-01,2018-09-10T00:00:00.000,Replacement of Combined Sewers in 71st Street between Juniper Blvd South and Queens Midtown Expressway; including water main work.,10445000.0,,DDC,27172000.0,Environmental Protection,59467000.0
1553.0,1902-04-29,2023-01-01,2018-01-22T00:00:00.000,"Installation of new building wide fire alarm and sprinkler distribution for 253 Broadway  The PW357FIRE project has been divided into two phases.  • Phase 1 - Fire alarm core to meet the PW77LYA project LPC office renovation - currently under construction • Phase 2 – Fire alarm branches, sprinkler system branches, and BMS – currently under bid package review phase",0.0,2026-12-31,DDC,17827000.0,DCAS,57169000.0
714.0,1901-03-18,2019-01-01,2016-10-11T00:00:00.000,Replacement of the Esopus Creek Bridge & Route 28A Railroad Bridge,-12411307.8,2024-06-11,DEP,-50461071.35,DEP,82210276.9
1977.0,1901-05-23,2022-09-01,2016-07-27T00:00:00.000,Relocation of Brooklyn Civil and Housing Court to 210 Joralemon St,27329011.96,2025-06-03,DCAS,200931011.96,DCAS,281430011.96
1712.0,1901-02-26,2018-03-01,2013-07-01T00:00:00.000,"This project will remove the 10 existing pump and blower engines and add electric motors for the main sewage pumps, a new cogeneration facility consisting of 5 new dual fuel engines,  electrical service upgrades and flood protection.",4996248.9,2021-03-06,DEP,134242052.88,DEP,233428706.0
406.0,1902-02-07,2019-09-01,2017-07-14T00:00:00.000,"The Department of Sanitation of the City of New York (DSNY) is planning to develop a Staten Island Districts 1 and 3 campus that will include a new garage serving both districts and renovation of the existing Borough Repair Shop.  The site is to be reconfigured with new grading and drainage, new covered salt storage, new outdoor fueling, new household special waste collection, outdoor DSNY truck parking and a new force main sanitary line to connect to the NYC DEP sewer.",7603000.0,2024-02-26,DDC,68555000.0,Sanitation,183135000.0
1.0,1902-06-27,2020-01-01,2019-01-01T00:00:00.000,"The construction of an approximately 230,000 sq ft municipal Public Health Lab building for DOHMH.",0.0,2025-01-01,EDC,19334959.71,DOHMH,613797320.29
1619.0,1902-03-02,2021-07-01,2018-07-30T00:00:00.000,"Storm, Sanitary and Water Mains work in North Conduit between Baisley Blvd and Guy Brewer Blvd, South Queens",1647000.0,2026-05-22,DDC,31711000.0,Environmental Protection,113711000.0
1113.0,1901-02-08,2015-02-01,2004-03-18T00:00:00.000,"Gilboa Dam Reconstruction Project includes construction of a new low level outlet (LLO) consisting of 2,000 feet of tunneling, an access shaft, oulet structure and gate valve controls.",3503278.0,2020-07-20,DEP,10376533.49,DEP,226724491.0
969.0,1901-05-18,2019-09-01,2017-11-30T00:00:00.000,"Replace the 5th Avenue Bridge over LIRR & Sea Beach, Brooklyn.",3902330.0,,DOT,36577693.0,DOT,50788823.0
651.0,1902-06-25,2022-04-01,2019-05-31T00:00:00.000,Power Distribution Improvements,0.0,2026-03-16,DEP,10926063.83,WWC,63387835.0
,1903-05-26,2022-09-01,,"The scope of this project is the creation of approximately 72,500 square feet of space in a free-standing multi-level tower connected by bridges at the second floor of the existing Horizon building. The addition will house a commercial kitchen, dining hall, health care service, warehouse, education and vocation classrooms and workshops, and critical HVAC infrastructure to serve the new building and the existing facility, and miscellaneous support spaces. It is proposed the structure will be built on the north-east portion of the site.",295000.0,,DDC,295000.0,Child Services,158635000.0
517.0,1902-12-21,2023-01-01,2021-03-01T00:00:00.000,"Sitework (including but not limited to: excavation, utility, and bulkhead work) at Bush Terminal in preparation of the Steiner Studio campus.",0.0,2025-05-31,EDC,0.0,EDC,29000000.0
1377.0,1902-03-04,2021-07-01,2020-03-09T00:00:00.000,"NEW STORM SEWER CONSTRUCTION, REPLACEMENT OR UPGRADES TO SANITARY SEWERS AND WATER MAINS IN PROJECT AREAS. GREEN INFRASTRUCTURE PROJECTS TO BE DONE IN CONJUNCTION WITH THESE CAPITAL IMPROVEMENTS",3200000.0,2024-12-16,DDC,3200000.0,Environmental Protection,28200000.0
456.0,1902-08-18,2020-10-01,2019-09-30T00:00:00.000,"Four-acre waterfront park in Lower Concourse, Bronx.",0.0,2023-12-31,EDC,0.0,DPR,35407359.0
1400.0,1901-06-02,2019-05-01,2016-08-04T00:00:00.000,"PED. SAFETY UPGRADES ON ATLANTIC AVE - PH 2, BROOKLYN",-4286000.0,2022-11-19,DDC,10136496.0,Transportation,39983000.0
1319.0,1902-04-16,2021-07-01,2018-07-11T00:00:00.000,"Bronx Supreme Court, Fire Alarm, Sprinkler, 851 Grand Concourse - Replace the existing fire alarm system and install a new sprinkler system.",25516000.0,2026-05-01,DDC,37248610.0,DCAS,80716000.0
365.0,1902-08-06,2021-03-01,2017-11-17T00:00:00.000,NEW SCHOOL (PHASE II),0.0,2023-09-03,SCA,-221356.0,DOE,66058403.0
1097.0,1902-02-28,2020-05-01,,,,,DDC,35414000.0,Environmental Protection,
,1903-08-31,2023-01-01,2021-08-30T00:00:00.000,NEW SCHOOL,,2025-09-03,SCA,,DOE,108030450.0
1029.0,1901-12-03,2021-12-01,2019-01-30T00:00:00.000,"Replace/Rehab the Pelham Bay Equestrian Park bridge over Amtrak, the Bronx",-362000.0,2026-08-24,DOT,137997.0,DPR,41466997.0
1449.0,1900-05-10,2021-12-01,2017-08-15T00:00:00.000,"Replace the 49th Avenue bridge over Long Island Railroad and Amtrak in Hunters Point, Queens.",97905600.0,2027-03-15,DOT,32902419.0,DOT,218648019.0
921.0,1901-12-21,2021-03-01,2018-11-01T00:00:00.000,SMLP portion for Red Hook WRRF as part of the New York City Wastewater Resiliency Program.,-7367811.42,2022-09-01,DEP,13549422.97,DEP,18905305.33
2315.0,1901-09-10,2022-09-01,2016-10-26T00:00:00.000,Vision Zero - Queens Boulevard - Segment 2: 73rd Street to Eliot Avenue. Variety of safety and streetscape improvements including partial street reconstruction and resurfacing to address roadway conditions,1000000.0,2029-08-13,DDC,14201000.0,Transportation,86043000.0
3238.0,1900-12-29,2018-08-01,2012-10-01T00:00:00.000,"This project will reconstruct the Hannah St. Pumping Station, the largest City-owned wastewater collection and pumping station on Staten Island.  Built in 1977, the facility has numerous deficiencies, needing  a comprehensive upgrade.",306898.0,2021-07-13,DEP,67909196.8,DEP,67560558.0
-388.0,1900-06-18,2022-09-01,2012-12-03T00:00:00.000,"Reconstruction of Bergen Avenue Area, including Storm Sewers, Water Mains, Street Lighting, Traffic Signal  Work, and reconstruction of new outfall at East Mill Basin.",-300000.0,2023-06-24,DDC,45837000.0,Transportation,79564000.0
223.0,1903-04-27,2022-09-01,2013-04-09T00:00:00.000,Empire Boulevard Safety Improvements,34000.0,2023-06-18,DDC,8554000.0,Transportation,34212000.0
,1902-05-12,2021-03-01,,"This project has a two-fold basis: 1) The ongoing Network Refresh which is needed to replace aging, end-of-life, end-of-support equipment across the NYC H+H. 2) Networking capacity needed to support the Electronic Medical Records system.",0.0,,HHC,180514000.0,H+H,0.0
0.0,1903-01-15,2021-07-01,2020-03-03T00:00:00.000,NEW SCHOOL,,2023-09-03,SCA,0.0,DOE,70167105.0
428.0,1903-03-27,2022-04-01,2021-10-06T00:00:00.000,,-15564000.0,2026-01-12,DDC,-15454000.0,Libraries-QBPL,25691000.0
1155.0,1902-02-26,2020-05-01,,,,,DDC,94201000.0,Environmental Protection,
303.0,1903-07-01,2023-01-01,2021-06-09T00:00:00.000,Reconstruction of Merriman Dam Spillway,0.0,2026-09-06,DEP,2201599.75,DEP,45566464.0
1279.0,1901-12-23,2019-09-01,,"The Epic Revenue Cycle system will be  enterprise-wide and help increase revenue (by proper billing of services provided) in addition to ensuring patient safety and improved patient care, a top priority in workflows.",0.0,2019-12-07,HHC,0.0,H+H,289117990.0
365.0,1902-08-27,2021-12-01,2018-09-10T00:00:00.000,ADDITION,0.0,2023-09-03,SCA,2268625.0,DOE,54584235.0
3238.0,1900-12-29,2019-09-01,2012-10-01T00:00:00.000,"This project will reconstruct the Hannah St. Pumping Station, the largest City-owned wastewater collection and pumping station on Staten Island.  Built in 1977, the facility has numerous deficiencies, needing  a comprehensive upgrade.",-1000000.0,2022-11-20,DEP,67909196.8,DEP,68767304.23
2086.0,1900-04-06,2016-11-01,2012-07-23T00:00:00.000,"Replace the existing bridge with a new, wider double-leaf bascule bridge in the Bronx.",67465000.0,2021-03-04,DOT,142277136.0,"DEP, DOT",335764502.49
1571.0,1901-06-20,2019-09-01,2017-05-30T00:00:00.000,Replace the Promenade over FDR between East 81st to 90th Streets in Manhattan.,277630000.0,,DOT,-197139579.0,"DOT, DPR",313742421.0
-67.0,1902-04-13,2021-07-01,2020-09-15T00:00:00.000,"CAT-213FAC Reconstruction of the Ashokan Reservoir Headworks.  This Contract is for design services.  The Headworks include the Upper and Lower Gate Chambers, the Screen Chamber and inter-connecting aquedcuts.",7624101.0,2031-12-21,DEP,41950858.0,DEP,319234719.75
2797.0,1900-04-15,2023-01-01,2005-04-01T00:00:00.000,"Replace deteriorated members of lift span superstructure, concrete deck, lift electrical and mechanical systems, and fenders.",-1088222.0,2027-04-02,DOT,39724388.0,DOT,148960388.0
790.0,1901-07-13,2020-10-01,2005-07-25T00:00:00.000,Construction of new Sanitation garage facility for services to Brooklyn Community District 3 to be located at Warsoff Place in Brooklyn,0.0,2022-12-31,DSNY,25603365.0,DSNY,204347986.93
1215.0,1901-05-30,2019-01-01,2014-03-17T00:00:00.000,"Reconstruction of Storm and Sanitary sewers, Trunk and Distribution Water Main in Coney Island Area -Phase 3A, Borough of Brooklyn.",301000.0,2022-11-27,DDC,25273000.0,Environmental Protection,61616000.0
2315.0,1901-09-10,2023-01-01,2016-10-26T00:00:00.000,Vision Zero - Queens Boulevard - Segment 2: 73rd Street to Eliot Avenue. Variety of safety and streetscape improvements including partial street reconstruction and resurfacing to address roadway conditions,0.0,2029-08-13,DDC,14201000.0,Transportation,86043000.0
641.0,1902-11-05,2021-12-01,2021-04-30T00:00:00.000,"Design & DSDC for the upgrade of three NYCDEP Pumping Stations. The scope of the project is to provide a safe, reliable, efficient, resilient and low maintenance pumping station for the Operating Bureau.",29238520.0,2024-11-07,DEP,45860651.8,DEP,139539613.0
549.0,1900-04-03,2019-01-01,2014-09-15T00:00:00.000,Replace one Barberi class boat and the John F. Kennedy boat which are approaching the end of their useful lives with new Staten Island ferries. Replacement is needed to continue reliable service.,42879390.0,2021-02-28,DOT,-238419180.0,DOT,327889390.0
1645.0,1901-06-17,2021-07-01,2019-06-17T00:00:00.000,Replace the existing structure (swing-type bridge) with a new bridge; located between Gardner Avenue in Brooklyn and 47th Street in Queens.,-966000.0,2029-08-22,DOT,160682490.0,DOT,140136744.0
3238.0,1900-12-29,2019-01-01,2012-10-01T00:00:00.000,"This project will reconstruct the Hannah St. Pumping Station, the largest City-owned wastewater collection and pumping station on Staten Island.  Built in 1977, the facility has numerous deficiencies, needing  a comprehensive upgrade.",2206746.23,2021-12-08,DEP,67909196.8,DEP,69767304.23
-74.0,1901-09-08,2020-10-01,,,,,DDC,61781000.0,Transportation,
456.0,1902-08-18,2021-03-01,2019-09-30T00:00:00.000,"Four-acre waterfront park in Lower Concourse, Bronx.",0.0,2024-08-08,EDC,0.0,DPR,35407359.0
834.0,1902-07-20,2021-12-01,2019-09-06T00:00:00.000,Rehabilitation  of Union Turnpike  Bridge over Cross Island Parkway,900000.0,2028-12-02,DOT,3378281.0,DOT,67281778.0
1706.0,1901-04-28,2019-01-01,2014-12-01T00:00:00.000,Interior fit-out of the south site cultural unit.,20181144.08,2022-07-31,EDC,36789601.16,DCLA,53070000.0
1389.0,1901-12-20,2023-01-01,2017-08-18T00:00:00.000,RECONSTRUCTION OF SEA WALL AND DOCK AT OWLS HEAD WWTP,0.0,2024-03-01,DEP,10985726.8,DEP,72598504.8
913.0,1902-09-17,2020-05-01,,,,,DDC,29337000.0,Environmental Protection,
,1903-07-03,2022-04-01,2022-02-10T00:00:00.000,This project will reconstruct the roof of the Flushing Meadows Corona Park Aquatic Center.,,,DPR,0.0,DPR,33146000.0
1355.0,1902-01-19,2018-08-01,2016-07-20T00:00:00.000,Brooklyn Animal Care Center,1440000.0,2022-04-15,DDC,21288000.0,Health,27284000.0
1452.0,1901-07-15,2019-05-01,,,,,EDC,27046705.0,H+H,
-67.0,1902-04-13,2020-10-01,2020-09-15T00:00:00.000,"CAT-213FAC Reconstruction of the Ashokan Reservoir Headworks.  This Contract is for design services.  The Headworks include the Upper and Lower Gate Chambers, the Screen Chamber and inter-connecting aquedcuts.",19321977.0,2029-01-22,DEP,41950858.0,DEP,320674983.75
1934.0,1901-05-20,2020-01-01,2017-05-30T00:00:00.000,"Replace/Rehab the Pelham Parkway bridge over Hutchinson River Parkway, Bronx.",128000.0,2027-03-03,DOT,10338071.57,DOT,57348478.0
2152.0,1900-04-22,2023-01-01,2014-10-22T00:00:00.000,Replace deck of the Riverside Drive viaduct/ bridge over West 158th Street.,7058936.0,2025-05-21,DOT,96922794.0,DOT,151628794.0
1248.0,1901-10-26,2023-01-01,2015-09-15T00:00:00.000,Replace existing administration wing; provide new parking and new inspection lane within the facility.,70000.0,2026-05-01,DDC,75370000.0,DCAS,152546000.0
2445.0,1901-03-19,2020-10-01,2014-06-17T00:00:00.000,Reconstruction of the Port Jervis WWTP as required based on the effluent limits proposed by the Delaware River Basin Commission (DRBC),14666266.99,2025-02-01,DEP,9428438.55,DEP,60366266.99
921.0,1901-12-21,2021-07-01,2018-11-01T00:00:00.000,SMLP portion for Red Hook WRRF as part of the New York City Wastewater Resiliency Program.,16660314.79,2022-09-01,DEP,13549422.97,DEP,35565620.12
,1903-05-10,2021-12-01,,"Build-out of Varick. Pending DCAS to execute the lease, which is expected this summer. Once executed DCAS will take over management of the capital project and work with the landlord to perform the work.",,,DOT,0.0,DOT,31462000.0
652.0,1902-02-14,2019-09-01,2015-04-30T00:00:00.000,"Installation of storm, sanitary and combined sewers, and water main: Brookville section of Queens, including sections of 227th, 228th, 229th and 230th Streets, 230th Place, and 145th and 147th Avenues.",-2671000.0,2021-07-28,DDC,-9148000.0,Environmental Protection,105624000.0
1645.0,1901-06-17,2020-05-01,2019-06-17T00:00:00.000,Replace the existing structure (swing-type bridge) with a new bridge; located between Gardner Avenue in Brooklyn and 47th Street in Queens.,300000.0,2030-06-03,DOT,160682490.0,DOT,141102744.0
2086.0,1900-04-06,2018-03-01,2012-07-23T00:00:00.000,"Replace the existing bridge with a new, wider double-leaf bascule bridge in the Bronx.",-27073400.0,2021-06-30,DOT,142277136.0,"DEP, DOT",296672102.0
-9.0,1902-12-29,2023-01-01,2021-05-25T00:00:00.000,"Install a Dechlorination System, replace the existing chlorination system including chemical storage tanks, metering pumps, electrical distribution equipment and upgrade the HVAC within the existing Chlorination Building.",0.0,2027-06-21,DEP,-6856021.0,DEP,27900000.0
2797.0,1900-04-15,2021-12-01,2005-04-01T00:00:00.000,"Replace deteriorated members of lift span superstructure, concrete deck, lift electrical and mechanical systems, and fenders.",-18780000.0,2027-04-02,DOT,39724388.0,DOT,165082519.0
921.0,1901-12-21,2019-09-01,2018-11-01T00:00:00.000,SMLP portion for Red Hook WRRF as part of the New York City Wastewater Resiliency Program.,-14185861.54,2021-12-06,DEP,13549422.97,DEP,23924743.23
29.0,1903-04-12,2021-12-01,2017-10-30T00:00:00.000,GREEN INFRASTRUCTURE IN OH-015 GRAVESEND BAY CSO PH 2,71000.0,2024-11-10,DDC,13699000.0,Environmental Protection,41398000.0
3238.0,1900-12-29,2022-04-01,2012-08-03T00:00:00.000,"This project will reconstruct the Hannah St. Pumping Station, the largest City-owned wastewater collection and pumping station on Staten Island.  Built in 1977, the facility has numerous deficiencies, needing  a comprehensive upgrade.",0.0,2025-08-22,DEP,67909196.8,DEP,102992162.23
2857.0,1901-03-25,2022-09-01,2023-02-01T00:00:00.000,"Replacement of six bar screens, grit bin vibrator, six ring flushing pumps, six main sewage pumps and assoc. piping/valves and motor control center, replacement of four exhaust fans, gas and oxygen detectors and a 15 KVA transformer",0.0,2029-04-25,DEP,31867440.0,DEP,83229440.0
-8.0,1900-07-24,2016-11-01,2008-06-19T00:00:00.000,"Roadway reconstruction and installation of new storm sewers and the replacement of sanitary sewers and water mains in the Midland Beach section, Staten Island.",20120000.0,2019-10-27,DDC,62973000.0,Trans. & Env. Protection,63915000.0
548.0,1902-07-23,2020-01-01,,,,,DDC,3444000.0,DCAS,
1243.0,1901-07-14,2021-07-01,2016-02-01T00:00:00.000,"Renovation of CIH to advance the City’s resiliency plan, repair damages,  and protect the hospital from future disasters.",0.0,2023-08-21,EDC,30635879.93,H+H,689052010.0
1389.0,1901-12-20,2019-01-01,2017-08-18T00:00:00.000,RECONSTRUCTION OF SEA WALL AND DOCK AT OWLS HEAD WWTP,3672902.0,2021-08-16,DEP,10985726.8,DEP,59871570.0
1630.0,1902-04-26,2023-01-01,2018-10-09T00:00:00.000,SOUTHEAST QUEENS PRIORITY GRIDS - GROUP 2,0.0,2029-03-01,DDC,14480000.0,Transportation,32981000.0
549.0,1900-04-03,2019-09-01,2014-09-15T00:00:00.000,Replace one Barberi class boat and the John F. Kennedy boat which are approaching the end of their useful lives with new Staten Island ferries. Replacement is needed to continue reliable service.,-470000.0,,DOT,-238419180.0,DOT,349399872.0
813.0,1902-04-28,2021-07-01,2016-09-30T00:00:00.000,"High Level Storm and Combine Sewer installation and Water Main replacement in Gowanus Canal Area Phase-2, Brooklyn.",5431000.0,2022-04-27,DDC,8657000.0,Environmental Protection,40014000.0
2152.0,1900-04-22,2017-09-01,2014-10-22T00:00:00.000,Replace deck of the Riverside Drive viaduct/ bridge over West 158th Street.,17170804.32,2021-12-02,DOT,96922794.0,DOT,162834407.0
1592.0,1900-04-21,2022-09-01,1995-01-17T00:00:00.000,"Repair abutments, piers, approaches, and steel superstructure located in Pelham Bay, Bronx; replace reinforced concrete deck.",-3529306.0,2023-07-31,DOT,20945057.0,DOT,78733057.0
1854.0,1901-06-28,2016-11-01,2014-01-01T00:00:00.000,"Priority mitigation projects for the repair/restoration and hazard mitigation for Bellevue Hospital, damaged during Superstorm Sandy",-8533429.0,2018-03-31,EDC,0.0,H+H,42407946.0
737.0,1903-05-21,2023-01-01,2019-08-27T00:00:00.000,79TH STREET CROSSTOWN SELECT BUS SERVICE - BOROUGH OF MANHATTAN,0.0,2028-06-25,DDC,3370000.0,Transportation,67303000.0
856.0,1902-06-14,2022-04-01,2018-09-25T00:00:00.000,"The Project will combine two adjacent lots on 125th Street: the sculpture court, City-owned lot 11, and the Museum building on lot 9, owned by the Museum. Existing structures on both lots will be demolished for the new, six story 82,000sf City owned building.",70000.0,2024-06-30,DDC,-190000.0,Cultural Affairs,59001000.0
366.0,1903-03-08,2022-04-01,2014-02-04T00:00:00.000,"Total reconstruction of two street grids in South Jamaica approximately bounded by Sutphin Boulevard, 109th Avenue, 155th Street and Linden Boulevard, and by 157th Street, 111th Avenue, Beddell Street and 116th Avenue.",637000.0,2027-01-11,DDC,1360000.0,Transportation,57023000.0
2085.0,1901-06-27,2017-04-01,2014-09-01T00:00:00.000,The priority mitigation projects at Coler include key critical mitigation projects to improve the resiliency of the campus.,-5512070.0,2018-06-30,EDC,0.0,H+H,21312417.0
484.0,1902-10-08,2019-09-01,2015-07-31T00:00:00.000,"Reconstruction of Front Street, Manhattan",,2022-06-16,DDC,6153000.0,Transportation,27356000.0
663.0,1902-06-16,2023-01-01,2019-07-16T00:00:00.000,CITYWIDE FUEL TANK REPLACEMENT PROGRAM FOR NEW 2015 EPA PETROLEUM BULK STORAGE REGULATIONS,0.0,2025-01-22,DDC,-1850000.0,DCAS,25650000.0
836.0,1902-02-11,2021-07-01,2016-04-27T00:00:00.000,"East Side Coastal Resiliency - Montgomery Street to East 15th Street, Manhattan",-1138653637.0,2026-08-15,DDC,-418193636.37,Parks & Recreation,92660363.0
409.0,1903-03-24,2022-09-01,2017-07-14T00:00:00.000,Replacement of HVAC System and Roof at Staten Island District 3 DSNY Garage and Boro Repair Shop,50000.0,2022-12-16,DDC,460000.0,Sanitation,25289000.0
3238.0,1900-12-29,2021-07-01,2012-10-01T00:00:00.000,"This project will reconstruct the Hannah St. Pumping Station, the largest City-owned wastewater collection and pumping station on Staten Island.  Built in 1977, the facility has numerous deficiencies, needing  a comprehensive upgrade.",0.0,2024-06-05,DEP,67909196.8,DEP,102992162.23
1449.0,1900-05-10,2023-01-01,2017-08-15T00:00:00.000,"Replace the 49th Avenue bridge over Long Island Railroad and Amtrak in Hunters Point, Queens.",530000.0,2028-10-16,DOT,32902419.0,DOT,114154419.0
1834.0,1902-03-03,2021-12-01,2018-05-14T00:00:00.000,"SEWER WHEN & WHERE CONTRACT IN South East Queens.  NEW STORM SEWER CONSTRUCTION, REPLACEMENT OR UPGRADES TO SANITARY SEWERS AND WATER MAIN IN PROJECT AREAS.  GREEN INFRASTRUCTURE PROJECTS IN CONJUNCTION WITH WHEN & WHERE PROJECTS.",390000.0,2025-04-22,DDC,7404000.0,Environmental Protection,36450000.0
280.0,1902-10-28,2021-03-01,2018-10-29T00:00:00.000,This project will reconstruct Michaelis-Bayswater Park.,296725.0,,DPR,4849393.61,DPR,52625930.34
1533.0,1901-05-24,2017-04-01,2017-03-31T00:00:00.000,New Fire Alarm and Sprinkler System at 360 Adams Street Kings County Supreme Courhouse,3730232.0,2022-11-01,DDC,47003000.0,DCAS,47040232.0
1355.0,1901-08-02,2022-09-01,2017-10-22T00:00:00.000,Construction of New Anaerobic Digesters,0.0,2026-04-04,DEP,72852004.14,DEP,393773004.14
1533.0,1901-05-24,2021-07-01,2017-03-31T00:00:00.000,"Brooklyn Supreme Court, Fire Alarm, Sprinkler, 360 Adams Street - New addressable fire detection and alarm system and new sprinkler system.",27054000.0,2025-11-26,DDC,47003000.0,DCAS,90161000.0
1279.0,1901-12-23,2020-05-01,,"The Epic Revenue Cycle system will be  enterprise-wide and help increase revenue (by proper billing of services provided) in addition to ensuring patient safety and improved patient care, a top priority in workflows.",0.0,2021-05-30,HHC,0.0,H+H,289117990.0
,1903-03-14,2022-04-01,2016-04-27T00:00:00.000,"East Side Coastal Resiliency - Montgomery Street to East 15th Street, Manhattan",0.0,,DDC,0.76,Parks & Recreation,1328351541.76
1421.0,1901-10-28,2022-04-01,2019-04-15T00:00:00.000,"Reconstruction of Aqueduct structures; Replacement of mechanical equipment; cleaning the aqueduct interior & rehabilitation & repair of cracks & leaks. All relevent assessments, investigations, piloting, plans and reports.",5000000.0,2027-11-27,DEP,-65760729.0,DEP,249460845.0
703.0,1902-10-15,2020-10-01,2018-11-19T00:00:00.000,This project will reconstruct the garage in Cunningham Park.,0.0,2023-05-27,DPR,0.0,DPR,27060000.0
340.0,1903-03-19,2021-12-01,2021-07-26T00:00:00.000,Fire Alarm and Sprinklers Upgrade,0.0,2026-03-23,DDC,0.0,DCAS,44469000.0
184.0,1903-06-28,2023-01-01,2021-07-07T00:00:00.000,Slab Replacement of Sanitation Garage facility to serve Bronx Community districts 7 and 8 to be located at 427 West 215th Street. Includes the Swing space.,9439000.0,2025-12-31,DSNY,9439000.0,DSNY,45018000.0
803.0,1901-06-22,2019-01-01,2018-04-16T00:00:00.000,"Rehabilitation of Boston Road Bridge over Hutchinson River, located in the Bornx.",2406000.0,2024-03-04,DOT,49309814.0,DOT,41928092.0
0.0,1903-01-02,2021-07-01,2018-02-23T00:00:00.000,LEASE,,2023-09-03,SCA,0.0,DOE,31421420.0
1854.0,1901-06-28,2018-03-01,2014-01-01T00:00:00.000,"Priority mitigation projects for the repair/restoration and hazard mitigation for Bellevue Hospital, damaged during Superstorm Sandy",739046.0,2020-06-30,EDC,0.0,H+H,51680421.0
2445.0,1901-03-19,2016-06-01,2014-06-17T00:00:00.000,Reconstruction of the Port Jervis WWTP as required based on the effluent limits proposed by the Delaware River Basin Commission (DRBC),-9471051.0,2019-12-24,DEP,9428438.55,DEP,35199444.0
549.0,1900-04-03,2017-04-01,2014-09-15T00:00:00.000,Replace one Barberi class boat and the John F. Kennedy boat which are approaching the end of their useful lives with new Staten Island ferries. Replacement is needed to continue reliable service.,-2153290.14,2020-03-16,DOT,-238419180.0,DOT,348488982.47
3253.0,1900-07-11,2013-09-01,2012-06-07T00:00:00.000,"Reconstruction and restoration of Belgian block roadways in the DUMBO and Vinegar Hill communities concurrent with installation of new water main, combined sewers and storm sewers, plus construction of the Pearl Street Triangle Plaza.",,2015-07-09,DDC,96724000.0,Transportation,33600000.0
2252.0,1900-09-23,2014-01-01,,Upgrade and enhancement of emergency infrastructure to improve cross agency communication and reduction in call response time at the City's 9-1-1 call centers.,23230004.88,2017-12-31,DOITT,73735148.87,"FDNY, NYPD",2274921386.0
1919.0,1901-07-26,2021-12-01,2017-08-01T00:00:00.000,"Construction of new Sanitation garage facility to serve Bronx community districts 9, 10, and 11 to be located at Zerega Avenue in the Bronx",0.0,2029-12-31,DSNY,268983862.56,DSNY,337050342.66
2252.0,1900-09-23,2016-01-01,,Upgrade and enhancement of emergency technology infrastructure to improve interoperability and coordination among public safety agencies and improve call processing time to decrease overall response times.,-10795429.0,2017-11-30,DOITT,73735148.87,"FDNY, NYPD",2146517283.0
487.0,1902-05-08,2019-09-01,2017-10-01T00:00:00.000,The East Midtown Waterfront Greenway project involves the creation of a waterfront esplanade between East 53rd and East 59th Streets.,0.0,2022-11-30,EDC,24840000.0,EDC,130000000.0
772.0,1902-10-14,2021-03-01,2015-09-21T00:00:00.000,This project will reconstruct portions of the New York State Pavilion Observation Towers in Flushing Meadows Corona Park.,0.0,2021-07-20,DPR,1000.0,DPR,28778000.0
1839.0,1901-09-14,2021-12-01,2009-09-03T00:00:00.000,"Road Reconstruction, Water Main and Combined Sewer Work    E 177th Street from Devoe Ave to Bronx Park Ave     East Tremont Ave from Bronx Park Ave to Boston Rd    Devoe Ave from E 177th Street to East Tremont Ave",0.0,2025-09-26,DDC,25050000.0,Transportation,26948000.0
1816.0,1901-05-16,2019-01-01,2016-08-30T00:00:00.000,Repair the northbound FDR from East 42nd to 49th Streets.,-539508.0,2026-07-14,DOT,-2802822.0,DOT,97576162.0
1126.0,1902-09-30,2020-01-01,,,,,DDC,-4087000.0,Transportation,
1816.0,1901-05-16,2018-03-01,2016-08-30T00:00:00.000,Repair the northbound FDR from East 42nd to 49th Streets.,0.0,2025-03-31,DOT,-2802822.0,DOT,98115670.0
2180.0,1901-03-07,2016-11-01,2012-07-10T00:00:00.000,Construction of a new storm sewer in 20th Avenue between 126th Street and US Bulkhead.,609891.0,2024-08-14,DDC,117177000.0,Environmental Protection,126541891.0
1796.0,1902-09-24,2021-07-01,2015-10-01T00:00:00.000,"New 48"" Trunk Water Main in E 233rd Street between Bronxwood Avenue & Baychester Avenue, etc.",706000.0,2024-03-11,DDC,1077000.0,Environmental Protection,33583000.0
1720.0,1901-08-10,2019-05-01,2017-10-05T00:00:00.000,"Replace the East 156th Street bridge over Access to Housing, Bronx.",1000000.0,2027-10-18,DOT,-363846.0,DOT,66500000.0
1977.0,1901-05-23,2017-09-01,2016-07-27T00:00:00.000,Relocation of Brooklyn Civil and Housing Court to 210 Joralemon St,107173544.31,2021-09-30,DCAS,200931011.96,DCAS,233584544.31
362.0,1901-08-21,2021-07-01,2018-08-15T00:00:00.000,"Scope includes paint the south side of the bridge, repair flags and structural steel, evaluate PP20 Bearings, evaluate tension rods at mid-span of the bridge, repair bridge cables and suspenders, replace modular joint, investigate the feasibility of additional clearance at towers, and resurface bridge decks with new waterproofing membrane.",-2414000.0,2025-05-07,DOT,52784947.0,DOT,170791250.0
836.0,1900-04-29,2013-09-01,2000-02-14T00:00:00.000,"Rehabilitate existing bridge sub and superstructure separating the NYCDOT Roadway Bridge and NYCT components. Provide new steel plate girders, concrete deck, pedestals, backwalls, sidewalks and bridge railing.",,2020-10-02,DOT,22682117.0,DOT,50286000.0
1977.0,1901-05-23,2018-08-01,2016-07-27T00:00:00.000,Relocation of Brooklyn Civil and Housing Court to 210 Joralemon St,11383895.0,2022-12-01,DCAS,200931011.96,DCAS,259215516.0
3132.0,1901-07-07,2021-07-01,2017-08-01T00:00:00.000,"A new 2+ mile, 27-ft internal diameter tunnel between Kensico and the Cat-Del UV Facility.  The tunnel will include a new screen chamber and rehab of existing intake, and will provide critical redundancy to the Delaware Aqueduct in this area.",0.0,2031-05-17,DEP,881770648.0,DEP,1902139633.6
1278.0,1902-04-30,2021-03-01,,,,,DDC,207000.0,DCAS,
856.0,1902-06-14,2019-05-01,2018-09-25T00:00:00.000,"The Project will combine two adjacent lots on 125th Street: the sculpture court, City-owned lot 11, and the Museum building on lot 9, owned by the Museum. Existing structures on both lots will be demolished for the new, six story 82,000sf City owned building.",100000.0,2022-11-25,DDC,-190000.0,Cultural Affairs,59431000.0
1415.0,1902-01-10,2019-09-01,2016-12-16T00:00:00.000,Reconstruction of Arthur Kill Rd from Clark Avenue to Richmond Avenue including widening of roadway,300000.0,2023-10-31,DDC,22503000.0,Transportation,40398000.0
0.0,1903-01-09,2023-01-01,2019-08-05T00:00:00.000,ADDITION / DEMOLITION,0.0,2024-09-03,SCA,0.0,DOE,70755417.0
-29.0,1903-05-07,2023-01-01,2020-12-01T00:00:00.000,Implementation of coastal resiliency measures to protect Battery Park and adjacent upland neighborhoods from storm surges and sea level rise.,0.0,2025-04-01,EDC,0.0,City Hall,165700000.0
2003.0,1900-04-10,2016-06-01,2003-03-10T00:00:00.000,Repair the bridge superstructure and substructure and install a new concrete-filled steel grid deck.,778628.43,2019-05-07,DOT,23798213.0,DOT,108380157.24
1.0,1902-06-27,2021-03-01,2019-01-01T00:00:00.000,"The construction of an approximately 230,000 sq ft municipal Public Health Lab building for DOHMH.",19334959.71,2025-01-01,EDC,19334959.71,DOHMH,633132280.0
1306.0,1901-12-22,2020-10-01,2018-06-11T00:00:00.000,Throgs Neck Pumping Station Rehabilitation and Improvements,8508498.81,2024-06-09,DEP,25708336.86,DEP,56696738.5
341.0,1902-09-12,2021-07-01,2019-05-23T00:00:00.000,"Union Turnpike Center Median Replacement from Hollis Court Blvd to 226th Street, Borough of Queens",1687000.0,2024-09-13,DDC,23766000.0,Transportation,27919000.0
0.0,1903-01-01,2021-12-01,2019-06-17T00:00:00.000,NEW SCHOOL,0.0,2023-09-03,SCA,0.0,DOE,38697915.0
2086.0,1900-04-06,2015-02-01,2012-07-23T00:00:00.000,"This project will replace the existing bridge with a new, wider double-leaf bascule bridge.",3352737.0,2020-10-14,DOT,142277136.0,"DEP, DOT",198569961.0
813.0,1902-04-28,2021-12-01,2016-09-30T00:00:00.000,"High Level Storm and Combine Sewer installation and Water Main replacement in Gowanus Canal Area Phase-2, Brooklyn.",687000.0,2022-04-27,DDC,8657000.0,Environmental Protection,40701000.0
365.0,1902-08-06,2020-10-01,2017-11-17T00:00:00.000,NEW SCHOOL (PHASE II),0.0,2023-09-03,SCA,-221356.0,DOE,66058403.0
772.0,1902-10-14,2021-07-01,2015-09-21T00:00:00.000,This project will reconstruct portions of the New York State Pavilion Observation Towers in Flushing Meadows Corona Park.,0.0,2022-02-28,DPR,1000.0,DPR,28778000.0
214.0,1902-12-20,2022-09-01,2017-06-01T00:00:00.000,"Abatement, demolition, and replacement of shed with an upland park on Pier 42 in Manhattan.",100000.0,2023-08-31,EDC,100000.0,DPR,60215737.0
1126.0,1902-09-30,2022-09-01,2017-08-01T00:00:00.000,"PEDESTRIAN SAFETY GEOMETRIC IMPROVEMENTS AT VARIOUS SPECIFIED LOCATIONS, CITYWIDE",-416000.0,2024-06-01,DDC,-4087000.0,Transportation,25773000.0
925.0,1901-09-22,2020-10-01,,,,,DDC,1921000.0,Environmental Protection,
1415.0,1902-01-10,2018-03-01,2016-12-16T00:00:00.000,Reconstruction of Arthur Kill Road From Clark Avenue to Richmond Avenue including widening of roadway,,2022-06-30,DDC,22503000.0,Transportation,37796000.0
1091.0,1901-11-02,2019-05-01,2018-04-16T00:00:00.000,SMLP portion for Hunts Point WRRF as part of the New York City Wastewater Resiliency Program.,1768669.54,2021-05-26,DEP,20080597.79,DEP,40053442.93
1949.0,1900-12-12,2013-09-01,2012-01-17T00:00:00.000,"Phase I includes repairs to the inshore platform, replacement of scales and control equipment, dredging around the pier, and site work.",,2018-01-28,DDC,126753576.46,Sanitation,61077000.0
0.0,1903-07-02,2023-01-01,2022-03-01T00:00:00.000,Reconstruction of the Main Sewage Pumps System at Owls Head WRRF,32214607.0,2030-06-13,DEP,32731384.43,DEP,255641384.43
,1903-05-14,2022-09-01,,,0.0,,DDC,0.0,Corrections,222642000.0
2085.0,1901-06-27,2021-03-01,2014-09-01T00:00:00.000,The priority mitigation projects at Coler include key critical mitigation projects to improve the resiliency of the campus.,9455967.0,2022-12-31,EDC,0.0,H+H,21529654.0
1816.0,1901-05-16,2023-01-01,2016-08-30T00:00:00.000,Repair the northbound FDR from East 42nd to 49th Streets.,7630000.0,2030-03-22,DOT,-2802822.0,DOT,94710178.0
1630.0,1902-04-26,2021-07-01,2018-10-09T00:00:00.000,SOUTHEAST QUEENS PRIORITY GRIDS - GROUP 2,-11587000.0,2029-03-01,DDC,14480000.0,Transportation,32463000.0
2027.0,1901-07-09,2021-07-01,2018-04-16T00:00:00.000,"Replace/Rehab the Metropolitan Avenue bridge over CSX Transport, Queens.",-500000.0,2028-12-29,DOT,4699394.0,DOT,72301394.0
2363.0,1901-03-23,2018-08-01,2016-02-24T00:00:00.000,"Improvements to: fencing, vegetation, roadway, drainage, ext. above-ground retaining walls. Including repair of dam inlet archway & wingwall, re-pointing of stones & reinforcement of east reservoir wall, & leakage/seepage protection within OCA.",3275919.0,2021-12-03,DEP,-833277.14,DEP,52813839.2
663.0,1902-06-19,2022-04-01,2019-08-20T00:00:00.000,CITYWIDE FUEL TANK REPLACEMENT PROGRAM FOR NEW 2015 EPA PETROLEUM BULK STORAGE REGULATIONS,200000.0,2025-01-22,DDC,-1834000.0,DCAS,25516000.0
737.0,1903-05-21,2021-12-01,2019-08-27T00:00:00.000,79TH STREET CROSSTOWN SELECT BUS SERVICE - BOROUGH OF MANHATTAN,,2026-06-19,DDC,3370000.0,Transportation,63933000.0
0.0,1903-01-12,2022-04-01,2020-02-24T00:00:00.000,ADDITION,0.0,2024-09-03,SCA,0.0,DOE,67965151.0
2085.0,1901-06-27,2022-04-01,2014-09-01T00:00:00.000,The priority mitigation projects at Coler include key critical mitigation projects to improve the resiliency of the campus.,-139523.0,2023-05-31,EDC,0.0,H+H,24107117.0
1854.0,1901-06-28,2021-07-01,2014-01-01T00:00:00.000,"Priority mitigation projects for the repair/restoration and hazard mitigation for Bellevue Hospital, damaged during Superstorm Sandy",0.0,2022-04-30,EDC,0.0,H+H,46807309.0
456.0,1902-08-18,2022-04-01,2019-09-30T00:00:00.000,"Four-acre waterfront park in Lower Concourse, Bronx.",0.0,2024-10-30,EDC,0.0,DPR,35407359.0
548.0,1902-07-23,2021-03-01,,,,,DDC,3444000.0,DCAS,
916.0,1902-09-03,2020-05-01,,,,,DDC,6752000.0,Libraries-BPL,
-388.0,1900-06-18,2015-08-01,2012-12-03T00:00:00.000,"Roadway reconstruction Bergen Avenue and vicinity, includes sections of: Avenues N, T, U, V, W, X and Y; 66th Street and 69th through 75th Streets; Veterans Avenue and Royce Street.",518000.0,2025-07-18,DDC,45837000.0,Transportation,20390000.0
0.0,1903-05-05,2023-01-01,2021-02-26T00:00:00.000,ADDITION / EXISTING BUILDING RENOVATION WORK / EXISTING BUILDING-AUDITORIUM / EXISTING BUILDING-CAFETERIA,0.0,2024-09-03,SCA,-3902865.0,DOE,71785778.0
1834.0,1902-03-03,2020-10-01,,,,,DDC,7404000.0,Environmental Protection,
2086.0,1900-04-06,2021-03-01,,,,,DOT,142277136.0,"DEP, DOT",
-8.0,1900-07-24,2014-05-01,2008-06-19T00:00:00.000,"Roadway reconstruction and installation of new storm sewers and the replacement of sanitary sewers and water mains in the Midland Beach section, Staten Island.",100000.0,2018-01-06,DDC,62973000.0,Trans. & Env. Protection,47160000.0
365.0,1902-10-23,2020-01-01,2019-02-01T00:00:00.000,ADDITION/PLAYGROUND REDEVELOPMENT PROJECT,,2022-09-03,SCA,0.0,DOE,63735015.0
0.0,1903-04-06,2022-09-01,2022-03-18T00:00:00.000,,950000.0,2025-06-02,DDC,-30000.0,Parks & Recreation,41820000.0
972.0,1902-04-24,2022-04-01,2019-07-01T00:00:00.000,"Roadway reconstruction including new sewers, water main, street lighting and traffic signals: Columbia Street south of Hamilton Avenue.",3660000.0,2025-07-14,DDC,6730000.0,Transportation,120604000.0
2445.0,1901-03-19,2016-11-01,2014-06-17T00:00:00.000,Reconstruction of the Port Jervis WWTP as required based on the effluent limits proposed by the Delaware River Basin Commission (DRBC),21420347.0,2020-04-09,DEP,9428438.55,DEP,56619791.0
1864.0,1901-12-09,2019-01-01,2018-09-19T00:00:00.000,"Repair the Beverly Road bridge over BMT Subway Brighton,  Brooklyn",500000.0,2025-08-19,DOT,1279646.0,DOT,47702000.0
2266.0,1901-01-04,2016-01-01,2014-12-02T00:00:00.000,"Replacement of trunk water main on Flatbush Avenue between Sterling place and 8th Avenue in addition to the distribution water main in 6th Avenue between Union Street and Park Place, and sections of adjoining streets.",0.0,2019-06-01,DDC,39272000.0,Environmental Protection,27688000.0
1306.0,1901-12-22,2020-01-01,2018-06-11T00:00:00.000,Throgs Neck Pumping Station Rehabilitation and Improvements,0.0,2023-11-24,DEP,25708336.86,DEP,48108647.0
1248.0,1901-10-26,2020-05-01,,,,,DDC,75370000.0,DCAS,
59.0,1903-07-19,2023-01-01,2020-08-20T00:00:00.000,PS-BX - Reconstruction of 233rd Street and 154th Street PSs,4295639.0,2027-04-18,DEP,4295639.0,BWT,58405023.0
1553.0,1902-04-29,2022-09-01,2018-01-22T00:00:00.000,"Installation of new building wide fire alarm and sprinkler distribution for 253 Broadway  The PW357FIRE project has been divided into two phases.  • Phase 1 - Fire alarm core to meet the PW77LYA project LPC office renovation - currently under construction • Phase 2 – Fire alarm branches, sprinkler system branches, and BMS – currently under bid package review phase",7638000.0,2026-12-31,DDC,17827000.0,DCAS,57169000.0
1854.0,1901-06-28,2017-09-01,2014-01-01T00:00:00.000,"Priority mitigation projects for the repair/restoration and hazard mitigation for Bellevue Hospital, damaged during Superstorm Sandy",-97506.0,2020-06-30,EDC,0.0,H+H,50941375.0
684.0,1901-10-13,2023-01-01,2016-07-15T00:00:00.000,"Installation of  Storm sewers, Sanitary sewers, & Water mains in Whitestone Area-Phase 3",0.0,2024-08-21,DDC,15468000.0,Environmental Protection,75390000.0
-29.0,1903-05-07,2022-04-01,2020-12-01T00:00:00.000,Implementation of coastal resiliency measures to protect Battery Park and adjacent upland neighborhoods from storm surges and sea level rise.,0.0,2025-02-28,EDC,0.0,City Hall,165700000.0
942.0,1902-05-07,2020-05-01,2018-11-30T00:00:00.000,"The restoration of the existing landmarked Orchard Beach Pavilion (located in Bronx, NY) which includes the construction of an ADA ramp at the main entrance of the Pavilion to improve accessibility to the beach passageway.",0.0,2023-06-03,EDC,35628847.0,DPR,60000000.0
642.0,1901-10-12,2021-12-01,2013-03-15T00:00:00.000,"Installation of Storm sewers, Sanitary sewers, & Water mains in Whitestone Area.",1012000.0,2022-09-15,DDC,41243000.0,Environmental Protection,109091000.0
3597.0,1900-07-22,2021-07-01,2012-08-17T00:00:00.000,"Reconstruct roadway and extend storm and sanitary sewers in portions of Brookville Boulevard, Edgewood Street, 147th Avenue, and adjacent streets west of 241st Street.",-4288000.0,2026-06-15,DDC,106503000.0,Transportation,94135000.0
335.0,1901-04-01,2023-01-01,2022-07-12T00:00:00.000,Design Services for Investigation and Remediation of Corrosion in Water Tunnel Facilities,0.0,2029-05-31,DEP,0.0,DEP,56020208.84
184.0,1903-05-30,2022-04-01,2022-03-23T00:00:00.000,Queens Museum of Art - Phase 2,0.0,,DDC,2841000.0,Cultural Affairs,29645000.0
1448.0,1901-04-20,2019-05-01,2016-07-19T00:00:00.000,"RECONSTRUCTION OF GRAND CONCOURSE FROM E 175 ST TO EAST FORDHAM RD- PHASE 4, BX",9581000.0,2022-08-31,DDC,57634000.0,Transportation,88592000.0
0.0,1903-05-06,2022-09-01,2021-03-24T00:00:00.000,NEW SCHOOL,9539089.0,2024-09-03,SCA,9539089.0,DOE,143089415.0
652.0,1902-02-14,2022-04-01,2015-04-30T00:00:00.000,"Installation of storm, sanitary and combined sewers, and water main: Brookville section of Queens, including sections of 227th, 228th, 229th and 230th Streets, 230th Place, and 145th and 147th Avenues.",14261000.0,2022-07-08,DDC,-9148000.0,Environmental Protection,119557000.0
254.0,1901-10-31,2021-07-01,2020-04-13T00:00:00.000,This project provides improvements to the existing structures and mechanical flow control systems at Hillview Reservoir.,43595196.64,2032-01-03,DEP,-11397050.18,BWS,318720000.0
1568.0,1901-06-19,2021-07-01,2006-08-01T00:00:00.000,"Repair Park Avenue tunnel, located in Midtown, Manhattan.",-229000.0,2022-08-03,DOT,-17773389.61,DOT,48301028.0
1243.0,1901-07-14,2022-04-01,2016-02-01T00:00:00.000,"Renovation of CIH to advance the City’s resiliency plan, repair damages,  and protect the hospital from future disasters.",9597645.0,2023-12-31,EDC,30635879.93,H+H,695449514.0
1619.0,1902-03-02,2020-10-01,,,,,DDC,31711000.0,Environmental Protection,
944.0,1902-08-20,2021-12-01,2019-07-01T00:00:00.000,Esplanade from Stapleton to the Lighthouse Museum and Pier for DOT Dockbuilders.,0.0,2025-10-30,EDC,10582596.0,EDC,151572069.0
0.0,1903-05-03,2021-12-01,2019-12-06T00:00:00.000,NEW SCHOOL / DEMOLITION OF EXISTING X163 BUILDING,,2024-09-03,SCA,-6925988.0,DOE,113183328.0
366.0,1902-10-24,2023-01-01,2019-01-29T00:00:00.000,ADDITION / WORK IN SUPPORT OF ADDITION / FIRE ALARM SYSTEM,0.0,2024-09-03,SCA,5307201.0,DOE,89707695.0
666.0,1903-04-29,2022-09-01,2017-07-28T00:00:00.000,Reconstruction at 108 Street Pumping Station,0.0,2024-02-28,DEP,129214.0,BWT,57851604.68
663.0,1902-06-16,2020-01-01,,,,,DDC,-1850000.0,DCAS,
711.0,1901-09-25,2019-01-01,2014-09-30T00:00:00.000,"New 40th Precinct at 567 E 149 Street, Bronx, NY 10455.  Design and build of a 45,000 SF on an existing City-owned property.",-498812.07,2021-06-25,DDC,26020000.0,Police,76451187.93
2142.0,1901-03-27,2021-07-01,2017-11-06T00:00:00.000,"Replacement of internal mechanisms, concrete repairs, effluent weirs, scum troughs, grease pit collection system, electrical upgrades, HVAC upgrades, evaluation and improvement of cross collector drainage in 10 PST.",46994.0,2026-07-15,DEP,99651290.98,DEP,105193111.35
2152.0,1900-04-22,2022-04-01,2014-10-22T00:00:00.000,Replace deck of the Riverside Drive viaduct/ bridge over West 158th Street.,8229000.0,2023-07-15,DOT,96922794.0,DOT,153137026.0
1452.0,1901-07-15,2020-05-01,,,,,EDC,27046705.0,H+H,
1977.0,1901-05-23,2018-03-01,2016-07-27T00:00:00.000,Relocation of Brooklyn Civil and Housing Court to 210 Joralemon St,14247076.69,2022-01-30,DCAS,200931011.96,DCAS,247831621.0
0.0,1903-08-02,2023-01-01,2021-11-02T00:00:00.000,LEASE,0.0,2025-09-03,SCA,0.0,DOE,38246910.0
189.0,1903-04-13,2022-04-01,2017-08-01T00:00:00.000,GREEN INFRASTRUCTURE IN OH-015 GRAVESEND BAY CSO PH 3,2136000.0,2025-06-11,DDC,-372000.0,Environmental Protection,42742000.0
1217.0,1902-09-09,2019-09-01,2017-07-19T00:00:00.000,DELANCEY STREET SAFETY IMPROVEMENTS,,2024-06-22,DDC,20937000.0,Transportation,35594000.0
1712.0,1901-02-26,2017-09-01,2013-07-01T00:00:00.000,"This project will remove the 10 existing pump and blower engines and add electric motors for the main sewage pumps, a new cogeneration facility consisting of 5 new dual fuel engines,  electrical service upgrades and flood protection.",3271304.1,2021-03-06,DEP,134242052.88,DEP,228432457.1
1172.0,1902-09-11,2020-10-01,,,,,DDC,86623000.0,Transportation,
1036.0,1902-05-11,2019-09-01,2019-06-13T00:00:00.000,Reconstruction of bulkhead and piers at 79th St Boat Basin on behalf of NYCDPR .,-1131246.67,2023-08-30,EDC,-1131246.67,DPR,89219175.0
29.0,1903-04-12,2021-07-01,2017-10-30T00:00:00.000,GREEN INFRASTRUCTURE IN OH-015 GRAVESEND BAY CSO PH 2,,2024-11-10,DDC,13699000.0,Environmental Protection,41327000.0
-388.0,1900-06-18,2017-04-01,2012-12-03T00:00:00.000,"Roadway reconstruction Bergen Avenue and vicinity, includes sections of: Avenues N, T, U, V, W, X and Y; 66th Street and 69th through 75th Streets; Veterans Avenue and Royce Street.",29762000.0,2027-02-12,DDC,45837000.0,Transportation,88468000.0
1197.0,1901-06-23,2019-01-01,2018-04-01T00:00:00.000,Resiliency betterments for Battery Park and West Street underpasses.,960000.0,2022-03-30,DOT,47923308.0,DOT,19810000.0
836.0,1902-02-11,2021-12-01,2016-04-27T00:00:00.000,"East Side Coastal Resiliency - Montgomery Street to East 15th Street, Manhattan",0.63,2026-08-15,DDC,-418193636.37,Parks & Recreation,92660363.63
280.0,1902-10-28,2023-01-01,2018-10-29T00:00:00.000,This project will reconstruct Michaelis-Bayswater Park.,0.0,2025-12-28,DPR,4849393.61,DPR,57346000.0
1197.0,1901-06-23,2018-08-01,2018-04-01T00:00:00.000,Resiliency betterments for Battery Park and West Street underpasses.,0.0,2022-03-30,DOT,47923308.0,DOT,18850000.0
932.0,1903-02-01,2021-12-01,2018-10-10T00:00:00.000,"This bridge is a two span concrete encased structure, 153.3 feet wide, 75 feet long and carries a total of 9 lanes of traffic. The bridge itself is an integral part of the Woodhaven Blvd. subway station structure owned and operated by the MTA. The superstructure consists of concrete encased steel stringers framing into concrete encased steel columns which are also used to serve as the retaining wall holding up Queens Blvd. service road.",1200000.0,2027-04-07,DOT,2052000.0,DOT,65116241.0
2003.0,1900-04-10,2013-09-01,2003-03-10T00:00:00.000,Repair/replacement of bridge superstructure and substructure and new concrete-filled steel grid deck.,,2018-02-11,DOT,23798213.0,DOT,123384000.0
1645.0,1901-06-17,2021-12-01,2019-06-17T00:00:00.000,Replace the existing structure (swing-type bridge) with a new bridge; located between Gardner Avenue in Brooklyn and 47th Street in Queens.,1079746.0,2029-10-07,DOT,160682490.0,DOT,141216490.0
1026.0,1901-11-01,2022-09-01,2018-04-30T00:00:00.000,SMLP portion for Bowery Bay WWTP as part of the New York City Wastewater Resiliency Program.,537232.54,2023-09-11,DEP,-19623216.41,DEP,38312242.41
2236.0,1902-02-06,2021-03-01,,,,,DDC,7195000.0,Environmental Protection,
1215.0,1901-05-30,2016-06-01,2014-03-17T00:00:00.000,"Reconstruction of Storm and Sanitary sewers, Trunk and Distribution Water Main in Coney Island Area -Phase 3A, Borough of Brooklyn.",,2020-07-30,DDC,25273000.0,Environmental Protection,38153000.0
730.0,1902-01-24,2022-04-01,2018-10-01T00:00:00.000,"Reconstruction of Trinity Place from Morris Street to Cedar Street, Borough of Manhattan",374000.0,2026-11-08,DDC,13224000.0,Transportation,53255000.0
1064.0,1902-08-13,2021-12-01,2017-11-01T00:00:00.000,"Rehabilitation of garage that serves Bronx Community District 12 located at 1635 East 233rd Street, Bronx.",0.0,2026-07-31,DSNY,0.0,DSNY,57376185.0
1934.0,1901-05-20,2023-01-01,2017-11-08T00:00:00.000,"Replace/Rehab the Pelham Parkway bridge over Hutchinson River Parkway, Bronx.",350000.0,2029-08-15,DOT,10338071.57,DOT,67133092.0
1091.0,1901-11-02,2020-10-01,2018-04-16T00:00:00.000,SMLP portion for Hunts Point WRRF as part of the New York City Wastewater Resiliency Program.,0.0,2022-11-15,DEP,20080597.79,DEP,35957095.79
,1903-03-28,2022-09-01,2022-04-18T00:00:00.000,,500000.0,,DDC,500000.0,Parks & Recreation,98867000.0
639.0,1901-11-19,2023-01-01,2017-08-01T00:00:00.000,The design and construction of shoreline reconstruction projects necessary to provide Citywide protection from future flooding caused by elevated seal elvels.,0.0,2024-09-30,EDC,0.0,ORR,60422401.0
1934.0,1901-05-20,2020-10-01,2017-05-30T00:00:00.000,"Replace/Rehab the Pelham Parkway bridge over Hutchinson River Parkway, Bronx.",350000.0,2028-02-02,DOT,10338071.57,DOT,57348478.0
445.0,1902-09-05,2022-04-01,2017-09-18T00:00:00.000,Sunset Park Gowanus Connector - Brooklyn Waterfront Greenway.,986000.0,2022-11-27,DDC,-16441000.0,Transportation,29984000.0
1521.0,1902-02-08,2021-03-01,,,,,DDC,36221000.0,Sanitation,
1036.0,1902-05-11,2021-07-01,2019-06-13T00:00:00.000,Reconstruction of bulkhead and piers at 79th St Boat Basin on behalf of NYCDPR .,0.0,2023-12-10,EDC,-1131246.67,DPR,89219175.0
1517.0,1901-04-22,2019-01-01,2015-06-19T00:00:00.000,"Project to ensure the reliability of the 74 mile upper Catskill Aqueduct, including replacement of mechanical components, leak mitigation, and biofilm removal/condition assessment.",1242250.0,2021-07-17,DEP,9642889.68,DEP,203843907.0
730.0,1902-01-24,2020-10-01,,,,,DDC,13224000.0,Transportation,
639.0,1901-11-19,2022-04-01,2017-08-01T00:00:00.000,The design and construction of shoreline reconstruction projects necessary to provide Citywide protection from future flooding caused by elevated seal elvels.,-9.0,2023-12-31,EDC,0.0,ORR,60422401.0
969.0,1901-05-18,2021-03-01,,,,,DOT,36577693.0,DOT,
2236.0,1902-02-06,2020-01-01,,,,,DDC,7195000.0,Environmental Protection,
1211.0,1902-04-19,2020-05-01,,,,,DDC,55883745.0,Transportation,
1064.0,1902-08-13,2023-01-01,2017-11-01T00:00:00.000,"Rehabilitation of garage that serves Bronx Community District 12 located at 1635 East 233rd Street, Bronx.",0.0,2027-06-30,DSNY,0.0,DSNY,57376185.0
2857.0,1901-03-25,2020-01-01,2015-12-23T00:00:00.000,"Replacement of six bar screens, grit bin vibrator, six ring flushing pumps, six main sewage pumps and assoc. piping/valves and motor control center, replacement of four exhaust fans, gas and oxygen detectors and a 15 KVA transformer",-165599.6,2024-08-20,DEP,31867440.0,DEP,59118898.0
1720.0,1901-08-10,2022-04-01,2019-01-25T00:00:00.000,"Replace the East 156th Street bridge over Access to Housing, Bronx.",-500000.0,2029-02-19,DOT,-363846.0,DOT,65500331.0
1113.0,1901-02-08,2013-09-01,2004-03-18T00:00:00.000,"Gilboa Dam Reconstruction Project includes construction of a new low level outlet (LLO) consisting of 2,000 feet of tunneling , an access shaft, oulet structure and gate valve controls.",,2020-05-28,DEP,10376533.49,DEP,189021811.0
1355.0,1902-01-19,2022-04-01,2016-07-20T00:00:00.000,Demolish existing on-story facility. Construct a two-story new building for animal care center with a drive-through parking lot to meet the new program.  Phasing is required to meet 24/7 operation.,-484000.0,2025-09-11,DDC,21288000.0,Health,45362000.0
1377.0,1902-03-04,2023-01-01,2020-03-09T00:00:00.000,"NEW STORM SEWER CONSTRUCTION, REPLACEMENT OR UPGRADES TO SANITARY SEWERS AND WATER MAINS IN PROJECT AREAS. GREEN INFRASTRUCTURE PROJECTS TO BE DONE IN CONJUNCTION WITH THESE CAPITAL IMPROVEMENTS",0.0,2026-05-20,DDC,3200000.0,Environmental Protection,28200000.0
730.0,1902-01-24,2020-05-01,,,,,DDC,13224000.0,Transportation,
913.0,1902-08-28,2021-12-01,2017-06-20T00:00:00.000,"Rehabilitation of garage, broom garage and salt shed that serves Bronx Community Disrtict 6 located at 800 East 176th Street, Bronx.",0.0,2026-06-30,DSNY,0.0,DSNY,39941681.0
1854.0,1901-06-28,2017-04-01,2014-01-01T00:00:00.000,"Priority mitigation projects for the repair/restoration and hazard mitigation for Bellevue Hospital, damaged during Superstorm Sandy",8630935.0,2018-06-30,EDC,0.0,H+H,51038881.0
365.0,1902-08-27,2019-09-01,2018-09-10T00:00:00.000,Design and construction of a new school,,2022-09-03,SCA,2268625.0,DOE,52315610.0
1215.0,1901-05-30,2019-05-01,2014-03-17T00:00:00.000,"Reconstruction of Storm and Sanitary sewer, Trunk and distribution water main in Coney Island area - Phase 3A, Borough of Brooklyn",80000.0,2023-10-27,DDC,25273000.0,Environmental Protection,61696000.0
2236.0,1902-02-06,2018-03-01,2018-04-02T00:00:00.000,Water Main replacement in 222th Street,,2022-01-18,DDC,7195000.0,Environmental Protection,34476000.0
123.0,1903-04-04,2022-09-01,2017-05-11T00:00:00.000,"Rehabilitation includes replacement of the roof and select areas of roof drains and domes, structural work; stiffening of structural steel frame supports for new HVAC equipment, solar panels, and select parapet replacements, including fire alarm system work, and select replacement of building systems. Offices, locker rooms, and bathrooms will be phased and temporarily partitioned to allow for overhead HVAC work.",262000.0,2024-10-31,DDC,-709000.0,Sanitation,33449000.0
2152.0,1900-04-22,2018-03-01,2014-10-22T00:00:00.000,Replace deck of the Riverside Drive viaduct/ bridge over West 158th Street.,-3476938.0,2021-12-16,DOT,96922794.0,DOT,159357469.0
0.0,1902-12-14,2021-03-01,,Mobile Radios Procurement - Vehicular and Fixed Location Installations,,,FDNY,-8074214.27,,29091961.57
829.0,1902-10-07,2019-09-01,2018-06-07T00:00:00.000,,,2024-08-14,DDC,61291000.0,Transportation,39360000.0
2152.0,1900-04-22,2018-08-01,2014-10-22T00:00:00.000,Replace deck of the Riverside Drive viaduct/ bridge over West 158th Street.,92057094.0,2022-01-17,DOT,96922794.0,DOT,251414563.0
-74.0,1901-09-08,2022-09-01,2015-06-01T00:00:00.000,West 14th Rd. from Cross Bay Blvd. to Dead end (water side) West 15th Rd. from Cross Bay Blvd. to Dead end (water side) West 16th Rd. from Cross Bay Blvd. to Dead end (water side) West 17th Rd. from Cross Bay Blvd. to Dead end (water side),0.0,2024-06-14,DDC,61781000.0,Transportation,92714000.0
256.0,1901-02-12,2018-08-01,2012-03-23T00:00:00.000,"To address existing leaks in the Delaware Aqueduct, a 3-mile bypass tunnel will be constructed near the town of Roseton and the existing tunnel will be repaired near the town of Wawarsing.",1872532.89,2023-09-26,DEP,202552329.25,DEP,891537907.44
2152.0,1900-04-22,2015-08-01,2014-10-22T00:00:00.000,Deck replacement of the Riverside Drive Viaduct / Bridge over W. 158th Street.,2550000.18,2021-12-17,DOT,96922794.0,DOT,64057424.18
226.0,1900-07-09,2016-11-01,2008-06-10T00:00:00.000,"Reconstruction of Wyckoff Avenue from Flushing Avenue to Cooper Avenue, in the Boroughs of Brooklyn and Queens.",-36426000.0,2029-08-30,DDC,43926000.0,Trans. & Env. Protection,9527000.0
556.0,1902-10-13,2020-01-01,2010-02-24T00:00:00.000,This project will demolish and construct a new environmental center in Alley Pond Park.,,2021-09-14,DPR,1641000.0,DPR,30346000.0
897.0,1902-01-16,2020-10-01,,,,,DDC,75117000.0,Environmental Protection,
1687.0,1901-03-29,2022-09-01,2014-03-17T00:00:00.000,"Replacement of Trunk Water Main in Bainbridge Avenue Between Gunhill Road and Holly Lane and in Jerome Avenue Between Holly Lane and E233th Street, etc.  Also, New 36"" WM in West Burnside Avenue & Phelan Place",2239000.0,2023-06-30,DDC,25547000.0,Environmental Protection,71949000.0
664.0,1902-03-21,2023-01-01,2017-02-06T00:00:00.000,"Rehabilitation of East 180th Street Bridge over Metro North Railroad, the Bronx",273656.0,2023-09-29,DOT,4194366.0,DOT,34233311.0
1977.0,1901-05-23,2021-07-01,2016-07-27T00:00:00.000,Relocation of Brooklyn Civil and Housing Court to 210 Joralemon St,0.0,2025-01-31,DCAS,200931011.96,DCAS,251443000.0
913.0,1902-09-17,2019-09-01,2015-02-16T00:00:00.000,Trunk Water Main replacement in East New York Avenue between Howard Avenue and Pacific Street; Jamaica Avenue between Herkimer Street and Vermont Street; and Atlantic Avenue between Van Sinderen Avenue and Pennsylvania Avenue.,,2022-03-11,DDC,29337000.0,Environmental Protection,73613000.0
2266.0,1901-01-04,2019-05-01,2014-11-24T00:00:00.000,"72"""" Trunk Water Main and Combined Sewer Replacement in Flatbush Ave. between Sterling Pl. and 8th Ave., etc., Borough of Brooklyn.    WM-6 in:",250000.0,2021-07-12,DDC,39272000.0,Environmental Protection,49736000.0
639.0,1901-11-19,2021-12-01,2017-08-01T00:00:00.000,The design and construction of shoreline reconstruction projects necessary to provide Citywide protection from future flooding caused by elevated seal elvels.,-28730516.86,2023-06-30,EDC,0.0,ORR,60422410.0
586.0,1902-06-24,2023-01-01,2019-07-07T00:00:00.000,Headworks Improvements,-2230623.04,2026-08-14,DEP,19975649.96,WWC,49800127.96
2445.0,1901-03-19,2019-01-01,2014-06-17T00:00:00.000,Reconstruction of the Port Jervis WWTP as required based on the effluent limits proposed by the Delaware River Basin Commission (DRBC),-275707.45,2022-07-04,DEP,9428438.55,DEP,56490022.0
-388.0,1900-06-18,2020-10-01,,,,,DDC,45837000.0,Transportation,
3132.0,1901-07-07,2020-05-01,2017-08-01T00:00:00.000,"A new 2+ mile, 27-ft internal diameter tunnel between Kensico and the Cat-Del UV Facility.  The tunnel will include a new screen chamber and rehab of existing intake, and will provide critical redundancy to the Delaware Aqueduct in this area.",-74843354.0,2031-05-17,DEP,881770648.0,DEP,1909623969.0
897.0,1902-01-16,2019-05-01,2012-05-23T00:00:00.000,"The new Mosholu Golf Course Club House, together with fifty-five Driving Range Tee Boxes and ten-acres of re-landscaping comprise the phase IV and final of the vast DEP Croton Water Treatment Plant project, currently under construction in Van Cortlandt Park in the Bronx. Through a multifunctional design strategy the project reinstates the pre-existing golf program and facility, creates civic space for community use and ensures security for a multi-billion dollar public works facility.",-6246000.0,2021-03-18,DDC,75117000.0,Environmental Protection,103956000.0
,1902-05-12,2019-05-01,,"This project has a two-fold basis: 1) The ongoing Network Refresh which is needed to replace aging, end-of-life, end-of-support equipment across the NYC H+H. 2) Networking capacity needed to support the Electronic Medical Records system.",160090000.0,,HHC,180514000.0,H+H,160090000.0
1839.0,1901-09-14,2017-09-01,2009-09-03T00:00:00.000,"Reconstruction of E 177th Street /Devoe Ave etc., Bronx",,2021-08-14,DDC,25050000.0,Transportation,25482000.0
1400.0,1901-06-02,2019-01-01,2016-08-04T00:00:00.000,"Safety Improvements on Atlantic Ave from Conduit Avenue to Rockaway Blvd, Phase 2, Brooklyn",4796000.0,2022-06-17,DDC,10136496.0,Transportation,44269000.0
684.0,1901-10-13,2021-07-01,2016-07-15T00:00:00.000,"Installation of  Storm sewers, Sanitary sewers, & Water mains in Whitestone Area-Phase 3",16134000.0,2024-08-21,DDC,15468000.0,Environmental Protection,76897000.0
0.0,1903-01-05,2022-04-01,2019-09-25T00:00:00.000,ADDITION / EXISTING SCHOOL RENOVATION WORK (PHASE I) / DEMOLITION (PHASE II),0.0,2024-09-03,SCA,0.0,DOE,86862349.0
2697.0,1901-12-08,2022-04-01,2019-02-07T00:00:00.000,"Repair the Harlem River Drive Ramp to George Washington Bridge over Harlem River Drive Southbound (Trans-Manhattan Expressway), Manhattan",-290000.0,2034-08-03,DOT,-3711870.0,DOT,429792546.0
925.0,1901-09-22,2022-09-01,2017-08-14T00:00:00.000,"CONSTRUCTION OF BMP’s NC 6 AND 15, STORM AND SANITARY SEWERS INSTALLATION, SI",1171000.0,2024-06-09,DDC,1921000.0,Environmental Protection,33450000.0
1467.0,1902-05-04,2021-03-01,,,,,DDC,6536000.0,Transportation,
921.0,1901-12-21,2022-09-01,2018-11-01T00:00:00.000,SMLP portion for Red Hook WWTP as part of the New York City Wastewater Resiliency Program.,3954554.49,2023-07-31,DEP,13549422.97,DEP,43033453.47
1290.0,1901-07-27,2021-07-01,2016-06-08T00:00:00.000,"This project is construction of infrastructure and streetscape improvements in Sunset Park from 37th to 43rd Streets, between the Gowanus Expressway and the waterfront - to activate the waterfront and promote future development.",0.0,2024-02-29,EDC,31633941.69,Mayor's Office,43000000.0
-8.0,1900-07-24,2017-04-01,2008-06-19T00:00:00.000,"Roadway reconstruction and installation of new storm sewers and the replacement of sanitary sewers and water mains in the Midland Beach section, Staten Island.",-1841000.0,2019-10-27,DDC,62973000.0,Trans. & Env. Protection,62074000.0
15.0,1903-04-24,2021-07-01,2021-07-12T00:00:00.000,"HWQ100SBB, Woodhaven Blvd � SBS � Phase B, calls for capital improvements along Woodhaven Blvd between Union Turnpike and 107th Avenue in the borough of Queens. These improvements include but are not limited to median widening, building out neck downs, normalizing intersections and other features to increase safety and support the Woodhaven SBS.",,2028-10-14,DDC,-20000.0,Transportation,50738000.0
1197.0,1901-06-23,2021-07-01,2018-04-01T00:00:00.000,Resiliency betterments for Battery Park and West Street underpasses.,46593141.0,2024-04-29,DOT,47923308.0,DOT,66713670.0
2086.0,1900-04-06,2017-04-01,2012-07-23T00:00:00.000,"Replace the existing bridge with a new, wider double-leaf bascule bridge in the Bronx.",-11722487.79,2021-07-22,DOT,142277136.0,"DEP, DOT",324042014.7
-98.0,1903-03-03,2023-01-01,2020-03-02T00:00:00.000,12TH AVENUE ACCESSIBILITY IMPROVEMENTS,0.0,2026-09-30,DDC,51571000.0,Transportation,109491000.0
1736.0,1902-05-10,2019-01-01,2018-09-01T00:00:00.000,Regrading and reconstruction of 33rd Street Viaduct between 11th and 12th Avenue..,0.0,2022-02-28,EDC,0.0,DOT,100000000.0
434.0,1903-02-26,2021-07-01,2019-01-18T00:00:00.000,,,2024-03-30,DDC,13113000.0,Fire,31176000.0
1977.0,1901-05-23,2020-05-01,2016-07-27T00:00:00.000,Relocation of Brooklyn Civil and Housing Court to 210 Joralemon St,0.0,2024-02-02,DCAS,200931011.96,DCAS,251443000.0
1029.0,1901-12-03,2022-04-01,2019-01-30T00:00:00.000,"Replace/Rehab the Pelham Bay Equestrian Park bridge over Amtrak, the Bronx",-500000.0,2026-07-18,DOT,137997.0,DPR,40966997.0
1535.0,1901-08-08,2021-12-01,2016-04-29T00:00:00.000,"Install, remove, and furnish equipment for electrical work associated with traffic signals, lighting, and distribution systems in Central Park, Manhattan.",750000.0,2022-06-20,DOT,-3323649.6,DOT,40815476.0
1026.0,1901-11-01,2021-12-01,2018-04-30T00:00:00.000,SMLP portion for Bowery Bay WWTP as part of the New York City Wastewater Resiliency Program.,2289246.82,2022-09-01,DEP,-19623216.41,DEP,37890196.95
0.0,1903-02-24,2022-04-01,2021-04-15T00:00:00.000,,82000.0,2028-09-01,DDC,642000.0,Transportation,42592000.0
914.0,1902-10-01,2020-01-01,,,,,DDC,-6429000.0,DCAS,
1558.0,1902-10-31,2021-03-01,,The goal of this program is to replace the current end of life analog system with an Emergency Response System that meets the latest Public Safety standards and regulations in compliance with NENA standards.,34459653.38,2024-02-21,DOITT,30123504.48,NYPD & FDNY,308767387.16
,1903-05-10,2022-09-01,,"Build-out of Varick. Pending DCAS to execute the lease, which is expected this summer. Once executed DCAS will take over management of the capital project and work with the landlord to perform the work.",0.0,,DOT,0.0,DOT,31462000.0
365.0,1902-08-27,2021-03-01,2018-09-10T00:00:00.000,ADDITION,0.0,2023-09-03,SCA,2268625.0,DOE,54584235.0
972.0,1902-04-24,2019-09-01,2019-07-01T00:00:00.000,"Roadway reconstruction including new sewers, water main, street lighting and traffic signals: Columbia Street south of Hamilton Avenue.",0.0,2024-07-14,DDC,6730000.0,Transportation,113874000.0
,1903-08-22,2023-01-01,2023-08-29T00:00:00.000,CO293EV - 851 Grand Concourse - Elevators,,2026-11-20,DCAS,,DCAS/CTS,53400000.0
549.0,1900-04-03,2018-03-01,2014-09-15T00:00:00.000,Replace one Barberi class boat and the John F. Kennedy boat which are approaching the end of their useful lives with new Staten Island ferries. Replacement is needed to continue reliable service.,-4295425.0,2021-02-28,DOT,-238419180.0,DOT,344078847.0
1521.0,1902-02-08,2022-09-01,2017-03-06T00:00:00.000,"The Department of Sanitation of the City of New York (DSNY) is planning to rehabilitate Queens Districts 11 and 13 garage. The renovation serving both districts is to extend the useful life of the facility through rehabilitation of the building structure and systems. The renovation includes: Extensive structural work that includes the replacement of reinforced concrete slabs and stiffening of the existing steel frame, select replacement of building MEP systems, including BMS systems, architectural renovation of the entire building, study and implementation of deep energy conservation measures (DECMs), and site work which includes new landscape work and replacement of sidewalks and driveways. Rehabilitation is required to meet LEED Silver requirements.",230000.0,2026-06-12,DDC,36221000.0,Sanitation,73391000.0
604.0,1902-03-11,2020-01-01,2000-07-10T00:00:00.000,Rehabilitate the W. 79th St Bridge over Amtrak and Rotunda Complex,-2658000.0,2024-09-16,DOT,-51088528.0,"DOT, DPR",200247808.0
0.0,1903-04-02,2023-01-01,2022-03-18T00:00:00.000,,0.0,2025-08-11,DDC,136000.0,Parks & Recreation,36404000.0
226.0,1900-07-09,2018-08-01,2008-06-10T00:00:00.000,"Reconstruction of Wyckoff Avenue from Flushing Avenue to Cooper Avenue, in the Boroughs of Brooklyn and Queens.",-11702000.0,2030-06-30,DDC,43926000.0,Trans. & Env. Protection,35397000.0
-388.0,1900-06-18,2021-12-01,2012-12-03T00:00:00.000,"Reconstruction of Bergen Avenue Area, including Storm Sewers, Water Mains, Street Lighting, Traffic Signal  Work, and reconstruction of new outfall at East Mill Basin.",-435000.0,2023-06-24,DDC,45837000.0,Transportation,81502000.0
1355.0,1901-08-02,2020-01-01,2017-10-22T00:00:00.000,Construction of New Anaerobic Digesters,-22308397.0,2025-02-16,DEP,72852004.14,DEP,422347923.0
586.0,1902-06-24,2021-12-01,2019-07-07T00:00:00.000,Headworks Improvements,4575000.0,2026-11-05,DEP,19975649.96,WWC,52030751.0
0.0,1902-12-14,2021-12-01,,Mobile Radios Procurement - Vehicular and Fixed Location Installations,-29091961.57,,FDNY,-8074214.27,,0.0
1970.0,1901-08-16,2017-04-01,2015-04-09T00:00:00.000,"This project includes the replacement of the upper roadway's deck on the main bridge along with steel repairs, fire standpipes, and lighting upgrades.",,2019-05-08,DOT,8567339.67,DOT,361933233.33
205.0,1902-08-04,2021-12-01,2021-11-16T00:00:00.000,Rehabilitation of the Final Settling Tanks at Port Richomnd Wastewater Resources Recovery Facility.,0.0,2028-05-22,DEP,30972687.0,DEP,144900000.0
790.0,1901-07-13,2022-04-01,2005-07-25T00:00:00.000,Construction of new Sanitation garage facility for services to Brooklyn Community District 3 to be located at Warsoff Place in Brooklyn,-0.07,2024-12-31,DSNY,25603365.0,DSNY,204363993.0
730.0,1902-05-25,2020-01-01,2018-01-26T00:00:00.000,NEW SCHOOL,11887318.0,2021-09-03,SCA,6379885.0,DOE,66249461.0
586.0,1902-06-24,2020-05-01,2019-07-07T00:00:00.000,Headworks Improvements,-5231506.0,2024-12-13,DEP,19975649.96,WWC,41972972.0
856.0,1902-06-14,2023-01-01,2018-09-25T00:00:00.000,"The Project will combine two adjacent lots on 125th Street: the sculpture court, City-owned lot 11, and the Museum building on lot 9, owned by the Museum. Existing structures on both lots will be demolished for the new, six story 82,000sf City owned building.",0.0,2024-06-30,DDC,-190000.0,Cultural Affairs,59141000.0
711.0,1901-09-25,2021-03-01,,,,,DDC,26020000.0,Police,
0.0,1903-01-07,2023-01-01,2019-09-23T00:00:00.000,ADDITION / EXISTING SCHOOL RENOVATION WORK,0.0,2024-09-03,SCA,0.0,DOE,70834393.0
1.0,1902-06-27,2021-07-01,2019-01-01T00:00:00.000,"The construction of an approximately 230,000 sq ft municipal Public Health Lab building for DOHMH.",0.0,2022-12-02,EDC,19334959.71,DOHMH,633132280.0
549.0,1900-04-03,2022-09-01,2014-09-15T00:00:00.000,Replace one Barberi class boat and the John F. Kennedy boat which are approaching the end of their useful lives with new Staten Island ferries. Replacement is needed to continue reliable service.,-250447323.0,2022-12-31,DOT,-238419180.0,DOT,22170190.0
729.0,1902-10-09,2022-09-01,2019-09-16T00:00:00.000,"THE FIFTH PHASE OF THE RECONSTRUCTION OF THE GRAND CONCOURSE WILL CONTINUE THE DESIGN AND SAFETY IMPROVEMENTS IMPLEMENTED IN THE PREVIOUS PHASES OF THIS VISION ZERO GREAT STREETS PROJECTS. . AS IN THE PREVIOUS PHASES, PHASE 5 WILL INCLUDE THE RECONSTRUCTION OF THE CONCOURSES SERVICE ROADS AND RESURFACING OF THE MAINLINE ROADWAY WHERE NECESSARY.",100000.0,2028-04-14,DDC,26673000.0,Transportation,102896000.0
1238.0,1902-02-22,2019-05-01,2017-01-04T00:00:00.000,Installation of storm sewers at 224th St and 149th Ave and along the access road through Idlewild Parks known as Springfield Lane (Spine Farmers Blvd),-52496000.0,2023-11-29,DDC,155854000.0,Environmental Protection,102946000.0
1517.0,1901-04-22,2020-01-01,2015-06-19T00:00:00.000,"Project to ensure the reliability of the 74 mile upper Catskill Aqueduct, including replacement of mechanical components, leak mitigation, and biofilm removal/condition assessment.",-4932625.2,2021-07-17,DEP,9642889.68,DEP,213721957.0
1906.0,1901-09-09,2019-09-01,2016-08-11T00:00:00.000,Vision Zero - Queens Boulevard - Segment 1: Roosevelt Avenue to 73rd Street. Variety of safety and streetscape improvements including partial street reconstruction and resurfacing to address roadway conditions,0.0,2026-05-01,DDC,176245000.0,Transportation,76802000.0
914.0,1902-10-01,2022-04-01,2018-04-25T00:00:00.000,FUEL TANK REPLACEMENT,150000.0,2024-10-04,DDC,-6429000.0,DCAS,25520000.0
3253.0,1900-07-11,2022-04-01,2012-06-07T00:00:00.000,Reconstruction DUMBO/Vinegar Hill Area including Trunk and Distribution water main replacement; Installation of HLSS and Combined Sewer replacement; Restoration of Belgian block in Water Street; Street lighting and Traffic Signal work.,930000.0,2024-06-04,DDC,96724000.0,Transportation,130410000.0
365.0,1902-08-06,2021-07-01,2017-11-17T00:00:00.000,NEW SCHOOL (PHASE II),0.0,2023-09-03,SCA,-221356.0,DOE,66058403.0
1630.0,1902-04-26,2020-10-01,,,,,DDC,14480000.0,Transportation,
604.0,1902-03-11,2021-12-01,2000-07-10T00:00:00.000,Rehabilitate the W. 79th St Bridge over Amtrak and Rotunda Complex,27624862.0,2025-05-16,DOT,-51088528.0,"DOT, DPR",368889326.0
829.0,1902-10-07,2020-01-01,,,,,DDC,61291000.0,Transportation,
913.0,1902-08-28,2020-01-01,2017-06-20T00:00:00.000,"Rehabilitation of garage, broom garage and salt shed that serves Bronx Community Disrtict 6 located at 800 East 176th Street, Bronx.",0.0,2025-06-30,DSNY,0.0,DSNY,39941681.0
1309.0,1902-10-12,2021-12-01,2016-11-30T00:00:00.000,"This project will construct synthetic turf athletic fields, roadways, a parking lot with associated landscaping and stormwater management, multi-use and pedestrian paths, benches, signage, fencing, and lighting, and restore woodlands and wetlands.",0.0,2025-05-17,DPR,1436858.72,DPR,39111000.0
121.0,1902-08-02,2021-07-01,2021-05-17T00:00:00.000,Rehabilitation of the Primary Settling Tanks at North River Wastewater Resources Recovery Facility.,0.0,2027-11-25,DEP,35891899.0,DEP,165300000.0
2032.0,1901-02-06,2017-04-01,,"The EPIC - EMR Program: Electronic Medical Records (EMR) System - a single enterprise-wide EMR to meet the needs of HHC's expansive size and improve patient care will replace the legacy EMR - QuadraMed, which is over 25 years old.",0.0,2018-12-07,HHC,15184947.0,H+H,764063231.0
1155.0,1902-02-26,2022-09-01,2016-08-31T00:00:00.000,"COMBINED SEWER IN 70TH STREET, QUEENS",7385000.0,2023-08-10,DDC,94201000.0,Environmental Protection,132158000.0
611.0,1902-11-08,2021-07-01,2017-04-01T00:00:00.000,,580040.0,2028-02-28,DOT,-1399960.0,EDC,100580144.0
1553.0,1902-04-29,2018-08-01,2018-01-22T00:00:00.000,"Installation of new building wide fire alarm, sprinkler distribution and BMS system throughout building.",,2022-09-30,DDC,17827000.0,DCAS,39342000.0
1126.0,1902-09-30,2020-05-01,,,,,DDC,-4087000.0,Transportation,
1919.0,1901-07-26,2020-05-01,2017-08-01T00:00:00.000,"Construction of new Sanitation garage facility to serve Bronx community districts 9, 10, and 11 to be located at Zerega Avenue in the Bronx",0.0,2028-01-01,DSNY,268983862.56,DSNY,309572342.66
0.0,1903-01-04,2021-07-01,2020-08-12T00:00:00.000,NEW SCHOOL,,2024-09-03,SCA,1339880.0,DOE,92786690.0
819.0,1902-04-22,2019-05-01,2018-07-17T00:00:00.000,The construction of Southern Brooklyn Crosstown Select Bus Service (SBS),100000.0,2024-11-13,DDC,29789000.0,Transportation,82909000.0
1645.0,1901-06-17,2023-01-01,2019-06-17T00:00:00.000,Replace the existing structure (swing-type bridge) with a new bridge; located between Gardner Avenue in Brooklyn and 47th Street in Queens.,17096000.0,2031-06-03,DOT,160682490.0,DOT,299438490.0
1568.0,1901-06-19,2017-04-01,2006-08-01T00:00:00.000,"Repair Park Avenue tunnel, located in Midtown, Manhattan.",-23035197.13,2019-01-15,DOT,-17773389.61,DOT,40372464.48
2142.0,1901-03-27,2017-09-01,2017-06-30T00:00:00.000,"Replacement of internal mechanisms, concrete repairs, effluent weirs, scum troughs, grease pit collection system, electrical upgrades, HVAC upgrades, evaluation and improvement of cross collector drainage in 10 PST.",22000000.0,2020-07-22,DEP,99651290.98,DEP,68456631.0
-74.0,1901-09-08,2023-01-01,2015-06-01T00:00:00.000,West 14th Rd. from Cross Bay Blvd. to Dead end (water side) West 15th Rd. from Cross Bay Blvd. to Dead end (water side) West 16th Rd. from Cross Bay Blvd. to Dead end (water side) West 17th Rd. from Cross Bay Blvd. to Dead end (water side),0.0,2024-06-14,DDC,61781000.0,Transportation,92714000.0
2142.0,1901-03-27,2023-01-01,2017-11-06T00:00:00.000,"Replacement of collector drives, scum trough dipping weirs and dump valves for ten primary settling tanks. Also included are Influent channel mixing and seal water system for the primary sludge pumps and concrete repairs.",2277592.62,2027-04-09,DEP,99651290.98,DEP,146107921.98
1977.0,1901-05-23,2016-11-01,2016-07-27T00:00:00.000,Relocation of Brooklyn Civil and Housing Court to 210 Joralemon St,0.0,2021-03-25,DCAS,200931011.96,DCAS,80499000.0
1431.0,1901-12-01,2021-12-01,2018-08-16T00:00:00.000,"Repair the East 174th Street bridge over Sheridan Expressway/ AMTRAK, the Bronx",0.0,2030-04-04,DOT,5146882.0,DOT,141454882.0
2252.0,1900-09-23,2015-08-01,,Upgrade and enhancement of emergency technology infrastructure to improve interoperability and coordination among public safety agencies and improve call processing time to decrease overall response times.,-113686995.0,2017-11-30,DOITT,73735148.87,"FDNY, NYPD",2157312712.0
1238.0,1902-02-22,2022-04-01,2016-01-04T00:00:00.000,Installation of storm sewers at 224th St and 149th Ave and along the access road through Idlewild Parks known as Springfield Lane (Spine Farmers Blvd),48534000.0,2026-05-17,DDC,155854000.0,Environmental Protection,157088000.0
226.0,1900-07-09,2021-12-01,2017-03-29T00:00:00.000,"Reconstruction of Wyckoff Avenue from Flushing Avenue to Cooper Avenue, in the Boroughs of Brooklyn and Queens..",0.0,2028-03-30,DDC,43926000.0,Trans. & Env. Protection,73992000.0
969.0,1901-05-18,2020-10-01,2017-11-30T00:00:00.000,"Replace the 5th Avenue Bridge over LIRR & Sea Beach, Brooklyn.",2922557.0,2027-01-16,DOT,36577693.0,DOT,80817380.0
913.0,1902-08-19,2022-09-01,2015-09-30T00:00:00.000,Mixed-use residential community on Staten Island's North Shore.,-923.0,2027-05-03,EDC,100733778.0,EDC,199141423.0
1865.0,1901-08-09,2018-08-01,2017-09-19T00:00:00.000,"Replace the Concourse Village Avenue bridge over Metro North, Bronx",0.0,2024-08-20,DOT,-186092.37,DOT,50068796.0
727.0,1902-01-31,2018-03-01,2017-09-14T00:00:00.000,"New 116Th Precinct at 244-04 North Conduit Avenue, Queens, NY 11442.  Design and build of a 45,500 SF building on existing City owned property.",,2022-04-05,DDC,33852900.86,Police,76911099.14
549.0,1900-04-03,2022-04-01,2014-09-15T00:00:00.000,Replace one Barberi class boat and the John F. Kennedy boat which are approaching the end of their useful lives with new Staten Island ferries. Replacement is needed to continue reliable service.,248934401.0,2022-09-04,DOT,-238419180.0,DOT,272617513.0
2869.0,1900-06-28,2020-05-01,,,,,DDC,125164000.0,Transportation,
0.0,1903-01-06,2023-01-01,2020-03-13T00:00:00.000,NEW SCHOOL / PLAYGROUND REDEVELOPMENT,0.0,2024-09-03,SCA,-505800.0,DOE,80509310.0
256.0,1901-02-12,2019-01-01,2012-03-23T00:00:00.000,"To address existing leaks in the Delaware Aqueduct, a 3-mile bypass tunnel will be constructed near the town of Roseton and the existing tunnel will be repaired near the town of Wawarsing.",-8437604.45,2025-12-06,DEP,202552329.25,DEP,883100302.98
888.0,1902-05-09,2019-09-01,2019-06-15T00:00:00.000,"The Manhattan Greenway Harlem River project, between West 125th Street and Swindler Cove, involves the creation of a park, greenway, and the reconstruction of the bulkhead.",0.0,2024-04-15,EDC,0.0,DPR,227658000.0
727.0,1902-01-31,2022-04-01,2017-09-14T00:00:00.000,Construction of a new precinct station house facility and associated site work for the new 116th Precinct.,0.0,2023-12-30,DDC,33852900.86,Police,110640000.0
2315.0,1901-09-10,2020-05-01,,,,,DDC,14201000.0,Transportation,
2857.0,1901-03-25,2019-09-01,2015-12-23T00:00:00.000,"Replacement of six bar screens, grit bin vibrator, six ring flushing pumps, six main sewage pumps and assoc. piping/valves and motor control center, replacement of four exhaust fans, gas and oxygen detectors and a 15 KVA transformer",-74016.39,2025-02-15,DEP,31867440.0,DEP,59284497.6
0.0,1903-01-11,2023-01-01,2019-12-16T00:00:00.000,NEW SCHOOL,0.0,2024-09-03,SCA,0.0,DOE,79171750.0
1908.0,1901-08-06,2018-08-01,2016-04-13T00:00:00.000,"Repair approach arches, towers, and ramp substructures of Brooklyn Bridge.",-9075942.0,2020-08-30,DOT,33135732.1,DOT,325240000.0
1619.0,1902-03-02,2021-03-01,,,,,DDC,31711000.0,Environmental Protection,
813.0,1902-04-28,2020-10-01,,,,,DDC,8657000.0,Environmental Protection,
1696.0,1901-09-30,2023-01-01,2013-01-23T00:00:00.000,"Renovate 4 floors of the building to create new office space for the Landmarks Preservation Commission, including new hearing room.",2431000.0,2023-05-31,DDC,35010000.0,DCAS,66539000.0
772.0,1902-10-14,2022-04-01,2015-09-21T00:00:00.000,This project will reconstruct portions of the New York State Pavilion Observation Towers in Flushing Meadows Corona Park.,0.0,2022-07-01,DPR,1000.0,DPR,28779000.0
-64.0,1903-03-25,2022-04-01,2020-10-27T00:00:00.000,"Project REG-HP06 is for the reconstruction of Regulator HP06 . The work shall include, but is not limited to, the following items:  1. Reconstruction of the existing Diversion Chamber (see attachment labeled 'REG-HP06 As-builts'). 2. Reconstruction of the existing Regulator Chamber (see attachment labeled 'REG-HP06 As-builts'). 3. Rehabilitation of the existing Interceptor (scope previously included in PS-312MX) 4. Replacement of existing instrumentation and monitoring systems, as needed (i.e., sensors, probes, conduits, cables, etc.). 5. Restoration of construction areas as needed (i.e., roadways, sidewalks, etc.) 6. Implementation of an approved plan to maintain regulator and interceptor operations during construction. 7. Shop drawings, as-built drawings, and equipment information.",-427000.0,2025-06-12,DDC,8706000.0,Environmental Protection,63827000.0
646.0,1902-09-25,2022-09-01,2020-03-02T00:00:00.000,"Southeast Queens 150th Street Spine, Phase II - Installation of a new double barrel trunk storm sewer that will run through JFK airport; approximately 1,000 feet east of Bergen Basin, to the north side of the Belt Parkway at Inwood Street and 150th Street",2552000.0,2027-06-21,DDC,-158027000.0,Environmental Protection,49859000.0
1949.0,1900-12-12,2019-05-01,2012-01-17T00:00:00.000,"Project 2 Scope: Refurbishment of the existing pier building including: repair of existing pier structure including pile caps and fendering; construction of new emergency generator, electrical, mechanical, fire pump and fire valve rooms; new exit passageway construction and existing exit passageway refurbishment; re-arrangement and refurbishment of the Operations Building interiors; replacement of fire suppression system throughout the entire pier structure; mechanical, electrical and plumbing system upgrades; refurbishment and painting the existing pier interior steel framing and wall/roof surfaces; recoating the  structure's exterior cladding systems including metal wall and roof  panel system and translucent panel wall cladding system.",10567000.0,2020-08-27,DDC,126753576.46,Sanitation,103201000.0
0.0,1903-01-06,2021-07-01,2020-03-13T00:00:00.000,NEW SCHOOL,,2024-09-03,SCA,-505800.0,DOE,81015110.0
730.0,1902-01-24,2022-09-01,2018-10-01T00:00:00.000,"Reconstruction of Trinity Place from Morris Street to Cedar Street, Borough of Manhattan",1179000.0,2026-06-29,DDC,13224000.0,Transportation,54434000.0
428.0,1902-11-13,2023-01-01,2019-07-08T00:00:00.000,"Total Design and Construction Support Services to Bring Following Three Locations in Compliance with NYC Fire Codes: Overbuild Bridge (Amtrak Tunnel) Situated over Amtrak Rail Tracks within Riverside Park between West 72nd St to West 123rd St (BIN: Various), 1st Ave Tunnel (BIN: 2-24657-0) and Park Ave Tunnel (BIN: 2-24654-0)",-765000.0,2030-05-05,DOT,328000.0,,62927040.0
1684.0,1901-06-05,2017-09-01,2015-11-13T00:00:00.000,Power Distribution at Bowery Bay WWTP.,5550666.26,2021-06-21,DEP,24235381.01,DEP,47108394.46
1592.0,1900-04-21,2021-03-01,,,,,DOT,20945057.0,DOT,
0.0,1903-01-14,2021-07-01,2020-03-09T00:00:00.000,ADDITION,,2024-09-03,SCA,0.0,DOE,75767435.0
0.0,1903-01-09,2021-07-01,2019-08-05T00:00:00.000,ADDITION / DEMOLITION,,2024-09-03,SCA,0.0,DOE,70755417.0
626.0,1902-10-04,2022-04-01,2019-07-01T00:00:00.000,"The South Bronx Crosstown SBS capital project (BRT) will add bus pads and construct bus bulbs, curb and median extensions, and pedestrian islands for enhanced pedestrian safety and access improvements.",100000.0,2026-11-03,DDC,3130000.0,Transportation,53718000.0
1684.0,1901-02-09,2020-10-01,2008-12-01T00:00:00.000,"This project will rehabilitate the mechanics and the architecture of the Shandaken Tunnel Intake Chamber, which includes the replacement of gates and general site improvements.",912144.7,2021-11-24,DEP,33535991.2,DEP,72000604.6
0.0,1903-07-31,2022-09-01,2021-03-17T00:00:00.000,ADDITION / EXISTING BUILDING WORK-FIRE ALARM,,2025-09-03,SCA,0.0,DOE,81642786.0
153.0,1902-10-18,2020-10-01,2020-02-01T00:00:00.000,"Development, design, and construction of NYC Ferry Homeport II within Atlantic Basin.",0.0,2023-02-28,EDC,51220834.0,EDC,65000000.0
1319.0,1902-04-16,2019-09-01,2018-07-11T00:00:00.000,"Bronx Supreme Court, Fire Alarm, Sprinkler, 851 Grand Concourse - Replace the existing fire alarm system and install a new sprinkler system.",0.0,2024-01-09,DDC,37248610.0,DCAS,55200000.0
925.0,1901-09-22,2023-01-01,2017-08-14T00:00:00.000,"CONSTRUCTION OF BMP’s NC 6 AND 15, STORM AND SANITARY SEWERS INSTALLATION, SI",0.0,2024-06-09,DDC,1921000.0,Environmental Protection,33450000.0
1816.0,1901-05-16,2020-05-01,2016-08-30T00:00:00.000,Repair the northbound FDR from East 42nd to 49th Streets.,0.0,2028-01-02,DOT,-2802822.0,DOT,99615178.0
1306.0,1901-12-22,2018-08-01,2018-06-11T00:00:00.000,Throgs Neck Pumping Station Rehabilitation and Improvements,4326119.0,2022-11-22,DEP,25708336.86,DEP,46015605.0
226.0,1900-07-09,2022-09-01,2017-03-29T00:00:00.000,"Reconstruction of Wyckoff Avenue from Flushing Avenue to Cooper Avenue, in the Boroughs of Brooklyn and Queens..",580000.0,2027-02-27,DDC,43926000.0,Trans. & Env. Protection,77097000.0
932.0,1903-02-01,2022-04-01,2018-10-10T00:00:00.000,"This bridge is a two span concrete encased structure, 153.3 feet wide, 75 feet long and carries a total of 9 lanes of traffic. The bridge itself is an integral part of the Woodhaven Blvd. subway station structure owned and operated by the MTA. The superstructure consists of concrete encased steel stringers framing into concrete encased steel columns which are also used to serve as the retaining wall holding up Queens Blvd. service road.",115000.0,2027-05-03,DOT,2052000.0,DOT,65231241.0
1211.0,1902-04-19,2023-01-01,2019-04-03T00:00:00.000,"Demolition and rebuild of the existing structures housing the equipment and related facilities necessary for the production, storage and distribution of asphalt at the NYC Harper Street Asphalt Plant facility. All of the existing equipment, storage facilities, and related buildings will be replaced with a new state of the art plant. In addition, the work will involve installing sanitary and storm drainage systems to comply with current government regulatory standard",36060000.0,2026-10-05,DDC,55883745.0,Transportation,96597000.0
1684.0,1901-02-09,2019-05-01,2008-12-01T00:00:00.000,"This project will rehabilitate the mechanics and the architecture of the Shandaken Tunnel Intake Chamber, which includes the replacement of gates and general site improvements.",356685.86,2021-10-07,DEP,33535991.2,DEP,66972781.91
913.0,1902-08-19,2021-07-01,2015-09-30T00:00:00.000,Mixed-use residential community on Staten Island's North Shore.,0.0,2026-05-01,EDC,100733778.0,EDC,98407645.0
2113.0,1901-01-22,2019-09-01,2013-09-30T00:00:00.000,"Trunk and Distribution Main Connection to shaft 32B in 2nd Ave., etc., together with all work incidental thereto, Borough of Manhattan.    2nd Avenue from East 33rd Street to East 37th Street",2994000.0,2021-06-02,DDC,-7266000.0,Environmental Protection,48794000.0
-395.0,1903-07-22,2022-09-01,2019-09-10T00:00:00.000,851 GRAND CONCOURSE - HOUSING COURT RELOCATION,,2026-04-15,DCAS,252.0,DCAS,30091748.0
1619.0,1902-03-02,2018-08-01,2018-09-10T00:00:00.000,"Southeast Queens Guy Brewer Spine I. Storm, Sanitary and WM in North Conduit Ave bet Bailsey Blvd and Guy Brewer Blvd. (Spine Guy Brewer Blvd)",35000.0,2024-09-13,DDC,31711000.0,Environmental Protection,82035000.0
471.0,1903-02-20,2021-12-01,2013-05-13T00:00:00.000,DDC Constructability comments anticipated by 5/31/17.  Anticipated Construction Budget shortfall of $600k. Funding required to submit initial Construction CP.,0.0,2026-02-28,DDC,0.0,Libraries-NYPL,36429630.0
,1903-09-25,2023-01-01,2022-06-28T00:00:00.000,"Replacement of 30,000 SF of old, inefficient skylights over the oldest 3 wings of the Museum, with high performing skylights; and upgrading of existing HVAC systems in the affected galleries.",,2027-06-30,DDC,,Cultural Affairs,38152000.0
1977.0,1901-05-23,2021-12-01,2016-07-27T00:00:00.000,Relocation of Brooklyn Civil and Housing Court to 210 Joralemon St,2658000.0,2025-01-03,DCAS,200931011.96,DCAS,254101000.0
226.0,1900-07-09,2020-10-01,,,,,DDC,43926000.0,Trans. & Env. Protection,
913.0,1902-09-17,2020-10-01,,,,,DDC,29337000.0,Environmental Protection,
1431.0,1902-10-05,2022-04-01,2019-07-25T00:00:00.000,"Storm, Sanitary Sewers & Water Mains in Coney Island Area - Phase 04, Brooklyn",50000.0,2027-02-07,DDC,1984000.0,Environmental Protection,29669000.0
2142.0,1901-03-27,2020-10-01,2017-11-06T00:00:00.000,"Replacement of internal mechanisms, concrete repairs, effluent weirs, scum troughs, grease pit collection system, electrical upgrades, HVAC upgrades, evaluation and improvement of cross collector drainage in 10 PST.",47125.0,2026-02-01,DEP,99651290.98,DEP,95907447.35
302.0,1903-03-30,2022-04-01,2017-08-01T00:00:00.000,GREEN INFRASTRUCTURE IN OH-015 GRAVESEND BAY CSO PH 1,3604000.0,2026-08-12,DDC,21181000.0,Environmental Protection,41237000.0
1906.0,1901-09-09,2021-03-01,,,,,DDC,176245000.0,Transportation,
2363.0,1901-03-23,2023-01-01,2016-02-24T00:00:00.000,"Improvements to: fencing, vegetation, roadway, drainage, ext. above-ground retaining walls. Including repair of dam inlet archway & wingwall, re-pointing of stones & reinforcement of east reservoir wall, & leakage/seepage protection within OCA.",0.0,2026-12-29,DEP,-833277.14,DEP,57966722.86
302.0,1903-03-30,2023-01-01,2017-08-01T00:00:00.000,GREEN INFRASTRUCTURE IN OH-015 GRAVESEND BAY CSO PH 1,15979000.0,2026-08-12,DDC,21181000.0,Environmental Protection,63767000.0
2445.0,1901-03-19,2022-04-01,2014-06-17T00:00:00.000,Reconstruction of the Port Jervis WWTP as required based on the effluent limits proposed by the Delaware River Basin Commission (DRBC),0.0,2026-10-04,DEP,9428438.55,DEP,60924311.99
913.0,1902-09-17,2022-09-01,2015-02-16T00:00:00.000,Trunk Water Main replacement in East New York Avenue between Howard Avenue and Pacific Street; Jamaica Avenue between Herkimer Street and Vermont Street; and Atlantic Avenue between Van Sinderen Avenue and Pennsylvania Avenue.,987000.0,2024-09-09,DDC,29337000.0,Environmental Protection,102950000.0
273.0,1903-05-01,2021-12-01,2020-03-02T00:00:00.000,Rehabilitation of the Queens 8/10/12 Garage located at Bergen Landing  at 130-23 150th Avenue Queens,,2028-06-30,DSNY,8964000.0,DSNY,38498000.0
1845.0,1901-07-11,2020-10-01,2017-10-03T00:00:00.000,"Repair the Cross Island bridge over 115th Avenue/Dutch Broadway, Queens.",6346546.0,,DOT,17528706.0,DOT,25843171.0
1908.0,1901-08-06,2019-01-01,2016-04-13T00:00:00.000,"Rehabilitate approach arches and towers of Brooklyn Bridge.  Including masonry cleaning, masonry repairs, repointing, rehabilition of transverse walls, new infill walls of the approach arch blocks.  Clean and repoint the tower masonry, reinforce the gothic arches of the towers, and rehabilitate the tower tops.",18452647.0,2022-06-01,DOT,33135732.1,DOT,343692647.0
0.0,1903-05-22,2022-09-01,2022-07-25T00:00:00.000,42nd Street Pedestrian Security Measures,-1000.0,2029-05-29,DDC,-1000.0,Transportation,74207000.0
639.0,1901-11-19,2018-08-01,2017-08-01T00:00:00.000,The design and construction of shoreline reconstruction projects necessary to provide Citywide protection from future flooding caused by elevated seal elvels.,0.0,2022-12-31,EDC,0.0,ORR,60422401.0
3597.0,1900-07-22,2015-02-01,2013-02-13T00:00:00.000,"Reconstruct roadway and extend storm and sanitary sewers in portions of Brookville Boulevard, Edgewood Street, 147th Avenue, and adjacent streets west of 241st Street.",816000.0,2019-09-07,DDC,106503000.0,Transportation,29387000.0
409.0,1903-03-24,2022-04-01,2017-07-14T00:00:00.000,Replacement of HVAC System and Roof at Staten Island District 3 DSNY Garage and Boro Repair Shop,23000.0,2022-12-16,DDC,460000.0,Sanitation,25239000.0
1253.0,1901-05-17,2020-10-01,2017-05-30T00:00:00.000,"Replace/Rehab the West Tremont Avenue bridge over the Metro North line, located in the Bronx.",24285600.0,2027-07-20,DOT,37794543.0,DOT,81930087.0
925.0,1901-09-22,2021-03-01,,,,,DDC,1921000.0,Environmental Protection,
714.0,1901-03-18,2022-04-01,2016-10-11T00:00:00.000,Replacement of the Esopus & Route 28A Railroad Bridges,0.0,2025-11-09,DEP,-50461071.35,DEP,51210279.96
1355.0,1901-08-02,2021-12-01,2017-10-22T00:00:00.000,Construction of New Anaerobic Digesters,0.0,2026-01-07,DEP,72852004.14,DEP,458653902.0
505.0,1903-03-26,2021-07-01,2018-06-25T00:00:00.000,SAFE ROUTES TO SCHOOLS - MANHATTAN,,2024-11-27,DDC,7175000.0,Transportation,44746000.0
1687.0,1901-03-29,2016-06-01,2014-03-17T00:00:00.000,"Replacement Trunk Water Main in Bainbridge Ave, Bronx",180000.0,2016-05-22,DDC,25547000.0,Environmental Protection,46982000.0
1970.0,1901-08-16,2021-12-01,2015-04-09T00:00:00.000,"This project includes the replacement of the upper roadway's deck on the main bridge along with steel repairs, fire standpipes, and lighting upgrades.",24026048.0,2024-03-13,DOT,8567339.67,DOT,383033014.0
612.0,1902-08-30,2020-05-01,2019-02-01T00:00:00.000,This project will stabilize and reconstruct portions of the East River Esplanade from East 62nd Street to East 63rd Street and from East 90th Street to East 94th Street.,11225778.13,,DPR,3616645.26,DPR,72647778.13
1113.0,1901-02-08,2023-01-01,2004-03-18T00:00:00.000,"Gilboa Dam Reconstruction Project includes construction of a new low level outlet (LLO) consisting of 2,000 feet of tunneling , an access shaft, oulet structure and gate valve controls.",-1313992.21,2023-06-15,DEP,10376533.49,DEP,199398344.49
1934.0,1901-05-20,2022-04-01,2017-11-08T00:00:00.000,"Replace/Rehab the Pelham Parkway bridge over Hutchinson River Parkway, Bronx.",7623562.0,2028-04-23,DOT,10338071.57,DOT,67311092.0
3597.0,1900-07-22,2020-01-01,,,,,DDC,106503000.0,Transportation,
1091.0,1901-11-02,2018-08-01,2018-04-16T00:00:00.000,SMLP portion for Hunts Point WWTP as part of the New York City Wastewater Resiliency Program.,-5037051.9,2020-09-09,DEP,20080597.79,DEP,36635629.33
3253.0,1900-07-11,2016-11-01,2012-06-07T00:00:00.000,"Reconstruction and restoration of Belgian block roadways in the DUMBO and Vinegar Hill communities concurrent with installation of new water main, combined sewers and storm sewers, plus construction of the Pearl Street Triangle Plaza.",13656000.0,2018-11-23,DDC,96724000.0,Transportation,60750000.0
549.0,1900-04-03,2015-08-01,2014-09-15T00:00:00.000,Replace one Barberi class boat and the John F. Kennedy boat which are approaching the end of their useful lives with new Staten Island ferries. Replacement is needed to continue reliable service.,83234948.0,2020-02-11,DOT,-238419180.0,DOT,327552000.0
184.0,1903-06-28,2022-04-01,2021-07-07T00:00:00.000,Slab Replacement of Sanitation Garage facility to serve Bronx Community districts 7 and 8 to be located at 427 West 215th Street. Includes the Swing space.,,2025-06-30,DSNY,9439000.0,DSNY,35579000.0
0.0,1902-12-24,2021-03-01,2019-08-29T00:00:00.000,NEW SCHOOL,,2024-09-03,SCA,-1926038.0,DOE,95764583.0
1628.0,1900-04-23,2016-11-01,2011-02-14T00:00:00.000,Replace the electrical and mechanical systems of the Madison Avenue Bridge.,702000.0,2019-07-03,DOT,2036997.0,DOT,53044089.93
1592.0,1900-04-21,2013-09-01,1995-01-17T00:00:00.000,"Rehabilitation of abutments, piers, approaches, and steel superstructure and replace reinforced concrete deck.",,2019-03-22,DOT,20945057.0,DOT,58259000.0
3238.0,1900-12-29,2016-06-01,2012-10-01T00:00:00.000,"This project will reconstruct the Hannah St. Pumping Station, the largest City-owned wastewater collection and pumping station on Staten Island.  Built in 1977, the facility has numerous deficiencies, needing  a comprehensive upgrade.",1000000.0,2019-08-12,DEP,67909196.8,DEP,54900000.0
925.0,1901-09-22,2021-12-01,,,,,DDC,1921000.0,Environmental Protection,
0.0,1903-08-02,2022-09-01,2021-11-02T00:00:00.000,LEASE,,2025-09-03,SCA,0.0,DOE,38246910.0
836.0,1900-04-29,2021-07-01,2000-02-14T00:00:00.000,"Repair the existing bridge and separate the NYCDOT and NYCT components. Includes new steel plate girders, concrete deck, pedestals, backwalls, sidewalks, and bridge railing.",-46220000.0,2023-01-15,DOT,22682117.0,DOT,75217179.0
253.0,1903-01-23,2021-12-01,2019-11-12T00:00:00.000,Rehabilitation of Seeley Street bridge over Prospect Avenue,0.0,2027-09-06,DOT,0.0,,31221267.0
556.0,1902-10-13,2020-05-01,2010-02-24T00:00:00.000,This project will demolish and construct a new environmental center in Alley Pond Park.,120000.0,2021-11-29,DPR,1641000.0,DPR,30466000.0
1.0,1902-06-27,2019-09-01,2019-01-01T00:00:00.000,"The construction of an approximately 230,000 sq ft municipal Public Health Lab building for DOHMH.",0.0,2025-01-01,EDC,19334959.71,DOHMH,613797320.29
2086.0,1900-04-06,2017-09-01,2012-07-23T00:00:00.000,"Replace the existing bridge with a new, wider double-leaf bascule bridge in the Bronx.",-296512.7,2021-07-14,DOT,142277136.0,"DEP, DOT",323745502.0
969.0,1901-05-18,2018-08-01,2017-11-30T00:00:00.000,"Replace the 5th Avenue Bridge over LIRR & Sea Beach, Brooklyn.",2039849.0,2024-11-04,DOT,36577693.0,DOT,49319823.0
888.0,1902-05-09,2019-05-01,2019-06-15T00:00:00.000,"The Manhattan Greenway Harlem River project, between West 125th Street and Swindler Cove, involves the creation of a park, greenway, and the reconstruction of the bulkhead.",0.0,2024-04-15,EDC,0.0,DPR,227658000.0
-712.0,1902-07-31,2020-05-01,2020-04-16T00:00:00.000,The project will provide hydraulic relief to Outfalls HP-007 and HP-009 by creating new sewers parallel to the existing combined sewers. It will also provide floatables control at Outfall HP-011 by replacing Regulator 5.,1630435.0,2028-12-13,DEP,1210235.0,WWC,184768403.0
548.0,1902-07-23,2021-12-01,2018-10-02T00:00:00.000,"By Notice To Proceed letter dated September 21, 2018, the New York City Department of Design and Construction (“DDC”) directed PMS Construction Management Corp. (“PMS”) to commence work on Capis ID PW348-71, Contract No. 20191404531 CM/Design/Build for the Replacement and Upgrade of Petroleum Storage Tanks for the Borough of Manhattan. The contract was awarded for a maximum fee of $28,026,750.00 and was partially registered by the Comptroller on September 21, 2018 in the amount of $4,885,000.00. The term of the contract is 1,095 consecutive calendar days from September 21, 2018. Contract termination date is September 19, 2021.",0.0,2023-03-20,DDC,3444000.0,DCAS,32709000.0
914.0,1902-10-01,2021-07-01,2018-04-25T00:00:00.000,FUEL TANK REPLACEMENT,-6775000.0,2024-10-04,DDC,-6429000.0,DCAS,25370000.0
3597.0,1900-07-22,2016-01-01,2013-02-13T00:00:00.000,"Reconstruct roadway and extend storm and sanitary sewers in portions of Brookville Boulevard, Edgewood Street, 147th Avenue, and adjacent streets west of 241st Street.",3025000.0,2020-07-25,DDC,106503000.0,Transportation,32908000.0
2032.0,1901-02-06,2022-09-01,,"The EPIC - EMR Program: Electronic Medical Records (EMR) System - a single enterprise-wide EMR to meet the needs of HHC's expansive size and improve patient care will replace the legacy EMR - QuadraMed, which is over 25 years old.",0.0,2023-12-31,HHC,15184947.0,H+H,764063231.0
-208.0,1903-01-24,2023-01-01,2018-01-04T00:00:00.000,Rehab of Ocean & Parkside Avenue Bridge over NYCTA Brighton Line,1020577.0,2029-02-04,DOT,-9890000.0,,49586146.0
1517.0,1901-04-22,2017-09-01,2015-06-19T00:00:00.000,"Project to ensure the reliability of the 74 mile upper Catskill Aqueduct, including replacement of mechanical components, leak mitigation, and biofilm removal/condition assessment.",1667747.0,2020-02-21,DEP,9642889.68,DEP,245306804.0
1306.0,1901-12-22,2020-05-01,2018-06-11T00:00:00.000,Throgs Neck Pumping Station Rehabilitation and Improvements,79592.69,2024-01-11,DEP,25708336.86,DEP,48188239.69
-388.0,1900-06-18,2013-09-01,2012-12-03T00:00:00.000,"Roadway reconstruction Bergen Avenue and vicinity, includes sections of: Avenues N, T, U, V, W, X and Y; 66th Street and 69th through 75th Streets; Veterans Avenue and Royce Street.",,2024-07-16,DDC,45837000.0,Transportation,33727000.0
727.0,1902-01-31,2019-09-01,2017-09-14T00:00:00.000,Construction of a new precinct station house facility and associated site work for the new 116th Precinct.,67000.0,2022-06-08,DDC,33852900.86,Police,94624000.0
684.0,1901-10-13,2019-09-01,2016-07-15T00:00:00.000,"Installation of  Storm sewers, Sanitary sewers, & Water mains in Whitestone Area-Phase 3",0.0,2023-08-16,DDC,15468000.0,Environmental Protection,60763000.0
913.0,1902-08-19,2022-04-01,2015-09-30T00:00:00.000,Mixed-use residential community on Staten Island's North Shore.,13852532.0,2026-12-02,EDC,100733778.0,EDC,199142346.0
549.0,1900-04-03,2020-10-01,2014-09-15T00:00:00.000,Replace one Barberi class boat and the John F. Kennedy boat which are approaching the end of their useful lives with new Staten Island ferries. Replacement is needed to continue reliable service.,7251651.0,2021-12-06,DOT,-238419180.0,DOT,367250523.0
1696.0,1901-09-30,2020-01-01,,,,,DDC,35010000.0,DCAS,
1091.0,1901-11-02,2020-05-01,2018-04-16T00:00:00.000,SMLP portion for Hunts Point WRRF as part of the New York City Wastewater Resiliency Program.,-3978946.89,2022-04-25,DEP,20080597.79,DEP,35957095.79
0.0,1903-01-09,2022-04-01,2019-08-05T00:00:00.000,ADDITION / DEMOLITION,0.0,2024-09-03,SCA,0.0,DOE,70755417.0
256.0,1901-02-12,2018-03-01,2012-03-23T00:00:00.000,"To address existing leaks in the Delaware Aqueduct, a 3-mile bypass tunnel will be constructed near the town of Roseton and the existing tunnel will be repaired near the town of Wawarsing.",1778020.11,2023-09-26,DEP,202552329.25,DEP,889665374.54
254.0,1901-10-31,2020-05-01,2020-04-13T00:00:00.000,This project provides improvements to the existing structures and mechanical flow control systems at Hillview Reservoir.,25075000.0,2032-06-05,DEP,-11397050.18,BWS,351840000.0
,1903-07-24,2022-09-01,2022-03-22T00:00:00.000,"This project will reconstruct the playground, landscape, tennis courts, basketball courts, synthetic turf ballfield, pavements, water and drainage systems, park lighting, plantings, and construct an adult fitness area at Haffen Park.",,,DPR,0.0,DPR,35399000.0
2085.0,1901-06-27,2023-01-01,2014-09-01T00:00:00.000,The priority mitigation projects at Coler include key critical mitigation projects to improve the resiliency of the campus.,0.0,2023-08-17,EDC,0.0,H+H,26776342.0
409.0,1903-03-24,2021-12-01,2017-07-14T00:00:00.000,Replacement of HVAC System and Roof at Staten Island District 3 DSNY Garage and Boro Repair Shop,-28000.0,2022-07-01,DDC,460000.0,Sanitation,25216000.0
2152.0,1900-04-22,2019-05-01,2014-10-22T00:00:00.000,Replace deck of the Riverside Drive viaduct/ bridge over West 158th Street.,32676659.78,2022-06-27,DOT,96922794.0,DOT,160245510.0
1684.0,1901-02-09,2014-01-01,2008-12-01T00:00:00.000,"This project will rehabilitate the mechanics and the architecture of the Shandaken Tunnel Intake Chamber, which includes the replacement of gates and general site improvements.",9476294.0,2019-01-06,DEP,33535991.2,DEP,46953495.0
1309.0,1902-10-12,2022-09-01,2016-11-30T00:00:00.000,"This project will construct synthetic turf athletic fields, roadways, a parking lot with associated landscaping and stormwater management, multi-use and pedestrian paths, benches, signage, fencing, and lighting, and restore woodlands and wetlands.",0.0,2025-05-17,DPR,1436858.72,DPR,39111000.0
714.0,1901-03-18,2023-01-01,2016-10-11T00:00:00.000,Replacement of the Esopus & Route 28A Railroad Bridges,663242.28,2025-11-09,DEP,-50461071.35,DEP,51873522.24
1421.0,1901-10-28,2023-01-01,2019-04-15T00:00:00.000,"Reconstruction of Aqueduct structures; Replacement of mechanical equipment; cleaning the aqueduct interior & rehabilitation & repair of cracks & leaks. All relevent assessments, investigations, piloting, plans and reports.",0.0,2028-07-22,DEP,-65760729.0,DEP,249500116.0
612.0,1902-08-30,2023-01-01,2019-02-01T00:00:00.000,"This project will stabilize and reconstruct portions of the East River Esplanade from East 62nd Street to East 63rd Street, at East 76th Street, and from East 90th Street to East 94th Street.",0.0,2025-02-26,DPR,3616645.26,DPR,65038645.26
1720.0,1901-08-10,2019-09-01,2017-10-05T00:00:00.000,"Replace the East 156th Street bridge over Access to Housing, Bronx.",-500000.0,,DOT,-363846.0,DOT,66000000.0
256.0,1901-02-12,2021-03-01,2012-03-23T00:00:00.000,"To address existing leaks in the Delaware Aqueduct, a 3-mile bypass tunnel will be constructed near the town of Roseton and the existing tunnel will be repaired near the town of Wawarsing.",4951549.69,2023-09-26,DEP,202552329.25,DEP,889869120.99
-8.0,1900-07-24,2023-01-01,2014-10-15T00:00:00.000,"Installation of Storm, Sanitary Sewers in the following Streets:=================================1- Cedar Grove Avenue between Ebbitts Street and new Dorp Lane.2- Milton Avenue between Ebbitts Street and new Dorp Lane.3- Finley Avenue between Ebbitts Street and new Dorp Lane.4- Roma Avenue between Ebbitts Street and new Dorp Lane.5- Hett Avenue between Ebbitts Street and new Dorp Lane.6- Marine Way between Cedar Grove and Milton Avenue7- Beacon Avenue between Roma Avenue and Milton Avenue.8- Dustan Avenue between Marine way and Milton Avenue.9- Garibaldi Avenue between Roma Avenue and Cedar Grove Avenue.10- Cedar Grove Court between Cedar Grove Avenue and Dustan Street.11- Topping Street between Cedar Grove Avenue and Dustan Street.12- Center Way between Cedar Grove Avenue and Dustan Street.13- Neptune Street between Cedar Grove Avenue and Dustan Street.14- Seafoam Street between Cedar Grove Avenue and Dustan Street.15- Waterside Street between Cedar Grove Avenue and Dustan Street.16- Maple Terrace between Cedar Grove Avenue and Dustan Street.17- Herman Street between Cedar Grove Avenue and Dustan Street.18- Neutral Avenue between Cedar Grove Avenue and Dustan Street.19- Milbank Drive between Cedar Grove Avenue and Dustan Street.",0.0,2023-12-22,DDC,62973000.0,Trans. & Env. Protection,94191000.0
2697.0,1901-12-08,2021-07-01,2019-02-07T00:00:00.000,"Repair the Harlem River Drive Ramp to George Washington Bridge over Harlem River Drive Southbound (Trans-Manhattan Expressway), Manhattan",-500000.0,2033-07-08,DOT,-3711870.0,DOT,430082546.0
2152.0,1900-04-22,2021-03-01,,,,,DOT,96922794.0,DOT,
409.0,1903-03-24,2023-01-01,2017-07-14T00:00:00.000,Replacement of HVAC System and Roof at Staten Island District 3 DSNY Garage and Boro Repair Shop,415000.0,2023-08-14,DDC,460000.0,Sanitation,25704000.0
1448.0,1901-04-20,2017-09-01,2016-06-22T00:00:00.000,"Reconstruction of Service Roads and milling and resurfacing of the main roadways on Grand Concourse from E175 Street to E Fordham Road, including median works and ped refuges.",520000.0,2019-11-22,DDC,57634000.0,Transportation,64074000.0
2180.0,1901-03-07,2019-09-01,2012-07-10T00:00:00.000,"Storm and sanitary sewers in 20th Ave  between 126th Street and U.S. Bulkhead Line, etc. Water main works.",0.0,2021-06-29,DDC,117177000.0,Environmental Protection,132588000.0
1592.0,1900-04-21,2016-01-01,1995-01-17T00:00:00.000,"Repair abutments, piers, approaches, and the steel superstructure. Replace reinforced concrete deck.",-54000.0,2020-05-01,DOT,20945057.0,DOT,63857397.37
1238.0,1902-02-22,2018-03-01,2017-01-04T00:00:00.000,Storm sewer at 224th St and 149th Ave and along the access road through Idlewild Parks known as Springfield Lane (Spine Farmers Blvd),,2022-11-29,DDC,155854000.0,Environmental Protection,1699000.0
1736.0,1902-05-10,2020-05-01,2018-09-01T00:00:00.000,Regrading and reconstruction of 33rd Street Viaduct between 11th and 12th Avenue..,0.0,2022-11-30,EDC,0.0,DOT,100000000.0
636.0,1902-12-08,2022-04-01,2020-01-06T00:00:00.000,Hill Dr (Terrace Br) over Prospect Park Lake,-307000.0,2028-08-08,DOT,-785268.0,NYC Parks,27845976.0
1684.0,1901-02-09,2014-05-01,2008-12-01T00:00:00.000,"This project will rehabilitate the mechanics and the architecture of the Shandaken Tunnel Intake Chamber, which includes the replacement of gates and general site improvements.",64000.0,2019-06-30,DEP,33535991.2,DEP,47017495.0
0.0,1903-08-01,2023-01-01,2021-07-21T00:00:00.000,ADDITION / EXISTING BUILDING WORK-IPDVS / EXISTING BUILDING WORK- ELECTRICAL SYSTEMS,0.0,2025-09-03,SCA,0.0,DOE,77952760.0
1684.0,1901-06-05,2022-09-01,2015-11-13T00:00:00.000,Power Distribution at Bowery Bay WWTP.,0.0,2024-12-24,DEP,24235381.01,DEP,68873764.13
1309.0,1902-10-12,2021-03-01,2016-11-30T00:00:00.000,"This project will construct synthetic turf athletic fields, roadways, a parking lot with associated landscaping and stormwater management, multi-use and pedestrian paths, benches, signage, fencing, and lighting, and restore woodlands and wetlands.",130500.0,2024-04-17,DPR,1436858.72,DPR,37945586.28
0.0,1903-01-08,2021-07-01,2020-06-04T00:00:00.000,NEW SCHOOL,,2024-09-03,SCA,0.0,DOE,85395900.0
,1903-07-25,2023-01-01,2021-06-11T00:00:00.000,This project will reconstruct Hamilton Fish Recreation Center.,0.0,,DPR,0.0,DPR,33745000.0
1864.0,1901-12-09,2021-07-01,2020-01-06T00:00:00.000,"Repair the Beverly Road bridge over BMT Subway Brighton,  Brooklyn",-1215000.0,2029-10-04,DOT,1279646.0,DOT,48202235.0
921.0,1901-12-21,2020-05-01,2018-11-01T00:00:00.000,SMLP portion for Red Hook WRRF as part of the New York City Wastewater Resiliency Program.,514647.1,2022-07-05,DEP,13549422.97,DEP,24483914.27
1355.0,1901-08-02,2021-07-01,2017-10-22T00:00:00.000,Construction of New Anaerobic Digesters,0.0,2026-01-07,DEP,72852004.14,DEP,458653902.0
1696.0,1901-09-30,2019-09-01,2013-01-23T00:00:00.000,"Renovate 4 floors of the building to create new office space for the Landmarks Preservation Commission, including new hearing room.",104000.0,2021-02-26,DDC,35010000.0,DCAS,73932000.0
0.0,1903-01-06,2022-04-01,2020-03-13T00:00:00.000,NEW SCHOOL / PLAYGROUND REDEVELOPMENT,-505800.0,2024-09-03,SCA,-505800.0,DOE,80509310.0
819.0,1902-04-22,2019-09-01,2018-07-17T00:00:00.000,The construction of Southern Brooklyn Crosstown Select Bus Service (SBS),0.0,2024-11-13,DDC,29789000.0,Transportation,82909000.0
3132.0,1901-07-07,2022-09-01,2017-08-01T00:00:00.000,The redundant connection between Kensico and Hillview Reservoirs provides resiliency against planned or unplanned tunnel outages to deliver water.,101238889.4,2033-12-05,DEP,881770648.0,DEP,2058435326.0
1400.0,1901-06-02,2018-08-01,2016-08-04T00:00:00.000,"Safety Improvements on Atlantic Ave from Conduit Avenue to Rockaway Blvd, Phase 2, Brooklyn",333000.0,2021-12-21,DDC,10136496.0,Transportation,39473000.0
362.0,1901-08-21,2019-01-01,2018-08-15T00:00:00.000,"Scope includes paint the south side of the bridge, repair flags and structural steel, evaluate PP20 Bearings, evaluate tension rods at mid-span of the bridge, repair bridge cables and suspenders, replace modular joint, investigate the feasibility of additional clearance at towers, and resurface bridge decks with new waterproofing membrane.",9064000.0,2024-12-06,DOT,52784947.0,DOT,316565000.0
1854.0,1901-06-28,2020-01-01,2014-01-01T00:00:00.000,"Priority mitigation projects for the repair/restoration and hazard mitigation for Bellevue Hospital, damaged during Superstorm Sandy",-8012916.0,2022-01-28,EDC,0.0,H+H,45171439.0
1521.0,1902-02-08,2022-04-01,2017-03-06T00:00:00.000,"The Department of Sanitation of the City of New York (DSNY) is planning to rehabilitate Queens Districts 11 and 13 garage. The renovation serving both districts is to extend the useful life of the facility through rehabilitation of the building structure and systems. The renovation includes: Extensive structural work that includes the replacement of reinforced concrete slabs and stiffening of the existing steel frame, select replacement of building MEP systems, including BMS systems, architectural renovation of the entire building, study and implementation of deep energy conservation measures (DECMs), and site work which includes new landscape work and replacement of sidewalks and driveways. Rehabilitation is required to meet LEED Silver requirements.",544000.0,2026-06-12,DDC,36221000.0,Sanitation,73161000.0
2142.0,1901-03-27,2018-03-01,2017-06-30T00:00:00.000,"Replacement of internal mechanisms, concrete repairs, effluent weirs, scum troughs, grease pit collection system, electrical upgrades, HVAC upgrades, evaluation and improvement of cross collector drainage in 10 PST.",11043369.0,2020-10-01,DEP,99651290.98,DEP,79500000.0
1592.0,1900-04-21,2021-07-01,1995-01-17T00:00:00.000,"Repair abutments, piers, approaches, and steel superstructure located in Pelham Bay, Bronx; replace reinforced concrete deck.",400000.0,2022-07-23,DOT,20945057.0,DOT,82171450.0
836.0,1900-04-29,2014-01-01,2000-02-14T00:00:00.000,"This project includes the rehabilitation of the existing bridge and separation of the NYCDOT and NYCT components. Includes new steel plate girders, concrete deck, pedestals, backwalls, sidewalks and bridge railing.",0.0,2020-05-09,DOT,22682117.0,DOT,50286000.0
2252.0,1900-09-23,2021-07-01,,Upgrade and enhancement of emergency technology infrastructure to improve interoperability and coordination among public safety agencies and improve call processing time to decrease overall response times.,20090376.69,2023-03-31,DOITT,73735148.87,"FDNY, NYPD",2311399241.43
646.0,1902-09-25,2020-01-01,,,,,DDC,-158027000.0,Environmental Protection,
1854.0,1901-06-28,2021-03-01,2014-01-01T00:00:00.000,"Priority mitigation projects for the repair/restoration and hazard mitigation for Bellevue Hospital, damaged during Superstorm Sandy",1635870.0,2022-04-30,EDC,0.0,H+H,46807309.0
-8.0,1900-07-24,2022-09-01,2014-10-15T00:00:00.000,"Installation of Storm, Sanitary Sewers in the following Streets:=================================1- Cedar Grove Avenue between Ebbitts Street and new Dorp Lane.2- Milton Avenue between Ebbitts Street and new Dorp Lane.3- Finley Avenue between Ebbitts Street and new Dorp Lane.4- Roma Avenue between Ebbitts Street and new Dorp Lane.5- Hett Avenue between Ebbitts Street and new Dorp Lane.6- Marine Way between Cedar Grove and Milton Avenue7- Beacon Avenue between Roma Avenue and Milton Avenue.8- Dustan Avenue between Marine way and Milton Avenue.9- Garibaldi Avenue between Roma Avenue and Cedar Grove Avenue.10- Cedar Grove Court between Cedar Grove Avenue and Dustan Street.11- Topping Street between Cedar Grove Avenue and Dustan Street.12- Center Way between Cedar Grove Avenue and Dustan Street.13- Neptune Street between Cedar Grove Avenue and Dustan Street.14- Seafoam Street between Cedar Grove Avenue and Dustan Street.15- Waterside Street between Cedar Grove Avenue and Dustan Street.16- Maple Terrace between Cedar Grove Avenue and Dustan Street.17- Herman Street between Cedar Grove Avenue and Dustan Street.18- Neutral Avenue between Cedar Grove Avenue and Dustan Street.19- Milbank Drive between Cedar Grove Avenue and Dustan Street.",171000.0,2023-12-22,DDC,62973000.0,Trans. & Env. Protection,94191000.0
548.0,1902-07-23,2019-01-01,2018-10-02T00:00:00.000,"Upgrading, decommissioning, or replacement of petroleum product storage tanks at 38 sites (multi-agency) in Manhattan.",,2022-09-19,DDC,3444000.0,DCAS,29265000.0
2315.0,1901-09-10,2020-01-01,,,,,DDC,14201000.0,Transportation,
1891.0,1900-11-08,2016-11-01,2014-01-01T00:00:00.000,This project will construct a blower facility and install a diffused aeration system in Dutch Kills and Newtown Creek to increase dissolved oxygen content in the project area to meet DEC standards for the water body.,2387605.0,2020-06-01,DEP,-4338327.57,DEP,42855624.0
1400.0,1901-06-02,2017-04-01,2016-08-04T00:00:00.000,"Safety Improvements on Atlantic Ave from Conduit Avenue to Rockaway Blvd, Phase 2, Brooklyn",7015148.0,2021-02-27,DDC,10136496.0,Transportation,37375000.0
,1903-09-28,2023-01-01,2023-01-23T00:00:00.000,"The Department of Parks and Recreation, in consultation with local elected officials and community stakeholders, has identified the need for a new Recreation Center to be located at Walter Gladwin Park in the Tremont neighborhood. The purpose of the project is to provide a Parks run Recreation Center to serve the community in an area identified by the Agency as under-served.",,,DDC,,Parks & Recreation,90108000.0
365.0,1902-08-06,2019-09-01,2017-11-17T00:00:00.000,Design and construction of a new school,-2356954.0,2022-10-31,SCA,-221356.0,DOE,63922805.0
445.0,1902-09-05,2021-07-01,2017-09-18T00:00:00.000,Sunset Park Gowanus Connector - Brooklyn Waterfront Greenway.,-14657000.0,2022-11-27,DDC,-16441000.0,Transportation,30614000.0
0.0,1903-07-28,2022-09-01,2021-05-12T00:00:00.000,LEASE,,2024-09-03,SCA,0.0,DOE,29739635.0
1431.0,1901-12-01,2018-08-01,2018-08-16T00:00:00.000,"Repair the East 174th Street bridge over Sheridan Expressway/ AMTRAK, the Bronx",0.0,2026-01-16,DOT,5146882.0,DOT,140940000.0
0.0,1903-01-13,2022-04-01,2020-01-17T00:00:00.000,ADDITION,0.0,2024-09-03,SCA,0.0,DOE,86927350.0
0.0,1903-01-02,2022-09-01,2018-02-23T00:00:00.000,LEASE,0.0,2023-09-03,SCA,0.0,DOE,31421420.0
856.0,1902-06-14,2022-09-01,2018-09-25T00:00:00.000,"The Project will combine two adjacent lots on 125th Street: the sculpture court, City-owned lot 11, and the Museum building on lot 9, owned by the Museum. Existing structures on both lots will be demolished for the new, six story 82,000sf City owned building.",140000.0,2024-06-30,DDC,-190000.0,Cultural Affairs,59141000.0
1253.0,1901-05-17,2018-08-01,2017-05-30T00:00:00.000,"Repair the West Tremont Avenue bridge over the Metro North line, located in the Bronx.",6698172.0,2025-09-17,DOT,37794543.0,DOT,60836172.0
730.0,1902-01-24,2019-09-01,2018-10-01T00:00:00.000,"Reconstruction of Trinity Place from Morris Street to Cedar Street, Borough of Manhattan",0.0,2024-01-17,DDC,13224000.0,Transportation,41510000.0
487.0,1902-05-08,2022-04-01,2017-10-01T00:00:00.000,The East Midtown Waterfront Greenway project involves the creation of a waterfront esplanade between East 53rd and East 59th Streets.,18840000.0,2023-12-31,EDC,24840000.0,EDC,154840000.0
942.0,1902-05-07,2021-03-01,2018-11-30T00:00:00.000,"The restoration of the existing landmarked Orchard Beach Pavilion (located in Bronx, NY) which includes the construction of an ADA ramp at the main entrance of the Pavilion to improve accessibility to the beach passageway.",0.0,2024-06-02,EDC,35628847.0,DPR,60000000.0
503.0,1901-03-31,2022-04-01,2020-12-30T00:00:00.000,"This is the final phase of the Gilboa Dam reconstruction project and includes reforestation, final site stabilization and wetlands mitigation measures.",-6400000.0,2025-07-31,DEP,-3079490.0,DEP,31929026.0
1592.0,1900-04-21,2018-08-01,1995-01-17T00:00:00.000,"Repair abutments, piers, approaches, and steel superstructure located in Pelham Bay, Bronx; replace reinforced concrete deck.",6555278.0,2021-09-13,DOT,20945057.0,DOT,86866222.0
328.0,1903-04-08,2022-04-01,2018-09-18T00:00:00.000,,2465000.0,2027-02-16,DDC,3365000.0,Police,283965000.0
0.0,1903-01-09,2021-12-01,2019-08-05T00:00:00.000,ADDITION / DEMOLITION,0.0,2024-09-03,SCA,0.0,DOE,70755417.0
3238.0,1900-12-29,2020-05-01,2012-10-01T00:00:00.000,"This project will reconstruct the Hannah St. Pumping Station, the largest City-owned wastewater collection and pumping station on Staten Island.  Built in 1977, the facility has numerous deficiencies, needing  a comprehensive upgrade.",0.0,2022-11-09,DEP,67909196.8,DEP,67867304.23
729.0,1902-10-09,2021-07-01,2019-09-16T00:00:00.000,"THE FIFTH PHASE OF THE RECONSTRUCTION OF THE GRAND CONCOURSE WILL CONTINUE THE DESIGN AND SAFETY IMPROVEMENTS IMPLEMENTED IN THE PREVIOUS PHASES OF THIS VISION ZERO GREAT STREETS PROJECTS. . AS IN THE PREVIOUS PHASES, PHASE 5 WILL INCLUDE THE RECONSTRUCTION OF THE CONCOURSES SERVICE ROADS AND RESURFACING OF THE MAINLINE ROADWAY WHERE NECESSARY.",800000.0,2026-09-12,DDC,26673000.0,Transportation,79721000.0
1452.0,1901-07-15,2019-01-01,,,,,EDC,27046705.0,H+H,
,1903-03-14,2021-12-01,2016-04-27T00:00:00.000,"East Side Coastal Resiliency - Montgomery Street to East 15th Street, Manhattan",0.76,,DDC,0.76,Parks & Recreation,1328351541.76
916.0,1902-09-03,2020-10-01,,,,,DDC,6752000.0,Libraries-BPL,
897.0,1902-01-16,2019-09-01,2012-05-23T00:00:00.000,"The new Mosholu Golf Course Club House, together with fifty-five Driving Range Tee Boxes and ten-acres of re-landscaping comprise the phase IV and final of the vast DEP Croton Water Treatment Plant project, currently under construction in Van Cortlandt Park in the Bronx. Through a multifunctional design strategy the project reinstates the pre-existing golf program and facility, creates civic space for community use and ensures security for a multi-billion dollar public works facility.",-60000.0,2021-03-18,DDC,75117000.0,Environmental Protection,103896000.0
2180.0,1901-03-07,2022-04-01,2012-07-10T00:00:00.000,"Storm and sanitary sewers in 20th Ave  between 126th Street and U.S. Bulkhead Line, etc. Water main works.",413000.0,2023-06-19,DDC,117177000.0,Environmental Protection,137459000.0
1290.0,1901-07-27,2020-10-01,2016-06-08T00:00:00.000,"This project is construction of infrastructure and streetscape improvements in Sunset Park from 37th to 43rd Streets, between the Gowanus Expressway and the waterfront - to activate the waterfront and promote future development.",0.0,2023-03-01,EDC,31633941.69,Mayor's Office,37500000.0
1908.0,1901-08-06,2019-09-01,2016-04-13T00:00:00.000,"Rehabilitate approach arches and towers of Brooklyn Bridge.  Including masonry cleaning, masonry repairs, repointing, rehabilition of transverse walls, new infill walls of the approach arch blocks.  Clean and repoint the tower masonry, reinforce the gothic arches of the towers, and rehabilitate the tower tops.",-25058781.0,,DOT,33135732.1,DOT,340206082.0
1934.0,1901-05-20,2018-03-01,2017-05-30T00:00:00.000,"Replace the Pelham Parkway bridge over Hutchinson Parkway, Bronx.",-1000.0,2025-08-26,DOT,10338071.57,DOT,56520020.0
1431.0,1902-10-05,2021-03-01,,,,,DDC,1984000.0,Environmental Protection,
1889.0,1902-02-27,2019-01-01,2018-09-10T00:00:00.000,Replacement of Combined Sewers in 71st Street between Juniper Blvd South and Queens Midtown Expressway; including water main work.,425000.0,2020-08-30,DDC,27172000.0,Environmental Protection,59892000.0
969.0,1901-05-18,2021-12-01,2017-11-30T00:00:00.000,"Replace the 5th Avenue Bridge over LIRR & Sea Beach, Brooklyn.",-460001.0,2027-12-03,DOT,36577693.0,DOT,74525379.0
0.0,1903-08-03,2023-01-01,2021-09-01T00:00:00.000,NEW SCHOOL,0.0,2026-09-03,SCA,0.0,DOE,155610775.0
1535.0,1901-08-08,2021-07-01,2016-04-29T00:00:00.000,"Install, remove, and furnish equipment for electrical work associated with traffic signals, lighting, and distribution systems in Central Park, Manhattan.",-13849000.0,,DOT,-3323649.6,DOT,40065476.0
1064.0,1902-08-13,2020-01-01,2017-11-01T00:00:00.000,"Rehabilitation of garage that serves Bronx Community District 12 located at 1635 East 233rd Street, Bronx.",0.0,2024-07-31,DSNY,0.0,DSNY,57376185.0
1172.0,1902-09-11,2021-12-01,2019-08-17T00:00:00.000,"Reconstruction of Beard Street in the Red Hook neighborhood of Brooklyn, including raising the streets, reconstruction of roadway, curbs and sidewalk, and installing a new bulkhead and floodwall along the waterfront. The reconstruction/raising for Beard Street will cover two blocks (Van Brunt St. to Dwight St).",0.0,2025-09-30,DDC,86623000.0,Transportation,99486000.0
366.0,1902-10-24,2022-04-01,2019-01-29T00:00:00.000,ADDITION / WORK IN SUPPORT OF ADDITION / FIRE ALARM SYSTEM,0.0,2024-09-03,SCA,5307201.0,DOE,89707695.0
639.0,1901-11-19,2019-01-01,2017-08-01T00:00:00.000,The design and construction of shoreline reconstruction projects necessary to provide Citywide protection from future flooding caused by elevated seal elvels.,0.0,2022-12-31,EDC,0.0,ORR,60422401.0
341.0,1902-09-12,2023-01-01,2019-05-23T00:00:00.000,"Union Turnpike Center Median Replacement from Hollis Court Blvd to 226th Street, Borough of Queens",0.0,2024-08-20,DDC,23766000.0,Transportation,49998000.0
2142.0,1901-03-27,2018-08-01,2017-06-30T00:00:00.000,"Replacement of internal mechanisms, concrete repairs, effluent weirs, scum troughs, grease pit collection system, electrical upgrades, HVAC upgrades, evaluation and improvement of cross collector drainage in 10 PST.",-33000000.0,2021-02-26,DEP,99651290.98,DEP,46500000.0
,1903-09-03,2023-01-01,,,,,DOT,,,51133176.0
184.0,1903-05-30,2022-09-01,2022-03-23T00:00:00.000,Queens Museum of Art - Phase 2,2841000.0,2026-04-28,DDC,2841000.0,Cultural Affairs,32486000.0
1934.0,1901-05-20,2017-09-01,2017-05-30T00:00:00.000,"Replace the Pelham Parkway bridge over Hutchinson Parkway, Bronx.",-274000.43,2024-04-29,DOT,10338071.57,DOT,56521020.0
3241.0,1901-03-24,2017-09-01,2016-02-02T00:00:00.000,"Replacement of thickener pumps, piping, sludge pumps, mixing pumps, recirculation pumps, spray water pumps, and heat exchangers. Install Gravity Belt Thickener, GBT pumps, polymer feed system.  Rehab of Thickeners, Sludge Box, and Distribution Box.",0.0,2023-05-17,DEP,57138101.3,DEP,44247976.6
,1903-10-01,2023-01-01,2014-06-16T00:00:00.000,"STORM & SANITARY SEWERS IN WEST CASTOR PLACE, SI",,2024-07-16,DDC,,Environmental Protection,25486000.0
1949.0,1900-12-12,2022-04-01,2012-01-17T00:00:00.000,"Project 2 Scope: Refurbishment of the existing pier building including: repair of existing pier structure including pile caps and fendering; construction of new emergency generator, electrical, mechanical, fire pump and fire valve rooms; new exit passageway construction and existing exit passageway refurbishment; re-arrangement and refurbishment of the Operations Building interiors; replacement of fire suppression system throughout the entire pier structure; mechanical, electrical and plumbing system upgrades; refurbishment and painting the existing pier interior steel framing and wall/roof surfaces; recoating the  structure's exterior cladding systems including metal wall and roof  panel system and translucent panel wall cladding system.",93915288.23,2022-08-16,DDC,126753576.46,Sanitation,187830576.46
0.0,1903-05-25,2023-01-01,2022-08-01T00:00:00.000,"The scope of this project is the creation of approximately 73,320 square feet of space in a free-standing multi-level tower connected by bridges at third floor of the existing Crossroads building. The addition will house a warehouse, health care service, admission and transportation, education and vocation classrooms and workshops, and critical HVAC infrastructure to serve the new and existing facility, and miscellaneous support spaces. It is proposed the structure will be built on the south-west portion of the site.",0.0,2029-03-01,DDC,310000.0,Child Services,164205000.0
0.0,1903-02-24,2021-07-01,2021-04-15T00:00:00.000,,,,DDC,642000.0,Transportation,42510000.0
1535.0,1901-08-08,2019-05-01,2016-04-29T00:00:00.000,"Install, remove, and furnish equipment for electrical work associated with traffic signals, lighting, and distribution systems in Central Park, Manhattan.",-200000.0,,DOT,-3323649.6,DOT,42528656.0
0.0,1902-12-14,2023-01-01,,Mobile Radios Procurement - Vehicular and Fixed Location Installations,-8074214.27,2024-06-30,FDNY,-8074214.27,,21017747.3
1147.0,1901-03-28,2022-09-01,2019-06-04T00:00:00.000,"Upgrades significant portions of the electrical distribution infrastructure including 3 power center installations, 15 motor control centers, 6 automatic transfer switches and 20 transformers throughout the plant",18732762.04,2028-03-04,DEP,33489860.26,DEP,149106268.26
1029.0,1903-05-24,2022-09-01,2015-01-15T00:00:00.000,TRAVIS AVENUE WIDENING,30000.0,2027-10-22,DDC,50000.0,Transportation,85637000.0
2003.0,1900-04-10,2015-08-01,2003-03-10T00:00:00.000,Repair the bridge superstructure and substructure and install a new concrete-filled steel grid deck.,59835223.81,2019-05-07,DOT,23798213.0,DOT,201932563.81
595.0,1902-01-29,2020-05-01,,,,,DDC,37691000.0,Environmental Protection,
684.0,1901-10-13,2017-09-01,2016-07-15T00:00:00.000,Whitestone Area Storm and Sanitary Sewers Phase 3,,2022-10-07,DDC,15468000.0,Environmental Protection,59922000.0
-8.0,1900-07-24,2019-09-01,2014-10-15T00:00:00.000,Install storm and sanitary sewers at multiple locations.,65000.0,2022-06-28,DDC,62973000.0,Trans. & Env. Protection,98496000.0
790.0,1901-07-13,2020-05-01,2005-07-25T00:00:00.000,Construction of new Sanitation garage facility for services to Brooklyn Community District 3 to be located at Warsoff Place in Brooklyn,0.0,2022-12-31,DSNY,25603365.0,DSNY,204347986.93
-64.0,1903-03-25,2022-09-01,2020-10-27T00:00:00.000,"Project REG-HP06 is for the reconstruction of Regulator HP06 . The work shall include, but is not limited to, the following items:  1. Reconstruction of the existing Diversion Chamber (see attachment labeled 'REG-HP06 As-builts'). 2. Reconstruction of the existing Regulator Chamber (see attachment labeled 'REG-HP06 As-builts'). 3. Rehabilitation of the existing Interceptor (scope previously included in PS-312MX) 4. Replacement of existing instrumentation and monitoring systems, as needed (i.e., sensors, probes, conduits, cables, etc.). 5. Restoration of construction areas as needed (i.e., roadways, sidewalks, etc.) 6. Implementation of an approved plan to maintain regulator and interceptor operations during construction. 7. Shop drawings, as-built drawings, and equipment information.",-195000.0,2025-06-12,DDC,8706000.0,Environmental Protection,63632000.0
626.0,1902-10-04,2022-09-01,2019-07-01T00:00:00.000,"The South Bronx Crosstown SBS capital project (BRT) will add bus pads and construct bus bulbs, curb and median extensions, and pedestrian islands for enhanced pedestrian safety and access improvements.",20000.0,2027-06-01,DDC,3130000.0,Transportation,53738000.0
2180.0,1901-03-07,2014-05-01,2012-07-10T00:00:00.000,Construction of a new storm sewer in 20th Avenue between 126th Street and US Bulkhead.,,2017-06-30,DDC,117177000.0,Environmental Protection,24689000.0
611.0,1902-11-08,2023-01-01,2017-04-01T00:00:00.000,"Project On Hold awaiting potential reprogramming
33rd Street West of 11th Avenue (Hudson Yards)",-1596000.0,2029-10-31,DOT,-1399960.0,EDC,98600144.0
1106.0,1902-04-12,2022-04-01,2017-06-01T00:00:00.000,4TH AVENUE SAFETY IMPROVEMENTS PHASE II - VISION ZERO GREAT STREETS,1000000.0,2024-06-17,DDC,-11525000.0,Transportation,62857000.0
2236.0,1902-02-06,2021-12-01,2017-01-05T00:00:00.000,WATER MAIN REPLACEMENT IN 222 STREET,0.0,2025-07-18,DDC,7195000.0,Environmental Protection,41472000.0
1720.0,1901-08-10,2020-01-01,2017-10-05T00:00:00.000,"Replace the East 156th Street bridge over Access to Housing, Bronx.",331.0,2028-05-03,DOT,-363846.0,DOT,66000331.0
396.0,1903-04-14,2021-07-01,2019-01-02T00:00:00.000,"GREEN INFRASTRUCTURE IN OWLS HEAD TRIBUTARY DRAINAGE AREAS, BROOKLYN",,2026-06-01,DDC,24278000.0,Environmental Protection,36109000.0
1155.0,1902-02-26,2021-12-01,2016-08-31T00:00:00.000,"COMBINED SEWER IN 70TH STREET, QUEENS",9000.0,2023-08-10,DDC,94201000.0,Environmental Protection,123434000.0
1155.0,1902-02-26,2019-05-01,2016-08-31T00:00:00.000,"COMBINED SEWER IN 70TH STREET, QUEENS",1239842.0,2023-08-10,DDC,94201000.0,Environmental Protection,119840000.0
341.0,1902-09-12,2020-05-01,,,,,DDC,23766000.0,Transportation,
2252.0,1900-09-23,2021-03-01,,Upgrade and enhancement of emergency technology infrastructure to improve interoperability and coordination among public safety agencies and improve call processing time to decrease overall response times.,-1290233.99,2022-12-31,DOITT,73735148.87,"FDNY, NYPD",2291308864.74
0.0,1903-08-01,2022-09-01,2021-07-21T00:00:00.000,ADDITION / EXISTING BUILDING WORK-IPDVS / EXISTING BUILDING WORK- ELECTRICAL SYSTEMS,,2025-09-03,SCA,0.0,DOE,77952760.0
256.0,1901-02-12,2019-05-01,2012-03-23T00:00:00.000,"To address existing leaks in the Delaware Aqueduct, a 3-mile bypass tunnel will be constructed near the town of Roseton and the existing tunnel will be repaired near the town of Wawarsing.",-860671.27,2025-12-06,DEP,202552329.25,DEP,882239631.71
2266.0,1901-01-04,2023-01-01,2014-11-24T00:00:00.000,"72"" Trunk Water Main and Combined Sewer Replacement in Flatbush Ave. between Sterling Pl. and 8th Ave., etc., Borough of Brooklyn.",200000.0,2023-09-29,DDC,39272000.0,Environmental Protection,59124000.0
2846.0,1901-11-26,2023-01-01,2018-11-21T00:00:00.000,"Repair the West 35th Street bridge over Amtrak, Manhattan",500000.0,2032-03-05,DOT,-621966.0,DOT,33171034.0
,1903-05-19,2023-01-01,2023-02-15T00:00:00.000,,0.0,,DDC,382000.0,Human Services,127387000.0
0.0,1903-01-14,2021-12-01,2020-03-09T00:00:00.000,ADDITION,0.0,2024-09-03,SCA,0.0,DOE,75767435.0
3253.0,1900-07-11,2018-08-01,2012-06-07T00:00:00.000,"Reconstruction and restoration of Belgian block roadways in the DUMBO and Vinegar Hill communities concurrent with installation of new water main, combined sewers and storm sewers, plus construction of the Pearl Street Triangle Plaza.",52572000.0,2020-03-21,DDC,96724000.0,Transportation,113352000.0
1684.0,1901-02-09,2016-11-01,2008-12-01T00:00:00.000,"This project will rehabilitate the mechanics and the architecture of the Shandaken Tunnel Intake Chamber, which includes the replacement of gates and general site improvements.",3589383.0,2021-05-25,DEP,33535991.2,DEP,53848013.0
505.0,1903-03-26,2022-04-01,2018-06-25T00:00:00.000,SAFE ROUTES TO SCHOOLS - MANHATTAN,400000.0,2025-07-09,DDC,7175000.0,Transportation,45246000.0
2180.0,1901-03-07,2022-09-01,2012-07-10T00:00:00.000,"Storm and sanitary sewers in 20th Ave  between 126th Street and U.S. Bulkhead Line, etc. Water main works.",4417000.0,2023-06-19,DDC,117177000.0,Environmental Protection,141876000.0
1306.0,1901-12-22,2021-07-01,2018-06-11T00:00:00.000,Throgs Neck Pumping Station Rehabilitation and Improvements,9178368.5,2024-05-23,DEP,25708336.86,DEP,65875108.19
1147.0,1901-03-28,2021-12-01,2019-06-04T00:00:00.000,"Upgrades significant portions of the electrical distribution infrastructure including 3 power center installations, 15 motor control centers, 6 automatic transfer switches and 20 transformers throughout the plant",0.0,2026-11-03,DEP,33489860.26,DEP,126585741.22
1517.0,1901-04-22,2019-09-01,2015-06-19T00:00:00.000,"Project to ensure the reliability of the 74 mile upper Catskill Aqueduct, including replacement of mechanical components, leak mitigation, and biofilm removal/condition assessment.",0.0,2021-07-17,DEP,9642889.68,DEP,218654582.2
888.0,1902-05-09,2023-01-01,2019-06-15T00:00:00.000,"The Manhattan Greenway Harlem River project, between West 125th Street and Swindler Cove, involves the creation of a park, greenway, and the reconstruction of the bulkhead.",0.0,2026-09-20,EDC,0.0,DPR,227658000.0
189.0,1903-04-13,2021-12-01,2017-08-01T00:00:00.000,GREEN INFRASTRUCTURE IN OH-015 GRAVESEND BAY CSO PH 3,-8898000.0,2025-05-14,DDC,-372000.0,Environmental Protection,40606000.0
1217.0,1902-09-09,2020-05-01,,,,,DDC,20937000.0,Transportation,
897.0,1902-01-16,2020-01-01,,,,,DDC,75117000.0,Environmental Protection,
92.0,1903-03-16,2022-09-01,2016-04-27T00:00:00.000,Coastal Resiliency -- Parallel Conveyances,25550000.0,2026-09-11,DDC,32327000.0,Parks & Recreation,200111000.0
273.0,1903-05-01,2022-09-01,2020-03-02T00:00:00.000,Rehabilitation of the Queens 8/10/12 Garage located at Bergen Landing  at 130-23 150th Avenue Queens,0.0,2028-06-30,DSNY,8964000.0,DSNY,41567000.0
1238.0,1902-02-22,2022-09-01,2016-01-04T00:00:00.000,Installation of storm sewers at 224th St and 149th Ave and along the access road through Idlewild Parks known as Springfield Lane (Spine Farmers Blvd),465000.0,2026-03-29,DDC,155854000.0,Environmental Protection,157553000.0
1415.0,1902-01-10,2020-05-01,,,,,DDC,22503000.0,Transportation,
2180.0,1901-03-07,2016-06-01,2012-07-10T00:00:00.000,Construction of a new storm sewer in 20th Avenue between 126th Street and US Bulkhead.,30279000.0,2019-01-30,DDC,117177000.0,Environmental Protection,125932000.0
-67.0,1902-04-13,2021-03-01,2020-09-15T00:00:00.000,"CAT-213FAC Reconstruction of the Ashokan Reservoir Headworks.  This Contract is for design services.  The Headworks include the Upper and Lower Gate Chambers, the Screen Chamber and inter-connecting aquedcuts.",-9064365.0,2031-12-21,DEP,41950858.0,DEP,311610618.75
636.0,1902-07-30,2021-12-01,2019-09-27T00:00:00.000,Reconstruction Of Primary Tanks at Bowery Bay WPCP,29085232.0,2027-07-09,DEP,74442173.0,DEP,128275608.0
417.0,1903-05-02,2022-09-01,2021-02-22T00:00:00.000,"This project will reconstruct the entrances, paths, plaza and drainage infrastructure at Fort Greene Park.",0.0,2025-05-10,DPR,0.0,DPR,29284800.0
913.0,1902-09-17,2021-03-01,,,,,DDC,29337000.0,Environmental Protection,
914.0,1902-10-01,2023-01-01,2018-04-25T00:00:00.000,FUEL TANK REPLACEMENT,0.0,2024-10-04,DDC,-6429000.0,DCAS,25716000.0
1706.0,1901-04-28,2021-07-01,2014-12-01T00:00:00.000,Interior fit-out of the south site cultural unit.,0.0,2022-12-31,EDC,36789601.16,DCLA,51070000.0
1415.0,1902-01-10,2019-01-01,2016-12-16T00:00:00.000,Reconstruction of Arthur Kill Road From Clark Avenue to Richmond Avenue including widening of roadway,265000.0,2025-03-02,DDC,22503000.0,Transportation,40162000.0
1253.0,1901-05-17,2020-05-01,2017-05-30T00:00:00.000,"Replace/Rehab the West Tremont Avenue bridge over the Metro North line, located in the Bronx.",-425000.0,2026-11-27,DOT,37794543.0,DOT,57644487.0
913.0,1902-09-17,2020-01-01,,,,,DDC,29337000.0,Environmental Protection,
1712.0,1901-02-26,2022-04-01,2013-07-01T00:00:00.000,This project will replace the 10 existing pump and blower engines with electric motors for the main sewage pumps and a new cogeneration facility consisting of 5 new dual fuel engines and electrical service distribution upgrades.,14212906.75,2023-06-28,DEP,134242052.88,DEP,280757676.88
730.0,1901-07-28,2022-09-01,2017-04-01T00:00:00.000,The Project will improve the roadways and pedestrian facilities. The Project will consist of roadway reconstruction within Exterior Street between East 138th Street and East 150th Street.,0.0,2023-09-01,EDC,-5100000.0,EDC,84520367.0
,1902-12-06,2022-09-01,,,64811399.0,,DOT,-19999521.0,DOT,256354467.0
1684.0,1901-06-05,2020-05-01,2015-11-13T00:00:00.000,Power Distribution at Bowery Bay WWTP.,316.47,2023-01-27,DEP,24235381.01,DEP,68873764.13
516.0,1902-08-05,2020-01-01,2019-09-03T00:00:00.000,"Reconstruction of main sewage pumps and ancillary components including suction valves, suction piping, seal water system, pressure gauges, suction header, etc. New MSP's should meet the new design parameter of N+2 redundancy during wet weather flow",7537200.0,2025-02-04,DEP,26923720.62,DEP,54813236.0
636.0,1902-12-08,2021-07-01,2020-01-06T00:00:00.000,,-883000.0,2027-12-14,DOT,-785268.0,NYC Parks,28153244.0
1684.0,1901-02-09,2015-08-01,2008-12-01T00:00:00.000,"This project will rehabilitate the mechanics and the architecture of the Shandaken Tunnel Intake Chamber, which includes the replacement of gates and general site improvements.",-519858.0,2020-04-03,DEP,33535991.2,DEP,45128381.0
1400.0,1901-06-02,2020-05-01,,,,,DDC,10136496.0,Transportation,
2085.0,1901-06-27,2019-05-01,2014-09-01T00:00:00.000,The priority mitigation projects at Coler include key critical mitigation projects to improve the resiliency of the campus.,0.0,2020-10-31,EDC,0.0,H+H,23156983.99
1919.0,1901-07-26,2021-03-01,2017-08-01T00:00:00.000,"Construction of new Sanitation garage facility to serve Bronx community districts 9, 10, and 11 to be located at Zerega Avenue in the Bronx",0.0,2029-09-30,DSNY,268983862.56,DSNY,337050342.66
1355.0,1901-08-02,2019-05-01,2017-10-22T00:00:00.000,Construction of New Anaerobic Digesters,-7119700.0,2024-10-22,DEP,72852004.14,DEP,428531400.0
0.0,1903-02-24,2022-09-01,2021-04-15T00:00:00.000,,360000.0,2028-09-01,DDC,642000.0,Transportation,42952000.0
1086.0,1901-07-03,2020-05-01,2017-11-22T00:00:00.000,"CSO Facilities, bulkheads, pilots and other requirements to comply with Gowanus Canal Superfund Adminstrative Orders",0.0,2031-07-07,DEP,432995114.0,DEP,1446700000.0
803.0,1901-06-22,2020-05-01,2018-04-16T00:00:00.000,"Rehabilitation of Boston Road Bridge over Hutchinson River, located in the Bornx.",3320000.0,2024-06-25,DOT,49309814.0,DOT,81002092.0
1106.0,1902-04-12,2019-09-01,2017-06-01T00:00:00.000,4TH AVENUE SAFETY IMPROVEMENTS PHASE II - VISION ZERO GREAT STREETS,4375000.0,2022-04-06,DDC,-11525000.0,Transportation,62844000.0
,1903-05-26,2023-01-01,,"The scope of this project is the creation of approximately 72,500 square feet of space in a free-standing multi-level tower connected by bridges at the second floor of the existing Horizon building. The addition will house a commercial kitchen, dining hall, health care service, warehouse, education and vocation classrooms and workshops, and critical HVAC infrastructure to serve the new building and the existing facility, and miscellaneous support spaces. It is proposed the structure will be built on the north-east portion of the site.",0.0,,DDC,295000.0,Child Services,158635000.0
2180.0,1901-03-07,2023-01-01,2012-07-10T00:00:00.000,"Storm and sanitary sewers in 20th Ave  between 126th Street and U.S. Bulkhead Line, etc. Water main works.",-10000.0,2023-06-19,DDC,117177000.0,Environmental Protection,141866000.0
612.0,1902-08-30,2021-07-01,2019-02-01T00:00:00.000,"This project will stabilize and reconstruct portions of the East River Esplanade from East 62nd Street to East 63rd Street, at East 76th Street, and from East 90th Street to East 94th Street.",0.0,2024-02-24,DPR,3616645.26,DPR,73676645.26
3238.0,1900-12-29,2014-01-01,2012-08-03T00:00:00.000,"This project will reconstruct the Hannah St. Pumping Station, the largest City-owned wastewater collection and pumping station on Staten Island.  Built in 1977, the facility has numerous deficiencies, needing  a comprehensive upgrade.",-1600000.0,2018-01-31,DEP,67909196.8,DEP,40200000.0
1891.0,1900-11-08,2019-09-01,2014-01-01T00:00:00.000,This project will upgrade the Borden Ave Pump Station by expanding its footprint; providing replacement equipment; converting dry well to wet well; and providing provisions for future project to expand capacity of pump station to 26 MGD.,2100000.0,2024-01-14,DEP,-4338327.57,DEP,33671569.0
2252.0,1900-09-23,2018-03-01,,Upgrade and enhancement of emergency technology infrastructure to improve interoperability and coordination among public safety agencies and improve call processing time to decrease overall response times.,39801181.71,2019-10-31,DOITT,73735148.87,"FDNY, NYPD",2251510261.71
0.0,1903-04-02,2022-09-01,2022-03-18T00:00:00.000,,0.0,2025-08-11,DDC,136000.0,Parks & Recreation,36404000.0
226.0,1900-07-09,2014-05-01,2008-06-10T00:00:00.000,"Reconstruction of Wyckoff Avenue from Flushing Avenue to Cooper Avenue, in the Boroughs of Brooklyn and Queens.",60000.0,2035-07-16,DDC,43926000.0,Trans. & Env. Protection,28787000.0
834.0,1902-07-20,2020-05-01,2019-09-06T00:00:00.000,Rehabilitation  of Union Turnpike  Bridge over Cross Island Parkway,400000.0,2027-06-21,DOT,3378281.0,DOT,66352022.0
3238.0,1900-12-29,2018-03-01,2012-10-01T00:00:00.000,"This project will reconstruct the Hannah St. Pumping Station, the largest City-owned wastewater collection and pumping station on Staten Island.  Built in 1977, the facility has numerous deficiencies, needing  a comprehensive upgrade.",1333660.0,2020-11-01,DEP,67909196.8,DEP,67253660.0
3597.0,1900-07-22,2015-08-01,2013-02-13T00:00:00.000,"Reconstruct roadway and extend storm and sanitary sewers in portions of Brookville Boulevard, Edgewood Street, 147th Avenue, and adjacent streets west of 241st Street.",496000.0,2019-09-26,DDC,106503000.0,Transportation,29883000.0
487.0,1902-05-08,2022-09-01,2017-10-01T00:00:00.000,The East Midtown Waterfront Greenway project involves the creation of a waterfront esplanade between East 53rd and East 59th Streets.,0.0,2023-12-31,EDC,24840000.0,EDC,154840000.0
1630.0,1902-04-26,2020-05-01,,,,,DDC,14480000.0,Transportation,
1693.0,1901-08-14,2020-10-01,2020-01-02T00:00:00.000,Replace the Ramp to northbound Henry Hudson Parkway over Amtrak in Manhattan.,1638625.0,2030-08-27,DOT,500625.0,DOT,55689625.0
2857.0,1901-03-25,2019-05-01,2015-12-23T00:00:00.000,"Replacement of six bar screens, grit bin vibrator, six ring flushing pumps, six main sewage pumps and assoc. piping/valves and motor control center, replacement of four exhaust fans, gas and oxygen detectors and a 15 KVA transformer",11900003.99,2024-02-10,DEP,31867440.0,DEP,59358513.99
0.0,1903-05-04,2021-12-01,2020-10-26T00:00:00.000,ADDITION,,2024-09-03,SCA,0.0,DOE,81207595.0
365.0,1902-08-06,2019-05-01,2017-11-17T00:00:00.000,Design and construction of a new school,,2022-09-03,SCA,-221356.0,DOE,66279759.0
1706.0,1901-04-28,2020-05-01,2014-12-01T00:00:00.000,Interior fit-out of the south site cultural unit.,0.0,2023-04-02,EDC,36789601.16,DCLA,51070000.0
1421.0,1901-10-28,2020-10-01,2019-04-15T00:00:00.000,"Reconstruction of Aqueduct structures; Replacement of mechanical equipment; cleaning the aqueduct interior & rehabilitation & repair of cracks & leaks. All relevent assessments, investigations, piloting, plans and reports.",-122500000.0,2027-03-29,DEP,-65760729.0,DEP,170260845.0
0.0,1903-03-15,2021-12-01,2016-04-27T00:00:00.000,INSTALLATION OF EAST SIDE COASTAL RESILIENCY (ESCR) PROJECT AREA 2 FROM EAST 15TH STREET TO EAST 25TH STREET,6239000.0,2024-10-13,DDC,448000.0,Parks & Recreation,223136000.0
790.0,1901-07-13,2021-03-01,2005-07-25T00:00:00.000,Construction of new Sanitation garage facility for services to Brooklyn Community District 3 to be located at Warsoff Place in Brooklyn,0.0,2022-12-31,DSNY,25603365.0,DSNY,204347986.93
318.0,1903-02-27,2021-07-01,2021-05-06T00:00:00.000,,,2025-10-13,DDC,100000.0,FDNY,57786000.0
1521.0,1902-02-08,2019-09-01,2017-03-06T00:00:00.000,"The project is to extend the useful life of the facility through rehabilitation of the building structure and systems. This shall include: structural work, replacement of building MEP systems, architectural upgrade and replacement in kind of sidewalks and driveways",6197000.0,2023-07-01,DDC,36221000.0,Sanitation,68094000.0
1355.0,1901-08-02,2019-01-01,2017-10-22T00:00:00.000,Construction of New Anaerobic Digesters,114000000.0,2023-09-18,DEP,72852004.14,DEP,435651100.0
2032.0,1901-02-06,2019-09-01,,"The EPIC - EMR Program: Electronic Medical Records (EMR) System - a single enterprise-wide EMR to meet the needs of HHC's expansive size and improve patient care will replace the legacy EMR - QuadraMed, which is over 25 years old.",0.0,2019-12-07,HHC,15184947.0,H+H,764063231.0
790.0,1901-07-13,2019-09-01,2005-07-25T00:00:00.000,Construction of new Sanitation garage facility for services to Brooklyn Community District 3 to be located at Warsoff Place in Brooklyn,-10.0,2022-12-31,DSNY,25603365.0,DSNY,204347976.93
2266.0,1901-01-04,2021-12-01,2014-11-24T00:00:00.000,"72"" Trunk Water Main and Combined Sewer Replacement in Flatbush Ave. between Sterling Pl. and 8th Ave., etc., Borough of Brooklyn.",-195000.0,2023-09-29,DDC,39272000.0,Environmental Protection,56360000.0
-67.0,1902-04-13,2022-04-01,2020-08-07T00:00:00.000,CAT-213,13832112.0,2027-11-04,DEP,41950858.0,DEP,333066831.75
340.0,1903-03-19,2022-04-01,2021-07-26T00:00:00.000,Fire Alarm and Sprinklers Upgrade,0.0,2026-09-11,DDC,0.0,DCAS,44469000.0
1113.0,1901-02-08,2021-03-01,2004-03-18T00:00:00.000,"Gilboa Dam Reconstruction Project includes construction of a new low level outlet (LLO) consisting of 2,000 feet of tunneling, an access shaft, oulet structure and gate valve controls.",1641566.44,2022-05-16,DEP,10376533.49,DEP,206344514.21
753.0,1902-03-01,2021-03-01,,,,,DDC,101452000.0,Environmental Protection,
318.0,1903-02-27,2023-01-01,2021-05-06T00:00:00.000,,0.0,2026-08-27,DDC,100000.0,FDNY,57886000.0
2445.0,1901-03-19,2021-07-01,2014-06-17T00:00:00.000,Reconstruction of the Port Jervis WWTP as required based on the effluent limits proposed by the Delaware River Basin Commission (DRBC),-7945152.0,2025-05-21,DEP,9428438.55,DEP,59709566.99
2445.0,1901-03-19,2021-03-01,2014-06-17T00:00:00.000,Reconstruction of the Port Jervis WWTP as required based on the effluent limits proposed by the Delaware River Basin Commission (DRBC),7288452.0,2025-06-18,DEP,9428438.55,DEP,67654718.99
2445.0,1901-03-19,2018-08-01,2014-06-17T00:00:00.000,Reconstruction of the Port Jervis WWTP as required based on the effluent limits proposed by the Delaware River Basin Commission (DRBC),6263016.05,2021-11-19,DEP,9428438.55,DEP,56765729.45
1155.0,1902-02-26,2022-04-01,2016-08-31T00:00:00.000,"COMBINED SEWER IN 70TH STREET, QUEENS",1339000.0,2023-08-10,DDC,94201000.0,Environmental Protection,124773000.0
302.0,1903-03-30,2022-09-01,2017-08-01T00:00:00.000,GREEN INFRASTRUCTURE IN OH-015 GRAVESEND BAY CSO PH 1,6551000.0,2026-08-12,DDC,21181000.0,Environmental Protection,47788000.0
1248.0,1901-10-26,2021-12-01,2015-09-15T00:00:00.000,Replace existing administration wing; provide new parking and new inspection lane within the facility.,-2000.0,2025-03-24,DDC,75370000.0,DCAS,152356000.0
341.0,1902-09-12,2021-03-01,,,,,DDC,23766000.0,Transportation,
406.0,1902-02-07,2022-04-01,2017-07-14T00:00:00.000,"The Department of Sanitation of the City of New York (DSNY) is planning to develop a Staten Island Districts 1 and 3 campus that will include a new garage serving both districts and renovation of the existing Borough Repair Shop.  The site is to be reconfigured with new grading and drainage, new covered salt storage, new outdoor fueling, new household special waste collection, outdoor DSNY truck parking and a new force main sanitary line to connect to the NYC DEP sewer.",10936000.0,2024-01-23,DDC,68555000.0,Sanitation,201090000.0
1949.0,1900-12-12,2019-09-01,2012-01-17T00:00:00.000,"Project 2 Scope: Refurbishment of the existing pier building including: repair of existing pier structure including pile caps and fendering; construction of new emergency generator, electrical, mechanical, fire pump and fire valve rooms; new exit passageway construction and existing exit passageway refurbishment; re-arrangement and refurbishment of the Operations Building interiors; replacement of fire suppression system throughout the entire pier structure; mechanical, electrical and plumbing system upgrades; refurbishment and painting the existing pier interior steel framing and wall/roof surfaces; recoating the  structure's exterior cladding systems including metal wall and roof  panel system and translucent panel wall cladding system.",22000.0,2020-08-27,DDC,126753576.46,Sanitation,103223000.0
1197.0,1901-06-23,2020-05-01,2018-04-01T00:00:00.000,Resiliency betterments for Battery Park and West Street underpasses.,375000.0,,DOT,47923308.0,DOT,20120529.0
389.0,1903-04-05,2021-07-01,2018-06-28T00:00:00.000,,,2024-12-08,DDC,493000.0,Libraries-BPL,35381000.0
730.0,1901-07-28,2021-07-01,2017-04-01T00:00:00.000,The Project will improve the roadways and pedestrian facilities. The Project will consist of roadway reconstruction within Exterior Street between East 138th Street and East 150th Street.,0.0,2023-05-01,EDC,-5100000.0,EDC,84520367.0
0.0,1903-01-07,2022-04-01,2019-09-23T00:00:00.000,ADDITION / EXISTING SCHOOL RENOVATION WORK,0.0,2024-09-03,SCA,0.0,DOE,70834393.0
1064.0,1902-08-13,2021-07-01,2017-11-01T00:00:00.000,"Rehabilitation of garage that serves Bronx Community District 12 located at 1635 East 233rd Street, Bronx.",0.0,2026-07-31,DSNY,0.0,DSNY,57376185.0
1796.0,1902-09-24,2020-01-01,,,,,DDC,1077000.0,Environmental Protection,
298.0,1902-12-27,2021-12-01,2021-03-23T00:00:00.000,"Provide design and design services during construction for the dam refacing, and drainage work at Cross River and Croton Falls Dams, including but not limited to resurface fascia, address seepage from the dams face.",0.0,2026-09-14,DEP,23950000.0,DEP,45195800.0
641.0,1902-11-05,2021-07-01,2021-04-30T00:00:00.000,"Design & DSDC for the upgrade of three NYCDEP Pumping Stations. The scope of the project is to provide a safe, reliable, efficient, resilient and low maintenance pumping station for the Operating Bureau.",0.0,2024-07-04,DEP,45860651.8,DEP,110301093.0
0.0,1903-01-10,2022-09-01,2020-01-16T00:00:00.000,NEW SCHOOL,0.0,2024-09-03,SCA,0.0,DOE,80833865.0
2797.0,1900-04-15,2019-09-01,2005-04-01T00:00:00.000,"Replace deteriorated members of lift span superstructure, concrete deck, lift electrical and mechanical systems, and fenders.",-5809999.0,,DOT,39724388.0,DOT,184323980.0
1448.0,1901-04-20,2016-11-01,2016-06-22T00:00:00.000,"Reconstruction of Service Roads and milling and resurfacing of the main roadways on Grand Concourse from E175 Street to E Fordham Road, including median works and ped refuges.",-75000.0,2019-10-27,DDC,57634000.0,Transportation,63254000.0
-98.0,1903-03-03,2022-04-01,2020-03-02T00:00:00.000,12TH AVENUE ACCESSIBILITY IMPROVEMENTS,51571000.0,2027-01-06,DDC,51571000.0,Transportation,109491000.0
913.0,1902-08-19,2020-01-01,2015-09-30T00:00:00.000,Mixed-use residential community on Staten Island's North Shore.,0.0,2024-11-01,EDC,100733778.0,EDC,98407645.0
345.0,1902-08-03,2022-04-01,2021-11-09T00:00:00.000,Rehabilitation of the Final Settling Tanks at Owls Head Wastewater Resources Recovery Facility.,-4042260.0,2029-05-25,DEP,-3573164.0,DEP,208757740.0
0.0,1903-02-25,2023-01-01,2018-04-26T00:00:00.000,Vision Zero - Queens Boulevard - Segment 3: Eliot Avenue to Yellowstone Boulevard. Variety of safety and streetscape improvements including partial street reconstruction and resurfacing to address roadway conditions.,0.0,2032-08-30,DDC,0.0,Transportation,99344000.0
189.0,1903-04-13,2021-07-01,2017-08-01T00:00:00.000,GREEN INFRASTRUCTURE IN OH-015 GRAVESEND BAY CSO PH 3,,2025-05-14,DDC,-372000.0,Environmental Protection,49504000.0
888.0,1902-05-09,2020-05-01,2019-06-15T00:00:00.000,"The Manhattan Greenway Harlem River project, between West 125th Street and Swindler Cove, involves the creation of a park, greenway, and the reconstruction of the bulkhead.",0.0,2024-06-30,EDC,0.0,DPR,227658000.0
0.0,1903-02-24,2023-01-01,2021-04-15T00:00:00.000,,200000.0,2028-09-01,DDC,642000.0,Transportation,43152000.0
1854.0,1901-06-28,2020-10-01,2014-01-01T00:00:00.000,"Priority mitigation projects for the repair/restoration and hazard mitigation for Bellevue Hospital, damaged during Superstorm Sandy",0.0,2022-04-30,EDC,0.0,H+H,45171439.0
1211.0,1902-04-19,2019-05-01,2019-04-03T00:00:00.000,"Demolition and rebuild of the existing structures housing the equipment and related facilities necessary for the production, storage and distribution of asphalt at the NYC Harper Street Asphalt Plant facility. All of the existing equipment, storage facilities, and related buildings will be replaced with a new state of the art plant. In addition, the work will involve installing sanitary and storm drainage systems to comply with current government regulatory standard",1063745.0,2023-12-04,DDC,55883745.0,Transportation,41777000.0
487.0,1902-05-08,2021-07-01,2017-10-01T00:00:00.000,The East Midtown Waterfront Greenway project involves the creation of a waterfront esplanade between East 53rd and East 59th Streets.,0.0,2022-11-30,EDC,24840000.0,EDC,130000000.0
406.0,1902-02-07,2019-05-01,2017-07-14T00:00:00.000,"The Department of Sanitation of the City of New York (DSNY) is planning to develop a Staten Island Districts 1 and 3 campus that will include a new garage serving both districts and renovation of the existing Borough Repair Shop.  The site is to be reconfigured with new grading and drainage, new covered salt storage, new outdoor fueling, new household special waste collection, outdoor DSNY truck parking and a new force main sanitary line to connect to the NYC DEP sewer.",-309000.0,2023-12-17,DDC,68555000.0,Sanitation,175532000.0
1706.0,1901-04-28,2017-04-01,2014-12-01T00:00:00.000,Interior fit-out of the south site cultural unit.,-27201689.8,2019-08-31,EDC,36789601.16,DCLA,7326030.9
406.0,1902-02-07,2021-03-01,,,,,DDC,68555000.0,Sanitation,
714.0,1901-03-18,2021-03-01,2016-10-11T00:00:00.000,Replacement of the Esopus Creek Bridge & Route 28A Railroad Bridge,-35344667.0,2025-06-19,DEP,-50461071.35,DEP,51210279.96
753.0,1902-03-01,2020-10-01,,,,,DDC,101452000.0,Environmental Protection,
1908.0,1901-08-06,2022-09-01,2016-04-13T00:00:00.000,"Rehabilitate approach arches and towers of Brooklyn Bridge.  Including masonry cleaning, masonry repairs, repointing, rehabilition of transverse walls, new infill walls of the approach arch blocks.  Clean and repoint the tower masonry, reinforce the gothic arches of the towers, and rehabilitate the tower tops.",88996374.0,2024-02-20,DOT,33135732.1,DOT,436629674.0
1970.0,1901-08-16,2022-04-01,2015-04-09T00:00:00.000,"This project includes the replacement of the upper roadway's deck on the main bridge along with steel repairs, fire standpipes, and lighting upgrades.",-18497245.0,2024-03-13,DOT,8567339.67,DOT,364535769.0
1712.0,1901-02-26,2020-05-01,2013-07-01T00:00:00.000,"NR-COGEN, ACECOGEN, SANDNR",24086246.2,2022-11-30,DEP,134242052.88,DEP,279097501.0
-388.0,1900-06-18,2016-06-01,2012-12-03T00:00:00.000,"Roadway reconstruction Bergen Avenue and vicinity, includes sections of: Avenues N, T, U, V, W, X and Y; 66th Street and 69th through 75th Streets; Veterans Avenue and Royce Street.",12575000.0,2026-07-18,DDC,45837000.0,Transportation,34959000.0
642.0,1901-10-12,2018-03-01,2013-03-15T00:00:00.000,"Whitestone Area, Willets Point Blvd, Queens",0.0,2021-08-27,DDC,41243000.0,Environmental Protection,69282000.0
1400.0,1901-06-02,2021-12-01,2016-08-04T00:00:00.000,"PED. SAFETY UPGRADES ON ATLANTIC AVE - PH 2, BROOKLYN",-596000.0,2024-05-30,DDC,10136496.0,Transportation,39544000.0
304.0,1903-05-08,2022-09-01,,"Comprehensive modernization of  existing end-of-life DataShare and DataBridge platforms to guarantee DoITT can maintain ongoing support, evolution, and growth of the DoITT agency-integration and data-sharing eco-system",0.0,2025-04-30,DOITT,0.4,DoITT,92807745.17
2445.0,1901-03-19,2020-01-01,2014-06-17T00:00:00.000,Reconstruction of the Port Jervis WWTP as required based on the effluent limits proposed by the Delaware River Basin Commission (DRBC),-13140622.0,2024-08-03,DEP,9428438.55,DEP,43350000.0
2252.0,1900-09-23,2019-01-01,,Upgrade and enhancement of emergency technology infrastructure to improve interoperability and coordination among public safety agencies and improve call processing time to decrease overall response times.,-31890794.32,2019-10-31,DOITT,73735148.87,"FDNY, NYPD",2246326457.23
829.0,1902-10-07,2021-07-01,2018-06-07T00:00:00.000,RECONSTRUCTION OF STREETS IN ROSEDALE AREA - PHASE 2,7510000.0,2026-03-13,DDC,61291000.0,Transportation,46870000.0
1816.0,1901-05-16,2020-01-01,2016-08-30T00:00:00.000,Repair the northbound FDR from East 42nd to 49th Streets.,499508.0,,DOT,-2802822.0,DOT,99615178.0
1568.0,1901-06-19,2023-01-01,2006-08-01T00:00:00.000,"Repair Park Avenue tunnel, located in Midtown, Manhattan.",3041858.0,2023-05-02,DOT,-17773389.61,DOT,46066272.0
0.0,1903-01-12,2021-07-01,2020-02-24T00:00:00.000,ADDITION,,2024-09-03,SCA,0.0,DOE,67965151.0
1279.0,1901-12-23,2022-09-01,,"The Epic Revenue Cycle system will be  enterprise-wide and help increase revenue (by proper billing of services provided) in addition to ensuring patient safety and improved patient care, a top priority in workflows.",0.0,2023-12-31,HHC,0.0,H+H,289117990.0
246.0,1903-05-28,2021-12-01,2021-08-10T00:00:00.000,,,2022-08-09,DDC,952000.0,Parks & Recreation,53400000.0
730.0,1901-07-28,2018-08-01,2017-04-01T00:00:00.000,The Project will improve the roadways and pedestrian facilities. The Project will consist of roadway reconstruction within Exterior Street between East 138th Street and East 150th Street.,0.0,2022-04-01,EDC,-5100000.0,EDC,84520367.0
1845.0,1901-07-11,2019-01-01,2017-10-03T00:00:00.000,"Repair the Cross Island bridge over 115th Avenue/Dutch Broadway, Queens.",4000.0,2023-09-08,DOT,17528706.0,DOT,25668171.0
1290.0,1901-07-27,2019-01-01,2016-06-08T00:00:00.000,"This project is construction of infrastructure and streetscape improvements in Sunset Park from 37th to 43rd Streets, between the Gowanus Expressway and the waterfront - to activate the waterfront and promote future development.",0.0,2022-03-28,EDC,31633941.69,Mayor's Office,37500000.0
1906.0,1901-09-09,2023-01-01,2016-08-11T00:00:00.000,Vision Zero - Queens Boulevard - Segment 1: Roosevelt Avenue to 73rd Street. Variety of safety and streetscape improvements including partial street reconstruction and resurfacing to address roadway conditions,0.0,2029-02-01,DDC,176245000.0,Transportation,251711000.0
0.0,1903-01-01,2023-01-01,2019-06-17T00:00:00.000,NEW SCHOOL,0.0,2023-09-03,SCA,0.0,DOE,38697915.0
1449.0,1900-05-10,2020-10-01,2017-08-15T00:00:00.000,"Replace the 49th Avenue bridge over Long Island Railroad and Amtrak in Hunters Point, Queens.",209419.0,2026-02-09,DOT,32902419.0,DOT,118083419.0
525.0,1902-11-04,2022-09-01,2022-09-01T00:00:00.000,"Design for the reconstruction or  rehabilitation of the Paerdegat, Avenue U, and 19th Street Pumping Stations.",-8003328.0,2027-05-09,DEP,-8003328.0,DEP,101030936.0
729.0,1902-10-09,2023-01-01,2019-09-16T00:00:00.000,"THE FIFTH PHASE OF THE RECONSTRUCTION OF THE GRAND CONCOURSE WILL CONTINUE THE DESIGN AND SAFETY IMPROVEMENTS IMPLEMENTED IN THE PREVIOUS PHASES OF THIS VISION ZERO GREAT STREETS PROJECTS. . AS IN THE PREVIOUS PHASES, PHASE 5 WILL INCLUDE THE RECONSTRUCTION OF THE CONCOURSES SERVICE ROADS AND RESURFACING OF THE MAINLINE ROADWAY WHERE NECESSARY.",2698000.0,2027-09-12,DDC,26673000.0,Transportation,105594000.0
1389.0,1901-12-20,2021-07-01,2017-08-18T00:00:00.000,RECONSTRUCTION OF SEA WALL AND DOCK AT OWLS HEAD WWTP,2215957.6,2023-10-11,DEP,10985726.8,DEP,65618513.0
1309.0,1902-10-12,2021-07-01,2016-11-30T00:00:00.000,"This project will construct synthetic turf athletic fields, roadways, a parking lot with associated landscaping and stormwater management, multi-use and pedestrian paths, benches, signage, fencing, and lighting, and restore woodlands and wetlands.",1165413.72,2024-04-17,DPR,1436858.72,DPR,39111000.0
2003.0,1900-04-10,2021-12-01,2003-03-10T00:00:00.000,Repair the bridge superstructure and substructure and install a new concrete-filled steel grid deck.,3351704.0,2022-12-08,DOT,23798213.0,DOT,142216437.0
-78.0,1901-12-30,2019-01-01,2012-01-10T00:00:00.000,"Construction of a new 18,000 sq.ft. Branch Library employing the latest technology and sustainable design.",,2023-08-16,DDC,-623757.91,Libraries-QBPL,40155315.0
0.0,1903-07-28,2023-01-01,2021-05-12T00:00:00.000,LEASE,0.0,2024-09-03,SCA,0.0,DOE,29739635.0
3241.0,1901-03-24,2016-06-01,2016-02-02T00:00:00.000,"Replacement of thickener pumps, controls/piping, digested sludge pumps, sludge mixing pumps, sludge recirculation pumps, spray water pumps, and seal water pumps. Installation of GBT and rehab of GTs",500000.0,2022-01-12,DEP,57138101.3,DEP,45179659.0
1687.0,1901-03-29,2020-10-01,,,,,DDC,25547000.0,Environmental Protection,
227.0,1903-06-24,2022-04-01,2019-10-17T00:00:00.000,,,2025-03-07,DDC,828000.0,Fire,34283000.0
1517.0,1901-04-22,2020-05-01,2015-06-19T00:00:00.000,"Project to ensure the reliability of the 74 mile upper Catskill Aqueduct, including replacement of mechanical components, leak mitigation, and biofilm removal/condition assessment.",20017126.0,2021-07-09,DEP,9642889.68,DEP,233739083.0
1097.0,1902-02-28,2023-01-01,2018-05-09T00:00:00.000,"SPRINGFIELD GARDENS RECONSTRUCTION PHASE 5; STORM AND SANITARY SEWER EXTENSIONS AND UPGRADES AND WATER MAIN REPLACEMENT IN 146TH AVENUE BETWEEN 153RD PLACE AND 159TH STREET, ETC, BOROUGH OF QUEENS (HWQ662G)",0.0,2027-09-15,DDC,35414000.0,Environmental Protection,113177000.0
0.0,1903-05-04,2022-04-01,2020-10-26T00:00:00.000,ADDITION,0.0,2024-09-03,SCA,0.0,DOE,81207595.0
727.0,1902-01-31,2018-08-01,2017-09-14T00:00:00.000,"New 116Th Precinct at 244-04 North Conduit Avenue, Queens, NY 11442.  Design and build of a 45,700 SF building on existing City owned property.",38900.86,2022-04-05,DDC,33852900.86,Police,76950000.0
1684.0,1901-06-05,2016-11-01,2015-11-13T00:00:00.000,Power Distribution at Bowery Bay WWTP.,708788.0,2021-02-03,DEP,24235381.01,DEP,46208326.0
1036.0,1902-05-11,2020-10-01,2019-06-13T00:00:00.000,Reconstruction of bulkhead and piers at 79th St Boat Basin on behalf of NYCDPR .,0.0,2023-08-30,EDC,-1131246.67,DPR,89219175.0
,1903-06-04,2022-09-01,,Remediation of legacy systems that exist on System’s network. Legacy systems are those systems (including Operation Systems) which are no longer supported by the vendor and do not get security updates/patches,50000000.0,,HHC,50000000.0,HHC,50000000.0
1215.0,1901-05-30,2022-09-01,2014-03-17T00:00:00.000,"Reconstruction of Storm and Sanitary sewer, Trunk and distribution water main in Coney Island area - Phase 3A, Borough of Brooklyn",406000.0,2023-11-27,DDC,25273000.0,Environmental Protection,63426000.0
1891.0,1900-11-08,2016-06-01,2014-01-01T00:00:00.000,This project will construct a blower facility and install a diffused aeration system in Dutch Kills and Newtown Creek to increase dissolved oxygen content in the project area to meet DEC standards for the water body.,-1041564.0,2020-01-05,DEP,-4338327.57,DEP,40468019.0
2180.0,1901-03-07,2019-01-01,2012-07-10T00:00:00.000,Construction of a new storm sewer in 20th Avenue between 126th Street and US Bulkhead.,377000.0,2021-06-29,DDC,117177000.0,Environmental Protection,132688000.0
0.0,1903-01-12,2022-09-01,2020-02-24T00:00:00.000,ADDITION,0.0,2024-09-03,SCA,0.0,DOE,67965151.0
1355.0,1901-08-02,2021-03-01,2017-10-22T00:00:00.000,Construction of New Anaerobic Digesters,6341979.0,2026-01-07,DEP,72852004.14,DEP,458653902.0
1215.0,1901-05-30,2021-07-01,2014-03-17T00:00:00.000,"Reconstruction of Storm and Sanitary sewer, Trunk and distribution water main in Coney Island area - Phase 3A, Borough of Brooklyn",1376000.0,2023-11-27,DDC,25273000.0,Environmental Protection,62922000.0
2113.0,1901-01-22,2020-05-01,,,,,DDC,-7266000.0,Environmental Protection,
642.0,1901-10-12,2017-09-01,2013-03-15T00:00:00.000,"Whitestone Area, Willets Point Blvd, Queens",,2021-08-27,DDC,41243000.0,Environmental Protection,69282000.0
942.0,1902-05-07,2020-01-01,2018-11-30T00:00:00.000,"The restoration of the existing landmarked Orchard Beach Pavilion (located in Bronx, NY) which includes the construction of an ADA ramp at the main entrance of the Pavilion to improve accessibility to the beach passageway.",0.0,2022-12-01,EDC,35628847.0,DPR,60000000.0
626.0,1902-10-04,2020-10-01,,,,,DDC,3130000.0,Transportation,
684.0,1901-10-13,2020-10-01,,,,,DDC,15468000.0,Environmental Protection,
244.0,1903-07-12,2022-09-01,2022-11-01T00:00:00.000,"Capital improvements at the Hunts Point Cooperative Market, including emergency generators, condenser replacements, replacement of domestic hot water system, and partial facade and sidewalk repairs.",,2025-01-31,EDC,257450.0,EDC,24643050.0
1452.0,1901-07-15,2018-03-01,2016-12-01T00:00:00.000,Flood mitigation system to protect Metropolitan's campus from future flooding due and sea level rise,1072860.0,2021-10-30,EDC,27046705.0,H+H,82232241.0
1712.0,1901-02-26,2023-01-01,2013-07-01T00:00:00.000,This project will replace the 10 existing pump and blower engines with electric motors for the main sewage pumps and a new cogeneration facility consisting of 5 new dual fuel engines and electrical service distribution upgrades.,1560089.01,2024-01-13,DEP,134242052.88,DEP,287224972.88
2266.0,1901-01-04,2017-04-01,2014-12-02T00:00:00.000,"Replacement of trunk water main on Flatbush Avenue between Sterling place and 8th Avenue in addition to the distribution water main in 6th Avenue between Union Street and Park Place, and sections of adjoining streets.",23236000.0,2019-07-01,DDC,39272000.0,Environmental Protection,51380000.0
1908.0,1901-08-06,2020-01-01,2016-04-13T00:00:00.000,"Rehabilitate approach arches and towers of Brooklyn Bridge.  Including masonry cleaning, masonry repairs, repointing, rehabilition of transverse walls, new infill walls of the approach arch blocks.  Clean and repoint the tower masonry, reinforce the gothic arches of the towers, and rehabilitate the tower tops.",-4318668.0,,DOT,33135732.1,DOT,335887414.0
474.0,1903-02-18,2021-07-01,2019-04-11T00:00:00.000,New Library for Rego Park,,2025-12-13,DDC,535000.0,Libraries-QBPL,41001000.0
1736.0,1902-05-10,2018-08-01,2018-09-01T00:00:00.000,Regrading and reconstruction of 33rd Street Viaduct between 11th and 12th Avenue..,,2022-02-28,EDC,0.0,DOT,100000000.0
897.0,1902-01-16,2022-09-01,2012-05-23T00:00:00.000,"The new Mosholu Golf Course Club House, together with fifty-five Driving Range Tee Boxes and ten-acres of re-landscaping comprise the phase IV and final of the vast DEP Croton Water Treatment Plant project, currently under construction in Van Cortlandt Park in the Bronx. Through a multifunctional design strategy the project reinstates the pre-existing golf program and facility, creates civic space for community use and ensures security for a multi-billion dollar public works facility.",845000.0,2023-01-23,DDC,75117000.0,Environmental Protection,133625000.0
246.0,1903-05-28,2022-04-01,2021-08-10T00:00:00.000,,200000.0,2022-12-18,DDC,952000.0,Parks & Recreation,53600000.0
663.0,1902-06-17,2022-09-01,2019-08-16T00:00:00.000,CITYWIDE FUEL TANK REPLACEMENT PROGRAM FOR NEW 2015 EPA PETROLEUM BULK STORAGE REGULATIONS,250000.0,2025-12-03,DDC,-1940000.0,DCAS,25560000.0
,1902-12-18,2021-03-01,2019-08-21T00:00:00.000,This project will reconstruct the electrical vaults in Flushing Meadows Corona Park that were damaged by Hurricane Sandy.,,,DPR,-3555909.0,DPR,59432909.0
595.0,1902-01-29,2021-07-01,2016-08-29T00:00:00.000,"Construction of storm sewers, sanitary sewers, water mains and Best Management Practice (BMP) NC-16 in Mason Avenue area, Borough of Staten Island.",8505000.0,2023-06-26,DDC,37691000.0,Environmental Protection,61626000.0
298.0,1902-12-27,2022-09-01,2021-03-23T00:00:00.000,"Provide design and design services during construction for the dam refacing, and drainage work at Cross River and Croton Falls Dams, including but not limited to resurface fascia, address seepage from the dams face.",23950000.0,2027-03-31,DEP,23950000.0,DEP,69145800.0
2086.0,1900-04-06,2016-01-01,2012-07-23T00:00:00.000,"This project will replace the existing bridge with a new, wider double-leaf bascule bridge.",48605800.0,2021-03-04,DOT,142277136.0,"DEP, DOT",247449772.62
123.0,1903-04-04,2021-12-01,2017-05-11T00:00:00.000,"Roof andThe project for which services are required is the rehabilitation of the Brooklyn Districts 17 and 18 Sanitation Garage, located at 10502 Avenue D, Brooklyn, NY 11236. Block: 8136/Lot: 1. The 159,500 total gross square foot, masonry-veneered and steel framed facility is located in eastern Brooklyn at the intersection of the Avenue D and the 105th St. This building was completed in 1991 and was last renovated in 1998.  The main objective of this project is to extend the useful life of this facility through rehabilitation of the building Roofing, and HVAC systems and adding a Solar Ready Systems. The rehabilitation shall include the following: replacement of the roof (membrane, select areas of decking, select roof drains and domes, select skylights and coordination for future solar panel locations), structural work (stiffening of the existing structural steel frame, supports for new HVAC equipment and solar panels and select parapet replacement), select replacement of building systems (electrical, fire protection and HVAC (including BMS)), building expansion joints and architectural renovation of the entire building to repair water damage.  The funding for solar program provided by DCAS.   Scope of Work:  The rehabilitation shall include the following: replacement of the roof (membrane, select areas of decking, select roof drains and domes, select skylights and coordination for future solar panel locations), structural work (stiffening of the existing structural steel frame, supports for new HVAC equipment and solar panels and select parapet replacement), select replacement of building systems (electrical, fire protection and HVAC (including BMS)),",-943000.0,2024-06-30,DDC,-709000.0,Sanitation,33215000.0
365.0,1902-10-23,2023-01-01,2019-02-01T00:00:00.000,ADDITION / PLAYGROUND REDEVELOPMENT PROJECT,0.0,2023-09-03,SCA,0.0,DOE,63735015.0
1243.0,1901-07-14,2019-05-01,2016-02-01T00:00:00.000,"Renovation of CIH to advance the City’s resiliency plan, repair damages,  and protect the hospital from future disasters.",0.0,2023-03-31,EDC,30635879.93,H+H,678812311.0
