borough,project_name,total_schedule_changes,latest_schedule_changes,date_reported_as_of,total_budget_changes,pid,forecast_completion,category,current_phase
,Shore Road Bridge over Hutchinson River,1477.0,162.0,2023-01-01T00:00:00.000,-19049921.84,541,2030-01-02T00:00:00.000,"Bridges, Streets and Roadways",Design
Brooklyn,"Coney Island Area, Phase 3A",1215.0,60.0,2017-09-01T00:00:00.000,25273000.0,516,2021-09-06T00:00:00.000,Industrial Development,Design
,Coastal Resiliency Area 1 - East 23rd St. to Montg,,,2021-07-01T00:00:00.000,0.76,1169,,Streets and Roadways,Construction Procurement
,Brooklyn Public School 710  Pre-K,0.0,0.0,2022-04-01T00:00:00.000,0.0,1097,2023-09-03T00:00:00.000,Schools,Construction
,60 CENTRE ST. - RECONSTRUCTION,,,2023-01-01T00:00:00.000,,1365,2027-07-21T00:00:00.000,Other Government Facilities,Design
Manhattan,Primary Treatment Improvement at Wards Island WWTP,2142.0,89.0,2021-03-01T00:00:00.000,99651290.98,452,2026-05-01T00:00:00.000,Wastewater Treatment,Design
,Orchard Beach Maintenance and Operations Building Site Work & New Construction,0.0,,2022-04-01T00:00:00.000,-30000.0,1192,,Other Government Facilities,Design
Brooklyn,Reconstruction of the West and North Docks at the OH WWTP,1389.0,95.0,2019-09-01T00:00:00.000,10985726.8,720,2022-02-11T00:00:00.000,Wastewater Treatment,Design
Queens,"STM & SAN SWR, WILLET PT BLVD WHITESTONE AREA, PH2",642.0,0.0,2021-07-01T00:00:00.000,41243000.0,651,2022-09-15T00:00:00.000,Sewers,Construction
,Manhattan Greenway: Harlem River,888.0,0.0,2020-10-01T00:00:00.000,0.0,860,2024-06-30T00:00:00.000,Parks,Design
Queens,Power Distribution at Bowery Bay WWTP,1684.0,42.0,2019-09-01T00:00:00.000,24235381.01,522,2022-10-31T00:00:00.000,Wastewater Treatment,Construction Procurement
Manhattan,253 Broadway Landmark's Space Renovations,1696.0,256.0,2018-08-01T00:00:00.000,35010000.0,639,2019-12-31T00:00:00.000,Other Government Facilities,Construction
,Hunts Point Energy Resiliency,183.0,183.0,2023-01-01T00:00:00.000,-5200000.0,1288,2026-04-02T00:00:00.000,"Industrial Development, Schools",Construction Procurement
,Reconstruct Final Settling System Equipment at Port Richmond,205.0,0.0,2023-01-01T00:00:00.000,30972687.0,947,2028-06-17T00:00:00.000,Wastewater Treatment,Design
,FUEL TANK & SUMP REPLACEMENTS - QUEENS,663.0,91.0,2019-09-01T00:00:00.000,-1850000.0,898,2023-06-30T00:00:00.000,Industrial Development,Design
Manhattan,West 79th Street over Amtrak and Rotunda Complex Rehabilitation,604.0,0.0,2023-01-01T00:00:00.000,-51088528.0,801,2025-05-16T00:00:00.000,"Bridges, Streets and Roadways",Construction
,Union Turnpike over Cross Island Parkway,834.0,0.0,2022-04-01T00:00:00.000,3378281.0,932,2028-12-02T00:00:00.000,Bridges,Design
Manhattan,Henry Hudson Parkway over Amtrak (Northbound),1693.0,-194.0,2021-12-01T00:00:00.000,500625.0,592,2029-05-17T00:00:00.000,Bridges,Design
Bronx,East 156th Street Bridge over Access to Housing,1720.0,90.0,2023-01-01T00:00:00.000,-363846.0,588,2029-05-22T00:00:00.000,"Bridges, Streets and Roadways",Design
Citywide,Electronic Medical Records Upgrade,2032.0,-13.0,2016-01-01T00:00:00.000,15184947.0,403,2018-12-07T00:00:00.000,"Health and Hospitals, IT",IT
,P.S. 163 - BRONX New Construction,0.0,0.0,2023-01-01T00:00:00.000,-6925988.0,1219,2024-09-03T00:00:00.000,Schools,Construction
,New Storm Sewer N Conduit Av-Baisley Blvd,1619.0,212.0,2022-09-01T00:00:00.000,31711000.0,792,2028-11-20T00:00:00.000,Sewers,Design
Staten Island,Staten Island 1 & 3 Garage Construction & Rehab,406.0,0.0,2021-12-01T00:00:00.000,68555000.0,769,2023-09-01T00:00:00.000,Sanitation,Construction
Citywide,Emergency Communications Transformation Program (ECTP) Upgrades and Enhancements,2252.0,119.0,2020-05-01T00:00:00.000,73735148.87,267,2021-02-15T00:00:00.000,IT,IT
Queens,Dutch Kills and Lower Newtown Creek Enhanced Aeration Work,1891.0,-428.0,2022-09-01T00:00:00.000,-4338327.57,313,2024-05-30T00:00:00.000,Wastewater Treatment,Construction
,Coastal Resiliency – Project Area 2,0.0,,2021-07-01T00:00:00.000,448000.0,1170,2024-10-13T00:00:00.000,Streets and Roadways,Construction
Brooklyn,Wyckoff Avenue Street Reconstruction,226.0,3287.0,2014-01-01T00:00:00.000,43926000.0,191,2035-07-16T00:00:00.000,Streets and Roadways,Design
"Manhattan, Bronx",Madison Avenue Bridge Reconstruction,1628.0,,2019-09-01T00:00:00.000,2036997.0,114,,Bridges,Construction
Citywide,Raise Shorelines Citywide,639.0,0.0,2020-05-01T00:00:00.000,0.0,689,2022-12-31T00:00:00.000,Industrial Development,Design
,"STORM SEWER IN KING STREET, SI",732.0,0.0,2023-01-01T00:00:00.000,-1094000.0,1252,2028-08-25T00:00:00.000,Streets and Roadways,Design
"Manhattan, Bronx",Madison Avenue Bridge Reconstruction,1628.0,0.0,2016-06-01T00:00:00.000,2036997.0,114,2019-07-03T00:00:00.000,Bridges,Design
Manhattan,"West 59th Street Marine Transfer Station Construction, Phase 2",1949.0,215.0,2023-01-01T00:00:00.000,126753576.46,347,2023-05-31T00:00:00.000,Sanitation,Construction
,EMS Station 17 - New Facility,434.0,141.0,2022-09-01T00:00:00.000,13113000.0,1153,2025-01-07T00:00:00.000,Other Government Facilities,Design
,"WESTBOURNE - DUNBAR ROADWAYS/BULKHEADS, QNS",1840.0,,2020-10-01T00:00:00.000,47223000.0,981,,Streets and Roadways,
,Porpoise Bridge In Flushing Meadows-Corona Park,1110.0,98.0,2022-09-01T00:00:00.000,82000.0,749,2026-08-12T00:00:00.000,Bridges,Construction Procurement
,New 116Th Pct,727.0,,2020-10-01T00:00:00.000,33852900.86,762,,Public Safety and Criminal Justice,
Citywide,Electronic Medical Records Upgrade,2032.0,0.0,2021-07-01T00:00:00.000,15184947.0,403,2022-12-31T00:00:00.000,"Health and Hospitals, IT",IT
,Croton Above Ground Structure And Landscaping,897.0,-105.0,2019-01-01T00:00:00.000,75117000.0,747,2021-03-18T00:00:00.000,Industrial Development,Construction
,Reconstruct Main Sewage Pump Controls at Port Richmond WWTP,516.0,90.0,2021-03-01T00:00:00.000,26923720.62,948,2026-02-23T00:00:00.000,Wastewater Treatment,Design
,Reconstruction of Clearview Pump Station,2.0,2.0,2023-01-01T00:00:00.000,802582.0,1216,2024-12-05T00:00:00.000,Wastewater Treatment,Construction
,Grant Park Construction,612.0,0.0,2021-07-01T00:00:00.000,1489000.0,1015,2024-02-08T00:00:00.000,Parks,Construction Procurement
Brooklyn,Brooklyn Supreme Court Fire Alarm System Upgrade,1533.0,124.0,2021-12-01T00:00:00.000,47003000.0,510,2026-03-30T00:00:00.000,Public Safety and Criminal Justice,Design
,Brooklyn P.S. at 4302 4TH AVE,365.0,0.0,2021-12-01T00:00:00.000,-221356.0,949,2023-09-03T00:00:00.000,Schools,Construction
Upstate,"Gilboa Dam Reconstruction, Phase III",1113.0,0.0,2016-11-01T00:00:00.000,10376533.49,405,2020-07-27T00:00:00.000,Water Supply,Construction
Staten Island,Roma and Hett Avenue Storm and Sanitary Sewer Installation,-8.0,,2020-05-01T00:00:00.000,62973000.0,206,,Sewers,
Port Jervis,Reconstruction of the Port Jervis Wastewater Treatment Plant,2445.0,351.0,2017-04-01T00:00:00.000,9428438.55,444,2021-03-26T00:00:00.000,Wastewater Treatment,Construction Procurement
,Flushing Meadows Corona Park World's Fair Marina Reconstruction (Hurricane Sandy),708.0,315.0,2021-03-01T00:00:00.000,4947362.68,1031,2024-10-27T00:00:00.000,Parks,Design
,Pier 35 & 36 Substructure Rehab,56.0,,2022-09-01T00:00:00.000,-119030592.92,1290,2027-08-01T00:00:00.000,Industrial Development,Construction Procurement
,Storm Mitigation Loan Program at Red Hook,921.0,154.0,2019-01-01T00:00:00.000,13549422.97,721,2021-06-23T00:00:00.000,Wastewater Treatment,Design
"Bronx, Manhattan",Broadway Bridge over Harlem River Replacement,2797.0,0.0,2017-04-01T00:00:00.000,39724388.0,106,2020-11-13T00:00:00.000,Bridges,Design
,Queens PS 206  New Construction,365.0,0.0,2020-05-01T00:00:00.000,2268625.0,970,2022-09-03T00:00:00.000,Schools,Construction
Brooklyn,Flatbush Avenue Trunk Watermain Replacement,2266.0,0.0,2022-04-01T00:00:00.000,39272000.0,370,2023-09-29T00:00:00.000,Wastewater Treatment,Construction
,"FDR Rehabilitation, Northbound (East 42nd to 49th Streets)",1816.0,0.0,2016-11-01T00:00:00.000,-2802822.0,502,2025-04-01T00:00:00.000,Bridges,Design
,253 Broadway NYC. Fire Alarm Raplacement,1553.0,0.0,2019-01-01T00:00:00.000,17827000.0,850,2022-09-30T00:00:00.000,Other Government Facilities,Design
,HEMPSTEAD AVE OVER BCIP RAMP NB BIN 2266149,402.0,0.0,2023-01-01T00:00:00.000,597042.0,1050,2030-07-07T00:00:00.000,"Bridges, Streets and Roadways",Design
,"RECONST. OF COLUMBIA ST., PH II/BED-768B/SEK002321",972.0,0.0,2021-12-01T00:00:00.000,6730000.0,845,2025-07-14T00:00:00.000,Streets and Roadways,Design
,"Grand Concourse Reconstruction, Phase 4 (Great Streets)",1448.0,-441.0,2019-01-01T00:00:00.000,57634000.0,476,2022-08-30T00:00:00.000,Streets and Roadways,Construction Procurement
Queens,"STM & SAN SWR, WILLET PT BLVD WHITESTONE AREA, PH2",642.0,,2020-10-01T00:00:00.000,41243000.0,651,,Sewers,
,RECONSTRUCTION OF SOUTH JAMAICA AREA (SEQ200562),366.0,0.0,2021-12-01T00:00:00.000,1360000.0,1163,2026-02-09T00:00:00.000,Streets and Roadways,Design
Brooklyn,Brooklyn Civil Court move to 210 Joralemon St,1977.0,16.0,2019-05-01T00:00:00.000,200931011.96,509,2023-03-17T00:00:00.000,Public Safety and Criminal Justice,Design
Queens,20th Avenue Storm and Sanitary Sewer Construction,2180.0,0.0,2018-03-01T00:00:00.000,117177000.0,432,2021-06-29T00:00:00.000,Sewers,Construction
Citywide,Emergency Communications Transformation Program (ECTP) Upgrades and Enhancements,2252.0,166.0,2020-10-01T00:00:00.000,73735148.87,267,2021-07-31T00:00:00.000,IT,IT
,150 ST SPINE: PHASE II TRUNK SEWER AT BERGEN BASIN,646.0,,2020-05-01T00:00:00.000,-158027000.0,999,,Sewers,
,RED HOOK INTEGRATED FLOOD PROTECTION SYSTEM,1172.0,,2019-09-01T00:00:00.000,86623000.0,985,2024-02-14T00:00:00.000,Public Safety and Criminal Justice,Design
,New Ferry Boat Construction,549.0,0.0,2016-11-01T00:00:00.000,-238419180.0,94,2020-03-16T00:00:00.000,Ferries,Construction Procurement
,SOUTHEAST QUEENS PRIORITY GRIDS - GROUP 2,1630.0,-65.0,2019-05-01T00:00:00.000,14480000.0,847,2024-07-10T00:00:00.000,Streets and Roadways,Design
,Sewer When & Where Contract In S.E. Queens,1834.0,746.0,2021-07-01T00:00:00.000,7404000.0,793,2024-08-23T00:00:00.000,Sewers,Design
Brooklyn,Sunset Park Infrastructure,1290.0,156.0,2018-03-01T00:00:00.000,31633941.69,574,2021-05-30T00:00:00.000,Industrial Development,Design
,Queens Public School 169 Addition,366.0,,2020-01-01T00:00:00.000,5307201.0,1028,2023-09-03T00:00:00.000,Schools,Construction Procurement
Bronx,"Pelham Parkway Roadway Reconstruction, Phase 2",2869.0,20.0,2017-04-01T00:00:00.000,125164000.0,180,2018-06-16T00:00:00.000,Streets and Roadways,Construction Procurement
,Reconstruction of 233rd Street and 154th Street PSs,59.0,,2022-09-01T00:00:00.000,4295639.0,1296,2027-02-18T00:00:00.000,Wastewater Treatment,Design
New York,North River Wastewater Treatment Plant Cogeneration and Electrification,1712.0,135.0,2016-01-01T00:00:00.000,134242052.88,423,2021-01-26T00:00:00.000,Wastewater Treatment,Design
,Storm Sewer Outlet In 224Th St,1238.0,,2021-03-01T00:00:00.000,155854000.0,784,,Sewers,
Queens,RECONSTRUCTION OF QUEENS BLVD - PHASE 2,2315.0,243.0,2019-09-01T00:00:00.000,14201000.0,619,2026-05-14T00:00:00.000,Industrial Development,Design
,Hudson River Drainage Chamber Rehabilitation,-30.0,1.0,2023-01-01T00:00:00.000,502287.0,1277,2028-03-01T00:00:00.000,Water Supply,Design
Upstate,"Gilboa Dam Reconstruction, Phase III",1113.0,165.0,2020-10-01T00:00:00.000,10376533.49,405,2022-04-01T00:00:00.000,Water Supply,Construction
Manhattan,253 Broadway Landmark's Space Renovations,1696.0,193.0,2018-03-01T00:00:00.000,35010000.0,639,2019-04-19T00:00:00.000,Other Government Facilities,Construction
Bronx,"Pelham Parkway Roadway Reconstruction, Phase 2",2869.0,0.0,2022-04-01T00:00:00.000,125164000.0,180,2023-12-22T00:00:00.000,Streets and Roadways,Construction
,Bronx Animal Care Center,110.0,32.0,2022-04-01T00:00:00.000,24815617.0,893,2025-02-15T00:00:00.000,Health and Hospitals,Construction Procurement
,"Combined Sewer In 70Th Street, Queens",1155.0,,2018-03-01T00:00:00.000,94201000.0,788,2020-06-11T00:00:00.000,Sewers,Design
,New 116Th Pct,727.0,-58.0,2019-05-01T00:00:00.000,33852900.86,762,2022-04-05T00:00:00.000,Public Safety and Criminal Justice,Construction Procurement
,Far Rockaway New Facility,-78.0,,2020-10-01T00:00:00.000,-623757.91,730,,Other Government Facilities,
Manhattan,"West 59th Street Marine Transfer Station Construction, Phase 2",1949.0,185.0,2021-12-01T00:00:00.000,126753576.46,347,2022-02-28T00:00:00.000,Sanitation,Construction
Bronx,"Pelham Parkway Roadway Reconstruction, Phase 2",2869.0,0.0,2019-09-01T00:00:00.000,125164000.0,180,2023-03-31T00:00:00.000,Streets and Roadways,Construction
,East River Esplanade Stabilization and Reconstruction Phase 2,156.0,61.0,2022-04-01T00:00:00.000,0.0,1082,2024-11-23T00:00:00.000,Parks,Design
Bronx,East 156th Street Bridge over Access to Housing,1720.0,1129.0,2019-01-01T00:00:00.000,-363846.0,588,2027-10-09T00:00:00.000,"Bridges, Streets and Roadways",Design
,BROWNSVILLE LIBRARY MAJOR RENOVATIONS,916.0,181.0,2021-12-01T00:00:00.000,6752000.0,977,2026-07-02T00:00:00.000,Libraries,Design
,Williamsburg Bridge Miscellaneous Repairs and Painting,362.0,27.0,2022-04-01T00:00:00.000,52784947.0,599,2026-04-21T00:00:00.000,Bridges,Construction Procurement
,Reconstruction of the Main Sewage Pumps System at Owl's Head WRRF,0.0,0.0,2022-09-01T00:00:00.000,32731384.43,1279,2030-06-13T00:00:00.000,Wastewater Treatment,Design
,DOH Public Health Lab,1.0,0.0,2022-04-01T00:00:00.000,19334959.71,909,2025-01-01T00:00:00.000,Health and Hospitals,Construction Procurement
,FUEL TANK & SUMP REPLACEMENTS - BRONX,663.0,0.0,2023-01-01T00:00:00.000,-1834000.0,901,2025-01-22T00:00:00.000,Industrial Development,Construction
,GREENWICH STREET RECONSTRUCTION,-1.0,0.0,2023-01-01T00:00:00.000,4449000.0,1175,2024-11-06T00:00:00.000,Streets and Roadways,Construction
Citywide,Catskill Aqueduct Repair and Rehabilitation,1517.0,106.0,2022-09-01T00:00:00.000,9642889.68,478,2022-11-15T00:00:00.000,Water Supply,Construction
Brooklyn,Reconstruction of the West and North Docks at the OH WWTP,1389.0,376.0,2020-01-01T00:00:00.000,10985726.8,720,2023-02-22T00:00:00.000,Wastewater Treatment,Construction
Brooklyn,Reconstruction of the West and North Docks at the OH WWTP,1389.0,84.0,2019-05-01T00:00:00.000,10985726.8,720,2021-11-08T00:00:00.000,Wastewater Treatment,Design
,"Reconstruction Of Arthur Kill Road, Phase I",1415.0,256.0,2018-08-01T00:00:00.000,22503000.0,741,2023-03-13T00:00:00.000,Streets and Roadways,Design
Citywide,Raise Shorelines Citywide,639.0,0.0,2019-09-01T00:00:00.000,0.0,689,2022-12-31T00:00:00.000,Industrial Development,Design
Brooklyn,Bergen Avenue Street Reconstruction,-388.0,0.0,2021-07-01T00:00:00.000,45837000.0,170,2023-06-24T00:00:00.000,Streets and Roadways,Construction
Bronx,New 40th Precinct,711.0,475.0,2021-07-01T00:00:00.000,26020000.0,634,2022-10-13T00:00:00.000,Public Safety and Criminal Justice,Construction
,Coastal Resiliency – Project Area 2,0.0,0.0,2022-09-01T00:00:00.000,448000.0,1170,2024-10-13T00:00:00.000,Streets and Roadways,Construction
Staten Island,CONSTRUCTION OF BMPs NC 6 AND 15 - SI,925.0,,2019-09-01T00:00:00.000,1921000.0,631,,Industrial Development,
New York,North River Wastewater Treatment Plant Cogeneration and Electrification,1712.0,442.0,2018-08-01T00:00:00.000,134242052.88,423,2022-05-22T00:00:00.000,Wastewater Treatment,Construction
,Storm Sewer Outlet In 224Th St,1238.0,,2020-05-01T00:00:00.000,155854000.0,784,,Sewers,
,79TH STREET CROSSTOWN SELECT BUS SERVICE,737.0,366.0,2022-09-01T00:00:00.000,3370000.0,1237,2028-06-25T00:00:00.000,Streets and Roadways,Design
,"WESTBOURNE - DUNBAR ROADWAYS/BULKHEADS, QNS",1840.0,0.0,2023-01-01T00:00:00.000,47223000.0,981,2029-09-26T00:00:00.000,Streets and Roadways,Design
,HILL DR (TERRACE BR) OVER PROSPECT PARK LAKE BIN 2244120,636.0,120.0,2022-09-01T00:00:00.000,-785268.0,1073,2028-12-06T00:00:00.000,Bridges,Design
,HIGH LEVEL STM SEWERS IN GOWANUS CANAL AREA-PH II,813.0,210.0,2022-04-01T00:00:00.000,8657000.0,849,2022-11-23T00:00:00.000,Sewers,Construction
,Brooklyn Bridge - Approach Arches Rehabilitation,1908.0,,2021-03-01T00:00:00.000,33135732.1,584,,Bridges,
Brooklyn,Dumbo and Vinegar Hill Area Roadway Reconstruction and Renovation,3253.0,0.0,2021-12-01T00:00:00.000,96724000.0,193,2024-06-04T00:00:00.000,Streets and Roadways,Construction
Manhattan,West 79th Street over Amtrak and Rotunda Complex Rehabilitation,604.0,137.0,2020-10-01T00:00:00.000,-51088528.0,801,2025-06-01T00:00:00.000,"Bridges, Streets and Roadways",Construction Procurement
,150 ST SPINE: PHASE II TRUNK SEWER AT BERGEN BASIN,646.0,,2021-03-01T00:00:00.000,-158027000.0,999,,Sewers,
Manhattan,2nd Avenue Watermain Trunk Construction,2113.0,0.0,2017-09-01T00:00:00.000,-7266000.0,388,2019-09-22T00:00:00.000,Water Supply,Construction
,WOODHAVEN BLVD QUEENS BLVD BIN# 2248159,932.0,160.0,2022-09-01T00:00:00.000,2052000.0,1128,2027-10-10T00:00:00.000,Bridges,Design
,"City Tunnel No.3, Stage 2 in Queens and Brooklyn, Construction of Shaft 17B and 18B",119.0,0.0,2022-09-01T00:00:00.000,3150108.42,1042,2027-01-24T00:00:00.000,Water Supply,Construction
Bronx,Replacement of The Digester at The Hunts Point WWTP,1355.0,-30.0,2019-09-01T00:00:00.000,72852004.14,580,2024-09-22T00:00:00.000,Wastewater Treatment,Construction Procurement
Queens,TLC - NEW OFFICE FACILITY - 24-55 BQE WEST,1248.0,,2020-10-01T00:00:00.000,75370000.0,665,,Other Government Facilities,
,Porpoise Bridge In Flushing Meadows-Corona Park,1110.0,113.0,2021-12-01T00:00:00.000,82000.0,749,2026-04-06T00:00:00.000,Bridges,Design
,Brooklyn Public School 730 New Construction,730.0,0.0,2019-09-01T00:00:00.000,6379885.0,876,2021-09-03T00:00:00.000,Schools,Construction
Queens,Roosevelt Avenue Bridge Superstructure and Substructure Repairs,2003.0,0.0,2020-01-01T00:00:00.000,23798213.0,101,2020-08-28T00:00:00.000,Bridges,Construction
Brooklyn,Brooklyn Civil Court move to 210 Joralemon St,1977.0,301.0,2023-01-01T00:00:00.000,200931011.96,509,2026-03-31T00:00:00.000,Public Safety and Criminal Justice,Construction
,"SUNSET PARK GOWANUS CONNECTOR, BK",445.0,170.0,2022-09-01T00:00:00.000,-16441000.0,979,2023-05-16T00:00:00.000,"Parks, Streets and Roadways",Construction
Queens,20th Avenue Storm and Sanitary Sewer Construction,2180.0,0.0,2021-12-01T00:00:00.000,117177000.0,432,2023-06-19T00:00:00.000,Sewers,Construction
,DELANCEY STREET SAFETY IMPROVEMENTS,1217.0,123.0,2022-04-01T00:00:00.000,20937000.0,983,2026-10-23T00:00:00.000,Streets and Roadways,Design
Manhattan,Coler Specialty Hospital Priority Mitigation Projects,2085.0,0.0,2020-01-01T00:00:00.000,0.0,544,2020-10-31T00:00:00.000,Health and Hospitals,Construction
Queens,TLC - NEW OFFICE FACILITY - 24-55 BQE WEST,1248.0,,2017-09-01T00:00:00.000,75370000.0,665,2022-11-30T00:00:00.000,Other Government Facilities,Design
Staten Island,Staten Island 1 & 3 Garage Construction & Rehab,406.0,,2020-10-01T00:00:00.000,68555000.0,769,,Sanitation,
,BROAD CHANNEL BULKHEADS - PH II,-74.0,,2017-09-01T00:00:00.000,61781000.0,617,2024-08-27T00:00:00.000,Industrial Development,Design
,Queens Public School 46 Additionl,365.0,365.0,2020-10-01T00:00:00.000,0.0,1027,2023-09-03T00:00:00.000,Schools,Construction
,"Ped Safety Upgrades on Atlantic Avenue, Phase 2",1400.0,74.0,2019-09-01T00:00:00.000,10136496.0,519,2023-02-01T00:00:00.000,Streets and Roadways,Design
,Network Infrastructure Refresh Program,,,2018-08-01T00:00:00.000,180514000.0,863,,"Health and Hospitals, IT",IT
,GREENWICH STREET RECONSTRUCTION,-1.0,-1.0,2021-12-01T00:00:00.000,4449000.0,1175,2024-11-06T00:00:00.000,Streets and Roadways,Construction
,EITS - Cybersecurity,,,2023-01-01T00:00:00.000,50000000.0,1251,,"Health and Hospitals, IT",IT
Queens,Belt System - Cross Island over 115th Avenue/Dutch Broadway,1845.0,534.0,2022-09-01T00:00:00.000,17528706.0,558,2028-07-18T00:00:00.000,Bridges,Design
Bronx,Pelham Bay Equestrian Park over Amtrak,1029.0,181.0,2020-05-01T00:00:00.000,137997.0,703,2027-07-11T00:00:00.000,Bridges,Design
,Construction of a New Training Academy,,,2022-04-01T00:00:00.000,0.0,1230,,Other Government Facilities,
Manhattan,Carl Schurz Park Promenade over FDR (East 81st to 90th Streets),1571.0,0.0,2017-09-01T00:00:00.000,-197139579.0,537,2025-10-31T00:00:00.000,Bridges,Design
Queens,Power Distribution at Bowery Bay WWTP,1684.0,0.0,2021-12-01T00:00:00.000,24235381.01,522,2023-01-27T00:00:00.000,Wastewater Treatment,Construction
New York,North River Wastewater Treatment Plant Cogeneration and Electrification,1712.0,0.0,2021-03-01T00:00:00.000,134242052.88,423,2023-01-15T00:00:00.000,Wastewater Treatment,Construction
Brooklyn,Dumbo and Vinegar Hill Area Roadway Reconstruction and Renovation,3253.0,1536.0,2019-01-01T00:00:00.000,96724000.0,193,2024-06-04T00:00:00.000,Streets and Roadways,Construction
,Lower Manhattan Coastal Resiliency (LMCR): Battery,-29.0,,2021-12-01T00:00:00.000,0.0,1223,2025-04-30T00:00:00.000,Parks,Design
Upstate,"Gilboa Dam Reconstruction, Phase IV",1684.0,278.0,2017-09-01T00:00:00.000,33535991.2,406,2021-10-06T00:00:00.000,Water Supply,Construction
,"New water main work in 7th avenue between 14th street and 34th street, and other locations as shown on page 3 of attached CPI",181.0,,2021-07-01T00:00:00.000,1335000.0,1178,,Streets and Roadways,Design
,Boston Road Bridge Over Hutchinson River Rehabilitation,803.0,0.0,2019-09-01T00:00:00.000,49309814.0,539,2024-05-14T00:00:00.000,"Bridges, Streets and Roadways",Design
Brooklyn,Brooklyn Sanitation Garage Construction: Community District 3,790.0,0.0,2022-09-01T00:00:00.000,25603365.0,560,2024-12-31T00:00:00.000,Sanitation,Construction
,Power Distribution Improvements at Tallman Island,651.0,30.0,2021-07-01T00:00:00.000,10926063.83,907,2026-01-02T00:00:00.000,Industrial Development,Design
Manhattan,Coler Specialty Hospital Priority Mitigation Projects,2085.0,0.0,2020-05-01T00:00:00.000,0.0,544,2020-10-31T00:00:00.000,Health and Hospitals,Construction
Brooklyn,"5th Avenue Bridge Reconstruction over LIRR and Sea Beach, Brooklyn",969.0,0.0,2022-04-01T00:00:00.000,36577693.0,504,2027-12-03T00:00:00.000,Bridges,Design
,SAFE ROUTES TO SCHOOL MANHATTAN,505.0,148.0,2021-12-01T00:00:00.000,7175000.0,1181,2025-04-24T00:00:00.000,Streets and Roadways,Design
Staten Island,Staten Island 1 & 3 Garage Construction & Rehab,406.0,62.0,2022-09-01T00:00:00.000,68555000.0,769,2024-03-25T00:00:00.000,Sanitation,Construction
Staten Island,Oakwood Beach WWTP Headworks Improvements,2857.0,132.0,2017-04-01T00:00:00.000,31867440.0,450,2022-05-05T00:00:00.000,Wastewater Treatment,Design
,Brooklyn Public School 748  New Construction,0.0,0.0,2021-12-01T00:00:00.000,0.0,1098,2023-09-03T00:00:00.000,Schools,Construction
Bronx,Jerome Reservoir and Aqueduct Rehabilitation,2363.0,216.0,2020-10-01T00:00:00.000,-833277.14,448,2023-10-18T00:00:00.000,Water Supply,Construction Procurement
,FUEL TANK & SUMP REPLACEMENTS - QUEENS,663.0,,2020-10-01T00:00:00.000,-1850000.0,898,,Industrial Development,
,79th St Boat Basin,1036.0,0.0,2020-05-01T00:00:00.000,-1131246.67,862,2023-08-30T00:00:00.000,Parks,Design
,FUEL TANK & SUMP REPLACEMENTS - BRONX,663.0,20.0,2021-12-01T00:00:00.000,-1834000.0,901,2025-01-22T00:00:00.000,Industrial Development,Construction
Upstate,"Gilboa Dam Reconstruction, Phase IV",1684.0,-3.0,2022-04-01T00:00:00.000,33535991.2,406,2022-08-29T00:00:00.000,Water Supply,Construction
Upstate,"Gilboa Dam Reconstruction, Phase V",503.0,0.0,2023-01-01T00:00:00.000,-3079490.0,456,2026-04-16T00:00:00.000,Water Supply,Design
,Queensboro Bridge Roadway Replacement over East River,1970.0,0.0,2019-05-01T00:00:00.000,8567339.67,594,2022-10-28T00:00:00.000,"Bridges, Streets and Roadways",Construction
Queens,Power Distribution at Bowery Bay WWTP,1684.0,107.0,2019-01-01T00:00:00.000,24235381.01,522,2022-06-29T00:00:00.000,Wastewater Treatment,Construction Procurement
,150Th St Spine Phase 1 Storm Sewer At Bergen Basin,753.0,-30.0,2022-04-01T00:00:00.000,101452000.0,791,2025-10-04T00:00:00.000,Sewers,Design
,Reconstruction of Clearview Pump Station,2.0,0.0,2022-04-01T00:00:00.000,802582.0,1216,2024-12-03T00:00:00.000,Wastewater Treatment,Construction Procurement
,"Red Hook Recreation Area Track 1, Soccer Fields 3-5, and Ballfields 1-4 Reconstruction",1082.0,0.0,2021-07-01T00:00:00.000,-10555000.0,974,2023-01-03T00:00:00.000,Parks,Construction
Bronx,"Pelham Parkway Roadway Reconstruction, Phase 2",2869.0,239.0,2015-08-01T00:00:00.000,125164000.0,180,2018-01-09T00:00:00.000,Streets and Roadways,Design
Bronx,Replacement of The Digester at The Hunts Point WWTP,1355.0,-10.0,2018-03-01T00:00:00.000,72852004.14,580,2023-10-17T00:00:00.000,Wastewater Treatment,Design
Queens,TLC - NEW OFFICE FACILITY - 24-55 BQE WEST,1248.0,105.0,2019-01-01T00:00:00.000,75370000.0,665,2023-10-15T00:00:00.000,Other Government Facilities,Design
Manhattan,Riverside Drive/West 158th Street Bridge Rehabilitation,2152.0,0.0,2020-05-01T00:00:00.000,96922794.0,113,2022-06-27T00:00:00.000,"Bridges, Streets and Roadways",Construction
Queens,TLC - NEW OFFICE FACILITY - 24-55 BQE WEST,1248.0,105.0,2019-05-01T00:00:00.000,75370000.0,665,2024-01-28T00:00:00.000,Other Government Facilities,Design
,West 33rd Street,1736.0,0.0,2021-12-01T00:00:00.000,0.0,861,2025-11-29T00:00:00.000,Streets and Roadways,Design
Brooklyn,DBCD South Site Cultural Fit-Out,1706.0,154.0,2018-08-01T00:00:00.000,36789601.16,484,2021-03-02T00:00:00.000,Arts and Culture,Design
,Brooklyn Public School 253  Addition,0.0,0.0,2022-09-01T00:00:00.000,0.0,1110,2024-09-03T00:00:00.000,Schools,Construction
,P.S. 96 - QUEENS Addition,0.0,,2021-12-01T00:00:00.000,-3902865.0,1221,2024-09-03T00:00:00.000,Schools,Design
,West 33rd Street,1736.0,275.0,2019-09-01T00:00:00.000,0.0,861,2022-11-30T00:00:00.000,Streets and Roadways,Design
Manhattan,Metropolitan Hospital Perimeter Flood Protection,1452.0,0.0,2021-07-01T00:00:00.000,27046705.0,562,2027-08-07T00:00:00.000,Industrial Development,Design
,Storm Sewer Outlet In 224Th St,1238.0,0.0,2019-01-01T00:00:00.000,155854000.0,784,2023-11-29T00:00:00.000,Sewers,Design
,Comprehensive Renovation and Expansion,428.0,,2021-12-01T00:00:00.000,-15454000.0,1182,2025-08-08T00:00:00.000,Other Government Facilities,Design
,"Combined Sewer And Wm Work In 71 Street, Queens",1889.0,,2020-01-01T00:00:00.000,27172000.0,789,,Sewers,
Bronx,Pelham Parkway Bridge Reconstruction over Hutchinson Parkway,1934.0,,2019-09-01T00:00:00.000,10338071.57,506,,"Bridges, Streets and Roadways",Design
Bronx,RECONSTRUCTION OF E 177 STREET/DEVOE AVENUE,1839.0,682.0,2021-07-01T00:00:00.000,25050000.0,623,2024-09-27T00:00:00.000,"Industrial Development, Streets and Roadways",Design
,Purchase and Install Speed Cameras in School  Zones Areas,,,2023-01-01T00:00:00.000,-19999521.0,1071,2023-06-30T00:00:00.000,Streets and Roadways,Construction
,Battery Park Underpass Emergency Relief Betterments,1197.0,30.0,2022-04-01T00:00:00.000,47923308.0,540,2024-11-27T00:00:00.000,Bridges,Design
,HEMPSTEAD AVE BR/CIP 2231780,327.0,327.0,2021-12-01T00:00:00.000,1747189.0,1049,2030-04-23T00:00:00.000,"Bridges, Streets and Roadways",Design
Citywide,Electronic Medical Records Upgrade,2032.0,206.0,2014-01-01T00:00:00.000,15184947.0,403,2018-12-31T00:00:00.000,"Health and Hospitals, IT",IT
Bronx,West Tremont Avenue over Metro North Railroad,1253.0,363.0,2019-01-01T00:00:00.000,37794543.0,503,2026-09-15T00:00:00.000,Bridges,Design
Brooklyn,"Coney Island Area, Phase 3A",1215.0,0.0,2023-01-01T00:00:00.000,25273000.0,516,2023-11-27T00:00:00.000,Industrial Development,Construction
,North River WWTP Primary Treatment Improvements,121.0,32.0,2021-12-01T00:00:00.000,35891899.0,945,2027-12-27T00:00:00.000,Wastewater Treatment,Design
,Coastal Resiliency Area 1 - East 23Rd St. To Montg,836.0,0.0,2022-04-01T00:00:00.000,-418193636.37,773,2026-08-15T00:00:00.000,"Industrial Development, Parks",Construction
Bronx,Jerome Reservoir and Aqueduct Rehabilitation,2363.0,1.0,2021-03-01T00:00:00.000,-833277.14,448,2023-10-19T00:00:00.000,Water Supply,Construction Procurement
Manhattan,253 Broadway Landmark's Space Renovations,1696.0,551.0,2021-07-01T00:00:00.000,35010000.0,639,2022-08-31T00:00:00.000,Other Government Facilities,Construction
Bronx,East 180th Street over Metro North Railroad (Harrison Line),664.0,186.0,2019-05-01T00:00:00.000,4194366.0,811,2022-09-26T00:00:00.000,Bridges,Construction Procurement
Bronx,Bruckner Expressway Westchester Creek Bridge Reconstruction,2086.0,0.0,2014-01-01T00:00:00.000,142277136.0,97,2019-11-20T00:00:00.000,"Bridges, Streets and Roadways",Design
Queens,Power Distribution at Bowery Bay WWTP,1684.0,88.0,2020-01-01T00:00:00.000,24235381.01,522,2023-01-27T00:00:00.000,Wastewater Treatment,Construction
,Far Rockaway New Facility,-78.0,14.0,2022-04-01T00:00:00.000,-623757.91,730,2022-05-30T00:00:00.000,Other Government Facilities,Construction
Olive,Replacement of the Esopus & Route 28A Railroad Bridges,714.0,143.0,2021-07-01T00:00:00.000,-50461071.35,443,2025-11-09T00:00:00.000,Bridges,Construction
Citywide,Emergency Communications Transformation Program (ECTP) Upgrades and Enhancements,2252.0,-1.0,2022-09-01T00:00:00.000,73735148.87,267,2023-03-30T00:00:00.000,IT,IT
,Shore Road Bridge over Hutchinson River,1477.0,,2019-09-01T00:00:00.000,-19049921.84,541,,"Bridges, Streets and Roadways",Design
,Purchase and Install Speed Cameras in School  Zones Areas,,,2022-04-01T00:00:00.000,-19999521.0,1071,,Streets and Roadways,
,"Ped Safety Upgrades on Atlantic Avenue, Phase 2",1400.0,,2021-03-01T00:00:00.000,10136496.0,519,,Streets and Roadways,
,Bronx Public School 108  Addition,0.0,0.0,2021-12-01T00:00:00.000,0.0,1109,2024-09-03T00:00:00.000,Schools,Construction
Staten Island,Oakwood Beach WWTP Sludge Thickening Improvements,3241.0,326.0,2021-03-01T00:00:00.000,57138101.3,449,2026-04-25T00:00:00.000,Wastewater Treatment,Design
,Freshkills South Park Synthetic Turf Fields and Landscape Construction,1309.0,,2020-01-01T00:00:00.000,1436858.72,1016,2022-09-16T00:00:00.000,Parks,Design
,Rego Park New Facility,474.0,84.0,2021-12-01T00:00:00.000,535000.0,1145,2026-03-07T00:00:00.000,Other Government Facilities,Design
,P.S. 174 - QUEENS Addition,0.0,,2022-09-01T00:00:00.000,0.0,1307,2024-09-03T00:00:00.000,Schools,Construction
,Park Avenue Tunnel (Murray Hill),1568.0,0.0,2021-12-01T00:00:00.000,-17773389.61,536,2022-08-03T00:00:00.000,Bridges,Construction
Port Jervis,Reconstruction of the Port Jervis Wastewater Treatment Plant,2445.0,501.0,2021-12-01T00:00:00.000,9428438.55,444,2026-10-04T00:00:00.000,Wastewater Treatment,Design
,NYPD Firearms and Tactics Facility,328.0,,2021-07-01T00:00:00.000,3365000.0,1194,2026-11-24T00:00:00.000,Other Government Facilities,Design
,33rd Street West of 11th Avenue (Hudson Yards),611.0,0.0,2022-04-01T00:00:00.000,-1399960.0,1043,2029-01-11T00:00:00.000,Bridges,Design
"Bronx, Manhattan",Broadway Bridge over Harlem River Replacement,2797.0,562.0,2020-10-01T00:00:00.000,39724388.0,106,2023-02-01T00:00:00.000,Bridges,Construction
,Lower Manhattan Coastal Resiliency (LMCR): Battery,-29.0,32.0,2022-09-01T00:00:00.000,0.0,1223,2025-04-01T00:00:00.000,Parks,Construction Procurement
,CITYWIDE RESILENCY MEASURES-Lower Manhattan Two Bridges,161.0,28.0,2022-09-01T00:00:00.000,34901000.0,1187,2026-10-22T00:00:00.000,Streets and Roadways,Construction
,4Th Ave. Safety Improvements Phase II-Vision Zero,1106.0,803.0,2021-07-01T00:00:00.000,-11525000.0,833,2024-06-17T00:00:00.000,Streets and Roadways,Construction
Brooklyn,Brooklyn Supreme Court Fire Alarm System Upgrade,1533.0,59.0,2017-09-01T00:00:00.000,47003000.0,510,2022-12-30T00:00:00.000,Public Safety and Criminal Justice,Design
,RECONSTRUCTION OF EMPIRE BLVD/BED-796,223.0,,2021-07-01T00:00:00.000,8554000.0,1213,2022-11-07T00:00:00.000,Streets and Roadways,Construction
Brooklyn,Dumbo and Vinegar Hill Area Roadway Reconstruction and Renovation,3253.0,153.0,2014-05-01T00:00:00.000,96724000.0,193,2016-04-24T00:00:00.000,Streets and Roadways,Design
,DOH Public Health Lab,1.0,0.0,2019-05-01T00:00:00.000,19334959.71,909,2025-01-01T00:00:00.000,Health and Hospitals,Design
,GI - GRAVESEND BAY CSO - PHASE III,189.0,161.0,2022-09-01T00:00:00.000,-372000.0,1199,2025-11-19T00:00:00.000,Streets and Roadways,Design
Manhattan,Bellevue Medical Center Priority Mitigation Projects,1854.0,45.0,2021-12-01T00:00:00.000,0.0,545,2022-06-14T00:00:00.000,Health and Hospitals,Construction
Bronx,Lower Concourse Initiative,730.0,0.0,2018-03-01T00:00:00.000,-5100000.0,575,2021-09-01T00:00:00.000,Industrial Development,Design
Upstate,"Gilboa Dam Reconstruction, Phase V",503.0,32.0,2021-12-01T00:00:00.000,-3079490.0,456,2025-07-31T00:00:00.000,Water Supply,Design
Brooklyn,Construction of Gowanus CSO retention FAC Superfund Site,1086.0,0.0,2020-01-01T00:00:00.000,432995114.0,550,2031-07-07T00:00:00.000,Industrial Development,Design
,Hamilton Fish Recreation Center Reconstruction,,,2022-09-01T00:00:00.000,0.0,1302,,Parks,Design
,Queens Public School 489  Annex,0.0,0.0,2022-04-01T00:00:00.000,0.0,1107,2024-09-03T00:00:00.000,Schools,Construction
Brooklyn,"Coney Island Area, Phase 3A",1215.0,,2020-05-01T00:00:00.000,25273000.0,516,,Industrial Development,
Brooklyn,Brooklyn Civil Court move to 210 Joralemon St,1977.0,0.0,2021-03-01T00:00:00.000,200931011.96,509,2024-08-01T00:00:00.000,Public Safety and Criminal Justice,Construction Procurement
Manhattan,Riverside Drive/West 158th Street Bridge Rehabilitation,2152.0,-522.0,2016-01-01T00:00:00.000,96922794.0,113,2020-07-13T00:00:00.000,"Bridges, Streets and Roadways",Design
,"Combined Sewer And Wm Work In 71 Street, Queens",1889.0,365.0,2022-09-01T00:00:00.000,27172000.0,789,2027-10-30T00:00:00.000,Sewers,Design
Olive,Replacement of the Esopus & Route 28A Railroad Bridges,714.0,208.0,2020-01-01T00:00:00.000,-50461071.35,443,2025-01-01T00:00:00.000,Bridges,Construction Procurement
,80 CENTRE ST.- FIRE ALARMS/SPRINKLERS,340.0,36.0,2023-01-01T00:00:00.000,0.0,1174,2027-02-26T00:00:00.000,Other Government Facilities,Design
Queens,RECONSTRUCTION OF QUEENS BLVD - PHASE 2,2315.0,0.0,2018-08-01T00:00:00.000,14201000.0,619,2023-04-12T00:00:00.000,Industrial Development,Design
,NYCF Homeport 2,153.0,365.0,2021-12-01T00:00:00.000,51220834.0,1022,2024-09-29T00:00:00.000,Ferries,Construction Procurement
Queens,49th Avenue Bridge Replacement,1449.0,,2019-09-01T00:00:00.000,32902419.0,131,,"Bridges, Streets and Roadways",Design
Brooklyn,DBCD South Site Cultural Fit-Out,1706.0,0.0,2021-12-01T00:00:00.000,36789601.16,484,2022-12-31T00:00:00.000,Arts and Culture,Construction
,"Construction Of Sanitary Sewers, Storm Sewers (Bm",595.0,,2018-03-01T00:00:00.000,37691000.0,760,2022-04-14T00:00:00.000,Sewers,Design
,Reconstruction of Beach Channel Drive -- Phase B,0.0,,2021-12-01T00:00:00.000,642000.0,1151,2028-09-01T00:00:00.000,Streets and Roadways,Design
Bronx,"Bronx Sanitation Garage Construction: Community District 9, 10, 11",1919.0,0.0,2022-09-01T00:00:00.000,268983862.56,573,2030-06-30T00:00:00.000,Sanitation,Design
Staten Island,Hannah Street Pumping Station Construction,3238.0,394.0,2021-03-01T00:00:00.000,67909196.8,364,2024-06-05T00:00:00.000,Wastewater Treatment,Construction
,Installation of Dechlorination System at Hunts Point WRRF,-9.0,-420.0,2022-04-01T00:00:00.000,-6856021.0,1094,2027-03-27T00:00:00.000,Wastewater Treatment,Design
,TRAVIS AVENUE WIDENING,1029.0,0.0,2023-01-01T00:00:00.000,50000.0,1240,2027-10-22T00:00:00.000,Streets and Roadways,Design
,Bronx Animal Care Center,110.0,,2020-10-01T00:00:00.000,24815617.0,893,,Health and Hospitals,
Bronx,Grand Concourse Metro North Railroad Bridge Construction,836.0,-35.0,2019-05-01T00:00:00.000,22682117.0,120,2022-05-29T00:00:00.000,Bridges,Construction Procurement
,Queens Public School 472  New Construction,0.0,0.0,2021-12-01T00:00:00.000,0.0,1099,2025-09-03T00:00:00.000,Schools,Construction
,Headworks Improvements at Tallman Island,586.0,0.0,2022-04-01T00:00:00.000,19975649.96,906,2026-11-05T00:00:00.000,Industrial Development,Design
,TRENCH RESTORATION BROOKLYN,1467.0,366.0,2019-09-01T00:00:00.000,6536000.0,855,2023-08-14T00:00:00.000,Industrial Development,Design
Queens,Metropolitan Avenue Bridge over CSX Transport,2027.0,-24.0,2019-05-01T00:00:00.000,4699394.0,556,2027-02-19T00:00:00.000,"Bridges, Streets and Roadways",Design
,Storm Mitigation Loan Program at Hunts Point,1091.0,142.0,2020-01-01T00:00:00.000,20080597.79,672,2022-01-05T00:00:00.000,Wastewater Treatment,Design
"Bronx, Manhattan",Broadway Bridge over Harlem River Replacement,2797.0,338.0,2017-09-01T00:00:00.000,39724388.0,106,2021-10-17T00:00:00.000,Bridges,Design
,New Ferry Boat Construction,549.0,-505.0,2015-02-01T00:00:00.000,-238419180.0,94,2020-02-11T00:00:00.000,Ferries,Design
,Pier 42 and East River Park Connector Program,214.0,61.0,2023-01-01T00:00:00.000,100000.0,1085,2023-10-31T00:00:00.000,Parks,Construction
,P.S. 5 - STATEN ISLAND Addition,0.0,0.0,2023-01-01T00:00:00.000,0.0,1303,2025-09-03T00:00:00.000,Schools,Construction
Queens,"STM & SAN SWR, WILLET PT BLVD WHITESTONE AREA, PH2",642.0,0.0,2023-01-01T00:00:00.000,41243000.0,651,2023-05-31T00:00:00.000,Sewers,Construction
Queens,49th Avenue Bridge Replacement,1449.0,21.0,2022-04-01T00:00:00.000,32902419.0,131,2027-04-05T00:00:00.000,"Bridges, Streets and Roadways",Design
Bronx,"Pelham Parkway Roadway Reconstruction, Phase 2",2869.0,0.0,2014-01-01T00:00:00.000,125164000.0,180,2016-02-13T00:00:00.000,Streets and Roadways,Design
,Bronx Public School 077  Addition,0.0,0.0,2022-09-01T00:00:00.000,0.0,1101,2024-09-03T00:00:00.000,Schools,Construction
,New Storm Sewer N Conduit Av-Baisley Blvd,1619.0,0.0,2019-01-01T00:00:00.000,31711000.0,792,2024-09-13T00:00:00.000,Sewers,Design
Queens,Metropolitan Avenue Bridge over CSX Transport,2027.0,180.0,2019-01-01T00:00:00.000,4699394.0,556,2027-03-15T00:00:00.000,"Bridges, Streets and Roadways",Design
,Upgrades At Brooklyn Animal Shelter,1355.0,110.0,2023-01-01T00:00:00.000,21288000.0,750,2025-12-30T00:00:00.000,Other Government Facilities,Construction Procurement
Bronx,Concourse Village Avenue over Metro North,1865.0,,2019-09-01T00:00:00.000,-186092.37,587,,Bridges,Design
Staten Island,Oakwood Beach WWTP Headworks Improvements,2857.0,1021.0,2022-04-01T00:00:00.000,31867440.0,450,2029-08-03T00:00:00.000,Wastewater Treatment,Design
Upstate,Reconstruction of the Ashokan Headworks,-67.0,164.0,2022-09-01T00:00:00.000,41950858.0,834,2028-04-16T00:00:00.000,Water Supply,Design
Manhattan,Metropolitan Hospital Perimeter Flood Protection,1452.0,,2019-09-01T00:00:00.000,27046705.0,562,,Industrial Development,
Brooklyn,Bergen Avenue Street Reconstruction,-388.0,0.0,2019-05-01T00:00:00.000,45837000.0,170,2023-06-24T00:00:00.000,Streets and Roadways,Construction
Bronx,Bainbridge Avenue Trunk Water Main,1687.0,767.0,2021-07-01T00:00:00.000,25547000.0,454,2022-07-12T00:00:00.000,Water Supply,Construction
,South Bronx East-West Crosstown SBS,626.0,266.0,2021-12-01T00:00:00.000,3130000.0,1008,2026-07-14T00:00:00.000,Streets and Roadways,Design
,New Ferry Boat Construction,549.0,159.0,2019-05-01T00:00:00.000,-238419180.0,94,2021-08-06T00:00:00.000,Ferries,Construction
,P.S. 96 - QUEENS Addition,0.0,0.0,2022-04-01T00:00:00.000,-3902865.0,1221,2024-09-03T00:00:00.000,Schools,Design
,Cunningham Park Garage Reconstruction,703.0,0.0,2022-04-01T00:00:00.000,0.0,1019,2024-07-29T00:00:00.000,Parks,Construction Procurement
Queens,RECONSTRUCTION OF QUEENS BLVD - PHASE 1,1906.0,306.0,2019-01-01T00:00:00.000,176245000.0,618,2024-11-28T00:00:00.000,Industrial Development,Design
,Bronx River CSO Reduction,-712.0,0.0,2021-07-01T00:00:00.000,1210235.0,943,2028-12-14T00:00:00.000,Wastewater Treatment,Design
,GI - GRAVESEND BAY CSO - PHASE II,29.0,29.0,2022-09-01T00:00:00.000,13699000.0,1198,2024-12-09T00:00:00.000,Streets and Roadways,Design
,150th Street Spine: Phase II - DOT Van Wyck Expressway - Trunk Combined Sewer,-194.0,0.0,2023-01-01T00:00:00.000,-676000.0,1202,2025-04-14T00:00:00.000,Streets and Roadways,Construction
,Upgrades At Brooklyn Animal Shelter,1355.0,,2018-03-01T00:00:00.000,21288000.0,750,2022-04-15T00:00:00.000,Other Government Facilities,Design
Bronx,RECONSTRUCTION OF E 177 STREET/DEVOE AVENUE,1839.0,93.0,2019-05-01T00:00:00.000,25050000.0,623,2022-11-15T00:00:00.000,"Industrial Development, Streets and Roadways",Design
Manhattan,Bellevue Medical Center Priority Mitigation Projects,1854.0,80.0,2022-09-01T00:00:00.000,0.0,545,2023-09-18T00:00:00.000,Health and Hospitals,Construction
Brooklyn,Brooklyn Sanitation Garage Construction: Community District 3,790.0,31.0,2019-05-01T00:00:00.000,25603365.0,560,2023-01-31T00:00:00.000,Sanitation,Construction Procurement
,Queens Public School 46 Additionl,365.0,0.0,2022-04-01T00:00:00.000,0.0,1027,2023-09-03T00:00:00.000,Schools,Construction
Queens,RECONSTRUCTION OF QUEENS BLVD - PHASE 1,1906.0,,2020-01-01T00:00:00.000,176245000.0,618,,Industrial Development,
,Queensboro Bridge Roadway Replacement over East River,1970.0,-7.0,2019-01-01T00:00:00.000,8567339.67,594,2022-10-28T00:00:00.000,"Bridges, Streets and Roadways",Construction
Brooklyn,DBCD South Site Cultural Fit-Out,1706.0,91.0,2017-09-01T00:00:00.000,36789601.16,484,2019-11-30T00:00:00.000,Arts and Culture,Design
Bronx,Westchester Avenue Bridge over Hutch River Parkway Rehabilitation,1592.0,316.0,2016-11-01T00:00:00.000,20945057.0,112,2021-09-13T00:00:00.000,"Bridges, Streets and Roadways",Construction
Queens,Roosevelt Avenue Bridge Superstructure and Substructure Repairs,2003.0,1749.0,2015-02-01T00:00:00.000,23798213.0,101,2023-01-11T00:00:00.000,Bridges,Construction Procurement
Queens,Rehab Of Queens District 11/13 Sanitation Garage,1521.0,0.0,2018-08-01T00:00:00.000,36221000.0,770,2022-10-31T00:00:00.000,Sanitation,Design
,Queens Public School 489  Annex,0.0,0.0,2022-09-01T00:00:00.000,0.0,1107,2024-09-03T00:00:00.000,Schools,Construction
,Hansborough Recreation Center Reconstruction,186.0,,2021-07-01T00:00:00.000,-4700000.0,1090,,Parks,Design
,Headworks Improvements at Tallman Island,586.0,-83.0,2022-09-01T00:00:00.000,19975649.96,906,2026-08-14T00:00:00.000,Industrial Development,Construction Procurement
Port Jervis,Reconstruction of the Port Jervis Wastewater Treatment Plant,2445.0,0.0,2023-01-01T00:00:00.000,9428438.55,444,2026-10-04T00:00:00.000,Wastewater Treatment,Design
,Grand Street Bridge over Newtown Creek,1645.0,,2020-01-01T00:00:00.000,160682490.0,534,,"Bridges, Streets and Roadways",Design
,TRENCH RESTORATION BROOKLYN,1467.0,0.0,2022-09-01T00:00:00.000,6536000.0,855,2025-09-13T00:00:00.000,Industrial Development,Design
Queens,20th Avenue Storm and Sanitary Sewer Construction,2180.0,,2021-03-01T00:00:00.000,117177000.0,432,,Sewers,
,Manhattan Greenway: East Midtown,487.0,0.0,2020-10-01T00:00:00.000,24840000.0,859,2022-11-30T00:00:00.000,Parks,Construction
Brooklyn,Sunset Park Infrastructure,1290.0,181.0,2022-04-01T00:00:00.000,31633941.69,574,2024-04-30T00:00:00.000,Industrial Development,Construction
,Storm Sanitary Sewer Repl Springfield Gardens,1097.0,126.0,2021-12-01T00:00:00.000,35414000.0,790,2026-03-25T00:00:00.000,Sewers,Design
,BROAD CHANNEL BULKHEADS - PH II,-74.0,59.0,2019-01-01T00:00:00.000,61781000.0,617,2025-01-10T00:00:00.000,Industrial Development,Design
Brooklyn,DBCD South Site Cultural Fit-Out,1706.0,0.0,2019-09-01T00:00:00.000,36789601.16,484,2022-07-31T00:00:00.000,Arts and Culture,Construction Procurement
,FUEL TANK & SUMP REPLACEMENTS - BROOKLYN,663.0,,2019-05-01T00:00:00.000,-1940000.0,899,,Industrial Development,
Staten Island,Roma and Hett Avenue Storm and Sanitary Sewer Installation,-8.0,276.0,2018-08-01T00:00:00.000,62973000.0,206,2020-09-21T00:00:00.000,Sewers,Construction Procurement
Brooklyn,Dumbo and Vinegar Hill Area Roadway Reconstruction and Renovation,3253.0,,2020-10-01T00:00:00.000,96724000.0,193,,Streets and Roadways,
Queens,Belt System - Cross Island over 115th Avenue/Dutch Broadway,1845.0,,2019-09-01T00:00:00.000,17528706.0,558,,Bridges,Design
,WM REPLMT EAST NEW YORK AVE,913.0,0.0,2023-01-01T00:00:00.000,29337000.0,991,2024-09-09T00:00:00.000,Water Supply,Construction
Queens,Roosevelt Avenue Bridge Superstructure and Substructure Repairs,2003.0,620.0,2019-01-01T00:00:00.000,23798213.0,101,2020-08-28T00:00:00.000,Bridges,Construction
Citywide,The Reconstruction of The Lower Catskill Aqueduct,1421.0,274.0,2019-05-01T00:00:00.000,-65760729.0,667,2025-06-01T00:00:00.000,Water Supply,Design
Bronx,"Bronx Sanitation Garage Construction: Community District 9, 10, 11",1919.0,183.0,2020-01-01T00:00:00.000,268983862.56,573,2027-12-31T00:00:00.000,Sanitation,Design
,"Upgrade of Paerdegat, Avenue U, and 19th Street Pumping Stations",525.0,0.0,2023-01-01T00:00:00.000,-8003328.0,1039,2027-05-09T00:00:00.000,Wastewater Treatment,Design
,HILL DR (TERRACE BR) OVER PROSPECT PARK LAKE BIN 2244120,636.0,,2021-03-01T00:00:00.000,-785268.0,1073,,Bridges,
,Bronx Public School 469  New Construction,0.0,0.0,2022-09-01T00:00:00.000,-505800.0,1102,2024-09-03T00:00:00.000,Schools,Construction
Queens,"STM & SAN SWR, N.B. WHITESTONE EXPWY SERV RD, PH 3",684.0,0.0,2022-04-01T00:00:00.000,15468000.0,652,2024-08-21T00:00:00.000,Sewers,Construction
Manhattan,2nd Avenue Watermain Trunk Construction,2113.0,0.0,2019-01-01T00:00:00.000,-7266000.0,388,2021-06-02T00:00:00.000,Water Supply,Construction
,Next Generation Data Platform Re-Architecture,304.0,,2021-12-01T00:00:00.000,0.4,1224,2024-06-30T00:00:00.000,IT,IT
New York,North River Wastewater Treatment Plant Cogeneration and Electrification,1712.0,46.0,2021-07-01T00:00:00.000,134242052.88,423,2023-03-02T00:00:00.000,Wastewater Treatment,Construction
,HIGH LEVEL STM SEWERS IN GOWANUS CANAL AREA-PH II,813.0,,2020-01-01T00:00:00.000,8657000.0,849,,Sewers,
,Varick Build-out,,,2023-01-01T00:00:00.000,0.0,1226,,Other Government Facilities,Construction
Bronx,East 180th Street over Metro North Railroad (Harrison Line),664.0,29.0,2018-08-01T00:00:00.000,4194366.0,811,2022-01-02T00:00:00.000,Bridges,Construction Procurement
Manhattan,Carl Schurz Park Promenade over FDR (East 81st to 90th Streets),1571.0,0.0,2018-08-01T00:00:00.000,-197139579.0,537,2025-10-31T00:00:00.000,Bridges,Design
,"Grand Concourse Reconstruction, Phase 4 (Great Streets)",1448.0,258.0,2021-07-01T00:00:00.000,57634000.0,476,2023-06-13T00:00:00.000,Streets and Roadways,Construction
,"City Tunnel No.3, Stage 2 in Queens and Brooklyn, Construction of Shaft 17B and 18B",119.0,0.0,2022-04-01T00:00:00.000,3150108.42,1042,2027-01-24T00:00:00.000,Water Supply,Construction
Queens,"STM & SAN SWR, WILLET PT BLVD WHITESTONE AREA, PH2",642.0,365.0,2019-01-01T00:00:00.000,41243000.0,651,2022-09-15T00:00:00.000,Sewers,Construction
Brooklyn,Sunset Park Infrastructure,1290.0,-13.0,2019-09-01T00:00:00.000,31633941.69,574,2022-06-15T00:00:00.000,Industrial Development,Construction Procurement
Bronx,Pelham Bay Equestrian Park over Amtrak,1029.0,803.0,2019-01-01T00:00:00.000,137997.0,703,2026-10-21T00:00:00.000,Bridges,Design
Bronx,Grand Concourse Metro North Railroad Bridge Construction,836.0,,2020-01-01T00:00:00.000,22682117.0,120,,Bridges,Construction Procurement
Queens,Rehab Of Queens District 11/13 Sanitation Garage,1521.0,730.0,2021-07-01T00:00:00.000,36221000.0,770,2025-06-30T00:00:00.000,Sanitation,Design
,Flushing Creek CSO Disinfection Project,0.0,0.0,2023-01-01T00:00:00.000,-45000.0,1293,2029-01-18T00:00:00.000,Wastewater Treatment,Design
,Staten Island North Shore Recreation Center,,,2022-04-01T00:00:00.000,500000.0,1183,,Other Government Facilities,Design
,West 33rd Street,1736.0,0.0,2022-09-01T00:00:00.000,0.0,861,2026-11-30T00:00:00.000,Streets and Roadways,Design
,New Storm Sewer N Conduit Av-Baisley Blvd,1619.0,,2020-05-01T00:00:00.000,31711000.0,792,,Sewers,
Marlboro,Rondout-West Branch Bypass Tunnel Construction Project 2,256.0,62.0,2014-01-01T00:00:00.000,202552329.25,409,2024-05-01T00:00:00.000,Water Supply,Design
,Storm Sewer Outlet In 224Th St,1238.0,0.0,2019-09-01T00:00:00.000,155854000.0,784,2023-11-29T00:00:00.000,Sewers,Design
Upstate,"Gilboa Dam Reconstruction, Phase IV",1684.0,-144.0,2017-04-01T00:00:00.000,33535991.2,406,2021-01-01T00:00:00.000,Water Supply,Construction Procurement
Olive,Replacement of the Esopus & Route 28A Railroad Bridges,714.0,-200.0,2018-03-01T00:00:00.000,-50461071.35,443,2024-05-20T00:00:00.000,Bridges,Design
Staten Island,Oakwood Beach WWTP Sludge Thickening Improvements,3241.0,294.0,2019-05-01T00:00:00.000,57138101.3,449,2024-09-06T00:00:00.000,Wastewater Treatment,Design
,Storm Mitigation Loan Program at Red Hook,921.0,0.0,2022-04-01T00:00:00.000,13549422.97,721,2022-09-01T00:00:00.000,Wastewater Treatment,Construction
,Upgrades At Brooklyn Animal Shelter,1355.0,0.0,2022-09-01T00:00:00.000,21288000.0,750,2025-09-11T00:00:00.000,Other Government Facilities,Construction Procurement
,Bronx Public School @ 639 ST ANN'S AVENUE,0.0,0.0,2021-07-01T00:00:00.000,-1926038.0,1089,2024-09-03T00:00:00.000,Schools,Construction
Manhattan,2nd Avenue Watermain Trunk Construction,2113.0,255.0,2018-03-01T00:00:00.000,-7266000.0,388,2020-06-03T00:00:00.000,Water Supply,Construction Procurement
,Central Park Light Infrastructure,1535.0,0.0,2017-09-01T00:00:00.000,-3323649.6,586,2019-06-18T00:00:00.000,"Parks, Streets and Roadways",Construction
,Upgrades At Brooklyn Animal Shelter,1355.0,,2021-03-01T00:00:00.000,21288000.0,750,,Other Government Facilities,
,Shore Road Bridge over Hutchinson River,1477.0,,2021-03-01T00:00:00.000,-19049921.84,541,,"Bridges, Streets and Roadways",
Queens,49th Avenue Bridge Replacement,1449.0,402.0,2018-08-01T00:00:00.000,32902419.0,131,2024-06-13T00:00:00.000,"Bridges, Streets and Roadways",Design
,Mobile Radios,0.0,,2022-04-01T00:00:00.000,-8074214.27,1079,,Public Safety and Criminal Justice,IT
,Throgs Neck Pumping Station Rehabilitation and Improvements,1306.0,-11.0,2021-03-01T00:00:00.000,25708336.86,722,2024-05-29T00:00:00.000,Wastewater Treatment,Construction Procurement
Queens,Edgewood Triangle Roadway Reconstruction,3597.0,0.0,2014-05-01T00:00:00.000,106503000.0,204,2018-10-10T00:00:00.000,Streets and Roadways,Design
Bronx,East 180th Street over Metro North Railroad (Harrison Line),664.0,,2018-03-01T00:00:00.000,4194366.0,811,2021-12-04T00:00:00.000,Bridges,Design
Staten Island,Roma and Hett Avenue Storm and Sanitary Sewer Installation,-8.0,645.0,2019-01-01T00:00:00.000,62973000.0,206,2022-06-28T00:00:00.000,Sewers,Construction
,Grand Street Bridge over Newtown Creek,1645.0,558.0,2022-09-01T00:00:00.000,160682490.0,534,2031-07-28T00:00:00.000,"Bridges, Streets and Roadways",Design
Bronx,RECONSTRUCTION OF E 177 STREET/DEVOE AVENUE,1839.0,,2020-01-01T00:00:00.000,25050000.0,623,,"Industrial Development, Streets and Roadways",
,Coastal Resiliency Area 1 - East 23Rd St. To Montg,836.0,,2018-03-01T00:00:00.000,-418193636.37,773,2024-05-01T00:00:00.000,"Industrial Development, Parks",Design
Bronx,"Bronx Sanitation Garage Construction: Community District 9, 10, 11",1919.0,0.0,2021-07-01T00:00:00.000,268983862.56,573,2029-09-30T00:00:00.000,Sanitation,Design
,"RECONSTRUCTION OF FRONT STREET, MANHATTAN",484.0,,2021-07-01T00:00:00.000,6153000.0,1012,,Streets and Roadways,
,New Stapleton Waterfront: Phases 2 and 3,913.0,0.0,2023-01-01T00:00:00.000,100733778.0,962,2027-05-03T00:00:00.000,Industrial Development,Design
Bronx,New 40th Precinct,711.0,13.0,2021-12-01T00:00:00.000,26020000.0,634,2022-10-26T00:00:00.000,Public Safety and Criminal Justice,Construction
,New Ferry Boat Construction,549.0,,2023-01-01T00:00:00.000,-238419180.0,94,,Ferries,Construction
Marlboro,Rondout-West Branch Bypass Tunnel Construction Project 2,256.0,-151.0,2020-10-01T00:00:00.000,202552329.25,409,2023-04-28T00:00:00.000,Water Supply,Construction
,"WESTBOURNE - DUNBAR ROADWAYS/BULKHEADS, QNS",1840.0,1840.0,2021-07-01T00:00:00.000,47223000.0,981,2029-09-26T00:00:00.000,Streets and Roadways,Design
,"REPAIRS & REHAB OF INTERCEPTING SEWERS, MN & BX",,,2023-01-01T00:00:00.000,,1373,2024-06-13T00:00:00.000,Streets and Roadways,Construction Procurement
,Queens Public School 169 Addition,366.0,0.0,2021-12-01T00:00:00.000,5307201.0,1028,2024-09-03T00:00:00.000,Schools,Construction
,P.S./I.S. @ 3761 10TH AVENUE - Manhattan,0.0,,2021-12-01T00:00:00.000,9539089.0,1222,2024-09-03T00:00:00.000,Schools,Design
,Flushing Meadows Corona Park Aquatic Center Roof Reconstruction,,,2023-01-01T00:00:00.000,0.0,1280,,Parks,Design
,"Reconstruction Of Arthur Kill Road, Phase I",1415.0,,2021-03-01T00:00:00.000,22503000.0,741,,Streets and Roadways,
Brooklyn,Wyckoff Avenue Street Reconstruction,226.0,0.0,2022-04-01T00:00:00.000,43926000.0,191,2028-03-30T00:00:00.000,Streets and Roadways,Design
,Storm Mitigation Loan Program at Hunts Point,1091.0,82.0,2019-09-01T00:00:00.000,20080597.79,672,2021-08-16T00:00:00.000,Wastewater Treatment,Design
Queens,Power Distribution at Bowery Bay WWTP,1684.0,0.0,2021-03-01T00:00:00.000,24235381.01,522,2023-01-27T00:00:00.000,Wastewater Treatment,Construction
New York,North River Wastewater Treatment Plant Cogeneration and Electrification,1712.0,148.0,2015-08-01T00:00:00.000,134242052.88,423,2020-09-13T00:00:00.000,Wastewater Treatment,Design
,Orchard Beach Pavilion,942.0,0.0,2019-09-01T00:00:00.000,35628847.0,858,2022-08-01T00:00:00.000,Parks,Design
,Bronx Sanitation Garage Rehabilitation: Community District 12,1064.0,365.0,2022-09-01T00:00:00.000,0.0,956,2027-12-31T00:00:00.000,Sanitation,Design
Queens,Roosevelt Avenue Bridge Superstructure and Substructure Repairs,2003.0,,2020-05-01T00:00:00.000,23798213.0,101,,Bridges,Construction
Brooklyn,Flatbush Avenue Trunk Watermain Replacement,2266.0,,2020-05-01T00:00:00.000,39272000.0,370,,Wastewater Treatment,
Bronx,East 156th Street Bridge over Access to Housing,1720.0,0.0,2018-08-01T00:00:00.000,-363846.0,588,2024-09-05T00:00:00.000,"Bridges, Streets and Roadways",Design
,SOUTH BROOKLYN CROSSTOWN SBS,819.0,30.0,2022-09-01T00:00:00.000,29789000.0,843,2026-09-17T00:00:00.000,Industrial Development,Design
Brooklyn,Coney Island Hospital CSS Building and Perimeter Flood Protection,1243.0,548.0,2017-04-01T00:00:00.000,30635879.93,561,2022-08-08T00:00:00.000,Health and Hospitals,Design
Queens,Edgewood Triangle Roadway Reconstruction,3597.0,310.0,2021-12-01T00:00:00.000,106503000.0,204,2027-04-21T00:00:00.000,Streets and Roadways,Design
,NYCF Homeport 2,153.0,13.0,2021-07-01T00:00:00.000,51220834.0,1022,2023-09-30T00:00:00.000,Ferries,Construction Procurement
,Bronx Public School 077  Addition,0.0,,2021-07-01T00:00:00.000,0.0,1101,2024-09-03T00:00:00.000,Schools,Construction
Staten Island,Roma and Hett Avenue Storm and Sanitary Sewer Installation,-8.0,357.0,2021-07-01T00:00:00.000,62973000.0,206,2023-06-20T00:00:00.000,Sewers,Construction
,Sewer When & Where Contract In S.E. Queens,1834.0,,2020-05-01T00:00:00.000,7404000.0,793,,Sewers,
Staten Island,Oakwood Beach WWTP Sludge Thickening Improvements,3241.0,187.0,2020-10-01T00:00:00.000,57138101.3,449,2025-06-03T00:00:00.000,Wastewater Treatment,Design
,Storm Sewer Outlet In 224Th St,1238.0,22.0,2023-01-01T00:00:00.000,155854000.0,784,2026-04-20T00:00:00.000,Sewers,Construction Procurement
,SOUTHEAST QUEENS PRIORITY GRIDS - GROUP 2,1630.0,,2020-01-01T00:00:00.000,14480000.0,847,,Streets and Roadways,
Queens,Edgewood Triangle Roadway Reconstruction,3597.0,,2013-09-01T00:00:00.000,106503000.0,204,2018-10-10T00:00:00.000,Streets and Roadways,Design
,79th St Boat Basin,1036.0,181.0,2022-04-01T00:00:00.000,-1131246.67,862,2025-09-08T00:00:00.000,Parks,Design
Brooklyn,"Coney Island Area, Phase 3A",1215.0,0.0,2022-04-01T00:00:00.000,25273000.0,516,2023-11-27T00:00:00.000,Industrial Development,Construction
"Bronx, Manhattan",Broadway Bridge over Harlem River Replacement,2797.0,0.0,2016-06-01T00:00:00.000,39724388.0,106,2020-11-13T00:00:00.000,Bridges,Design
Queens,Power Distribution at Bowery Bay WWTP,1684.0,427.0,2022-04-01T00:00:00.000,24235381.01,522,2024-03-29T00:00:00.000,Wastewater Treatment,Construction
,Construction of ROW Green Infrastructure in CI005 Phase 2,,,2023-01-01T00:00:00.000,,1368,2025-08-27T00:00:00.000,Streets and Roadways,Construction Procurement
,"Reconstruction Of Arthur Kill Road, Phase I",1415.0,0.0,2021-12-01T00:00:00.000,22503000.0,741,2025-10-30T00:00:00.000,Streets and Roadways,Design
Brooklyn,Wyckoff Avenue Street Reconstruction,226.0,-2832.0,2019-05-01T00:00:00.000,43926000.0,191,2023-03-29T00:00:00.000,Streets and Roadways,Design
,Porpoise Bridge In Flushing Meadows-Corona Park,1110.0,365.0,2019-09-01T00:00:00.000,82000.0,749,2024-07-23T00:00:00.000,Bridges,Design
Brooklyn,Wyckoff Avenue Street Reconstruction,226.0,0.0,2017-09-01T00:00:00.000,43926000.0,191,2030-01-13T00:00:00.000,Streets and Roadways,Design
,HIGH LEVEL STM SEWERS IN GOWANUS CANAL AREA-PH II,813.0,183.0,2019-01-01T00:00:00.000,8657000.0,849,2021-09-29T00:00:00.000,Sewers,Construction
,"Combined Sewer In 70Th Street, Queens",1155.0,,2020-01-01T00:00:00.000,94201000.0,788,,Sewers,
Brooklyn,Brooklyn Supreme Court Fire Alarm System Upgrade,1533.0,91.0,2022-09-01T00:00:00.000,47003000.0,510,2026-09-29T00:00:00.000,Public Safety and Criminal Justice,Design
,Brooklyn Public School 676  New Construction,0.0,0.0,2023-01-01T00:00:00.000,1339880.0,1100,2024-09-03T00:00:00.000,Schools,Construction
Brooklyn,Flatbush Avenue Trunk Watermain Replacement,2266.0,83.0,2018-03-01T00:00:00.000,39272000.0,370,2021-07-12T00:00:00.000,Wastewater Treatment,Construction
,"Ped Safety Upgrades on Atlantic Avenue, Phase 2",1400.0,0.0,2022-04-01T00:00:00.000,10136496.0,519,2024-05-30T00:00:00.000,Streets and Roadways,Construction
,253 Broadway NYC. Fire Alarm Raplacement,1553.0,62.0,2019-09-01T00:00:00.000,17827000.0,850,2022-05-05T00:00:00.000,Other Government Facilities,Design
Brooklyn,Dumbo and Vinegar Hill Area Roadway Reconstruction and Renovation,3253.0,288.0,2016-06-01T00:00:00.000,96724000.0,193,2018-11-23T00:00:00.000,Streets and Roadways,Design
,NEW UTRECH LIBRARY MAJOR RENOVATIONS,1188.0,-74.0,2019-05-01T00:00:00.000,290000.0,841,2024-06-18T00:00:00.000,Libraries,Design
Citywide,Catskill Aqueduct Repair and Rehabilitation,1517.0,504.0,2018-08-01T00:00:00.000,9642889.68,478,2021-07-17T00:00:00.000,Water Supply,Construction
,Orchard Beach Pavilion,942.0,-31.0,2022-09-01T00:00:00.000,35628847.0,858,2025-02-28T00:00:00.000,Parks,Construction Procurement
Bronx,Grand Concourse Metro North Railroad Bridge Construction,836.0,-73.0,2016-06-01T00:00:00.000,22682117.0,120,2020-05-09T00:00:00.000,Bridges,Design
Marlboro,Rondout-West Branch Bypass Tunnel Construction Project 2,256.0,0.0,2016-11-01T00:00:00.000,202552329.25,409,2022-09-26T00:00:00.000,Water Supply,Construction
Bronx,Jerome Reservoir and Aqueduct Rehabilitation,2363.0,0.0,2022-04-01T00:00:00.000,-833277.14,448,2026-12-29T00:00:00.000,Water Supply,Construction
,Porpoise Bridge In Flushing Meadows-Corona Park,1110.0,509.0,2021-07-01T00:00:00.000,82000.0,749,2025-12-14T00:00:00.000,Bridges,Design
,Grant Park Construction,612.0,0.0,2022-04-01T00:00:00.000,1489000.0,1015,2025-01-27T00:00:00.000,Parks,Construction Procurement
,NEW UTRECH LIBRARY MAJOR RENOVATIONS,1188.0,0.0,2021-12-01T00:00:00.000,290000.0,841,2026-11-27T00:00:00.000,Libraries,Design
Manhattan,Harlem River Drive Ramp Reconstruction (George Washington Bridge),2697.0,140.0,2023-01-01T00:00:00.000,-3711870.0,708,2035-09-02T00:00:00.000,"Bridges, Streets and Roadways",Design
Manhattan,West 35th Street over Amtrak,2846.0,,2021-03-01T00:00:00.000,-621966.0,696,,Bridges,
Queens,Metropolitan Avenue Bridge over CSX Transport,2027.0,610.0,2020-10-01T00:00:00.000,4699394.0,556,2029-10-24T00:00:00.000,"Bridges, Streets and Roadways",Design
,Bronx Public School 469  New Construction,0.0,0.0,2021-12-01T00:00:00.000,-505800.0,1102,2024-09-03T00:00:00.000,Schools,Construction
Queens,TLC - NEW OFFICE FACILITY - 24-55 BQE WEST,1248.0,403.0,2022-09-01T00:00:00.000,75370000.0,665,2026-05-01T00:00:00.000,Other Government Facilities,Construction
,"FDR Rehabilitation, Northbound (East 42nd to 49th Streets)",1816.0,235.0,2019-05-01T00:00:00.000,-2802822.0,502,2027-03-06T00:00:00.000,Bridges,Design
,SUNSET PARK NORTH BK WATERFRONT GREENWAY,1096.0,120.0,2021-12-01T00:00:00.000,20345000.0,1176,2024-07-13T00:00:00.000,Streets and Roadways,Design
Queens,Dutch Kills and Lower Newtown Creek Enhanced Aeration Work,1891.0,34.0,2021-07-01T00:00:00.000,-4338327.57,313,2025-03-21T00:00:00.000,Wastewater Treatment,Construction Procurement
,"Reconstruction Of Arthur Kill Road, Phase I",1415.0,730.0,2021-07-01T00:00:00.000,22503000.0,741,2025-10-30T00:00:00.000,Streets and Roadways,Design
Manhattan,Bellevue Medical Center Priority Mitigation Projects,1854.0,-143.0,2023-01-01T00:00:00.000,0.0,545,2023-04-28T00:00:00.000,Health and Hospitals,Construction
,Reconstruct Main Sewage Pump Controls at Port Richmond WWTP,516.0,223.0,2020-05-01T00:00:00.000,26923720.62,948,2025-09-15T00:00:00.000,Wastewater Treatment,Design
Upstate,"Gilboa Dam Reconstruction, Phase III",1113.0,77.0,2018-03-01T00:00:00.000,10376533.49,405,2020-10-12T00:00:00.000,Water Supply,Construction
,Park Avenue Tunnel (Murray Hill),1568.0,,2020-05-01T00:00:00.000,-17773389.61,536,,Bridges,Construction
,Bronx Public School 468  New Construction,0.0,0.0,2022-04-01T00:00:00.000,0.0,1106,2024-09-03T00:00:00.000,Schools,Construction
,12th Avenue Accessibility Improvements,-98.0,-340.0,2022-09-01T00:00:00.000,51571000.0,1158,2026-01-31T00:00:00.000,Streets and Roadways,Design
,Coastal Resiliency Area 1 - East 23Rd St. To Montg,836.0,364.0,2018-08-01T00:00:00.000,-418193636.37,773,2025-04-30T00:00:00.000,"Industrial Development, Parks",Design
,Central Park Light Infrastructure,1535.0,0.0,2022-09-01T00:00:00.000,-3323649.6,586,2023-06-30T00:00:00.000,"Parks, Streets and Roadways",Construction
,150Th St Spine Phase 1 Storm Sewer At Bergen Basin,753.0,181.0,2022-09-01T00:00:00.000,101452000.0,791,2026-04-03T00:00:00.000,Sewers,Design
,"Reconstruction Of Arthur Kill Road, Phase I",1415.0,197.0,2022-09-01T00:00:00.000,22503000.0,741,2026-05-15T00:00:00.000,Streets and Roadways,Design
,Woodhaven Blvd SBS Phase B,15.0,0.0,2021-12-01T00:00:00.000,-20000.0,1210,2028-10-14T00:00:00.000,Streets and Roadways,Design
Staten Island,Oakwood Beach WWTP Sludge Thickening Improvements,3241.0,84.0,2021-07-01T00:00:00.000,57138101.3,449,2026-07-18T00:00:00.000,Wastewater Treatment,Design
Brooklyn,Bergen Avenue Street Reconstruction,-388.0,0.0,2019-09-01T00:00:00.000,45837000.0,170,2023-06-24T00:00:00.000,Streets and Roadways,Construction
,"Ped Safety Upgrades on Atlantic Avenue, Phase 2",1400.0,297.0,2018-03-01T00:00:00.000,10136496.0,519,2021-12-21T00:00:00.000,Streets and Roadways,Design
Bronx,East 156th Street Bridge over Access to Housing,1720.0,2.0,2022-09-01T00:00:00.000,-363846.0,588,2029-02-21T00:00:00.000,"Bridges, Streets and Roadways",Design
,BBJ Queens Garage - Construction of new multi-level Garage with Community Space,547.0,0.0,2022-09-01T00:00:00.000,1314000.0,1156,2021-10-11T00:00:00.000,Other Government Facilities,Design
,Brooklyn Bridge - Approach Arches Rehabilitation,1908.0,0.0,2019-05-01T00:00:00.000,33135732.1,584,2022-06-01T00:00:00.000,Bridges,Design
,Queens Public School 46 Additionl,365.0,0.0,2021-03-01T00:00:00.000,0.0,1027,2023-09-03T00:00:00.000,Schools,Construction
Queens,20th Avenue Storm and Sanitary Sewer Construction,2180.0,0.0,2019-05-01T00:00:00.000,117177000.0,432,2021-06-29T00:00:00.000,Sewers,Construction
,TRENCH RESTORATION BROOKLYN,1467.0,,2020-10-01T00:00:00.000,6536000.0,855,,Industrial Development,
,Brooklyn Public School 730 New Construction,730.0,,2019-01-01T00:00:00.000,6379885.0,876,2021-09-03T00:00:00.000,Schools,Construction Procurement
,FUEL TANK REPLACEMENT - 71,548.0,59.0,2021-07-01T00:00:00.000,3444000.0,935,2023-03-20T00:00:00.000,Industrial Development,Construction
,GREENWICH STREET RECONSTRUCTION,-1.0,0.0,2022-04-01T00:00:00.000,4449000.0,1175,2024-11-06T00:00:00.000,Streets and Roadways,Construction
,Bronx Sanitation Garage Rehabilitation: Community District 6,913.0,,2019-09-01T00:00:00.000,0.0,971,2025-06-30T00:00:00.000,Sanitation,Design
Citywide,Revenue Cycle Implementation,1279.0,0.0,2023-01-01T00:00:00.000,0.0,723,2023-12-31T00:00:00.000,"Health and Hospitals, IT",IT
,Reconstruction Of Primary Tanks at Bowery Bay WPCP,636.0,-16.0,2022-09-01T00:00:00.000,74442173.0,942,2027-06-23T00:00:00.000,Wastewater Treatment,Design
Citywide,Revenue Cycle Implementation,1279.0,0.0,2022-04-01T00:00:00.000,0.0,723,2022-12-31T00:00:00.000,"Health and Hospitals, IT",IT
Queens,Power Distribution at Bowery Bay WWTP,1684.0,79.0,2017-04-01T00:00:00.000,24235381.01,522,2021-04-23T00:00:00.000,Wastewater Treatment,Construction Procurement
Staten Island,Roma and Hett Avenue Storm and Sanitary Sewer Installation,-8.0,-7.0,2018-03-01T00:00:00.000,62973000.0,206,2019-12-20T00:00:00.000,Sewers,Construction Procurement
,Queensboro Bridge Roadway Replacement over East River,1970.0,14.0,2021-07-01T00:00:00.000,8567339.67,594,2023-12-15T00:00:00.000,"Bridges, Streets and Roadways",Construction
,"Water Main Replacement In 222 Street, Queens",2236.0,745.0,2021-07-01T00:00:00.000,7195000.0,768,2026-02-02T00:00:00.000,Water Supply,Design
,Shore Road Bridge over Hutchinson River,1477.0,101.0,2020-10-01T00:00:00.000,-19049921.84,541,2029-07-15T00:00:00.000,"Bridges, Streets and Roadways",Design
,RED HOOK INTEGRATED FLOOD PROTECTION SYSTEM,1172.0,,2020-01-01T00:00:00.000,86623000.0,985,,Public Safety and Criminal Justice,
"Bronx, Manhattan",Broadway Bridge over Harlem River Replacement,2797.0,0.0,2014-01-01T00:00:00.000,39724388.0,106,2019-08-05T00:00:00.000,Bridges,Design
Manhattan,West 35th Street over Amtrak,2846.0,1060.0,2020-01-01T00:00:00.000,-621966.0,696,2027-04-15T00:00:00.000,Bridges,Design
,Bellevue Men's Shelter: Bathroom Upgrade,,,2023-01-01T00:00:00.000,,1369,2026-10-28T00:00:00.000,Streets and Roadways,Design
,"SAN & STRM SEWER, WM IN CONEY ISLAND AREA, PH 4",1431.0,,2020-10-01T00:00:00.000,1984000.0,1009,,Sewers,
,Croton Above Ground Structure And Landscaping,897.0,524.0,2021-07-01T00:00:00.000,75117000.0,747,2022-08-24T00:00:00.000,Industrial Development,Construction
New York,North River Wastewater Treatment Plant Cogeneration and Electrification,1712.0,60.0,2019-05-01T00:00:00.000,134242052.88,423,2022-07-25T00:00:00.000,Wastewater Treatment,Construction
,Queens IS at 47-10 Barnett Avenue Addition,365.0,0.0,2023-01-01T00:00:00.000,3206657.0,967,2023-09-03T00:00:00.000,Schools,Construction
Bronx,RECONSTRUCTION OF E 177 STREET/DEVOE AVENUE,1839.0,0.0,2022-04-01T00:00:00.000,25050000.0,623,2025-09-26T00:00:00.000,"Industrial Development, Streets and Roadways",Design
,Park Avenue Tunnel (Murray Hill),1568.0,,2019-09-01T00:00:00.000,-17773389.61,536,,Bridges,Construction
Bronx,Bainbridge Avenue Trunk Water Main,1687.0,30.0,2017-09-01T00:00:00.000,25547000.0,454,2019-06-30T00:00:00.000,Water Supply,Construction
Manhattan,West 35th Street over Amtrak,2846.0,451.0,2022-09-01T00:00:00.000,-621966.0,696,2032-03-05T00:00:00.000,Bridges,Design
,Boston Road Bridge Over Hutchinson River Rehabilitation,803.0,,2021-03-01T00:00:00.000,49309814.0,539,,"Bridges, Streets and Roadways",
Queens,Roosevelt Avenue Bridge Superstructure and Substructure Repairs,2003.0,-255.0,2014-05-01T00:00:00.000,23798213.0,101,2018-03-29T00:00:00.000,Bridges,Design
,Upgrades At Brooklyn Animal Shelter,1355.0,,2020-10-01T00:00:00.000,21288000.0,750,,Other Government Facilities,
,"Red Hook Recreation Area Track 1, Soccer Fields 3-5, and Ballfields 1-4 Reconstruction",1082.0,103.0,2020-01-01T00:00:00.000,-10555000.0,974,2021-12-27T00:00:00.000,Parks,Construction Procurement
,GI - GRAVESEND BAY CSO - PHASE III,189.0,0.0,2023-01-01T00:00:00.000,-372000.0,1199,2025-11-19T00:00:00.000,Streets and Roadways,Design
,Queensboro Bridge Roadway Replacement over East River,1970.0,-3694.0,2022-09-01T00:00:00.000,8567339.67,594,2014-01-31T00:00:00.000,"Bridges, Streets and Roadways",Construction
City of Yonkers,Hillview Reservoir Flow Control Improvements,254.0,23.0,2020-10-01T00:00:00.000,-11397050.18,670,2032-06-28T00:00:00.000,Water Supply,Design
Bronx,Bainbridge Avenue Trunk Water Main,1687.0,,2020-01-01T00:00:00.000,25547000.0,454,,Water Supply,
,Flushing Meadows Corona Park World's Fair Marina Reconstruction (Hurricane Sandy),708.0,,2020-10-01T00:00:00.000,4947362.68,1031,2023-12-17T00:00:00.000,Parks,Design
Bronx,West Tremont Avenue over Metro North Railroad,1253.0,214.0,2022-09-01T00:00:00.000,37794543.0,503,2027-08-08T00:00:00.000,Bridges,Design
,Bellvue Shelter:400 East 30th st. Fire Alarm Alarm,256.0,0.0,2023-01-01T00:00:00.000,-352000.0,1265,2025-11-21T00:00:00.000,Other Government Facilities,Design
Bronx,Grand Concourse Metro North Railroad Bridge Construction,836.0,0.0,2022-04-01T00:00:00.000,22682117.0,120,2023-01-16T00:00:00.000,Bridges,Construction
,Bronx Sanitation Garage Rehabilitation: Community District 6,913.0,366.0,2022-09-01T00:00:00.000,0.0,971,2028-06-30T00:00:00.000,Sanitation,Design
Bronx,Lower Concourse Initiative,730.0,1.0,2019-01-01T00:00:00.000,-5100000.0,575,2022-04-02T00:00:00.000,Industrial Development,Design
,NYPD Firearms and Tactics Facility,328.0,132.0,2023-01-01T00:00:00.000,3365000.0,1194,2027-10-18T00:00:00.000,Other Government Facilities,Design
,East River Esplanade Stabilization and Reconstruction Phase 3,612.0,-1.0,2022-09-01T00:00:00.000,3616645.26,973,2024-11-22T00:00:00.000,Parks,Construction Procurement
,Storm Mitigation Loan Program at Bowery Bay,1026.0,35.0,2019-09-01T00:00:00.000,-19623216.41,671,2021-11-16T00:00:00.000,Wastewater Treatment,Design
,"New water main work in 7th avenue between 14th street and 34th street, and other locations as shown on page 3 of attached CPI",181.0,181.0,2023-01-01T00:00:00.000,1335000.0,1178,2027-02-23T00:00:00.000,Streets and Roadways,Design
Upstate,"Gilboa Dam Reconstruction, Phase V",503.0,0.0,2021-03-01T00:00:00.000,-3079490.0,456,2024-11-29T00:00:00.000,Water Supply,Design
,Brooklyn P.S. at 4302 4TH AVE,365.0,-58.0,2020-01-01T00:00:00.000,-221356.0,949,2022-09-03T00:00:00.000,Schools,Construction
Queens,20th Avenue Storm and Sanitary Sewer Construction,2180.0,,2020-01-01T00:00:00.000,117177000.0,432,,Sewers,
,Park Avenue Tunnel (Murray Hill),1568.0,,2021-03-01T00:00:00.000,-17773389.61,536,,Bridges,
,DELANCEY STREET SAFETY IMPROVEMENTS,1217.0,,2020-01-01T00:00:00.000,20937000.0,983,,Streets and Roadways,
Queens,49th Avenue Bridge Replacement,1449.0,,2021-03-01T00:00:00.000,32902419.0,131,,"Bridges, Streets and Roadways",
,Storm & Combined Sewers In 229 Street,652.0,,2021-03-01T00:00:00.000,-9148000.0,776,,Sewers,
,Shore Road Bridge over Hutchinson River,1477.0,,2020-01-01T00:00:00.000,-19049921.84,541,,"Bridges, Streets and Roadways",Design
,"RECONSTRUCTION OF ROSEDALE AREA, PHASE 2",829.0,,2021-03-01T00:00:00.000,61291000.0,1011,,Streets and Roadways,
Brooklyn,Wyckoff Avenue Street Reconstruction,226.0,,2020-05-01T00:00:00.000,43926000.0,191,,Streets and Roadways,
Bronx,New 40th Precinct,711.0,0.0,2019-09-01T00:00:00.000,26020000.0,634,2021-06-25T00:00:00.000,Public Safety and Criminal Justice,Construction
,Bellvue Shelter:400 East 30th st. Fire Alarm Alarm,256.0,,2022-04-01T00:00:00.000,-352000.0,1265,2025-03-10T00:00:00.000,Other Government Facilities,Design
,RECONSTRUCTION OF SOUTH JAMAICA AREA (SEQ200562),366.0,0.0,2023-01-01T00:00:00.000,1360000.0,1163,2027-02-10T00:00:00.000,Streets and Roadways,Design
Bronx,Concourse Village Avenue over Metro North,1865.0,282.0,2020-01-01T00:00:00.000,-186092.37,587,2028-07-25T00:00:00.000,Bridges,Design
Queens,20th Avenue Storm and Sanitary Sewer Construction,2180.0,-365.0,2017-04-01T00:00:00.000,117177000.0,432,2023-08-15T00:00:00.000,Sewers,Construction Procurement
,Next Generation 911 Program,1558.0,,2021-07-01T00:00:00.000,30123504.48,1035,2020-09-25T00:00:00.000,"IT, Public Safety and Criminal Justice",IT
,79TH STREET CROSSTOWN SELECT BUS SERVICE,737.0,371.0,2022-04-01T00:00:00.000,3370000.0,1237,2027-06-25T00:00:00.000,Streets and Roadways,Design
,"City Tunnel No.3, Stage 2 in Queens and Brooklyn, Construction of Shaft 17B and 18B",119.0,13.0,2021-03-01T00:00:00.000,3150108.42,1042,2027-01-24T00:00:00.000,Water Supply,Construction
,Bronx Sanitation Garage Rehabilitation: Community District 6,913.0,365.0,2022-04-01T00:00:00.000,0.0,971,2027-06-30T00:00:00.000,Sanitation,Design
,Storm Mitigation Loan Program at Hunts Point,1091.0,0.0,2022-04-01T00:00:00.000,20080597.79,672,2023-02-17T00:00:00.000,Wastewater Treatment,Construction
,Harper Street Administration Building Reconstruction,,,2022-09-01T00:00:00.000,400000.0,1214,,Other Government Facilities,
Bronx,Jerome Reservoir and Aqueduct Rehabilitation,2363.0,87.0,2020-01-01T00:00:00.000,-833277.14,448,2023-02-11T00:00:00.000,Water Supply,Construction Procurement
,FUEL TANK & SUMP REPLACEMENTS - BROOKLYN,663.0,-315.0,2023-01-01T00:00:00.000,-1940000.0,899,2025-01-22T00:00:00.000,Industrial Development,Construction
,Alley Pond Environmental Center Reconstruction,556.0,0.0,2021-03-01T00:00:00.000,1641000.0,1017,2021-12-14T00:00:00.000,Parks,Construction
,Grant Park Construction,612.0,0.0,2023-01-01T00:00:00.000,1489000.0,1015,2025-08-27T00:00:00.000,Parks,Construction Procurement
,Throgs Neck Pumping Station Rehabilitation and Improvements,1306.0,63.0,2021-12-01T00:00:00.000,25708336.86,722,2024-07-25T00:00:00.000,Wastewater Treatment,Construction Procurement
,Lower Concourse: Park,456.0,0.0,2023-01-01T00:00:00.000,0.0,961,2025-03-31T00:00:00.000,Parks,Construction Procurement
Manhattan,Henry Hudson Parkway over Amtrak (Northbound),1693.0,148.0,2023-01-01T00:00:00.000,500625.0,592,2029-11-26T00:00:00.000,Bridges,Design
,"Grand Concourse Reconstruction, Phase 4 (Great Streets)",1448.0,-141.0,2017-04-01T00:00:00.000,57634000.0,476,2019-06-08T00:00:00.000,Streets and Roadways,Design
,851 GRAND CONCOURSE - FACADE REPAIRS LOCAL LAW 11,77.0,,2022-04-01T00:00:00.000,0.0,1273,2026-03-17T00:00:00.000,Other Government Facilities,Design
Queens,Belt System - Cross Island over 115th Avenue/Dutch Broadway,1845.0,0.0,2018-08-01T00:00:00.000,17528706.0,558,2023-09-08T00:00:00.000,Bridges,Design
Manhattan,West 79th Street over Amtrak and Rotunda Complex Rehabilitation,604.0,0.0,2022-04-01T00:00:00.000,-51088528.0,801,2025-05-16T00:00:00.000,"Bridges, Streets and Roadways",Construction
Manhattan,Coler Specialty Hospital Priority Mitigation Projects,2085.0,349.0,2016-11-01T00:00:00.000,0.0,544,2018-11-15T00:00:00.000,Health and Hospitals,Construction Procurement
Staten Island,Roma and Hett Avenue Storm and Sanitary Sewer Installation,-8.0,61.0,2017-09-01T00:00:00.000,62973000.0,206,2019-12-27T00:00:00.000,Sewers,Design
,Storm Mitigation Loan Program at Bowery Bay,1026.0,-543.0,2019-05-01T00:00:00.000,-19623216.41,671,2021-10-12T00:00:00.000,Wastewater Treatment,Design
,HEMPSTEAD AVE OVER BCIP RAMP NB BIN 2266149,402.0,,2021-03-01T00:00:00.000,597042.0,1050,,"Bridges, Streets and Roadways",
Bronx,Jerome Reservoir and Aqueduct Rehabilitation,2363.0,408.0,2017-09-01T00:00:00.000,-833277.14,448,2021-08-01T00:00:00.000,Water Supply,Construction Procurement
,Grand Street Bridge over Newtown Creek,1645.0,,2019-09-01T00:00:00.000,160682490.0,534,,"Bridges, Streets and Roadways",Design
Bronx,West Tremont Avenue over Metro North Railroad,1253.0,57.0,2023-01-01T00:00:00.000,37794543.0,503,2027-10-04T00:00:00.000,Bridges,Design
,"FDR Rehabilitation, Northbound (East 42nd to 49th Streets)",1816.0,30.0,2021-12-01T00:00:00.000,-2802822.0,502,2029-02-12T00:00:00.000,Bridges,Design
,Coney Island Beach Operations HQ at West 25th Street,134.0,25.0,2023-01-01T00:00:00.000,370000.0,1193,2027-04-17T00:00:00.000,Other Government Facilities,Design
Bronx,RECONSTRUCTION OF E 177 STREET/DEVOE AVENUE,1839.0,,2020-05-01T00:00:00.000,25050000.0,623,,"Industrial Development, Streets and Roadways",
,Power Distribution Improvements at Tallman Island,651.0,-25.0,2020-01-01T00:00:00.000,10926063.83,907,2025-04-05T00:00:00.000,Industrial Development,Design
Staten Island,Oakwood Beach WWTP Headworks Improvements,2857.0,422.0,2020-05-01T00:00:00.000,31867440.0,450,2025-10-16T00:00:00.000,Wastewater Treatment,Construction Procurement
Queens,Edgewood Triangle Roadway Reconstruction,3597.0,-304.0,2016-06-01T00:00:00.000,106503000.0,204,2019-09-25T00:00:00.000,Streets and Roadways,Design
,Porpoise Bridge In Flushing Meadows-Corona Park,1110.0,,2021-03-01T00:00:00.000,82000.0,749,,Bridges,
Bronx,RECONSTRUCTION OF E 177 STREET/DEVOE AVENUE,1839.0,0.0,2019-01-01T00:00:00.000,25050000.0,623,2022-08-14T00:00:00.000,"Industrial Development, Streets and Roadways",Design
,"NEW 48"" TRUNK WATER MAIN IN E 233 STREET",1796.0,,2020-05-01T00:00:00.000,1077000.0,998,,Water Supply,
,FUEL TANK REPLACEMENT - 71,548.0,,2020-10-01T00:00:00.000,3444000.0,935,,Industrial Development,
Bronx,East 174th Street over Sheridan Expressway - Amtrak,1431.0,42.0,2020-05-01T00:00:00.000,5146882.0,701,2028-06-02T00:00:00.000,Bridges,Design
,West 33rd Street,1736.0,730.0,2020-10-01T00:00:00.000,0.0,861,2024-11-29T00:00:00.000,Streets and Roadways,Design
,Queensboro Bridge Roadway Replacement over East River,1970.0,399.0,2020-10-01T00:00:00.000,8567339.67,594,2023-12-01T00:00:00.000,"Bridges, Streets and Roadways",Construction
Manhattan,Riverside Drive/West 158th Street Bridge Rehabilitation,2152.0,676.0,2022-09-01T00:00:00.000,96922794.0,113,2025-05-21T00:00:00.000,"Bridges, Streets and Roadways",Construction
,SOUTH BROOKLYN CROSSTOWN SBS,819.0,,2020-01-01T00:00:00.000,29789000.0,843,,Industrial Development,
Bronx,RECONSTRUCTION OF E 177 STREET/DEVOE AVENUE,1839.0,335.0,2022-09-01T00:00:00.000,25050000.0,623,2026-08-27T00:00:00.000,"Industrial Development, Streets and Roadways",Design
Queens,Edgewood Triangle Roadway Reconstruction,3597.0,,2021-03-01T00:00:00.000,106503000.0,204,,Streets and Roadways,
Manhattan,2nd Avenue Watermain Trunk Construction,2113.0,0.0,2014-01-01T00:00:00.000,-7266000.0,388,2017-10-13T00:00:00.000,Water Supply,Design
Manhattan,West 35th Street over Amtrak,2846.0,-39.0,2021-12-01T00:00:00.000,-621966.0,696,2028-03-27T00:00:00.000,Bridges,Design
,Cunningham Park Garage Reconstruction,703.0,182.0,2022-09-01T00:00:00.000,0.0,1019,2025-01-27T00:00:00.000,Parks,Construction Procurement
,"Combined Sewer In 70Th Street, Queens",1155.0,0.0,2023-01-01T00:00:00.000,94201000.0,788,2023-08-10T00:00:00.000,Sewers,Construction
Brooklyn,Construction of Gowanus CSO retention FAC Superfund Site,1086.0,0.0,2022-04-01T00:00:00.000,432995114.0,550,2031-11-25T00:00:00.000,Industrial Development,Construction Procurement
Queens,Edgewood Triangle Roadway Reconstruction,3597.0,33.0,2022-09-01T00:00:00.000,106503000.0,204,2028-05-21T00:00:00.000,Streets and Roadways,Design
,"RECONSTRUCTION OF ROSEDALE AREA, PHASE 2",829.0,0.0,2022-09-01T00:00:00.000,61291000.0,1011,2026-07-15T00:00:00.000,Streets and Roadways,Design
,FUEL TANK & SUMP REPLACEMENTS - MANHATTAN/S.I.,663.0,0.0,2022-04-01T00:00:00.000,-1754000.0,900,2025-06-29T00:00:00.000,Industrial Development,Design
Bronx,East 174th Street over Sheridan Expressway - Amtrak,1431.0,0.0,2019-01-01T00:00:00.000,5146882.0,701,2026-01-16T00:00:00.000,Bridges,Design
Bronx,Bruckner Expressway Westchester Creek Bridge Reconstruction,2086.0,-58.0,2015-08-01T00:00:00.000,142277136.0,97,2020-08-17T00:00:00.000,"Bridges, Streets and Roadways",Design
,Bronx River CSO Reduction,-712.0,0.0,2021-03-01T00:00:00.000,1210235.0,943,2028-12-14T00:00:00.000,Wastewater Treatment,Design
,"SAN & STRM SEWER, WM IN CONEY ISLAND AREA, PH 4",1431.0,,2019-09-01T00:00:00.000,1984000.0,1009,2024-08-09T00:00:00.000,Sewers,Design
,Storm Mitigation Loan Program at Bowery Bay,1026.0,140.0,2020-10-01T00:00:00.000,-19623216.41,671,2023-01-13T00:00:00.000,Wastewater Treatment,Construction Procurement
"Manhattan, Bronx",Madison Avenue Bridge Reconstruction,1628.0,0.0,2017-04-01T00:00:00.000,2036997.0,114,2019-07-03T00:00:00.000,Bridges,Design
Brooklyn,Brooklyn Supreme Court Fire Alarm System Upgrade,1533.0,,2021-03-01T00:00:00.000,47003000.0,510,,Public Safety and Criminal Justice,
,Power Distribution Improvements at Tallman Island,651.0,241.0,2020-10-01T00:00:00.000,10926063.83,907,2025-12-02T00:00:00.000,Industrial Development,Design
Queens,Power Distribution at Bowery Bay WWTP,1684.0,47.0,2018-03-01T00:00:00.000,24235381.01,522,2021-08-07T00:00:00.000,Wastewater Treatment,Construction Procurement
Queens,Metropolitan Avenue Bridge over CSX Transport,2027.0,0.0,2017-09-01T00:00:00.000,4699394.0,556,2024-09-02T00:00:00.000,"Bridges, Streets and Roadways",Design
Brooklyn,Wyckoff Avenue Street Reconstruction,226.0,0.0,2023-01-01T00:00:00.000,43926000.0,191,2027-02-27T00:00:00.000,Streets and Roadways,Design
,"Water Main Replacement In 222 Street, Queens",2236.0,0.0,2018-08-01T00:00:00.000,7195000.0,768,2022-01-18T00:00:00.000,Water Supply,Design
Manhattan,Coler Specialty Hospital Priority Mitigation Projects,2085.0,60.0,2021-12-01T00:00:00.000,0.0,544,2023-03-01T00:00:00.000,Health and Hospitals,Construction
,SOUTHEAST QUEENS PRIORITY GRIDS - GROUP 2,1630.0,0.0,2022-09-01T00:00:00.000,14480000.0,847,2028-02-29T00:00:00.000,Streets and Roadways,Design
,Queens Public School 46 Additionl,365.0,0.0,2021-07-01T00:00:00.000,0.0,1027,2023-09-03T00:00:00.000,Schools,Construction
,Maspeth Climate Control and Air Quality Improvements,,,2023-01-01T00:00:00.000,,1361,,Other Government Facilities,
,"WESTBOURNE - DUNBAR ROADWAYS/BULKHEADS, QNS",1840.0,,2020-01-01T00:00:00.000,47223000.0,981,,Streets and Roadways,
,Throgs Neck Pumping Station Rehabilitation and Improvements,1306.0,0.0,2022-09-01T00:00:00.000,25708336.86,722,2025-12-16T00:00:00.000,Wastewater Treatment,Construction
,EMS Station 17 - New Facility,434.0,72.0,2022-04-01T00:00:00.000,13113000.0,1153,2024-08-19T00:00:00.000,Other Government Facilities,Design
Brooklyn,Brooklyn Supreme Court Fire Alarm System Upgrade,1533.0,203.0,2018-08-01T00:00:00.000,47003000.0,510,2022-11-01T00:00:00.000,Public Safety and Criminal Justice,Design
Bronx,Bainbridge Avenue Trunk Water Main,1687.0,0.0,2019-09-01T00:00:00.000,25547000.0,454,2020-06-05T00:00:00.000,Water Supply,Construction
Manhattan,"West 59th Street Marine Transfer Station Construction, Phase 2",1949.0,-92.0,2014-05-01T00:00:00.000,126753576.46,347,2017-10-28T00:00:00.000,Sanitation,Construction Procurement
Valhalla,Kensico Eastview Connection Tunnel Construction,3132.0,-10.0,2020-01-01T00:00:00.000,881770648.0,554,2031-05-17T00:00:00.000,Water Supply,Design
Brooklyn,Flatbush Avenue Trunk Watermain Replacement,2266.0,52.0,2015-08-01T00:00:00.000,39272000.0,370,2018-11-29T00:00:00.000,Wastewater Treatment,Design
Marlboro,Rondout-West Branch Bypass Tunnel Construction Project 2,256.0,0.0,2021-07-01T00:00:00.000,202552329.25,409,2023-09-26T00:00:00.000,Water Supply,Construction
Bronx,Grand Concourse Metro North Railroad Bridge Construction,836.0,-149.0,2016-01-01T00:00:00.000,22682117.0,120,2020-07-21T00:00:00.000,Bridges,Design
,New 116Th Pct,727.0,22.0,2022-09-01T00:00:00.000,33852900.86,762,2024-01-21T00:00:00.000,Public Safety and Criminal Justice,Construction
,"Grand Concourse Reconstruction, Phase 4 (Great Streets)",1448.0,292.0,2016-06-01T00:00:00.000,57634000.0,476,2020-04-13T00:00:00.000,Streets and Roadways,Design
Brooklyn,Brooklyn Sanitation Garage Construction: Community District 3,790.0,-75.0,2018-08-01T00:00:00.000,25603365.0,560,2022-10-17T00:00:00.000,Sanitation,Design
,Owls Head WWTP Final Settling System Rehabilitation,345.0,90.0,2023-01-01T00:00:00.000,-3573164.0,946,2028-11-04T00:00:00.000,Wastewater Treatment,Design
,Brooklyn Public School 730 New Construction,730.0,0.0,2021-07-01T00:00:00.000,6379885.0,876,2022-09-03T00:00:00.000,Schools,Construction
City of Yonkers,Hillview Reservoir Chemical Addition Facilities,82.0,64.0,2020-10-01T00:00:00.000,159902202.01,669,2029-03-28T00:00:00.000,Water Supply,Design
,SEELY STREET OVER PROSPECT AVENUE  BIN: 2244470,253.0,27.0,2022-04-01T00:00:00.000,0.0,1119,2027-10-03T00:00:00.000,Bridges,Design
Brooklyn,Wyckoff Avenue Street Reconstruction,226.0,365.0,2016-06-01T00:00:00.000,43926000.0,191,2029-06-30T00:00:00.000,Streets and Roadways,Design
,Queens IS at 47-10 Barnett Avenue Addition,365.0,0.0,2021-12-01T00:00:00.000,3206657.0,967,2023-09-03T00:00:00.000,Schools,Construction
Staten Island,Oakwood Beach WWTP Headworks Improvements,2857.0,178.0,2016-06-01T00:00:00.000,31867440.0,450,2021-12-24T00:00:00.000,Wastewater Treatment,Design
,FUEL TANK & SUMP REPLACEMENTS - MANHATTAN/S.I.,663.0,,2020-01-01T00:00:00.000,-1754000.0,900,,Industrial Development,
Queens,Metropolitan Avenue Bridge over CSX Transport,2027.0,173.0,2022-09-01T00:00:00.000,4699394.0,556,2030-01-05T00:00:00.000,"Bridges, Streets and Roadways",Design
Staten Island,Staten Island 1 & 3 Garage Construction & Rehab,406.0,-178.0,2021-07-01T00:00:00.000,68555000.0,769,2023-09-01T00:00:00.000,Sanitation,Construction
,BROAD CHANNEL BULKHEADS - PH II,-74.0,0.0,2018-03-01T00:00:00.000,61781000.0,617,2024-08-27T00:00:00.000,Industrial Development,Design
Manhattan,Bellevue Medical Center Priority Mitigation Projects,1854.0,0.0,2019-05-01T00:00:00.000,0.0,545,2020-06-30T00:00:00.000,Health and Hospitals,Construction
Queens,Roosevelt Avenue Bridge Superstructure and Substructure Repairs,2003.0,,2021-03-01T00:00:00.000,23798213.0,101,,Bridges,
,"Combined Sewer And Wm Work In 71 Street, Queens",1889.0,732.0,2021-07-01T00:00:00.000,27172000.0,789,2025-10-30T00:00:00.000,Sewers,Design
,Mobile Radios,0.0,,2021-07-01T00:00:00.000,-8074214.27,1079,,Public Safety and Criminal Justice,IT
Queens,Belt System - Cross Island over 115th Avenue/Dutch Broadway,1845.0,,2021-03-01T00:00:00.000,17528706.0,558,,Bridges,
Bronx,Westchester Avenue Bridge over Hutch River Parkway Rehabilitation,1592.0,,2019-09-01T00:00:00.000,20945057.0,112,,"Bridges, Streets and Roadways",Construction
Staten Island,Hannah Street Pumping Station Construction,3238.0,,2013-09-01T00:00:00.000,67909196.8,364,2017-08-11T00:00:00.000,Wastewater Treatment,Design
Manhattan,Bellevue Medical Center Priority Mitigation Projects,1854.0,381.0,2022-04-01T00:00:00.000,0.0,545,2023-06-30T00:00:00.000,Health and Hospitals,Construction
,UNION TURNPIKE CENTER MEDIAN REPLACEMENT,341.0,0.0,2022-04-01T00:00:00.000,23766000.0,986,2024-09-10T00:00:00.000,Streets and Roadways,Construction Procurement
Manhattan,2nd Avenue Watermain Trunk Construction,2113.0,138.0,2016-06-01T00:00:00.000,-7266000.0,388,2018-10-31T00:00:00.000,Water Supply,Construction Procurement
Manhattan,Coler Specialty Hospital Priority Mitigation Projects,2085.0,304.0,2018-08-01T00:00:00.000,0.0,544,2019-10-31T00:00:00.000,Health and Hospitals,Construction
Bronx,Concourse Village Avenue over Metro North,1865.0,121.0,2022-04-01T00:00:00.000,-186092.37,587,2029-08-22T00:00:00.000,Bridges,Design
Citywide,Electronic Medical Records Upgrade,2032.0,0.0,2014-05-01T00:00:00.000,15184947.0,403,2018-12-31T00:00:00.000,"Health and Hospitals, IT",IT
Queens,"STM & SAN SWR, N.B. WHITESTONE EXPWY SERV RD, PH 3",684.0,0.0,2018-03-01T00:00:00.000,15468000.0,652,2022-10-07T00:00:00.000,Sewers,Design
,Storm Sanitary Sewer Repl Springfield Gardens,1097.0,,2020-01-01T00:00:00.000,35414000.0,790,,Sewers,
,"GRAND CONCOURSE, PHASE 5",729.0,,2020-01-01T00:00:00.000,26673000.0,1013,,Streets and Roadways,
Brooklyn,Brooklyn Sanitation Garage Construction: Community District 3,790.0,,2016-11-01T00:00:00.000,25603365.0,560,2022-12-31T00:00:00.000,Sanitation,Design
,East River Esplanade Stabilization and Reconstruction Phase 2,156.0,,2021-03-01T00:00:00.000,0.0,1082,,Parks,Design
Brooklyn,Sunset Park Infrastructure,1290.0,68.0,2017-09-01T00:00:00.000,31633941.69,574,2020-12-25T00:00:00.000,Industrial Development,Design
Brooklyn,Construction of Gowanus CSO retention FAC Superfund Site,1086.0,0.0,2023-01-01T00:00:00.000,432995114.0,550,2031-11-25T00:00:00.000,Industrial Development,Construction Procurement
,FUEL TANK & SUMP REPLACEMENTS - QUEENS,663.0,,2020-05-01T00:00:00.000,-1850000.0,898,,Industrial Development,
Brooklyn,Bergen Avenue Street Reconstruction,-388.0,,2021-03-01T00:00:00.000,45837000.0,170,,Streets and Roadways,
,MULTI-SITE PEDESTRIAN SAFETY PHASE 5,1126.0,0.0,2023-01-01T00:00:00.000,-4087000.0,1004,2024-06-01T00:00:00.000,Streets and Roadways,Construction
,"RECONSTRUCTION OF FRONT STREET, MANHATTAN",484.0,,2020-05-01T00:00:00.000,6153000.0,1012,,Streets and Roadways,
,Tompkinsville Esplanade,944.0,0.0,2020-01-01T00:00:00.000,10582596.0,963,2023-07-31T00:00:00.000,Parks,Design
Valhalla,Kensico Eastview Connection Tunnel Construction,3132.0,843.0,2019-01-01T00:00:00.000,881770648.0,554,2030-08-26T00:00:00.000,Water Supply,Design
,Coastal Resiliency Area 1 - East 23Rd St. To Montg,836.0,,2020-05-01T00:00:00.000,-418193636.37,773,,"Industrial Development, Parks",
,FUEL TANK REPLACEMENT - 71,548.0,0.0,2023-01-01T00:00:00.000,3444000.0,935,2024-03-20T00:00:00.000,Industrial Development,Construction
,Queens Public School 46 Additionl,365.0,0.0,2020-05-01T00:00:00.000,0.0,1027,2022-09-03T00:00:00.000,Schools,Construction
"Bronx, Manhattan",Broadway Bridge over Harlem River Replacement,2797.0,0.0,2022-04-01T00:00:00.000,39724388.0,106,2027-04-02T00:00:00.000,Bridges,Construction
,Far Rockaway New Facility,-78.0,470.0,2021-07-01T00:00:00.000,-623757.91,730,2021-12-29T00:00:00.000,Other Government Facilities,Construction
Staten Island,Roma and Hett Avenue Storm and Sanitary Sewer Installation,-8.0,,2020-01-01T00:00:00.000,62973000.0,206,,Sewers,
Queens,Edgewood Triangle Roadway Reconstruction,3597.0,-11.0,2019-01-01T00:00:00.000,106503000.0,204,2022-08-26T00:00:00.000,Streets and Roadways,Design
,Tompkinsville Esplanade,944.0,62.0,2023-01-01T00:00:00.000,10582596.0,963,2026-03-01T00:00:00.000,Parks,Construction Procurement
,Manhattan Greenway: East Midtown,487.0,0.0,2020-05-01T00:00:00.000,24840000.0,859,2022-11-30T00:00:00.000,Parks,Construction
Manhattan,Carl Schurz Park Promenade over FDR (East 81st to 90th Streets),1571.0,840.0,2020-05-01T00:00:00.000,-197139579.0,537,2028-02-18T00:00:00.000,Bridges,Design
Brooklyn,Dumbo and Vinegar Hill Area Roadway Reconstruction and Renovation,3253.0,0.0,2017-09-01T00:00:00.000,96724000.0,193,2019-04-25T00:00:00.000,Streets and Roadways,Design
,Queens PS 206  New Construction,365.0,0.0,2023-01-01T00:00:00.000,2268625.0,970,2023-09-03T00:00:00.000,Schools,Construction
Manhattan,West 79th Street over Amtrak and Rotunda Complex Rehabilitation,604.0,,2018-03-01T00:00:00.000,-51088528.0,801,2023-09-20T00:00:00.000,"Bridges, Streets and Roadways",Design
Olive,Replacement of the Esopus & Route 28A Railroad Bridges,714.0,170.0,2020-10-01T00:00:00.000,-50461071.35,443,2025-06-20T00:00:00.000,Bridges,Construction Procurement
,RECONSTRUCTION OF EMPIRE BLVD/BED-796,223.0,0.0,2022-04-01T00:00:00.000,8554000.0,1213,2022-11-07T00:00:00.000,Streets and Roadways,Construction
Citywide,Raise Shorelines Citywide,639.0,0.0,2020-10-01T00:00:00.000,0.0,689,2022-12-31T00:00:00.000,Industrial Development,Design
,"Reconstruction of Mersereau, Richmond Ave and Mayflower Ave PSs",641.0,183.0,2022-04-01T00:00:00.000,45860651.8,1040,2025-05-09T00:00:00.000,Wastewater Treatment,Design
,Staten Island 3 Garage - HVAC Replacement,409.0,,2021-07-01T00:00:00.000,460000.0,1179,2022-07-01T00:00:00.000,Other Government Facilities,Construction
Manhattan,Henry Hudson Parkway over Amtrak (Northbound),1693.0,0.0,2022-09-01T00:00:00.000,500625.0,592,2029-07-01T00:00:00.000,Bridges,Design
Upstate,"Gilboa Dam Reconstruction, Phase III",1113.0,0.0,2014-01-01T00:00:00.000,10376533.49,405,2020-05-28T00:00:00.000,Water Supply,Design
Staten Island,CONSTRUCTION OF BMPs NC 6 AND 15 - SI,925.0,5.0,2019-05-01T00:00:00.000,1921000.0,631,2022-12-01T00:00:00.000,Industrial Development,Design
,Douglaston New Facility,244.0,111.0,2023-01-01T00:00:00.000,5348000.0,960,2027-06-06T00:00:00.000,Libraries,Design
,New Flyover Pedestrian Bridge,0.0,,2022-09-01T00:00:00.000,0.0,1234,2028-02-10T00:00:00.000,Streets and Roadways,Design
,FUEL TANK REPLACEMENT,1278.0,0.0,2022-04-01T00:00:00.000,207000.0,851,2025-04-14T00:00:00.000,Industrial Development,Construction
,HEMPSTEAD AVE OVER BCIP RAMP NB BIN 2266149,402.0,75.0,2022-04-01T00:00:00.000,597042.0,1050,2030-07-07T00:00:00.000,"Bridges, Streets and Roadways",Design
,150 ST SPINE: PHASE II TRUNK SEWER AT BERGEN BASIN,646.0,128.0,2021-07-01T00:00:00.000,-158027000.0,999,2026-01-19T00:00:00.000,Sewers,Design
,H.S. @ 165-18 HILLSIDE AVENUE - QUEENS,0.0,,2022-09-01T00:00:00.000,0.0,1311,2026-09-03T00:00:00.000,Schools,Construction
"Manhattan, Bronx",Madison Avenue Bridge Reconstruction,1628.0,0.0,2022-09-01T00:00:00.000,2036997.0,114,2023-01-31T00:00:00.000,Bridges,Construction
,Bronx Animal Care Center,110.0,,2021-03-01T00:00:00.000,24815617.0,893,,Health and Hospitals,
Manhattan,Coler Specialty Hospital Priority Mitigation Projects,2085.0,,2016-06-01T00:00:00.000,0.0,544,2017-12-01T00:00:00.000,Health and Hospitals,Construction Procurement
Manhattan,Carl Schurz Park Promenade over FDR (East 81st to 90th Streets),1571.0,222.0,2022-09-01T00:00:00.000,-197139579.0,537,2029-09-30T00:00:00.000,Bridges,Design
,"NEW 48"" TRUNK WATER MAIN IN E 233 STREET",1796.0,,2019-09-01T00:00:00.000,1077000.0,998,2022-03-12T00:00:00.000,Water Supply,Design
,"Ped Safety Upgrades on Atlantic Avenue, Phase 2",1400.0,484.0,2021-07-01T00:00:00.000,10136496.0,519,2024-05-30T00:00:00.000,Streets and Roadways,Construction
Manhattan,West 35th Street over Amtrak,2846.0,301.0,2021-07-01T00:00:00.000,-621966.0,696,2028-05-05T00:00:00.000,Bridges,Design
,Shore Road Bridge over Hutchinson River,1477.0,-106.0,2021-07-01T00:00:00.000,-19049921.84,541,2029-03-31T00:00:00.000,"Bridges, Streets and Roadways",Design
Queens,Dutch Kills and Lower Newtown Creek Enhanced Aeration Work,1891.0,83.0,2021-03-01T00:00:00.000,-4338327.57,313,2025-02-15T00:00:00.000,Wastewater Treatment,Construction Procurement
Bronx,Bainbridge Avenue Trunk Water Main,1687.0,0.0,2023-01-01T00:00:00.000,25547000.0,454,2023-06-30T00:00:00.000,Water Supply,Construction
,ASTORIA BLVD EB/ 278I( BQE WEST LEG),-100.0,0.0,2023-01-01T00:00:00.000,13120816.0,1285,2026-12-16T00:00:00.000,Bridges,Design
Manhattan,West 35th Street over Amtrak,2846.0,,2020-05-01T00:00:00.000,-621966.0,696,,Bridges,Design
City of Yonkers,Hillview Reservoir Flow Control Improvements,254.0,211.0,2022-04-01T00:00:00.000,-11397050.18,670,2033-01-02T00:00:00.000,Water Supply,Design
Brooklyn,Coney Island Hospital CSS Building and Perimeter Flood Protection,1243.0,-7.0,2021-12-01T00:00:00.000,30635879.93,561,2023-08-14T00:00:00.000,Health and Hospitals,Construction
"Manhattan, Bronx",Madison Avenue Bridge Reconstruction,1628.0,611.0,2018-08-01T00:00:00.000,2036997.0,114,2022-03-14T00:00:00.000,Bridges,Construction
Queens,Edgewood Triangle Roadway Reconstruction,3597.0,363.0,2022-04-01T00:00:00.000,106503000.0,204,2028-04-18T00:00:00.000,Streets and Roadways,Design
Manhattan,2nd Avenue Watermain Trunk Construction,2113.0,0.0,2021-12-01T00:00:00.000,-7266000.0,388,2023-07-27T00:00:00.000,Water Supply,Construction
,BROAD CHANNEL BULKHEADS - PH II,-74.0,0.0,2019-09-01T00:00:00.000,61781000.0,617,2023-05-25T00:00:00.000,Industrial Development,Construction Procurement
Queens,Edgewood Triangle Roadway Reconstruction,3597.0,,2020-05-01T00:00:00.000,106503000.0,204,,Streets and Roadways,
,"RECONSTRUCTION OF ROSEDALE AREA, PHASE 2",829.0,101.0,2021-12-01T00:00:00.000,61291000.0,1011,2026-06-22T00:00:00.000,Streets and Roadways,Design
,Shore Road Bridge over Hutchinson River,1477.0,0.0,2022-04-01T00:00:00.000,-19049921.84,541,2029-03-31T00:00:00.000,"Bridges, Streets and Roadways",Design
Port Jervis,Reconstruction of the Port Jervis Wastewater Treatment Plant,2445.0,,2015-02-01T00:00:00.000,9428438.55,444,2020-01-24T00:00:00.000,Wastewater Treatment,Design
,Porpoise Bridge In Flushing Meadows-Corona Park,1110.0,,2020-10-01T00:00:00.000,82000.0,749,,Bridges,
Bronx,Westchester Avenue Bridge over Hutch River Parkway Rehabilitation,1592.0,0.0,2021-12-01T00:00:00.000,20945057.0,112,2022-07-23T00:00:00.000,"Bridges, Streets and Roadways",Construction
"Manhattan, Bronx",Madison Avenue Bridge Reconstruction,1628.0,,2021-03-01T00:00:00.000,2036997.0,114,,Bridges,
Bronx,Pelham Bay Equestrian Park over Amtrak,1029.0,321.0,2022-09-01T00:00:00.000,137997.0,703,2027-06-04T00:00:00.000,Bridges,Design
Manhattan,Reconstruction of Power Distribution at Wards Island WWTP,1147.0,0.0,2023-01-01T00:00:00.000,33489860.26,453,2028-03-04T00:00:00.000,Wastewater Treatment,Design
Queens,Dutch Kills and Lower Newtown Creek Enhanced Aeration Work,1891.0,,2021-12-01T00:00:00.000,-4338327.57,313,,Wastewater Treatment,
,SOUTH BROOKLYN CROSSTOWN SBS,819.0,415.0,2019-01-01T00:00:00.000,29789000.0,843,2025-09-20T00:00:00.000,Industrial Development,Design
Upstate,"Gilboa Dam Reconstruction, Phase III",1113.0,0.0,2017-09-01T00:00:00.000,10376533.49,405,2020-07-27T00:00:00.000,Water Supply,Construction
Brooklyn,Construction of Gowanus CSO retention FAC Superfund Site,1086.0,141.0,2021-07-01T00:00:00.000,432995114.0,550,2031-11-25T00:00:00.000,Industrial Development,Construction Procurement
,New Stapleton Waterfront: Phases 2 and 3,913.0,215.0,2021-12-01T00:00:00.000,100733778.0,962,2026-12-02T00:00:00.000,Industrial Development,Design
Bronx,West Tremont Avenue over Metro North Railroad,1253.0,146.0,2021-12-01T00:00:00.000,37794543.0,503,2026-11-11T00:00:00.000,Bridges,Design
,"Grand Concourse Reconstruction, Phase 4 (Great Streets)",1448.0,,2020-05-01T00:00:00.000,57634000.0,476,,Streets and Roadways,
,Hansborough Recreation Center Reconstruction,186.0,,2022-04-01T00:00:00.000,-4700000.0,1090,2025-02-22T00:00:00.000,Parks,Construction Procurement
,"NEW 48"" TRUNK WATER MAIN IN E 233 STREET",1796.0,716.0,2022-09-01T00:00:00.000,1077000.0,998,2027-02-10T00:00:00.000,Water Supply,Design
,"NEW 48"" TRUNK WATER MAIN IN E 233 STREET",1796.0,350.0,2021-12-01T00:00:00.000,1077000.0,998,2025-02-24T00:00:00.000,Water Supply,Design
Bronx,Pelham Bay Equestrian Park over Amtrak,1029.0,-112.0,2019-05-01T00:00:00.000,137997.0,703,2026-07-01T00:00:00.000,Bridges,Design
,Grand Street Bridge over Newtown Creek,1645.0,,2021-03-01T00:00:00.000,160682490.0,534,,"Bridges, Streets and Roadways",
,"GRAND CONCOURSE, PHASE 5",729.0,,2020-05-01T00:00:00.000,26673000.0,1013,,Streets and Roadways,
,RED HOOK INTEGRATED FLOOD PROTECTION SYSTEM,1172.0,0.0,2022-04-01T00:00:00.000,86623000.0,985,2025-09-30T00:00:00.000,Public Safety and Criminal Justice,Design
Queens,49th Avenue Bridge Replacement,1449.0,-634.0,2017-09-01T00:00:00.000,32902419.0,131,2023-02-02T00:00:00.000,"Bridges, Streets and Roadways",Design
,150 ST SPINE: PHASE II TRUNK SEWER AT BERGEN BASIN,646.0,0.0,2023-01-01T00:00:00.000,-158027000.0,999,2027-06-21T00:00:00.000,Sewers,Design
Staten Island,Hannah Street Pumping Station Construction,3238.0,174.0,2023-01-01T00:00:00.000,67909196.8,364,2026-06-23T00:00:00.000,Wastewater Treatment,Construction
Brooklyn,Sunset Park Infrastructure,1290.0,0.0,2023-01-01T00:00:00.000,31633941.69,574,2024-04-30T00:00:00.000,Industrial Development,Construction
,Brkyln District 17/18 Garage: HVAC Replacement,123.0,123.0,2022-04-01T00:00:00.000,-709000.0,1190,2024-10-31T00:00:00.000,Other Government Facilities,Construction
Bronx,Bainbridge Avenue Trunk Water Main,1687.0,194.0,2017-04-01T00:00:00.000,25547000.0,454,2019-05-31T00:00:00.000,Water Supply,Construction
Brooklyn,Dumbo and Vinegar Hill Area Roadway Reconstruction and Renovation,3253.0,92.0,2016-01-01T00:00:00.000,96724000.0,193,2018-02-08T00:00:00.000,Streets and Roadways,Design
,GATEWAY ESTATE - PHASE E/BED-805,584.0,-273.0,2022-09-01T00:00:00.000,38077000.0,1201,2022-12-31T00:00:00.000,Streets and Roadways,Construction
Manhattan,West 79th Street over Amtrak and Rotunda Complex Rehabilitation,604.0,-16.0,2021-07-01T00:00:00.000,-51088528.0,801,2025-05-16T00:00:00.000,"Bridges, Streets and Roadways",Construction
Queens,49th Avenue Bridge Replacement,1449.0,-143.0,2019-01-01T00:00:00.000,32902419.0,131,2024-01-22T00:00:00.000,"Bridges, Streets and Roadways",Design
,Sewer When & Where Contract In S.E. Queens,1834.0,151.0,2023-01-01T00:00:00.000,7404000.0,793,2026-02-20T00:00:00.000,Sewers,Design
,Bronx Public School 077  Addition,0.0,0.0,2023-01-01T00:00:00.000,0.0,1101,2024-09-03T00:00:00.000,Schools,Construction
Citywide,Catskill Aqueduct Repair and Rehabilitation,1517.0,365.0,2021-12-01T00:00:00.000,9642889.68,478,2022-08-01T00:00:00.000,Water Supply,Construction
,Storm & Combined Sewers In 229 Street,652.0,176.0,2022-09-01T00:00:00.000,-9148000.0,776,2022-12-31T00:00:00.000,Sewers,Construction
,Tompkinsville Esplanade,944.0,60.0,2022-09-01T00:00:00.000,10582596.0,963,2025-12-29T00:00:00.000,Parks,Design
"Bronx, Manhattan",Broadway Bridge over Harlem River Replacement,2797.0,0.0,2019-01-01T00:00:00.000,39724388.0,106,2021-07-19T00:00:00.000,Bridges,Construction
,Queens PS 206  New Construction,365.0,0.0,2020-01-01T00:00:00.000,2268625.0,970,2022-09-03T00:00:00.000,Schools,Construction
Bronx,Replacement of The Digester at The Hunts Point WWTP,1355.0,465.0,2017-09-01T00:00:00.000,72852004.14,580,2023-10-27T00:00:00.000,Wastewater Treatment,Design
,New Storm Sewer N Conduit Av-Baisley Blvd,1619.0,0.0,2019-09-01T00:00:00.000,31711000.0,792,2024-09-13T00:00:00.000,Sewers,Design
,BROWNSVILLE LIBRARY MAJOR RENOVATIONS,916.0,170.0,2022-04-01T00:00:00.000,6752000.0,977,2026-12-19T00:00:00.000,Libraries,Design
Brooklyn,Brooklyn Civil Court move to 210 Joralemon St,1977.0,90.0,2019-01-01T00:00:00.000,200931011.96,509,2023-03-01T00:00:00.000,Public Safety and Criminal Justice,Design
,NEW UTRECH LIBRARY MAJOR RENOVATIONS,1188.0,,2019-01-01T00:00:00.000,290000.0,841,2024-08-31T00:00:00.000,Libraries,Design
,Flushing Creek CSO Disinfection Project,0.0,,2022-09-01T00:00:00.000,-45000.0,1293,2029-01-18T00:00:00.000,Wastewater Treatment,Design
Manhattan,Harlem River Drive Ramp Reconstruction (George Washington Bridge),2697.0,,2021-03-01T00:00:00.000,-3711870.0,708,,"Bridges, Streets and Roadways",
Bronx,"Bronx Sanitation Garage Construction: Community District 9, 10, 11",1919.0,0.0,2017-09-01T00:00:00.000,268983862.56,573,2026-06-30T00:00:00.000,Sanitation,Design
Queens,RECONSTRUCTION OF QUEENS BLVD - PHASE 1,1906.0,365.0,2021-12-01T00:00:00.000,176245000.0,618,2029-03-04T00:00:00.000,Industrial Development,Design
Bronx,Pelham Parkway Bridge Reconstruction over Hutchinson Parkway,1934.0,419.0,2022-09-01T00:00:00.000,10338071.57,506,2029-06-16T00:00:00.000,"Bridges, Streets and Roadways",Design
,Brooklyn Bridge - Approach Arches Rehabilitation,1908.0,0.0,2023-01-01T00:00:00.000,33135732.1,584,2024-02-20T00:00:00.000,Bridges,Construction
,QUEENS 8/10/12  GARAGE REHAB,273.0,273.0,2023-01-01T00:00:00.000,8964000.0,1217,2029-03-30T00:00:00.000,Sanitation,Design
,New Storm Sewer N Conduit Av-Baisley Blvd,1619.0,575.0,2022-04-01T00:00:00.000,31711000.0,792,2028-04-22T00:00:00.000,Sewers,Design
Citywide,Raise Shorelines Citywide,639.0,0.0,2021-03-01T00:00:00.000,0.0,689,2022-12-31T00:00:00.000,Industrial Development,Design
Bronx,"Bronx Sanitation Garage Construction: Community District 9, 10, 11",1919.0,273.0,2020-10-01T00:00:00.000,268983862.56,573,2028-09-30T00:00:00.000,Sanitation,Design
,Queens IS at 47-10 Barnett Avenue Addition,365.0,365.0,2020-10-01T00:00:00.000,3206657.0,967,2023-09-03T00:00:00.000,Schools,Construction
Brooklyn,Dumbo and Vinegar Hill Area Roadway Reconstruction and Renovation,3253.0,,2021-03-01T00:00:00.000,96724000.0,193,,Streets and Roadways,
,DELANCEY STREET SAFETY IMPROVEMENTS,1217.0,518.0,2021-07-01T00:00:00.000,20937000.0,983,2025-11-22T00:00:00.000,Streets and Roadways,Design
Queens,RECONSTRUCTION OF QUEENS BLVD - PHASE 2,2315.0,852.0,2021-07-01T00:00:00.000,14201000.0,619,2028-09-12T00:00:00.000,Industrial Development,Design
,Purchase and Install Speed Cameras in School  Zones Areas,,,2021-12-01T00:00:00.000,-19999521.0,1071,,Streets and Roadways,
,Jamaica Emergency Generators Upgrade,,,2023-01-01T00:00:00.000,,1337,2025-07-21T00:00:00.000,Wastewater Treatment,Construction
Manhattan,"West 59th Street Marine Transfer Station Construction, Phase 2",1949.0,0.0,2016-01-01T00:00:00.000,126753576.46,347,2017-05-18T00:00:00.000,Sanitation,Construction
Bronx,Westchester Avenue Bridge over Hutch River Parkway Rehabilitation,1592.0,300.0,2014-05-01T00:00:00.000,20945057.0,112,2020-05-01T00:00:00.000,"Bridges, Streets and Roadways",Design
,Grant Park Construction,612.0,,2020-05-01T00:00:00.000,1489000.0,1015,,Parks,Design
,Hunts Point Meat Market,244.0,244.0,2023-01-01T00:00:00.000,257450.0,1289,2025-10-02T00:00:00.000,Industrial Development,Design
,FUEL TANK & SUMP REPLACEMENTS - QUEENS,663.0,-158.0,2022-09-01T00:00:00.000,-1850000.0,898,2025-01-22T00:00:00.000,Industrial Development,Construction
Bronx,Bainbridge Avenue Trunk Water Main,1687.0,0.0,2018-08-01T00:00:00.000,25547000.0,454,2019-06-30T00:00:00.000,Water Supply,Construction
Manhattan,2nd Avenue Watermain Trunk Construction,2113.0,191.0,2017-04-01T00:00:00.000,-7266000.0,388,2019-09-22T00:00:00.000,Water Supply,Construction
,"Construction Of Sanitary Sewers, Storm Sewers (Bm",595.0,0.0,2022-09-01T00:00:00.000,37691000.0,760,2023-06-26T00:00:00.000,Sewers,Construction
,Bronx River CSO Reduction,-712.0,0.0,2021-12-01T00:00:00.000,1210235.0,943,2028-12-14T00:00:00.000,Wastewater Treatment,Design
,Studio Museum in Harlem New Building,856.0,,2020-01-01T00:00:00.000,-190000.0,896,,Arts and Culture,
,New Storm Sewer N Conduit Av-Baisley Blvd,1619.0,,2020-01-01T00:00:00.000,31711000.0,792,,Sewers,
Bronx,"Pelham Parkway Roadway Reconstruction, Phase 2",2869.0,98.0,2016-06-01T00:00:00.000,125164000.0,180,2018-07-20T00:00:00.000,Streets and Roadways,Design
,Orchard Beach Pavilion,942.0,0.0,2021-07-01T00:00:00.000,35628847.0,858,2024-06-02T00:00:00.000,Parks,Design
,Williamsburg Bridge Miscellaneous Repairs and Painting,362.0,,2021-03-01T00:00:00.000,52784947.0,599,,Bridges,
New York,North River Wastewater Treatment Plant Cogeneration and Electrification,1712.0,4.0,2019-01-01T00:00:00.000,134242052.88,423,2022-05-26T00:00:00.000,Wastewater Treatment,Construction
,Storm & Combined Sewers In 229 Street,652.0,365.0,2021-07-01T00:00:00.000,-9148000.0,776,2022-07-28T00:00:00.000,Sewers,Construction
,4Th Ave. Safety Improvements Phase II-Vision Zero,1106.0,0.0,2022-09-01T00:00:00.000,-11525000.0,833,2024-06-17T00:00:00.000,Streets and Roadways,Construction
Manhattan,Primary Treatment Improvement at Wards Island WWTP,2142.0,94.0,2022-04-01T00:00:00.000,99651290.98,452,2026-09-22T00:00:00.000,Wastewater Treatment,Construction Procurement
,Sewer When & Where Seq,1377.0,,2020-01-01T00:00:00.000,3200000.0,794,,Sewers,
Citywide,Emergency Communications Transformation Program (ECTP) Upgrades and Enhancements,2252.0,337.0,2023-01-01T00:00:00.000,73735148.87,267,2024-03-01T00:00:00.000,IT,IT
,"STORM SEWER IN KING STREET, SI",732.0,732.0,2022-09-01T00:00:00.000,-1094000.0,1252,2028-08-25T00:00:00.000,Streets and Roadways,Design
,Queens Public School 169 Addition,366.0,0.0,2021-07-01T00:00:00.000,5307201.0,1028,2024-09-03T00:00:00.000,Schools,Construction
,4Th Ave. Safety Improvements Phase II-Vision Zero,1106.0,,2020-01-01T00:00:00.000,-11525000.0,833,,Streets and Roadways,
,Rego Park New Facility,474.0,122.0,2023-01-01T00:00:00.000,535000.0,1145,2027-04-01T00:00:00.000,Other Government Facilities,Design
Queens,TLC - NEW OFFICE FACILITY - 24-55 BQE WEST,1248.0,,2020-01-01T00:00:00.000,75370000.0,665,,Other Government Facilities,
,Douglaston New Facility,244.0,,2021-07-01T00:00:00.000,5348000.0,960,,Libraries,
,NYCF Homeport 2,153.0,0.0,2022-09-01T00:00:00.000,51220834.0,1022,2024-09-29T00:00:00.000,Ferries,Construction Procurement
,FUEL TANK REPLACEMENT,914.0,,2020-05-01T00:00:00.000,-6429000.0,1005,,Industrial Development,
,Sewer When & Where Contract In S.E. Queens,1834.0,54.0,2018-08-01T00:00:00.000,7404000.0,793,2021-04-07T00:00:00.000,Sewers,Design
,"FDR Rehabilitation, Northbound (East 42nd to 49th Streets)",1816.0,542.0,2020-10-01T00:00:00.000,-2802822.0,502,2029-06-27T00:00:00.000,Bridges,Design
Bronx,Lower Concourse Initiative,730.0,0.0,2023-01-01T00:00:00.000,-5100000.0,575,2023-09-01T00:00:00.000,Industrial Development,Construction
,"SAN & STRM SEWER, WM IN CONEY ISLAND AREA, PH 4",1431.0,912.0,2021-07-01T00:00:00.000,1984000.0,1009,2027-02-07T00:00:00.000,Sewers,Design
Queens,Edgewood Triangle Roadway Reconstruction,3597.0,,2020-10-01T00:00:00.000,106503000.0,204,,Streets and Roadways,
,HEMPSTEAD AVE OVER BCIP RAMP NB BIN 2266149,402.0,327.0,2021-12-01T00:00:00.000,597042.0,1050,2030-04-23T00:00:00.000,"Bridges, Streets and Roadways",Design
,Croton Above Ground Structure And Landscaping,897.0,,2018-08-01T00:00:00.000,75117000.0,747,,Industrial Development,
Brooklyn,"Coney Island Area, Phase 3A",1215.0,469.0,2018-08-01T00:00:00.000,25273000.0,516,2022-11-27T00:00:00.000,Industrial Development,Construction Procurement
,Shore Road Bridge over Hutchinson River,1477.0,0.0,2017-09-01T00:00:00.000,-19049921.84,541,2025-12-17T00:00:00.000,"Bridges, Streets and Roadways",Design
,Reconstruct Main Sewage Pump Controls at Port Richmond WWTP,516.0,31.0,2022-04-01T00:00:00.000,26923720.62,948,2026-05-27T00:00:00.000,Wastewater Treatment,Design
Brooklyn,Wyckoff Avenue Street Reconstruction,226.0,,2020-01-01T00:00:00.000,43926000.0,191,,Streets and Roadways,
,South Bronx East-West Crosstown SBS,626.0,,2020-01-01T00:00:00.000,3130000.0,1008,,Streets and Roadways,
Staten Island,Roma and Hett Avenue Storm and Sanitary Sewer Installation,-8.0,350.0,2016-01-01T00:00:00.000,62973000.0,206,2019-10-27T00:00:00.000,Sewers,Design
Bronx,Jerome Reservoir and Aqueduct Rehabilitation,2363.0,174.0,2019-05-01T00:00:00.000,-833277.14,448,2022-10-05T00:00:00.000,Water Supply,Design
Citywide,Raise Shorelines Citywide,639.0,0.0,2020-01-01T00:00:00.000,0.0,689,2022-12-31T00:00:00.000,Industrial Development,Design
,Bronx Animal Care Center,110.0,-122.0,2019-09-01T00:00:00.000,24815617.0,893,2024-03-01T00:00:00.000,Health and Hospitals,Design
,Flushing Meadows Corona Park World's Fair Marina Reconstruction (Hurricane Sandy),708.0,,2023-01-01T00:00:00.000,4947362.68,1031,,Parks,Design
Brooklyn,Wyckoff Avenue Street Reconstruction,226.0,,2021-03-01T00:00:00.000,43926000.0,191,,Streets and Roadways,
,Coney Island Beach Operations HQ at West 25th Street,134.0,27.0,2022-04-01T00:00:00.000,370000.0,1193,2027-03-23T00:00:00.000,Other Government Facilities,Design
,BROAD CHANNEL BULKHEADS - PH II,-74.0,,2021-03-01T00:00:00.000,61781000.0,617,,Industrial Development,
,SOUTH BROOKLYN CROSSTOWN SBS,819.0,,2020-10-01T00:00:00.000,29789000.0,843,,Industrial Development,
,150 ST SPINE: PHASE II TRUNK SEWER AT BERGEN BASIN,646.0,92.0,2022-04-01T00:00:00.000,-158027000.0,999,2026-08-20T00:00:00.000,Sewers,Design
,Bronx Animal Care Center,110.0,,2020-01-01T00:00:00.000,24815617.0,893,,Health and Hospitals,
Bronx,Bruckner Expressway Westchester Creek Bridge Reconstruction,2086.0,0.0,2021-12-01T00:00:00.000,142277136.0,97,2022-11-30T00:00:00.000,"Bridges, Streets and Roadways",Construction
,Brooklyn Public School 676  New Construction,0.0,0.0,2022-04-01T00:00:00.000,1339880.0,1100,2024-09-03T00:00:00.000,Schools,Construction
Olive,Replacement of the Esopus & Route 28A Railroad Bridges,714.0,0.0,2021-12-01T00:00:00.000,-50461071.35,443,2025-11-09T00:00:00.000,Bridges,Construction
,Reconstruction Of Trinity Pl,730.0,,2020-01-01T00:00:00.000,13224000.0,755,,Streets and Roadways,
,Orchard Beach Pavilion,942.0,0.0,2023-01-01T00:00:00.000,35628847.0,858,2025-02-28T00:00:00.000,Parks,Construction Procurement
Manhattan,Coler Specialty Hospital Priority Mitigation Projects,2085.0,61.0,2022-09-01T00:00:00.000,0.0,544,2023-07-31T00:00:00.000,Health and Hospitals,Construction
,Douglaston New Facility,244.0,,2021-12-01T00:00:00.000,5348000.0,960,2026-10-05T00:00:00.000,Libraries,Design
Bronx,"Pelham Parkway Roadway Reconstruction, Phase 2",2869.0,,2021-03-01T00:00:00.000,125164000.0,180,,Streets and Roadways,
Brooklyn,Dumbo and Vinegar Hill Area Roadway Reconstruction and Renovation,3253.0,,2020-05-01T00:00:00.000,96724000.0,193,,Streets and Roadways,
Brooklyn,Brooklyn Civil Court move to 210 Joralemon St,1977.0,79.0,2020-01-01T00:00:00.000,200931011.96,509,2023-09-04T00:00:00.000,Public Safety and Criminal Justice,Construction Procurement
Staten Island,Roma and Hett Avenue Storm and Sanitary Sewer Installation,-8.0,0.0,2015-02-01T00:00:00.000,62973000.0,206,2018-01-06T00:00:00.000,Sewers,Design
Manhattan,"West 59th Street Marine Transfer Station Construction, Phase 2",1949.0,202.0,2017-09-01T00:00:00.000,126753576.46,347,2018-11-26T00:00:00.000,Sanitation,Construction
Queens,Rehab Of Queens District 11/13 Sanitation Garage,1521.0,-97.0,2019-05-01T00:00:00.000,36221000.0,770,2023-07-01T00:00:00.000,Sanitation,Design
,UNION TURNPIKE CENTER MEDIAN REPLACEMENT,341.0,-21.0,2022-09-01T00:00:00.000,23766000.0,986,2024-08-20T00:00:00.000,Streets and Roadways,Construction
Brooklyn,Reconstruction of the West and North Docks at the OH WWTP,1389.0,0.0,2020-10-01T00:00:00.000,10985726.8,720,2023-02-22T00:00:00.000,Wastewater Treatment,Construction
,Central Park Light Infrastructure,1535.0,0.0,2019-01-01T00:00:00.000,-3323649.6,586,2019-06-18T00:00:00.000,"Parks, Streets and Roadways",Construction
,New York State Pavilion Observation Towers Reconstruction,772.0,335.0,2022-09-01T00:00:00.000,1000.0,1018,2023-06-01T00:00:00.000,Parks,Construction
Queens,Roosevelt Avenue Bridge Superstructure and Substructure Repairs,2003.0,20.0,2016-11-01T00:00:00.000,23798213.0,101,2019-05-27T00:00:00.000,Bridges,Construction
Queens,RECONSTRUCTION OF QUEENS BLVD - PHASE 1,1906.0,0.0,2018-03-01T00:00:00.000,176245000.0,618,2023-11-14T00:00:00.000,Industrial Development,Design
Bronx,Jerome Reservoir and Aqueduct Rehabilitation,2363.0,1167.0,2021-07-01T00:00:00.000,-833277.14,448,2026-12-29T00:00:00.000,Water Supply,Construction
,Central Park Light Infrastructure,1535.0,,2017-04-01T00:00:00.000,-3323649.6,586,2019-06-18T00:00:00.000,"Parks, Streets and Roadways",Construction Procurement
Manhattan,Reconstruction of Power Distribution at Wards Island WWTP,1147.0,192.0,2021-07-01T00:00:00.000,33489860.26,453,2026-08-14T00:00:00.000,Wastewater Treatment,Design
,Freshkills South Park Synthetic Turf Fields and Landscape Construction,1309.0,365.0,2020-10-01T00:00:00.000,1436858.72,1016,2024-04-17T00:00:00.000,Parks,Design
,Brooklyn P.S. at 4302 4TH AVE,365.0,0.0,2020-05-01T00:00:00.000,-221356.0,949,2022-09-03T00:00:00.000,Schools,Construction
,Bronx River CSO Reduction,-712.0,1.0,2020-10-01T00:00:00.000,1210235.0,943,2028-12-14T00:00:00.000,Wastewater Treatment,Design
,Bronx River CSO Reduction,-712.0,0.0,2023-01-01T00:00:00.000,1210235.0,943,2028-03-11T00:00:00.000,Wastewater Treatment,Construction Procurement
City of Yonkers,Hillview Reservoir Flow Control Improvements,254.0,0.0,2023-01-01T00:00:00.000,-11397050.18,670,2033-01-02T00:00:00.000,Water Supply,Design
Brooklyn,Bergen Avenue Street Reconstruction,-388.0,118.0,2016-11-01T00:00:00.000,45837000.0,170,2026-11-13T00:00:00.000,Streets and Roadways,Design
,80 CENTRE ST.- FIRE ALARMS/SPRINKLERS,340.0,132.0,2022-09-01T00:00:00.000,0.0,1174,2027-01-21T00:00:00.000,Other Government Facilities,Design
Bronx,Lower Concourse Initiative,730.0,0.0,2022-04-01T00:00:00.000,-5100000.0,575,2023-06-30T00:00:00.000,Industrial Development,Construction
,33rd Street West of 11th Avenue (Hudson Yards),611.0,318.0,2021-12-01T00:00:00.000,-1399960.0,1043,2029-01-11T00:00:00.000,Bridges,Design
Queens,Dutch Kills and Lower Newtown Creek Enhanced Aeration Work,1891.0,185.0,2019-01-01T00:00:00.000,-4338327.57,313,2023-06-15T00:00:00.000,Wastewater Treatment,Design
,Williamsburg Bridge Miscellaneous Repairs and Painting,362.0,58.0,2022-09-01T00:00:00.000,52784947.0,599,2026-06-18T00:00:00.000,Bridges,Construction Procurement
,SOUTH BROOKLYN CROSSTOWN SBS,819.0,42.0,2023-01-01T00:00:00.000,29789000.0,843,2026-10-29T00:00:00.000,Industrial Development,Construction Procurement
Bronx,Lower Concourse Initiative,730.0,60.0,2021-12-01T00:00:00.000,-5100000.0,575,2023-06-30T00:00:00.000,Industrial Development,Construction
Brooklyn,Construction of Gowanus CSO retention FAC Superfund Site,1086.0,0.0,2019-05-01T00:00:00.000,432995114.0,550,2031-07-07T00:00:00.000,Industrial Development,Design
Bronx,Bainbridge Avenue Trunk Water Main,1687.0,0.0,2018-03-01T00:00:00.000,25547000.0,454,2019-06-30T00:00:00.000,Water Supply,Construction
,Headworks Improvements at Tallman Island,586.0,1.0,2021-03-01T00:00:00.000,19975649.96,906,2025-08-06T00:00:00.000,Industrial Development,Design
,Varick Build-out,,,2022-04-01T00:00:00.000,0.0,1226,,Other Government Facilities,Construction
Manhattan,West 79th Street over Amtrak and Rotunda Complex Rehabilitation,604.0,121.0,2020-05-01T00:00:00.000,-51088528.0,801,2025-01-15T00:00:00.000,"Bridges, Streets and Roadways",Construction Procurement
Queens,RECONSTRUCTION OF QUEENS BLVD - PHASE 2,2315.0,366.0,2021-12-01T00:00:00.000,14201000.0,619,2029-09-13T00:00:00.000,Industrial Development,Design
Queens,"STM & SAN SWR, WILLET PT BLVD WHITESTONE AREA, PH2",642.0,0.0,2019-05-01T00:00:00.000,41243000.0,651,2022-09-15T00:00:00.000,Sewers,Construction
,Woodhaven Blvd SBS Phase B,15.0,262.0,2023-01-01T00:00:00.000,-20000.0,1210,2028-10-29T00:00:00.000,Streets and Roadways,Design
,Shore Road Bridge over Hutchinson River,1477.0,115.0,2022-09-01T00:00:00.000,-19049921.84,541,2029-07-24T00:00:00.000,"Bridges, Streets and Roadways",Design
,Porpoise Bridge In Flushing Meadows-Corona Park,1110.0,,2020-05-01T00:00:00.000,82000.0,749,,Bridges,
Citywide,Catskill Aqueduct Repair and Rehabilitation,1517.0,0.0,2019-05-01T00:00:00.000,9642889.68,478,2021-07-17T00:00:00.000,Water Supply,Construction
Bronx,Bainbridge Avenue Trunk Water Main,1687.0,353.0,2021-12-01T00:00:00.000,25547000.0,454,2023-06-30T00:00:00.000,Water Supply,Construction
,FUEL TANK REPLACEMENT,1278.0,,2020-10-01T00:00:00.000,207000.0,851,,Industrial Development,
Citywide,Catskill Aqueduct Repair and Rehabilitation,1517.0,-365.0,2021-07-01T00:00:00.000,9642889.68,478,2021-08-01T00:00:00.000,Water Supply,Construction
,4Th Ave. Safety Improvements Phase II-Vision Zero,1106.0,,2021-03-01T00:00:00.000,-11525000.0,833,,Streets and Roadways,
,P.S. 26 - QUEENS Addition,0.0,0.0,2023-01-01T00:00:00.000,0.0,1308,2025-09-03T00:00:00.000,Schools,Construction
Manhattan,"West 59th Street Marine Transfer Station Construction, Phase 2",1949.0,,2020-05-01T00:00:00.000,126753576.46,347,,Sanitation,
,BROAD CHANNEL BULKHEADS - PH II,-74.0,386.0,2021-07-01T00:00:00.000,61781000.0,617,2024-06-14T00:00:00.000,Industrial Development,Construction
,P.S. @ 6740 3RD AVENUE - BROOKLYN,0.0,,2022-09-01T00:00:00.000,0.0,1304,2024-09-03T00:00:00.000,Schools,Construction Procurement
Bronx,RECONSTRUCTION OF E 177 STREET/DEVOE AVENUE,1839.0,,2020-10-01T00:00:00.000,25050000.0,623,,"Industrial Development, Streets and Roadways",
,Storm Sewer Outlet In 224Th St,1238.0,365.0,2018-08-01T00:00:00.000,155854000.0,784,2023-11-29T00:00:00.000,Sewers,Design
Manhattan,Carl Schurz Park Promenade over FDR (East 81st to 90th Streets),1571.0,28.0,2021-12-01T00:00:00.000,-197139579.0,537,2029-01-13T00:00:00.000,Bridges,Design
,Freshkills South Park Synthetic Turf Fields and Landscape Construction,1309.0,214.0,2020-05-01T00:00:00.000,1436858.72,1016,2023-04-18T00:00:00.000,Parks,Design
Bronx,"Pelham Parkway Roadway Reconstruction, Phase 2",2869.0,0.0,2021-12-01T00:00:00.000,125164000.0,180,2023-12-22T00:00:00.000,Streets and Roadways,Construction
,Nuyorican Poets Cafe Renovation,128.0,147.0,2022-09-01T00:00:00.000,480000.0,1247,2026-03-16T00:00:00.000,Other Government Facilities,Design
,Sewer When & Where Contract In S.E. Queens,1834.0,,2018-03-01T00:00:00.000,7404000.0,793,2021-02-12T00:00:00.000,Sewers,Design
,CSO Hutchinson River Disinfection Facility,894.0,0.0,2021-07-01T00:00:00.000,-24577348.0,944,2030-11-22T00:00:00.000,Wastewater Treatment,Design
,EDGEMERE (PHASE C1) - (INCLUDING SEQ002562/200406),,,2023-01-01T00:00:00.000,-10000.0,1189,,Streets and Roadways,
Brooklyn,Brooklyn Supreme Court Fire Alarm System Upgrade,1533.0,131.0,2019-05-01T00:00:00.000,47003000.0,510,2023-12-01T00:00:00.000,Public Safety and Criminal Justice,Design
Manhattan,Harlem River Drive Ramp Reconstruction (George Washington Bridge),2697.0,0.0,2020-01-01T00:00:00.000,-3711870.0,708,2028-04-14T00:00:00.000,"Bridges, Streets and Roadways",Design
,FUEL TANK REPLACEMENT,1278.0,0.0,2022-09-01T00:00:00.000,207000.0,851,2025-04-14T00:00:00.000,Industrial Development,Construction
,Queens Botanical Garden Educ Bldg Renovation,357.0,73.0,2022-04-01T00:00:00.000,905000.0,1167,2025-06-23T00:00:00.000,Other Government Facilities,Design
Brooklyn,Bergen Avenue Street Reconstruction,-388.0,0.0,2014-05-01T00:00:00.000,45837000.0,170,2024-07-16T00:00:00.000,Streets and Roadways,Design
,Central Park Light Infrastructure,1535.0,62.0,2023-01-01T00:00:00.000,-3323649.6,586,2023-08-31T00:00:00.000,"Parks, Streets and Roadways",Construction
,NEW FIREHOUSE - EC268,227.0,0.0,2023-01-01T00:00:00.000,828000.0,1271,2025-10-20T00:00:00.000,Other Government Facilities,Design
,"Asphalt Plant, 30-01 Harper St, Queens Demo/Cons",1211.0,339.0,2022-09-01T00:00:00.000,55883745.0,840,2026-06-16T00:00:00.000,Industrial Development,Design
,Queens Public School 472  New Construction,0.0,0.0,2022-09-01T00:00:00.000,0.0,1099,2025-09-03T00:00:00.000,Schools,Construction
Citywide,Emergency Communications Transformation Program (ECTP) Upgrades and Enhancements,2252.0,143.0,2019-05-01T00:00:00.000,73735148.87,267,2020-03-22T00:00:00.000,IT,IT
,P.S. @ 140 BEACH 112 STREET - QUEENS,-366.0,-366.0,2023-01-01T00:00:00.000,0.0,1306,2023-09-03T00:00:00.000,Schools,Construction
Queens,Dutch Kills and Lower Newtown Creek Enhanced Aeration Work,1891.0,924.0,2017-04-01T00:00:00.000,-4338327.57,313,2022-12-12T00:00:00.000,Wastewater Treatment,Construction Procurement
Brooklyn,Beverly Road over Brighton Subway Line,1864.0,120.0,2023-01-01T00:00:00.000,1279646.0,709,2030-09-26T00:00:00.000,Bridges,Design
,CONSTRUCTION OF A FLOOD PROTECTION SYSTEM FROM EAST 25TH ST TO EAST 30TH ST ALONG THE EAST SIDE OF MANHATTAN,333.0,333.0,2022-09-01T00:00:00.000,5000000.0,1186,2028-10-19T00:00:00.000,Streets and Roadways,Design
Staten Island,Oakwood Beach WWTP Headworks Improvements,2857.0,0.0,2016-11-01T00:00:00.000,31867440.0,450,2021-12-24T00:00:00.000,Wastewater Treatment,Design
Bronx,Concourse Village Avenue over Metro North,1865.0,,2021-03-01T00:00:00.000,-186092.37,587,,Bridges,
Queens,Edgewood Triangle Roadway Reconstruction,3597.0,365.0,2017-09-01T00:00:00.000,106503000.0,204,2021-09-06T00:00:00.000,Streets and Roadways,Design
,Grand Street Bridge over Newtown Creek,1645.0,0.0,2019-05-01T00:00:00.000,160682490.0,534,2026-12-01T00:00:00.000,"Bridges, Streets and Roadways",Design
Bronx,RECONSTRUCTION OF E 177 STREET/DEVOE AVENUE,1839.0,,2021-03-01T00:00:00.000,25050000.0,623,,"Industrial Development, Streets and Roadways",
Manhattan,Harlem River Drive Ramp Reconstruction (George Washington Bridge),2697.0,,2019-09-01T00:00:00.000,-3711870.0,708,,"Bridges, Streets and Roadways",Design
Queens,20th Avenue Storm and Sanitary Sewer Construction,2180.0,112.0,2016-01-01T00:00:00.000,117177000.0,432,2018-07-23T00:00:00.000,Sewers,Construction Procurement
Citywide,The Reconstruction of The Lower Catskill Aqueduct,1421.0,0.0,2021-07-01T00:00:00.000,-65760729.0,667,2027-03-29T00:00:00.000,Water Supply,Design
,South East Queens Initiative,,,2023-01-01T00:00:00.000,,1345,,Streets and Roadways,
,West 33rd Street,1736.0,366.0,2022-04-01T00:00:00.000,0.0,861,2026-11-30T00:00:00.000,Streets and Roadways,Design
Olive,Replacement of the Esopus & Route 28A Railroad Bridges,714.0,0.0,2020-05-01T00:00:00.000,-50461071.35,443,2025-01-01T00:00:00.000,Bridges,Construction Procurement
Upstate,"Gilboa Dam Reconstruction, Phase IV",1684.0,91.0,2020-01-01T00:00:00.000,33535991.2,406,2021-04-26T00:00:00.000,Water Supply,Construction
,BROWNSVILLE LIBRARY MAJOR RENOVATIONS,916.0,,2021-03-01T00:00:00.000,6752000.0,977,,Libraries,
Queens,49th Avenue Bridge Replacement,1449.0,324.0,2020-05-01T00:00:00.000,32902419.0,131,2025-06-02T00:00:00.000,"Bridges, Streets and Roadways",Design
Brooklyn,Sunset Park Infrastructure,1290.0,-120.0,2021-12-01T00:00:00.000,31633941.69,574,2023-11-01T00:00:00.000,Industrial Development,Construction
Manhattan,Metropolitan Hospital Perimeter Flood Protection,1452.0,-862.0,2022-09-01T00:00:00.000,27046705.0,562,2024-11-21T00:00:00.000,Industrial Development,Construction
,Queens Public School 032  Addition,0.0,0.0,2023-01-01T00:00:00.000,0.0,1108,2024-09-03T00:00:00.000,Schools,Construction
Brooklyn,Coney Island Hospital CSS Building and Perimeter Flood Protection,1243.0,0.0,2020-01-01T00:00:00.000,30635879.93,561,2023-03-31T00:00:00.000,Health and Hospitals,Construction
Queens,Dutch Kills and Lower Newtown Creek Enhanced Aeration Work,1891.0,-139.0,2018-03-01T00:00:00.000,-4338327.57,313,2022-07-26T00:00:00.000,Wastewater Treatment,Design
Queens,Belt System - Cross Island over 115th Avenue/Dutch Broadway,1845.0,4.0,2021-07-01T00:00:00.000,17528706.0,558,2025-11-18T00:00:00.000,Bridges,Design
,FUEL TANK & SUMP REPLACEMENTS - BROOKLYN,663.0,,2020-01-01T00:00:00.000,-1940000.0,899,,Industrial Development,
New York,North River Wastewater Treatment Plant Cogeneration and Electrification,1712.0,,2014-01-01T00:00:00.000,134242052.88,423,2019-05-07T00:00:00.000,Wastewater Treatment,Design
,Hart Island Demolition and Safety Improvements,246.0,36.0,2022-09-01T00:00:00.000,952000.0,1244,2023-01-23T00:00:00.000,Other Government Facilities,Construction
,FUEL TANK & SUMP REPLACEMENTS - QUEENS,663.0,0.0,2022-04-01T00:00:00.000,-1850000.0,898,2025-06-29T00:00:00.000,Industrial Development,Design
Marlboro,Rondout-West Branch Bypass Tunnel Construction Project 2,256.0,,2013-09-01T00:00:00.000,202552329.25,409,2024-02-29T00:00:00.000,Water Supply,Design
Citywide,Emergency Communications Transformation Program (ECTP) Upgrades and Enhancements,2252.0,0.0,2017-09-01T00:00:00.000,73735148.87,267,2019-12-01T00:00:00.000,IT,IT
,Construction of ROW Green Infrastructure in CI005 Phase 3,,,2023-01-01T00:00:00.000,,1372,2025-06-01T00:00:00.000,Streets and Roadways,Construction Procurement
,Storm & Combined Sewers In 229 Street,652.0,-50.0,2018-08-01T00:00:00.000,-9148000.0,776,2021-07-28T00:00:00.000,Sewers,Construction
,"Combined Sewer And Wm Work In 71 Street, Queens",1889.0,,2020-10-01T00:00:00.000,27172000.0,789,,Sewers,
Marlboro,Rondout-West Branch Bypass Tunnel Construction Project 2,256.0,-822.0,2020-01-01T00:00:00.000,202552329.25,409,2023-09-06T00:00:00.000,Water Supply,Construction
Queens,"STM & SAN SWR, WILLET PT BLVD WHITESTONE AREA, PH2",642.0,19.0,2018-08-01T00:00:00.000,41243000.0,651,2021-09-15T00:00:00.000,Sewers,Construction Procurement
,"Combined Sewer In 70Th Street, Queens",1155.0,,2021-03-01T00:00:00.000,94201000.0,788,,Sewers,
,Central Park Light Infrastructure,1535.0,375.0,2022-04-01T00:00:00.000,-3323649.6,586,2023-06-30T00:00:00.000,"Parks, Streets and Roadways",Construction
,Hansborough Recreation Center Reconstruction,186.0,186.0,2022-09-01T00:00:00.000,-4700000.0,1090,2025-08-27T00:00:00.000,Parks,Construction Procurement
,Queens Public School 46 Additionl,365.0,0.0,2022-09-01T00:00:00.000,0.0,1027,2023-09-03T00:00:00.000,Schools,Construction
,South Bronx East-West Crosstown SBS,626.0,,2021-03-01T00:00:00.000,3130000.0,1008,,Streets and Roadways,
,"WESTBOURNE - DUNBAR ROADWAYS/BULKHEADS, QNS",1840.0,0.0,2021-12-01T00:00:00.000,47223000.0,981,2029-09-26T00:00:00.000,Streets and Roadways,Design
,Brooklyn Public School 730 New Construction,730.0,0.0,2022-04-01T00:00:00.000,6379885.0,876,2023-09-03T00:00:00.000,Schools,Construction
Brooklyn,Wyckoff Avenue Street Reconstruction,226.0,136.0,2017-04-01T00:00:00.000,43926000.0,191,2030-01-13T00:00:00.000,Streets and Roadways,Design
,Michaelis-Bayswater Park Reconstruction,280.0,,2021-12-01T00:00:00.000,4849393.61,1032,2025-03-23T00:00:00.000,Parks,Design
,P.S. 105 - BRONX,,,2023-01-01T00:00:00.000,,1340,2025-09-03T00:00:00.000,Schools,Construction Procurement
Brooklyn,Beverly Road over Brighton Subway Line,1864.0,90.0,2022-09-01T00:00:00.000,1279646.0,709,2030-05-29T00:00:00.000,Bridges,Design
,Reconstruction of Clearview Pump Station,2.0,,2021-12-01T00:00:00.000,802582.0,1216,2024-12-03T00:00:00.000,Wastewater Treatment,Construction Procurement
Manhattan,Metropolitan Hospital Perimeter Flood Protection,1452.0,0.0,2017-09-01T00:00:00.000,27046705.0,562,2020-11-30T00:00:00.000,Industrial Development,Design
Citywide,Raise Shorelines Citywide,639.0,0.0,2019-05-01T00:00:00.000,0.0,689,2022-12-31T00:00:00.000,Industrial Development,Design
,FUEL TANK REPLACEMENT,914.0,,2021-03-01T00:00:00.000,-6429000.0,1005,,Industrial Development,
Staten Island,Roma and Hett Avenue Storm and Sanitary Sewer Installation,-8.0,106.0,2021-12-01T00:00:00.000,62973000.0,206,2023-10-04T00:00:00.000,Sewers,Construction
Brooklyn,Sunset Park Infrastructure,1290.0,92.0,2019-05-01T00:00:00.000,31633941.69,574,2022-06-28T00:00:00.000,Industrial Development,Design
Queens,Metropolitan Avenue Bridge over CSX Transport,2027.0,76.0,2023-01-01T00:00:00.000,4699394.0,556,2030-03-22T00:00:00.000,"Bridges, Streets and Roadways",Design
,Porpoise Bridge In Flushing Meadows-Corona Park,1110.0,0.0,2019-01-01T00:00:00.000,82000.0,749,2023-07-29T00:00:00.000,Bridges,Design
,"Asphalt Plant, 30-01 Harper St, Queens Demo/Cons",1211.0,0.0,2022-04-01T00:00:00.000,55883745.0,840,2025-07-12T00:00:00.000,Industrial Development,Design
,Grant Park Construction,612.0,,2020-10-01T00:00:00.000,1489000.0,1015,2023-12-24T00:00:00.000,Parks,Design
,Next Generation 911 Program,1558.0,0.0,2023-01-01T00:00:00.000,30123504.48,1035,2024-12-31T00:00:00.000,"IT, Public Safety and Criminal Justice",IT
,"Construction Of Sanitary Sewers, Storm Sewers (Bm",595.0,154.0,2019-01-01T00:00:00.000,37691000.0,760,2022-09-16T00:00:00.000,Sewers,Construction Procurement
,Protective Coating of Macombs Dam Bridge,,,2023-01-01T00:00:00.000,,1346,2027-09-14T00:00:00.000,Bridges,Design
Manhattan,Reconstruction of Power Distribution at Wards Island WWTP,1147.0,82.0,2021-03-01T00:00:00.000,33489860.26,453,2026-02-03T00:00:00.000,Wastewater Treatment,Design
,"Water Main Replacement In 222 Street, Queens",2236.0,,2020-10-01T00:00:00.000,7195000.0,768,,Water Supply,
,EMS Station 17 - New Facility,434.0,70.0,2021-12-01T00:00:00.000,13113000.0,1153,2024-06-08T00:00:00.000,Other Government Facilities,Design
,DOH Public Health Lab,1.0,761.0,2021-12-01T00:00:00.000,19334959.71,909,2025-01-01T00:00:00.000,Health and Hospitals,Construction Procurement
,Storm Sewer Outlet In 224Th St,1238.0,,2020-01-01T00:00:00.000,155854000.0,784,,Sewers,
Manhattan,253 Broadway Landmark's Space Renovations,1696.0,,2020-05-01T00:00:00.000,35010000.0,639,,Other Government Facilities,
Bronx,East 180th Street over Metro North Railroad (Harrison Line),664.0,-112.0,2020-01-01T00:00:00.000,4194366.0,811,2022-09-24T00:00:00.000,Bridges,Construction Procurement
,4th Ave Safety Improvements - Phase B,0.0,0.0,2023-01-01T00:00:00.000,-21000.0,1236,2030-09-29T00:00:00.000,Streets and Roadways,Design
Manhattan,2nd Avenue Watermain Trunk Construction,2113.0,,2013-09-01T00:00:00.000,-7266000.0,388,2017-10-13T00:00:00.000,Water Supply,Design
Queens,Dutch Kills and Lower Newtown Creek Enhanced Aeration Work,1891.0,0.0,2017-09-01T00:00:00.000,-4338327.57,313,2022-12-12T00:00:00.000,Wastewater Treatment,Construction Procurement
,444 Thomas Boyland Community Center,,,2022-09-01T00:00:00.000,382000.0,1235,,Other Government Facilities,
Bronx,"Bronx Sanitation Garage Construction: Community District 9, 10, 11",1919.0,182.0,2019-09-01T00:00:00.000,268983862.56,573,2027-07-01T00:00:00.000,Sanitation,Design
,SUNSET PARK NORTH BK WATERFRONT GREENWAY,1096.0,0.0,2022-09-01T00:00:00.000,20345000.0,1176,2025-04-14T00:00:00.000,Streets and Roadways,Design
,Porpoise Bridge In Flushing Meadows-Corona Park,1110.0,0.0,2018-08-01T00:00:00.000,82000.0,749,2023-07-29T00:00:00.000,Bridges,Design
Brooklyn,Sunset Park Infrastructure,1290.0,184.0,2020-05-01T00:00:00.000,31633941.69,574,2023-03-01T00:00:00.000,Industrial Development,Construction Procurement
,Pier 42 and East River Park Connector Program,214.0,,2021-03-01T00:00:00.000,100000.0,1085,2023-03-31T00:00:00.000,Parks,Construction Procurement
,Battery Park Underpass Emergency Relief Betterments,1197.0,,2020-10-01T00:00:00.000,47923308.0,540,,Bridges,Design
,P.S. @ 140 BEACH 112 STREET - QUEENS,-366.0,,2022-09-01T00:00:00.000,0.0,1306,2024-09-03T00:00:00.000,Schools,Construction
,Flushing Meadows Corona Park World's Fair Marina Reconstruction (Hurricane Sandy),708.0,92.0,2022-04-01T00:00:00.000,4947362.68,1031,2025-06-23T00:00:00.000,Parks,Design
Brooklyn,Coney Island Hospital CSS Building and Perimeter Flood Protection,1243.0,0.0,2020-10-01T00:00:00.000,30635879.93,561,2023-07-31T00:00:00.000,Health and Hospitals,Construction
Brooklyn,Brooklyn Sanitation Garage Construction: Community District 3,790.0,0.0,2018-03-01T00:00:00.000,25603365.0,560,2022-12-31T00:00:00.000,Sanitation,Design
,Manhattan Greenway: Harlem River,888.0,151.0,2021-12-01T00:00:00.000,0.0,860,2025-05-31T00:00:00.000,Parks,Design
,Alley Pond Environmental Center Reconstruction,556.0,227.0,2021-07-01T00:00:00.000,1641000.0,1017,2022-07-29T00:00:00.000,Parks,Construction
Valhalla,Kensico Eastview Connection Tunnel Construction,3132.0,190.0,2018-08-01T00:00:00.000,881770648.0,554,2028-05-05T00:00:00.000,Water Supply,Design
Bronx,New 40th Precinct,711.0,9.0,2018-08-01T00:00:00.000,26020000.0,634,2021-06-21T00:00:00.000,Public Safety and Criminal Justice,Construction
,Storm Mitigation Loan Program at Bowery Bay,1026.0,-134.0,2021-03-01T00:00:00.000,-19623216.41,671,2022-09-01T00:00:00.000,Wastewater Treatment,Construction
,Shirley Chisolm Recreation Center,,,2023-01-01T00:00:00.000,0.0,1245,2025-06-28T00:00:00.000,Other Government Facilities,Design
,Bronx Sanitation Garage Rehabilitation: Community District 12,1064.0,,2019-05-01T00:00:00.000,0.0,956,2024-07-31T00:00:00.000,Sanitation,Design
Manhattan,Primary Treatment Improvement at Wards Island WWTP,2142.0,199.0,2022-09-01T00:00:00.000,99651290.98,452,2027-04-09T00:00:00.000,Wastewater Treatment,Construction
,Porpoise Bridge In Flushing Meadows-Corona Park,1110.0,0.0,2023-01-01T00:00:00.000,82000.0,749,2026-08-12T00:00:00.000,Bridges,Construction Procurement
Manhattan,"West 59th Street Marine Transfer Station Construction, Phase 2",1949.0,49.0,2017-04-01T00:00:00.000,126753576.46,347,2018-05-08T00:00:00.000,Sanitation,Construction
,New Westchester Square,471.0,0.0,2022-04-01T00:00:00.000,0.0,1147,2026-02-28T00:00:00.000,Other Government Facilities,Construction Procurement
Bronx,East 180th Street over Metro North Railroad (Harrison Line),664.0,0.0,2022-09-01T00:00:00.000,4194366.0,811,2023-09-29T00:00:00.000,Bridges,Construction
Brooklyn,Reconstruction of the West and North Docks at the OH WWTP,1389.0,0.0,2021-03-01T00:00:00.000,10985726.8,720,2023-02-22T00:00:00.000,Wastewater Treatment,Construction
Citywide,The Reconstruction of The Lower Catskill Aqueduct,1421.0,0.0,2020-05-01T00:00:00.000,-65760729.0,667,2025-06-01T00:00:00.000,Water Supply,Design
Citywide,Revenue Cycle Implementation,1279.0,-619.0,2018-08-01T00:00:00.000,0.0,723,2018-10-20T00:00:00.000,"Health and Hospitals, IT",IT
Brooklyn,Wyckoff Avenue Street Reconstruction,226.0,182.0,2019-01-01T00:00:00.000,43926000.0,191,2030-12-29T00:00:00.000,Streets and Roadways,Design
,East River Esplanade Stabilization and Reconstruction Phase 3,612.0,152.0,2021-03-01T00:00:00.000,3616645.26,973,2023-11-24T00:00:00.000,Parks,Design
,"RECONST. OF COLUMBIA ST., PH II/BED-768B/SEK002321",972.0,,2020-05-01T00:00:00.000,6730000.0,845,,Streets and Roadways,
,Far Rockaway New Facility,-78.0,,2021-03-01T00:00:00.000,-623757.91,730,,Other Government Facilities,
,FUEL TANK & SUMP REPLACEMENTS - BRONX,663.0,,2019-05-01T00:00:00.000,-1834000.0,901,,Industrial Development,
"Manhattan, Bronx",Madison Avenue Bridge Reconstruction,1628.0,0.0,2023-01-01T00:00:00.000,2036997.0,114,2023-01-31T00:00:00.000,Bridges,Construction
Queens,Dutch Kills and Lower Newtown Creek Enhanced Aeration Work,1891.0,-1.0,2014-01-01T00:00:00.000,-4338327.57,313,2019-04-14T00:00:00.000,Wastewater Treatment,Design
Bronx,Bruckner Expressway Westchester Creek Bridge Reconstruction,2086.0,0.0,2016-06-01T00:00:00.000,142277136.0,97,2021-03-04T00:00:00.000,"Bridges, Streets and Roadways",Design
Staten Island,Staten Island 1 & 3 Garage Construction & Rehab,406.0,,2020-05-01T00:00:00.000,68555000.0,769,,Sanitation,
,FUEL TANK REPLACEMENT,914.0,,2019-09-01T00:00:00.000,-6429000.0,1005,2022-04-04T00:00:00.000,Industrial Development,Construction
,"Reconstruction of Del Valle Square, Bronx",421.0,,2021-12-01T00:00:00.000,-4589000.0,1243,2024-09-17T00:00:00.000,Streets and Roadways,Construction Procurement
Manhattan,2nd Avenue Watermain Trunk Construction,2113.0,364.0,2018-08-01T00:00:00.000,-7266000.0,388,2021-06-02T00:00:00.000,Water Supply,Construction
Staten Island,CONSTRUCTION OF BMPs NC 6 AND 15 - SI,925.0,,2020-05-01T00:00:00.000,1921000.0,631,,Industrial Development,
,Power Distribution Improvements at Tallman Island,651.0,0.0,2019-05-01T00:00:00.000,10926063.83,907,2025-04-28T00:00:00.000,Industrial Development,Design
,79th St Boat Basin,1036.0,0.0,2020-01-01T00:00:00.000,-1131246.67,862,2023-08-30T00:00:00.000,Parks,Design
Brooklyn,Brooklyn Sanitation Garage Construction: Community District 3,790.0,75.0,2019-01-01T00:00:00.000,25603365.0,560,2022-12-31T00:00:00.000,Sanitation,Construction Procurement
,"RECONST. OF COLUMBIA ST., PH II/BED-768B/SEK002321",972.0,186.0,2023-01-01T00:00:00.000,6730000.0,845,2027-03-13T00:00:00.000,Streets and Roadways,Design
,WM REPLMT EAST NEW YORK AVE,913.0,0.0,2021-12-01T00:00:00.000,29337000.0,991,2024-09-09T00:00:00.000,Water Supply,Construction
Manhattan,Henry Hudson Parkway over Amtrak (Northbound),1693.0,,2021-03-01T00:00:00.000,500625.0,592,,Bridges,
,Brkyln District 17/18 Garage: HVAC Replacement,123.0,,2021-07-01T00:00:00.000,-709000.0,1190,2024-06-30T00:00:00.000,Other Government Facilities,Construction Procurement
Bronx,Bainbridge Avenue Trunk Water Main,1687.0,0.0,2022-04-01T00:00:00.000,25547000.0,454,2023-06-30T00:00:00.000,Water Supply,Construction
Staten Island,Oakwood Beach WWTP Sludge Thickening Improvements,3241.0,0.0,2021-12-01T00:00:00.000,57138101.3,449,2026-07-18T00:00:00.000,Wastewater Treatment,Design
Queens,Belt System - Cross Island over 115th Avenue/Dutch Broadway,1845.0,798.0,2019-05-01T00:00:00.000,17528706.0,558,2025-11-14T00:00:00.000,Bridges,Design
Bronx,Jerome Reservoir and Aqueduct Rehabilitation,2363.0,0.0,2022-09-01T00:00:00.000,-833277.14,448,2026-12-29T00:00:00.000,Water Supply,Construction
Brooklyn,Construction of Gowanus CSO retention FAC Superfund Site,1086.0,0.0,2019-09-01T00:00:00.000,432995114.0,550,2031-07-07T00:00:00.000,Industrial Development,Design
,DOH Public Health Lab,1.0,1.0,2023-01-01T00:00:00.000,19334959.71,909,2025-01-02T00:00:00.000,Health and Hospitals,Construction
City of Yonkers,Hillview Reservoir Flow Control Improvements,254.0,-177.0,2021-03-01T00:00:00.000,-11397050.18,670,2032-01-03T00:00:00.000,Water Supply,Design
Bronx,Concourse Village Avenue over Metro North,1865.0,592.0,2021-12-01T00:00:00.000,-186092.37,587,2029-04-23T00:00:00.000,Bridges,Design
,"Combined Sewer And Wm Work In 71 Street, Queens",1889.0,0.0,2022-04-01T00:00:00.000,27172000.0,789,2026-10-30T00:00:00.000,Sewers,Design
,Michaelis-Bayswater Park Reconstruction,280.0,,2021-07-01T00:00:00.000,4849393.61,1032,,Parks,Design
Brooklyn,DBCD South Site Cultural Fit-Out,1706.0,0.0,2019-05-01T00:00:00.000,36789601.16,484,2022-07-31T00:00:00.000,Arts and Culture,Construction Procurement
Staten Island,Oakwood Beach WWTP Sludge Thickening Improvements,3241.0,92.0,2022-04-01T00:00:00.000,57138101.3,449,2026-10-18T00:00:00.000,Wastewater Treatment,Design
Upstate,"Gilboa Dam Reconstruction, Phase III",1113.0,54.0,2020-01-01T00:00:00.000,10376533.49,405,2021-07-09T00:00:00.000,Water Supply,Construction
,"Ped Safety Upgrades on Atlantic Avenue, Phase 2",1400.0,0.0,2023-01-01T00:00:00.000,10136496.0,519,2024-05-30T00:00:00.000,Streets and Roadways,Construction
,Manhattan Greenway: Harlem River,888.0,184.0,2021-03-01T00:00:00.000,0.0,860,2024-12-31T00:00:00.000,Parks,Design
,Brooklyn P.S. at 4302 4TH AVE,365.0,0.0,2022-04-01T00:00:00.000,-221356.0,949,2023-09-03T00:00:00.000,Schools,Construction
,Coastal Resiliency -- Parallel Conveyances,92.0,0.0,2022-04-01T00:00:00.000,32327000.0,1171,2026-06-11T00:00:00.000,Streets and Roadways,Construction Procurement
Bronx,New 40th Precinct,711.0,,2017-09-01T00:00:00.000,26020000.0,634,2021-06-25T00:00:00.000,Public Safety and Criminal Justice,Construction Procurement
,Headworks Improvements at Tallman Island,586.0,-84.0,2019-09-01T00:00:00.000,19975649.96,906,2024-12-13T00:00:00.000,Industrial Development,Design
,Bronx Sanitation Garage Rehabilitation: Community District 12,1064.0,365.0,2020-05-01T00:00:00.000,0.0,956,2025-07-31T00:00:00.000,Sanitation,Design
,FUEL TANK & SUMP REPLACEMENTS - BRONX,663.0,91.0,2019-09-01T00:00:00.000,-1834000.0,901,2023-06-30T00:00:00.000,Industrial Development,Design
,RED HOOK INTEGRATED FLOOD PROTECTION SYSTEM,1172.0,681.0,2021-07-01T00:00:00.000,86623000.0,985,2025-12-26T00:00:00.000,Public Safety and Criminal Justice,Design
,FUEL TANK & SUMP REPLACEMENTS - BRONX,663.0,,2020-05-01T00:00:00.000,-1834000.0,901,,Industrial Development,
,Flushing Meadows Corona Park Electrical Vault Reconstruction (Hurricane Sandy),,,2022-09-01T00:00:00.000,-3555909.0,1083,,Parks,Design
,Queens PS 206  New Construction,365.0,365.0,2020-10-01T00:00:00.000,2268625.0,970,2023-09-03T00:00:00.000,Schools,Construction
Queens,RECONSTRUCTION OF QUEENS BLVD - PHASE 2,2315.0,,2020-10-01T00:00:00.000,14201000.0,619,,Industrial Development,
Brooklyn,Brooklyn Supreme Court Fire Alarm System Upgrade,1533.0,,2020-10-01T00:00:00.000,47003000.0,510,,Public Safety and Criminal Justice,
,"Water Main Replacement In 222 Street, Queens",2236.0,365.0,2019-05-01T00:00:00.000,7195000.0,768,2023-01-18T00:00:00.000,Water Supply,Design
,Williamsburg Bridge Miscellaneous Repairs and Painting,362.0,153.0,2020-10-01T00:00:00.000,52784947.0,599,2025-05-08T00:00:00.000,Bridges,Design
New York,North River Wastewater Treatment Plant Cogeneration and Electrification,1712.0,149.0,2020-01-01T00:00:00.000,134242052.88,423,2023-01-04T00:00:00.000,Wastewater Treatment,Construction
,Central Park Light Infrastructure,1535.0,,2021-03-01T00:00:00.000,-3323649.6,586,,"Parks, Streets and Roadways",
,"GI-OWLS HEAD TRIBUTARY DRAINAGE AREAS, BROOKLYN",396.0,215.0,2022-09-01T00:00:00.000,24278000.0,1200,2027-07-02T00:00:00.000,Streets and Roadways,Design
Queens,Power Distribution at Bowery Bay WWTP,1684.0,0.0,2021-07-01T00:00:00.000,24235381.01,522,2023-01-27T00:00:00.000,Wastewater Treatment,Construction
,150Th St Spine Phase 1 Storm Sewer At Bergen Basin,753.0,126.0,2021-12-01T00:00:00.000,101452000.0,791,2025-11-03T00:00:00.000,Sewers,Design
,East River Esplanade Stabilization and Reconstruction Phase 2,156.0,,2021-12-01T00:00:00.000,0.0,1082,2024-09-23T00:00:00.000,Parks,Design
,Woodhaven Blvd SBS Phase B,15.0,0.0,2022-04-01T00:00:00.000,-20000.0,1210,2028-10-14T00:00:00.000,Streets and Roadways,Design
,Douglaston New Facility,244.0,,2021-03-01T00:00:00.000,5348000.0,960,,Libraries,
Citywide,Revenue Cycle Implementation,1279.0,0.0,2021-07-01T00:00:00.000,0.0,723,2022-12-31T00:00:00.000,"Health and Hospitals, IT",IT
Brooklyn,Brooklyn Supreme Court Fire Alarm System Upgrade,1533.0,105.0,2023-01-01T00:00:00.000,47003000.0,510,2027-01-12T00:00:00.000,Public Safety and Criminal Justice,Design
Bronx,East 180th Street over Metro North Railroad (Harrison Line),664.0,-27.0,2021-12-01T00:00:00.000,4194366.0,811,2023-09-29T00:00:00.000,Bridges,Construction
,"Combined Sewer And Wm Work In 71 Street, Queens",1889.0,1094.0,2019-05-01T00:00:00.000,27172000.0,789,2023-08-29T00:00:00.000,Sewers,Design
,RED HOOK INTEGRATED FLOOD PROTECTION SYSTEM,1172.0,397.0,2023-01-01T00:00:00.000,86623000.0,985,2027-05-01T00:00:00.000,Public Safety and Criminal Justice,Design
Bronx,East 174th Street over Sheridan Expressway - Amtrak,1431.0,,2021-03-01T00:00:00.000,5146882.0,701,,Bridges,
,FUEL TANK & SUMP REPLACEMENTS - BRONX,663.0,,2020-10-01T00:00:00.000,-1834000.0,901,,Industrial Development,
Brooklyn,Dumbo and Vinegar Hill Area Roadway Reconstruction and Renovation,3253.0,0.0,2019-05-01T00:00:00.000,96724000.0,193,2024-06-04T00:00:00.000,Streets and Roadways,Construction
Brooklyn,Brooklyn Civil Court move to 210 Joralemon St,1977.0,181.0,2020-10-01T00:00:00.000,200931011.96,509,2024-08-01T00:00:00.000,Public Safety and Criminal Justice,Construction Procurement
,"GRAND CONCOURSE, PHASE 5",729.0,,2021-03-01T00:00:00.000,26673000.0,1013,,Streets and Roadways,
,Brooklyn Public School 730 New Construction,730.0,0.0,2019-05-01T00:00:00.000,6379885.0,876,2021-09-03T00:00:00.000,Schools,Construction
Manhattan,2nd Avenue Watermain Trunk Construction,2113.0,0.0,2014-05-01T00:00:00.000,-7266000.0,388,2017-10-13T00:00:00.000,Water Supply,Design
Bronx,Grand Concourse Metro North Railroad Bridge Construction,836.0,0.0,2015-02-01T00:00:00.000,22682117.0,120,2020-05-09T00:00:00.000,Bridges,Design
Upstate,"Gilboa Dam Reconstruction, Phase III",1113.0,101.0,2020-05-01T00:00:00.000,10376533.49,405,2021-10-18T00:00:00.000,Water Supply,Construction
,I.S. 653 - BROOKLYN,0.0,,2022-09-01T00:00:00.000,0.0,1314,2025-09-03T00:00:00.000,Schools,Construction
Manhattan,Carl Schurz Park Promenade over FDR (East 81st to 90th Streets),1571.0,0.0,2019-05-01T00:00:00.000,-197139579.0,537,2025-10-31T00:00:00.000,Bridges,Design
Marlboro,Rondout-West Branch Bypass Tunnel Construction Project 2,256.0,463.0,2015-08-01T00:00:00.000,202552329.25,409,2025-12-05T00:00:00.000,Water Supply,Construction
Citywide,The Reconstruction of The Lower Catskill Aqueduct,1421.0,243.0,2021-12-01T00:00:00.000,-65760729.0,667,2027-11-27T00:00:00.000,Water Supply,Design
,P.S./I.S. @ 3761 10TH AVENUE - Manhattan,0.0,0.0,2022-04-01T00:00:00.000,9539089.0,1222,2024-09-03T00:00:00.000,Schools,Design
,Coney Island Beach Operations HQ at West 25th Street,134.0,0.0,2022-09-01T00:00:00.000,370000.0,1193,2027-03-23T00:00:00.000,Other Government Facilities,Design
,TRENCH RESTORATION BROOKLYN,1467.0,,2020-01-01T00:00:00.000,6536000.0,855,,Industrial Development,
Queens,"STM & SAN SWR, WILLET PT BLVD WHITESTONE AREA, PH2",642.0,,2020-05-01T00:00:00.000,41243000.0,651,,Sewers,
,Studio Museum in Harlem New Building,856.0,0.0,2021-07-01T00:00:00.000,-190000.0,896,2022-11-25T00:00:00.000,Arts and Culture,Construction
Manhattan,West 79th Street over Amtrak and Rotunda Complex Rehabilitation,604.0,,2021-03-01T00:00:00.000,-51088528.0,801,,"Bridges, Streets and Roadways",
,Shore Road Bridge over Hutchinson River,1477.0,0.0,2019-01-01T00:00:00.000,-19049921.84,541,2025-12-17T00:00:00.000,"Bridges, Streets and Roadways",Design
,4Th Ave. Safety Improvements Phase II-Vision Zero,1106.0,127.0,2019-05-01T00:00:00.000,-11525000.0,833,2021-11-03T00:00:00.000,Streets and Roadways,Construction Procurement
Port Jervis,Reconstruction of the Port Jervis Wastewater Treatment Plant,2445.0,0.0,2019-09-01T00:00:00.000,9428438.55,444,2024-08-03T00:00:00.000,Wastewater Treatment,Design
Brooklyn,Beverly Road over Brighton Subway Line,1864.0,1057.0,2020-05-01T00:00:00.000,1279646.0,709,2028-07-11T00:00:00.000,Bridges,Design
Citywide,Catskill Aqueduct Repair and Rehabilitation,1517.0,327.0,2020-10-01T00:00:00.000,9642889.68,478,2022-06-01T00:00:00.000,Water Supply,Construction
Queens,"STM & SAN SWR, N.B. WHITESTONE EXPWY SERV RD, PH 3",684.0,,2020-05-01T00:00:00.000,15468000.0,652,,Sewers,
,Queens Public School 472  New Construction,0.0,0.0,2022-04-01T00:00:00.000,0.0,1099,2025-09-03T00:00:00.000,Schools,Construction
,New Stapleton Waterfront: Phases 2 and 3,913.0,0.0,2021-03-01T00:00:00.000,100733778.0,962,2026-05-01T00:00:00.000,Industrial Development,Design
Bronx,East 156th Street Bridge over Access to Housing,1720.0,90.0,2020-05-01T00:00:00.000,-363846.0,588,2028-08-01T00:00:00.000,"Bridges, Streets and Roadways",Design
Citywide,Electronic Medical Records Upgrade,2032.0,-11.0,2015-08-01T00:00:00.000,15184947.0,403,2018-12-20T00:00:00.000,"Health and Hospitals, IT",IT
,Battery Park Underpass Emergency Relief Betterments,1197.0,,2020-01-01T00:00:00.000,47923308.0,540,,Bridges,Design
Manhattan,Reconstruction of Power Distribution at Wards Island WWTP,1147.0,0.0,2019-09-01T00:00:00.000,33489860.26,453,2025-01-12T00:00:00.000,Wastewater Treatment,Design
Bronx,Pelham Bay Equestrian Park over Amtrak,1029.0,267.0,2020-10-01T00:00:00.000,137997.0,703,2028-04-03T00:00:00.000,Bridges,Design
Bronx,New 40th Precinct,711.0,0.0,2019-05-01T00:00:00.000,26020000.0,634,2021-06-25T00:00:00.000,Public Safety and Criminal Justice,Construction
Bronx,RECONSTRUCTION OF E 177 STREET/DEVOE AVENUE,1839.0,0.0,2023-01-01T00:00:00.000,25050000.0,623,2026-08-27T00:00:00.000,"Industrial Development, Streets and Roadways",Design
,Storm Sanitary Sewer Repl Springfield Gardens,1097.0,,2020-10-01T00:00:00.000,35414000.0,790,,Sewers,
,Boston Road Bridge Over Hutchinson River Rehabilitation,803.0,0.0,2020-01-01T00:00:00.000,49309814.0,539,2024-05-14T00:00:00.000,"Bridges, Streets and Roadways",Design
,Storm Sanitary Sewer Repl Springfield Gardens,1097.0,115.0,2019-01-01T00:00:00.000,35414000.0,790,2025-01-06T00:00:00.000,Sewers,Design
Queens,49th Avenue Bridge Replacement,1449.0,95.0,2018-03-01T00:00:00.000,32902419.0,131,2023-05-08T00:00:00.000,"Bridges, Streets and Roadways",Design
Manhattan,"West 59th Street Marine Transfer Station Construction, Phase 2",1949.0,,2020-01-01T00:00:00.000,126753576.46,347,,Sanitation,
Staten Island,Oakwood Beach WWTP Sludge Thickening Improvements,3241.0,0.0,2019-01-01T00:00:00.000,57138101.3,449,2023-11-17T00:00:00.000,Wastewater Treatment,Design
Citywide,Emergency Communications Transformation Program (ECTP) Upgrades and Enhancements,2252.0,0.0,2014-05-01T00:00:00.000,73735148.87,267,2017-12-31T00:00:00.000,IT,IT
"Bronx, Manhattan",Broadway Bridge over Harlem River Replacement,2797.0,1521.0,2021-07-01T00:00:00.000,39724388.0,106,2027-04-02T00:00:00.000,Bridges,Construction
Brooklyn,Dumbo and Vinegar Hill Area Roadway Reconstruction and Renovation,3253.0,137.0,2014-01-01T00:00:00.000,96724000.0,193,2015-11-23T00:00:00.000,Streets and Roadways,Design
Bronx,Concourse Village Avenue over Metro North,1865.0,0.0,2019-01-01T00:00:00.000,-186092.37,587,2024-08-20T00:00:00.000,Bridges,Design
Citywide,Electronic Medical Records Upgrade,2032.0,0.0,2023-01-01T00:00:00.000,15184947.0,403,2023-12-31T00:00:00.000,"Health and Hospitals, IT",IT
Bronx,East 156th Street Bridge over Access to Housing,1720.0,0.0,2017-09-01T00:00:00.000,-363846.0,588,2024-09-05T00:00:00.000,"Bridges, Streets and Roadways",Design
,Sewer When & Where Contract In S.E. Queens,1834.0,,2021-03-01T00:00:00.000,7404000.0,793,,Sewers,
,RECONSTRUCTION OF QUEENS BLVD - PHASE 3,0.0,,2021-07-01T00:00:00.000,0.0,1152,,Streets and Roadways,Design
Upstate,"Gilboa Dam Reconstruction, Phase IV",1684.0,84.0,2021-03-01T00:00:00.000,33535991.2,406,2022-02-16T00:00:00.000,Water Supply,Construction
New York,North River Wastewater Treatment Plant Cogeneration and Electrification,1712.0,1.0,2021-12-01T00:00:00.000,134242052.88,423,2023-03-03T00:00:00.000,Wastewater Treatment,Construction
Manhattan,2nd Avenue Watermain Trunk Construction,2113.0,0.0,2019-05-01T00:00:00.000,-7266000.0,388,2021-06-02T00:00:00.000,Water Supply,Construction
Bronx,Pelham Parkway Bridge Reconstruction over Hutchinson Parkway,1934.0,110.0,2020-05-01T00:00:00.000,10338071.57,506,2027-06-21T00:00:00.000,"Bridges, Streets and Roadways",Design
Manhattan,253 Broadway Landmark's Space Renovations,1696.0,,2020-10-01T00:00:00.000,35010000.0,639,,Other Government Facilities,
,Manhattan Greenway: East Midtown,487.0,,2018-08-01T00:00:00.000,24840000.0,859,2022-08-31T00:00:00.000,Parks,Design
,"Combined Sewer In 70Th Street, Queens",1155.0,0.0,2019-09-01T00:00:00.000,94201000.0,788,2023-08-10T00:00:00.000,Sewers,Construction
Upstate,Reconstruction of the Ashokan Headworks,-67.0,-1519.0,2021-12-01T00:00:00.000,41950858.0,834,2027-10-24T00:00:00.000,Water Supply,Design
,Reconstruct Main Sewage Pump Controls at Port Richmond WWTP,516.0,71.0,2020-10-01T00:00:00.000,26923720.62,948,2025-11-25T00:00:00.000,Wastewater Treatment,Design
,Reconstruction Of Trinity Pl,730.0,,2021-03-01T00:00:00.000,13224000.0,755,,Streets and Roadways,
Brooklyn,"Coney Island Area, Phase 3A",1215.0,,2020-10-01T00:00:00.000,25273000.0,516,,Industrial Development,
"Bronx, Manhattan",Broadway Bridge over Harlem River Replacement,2797.0,,2013-09-01T00:00:00.000,39724388.0,106,2019-08-05T00:00:00.000,Bridges,Design
,"NEW 48"" TRUNK WATER MAIN IN E 233 STREET",1796.0,,2021-03-01T00:00:00.000,1077000.0,998,,Water Supply,
,SOUTHEAST QUEENS PRIORITY GRIDS - GROUP 2,1630.0,-366.0,2021-12-01T00:00:00.000,14480000.0,847,2028-02-29T00:00:00.000,Streets and Roadways,Design
Queens,Rehab Of Queens District 11/13 Sanitation Garage,1521.0,201.0,2023-01-01T00:00:00.000,36221000.0,770,2026-12-30T00:00:00.000,Sanitation,Design
,"Grand Concourse Reconstruction, Phase 4 (Great Streets)",1448.0,,2020-10-01T00:00:00.000,57634000.0,476,,Streets and Roadways,
,"RECONST. OF COLUMBIA ST., PH II/BED-768B/SEK002321",972.0,365.0,2021-07-01T00:00:00.000,6730000.0,845,2025-07-14T00:00:00.000,Streets and Roadways,Design
Queens,"STM & SAN SWR, N.B. WHITESTONE EXPWY SERV RD, PH 3",684.0,0.0,2022-09-01T00:00:00.000,15468000.0,652,2024-08-21T00:00:00.000,Sewers,Construction
,Sewer When & Where Contract In S.E. Queens,1834.0,122.0,2022-04-01T00:00:00.000,7404000.0,793,2025-08-22T00:00:00.000,Sewers,Design
Upstate,"Gilboa Dam Reconstruction, Phase IV",1684.0,90.0,2022-09-01T00:00:00.000,33535991.2,406,2022-11-27T00:00:00.000,Water Supply,Construction
Marlboro,Rondout-West Branch Bypass Tunnel Construction Project 2,256.0,0.0,2019-09-01T00:00:00.000,202552329.25,409,2025-12-06T00:00:00.000,Water Supply,Construction
Upstate,"Gilboa Dam Reconstruction, Phase IV",1684.0,120.0,2023-01-01T00:00:00.000,33535991.2,406,2023-03-27T00:00:00.000,Water Supply,Construction
Queens,20th Avenue Storm and Sanitary Sewer Construction,2180.0,80.0,2015-08-01T00:00:00.000,117177000.0,432,2018-04-02T00:00:00.000,Sewers,Construction Procurement
Queens,Metropolitan Avenue Bridge over CSX Transport,2027.0,0.0,2021-12-01T00:00:00.000,4699394.0,556,2028-12-29T00:00:00.000,"Bridges, Streets and Roadways",Design
Bronx,Replacement of The Digester at The Hunts Point WWTP,1355.0,87.0,2022-04-01T00:00:00.000,72852004.14,580,2026-04-04T00:00:00.000,Wastewater Treatment,Construction
,Supreme Courthouse Fire Alarm/ Protection Upgrade,1319.0,,2020-05-01T00:00:00.000,37248610.0,837,,Public Safety and Criminal Justice,
Citywide,Revenue Cycle Implementation,1279.0,,2018-03-01T00:00:00.000,0.0,723,2020-06-30T00:00:00.000,"Health and Hospitals, IT",IT
,HILL DR (TERRACE BR) OVER PROSPECT PARK LAKE BIN 2244120,636.0,163.0,2021-12-01T00:00:00.000,-785268.0,1073,2028-05-25T00:00:00.000,Bridges,Design
,4Th Ave. Safety Improvements Phase II-Vision Zero,1106.0,,2020-10-01T00:00:00.000,-11525000.0,833,,Streets and Roadways,
,Rego Park New Facility,474.0,0.0,2022-04-01T00:00:00.000,535000.0,1145,2026-03-07T00:00:00.000,Other Government Facilities,Design
Queens,RECONSTRUCTION OF QUEENS BLVD - PHASE 1,1906.0,187.0,2019-05-01T00:00:00.000,176245000.0,618,2025-06-03T00:00:00.000,Industrial Development,Design
Brooklyn,Sunset Park Infrastructure,1290.0,182.0,2018-08-01T00:00:00.000,31633941.69,574,2021-11-28T00:00:00.000,Industrial Development,Design
,"Reconstruction Of Arthur Kill Road, Phase I",1415.0,-488.0,2019-05-01T00:00:00.000,22503000.0,741,2023-10-31T00:00:00.000,Streets and Roadways,Design
Queens,Edgewood Triangle Roadway Reconstruction,3597.0,304.0,2016-11-01T00:00:00.000,106503000.0,204,2020-07-25T00:00:00.000,Streets and Roadways,Design
,New 116Th Pct,727.0,0.0,2021-12-01T00:00:00.000,33852900.86,762,2023-12-30T00:00:00.000,Public Safety and Criminal Justice,Construction
Bronx,"Pelham Parkway Roadway Reconstruction, Phase 2",2869.0,10.0,2019-05-01T00:00:00.000,125164000.0,180,2023-03-31T00:00:00.000,Streets and Roadways,Construction
Bronx,East 174th Street over Sheridan Expressway - Amtrak,1431.0,67.0,2023-01-01T00:00:00.000,5146882.0,701,2029-12-17T00:00:00.000,Bridges,Design
,New York State Pavilion Observation Towers Reconstruction,772.0,,2020-01-01T00:00:00.000,1000.0,1018,2021-04-20T00:00:00.000,Parks,Construction
Manhattan,West 79th Street over Amtrak and Rotunda Complex Rehabilitation,604.0,177.0,2019-01-01T00:00:00.000,-51088528.0,801,2024-04-16T00:00:00.000,"Bridges, Streets and Roadways",Design
,Cunningham Park Garage Reconstruction,703.0,,2020-05-01T00:00:00.000,0.0,1019,2023-02-24T00:00:00.000,Parks,Design
Queens,RECONSTRUCTION OF QUEENS BLVD - PHASE 1,1906.0,,2020-10-01T00:00:00.000,176245000.0,618,,Industrial Development,
,CITYWIDE RESILENCY MEASURES-Lower Manhattan Two Bridges,161.0,133.0,2022-04-01T00:00:00.000,34901000.0,1187,2026-09-24T00:00:00.000,Streets and Roadways,Construction Procurement
,Far Rockaway New Facility,-78.0,118.0,2023-01-01T00:00:00.000,-623757.91,730,2023-05-30T00:00:00.000,Other Government Facilities,Construction
Bronx,East 156th Street Bridge over Access to Housing,1720.0,-601.0,2021-07-01T00:00:00.000,-363846.0,588,2027-09-07T00:00:00.000,"Bridges, Streets and Roadways",Design
,Shore Road Bridge over Hutchinson River,1477.0,0.0,2021-12-01T00:00:00.000,-19049921.84,541,2029-03-31T00:00:00.000,"Bridges, Streets and Roadways",Design
,FUEL TANK & SUMP REPLACEMENTS - MANHATTAN/S.I.,663.0,,2020-05-01T00:00:00.000,-1754000.0,900,,Industrial Development,
Citywide,Electronic Medical Records Upgrade,2032.0,0.0,2016-11-01T00:00:00.000,15184947.0,403,2018-12-07T00:00:00.000,"Health and Hospitals, IT",IT
,"Fort Greene Park Entrances, Paths, Plaza and Drainage Infrastructure Reconstruction",417.0,,2022-04-01T00:00:00.000,0.0,1218,2024-11-23T00:00:00.000,Parks,Design
,Brooklyn P.S. at 4302 4TH AVE,365.0,0.0,2022-09-01T00:00:00.000,-221356.0,949,2023-09-03T00:00:00.000,Schools,Construction
,"SAN & STRM SEWER, WM IN CONEY ISLAND AREA, PH 4",1431.0,366.0,2023-01-01T00:00:00.000,1984000.0,1009,2028-07-10T00:00:00.000,Sewers,Design
,New York State Pavilion Observation Towers Reconstruction,772.0,0.0,2023-01-01T00:00:00.000,1000.0,1018,2023-06-01T00:00:00.000,Parks,Construction
,Coastal Resiliency Area 1 - East 23Rd St. To Montg,836.0,-761.0,2019-01-01T00:00:00.000,-418193636.37,773,2023-03-31T00:00:00.000,"Industrial Development, Parks",Design
Queens,"STM & SAN SWR, WILLET PT BLVD WHITESTONE AREA, PH2",642.0,0.0,2022-04-01T00:00:00.000,41243000.0,651,2022-09-15T00:00:00.000,Sewers,Construction
,SOUTH BROOKLYN CROSSTOWN SBS,819.0,,2021-03-01T00:00:00.000,29789000.0,843,,Industrial Development,
Queens,Dutch Kills and Lower Newtown Creek Enhanced Aeration Work,1891.0,0.0,2020-01-01T00:00:00.000,-4338327.57,313,2024-01-14T00:00:00.000,Wastewater Treatment,Design
Queens,49th Avenue Bridge Replacement,1449.0,173.0,2019-05-01T00:00:00.000,32902419.0,131,2024-07-13T00:00:00.000,"Bridges, Streets and Roadways",Design
Queens,Roosevelt Avenue Bridge Superstructure and Substructure Repairs,2003.0,-20.0,2017-04-01T00:00:00.000,23798213.0,101,2019-05-07T00:00:00.000,Bridges,Construction
,Comprehensive Renovation and Expansion,428.0,238.0,2022-09-01T00:00:00.000,-15454000.0,1182,2026-09-07T00:00:00.000,Other Government Facilities,Design
,Hansborough Recreation Center Reconstruction,186.0,,2021-12-01T00:00:00.000,-4700000.0,1090,,Parks,Design
Queens,Roosevelt Avenue Bridge Superstructure and Substructure Repairs,2003.0,0.0,2023-01-01T00:00:00.000,23798213.0,101,2023-08-07T00:00:00.000,Bridges,Construction
,Bush Terminal Development Site Preparation,517.0,182.0,2021-12-01T00:00:00.000,0.0,1086,2024-06-30T00:00:00.000,Industrial Development,Design
,Nuyorican Poets Cafe Renovation,128.0,,2021-12-01T00:00:00.000,480000.0,1247,2025-10-20T00:00:00.000,Other Government Facilities,Design
Brooklyn,Brooklyn Supreme Court Fire Alarm System Upgrade,1533.0,,2020-01-01T00:00:00.000,47003000.0,510,,Public Safety and Criminal Justice,
,150Th St Spine Phase 1 Storm Sewer At Bergen Basin,753.0,319.0,2021-07-01T00:00:00.000,101452000.0,791,2025-06-30T00:00:00.000,Sewers,Design
City of Yonkers,Hillview Reservoir Flow Control Improvements,254.0,154.0,2021-12-01T00:00:00.000,-11397050.18,670,2032-06-05T00:00:00.000,Water Supply,Design
Port Jervis,Reconstruction of the Port Jervis Wastewater Treatment Plant,2445.0,238.0,2017-09-01T00:00:00.000,9428438.55,444,2021-11-19T00:00:00.000,Wastewater Treatment,Construction Procurement
,BROAD CHANNEL BULKHEADS - PH II,-74.0,,2020-01-01T00:00:00.000,61781000.0,617,,Industrial Development,
,Accessible Pedestrian Signals,,,2023-01-01T00:00:00.000,-3567000.0,1317,,Streets and Roadways,Construction Procurement
Queens,20th Avenue Storm and Sanitary Sewer Construction,2180.0,720.0,2021-07-01T00:00:00.000,117177000.0,432,2023-06-19T00:00:00.000,Sewers,Construction
,Coney Island Beach Operations HQ at West 25th Street,134.0,,2021-07-01T00:00:00.000,370000.0,1193,2026-12-04T00:00:00.000,Other Government Facilities,Design
Bronx,Westchester Avenue Bridge over Hutch River Parkway Rehabilitation,1592.0,-305.0,2015-02-01T00:00:00.000,20945057.0,112,2019-07-01T00:00:00.000,"Bridges, Streets and Roadways",Design
,"Grand Concourse Reconstruction, Phase 4 (Great Streets)",1448.0,1361.0,2018-03-01T00:00:00.000,57634000.0,476,2023-08-14T00:00:00.000,Streets and Roadways,Design
,Studio Museum in Harlem New Building,856.0,583.0,2021-12-01T00:00:00.000,-190000.0,896,2024-06-30T00:00:00.000,Arts and Culture,Construction
Marlboro,Rondout-West Branch Bypass Tunnel Construction Project 2,256.0,120.0,2015-02-01T00:00:00.000,202552329.25,409,2024-08-29T00:00:00.000,Water Supply,Design
,GATEWAY ESTATE - PHASE E/BED-805,584.0,457.0,2022-04-01T00:00:00.000,38077000.0,1201,2023-09-30T00:00:00.000,Streets and Roadways,Construction
Queens,RECONSTRUCTION OF QUEENS BLVD - PHASE 1,1906.0,673.0,2021-07-01T00:00:00.000,176245000.0,618,2028-03-04T00:00:00.000,Industrial Development,Design
,Hansborough Recreation Center Reconstruction,186.0,0.0,2023-01-01T00:00:00.000,-4700000.0,1090,2025-08-27T00:00:00.000,Parks,Construction Procurement
,Headworks Improvements at Tallman Island,586.0,61.0,2019-05-01T00:00:00.000,19975649.96,906,2025-03-07T00:00:00.000,Industrial Development,Design
,Manhattan Greenway: Harlem River,888.0,76.0,2020-01-01T00:00:00.000,0.0,860,2024-06-30T00:00:00.000,Parks,Design
Brooklyn,Flatbush Avenue Trunk Watermain Replacement,2266.0,659.0,2017-09-01T00:00:00.000,39272000.0,370,2021-04-20T00:00:00.000,Wastewater Treatment,Construction
Queens,Power Distribution at Bowery Bay WWTP,1684.0,219.0,2018-08-01T00:00:00.000,24235381.01,522,2022-03-14T00:00:00.000,Wastewater Treatment,Construction Procurement
,Far Rockaway New Facility,-78.0,138.0,2021-12-01T00:00:00.000,-623757.91,730,2022-05-16T00:00:00.000,Other Government Facilities,Construction
,Storm Mitigation Loan Program at Hunts Point,1091.0,0.0,2021-07-01T00:00:00.000,20080597.79,672,2023-02-17T00:00:00.000,Wastewater Treatment,Construction
Bronx,New 40th Precinct,711.0,,2020-05-01T00:00:00.000,26020000.0,634,,Public Safety and Criminal Justice,
Bronx,New 40th Precinct,711.0,,2020-10-01T00:00:00.000,26020000.0,634,,Public Safety and Criminal Justice,
Staten Island,CONSTRUCTION OF BMPs NC 6 AND 15 - SI,925.0,,2022-04-01T00:00:00.000,1921000.0,631,,Industrial Development,
,Boston Road Bridge Over Hutchinson River Rehabilitation,803.0,72.0,2018-08-01T00:00:00.000,49309814.0,539,2024-05-15T00:00:00.000,"Bridges, Streets and Roadways",Design
,Fort Totten Infrastructure Upgrade,318.0,0.0,2022-04-01T00:00:00.000,100000.0,1154,2025-10-13T00:00:00.000,Other Government Facilities,Design
Queens,20th Avenue Storm and Sanitary Sewer Construction,2180.0,196.0,2015-02-01T00:00:00.000,117177000.0,432,2018-01-12T00:00:00.000,Sewers,Design
,Park Avenue Tunnel (Murray Hill),1568.0,272.0,2022-09-01T00:00:00.000,-17773389.61,536,2023-05-02T00:00:00.000,Bridges,Construction
,Queensboro Bridge Roadway Replacement over East River,1970.0,,2021-03-01T00:00:00.000,8567339.67,594,,"Bridges, Streets and Roadways",
,New York State Pavilion Observation Towers Reconstruction,772.0,91.0,2020-05-01T00:00:00.000,1000.0,1018,2021-07-20T00:00:00.000,Parks,Construction
Queens,TLC - NEW OFFICE FACILITY - 24-55 BQE WEST,1248.0,,2021-03-01T00:00:00.000,75370000.0,665,,Other Government Facilities,
Bronx,Jerome Reservoir and Aqueduct Rehabilitation,2363.0,132.0,2019-01-01T00:00:00.000,-833277.14,448,2022-04-14T00:00:00.000,Water Supply,Design
Manhattan,Harlem River Drive Ramp Reconstruction (George Washington Bridge),2697.0,293.0,2020-10-01T00:00:00.000,-3711870.0,708,2029-02-05T00:00:00.000,"Bridges, Streets and Roadways",Design
Manhattan,Riverside Drive/West 158th Street Bridge Rehabilitation,2152.0,0.0,2017-04-01T00:00:00.000,96922794.0,113,2021-12-17T00:00:00.000,"Bridges, Streets and Roadways",Design
Manhattan,Carl Schurz Park Promenade over FDR (East 81st to 90th Streets),1571.0,,2020-01-01T00:00:00.000,-197139579.0,537,,Bridges,Design
,Grand Street Bridge over Newtown Creek,1645.0,101.0,2022-04-01T00:00:00.000,160682490.0,534,2030-01-16T00:00:00.000,"Bridges, Streets and Roadways",Design
,"Reconstruction Of Arthur Kill Road, Phase I",1415.0,0.0,2022-04-01T00:00:00.000,22503000.0,741,2025-10-30T00:00:00.000,Streets and Roadways,Design
Queens,Edgewood Triangle Roadway Reconstruction,3597.0,86.0,2023-01-01T00:00:00.000,106503000.0,204,2028-08-15T00:00:00.000,Streets and Roadways,Design
,Brooklyn Public School 322  New Construction,0.0,0.0,2022-09-01T00:00:00.000,0.0,1104,2024-09-03T00:00:00.000,Schools,Construction
,Flushing Meadows Corona Park Aquatic Center Roof Reconstruction,,,2022-09-01T00:00:00.000,0.0,1280,,Parks,Design
Bronx,Jerome Reservoir and Aqueduct Rehabilitation,2363.0,0.0,2021-12-01T00:00:00.000,-833277.14,448,2026-12-29T00:00:00.000,Water Supply,Construction
,"Ped Safety Upgrades on Atlantic Avenue, Phase 2",1400.0,,2020-01-01T00:00:00.000,10136496.0,519,,Streets and Roadways,
,Flushing Meadows Corona Park World's Fair Marina Reconstruction (Hurricane Sandy),708.0,0.0,2021-07-01T00:00:00.000,4947362.68,1031,2024-10-27T00:00:00.000,Parks,Design
,Central Park Light Infrastructure,1535.0,,2020-01-01T00:00:00.000,-3323649.6,586,,"Parks, Streets and Roadways",Construction
,HILL DR (TERRACE BR) OVER PROSPECT PARK LAKE BIN 2244120,636.0,88.0,2023-01-01T00:00:00.000,-785268.0,1073,2029-03-04T00:00:00.000,Bridges,Design
Brooklyn,Bergen Avenue Street Reconstruction,-388.0,153.0,2017-09-01T00:00:00.000,45837000.0,170,2027-07-15T00:00:00.000,Streets and Roadways,Design
Queens,Roosevelt Avenue Bridge Superstructure and Substructure Repairs,2003.0,301.0,2014-01-01T00:00:00.000,23798213.0,101,2018-12-09T00:00:00.000,Bridges,Design
Brooklyn,Flatbush Avenue Trunk Watermain Replacement,2266.0,0.0,2016-06-01T00:00:00.000,39272000.0,370,2019-06-01T00:00:00.000,Wastewater Treatment,Design
,New Stapleton Waterfront: Phases 2 and 3,913.0,,2019-09-01T00:00:00.000,100733778.0,962,2024-11-01T00:00:00.000,Industrial Development,Design
Queens,TLC - NEW OFFICE FACILITY - 24-55 BQE WEST,1248.0,21.0,2019-09-01T00:00:00.000,75370000.0,665,2024-02-18T00:00:00.000,Other Government Facilities,Construction Procurement
,NYPD Firearms and Tactics Facility,328.0,112.0,2022-09-01T00:00:00.000,3365000.0,1194,2027-06-08T00:00:00.000,Other Government Facilities,Design
,"Reconstruction Of Arthur Kill Road, Phase I",1415.0,,2020-01-01T00:00:00.000,22503000.0,741,,Streets and Roadways,
,253 Broadway NYC. Fire Alarm Raplacement,1553.0,,2020-10-01T00:00:00.000,17827000.0,850,,Other Government Facilities,
,Croton Above Ground Structure And Landscaping,897.0,161.0,2021-12-01T00:00:00.000,75117000.0,747,2023-02-01T00:00:00.000,Industrial Development,Construction
,FUEL TANK & SUMP REPLACEMENTS - MANHATTAN/S.I.,663.0,552.0,2021-07-01T00:00:00.000,-1754000.0,900,2025-01-02T00:00:00.000,Industrial Development,Design
,Central Park Light Infrastructure,1535.0,,2019-09-01T00:00:00.000,-3323649.6,586,,"Parks, Streets and Roadways",Construction
Staten Island,CONSTRUCTION OF BMPs NC 6 AND 15 - SI,925.0,,2017-09-01T00:00:00.000,1921000.0,631,2021-11-27T00:00:00.000,Industrial Development,Design
,"NEW 48"" TRUNK WATER MAIN IN E 233 STREET",1796.0,0.0,2023-01-01T00:00:00.000,1077000.0,998,2027-02-10T00:00:00.000,Water Supply,Design
Upstate,"Gilboa Dam Reconstruction, Phase IV",1684.0,139.0,2016-06-01T00:00:00.000,33535991.2,406,2020-12-25T00:00:00.000,Water Supply,Design
,Reconstruction Of Trinity Pl,730.0,-164.0,2019-01-01T00:00:00.000,13224000.0,755,2024-01-17T00:00:00.000,Streets and Roadways,Design
,FUEL TANK REPLACEMENT - 71,548.0,,2020-05-01T00:00:00.000,3444000.0,935,,Industrial Development,
,NYPD Firearms and Tactics Facility,328.0,77.0,2021-12-01T00:00:00.000,3365000.0,1194,2027-02-09T00:00:00.000,Other Government Facilities,Design
Port Jervis,Reconstruction of the Port Jervis Wastewater Treatment Plant,2445.0,0.0,2022-09-01T00:00:00.000,9428438.55,444,2026-10-04T00:00:00.000,Wastewater Treatment,Design
Queens,Roosevelt Avenue Bridge Superstructure and Substructure Repairs,2003.0,20.0,2017-09-01T00:00:00.000,23798213.0,101,2019-05-27T00:00:00.000,Bridges,Construction
Bronx,Bainbridge Avenue Trunk Water Main,1687.0,,2020-05-01T00:00:00.000,25547000.0,454,,Water Supply,
New York,North River Wastewater Treatment Plant Cogeneration and Electrification,1712.0,-45.0,2016-06-01T00:00:00.000,134242052.88,423,2020-12-12T00:00:00.000,Wastewater Treatment,Design
,"RECONSTRUCTION OF FRONT STREET, MANHATTAN",484.0,,2021-03-01T00:00:00.000,6153000.0,1012,,Streets and Roadways,
,"WESTBOURNE - DUNBAR ROADWAYS/BULKHEADS, QNS",1840.0,,2019-09-01T00:00:00.000,47223000.0,981,2024-09-12T00:00:00.000,Streets and Roadways,Design
,Williamsburg Bridge Miscellaneous Repairs and Painting,362.0,0.0,2019-05-01T00:00:00.000,52784947.0,599,2024-12-06T00:00:00.000,Bridges,Design
,"Grand Concourse Reconstruction, Phase 4 (Great Streets)",1448.0,92.0,2018-08-01T00:00:00.000,57634000.0,476,2023-11-14T00:00:00.000,Streets and Roadways,Design
,"FDR Rehabilitation, Northbound (East 42nd to 49th Streets)",1816.0,-165.0,2021-07-01T00:00:00.000,-2802822.0,502,2029-01-13T00:00:00.000,Bridges,Design
,Alley Pond Environmental Center Reconstruction,556.0,0.0,2022-04-01T00:00:00.000,1641000.0,1017,2022-07-29T00:00:00.000,Parks,Construction
,Reconstruction Of Trinity Pl,730.0,620.0,2021-07-01T00:00:00.000,13224000.0,755,2025-09-28T00:00:00.000,Streets and Roadways,Design
Upstate,"Gilboa Dam Reconstruction, Phase III",1113.0,104.0,2022-09-01T00:00:00.000,10376533.49,405,2023-03-26T00:00:00.000,Water Supply,Construction
,"Grand Concourse Reconstruction, Phase 4 (Great Streets)",1448.0,28.0,2019-09-01T00:00:00.000,57634000.0,476,2022-09-28T00:00:00.000,Streets and Roadways,Construction
,Reconstruction at 108 Street Pumping Station,666.0,,2021-12-01T00:00:00.000,129214.0,1215,2024-02-28T00:00:00.000,Wastewater Treatment,Construction
Manhattan,West 35th Street over Amtrak,2846.0,85.0,2020-10-01T00:00:00.000,-621966.0,696,2027-07-09T00:00:00.000,Bridges,Design
,Boston Road Bridge Over Hutchinson River Rehabilitation,803.0,25.0,2021-07-01T00:00:00.000,49309814.0,539,2025-02-18T00:00:00.000,"Bridges, Streets and Roadways",Design
Queens,Dutch Kills and Lower Newtown Creek Enhanced Aeration Work,1891.0,0.0,2015-02-01T00:00:00.000,-4338327.57,313,2019-04-14T00:00:00.000,Wastewater Treatment,Design
,"Design Build of ROW Green Infrastructure Precast Porous Concrete Panels: Stages 1,2 & 3 of PHASE 4 OF THE OH-015 GRAVESEND BAY CSO TRIBUTARY AREA",,,2022-04-01T00:00:00.000,11320000.0,1232,,Streets and Roadways,
,Union Turnpike over Cross Island Parkway,834.0,255.0,2020-10-01T00:00:00.000,3378281.0,932,2028-03-02T00:00:00.000,Bridges,Design
,WOODHAVEN BLVD QUEENS BLVD BIN# 2248159,932.0,106.0,2023-01-01T00:00:00.000,2052000.0,1128,2028-01-24T00:00:00.000,Bridges,Design
,P.S. 138 - BRONX Addition,0.0,0.0,2022-09-01T00:00:00.000,0.0,1220,2024-09-03T00:00:00.000,Schools,Construction
,"WATERMAIN REPLACEMENT IN ORIENTAL BLVD, BROOKLYN",443.0,386.0,2022-09-01T00:00:00.000,3715000.0,1165,2024-09-17T00:00:00.000,Streets and Roadways,Construction
,Next Generation Data Platform Re-Architecture,304.0,-427.0,2022-04-01T00:00:00.000,0.4,1224,2023-04-30T00:00:00.000,IT,IT
Brooklyn,"Coney Island Area, Phase 3A",1215.0,,2021-03-01T00:00:00.000,25273000.0,516,,Industrial Development,
,Design and Construction of Borden Ave PS Force Main.,,,2023-01-01T00:00:00.000,,1366,2028-06-07T00:00:00.000,Streets and Roadways,Design
,Reconstruct Main Sewage Pump Controls at Port Richmond WWTP,516.0,62.0,2021-07-01T00:00:00.000,26923720.62,948,2026-04-26T00:00:00.000,Wastewater Treatment,Design
Manhattan,"West 59th Street Marine Transfer Station Construction, Phase 2",1949.0,0.0,2014-01-01T00:00:00.000,126753576.46,347,2018-01-28T00:00:00.000,Sanitation,Construction Procurement
,Michaelis-Bayswater Park Reconstruction,280.0,,2020-05-01T00:00:00.000,4849393.61,1032,,Parks,Design
Bronx,"Pelham Parkway Roadway Reconstruction, Phase 2",2869.0,1141.0,2017-09-01T00:00:00.000,125164000.0,180,2021-07-31T00:00:00.000,Streets and Roadways,Construction
Queens,Edgewood Triangle Roadway Reconstruction,3597.0,0.0,2014-01-01T00:00:00.000,106503000.0,204,2018-10-10T00:00:00.000,Streets and Roadways,Design
Brooklyn,Bergen Avenue Street Reconstruction,-388.0,-2541.0,2018-03-01T00:00:00.000,45837000.0,170,2020-07-30T00:00:00.000,Streets and Roadways,Construction Procurement
Upstate,"Gilboa Dam Reconstruction, Phase III",1113.0,-22.0,2015-08-01T00:00:00.000,10376533.49,405,2020-06-28T00:00:00.000,Water Supply,Construction
Brooklyn,Brooklyn Sanitation Garage Construction: Community District 3,790.0,731.0,2021-12-01T00:00:00.000,25603365.0,560,2024-12-31T00:00:00.000,Sanitation,Construction
,Union Turnpike over Cross Island Parkway,834.0,0.0,2022-09-01T00:00:00.000,3378281.0,932,2028-12-02T00:00:00.000,Bridges,Design
,SEELY STREET OVER PROSPECT AVENUE  BIN: 2244470,253.0,,2021-07-01T00:00:00.000,0.0,1119,2028-03-06T00:00:00.000,Bridges,Design
,FUEL TANK & SUMP REPLACEMENTS - MANHATTAN/S.I.,663.0,178.0,2021-12-01T00:00:00.000,-1754000.0,900,2025-06-29T00:00:00.000,Industrial Development,Design
,"NEW 48"" TRUNK WATER MAIN IN E 233 STREET",1796.0,0.0,2022-04-01T00:00:00.000,1077000.0,998,2025-02-24T00:00:00.000,Water Supply,Design
Bronx,Westchester Avenue Bridge over Hutch River Parkway Rehabilitation,1592.0,313.0,2020-10-01T00:00:00.000,20945057.0,112,2022-07-23T00:00:00.000,"Bridges, Streets and Roadways",Construction
,TRAVIS AVENUE WIDENING,1029.0,1029.0,2022-04-01T00:00:00.000,50000.0,1240,2027-10-22T00:00:00.000,Streets and Roadways,Design
,Queens PS 206  New Construction,365.0,0.0,2022-09-01T00:00:00.000,2268625.0,970,2023-09-03T00:00:00.000,Schools,Construction
Queens,Dutch Kills and Lower Newtown Creek Enhanced Aeration Work,1891.0,133.0,2022-04-01T00:00:00.000,-4338327.57,313,2025-08-01T00:00:00.000,Wastewater Treatment,Construction Procurement
,Queens Public School 169 Addition,366.0,0.0,2022-09-01T00:00:00.000,5307201.0,1028,2024-09-03T00:00:00.000,Schools,Construction
,Supreme Courthouse Fire Alarm/ Protection Upgrade,1319.0,0.0,2023-01-01T00:00:00.000,37248610.0,837,2027-05-17T00:00:00.000,Public Safety and Criminal Justice,Design
,New Ferry Boat Construction,549.0,349.0,2017-09-01T00:00:00.000,-238419180.0,94,2021-02-28T00:00:00.000,Ferries,Construction
,Sewer When & Where Seq,1377.0,,2021-03-01T00:00:00.000,3200000.0,794,,Sewers,
,Boston Road Bridge Over Hutchinson River Rehabilitation,803.0,71.0,2019-05-01T00:00:00.000,49309814.0,539,2024-05-14T00:00:00.000,"Bridges, Streets and Roadways",Design
Bronx,Grand Concourse Metro North Railroad Bridge Construction,836.0,0.0,2022-09-01T00:00:00.000,22682117.0,120,2023-01-16T00:00:00.000,Bridges,Construction
Staten Island,Staten Island 1 & 3 Garage Construction & Rehab,406.0,,2020-01-01T00:00:00.000,68555000.0,769,,Sanitation,
,EASTERN PARKWAY LIBRARY MAJOR RENOVATIONS,389.0,154.0,2022-09-01T00:00:00.000,493000.0,1191,2026-01-01T00:00:00.000,Other Government Facilities,Design
,BROWNSVILLE LIBRARY MAJOR RENOVATIONS,916.0,0.0,2022-09-01T00:00:00.000,6752000.0,977,2026-12-19T00:00:00.000,Libraries,Design
,TRENCH RESTORATION BROOKLYN,1467.0,120.0,2021-12-01T00:00:00.000,6536000.0,855,2024-12-11T00:00:00.000,Industrial Development,Design
Valhalla,Kensico Eastview Connection Tunnel Construction,3132.0,1112.0,2018-03-01T00:00:00.000,881770648.0,554,2027-10-28T00:00:00.000,Water Supply,Design
Citywide,Catskill Aqueduct Repair and Rehabilitation,1517.0,-336.0,2016-11-01T00:00:00.000,9642889.68,478,2018-03-05T00:00:00.000,Water Supply,Design
,WM REPLMT EAST NEW YORK AVE,913.0,0.0,2022-04-01T00:00:00.000,29337000.0,991,2024-09-09T00:00:00.000,Water Supply,Construction
Queens,RECONSTRUCTION OF QUEENS BLVD - PHASE 2,2315.0,0.0,2018-03-01T00:00:00.000,14201000.0,619,2023-04-12T00:00:00.000,Industrial Development,Design
,Next Generation 911 Program,1558.0,,2020-10-01T00:00:00.000,30123504.48,1035,2024-02-21T00:00:00.000,"IT, Public Safety and Criminal Justice",IT
,"WESTBOURNE - DUNBAR ROADWAYS/BULKHEADS, QNS",1840.0,,2020-05-01T00:00:00.000,47223000.0,981,,Streets and Roadways,
Staten Island,Oakwood Beach WWTP Headworks Improvements,2857.0,-419.0,2018-08-01T00:00:00.000,31867440.0,450,2023-01-08T00:00:00.000,Wastewater Treatment,Design
,Porpoise Bridge In Flushing Meadows-Corona Park,1110.0,,2020-01-01T00:00:00.000,82000.0,749,,Bridges,
,Boston Road Bridge Over Hutchinson River Rehabilitation,803.0,-10.0,2018-03-01T00:00:00.000,49309814.0,539,2024-03-04T00:00:00.000,"Bridges, Streets and Roadways",Design
,"Ped Safety Upgrades on Atlantic Avenue, Phase 2",1400.0,,2020-10-01T00:00:00.000,10136496.0,519,,Streets and Roadways,
,BOMB SQUAD BUILDING RECONSTRUCTION,340.0,,2022-04-01T00:00:00.000,218000.0,1257,2024-09-29T00:00:00.000,Other Government Facilities,Construction Procurement
,Bronx Sanitation Garage Rehabilitation: Community District 6,913.0,0.0,2020-05-01T00:00:00.000,0.0,971,2025-06-30T00:00:00.000,Sanitation,Design
,UNION TURNPIKE CENTER MEDIAN REPLACEMENT,341.0,,2020-01-01T00:00:00.000,23766000.0,986,,Streets and Roadways,
,Queens Public School 472  New Construction,0.0,0.0,2023-01-01T00:00:00.000,0.0,1099,2025-09-03T00:00:00.000,Schools,Construction
,Alley Pond Environmental Center Reconstruction,556.0,0.0,2021-12-01T00:00:00.000,1641000.0,1017,2022-07-29T00:00:00.000,Parks,Construction
,Coastal Resiliency -- Parallel Conveyances,92.0,,2021-07-01T00:00:00.000,32327000.0,1171,2026-06-11T00:00:00.000,Streets and Roadways,Construction Procurement
,Network Infrastructure Refresh Program,,,2020-05-01T00:00:00.000,180514000.0,863,,"Health and Hospitals, IT",IT
Port Jervis,Reconstruction of the Port Jervis Wastewater Treatment Plant,2445.0,0.0,2018-03-01T00:00:00.000,9428438.55,444,2021-11-19T00:00:00.000,Wastewater Treatment,Construction Procurement
,"FDR Rehabilitation, Northbound (East 42nd to 49th Streets)",1816.0,510.0,2017-04-01T00:00:00.000,-2802822.0,502,2026-08-24T00:00:00.000,Bridges,Design
,West 33rd Street,1736.0,0.0,2019-05-01T00:00:00.000,0.0,861,2022-02-28T00:00:00.000,Streets and Roadways,Design
Staten Island,Hannah Street Pumping Station Construction,3238.0,182.0,2017-04-01T00:00:00.000,67909196.8,364,2020-06-10T00:00:00.000,Wastewater Treatment,Design
,NEW UTRECH LIBRARY MAJOR RENOVATIONS,1188.0,,2020-10-01T00:00:00.000,290000.0,841,,Libraries,
,HEMPSTEAD AVE BR/CIP 2231780,327.0,0.0,2023-01-01T00:00:00.000,1747189.0,1049,2030-04-23T00:00:00.000,"Bridges, Streets and Roadways",Design
Bronx,New 40th Precinct,711.0,209.0,2022-09-01T00:00:00.000,26020000.0,634,2023-06-06T00:00:00.000,Public Safety and Criminal Justice,
,Boston Road Bridge Over Hutchinson River Rehabilitation,803.0,257.0,2021-12-01T00:00:00.000,49309814.0,539,2025-11-02T00:00:00.000,"Bridges, Streets and Roadways",Construction Procurement
,253 Broadway NYC. Fire Alarm Raplacement,1553.0,-210.0,2019-05-01T00:00:00.000,17827000.0,850,2022-03-04T00:00:00.000,Other Government Facilities,Design
Staten Island,Hannah Street Pumping Station Construction,3238.0,0.0,2014-05-01T00:00:00.000,67909196.8,364,2018-01-31T00:00:00.000,Wastewater Treatment,Design
,P.S. 96 - QUEENS Addition,0.0,0.0,2022-09-01T00:00:00.000,-3902865.0,1221,2024-09-03T00:00:00.000,Schools,Construction
,Sewer When & Where Contract In S.E. Queens,1834.0,0.0,2019-09-01T00:00:00.000,7404000.0,793,2022-08-08T00:00:00.000,Sewers,Design
Brooklyn,Flatbush Avenue Trunk Watermain Replacement,2266.0,,2021-03-01T00:00:00.000,39272000.0,370,,Wastewater Treatment,
,BBJ Queens Garage - Construction of new multi-level Garage with Community Space,547.0,,2021-12-01T00:00:00.000,1314000.0,1156,2021-10-11T00:00:00.000,Other Government Facilities,Design
Citywide,Electronic Medical Records Upgrade,2032.0,580.0,2021-03-01T00:00:00.000,15184947.0,403,2022-12-31T00:00:00.000,"Health and Hospitals, IT",IT
Bronx,Bainbridge Avenue Trunk Water Main,1687.0,344.0,2019-01-01T00:00:00.000,25547000.0,454,2020-06-08T00:00:00.000,Water Supply,Construction
Bronx,Grand Concourse Metro North Railroad Bridge Construction,836.0,260.0,2019-01-01T00:00:00.000,22682117.0,120,2022-07-03T00:00:00.000,Bridges,Design
Citywide,Investigation and Remediation of Corrosion in Water Tunnel Facilities,335.0,,2021-12-01T00:00:00.000,0.0,457,,Water Supply,
,Queens Public School 41  SSBA Addition,0.0,0.0,2022-09-01T00:00:00.000,0.0,1105,2024-09-03T00:00:00.000,Schools,Construction
,New Stapleton Waterfront: Phases 2 and 3,913.0,0.0,2020-05-01T00:00:00.000,100733778.0,962,2024-11-01T00:00:00.000,Industrial Development,Design
Brooklyn,Brooklyn Sanitation Garage Construction: Community District 3,790.0,59.0,2023-01-01T00:00:00.000,25603365.0,560,2025-02-28T00:00:00.000,Sanitation,Construction
,FUEL TANK & SUMP REPLACEMENTS - QUEENS,663.0,,2019-05-01T00:00:00.000,-1850000.0,898,,Industrial Development,
,"SUNSET PARK GOWANUS CONNECTOR, BK",445.0,,2020-10-01T00:00:00.000,-16441000.0,979,,"Parks, Streets and Roadways",
,"RECONST. OF COLUMBIA ST., PH II/BED-768B/SEK002321",972.0,421.0,2022-09-01T00:00:00.000,6730000.0,845,2026-09-08T00:00:00.000,Streets and Roadways,Design
Bronx,"Bronx Sanitation Garage Construction: Community District 9, 10, 11",1919.0,181.0,2022-04-01T00:00:00.000,268983862.56,573,2030-06-30T00:00:00.000,Sanitation,Design
Manhattan,"West 59th Street Marine Transfer Station Construction, Phase 2",1949.0,-457.0,2015-08-01T00:00:00.000,126753576.46,347,2017-05-18T00:00:00.000,Sanitation,Construction
Staten Island,Hannah Street Pumping Station Construction,3238.0,74.0,2016-01-01T00:00:00.000,67909196.8,364,2019-05-25T00:00:00.000,Wastewater Treatment,Design
Marlboro,Rondout-West Branch Bypass Tunnel Construction Project 2,256.0,20.0,2020-05-01T00:00:00.000,202552329.25,409,2023-09-26T00:00:00.000,Water Supply,Construction
,Storm Mitigation Loan Program at Red Hook,921.0,154.0,2020-01-01T00:00:00.000,13549422.97,721,2022-05-09T00:00:00.000,Wastewater Treatment,Design
Queens,49th Avenue Bridge Replacement,1449.0,-193.0,2021-07-01T00:00:00.000,32902419.0,131,2025-07-31T00:00:00.000,"Bridges, Streets and Roadways",Design
Bronx,West Tremont Avenue over Metro North Railroad,1253.0,-397.0,2021-07-01T00:00:00.000,37794543.0,503,2026-06-18T00:00:00.000,Bridges,Design
Queens,"STM & SAN SWR, N.B. WHITESTONE EXPWY SERV RD, PH 3",684.0,0.0,2018-08-01T00:00:00.000,15468000.0,652,2022-10-07T00:00:00.000,Sewers,Design
,FUEL TANK & SUMP REPLACEMENTS - BROOKLYN,663.0,157.0,2022-04-01T00:00:00.000,-1940000.0,899,2025-12-03T00:00:00.000,Industrial Development,Design
,Williamsburg Bridge Miscellaneous Repairs and Painting,362.0,-272.0,2018-08-01T00:00:00.000,52784947.0,599,2024-03-09T00:00:00.000,Bridges,Design
,Central Park Light Infrastructure,1535.0,,2020-10-01T00:00:00.000,-3323649.6,586,,"Parks, Streets and Roadways",Design
,Hart Island Demolition and Safety Improvements,246.0,79.0,2023-01-01T00:00:00.000,952000.0,1244,2023-04-12T00:00:00.000,Other Government Facilities,Construction
,Queens IS at 47-10 Barnett Avenue Addition,365.0,0.0,2022-09-01T00:00:00.000,3206657.0,967,2023-09-03T00:00:00.000,Schools,Construction
Manhattan,Reconstruction of Power Distribution at Wards Island WWTP,1147.0,0.0,2020-01-01T00:00:00.000,33489860.26,453,2025-01-12T00:00:00.000,Wastewater Treatment,Design
,Orchard Beach Pavilion,942.0,120.0,2021-12-01T00:00:00.000,35628847.0,858,2024-09-30T00:00:00.000,Parks,Design
"Manhattan, Bronx",Madison Avenue Bridge Reconstruction,1628.0,,2020-05-01T00:00:00.000,2036997.0,114,,Bridges,Construction
,Comprehensive Renovation and Expansion,428.0,33.0,2023-01-01T00:00:00.000,-15454000.0,1182,2026-10-10T00:00:00.000,Other Government Facilities,Design
,Studio Museum in Harlem New Building,856.0,,2020-05-01T00:00:00.000,-190000.0,896,,Arts and Culture,
,Queensboro Bridge Roadway Replacement over East River,1970.0,-244.0,2020-05-01T00:00:00.000,8567339.67,594,2022-10-28T00:00:00.000,"Bridges, Streets and Roadways",Construction
Port Jervis,Reconstruction of the Port Jervis Wastewater Treatment Plant,2445.0,761.0,2019-05-01T00:00:00.000,9428438.55,444,2024-08-03T00:00:00.000,Wastewater Treatment,Design
,"Grand Concourse Reconstruction, Phase 4 (Great Streets)",1448.0,0.0,2022-09-01T00:00:00.000,57634000.0,476,2023-06-13T00:00:00.000,Streets and Roadways,Construction
,79th St Boat Basin,1036.0,0.0,2023-01-01T00:00:00.000,-1131246.67,862,2026-03-11T00:00:00.000,Parks,Design
,Bronx Animal Care Center,110.0,-119.0,2022-09-01T00:00:00.000,24815617.0,893,2024-10-19T00:00:00.000,Health and Hospitals,Construction
,"Combined Sewer And Wm Work In 71 Street, Queens",1889.0,,2020-05-01T00:00:00.000,27172000.0,789,,Sewers,
Staten Island,Hannah Street Pumping Station Construction,3238.0,121.0,2016-11-01T00:00:00.000,67909196.8,364,2019-12-11T00:00:00.000,Wastewater Treatment,Design
Bronx,"Pelham Parkway Roadway Reconstruction, Phase 2",2869.0,266.0,2021-07-01T00:00:00.000,125164000.0,180,2023-12-22T00:00:00.000,Streets and Roadways,Construction
Bronx,Pelham Bay Equestrian Park over Amtrak,1029.0,0.0,2023-01-01T00:00:00.000,137997.0,703,2027-06-04T00:00:00.000,Bridges,Design
,Orchard Beach Pavilion,942.0,0.0,2019-01-01T00:00:00.000,35628847.0,858,2022-08-01T00:00:00.000,Parks,Design
,"RECONSTRUCTION OF FRONT STREET, MANHATTAN",484.0,,2020-01-01T00:00:00.000,6153000.0,1012,,Streets and Roadways,
Bronx,Jerome Reservoir and Aqueduct Rehabilitation,2363.0,-21.0,2017-04-01T00:00:00.000,-833277.14,448,2020-06-19T00:00:00.000,Water Supply,Design
,HIGH LEVEL STM SEWERS IN GOWANUS CANAL AREA-PH II,813.0,0.0,2019-05-01T00:00:00.000,8657000.0,849,2021-09-29T00:00:00.000,Sewers,Construction
,"Ped Safety Upgrades on Atlantic Avenue, Phase 2",1400.0,0.0,2016-11-01T00:00:00.000,10136496.0,519,2020-07-30T00:00:00.000,Streets and Roadways,Design
Bronx,Pelham Bay Equestrian Park over Amtrak,1029.0,-687.0,2021-07-01T00:00:00.000,137997.0,703,2026-05-17T00:00:00.000,Bridges,Design
,Storm Sanitary Sewer Repl Springfield Gardens,1097.0,539.0,2022-04-01T00:00:00.000,35414000.0,790,2027-09-15T00:00:00.000,Sewers,Design
,Croton Above Ground Structure And Landscaping,897.0,22.0,2022-04-01T00:00:00.000,75117000.0,747,2023-02-23T00:00:00.000,Industrial Development,Construction
"Manhattan, Bronx",Madison Avenue Bridge Reconstruction,1628.0,30.0,2019-05-01T00:00:00.000,2036997.0,114,2022-04-13T00:00:00.000,Bridges,Construction
Manhattan,Primary Treatment Improvement at Wards Island WWTP,2142.0,-383.0,2017-04-01T00:00:00.000,99651290.98,452,2020-05-10T00:00:00.000,Wastewater Treatment,Design
,"Reconstruction of Del Valle Square, Bronx",421.0,0.0,2023-01-01T00:00:00.000,-4589000.0,1243,2025-11-12T00:00:00.000,Streets and Roadways,Construction
,79th St Boat Basin,1036.0,0.0,2021-03-01T00:00:00.000,-1131246.67,862,2023-08-30T00:00:00.000,Parks,Design
Bronx,Grand Concourse Metro North Railroad Bridge Construction,836.0,232.0,2020-05-01T00:00:00.000,22682117.0,120,2023-01-16T00:00:00.000,Bridges,Construction
Upstate,"Gilboa Dam Reconstruction, Phase IV",1684.0,127.0,2016-01-01T00:00:00.000,33535991.2,406,2020-08-08T00:00:00.000,Water Supply,Design
Queens,"STM & SAN SWR, N.B. WHITESTONE EXPWY SERV RD, PH 3",684.0,0.0,2021-12-01T00:00:00.000,15468000.0,652,2024-08-21T00:00:00.000,Sewers,Construction
,Storm Sewer Outlet In 224Th St,1238.0,739.0,2021-07-01T00:00:00.000,155854000.0,784,2025-12-07T00:00:00.000,Sewers,Design
Bronx,Grand Concourse Metro North Railroad Bridge Construction,836.0,84.0,2018-03-01T00:00:00.000,22682117.0,120,2021-06-15T00:00:00.000,Bridges,Design
,Sewer When & Where Seq,1377.0,,2020-05-01T00:00:00.000,3200000.0,794,,Sewers,
,FUEL TANK & SUMP REPLACEMENTS - BROOKLYN,663.0,,2020-10-01T00:00:00.000,-1940000.0,899,,Industrial Development,
,Brooklyn Public School 730 New Construction,730.0,0.0,2021-03-01T00:00:00.000,6379885.0,876,2022-09-03T00:00:00.000,Schools,Construction
,RED HOOK INTEGRATED FLOOD PROTECTION SYSTEM,1172.0,,2021-03-01T00:00:00.000,86623000.0,985,,Public Safety and Criminal Justice,
,"WATERMAIN REPLACEMENT IN ORIENTAL BLVD, BROOKLYN",443.0,57.0,2021-12-01T00:00:00.000,3715000.0,1165,2023-08-28T00:00:00.000,Streets and Roadways,Construction Procurement
Brooklyn,Wyckoff Avenue Street Reconstruction,226.0,182.0,2015-02-01T00:00:00.000,43926000.0,191,2036-01-14T00:00:00.000,Streets and Roadways,Design
,"City Tunnel No.3, Stage 2 in Queens and Brooklyn, Construction of Shaft 17B and 18B",119.0,0.0,2021-12-01T00:00:00.000,3150108.42,1042,2027-01-24T00:00:00.000,Water Supply,Construction
"Manhattan, Bronx",Madison Avenue Bridge Reconstruction,1628.0,293.0,2021-12-01T00:00:00.000,2036997.0,114,2023-01-31T00:00:00.000,Bridges,Construction
Manhattan,Riverside Drive/West 158th Street Bridge Rehabilitation,2152.0,161.0,2019-01-01T00:00:00.000,96922794.0,113,2022-06-27T00:00:00.000,"Bridges, Streets and Roadways",Construction
Queens,Dutch Kills and Lower Newtown Creek Enhanced Aeration Work,1891.0,266.0,2016-01-01T00:00:00.000,-4338327.57,313,2020-01-05T00:00:00.000,Wastewater Treatment,Construction Procurement
,FUEL TANK REPLACEMENT - 71,548.0,0.0,2019-05-01T00:00:00.000,3444000.0,935,2022-09-19T00:00:00.000,Industrial Development,Design
,"RECONSTRUCTION OF ROSEDALE AREA, PHASE 2",829.0,23.0,2022-04-01T00:00:00.000,61291000.0,1011,2026-07-15T00:00:00.000,Streets and Roadways,Design
,Croton Above Ground Structure And Landscaping,897.0,326.0,2023-01-01T00:00:00.000,75117000.0,747,2023-12-15T00:00:00.000,Industrial Development,Construction
Citywide,Emergency Communications Transformation Program (ECTP) Upgrades and Enhancements,2252.0,0.0,2016-06-01T00:00:00.000,73735148.87,267,2017-11-30T00:00:00.000,IT,IT
Queens,Metropolitan Avenue Bridge over CSX Transport,2027.0,744.0,2018-08-01T00:00:00.000,4699394.0,556,2026-09-16T00:00:00.000,"Bridges, Streets and Roadways",Design
,FUEL TANK REPLACEMENT,1278.0,,2020-01-01T00:00:00.000,207000.0,851,,Industrial Development,
Bronx,"Pelham Parkway Roadway Reconstruction, Phase 2",2869.0,92.0,2015-02-01T00:00:00.000,125164000.0,180,2017-05-15T00:00:00.000,Streets and Roadways,Design
Staten Island,Oakwood Beach WWTP Sludge Thickening Improvements,3241.0,870.0,2018-08-01T00:00:00.000,57138101.3,449,2023-11-17T00:00:00.000,Wastewater Treatment,Design
Manhattan,Primary Treatment Improvement at Wards Island WWTP,2142.0,99.0,2020-01-01T00:00:00.000,99651290.98,452,2025-07-01T00:00:00.000,Wastewater Treatment,Design
,FUEL TANK & SUMP REPLACEMENTS - BRONX,663.0,,2021-03-01T00:00:00.000,-1834000.0,901,,Industrial Development,
,Tompkinsville Esplanade,944.0,730.0,2021-03-01T00:00:00.000,10582596.0,963,2024-12-29T00:00:00.000,Parks,Design
Manhattan,Coler Specialty Hospital Priority Mitigation Projects,2085.0,0.0,2021-07-01T00:00:00.000,0.0,544,2022-12-31T00:00:00.000,Health and Hospitals,Construction
Staten Island,CONSTRUCTION OF BMPs NC 6 AND 15 - SI,925.0,364.0,2019-01-01T00:00:00.000,1921000.0,631,2022-11-26T00:00:00.000,Industrial Development,Design
Queens,Belt System - Cross Island over 115th Avenue/Dutch Broadway,1845.0,452.0,2021-12-01T00:00:00.000,17528706.0,558,2027-02-13T00:00:00.000,Bridges,Design
Bronx,Bruckner Expressway Westchester Creek Bridge Reconstruction,2086.0,392.0,2022-09-01T00:00:00.000,142277136.0,97,2023-12-27T00:00:00.000,"Bridges, Streets and Roadways",Construction
,COMPONENT REHAB OF BRIDGES 21A,,,2023-01-01T00:00:00.000,4025602.0,1318,,Bridges,Construction Procurement
,70 MULBERRY STREET - RECONSTRUCTION,50.0,50.0,2023-01-01T00:00:00.000,1001000.0,1229,2028-03-22T00:00:00.000,Other Government Facilities,Design
Queens,Edgewood Triangle Roadway Reconstruction,3597.0,43.0,2017-04-01T00:00:00.000,106503000.0,204,2020-09-06T00:00:00.000,Streets and Roadways,Design
Brooklyn,Beverly Road over Brighton Subway Line,1864.0,57.0,2021-12-01T00:00:00.000,1279646.0,709,2029-11-30T00:00:00.000,Bridges,Design
Bronx,East 180th Street over Metro North Railroad (Harrison Line),664.0,0.0,2022-04-01T00:00:00.000,4194366.0,811,2023-09-29T00:00:00.000,Bridges,Construction
,Grant Park Construction,612.0,,2020-01-01T00:00:00.000,1489000.0,1015,,Parks,Design
,Porpoise Bridge In Flushing Meadows-Corona Park,1110.0,-5.0,2019-05-01T00:00:00.000,82000.0,749,2023-07-24T00:00:00.000,Bridges,Design
Bronx,Concourse Village Avenue over Metro North,1865.0,1153.0,2019-05-01T00:00:00.000,-186092.37,587,2027-10-17T00:00:00.000,Bridges,Design
,"Construction Of Sanitary Sewers, Storm Sewers (Bm",595.0,,2021-03-01T00:00:00.000,37691000.0,760,,Sewers,
Manhattan,"West 59th Street Marine Transfer Station Construction, Phase 2",1949.0,280.0,2016-06-01T00:00:00.000,126753576.46,347,2018-02-22T00:00:00.000,Sanitation,Construction
Bronx,Bainbridge Avenue Trunk Water Main,1687.0,-3.0,2019-05-01T00:00:00.000,25547000.0,454,2020-06-05T00:00:00.000,Water Supply,Construction
Bronx,East 174th Street over Sheridan Expressway - Amtrak,1431.0,529.0,2020-01-01T00:00:00.000,5146882.0,701,2028-04-21T00:00:00.000,Bridges,Design
,Parking Meters Retrofitted for License Plate Recognition,,,2023-01-01T00:00:00.000,-500.0,1069,,Streets and Roadways,Construction
Brooklyn,Sunset Park Infrastructure,1290.0,75.0,2020-01-01T00:00:00.000,31633941.69,574,2022-08-29T00:00:00.000,Industrial Development,Construction Procurement
Manhattan,"West 59th Street Marine Transfer Station Construction, Phase 2",1949.0,73.0,2022-09-01T00:00:00.000,126753576.46,347,2022-10-28T00:00:00.000,Sanitation,Construction
,UNION TURNPIKE CENTER MEDIAN REPLACEMENT,341.0,,2020-10-01T00:00:00.000,23766000.0,986,,Streets and Roadways,
,DELANCEY STREET SAFETY IMPROVEMENTS,1217.0,364.0,2022-09-01T00:00:00.000,20937000.0,983,2027-10-22T00:00:00.000,Streets and Roadways,Design
,Owls Head WWTP Final Settling System Rehabilitation,345.0,-292.0,2022-09-01T00:00:00.000,-3573164.0,946,2028-08-06T00:00:00.000,Wastewater Treatment,Design
,"Water Main Replacement In 222 Street, Queens",2236.0,,2020-05-01T00:00:00.000,7195000.0,768,,Water Supply,
,Manhattan Greenway: East Midtown,487.0,274.0,2021-12-01T00:00:00.000,24840000.0,859,2023-08-31T00:00:00.000,Parks,Construction
,NYCF Homeport 2,153.0,-426.0,2023-01-01T00:00:00.000,51220834.0,1022,2023-07-31T00:00:00.000,Ferries,Construction
Citywide,Electronic Medical Records Upgrade,2032.0,-184.0,2018-03-01T00:00:00.000,15184947.0,403,2020-06-30T00:00:00.000,"Health and Hospitals, IT",IT
,Staten Island North Shore Recreation Center,,,2023-01-01T00:00:00.000,500000.0,1183,,Other Government Facilities,Design
,DOH Public Health Lab,1.0,0.0,2020-05-01T00:00:00.000,19334959.71,909,2025-01-01T00:00:00.000,Health and Hospitals,Design
"Manhattan, Bronx",Madison Avenue Bridge Reconstruction,1628.0,0.0,2019-01-01T00:00:00.000,2036997.0,114,2022-03-14T00:00:00.000,Bridges,Construction
,Brooklyn Bridge - Approach Arches Rehabilitation,1908.0,-93.0,2021-12-01T00:00:00.000,33135732.1,584,2024-02-20T00:00:00.000,Bridges,Construction
,Storm Mitigation Loan Program at Red Hook,921.0,0.0,2023-01-01T00:00:00.000,13549422.97,721,2023-07-31T00:00:00.000,Wastewater Treatment,Construction
,Storm & Combined Sewers In 229 Street,652.0,,2020-01-01T00:00:00.000,-9148000.0,776,,Sewers,
City of Yonkers,Hillview Reservoir Chemical Addition Facilities,82.0,0.0,2021-03-01T00:00:00.000,159902202.01,669,2029-03-28T00:00:00.000,Water Supply,Design
,"RECONSTRUCTION OF ROSEDALE AREA, PHASE 2",829.0,,2020-05-01T00:00:00.000,61291000.0,1011,,Streets and Roadways,
City of Yonkers,Hillview Reservoir Chemical Addition Facilities,82.0,0.0,2022-09-01T00:00:00.000,159902202.01,669,2029-03-28T00:00:00.000,Water Supply,Design
,"Combined Sewer In 70Th Street, Queens",1155.0,-31.0,2019-01-01T00:00:00.000,94201000.0,788,2020-11-21T00:00:00.000,Sewers,Construction Procurement
,Lower Concourse: Park,456.0,,2019-09-01T00:00:00.000,0.0,961,2023-12-31T00:00:00.000,Parks,Design
Staten Island,Staten Island 1 & 3 Garage Construction & Rehab,406.0,123.0,2019-01-01T00:00:00.000,68555000.0,769,2023-06-16T00:00:00.000,Sanitation,Design
Bronx,New 40th Precinct,711.0,,2023-01-01T00:00:00.000,26020000.0,634,,Public Safety and Criminal Justice,
Brooklyn,Reconstruction of the West and North Docks at the OH WWTP,1389.0,0.0,2020-05-01T00:00:00.000,10985726.8,720,2023-02-22T00:00:00.000,Wastewater Treatment,Construction
,150 ST SPINE: PHASE II TRUNK SEWER AT BERGEN BASIN,646.0,,2020-10-01T00:00:00.000,-158027000.0,999,,Sewers,
Brooklyn,Beverly Road over Brighton Subway Line,1864.0,90.0,2022-04-01T00:00:00.000,1279646.0,709,2030-02-28T00:00:00.000,Bridges,Design
Brooklyn,DBCD South Site Cultural Fit-Out,1706.0,245.0,2022-09-01T00:00:00.000,36789601.16,484,2023-09-02T00:00:00.000,Arts and Culture,Construction
Brooklyn,"5th Avenue Bridge Reconstruction over LIRR and Sea Beach, Brooklyn",969.0,110.0,2021-07-01T00:00:00.000,36577693.0,504,2027-05-06T00:00:00.000,Bridges,Design
,TRENCH RESTORATION BROOKLYN,1467.0,-27.0,2019-05-01T00:00:00.000,6536000.0,855,2022-08-13T00:00:00.000,Industrial Development,Design
,Michaelis-Bayswater Park Reconstruction,280.0,142.0,2022-09-01T00:00:00.000,4849393.61,1032,2025-09-13T00:00:00.000,Parks,Construction Procurement
Queens,RECONSTRUCTION OF QUEENS BLVD - PHASE 2,2315.0,,2017-09-01T00:00:00.000,14201000.0,619,2023-04-12T00:00:00.000,Industrial Development,Design
Upstate,"Gilboa Dam Reconstruction, Phase IV",1684.0,1.0,2018-08-01T00:00:00.000,33535991.2,406,2021-10-07T00:00:00.000,Water Supply,Construction
"Bronx, Manhattan",Broadway Bridge over Harlem River Replacement,2797.0,466.0,2015-02-01T00:00:00.000,39724388.0,106,2020-11-13T00:00:00.000,Bridges,Design
Staten Island,Oakwood Beach WWTP Headworks Improvements,2857.0,0.0,2021-03-01T00:00:00.000,31867440.0,450,2025-10-17T00:00:00.000,Wastewater Treatment,Construction Procurement
,FUEL TANK REPLACEMENT,914.0,,2020-10-01T00:00:00.000,-6429000.0,1005,,Industrial Development,
,FUEL TANK REPLACEMENT,1278.0,0.0,2019-09-01T00:00:00.000,207000.0,851,2021-10-14T00:00:00.000,Industrial Development,Construction
Queens,TLC - NEW OFFICE FACILITY - 24-55 BQE WEST,1248.0,400.0,2021-07-01T00:00:00.000,75370000.0,665,2025-03-24T00:00:00.000,Other Government Facilities,Construction
,Supreme Courthouse Fire Alarm/ Protection Upgrade,1319.0,,2021-03-01T00:00:00.000,37248610.0,837,,Public Safety and Criminal Justice,
,Reconstruct Main Sewage Pump Controls at Port Richmond WWTP,516.0,123.0,2022-09-01T00:00:00.000,26923720.62,948,2026-09-27T00:00:00.000,Wastewater Treatment,Design
Brooklyn,Beverly Road over Brighton Subway Line,1864.0,560.0,2020-10-01T00:00:00.000,1279646.0,709,2030-01-22T00:00:00.000,Bridges,Design
,Grand Street Bridge over Newtown Creek,1645.0,-283.0,2020-10-01T00:00:00.000,160682490.0,534,2029-08-24T00:00:00.000,"Bridges, Streets and Roadways",Design
Olive,Replacement of the Esopus & Route 28A Railroad Bridges,714.0,0.0,2018-08-01T00:00:00.000,-50461071.35,443,2024-05-20T00:00:00.000,Bridges,Design
Brooklyn,Dumbo and Vinegar Hill Area Roadway Reconstruction and Renovation,3253.0,141.0,2018-03-01T00:00:00.000,96724000.0,193,2019-09-13T00:00:00.000,Streets and Roadways,Construction Procurement
,Union Turnpike over Cross Island Parkway,834.0,,2021-03-01T00:00:00.000,3378281.0,932,,Bridges,
,"New Signals Installation requirement, citywide FY23",,,2023-01-01T00:00:00.000,-35484942.0,1316,2024-10-31T00:00:00.000,Streets and Roadways,Construction
Bronx,Pelham Bay Equestrian Park over Amtrak,1029.0,,2021-03-01T00:00:00.000,137997.0,703,,Bridges,
,Queens PS 206  New Construction,365.0,0.0,2021-07-01T00:00:00.000,2268625.0,970,2023-09-03T00:00:00.000,Schools,Construction
,Supreme Courthouse Fire Alarm/ Protection Upgrade,1319.0,,2020-10-01T00:00:00.000,37248610.0,837,,Public Safety and Criminal Justice,
,"RECONST. OF COLUMBIA ST., PH II/BED-768B/SEK002321",972.0,,2020-10-01T00:00:00.000,6730000.0,845,,Streets and Roadways,
Brooklyn,"5th Avenue Bridge Reconstruction over LIRR and Sea Beach, Brooklyn",969.0,-135.0,2023-01-01T00:00:00.000,36577693.0,504,2027-07-01T00:00:00.000,Bridges,Construction Procurement
Citywide,The Reconstruction of The Lower Catskill Aqueduct,1421.0,0.0,2020-01-01T00:00:00.000,-65760729.0,667,2025-06-01T00:00:00.000,Water Supply,Design
Bronx,Bainbridge Avenue Trunk Water Main,1687.0,,2015-08-01T00:00:00.000,25547000.0,454,2018-11-16T00:00:00.000,Water Supply,Construction Procurement
Brooklyn,Coney Island Hospital CSS Building and Perimeter Flood Protection,1243.0,0.0,2018-08-01T00:00:00.000,30635879.93,561,2023-03-31T00:00:00.000,Health and Hospitals,Construction
,4Th Ave. Safety Improvements Phase II-Vision Zero,1106.0,,2018-03-01T00:00:00.000,-11525000.0,833,2021-06-07T00:00:00.000,Streets and Roadways,Design
Manhattan,Carl Schurz Park Promenade over FDR (East 81st to 90th Streets),1571.0,49.0,2021-07-01T00:00:00.000,-197139579.0,537,2028-12-16T00:00:00.000,Bridges,Design
,Storm Sanitary Sewer Repl Springfield Gardens,1097.0,252.0,2019-05-01T00:00:00.000,35414000.0,790,2025-09-15T00:00:00.000,Sewers,Design
Bronx,Westchester Avenue Bridge over Hutch River Parkway Rehabilitation,1592.0,0.0,2023-01-01T00:00:00.000,20945057.0,112,2023-07-31T00:00:00.000,"Bridges, Streets and Roadways",Construction
,Queensboro Bridge Roadway Replacement over East River,1970.0,7.0,2019-09-01T00:00:00.000,8567339.67,594,2022-11-04T00:00:00.000,"Bridges, Streets and Roadways",Construction
Brooklyn,Beverly Road over Brighton Subway Line,1864.0,,2021-03-01T00:00:00.000,1279646.0,709,,Bridges,
Manhattan,Coler Specialty Hospital Priority Mitigation Projects,2085.0,184.0,2017-09-01T00:00:00.000,0.0,544,2018-12-31T00:00:00.000,Health and Hospitals,Construction
Manhattan,Harlem River Drive Ramp Reconstruction (George Washington Bridge),2697.0,4.0,2020-05-01T00:00:00.000,-3711870.0,708,2028-04-18T00:00:00.000,"Bridges, Streets and Roadways",Design
,FUEL TANK & SUMP REPLACEMENTS - BROOKLYN,663.0,,2021-03-01T00:00:00.000,-1940000.0,899,,Industrial Development,
Brooklyn,Construction of Gowanus CSO retention FAC Superfund Site,1086.0,0.0,2021-03-01T00:00:00.000,432995114.0,550,2031-07-07T00:00:00.000,Industrial Development,Design
,"RECONSTRUCTION OF ROSEDALE AREA, PHASE 2",829.0,,2020-10-01T00:00:00.000,61291000.0,1011,,Streets and Roadways,
,Bronx Animal Care Center,110.0,319.0,2021-07-01T00:00:00.000,24815617.0,893,2025-01-14T00:00:00.000,Health and Hospitals,Design
,Tompkinsville Esplanade,944.0,,2019-09-01T00:00:00.000,10582596.0,963,2023-07-31T00:00:00.000,Parks,Design
,4Th Ave. Safety Improvements Phase II-Vision Zero,1106.0,0.0,2021-12-01T00:00:00.000,-11525000.0,833,2024-06-17T00:00:00.000,Streets and Roadways,Construction
,Reconstruction Of Primary Tanks at Bowery Bay WPCP,636.0,0.0,2022-04-01T00:00:00.000,74442173.0,942,2027-07-09T00:00:00.000,Wastewater Treatment,Design
,Storm Mitigation Loan Program at Hunts Point,1091.0,272.0,2019-01-01T00:00:00.000,20080597.79,672,2021-06-08T00:00:00.000,Wastewater Treatment,Design
,Brooklyn District 6 Sanitation Garage: Rehab.,,,2023-01-01T00:00:00.000,,1371,2026-04-15T00:00:00.000,Other Government Facilities,Construction Procurement
,Bronx Sanitation Garage Rehabilitation: Community District 6,913.0,365.0,2021-03-01T00:00:00.000,0.0,971,2026-06-30T00:00:00.000,Sanitation,Design
Bronx,West Tremont Avenue over Metro North Railroad,1253.0,0.0,2017-09-01T00:00:00.000,37794543.0,503,2024-04-29T00:00:00.000,Bridges,Design
Citywide,Revenue Cycle Implementation,1279.0,-692.0,2019-05-01T00:00:00.000,0.0,723,2017-12-31T00:00:00.000,"Health and Hospitals, IT",IT
,"RECONST. OF COLUMBIA ST., PH II/BED-768B/SEK002321",972.0,0.0,2019-05-01T00:00:00.000,6730000.0,845,2024-07-14T00:00:00.000,Streets and Roadways,Design
,Lower Concourse: Park,456.0,0.0,2020-01-01T00:00:00.000,0.0,961,2023-12-31T00:00:00.000,Parks,Design
Queens,Dutch Kills and Lower Newtown Creek Enhanced Aeration Work,1891.0,0.0,2015-08-01T00:00:00.000,-4338327.57,313,2019-04-14T00:00:00.000,Wastewater Treatment,Design
Queens,RECONSTRUCTION OF QUEENS BLVD - PHASE 2,2315.0,382.0,2019-05-01T00:00:00.000,14201000.0,619,2025-09-13T00:00:00.000,Industrial Development,Design
Upstate,"Gilboa Dam Reconstruction, Phase V",503.0,259.0,2022-09-01T00:00:00.000,-3079490.0,456,2026-04-16T00:00:00.000,Water Supply,Design
,New Ferry Boat Construction,549.0,,2021-03-01T00:00:00.000,-238419180.0,94,,Ferries,
Citywide,Electronic Medical Records Upgrade,2032.0,-190.0,2019-01-01T00:00:00.000,15184947.0,403,2019-11-23T00:00:00.000,"Health and Hospitals, IT",IT
Bronx,Grand Concourse Metro North Railroad Bridge Construction,836.0,248.0,2017-04-01T00:00:00.000,22682117.0,120,2021-03-05T00:00:00.000,Bridges,Design
,253 Broadway NYC. Fire Alarm Raplacement,1553.0,1701.0,2021-07-01T00:00:00.000,17827000.0,850,2026-12-31T00:00:00.000,Other Government Facilities,Construction
,"Construction Of Sanitary Sewers, Storm Sewers (Bm",595.0,0.0,2022-04-01T00:00:00.000,37691000.0,760,2023-06-26T00:00:00.000,Sewers,Construction
,New 116Th Pct,727.0,,2020-01-01T00:00:00.000,33852900.86,762,,Public Safety and Criminal Justice,
,HEMPSTEAD AVE BR/CIP 2231780,327.0,,2021-03-01T00:00:00.000,1747189.0,1049,,"Bridges, Streets and Roadways",
Queens,Power Distribution at Bowery Bay WWTP,1684.0,,2016-06-01T00:00:00.000,24235381.01,522,2020-12-11T00:00:00.000,Wastewater Treatment,Design
,150th Street Spine: Phase II - DOT Van Wyck Expressway - Trunk Combined Sewer,-194.0,,2021-07-01T00:00:00.000,-676000.0,1202,2025-10-25T00:00:00.000,Streets and Roadways,Design
Brooklyn,DBCD South Site Cultural Fit-Out,1706.0,0.0,2023-01-01T00:00:00.000,36789601.16,484,2023-09-02T00:00:00.000,Arts and Culture,Construction
,Bronx Public School 468  New Construction,0.0,0.0,2021-12-01T00:00:00.000,0.0,1106,2024-09-03T00:00:00.000,Schools,Construction
,Supreme Courthouse Fire Alarm/ Protection Upgrade,1319.0,138.0,2021-12-01T00:00:00.000,37248610.0,837,2026-09-16T00:00:00.000,Public Safety and Criminal Justice,Design
Valhalla,Kensico Eastview Connection Tunnel Construction,3132.0,0.0,2019-09-01T00:00:00.000,881770648.0,554,2031-05-27T00:00:00.000,Water Supply,Design
Queens,"STM & SAN SWR, N.B. WHITESTONE EXPWY SERV RD, PH 3",684.0,,2021-03-01T00:00:00.000,15468000.0,652,,Sewers,
,Queens IS at 47-10 Barnett Avenue Addition,365.0,0.0,2021-03-01T00:00:00.000,3206657.0,967,2023-09-03T00:00:00.000,Schools,Construction
,Parking Meters Retrofitted for License Plate Recognition,,,2022-04-01T00:00:00.000,-500.0,1069,,Streets and Roadways,Construction
,Brooklyn Public School 748  New Construction,0.0,0.0,2022-04-01T00:00:00.000,0.0,1098,2023-09-03T00:00:00.000,Schools,Construction
,DELANCEY STREET SAFETY IMPROVEMENTS,1217.0,0.0,2023-01-01T00:00:00.000,20937000.0,983,2027-10-22T00:00:00.000,Streets and Roadways,Design
Upstate,"Gilboa Dam Reconstruction, Phase III",1113.0,0.0,2017-04-01T00:00:00.000,10376533.49,405,2020-07-27T00:00:00.000,Water Supply,Construction
Brooklyn,Beverly Road over Brighton Subway Line,1864.0,,2020-01-01T00:00:00.000,1279646.0,709,,Bridges,Design
,Queens Public School 343  New Construction,0.0,0.0,2022-04-01T00:00:00.000,0.0,1111,2023-09-03T00:00:00.000,Schools,Construction
,Nuyorican Poets Cafe Renovation,128.0,0.0,2022-04-01T00:00:00.000,480000.0,1247,2025-10-20T00:00:00.000,Other Government Facilities,Design
,FUEL TANK & SUMP REPLACEMENTS - BROOKLYN,663.0,,2020-05-01T00:00:00.000,-1940000.0,899,,Industrial Development,
Brooklyn,"5th Avenue Bridge Reconstruction over LIRR and Sea Beach, Brooklyn",969.0,-1.0,2019-01-01T00:00:00.000,36577693.0,504,2024-11-03T00:00:00.000,Bridges,Design
Citywide,Revenue Cycle Implementation,1279.0,344.0,2020-01-01T00:00:00.000,0.0,723,2020-11-15T00:00:00.000,"Health and Hospitals, IT",IT
,West 33rd Street,1736.0,0.0,2021-07-01T00:00:00.000,0.0,861,2025-11-29T00:00:00.000,Streets and Roadways,Design
Manhattan,Bellevue Medical Center Priority Mitigation Projects,1854.0,0.0,2019-09-01T00:00:00.000,0.0,545,2020-06-30T00:00:00.000,Health and Hospitals,Construction
,Cunningham Park Garage Reconstruction,703.0,0.0,2023-01-01T00:00:00.000,0.0,1019,2025-01-27T00:00:00.000,Parks,Construction Procurement
Manhattan,Coler Specialty Hospital Priority Mitigation Projects,2085.0,366.0,2019-01-01T00:00:00.000,0.0,544,2020-10-31T00:00:00.000,Health and Hospitals,Construction
,Foundational Infrastructure Modernization,,,2023-01-01T00:00:00.000,-1863793.78,1300,,IT,IT
,Storm Sanitary Sewer Repl Springfield Gardens,1097.0,0.0,2022-09-01T00:00:00.000,35414000.0,790,2027-09-15T00:00:00.000,Sewers,Design
,TRAVIS AVENUE WIDENING,1029.0,,2021-12-01T00:00:00.000,50000.0,1240,2024-12-27T00:00:00.000,Streets and Roadways,Design
"Manhattan, Bronx",Madison Avenue Bridge Reconstruction,1628.0,,2020-01-01T00:00:00.000,2036997.0,114,,Bridges,Construction
Bronx,Lower Concourse Initiative,730.0,,2017-04-01T00:00:00.000,-5100000.0,575,2021-09-01T00:00:00.000,Industrial Development,Design
,Rockaway Operational Headquarters,0.0,,2022-04-01T00:00:00.000,136000.0,1188,,Other Government Facilities,Design
,Grant Park Construction,612.0,212.0,2022-09-01T00:00:00.000,1489000.0,1015,2025-08-27T00:00:00.000,Parks,Construction Procurement
,New Ferry Boat Construction,549.0,,2020-05-01T00:00:00.000,-238419180.0,94,,Ferries,Construction
,FUEL TANK REPLACEMENT,1278.0,0.0,2019-01-01T00:00:00.000,207000.0,851,2021-10-14T00:00:00.000,Industrial Development,Construction
,GI - GRAVESEND BAY CSO - PHASE II,29.0,0.0,2022-04-01T00:00:00.000,13699000.0,1198,2024-11-10T00:00:00.000,Streets and Roadways,Design
Brooklyn,"Coney Island Area, Phase 3A",1215.0,0.0,2017-04-01T00:00:00.000,25273000.0,516,2021-07-08T00:00:00.000,Industrial Development,Design
,Reconstruction of Regulator HP06,-64.0,,2021-07-01T00:00:00.000,8706000.0,1180,2025-08-15T00:00:00.000,Streets and Roadways,Design
,RED HOOK INTEGRATED FLOOD PROTECTION SYSTEM,1172.0,181.0,2022-09-01T00:00:00.000,86623000.0,985,2026-03-30T00:00:00.000,Public Safety and Criminal Justice,Design
,HIGH LEVEL STM SEWERS IN GOWANUS CANAL AREA-PH II,813.0,,2020-05-01T00:00:00.000,8657000.0,849,,Sewers,
,Lexington Avenue Pedestrian Safety Improvements,,,2022-09-01T00:00:00.000,17000.0,1239,,Streets and Roadways,
Bronx,"Pelham Parkway Roadway Reconstruction, Phase 2",2869.0,0.0,2023-01-01T00:00:00.000,125164000.0,180,2023-12-22T00:00:00.000,Streets and Roadways,Construction
,New 116Th Pct,727.0,,2021-03-01T00:00:00.000,33852900.86,762,,Public Safety and Criminal Justice,
,Bronx Public School 468  New Construction,0.0,,2021-07-01T00:00:00.000,0.0,1106,2024-09-03T00:00:00.000,Schools,Construction Procurement
,P.S. 138 - BRONX Addition,0.0,0.0,2023-01-01T00:00:00.000,0.0,1220,2024-09-03T00:00:00.000,Schools,Construction
,Bronx River CSO Reduction,-712.0,-278.0,2022-09-01T00:00:00.000,1210235.0,943,2028-03-11T00:00:00.000,Wastewater Treatment,Construction Procurement
,Williamsburg Bridge Miscellaneous Repairs and Painting,362.0,,2019-09-01T00:00:00.000,52784947.0,599,,Bridges,Construction
Citywide,Emergency Communications Transformation Program (ECTP) Upgrades and Enhancements,2252.0,0.0,2016-11-01T00:00:00.000,73735148.87,267,2017-11-30T00:00:00.000,IT,IT
,Porpoise Bridge In Flushing Meadows-Corona Park,1110.0,,2018-03-01T00:00:00.000,82000.0,749,2023-07-29T00:00:00.000,Bridges,Design
,"SUNSET PARK GOWANUS CONNECTOR, BK",445.0,,2019-09-01T00:00:00.000,-16441000.0,979,2022-06-26T00:00:00.000,"Parks, Streets and Roadways",Construction Procurement
,NEW UTRECH LIBRARY MAJOR RENOVATIONS,1188.0,0.0,2023-01-01T00:00:00.000,290000.0,841,2027-12-02T00:00:00.000,Libraries,Design
,"Reconstruction of Mersereau, Richmond Ave and Mayflower Ave PSs",641.0,182.0,2022-09-01T00:00:00.000,45860651.8,1040,2025-11-07T00:00:00.000,Wastewater Treatment,Design
Bronx,Jerome Reservoir and Aqueduct Rehabilitation,2363.0,42.0,2019-09-01T00:00:00.000,-833277.14,448,2022-11-16T00:00:00.000,Water Supply,Design
Queens,"STM & SAN SWR, N.B. WHITESTONE EXPWY SERV RD, PH 3",684.0,,2020-01-01T00:00:00.000,15468000.0,652,,Sewers,
,Park Avenue Tunnel (Murray Hill),1568.0,,2016-06-01T00:00:00.000,-17773389.61,536,2019-01-15T00:00:00.000,Bridges,Construction
Staten Island,Hannah Street Pumping Station Construction,3238.0,112.0,2020-01-01T00:00:00.000,67909196.8,364,2023-03-12T00:00:00.000,Wastewater Treatment,Design
"Bronx, Manhattan",Broadway Bridge over Harlem River Replacement,2797.0,0.0,2016-11-01T00:00:00.000,39724388.0,106,2020-11-13T00:00:00.000,Bridges,Design
,Network Infrastructure Refresh Program,,,2019-01-01T00:00:00.000,180514000.0,863,,"Health and Hospitals, IT",IT
,FUEL TANK REPLACEMENT,1278.0,,2020-05-01T00:00:00.000,207000.0,851,,Industrial Development,
,NYCF Homeport 2,153.0,,2020-01-01T00:00:00.000,51220834.0,1022,2023-02-28T00:00:00.000,Ferries,Design
,"Asphalt Plant, 30-01 Harper St, Queens Demo/Cons",1211.0,,2020-01-01T00:00:00.000,55883745.0,840,,Industrial Development,
,"Construction Of Sanitary Sewers, Storm Sewers (Bm",595.0,,2020-10-01T00:00:00.000,37691000.0,760,,Sewers,
Brooklyn,Coney Island Hospital CSS Building and Perimeter Flood Protection,1243.0,,2016-11-01T00:00:00.000,30635879.93,561,2021-02-06T00:00:00.000,Health and Hospitals,Design
Manhattan,"West 59th Street Marine Transfer Station Construction, Phase 2",1949.0,0.0,2018-03-01T00:00:00.000,126753576.46,347,2018-11-26T00:00:00.000,Sanitation,Construction
Citywide,Emergency Communications Transformation Program (ECTP) Upgrades and Enhancements,2252.0,-31.0,2015-02-01T00:00:00.000,73735148.87,267,2017-11-30T00:00:00.000,IT,IT
,"FDR Rehabilitation, Northbound (East 42nd to 49th Streets)",1816.0,57.0,2022-04-01T00:00:00.000,-2802822.0,502,2029-04-10T00:00:00.000,Bridges,Design
,EITS - Cybersecurity,,,2022-04-01T00:00:00.000,50000000.0,1251,,"Health and Hospitals, IT",IT
,33rd Street West of 11th Avenue (Hudson Yards),611.0,,2021-03-01T00:00:00.000,-1399960.0,1043,,Bridges,
,Power Distribution Improvements at Tallman Island,651.0,1.0,2021-03-01T00:00:00.000,10926063.83,907,2025-12-03T00:00:00.000,Industrial Development,Design
,Brooklyn Public School 730 New Construction,730.0,0.0,2023-01-01T00:00:00.000,6379885.0,876,2023-09-03T00:00:00.000,Schools,Construction
,Cross River and Croton Falls Dam Refacing,298.0,,2021-07-01T00:00:00.000,23950000.0,1092,2026-06-06T00:00:00.000,Water Supply,Design
,"NEW 48"" TRUNK WATER MAIN IN E 233 STREET",1796.0,,2020-10-01T00:00:00.000,1077000.0,998,,Water Supply,
,Reconstruction at 108 Street Pumping Station,666.0,666.0,2023-01-01T00:00:00.000,129214.0,1215,2025-12-25T00:00:00.000,Wastewater Treatment,Construction
Brooklyn,Dumbo and Vinegar Hill Area Roadway Reconstruction and Renovation,3253.0,0.0,2021-07-01T00:00:00.000,96724000.0,193,2024-06-04T00:00:00.000,Streets and Roadways,Construction
"Manhattan, Bronx",Madison Avenue Bridge Reconstruction,1628.0,-38.0,2018-03-01T00:00:00.000,2036997.0,114,2020-07-11T00:00:00.000,Bridges,Construction Procurement
Manhattan,Henry Hudson Parkway over Amtrak (Northbound),1693.0,0.0,2019-01-01T00:00:00.000,500625.0,592,2025-04-08T00:00:00.000,Bridges,Design
Upstate,"Gilboa Dam Reconstruction, Phase IV",1684.0,0.0,2018-03-01T00:00:00.000,33535991.2,406,2021-10-06T00:00:00.000,Water Supply,Construction
,Storm Mitigation Loan Program at Bowery Bay,1026.0,0.0,2023-01-01T00:00:00.000,-19623216.41,671,2023-09-11T00:00:00.000,Wastewater Treatment,Construction
,Coastal Resiliency Area 1 - East 23Rd St. To Montg,836.0,0.0,2019-09-01T00:00:00.000,-418193636.37,773,2023-03-31T00:00:00.000,"Industrial Development, Parks",Design
,"SUNSET PARK GOWANUS CONNECTOR, BK",445.0,0.0,2021-12-01T00:00:00.000,-16441000.0,979,2022-11-27T00:00:00.000,"Parks, Streets and Roadways",Construction
Queens,Belt System - Cross Island over 115th Avenue/Dutch Broadway,1845.0,,2020-05-01T00:00:00.000,17528706.0,558,,Bridges,Design
Brooklyn,Bergen Avenue Street Reconstruction,-388.0,365.0,2016-01-01T00:00:00.000,45837000.0,170,2026-07-18T00:00:00.000,Streets and Roadways,Design
"Bronx, Manhattan",Broadway Bridge over Harlem River Replacement,2797.0,249.0,2019-05-01T00:00:00.000,39724388.0,106,2022-03-25T00:00:00.000,Bridges,Construction
,Upgrades At Brooklyn Animal Shelter,1355.0,,2020-05-01T00:00:00.000,21288000.0,750,,Other Government Facilities,
,Power Distribution Improvements at Tallman Island,651.0,0.0,2020-05-01T00:00:00.000,10926063.83,907,2025-04-05T00:00:00.000,Industrial Development,Design
,Bronx Animal Care Center,110.0,0.0,2023-01-01T00:00:00.000,24815617.0,893,2024-10-19T00:00:00.000,Health and Hospitals,Construction
Manhattan,2nd Avenue Watermain Trunk Construction,2113.0,0.0,2022-04-01T00:00:00.000,-7266000.0,388,2023-07-27T00:00:00.000,Water Supply,Construction
Brooklyn,Coney Island Hospital CSS Building and Perimeter Flood Protection,1243.0,0.0,2017-09-01T00:00:00.000,30635879.93,561,2022-08-08T00:00:00.000,Health and Hospitals,Design
,"RECONSTRUCTION OF FRONT STREET, MANHATTAN",484.0,0.0,2022-09-01T00:00:00.000,6153000.0,1012,2023-10-13T00:00:00.000,Streets and Roadways,Construction
Brooklyn,Brooklyn Supreme Court Fire Alarm System Upgrade,1533.0,264.0,2019-01-01T00:00:00.000,47003000.0,510,2023-07-23T00:00:00.000,Public Safety and Criminal Justice,Design
,Orchard Beach Maintenance and Operations Building Site Work & New Construction,0.0,0.0,2023-01-01T00:00:00.000,-30000.0,1192,2025-06-02T00:00:00.000,Other Government Facilities,Construction
,Storm Mitigation Loan Program at Bowery Bay,1026.0,108.0,2020-01-01T00:00:00.000,-19623216.41,671,2022-03-04T00:00:00.000,Wastewater Treatment,Design
Bronx,Grand Concourse Metro North Railroad Bridge Construction,836.0,0.0,2023-01-01T00:00:00.000,22682117.0,120,2023-01-16T00:00:00.000,Bridges,Construction
Brooklyn,Flatbush Avenue Trunk Watermain Replacement,2266.0,30.0,2016-11-01T00:00:00.000,39272000.0,370,2019-07-01T00:00:00.000,Wastewater Treatment,Design
,Flushing Meadows Corona Park Electrical Vault Reconstruction (Hurricane Sandy),,,2022-04-01T00:00:00.000,-3555909.0,1083,,Parks,Design
,"Construction Of Sanitary Sewers, Storm Sewers (Bm",595.0,56.0,2019-09-01T00:00:00.000,37691000.0,760,2022-11-10T00:00:00.000,Sewers,Construction Procurement
,"Reconstruction of Del Valle Square, Bronx",421.0,0.0,2022-04-01T00:00:00.000,-4589000.0,1243,2024-09-17T00:00:00.000,Streets and Roadways,Construction Procurement
Staten Island,Staten Island 1 & 3 Garage Construction & Rehab,406.0,0.0,2023-01-01T00:00:00.000,68555000.0,769,2024-03-25T00:00:00.000,Sanitation,Construction
,Bronx Sanitation Garage Rehabilitation: Community District 12,1064.0,0.0,2019-09-01T00:00:00.000,0.0,956,2024-07-31T00:00:00.000,Sanitation,Design
,Coastal Resiliency -- Parallel Conveyances,92.0,0.0,2021-12-01T00:00:00.000,32327000.0,1171,2026-06-11T00:00:00.000,Streets and Roadways,Construction Procurement
,Brooklyn Public School 253  Addition,0.0,0.0,2023-01-01T00:00:00.000,0.0,1110,2024-09-03T00:00:00.000,Schools,Construction
,Throgs Neck Pumping Station Rehabilitation and Improvements,1306.0,80.0,2019-05-01T00:00:00.000,25708336.86,722,2023-03-10T00:00:00.000,Wastewater Treatment,Design
Brooklyn,Wyckoff Avenue Street Reconstruction,226.0,1828.0,2021-07-01T00:00:00.000,43926000.0,191,2028-03-30T00:00:00.000,Streets and Roadways,Design
,Manhattan Greenway: East Midtown,487.0,0.0,2020-01-01T00:00:00.000,24840000.0,859,2022-11-30T00:00:00.000,Parks,Construction
,Queens Botanical Garden Educ Bldg Renovation,357.0,140.0,2022-09-01T00:00:00.000,905000.0,1167,2025-11-10T00:00:00.000,Other Government Facilities,Design
,Queensboro Bridge Roadway Replacement over East River,1970.0,1110.0,2018-08-01T00:00:00.000,8567339.67,594,2022-11-04T00:00:00.000,"Bridges, Streets and Roadways",Construction
,FUEL TANK & SUMP REPLACEMENTS - BROOKLYN,663.0,178.0,2021-12-01T00:00:00.000,-1940000.0,899,2025-06-29T00:00:00.000,Industrial Development,Design
Brooklyn,Flatbush Avenue Trunk Watermain Replacement,2266.0,0.0,2019-09-01T00:00:00.000,39272000.0,370,2021-07-12T00:00:00.000,Wastewater Treatment,Construction
,West 33rd Street,1736.0,0.0,2020-01-01T00:00:00.000,0.0,861,2022-11-30T00:00:00.000,Streets and Roadways,Design
Bronx,"Pelham Parkway Roadway Reconstruction, Phase 2",2869.0,-54.0,2016-11-01T00:00:00.000,125164000.0,180,2018-05-27T00:00:00.000,Streets and Roadways,Construction Procurement
Bronx,Replacement of The Digester at The Hunts Point WWTP,1355.0,0.0,2023-01-01T00:00:00.000,72852004.14,580,2026-04-04T00:00:00.000,Wastewater Treatment,Construction
Bronx,Westchester Avenue Bridge over Hutch River Parkway Rehabilitation,1592.0,0.0,2019-05-01T00:00:00.000,20945057.0,112,2021-09-13T00:00:00.000,"Bridges, Streets and Roadways",Construction
,42nd Street Pedestrian Security Measures,0.0,0.0,2023-01-01T00:00:00.000,-1000.0,1238,2029-05-29T00:00:00.000,Streets and Roadways,Design
,BOMB SQUAD BUILDING RECONSTRUCTION,340.0,340.0,2023-01-01T00:00:00.000,218000.0,1257,2025-09-04T00:00:00.000,Other Government Facilities,Construction Procurement
Queens,Power Distribution at Bowery Bay WWTP,1684.0,210.0,2023-01-01T00:00:00.000,24235381.01,522,2025-07-22T00:00:00.000,Wastewater Treatment,Construction
Brooklyn,Reconstruction of the West and North Docks at the OH WWTP,1389.0,,2018-03-01T00:00:00.000,10985726.8,720,2020-05-12T00:00:00.000,Wastewater Treatment,Design
Citywide,Emergency Communications Transformation Program (ECTP) Upgrades and Enhancements,2252.0,0.0,2022-04-01T00:00:00.000,73735148.87,267,2023-03-31T00:00:00.000,IT,IT
Staten Island,CONSTRUCTION OF BMPs NC 6 AND 15 - SI,925.0,0.0,2018-03-01T00:00:00.000,1921000.0,631,2021-11-27T00:00:00.000,Industrial Development,Design
Queens,RECONSTRUCTION OF QUEENS BLVD - PHASE 1,1906.0,74.0,2018-08-01T00:00:00.000,176245000.0,618,2024-01-27T00:00:00.000,Industrial Development,Design
,New 116Th Pct,727.0,570.0,2021-07-01T00:00:00.000,33852900.86,762,2023-12-30T00:00:00.000,Public Safety and Criminal Justice,Construction
Queens,RECONSTRUCTION OF QUEENS BLVD - PHASE 1,1906.0,,2020-05-01T00:00:00.000,176245000.0,618,,Industrial Development,
Manhattan,Harlem River Drive Ramp Reconstruction (George Washington Bridge),2697.0,255.0,2022-09-01T00:00:00.000,-3711870.0,708,2035-04-15T00:00:00.000,"Bridges, Streets and Roadways",Design
,4Th Ave. Safety Improvements Phase II-Vision Zero,1106.0,,2020-05-01T00:00:00.000,-11525000.0,833,,Streets and Roadways,
,150Th St Spine Phase 1 Storm Sewer At Bergen Basin,753.0,,2020-01-01T00:00:00.000,101452000.0,791,,Sewers,
,Replacement of the Main Sewage Pumps System at Coney Island WWTP,26.0,,2022-09-01T00:00:00.000,56845.17,1292,2025-02-20T00:00:00.000,Wastewater Treatment,Construction
Staten Island,Oakwood Beach WWTP Headworks Improvements,2857.0,0.0,2023-01-01T00:00:00.000,31867440.0,450,2029-04-25T00:00:00.000,Wastewater Treatment,Design
Olive,Replacement of the Esopus & Route 28A Railroad Bridges,714.0,65.0,2017-04-01T00:00:00.000,-50461071.35,443,2025-02-09T00:00:00.000,Bridges,Design
,Queens Museum of Art- Phase 2 Expansion,184.0,184.0,2023-01-01T00:00:00.000,2841000.0,1246,2026-10-29T00:00:00.000,Other Government Facilities,Design
Queens,Edgewood Triangle Roadway Reconstruction,3597.0,365.0,2018-03-01T00:00:00.000,106503000.0,204,2022-09-06T00:00:00.000,Streets and Roadways,Design
Staten Island,Oakwood Beach WWTP Headworks Improvements,2857.0,1.0,2020-10-01T00:00:00.000,31867440.0,450,2025-10-17T00:00:00.000,Wastewater Treatment,Construction Procurement
Citywide,Emergency Communications Transformation Program (ECTP) Upgrades and Enhancements,2252.0,,2013-09-01T00:00:00.000,73735148.87,267,2017-12-31T00:00:00.000,IT,IT
,Bush Terminal Development Site Preparation,517.0,214.0,2022-04-01T00:00:00.000,0.0,1086,2025-01-30T00:00:00.000,Industrial Development,Design
Bronx,Replacement of The Digester at The Hunts Point WWTP,1355.0,-49.0,2020-05-01T00:00:00.000,72852004.14,580,2024-12-29T00:00:00.000,Wastewater Treatment,Design
Manhattan,Primary Treatment Improvement at Wards Island WWTP,2142.0,123.0,2020-05-01T00:00:00.000,99651290.98,452,2025-11-01T00:00:00.000,Wastewater Treatment,Design
,Pier 42 and East River Park Connector Program,214.0,153.0,2021-12-01T00:00:00.000,100000.0,1085,2023-08-31T00:00:00.000,Parks,Construction
,Douglaston New Facility,244.0,,2020-05-01T00:00:00.000,5348000.0,960,,Libraries,
,"WATERMAIN REPLACEMENT IN ORIENTAL BLVD, BROOKLYN",443.0,0.0,2023-01-01T00:00:00.000,3715000.0,1165,2024-09-17T00:00:00.000,Streets and Roadways,Construction
Manhattan,Henry Hudson Parkway over Amtrak (Northbound),1693.0,232.0,2020-05-01T00:00:00.000,500625.0,592,2030-02-25T00:00:00.000,Bridges,Design
,East River Esplanade Stabilization and Reconstruction Phase 3,612.0,212.0,2021-12-01T00:00:00.000,3616645.26,973,2024-09-23T00:00:00.000,Parks,Design
,Storm Mitigation Loan Program at Hunts Point,1091.0,94.0,2021-03-01T00:00:00.000,20080597.79,672,2023-02-17T00:00:00.000,Wastewater Treatment,Construction
,Foundational Infrastructure Modernization,,,2022-09-01T00:00:00.000,-1863793.78,1300,2023-12-31T00:00:00.000,IT,IT
Bronx,Bainbridge Avenue Trunk Water Main,1687.0,910.0,2016-11-01T00:00:00.000,25547000.0,454,2018-11-18T00:00:00.000,Water Supply,Construction
Bronx,Westchester Avenue Bridge over Hutch River Parkway Rehabilitation,1592.0,0.0,2022-04-01T00:00:00.000,20945057.0,112,2022-07-23T00:00:00.000,"Bridges, Streets and Roadways",Construction
,253 Broadway NYC. Fire Alarm Raplacement,1553.0,,2020-05-01T00:00:00.000,17827000.0,850,,Other Government Facilities,
Bronx,Grand Concourse Metro North Railroad Bridge Construction,836.0,1.0,2021-12-01T00:00:00.000,22682117.0,120,2023-01-16T00:00:00.000,Bridges,Construction
,Studio Museum in Harlem New Building,856.0,,2019-01-01T00:00:00.000,-190000.0,896,2022-02-25T00:00:00.000,Arts and Culture,Construction
Citywide,Raise Shorelines Citywide,639.0,274.0,2022-09-01T00:00:00.000,0.0,689,2024-09-30T00:00:00.000,Industrial Development,Design
Queens,Roosevelt Avenue Bridge Superstructure and Substructure Repairs,2003.0,0.0,2022-04-01T00:00:00.000,23798213.0,101,2022-12-08T00:00:00.000,Bridges,Construction
Bronx,Bruckner Expressway Westchester Creek Bridge Reconstruction,2086.0,0.0,2019-01-01T00:00:00.000,142277136.0,97,2021-06-30T00:00:00.000,"Bridges, Streets and Roadways",Construction
,Brooklyn Bridge - Approach Arches Rehabilitation,1908.0,664.0,2017-09-01T00:00:00.000,33135732.1,584,2020-09-24T00:00:00.000,Bridges,Design
,New Storm Sewer N Conduit Av-Baisley Blvd,1619.0,0.0,2019-05-01T00:00:00.000,31711000.0,792,2024-09-13T00:00:00.000,Sewers,Design
,Far Rockaway New Facility,-78.0,,2020-05-01T00:00:00.000,-623757.91,730,,Other Government Facilities,
,Far Rockaway New Facility,-78.0,,2020-01-01T00:00:00.000,-623757.91,730,,Other Government Facilities,
,QUEENS 8/10/12  GARAGE REHAB,273.0,0.0,2022-04-01T00:00:00.000,8964000.0,1217,2028-06-30T00:00:00.000,Sanitation,Design
Manhattan,"West 59th Street Marine Transfer Station Construction, Phase 2",1949.0,163.0,2018-08-01T00:00:00.000,126753576.46,347,2019-05-08T00:00:00.000,Sanitation,Construction
,Cunningham Park Garage Reconstruction,703.0,,2020-01-01T00:00:00.000,0.0,1019,,Parks,Design
Citywide,Electronic Medical Records Upgrade,2032.0,755.0,2017-09-01T00:00:00.000,15184947.0,403,2020-12-31T00:00:00.000,"Health and Hospitals, IT",IT
,Brooklyn Public School 730 New Construction,730.0,365.0,2021-12-01T00:00:00.000,6379885.0,876,2023-09-03T00:00:00.000,Schools,Construction
Brooklyn,Sunset Park Infrastructure,1290.0,,2017-04-01T00:00:00.000,31633941.69,574,2020-10-18T00:00:00.000,Industrial Development,Design
,East River Esplanade Stabilization and Reconstruction Phase 2,156.0,,2021-07-01T00:00:00.000,0.0,1082,,Parks,Design
Queens,TLC - NEW OFFICE FACILITY - 24-55 BQE WEST,1248.0,214.0,2018-08-01T00:00:00.000,75370000.0,665,2023-07-02T00:00:00.000,Other Government Facilities,Design
,New Westchester Square,471.0,,2021-07-01T00:00:00.000,0.0,1147,2025-08-28T00:00:00.000,Other Government Facilities,Construction Procurement
,Park Avenue Tunnel (Murray Hill),1568.0,0.0,2018-03-01T00:00:00.000,-17773389.61,536,2019-01-25T00:00:00.000,Bridges,Construction
,Battery Park Underpass Emergency Relief Betterments,1197.0,0.0,2019-05-01T00:00:00.000,47923308.0,540,2022-03-30T00:00:00.000,Bridges,Design
Brooklyn,"Coney Island Area, Phase 3A",1215.0,,2020-01-01T00:00:00.000,25273000.0,516,,Industrial Development,
,Sewer When & Where Seq,1377.0,,2020-10-01T00:00:00.000,3200000.0,794,,Sewers,
,FUEL TANK & SUMP REPLACEMENTS - MANHATTAN/S.I.,663.0,-158.0,2022-09-01T00:00:00.000,-1754000.0,900,2025-01-22T00:00:00.000,Industrial Development,Construction
Marlboro,Rondout-West Branch Bypass Tunnel Construction Project 2,256.0,0.0,2014-05-01T00:00:00.000,202552329.25,409,2024-05-01T00:00:00.000,Water Supply,Design
,Storm & Combined Sewers In 229 Street,652.0,,2020-10-01T00:00:00.000,-9148000.0,776,,Sewers,
Manhattan,Metropolitan Hospital Perimeter Flood Protection,1452.0,0.0,2022-04-01T00:00:00.000,27046705.0,562,2027-04-02T00:00:00.000,Industrial Development,Construction Procurement
,Cross River and Croton Falls Dam Refacing,298.0,0.0,2023-01-01T00:00:00.000,23950000.0,1092,2027-03-31T00:00:00.000,Water Supply,Design
,TRENCH RESTORATION BROOKLYN,1467.0,,2020-05-01T00:00:00.000,6536000.0,855,,Industrial Development,
Bronx,Pelham Bay Equestrian Park over Amtrak,1029.0,,2019-09-01T00:00:00.000,137997.0,703,,Bridges,Design
,Brooklyn Public School 730 New Construction,730.0,365.0,2020-10-01T00:00:00.000,6379885.0,876,2022-09-03T00:00:00.000,Schools,Construction
,FUEL TANK REPLACEMENT - 71,548.0,0.0,2022-09-01T00:00:00.000,3444000.0,935,2024-03-20T00:00:00.000,Industrial Development,Construction
,BROAD CHANNEL BULKHEADS - PH II,-74.0,0.0,2021-12-01T00:00:00.000,61781000.0,617,2024-06-14T00:00:00.000,Industrial Development,Construction
Staten Island,Oakwood Beach WWTP Headworks Improvements,2857.0,-26.0,2017-09-01T00:00:00.000,31867440.0,450,2022-04-09T00:00:00.000,Wastewater Treatment,Design
,New Ferry Boat Construction,549.0,268.0,2021-12-01T00:00:00.000,-238419180.0,94,2022-08-31T00:00:00.000,Ferries,Construction
City of Yonkers,Hillview Reservoir Chemical Addition Facilities,82.0,0.0,2021-07-01T00:00:00.000,159902202.01,669,2029-03-28T00:00:00.000,Water Supply,Design
,FUEL TANK & SUMP REPLACEMENTS - MANHATTAN/S.I.,663.0,91.0,2019-09-01T00:00:00.000,-1754000.0,900,2023-06-30T00:00:00.000,Industrial Development,Design
,Orchard Beach Pavilion,942.0,0.0,2019-05-01T00:00:00.000,35628847.0,858,2022-08-01T00:00:00.000,Parks,Design
,Bronx Sanitation Garage Rehabilitation: Community District 12,1064.0,0.0,2021-03-01T00:00:00.000,0.0,956,2025-07-31T00:00:00.000,Sanitation,Design
,HIGH LEVEL STM SEWERS IN GOWANUS CANAL AREA-PH II,813.0,,2018-08-01T00:00:00.000,8657000.0,849,2021-03-30T00:00:00.000,Sewers,Construction Procurement
,Far Rockaway New Facility,-78.0,247.0,2022-09-01T00:00:00.000,-623757.91,730,2023-02-01T00:00:00.000,Other Government Facilities,Construction
,SUNSET PARK NORTH BK WATERFRONT GREENWAY,1096.0,,2021-07-01T00:00:00.000,20345000.0,1176,2024-03-15T00:00:00.000,Streets and Roadways,Design
,Power Distribution Improvements at Tallman Island,651.0,80.0,2022-09-01T00:00:00.000,10926063.83,907,2026-06-04T00:00:00.000,Industrial Development,Construction Procurement
,SOUTHEAST QUEENS PRIORITY GRIDS - GROUP 2,1630.0,,2021-03-01T00:00:00.000,14480000.0,847,,Streets and Roadways,
Bronx,Westchester Avenue Bridge over Hutch River Parkway Rehabilitation,1592.0,184.0,2016-06-01T00:00:00.000,20945057.0,112,2020-11-01T00:00:00.000,"Bridges, Streets and Roadways",Design
,Accessible Pedestrian Signals,,,2022-09-01T00:00:00.000,-3567000.0,1317,,Streets and Roadways,Construction Procurement
,Far Rockaway New Facility,-78.0,-318.0,2019-09-01T00:00:00.000,-623757.91,730,2020-09-15T00:00:00.000,Other Government Facilities,Construction
,WOODHAVEN BLVD QUEENS BLVD BIN# 2248159,932.0,,2021-07-01T00:00:00.000,2052000.0,1128,2025-07-06T00:00:00.000,Bridges,Design
,South Bronx East-West Crosstown SBS,626.0,,2020-05-01T00:00:00.000,3130000.0,1008,,Streets and Roadways,
,Douglaston New Facility,244.0,-56.0,2022-04-01T00:00:00.000,5348000.0,960,2026-08-10T00:00:00.000,Libraries,Design
,Shore Road Bridge over Hutchinson River,1477.0,0.0,2019-05-01T00:00:00.000,-19049921.84,541,2025-12-17T00:00:00.000,"Bridges, Streets and Roadways",Design
Brooklyn,Coney Island Hospital CSS Building and Perimeter Flood Protection,1243.0,72.0,2023-01-01T00:00:00.000,30635879.93,561,2024-07-03T00:00:00.000,Health and Hospitals,Construction
Queens,Metropolitan Avenue Bridge over CSX Transport,2027.0,0.0,2018-03-01T00:00:00.000,4699394.0,556,2024-09-02T00:00:00.000,"Bridges, Streets and Roadways",Design
Brooklyn,Bergen Avenue Street Reconstruction,-388.0,849.0,2019-01-01T00:00:00.000,45837000.0,170,2023-06-24T00:00:00.000,Streets and Roadways,Construction
Bronx,East 156th Street Bridge over Access to Housing,1720.0,531.0,2021-12-01T00:00:00.000,-363846.0,588,2029-02-19T00:00:00.000,"Bridges, Streets and Roadways",Design
,Queens Public School 032  Addition,0.0,0.0,2021-12-01T00:00:00.000,0.0,1108,2024-09-03T00:00:00.000,Schools,Construction
,New Ferry Boat Construction,549.0,0.0,2021-07-01T00:00:00.000,-238419180.0,94,2021-12-06T00:00:00.000,Ferries,Construction
Bronx,Jerome Reservoir and Aqueduct Rehabilitation,2363.0,-79.0,2018-03-01T00:00:00.000,-833277.14,448,2021-05-14T00:00:00.000,Water Supply,Design
,Bush Terminal Development Site Preparation,517.0,121.0,2022-09-01T00:00:00.000,0.0,1086,2025-05-31T00:00:00.000,Industrial Development,Construction Procurement
Citywide,Catskill Aqueduct Repair and Rehabilitation,1517.0,654.0,2017-04-01T00:00:00.000,9642889.68,478,2019-12-19T00:00:00.000,Water Supply,Design
Bronx,Westchester Avenue Bridge over Hutch River Parkway Rehabilitation,1592.0,,2020-01-01T00:00:00.000,20945057.0,112,,"Bridges, Streets and Roadways",Construction
,RECONSTRUCTION OF EMPIRE BLVD/BED-796,223.0,0.0,2023-01-01T00:00:00.000,8554000.0,1213,2023-06-18T00:00:00.000,Streets and Roadways,Construction
,"SAN & STRM SEWER, WM IN CONEY ISLAND AREA, PH 4",1431.0,153.0,2022-09-01T00:00:00.000,1984000.0,1009,2027-07-10T00:00:00.000,Sewers,Design
,Storm & Combined Sewers In 229 Street,652.0,,2018-03-01T00:00:00.000,-9148000.0,776,2021-09-16T00:00:00.000,Sewers,Construction Procurement
Staten Island,CONSTRUCTION OF BMPs NC 6 AND 15 - SI,925.0,,2021-07-01T00:00:00.000,1921000.0,631,,Industrial Development,
,Manhattan Greenway: Harlem River,888.0,122.0,2022-04-01T00:00:00.000,0.0,860,2025-09-30T00:00:00.000,Parks,Design
,Bronx Public School 108  Addition,0.0,0.0,2023-01-01T00:00:00.000,0.0,1109,2024-09-03T00:00:00.000,Schools,Construction
Brooklyn,Coney Island Hospital CSS Building and Perimeter Flood Protection,1243.0,113.0,2022-09-01T00:00:00.000,30635879.93,561,2024-04-22T00:00:00.000,Health and Hospitals,Construction
Valhalla,Kensico Eastview Connection Tunnel Construction,3132.0,933.0,2022-04-01T00:00:00.000,881770648.0,554,2033-12-05T00:00:00.000,Water Supply,Design
Bronx,Jerome Reservoir and Aqueduct Rehabilitation,2363.0,-347.0,2016-11-01T00:00:00.000,-833277.14,448,2020-07-10T00:00:00.000,Water Supply,Design
,Bronx Sanitation Garage Rehabilitation: Community District 6,913.0,0.0,2020-10-01T00:00:00.000,0.0,971,2025-06-30T00:00:00.000,Sanitation,Design
,Queens Public School 343  New Construction,0.0,0.0,2021-12-01T00:00:00.000,0.0,1111,2023-09-03T00:00:00.000,Schools,Construction
"Manhattan, Bronx",Madison Avenue Bridge Reconstruction,1628.0,0.0,2020-10-01T00:00:00.000,2036997.0,114,2022-04-13T00:00:00.000,Bridges,Construction
Brooklyn,Flatbush Avenue Trunk Watermain Replacement,2266.0,0.0,2018-08-01T00:00:00.000,39272000.0,370,2021-07-12T00:00:00.000,Wastewater Treatment,Construction
,Queens Botanical Garden Educ Bldg Renovation,357.0,154.0,2021-12-01T00:00:00.000,905000.0,1167,2025-04-11T00:00:00.000,Other Government Facilities,Design
,Sewer When & Where Seq,1377.0,90.0,2022-04-01T00:00:00.000,3200000.0,794,2025-07-20T00:00:00.000,Sewers,Design
Brooklyn,Bergen Avenue Street Reconstruction,-388.0,,2020-05-01T00:00:00.000,45837000.0,170,,Streets and Roadways,
Manhattan,253 Broadway Landmark's Space Renovations,1696.0,153.0,2019-01-01T00:00:00.000,35010000.0,639,2020-06-01T00:00:00.000,Other Government Facilities,Construction
,Park Avenue Tunnel (Murray Hill),1568.0,98.0,2019-05-01T00:00:00.000,-17773389.61,536,2020-07-10T00:00:00.000,Bridges,Construction
Brooklyn,"Coney Island Area, Phase 3A",1215.0,0.0,2019-09-01T00:00:00.000,25273000.0,516,2023-10-27T00:00:00.000,Industrial Development,Construction Procurement
Bronx,Pelham Parkway Bridge Reconstruction over Hutchinson Parkway,1934.0,120.0,2019-05-01T00:00:00.000,10338071.57,506,2027-01-04T00:00:00.000,"Bridges, Streets and Roadways",Design
,P.S. 163 - BRONX New Construction,0.0,101.0,2022-04-01T00:00:00.000,-6925988.0,1219,2024-12-13T00:00:00.000,Schools,Construction Procurement
,Brooklyn Public School 322  New Construction,0.0,0.0,2021-12-01T00:00:00.000,0.0,1104,2024-09-03T00:00:00.000,Schools,Construction
,Douglaston New Facility,244.0,,2020-10-01T00:00:00.000,5348000.0,960,,Libraries,
Queens,Dutch Kills and Lower Newtown Creek Enhanced Aeration Work,1891.0,139.0,2018-08-01T00:00:00.000,-4338327.57,313,2022-12-12T00:00:00.000,Wastewater Treatment,Construction Procurement
,RECONSTRUCTION OF ROADWAYS AT RANDALL'S ISLAND,699.0,,2022-04-01T00:00:00.000,0.0,1260,2025-02-22T00:00:00.000,Streets and Roadways,Design
,Bronx Public School 108  Addition,0.0,,2021-07-01T00:00:00.000,0.0,1109,2024-09-03T00:00:00.000,Schools,Construction Procurement
,CONSTRUCTION OF A FLOOD PROTECTION SYSTEM FROM EAST 25TH ST TO EAST 30TH ST ALONG THE EAST SIDE OF MANHATTAN,333.0,0.0,2023-01-01T00:00:00.000,5000000.0,1186,2028-10-19T00:00:00.000,Streets and Roadways,Design
,Manhattan Greenway: East Midtown,487.0,0.0,2021-03-01T00:00:00.000,24840000.0,859,2022-11-30T00:00:00.000,Parks,Construction
,Replacement of the Main Sewage Pumps System at Coney Island WWTP,26.0,26.0,2023-01-01T00:00:00.000,56845.17,1292,2025-03-18T00:00:00.000,Wastewater Treatment,Construction
,TRENCH RESTORATION BROOKLYN,1467.0,0.0,2019-01-01T00:00:00.000,6536000.0,855,2022-09-09T00:00:00.000,Industrial Development,Design
Bronx,East 180th Street over Metro North Railroad (Harrison Line),664.0,10.0,2021-07-01T00:00:00.000,4194366.0,811,2023-10-26T00:00:00.000,Bridges,Construction
,HIGH LEVEL STM SEWERS IN GOWANUS CANAL AREA-PH II,813.0,0.0,2019-09-01T00:00:00.000,8657000.0,849,2021-09-29T00:00:00.000,Sewers,Construction
,Upgrades At Brooklyn Animal Shelter,1355.0,,2020-01-01T00:00:00.000,21288000.0,750,,Other Government Facilities,
,Tompkinsville Esplanade,944.0,0.0,2020-05-01T00:00:00.000,10582596.0,963,2023-07-31T00:00:00.000,Parks,Design
Manhattan,Henry Hudson Parkway over Amtrak (Northbound),1693.0,45.0,2022-04-01T00:00:00.000,500625.0,592,2029-07-01T00:00:00.000,Bridges,Design
"Bronx, Manhattan",Broadway Bridge over Harlem River Replacement,2797.0,-60.0,2016-01-01T00:00:00.000,39724388.0,106,2020-11-13T00:00:00.000,Bridges,Design
,Tompkinsville Esplanade,944.0,0.0,2022-04-01T00:00:00.000,10582596.0,963,2025-10-30T00:00:00.000,Parks,Design
City of Yonkers,Hillview Reservoir Chemical Addition Facilities,82.0,-46.0,2023-01-01T00:00:00.000,159902202.01,669,2029-02-10T00:00:00.000,Water Supply,Construction Procurement
,"Combined Sewer In 70Th Street, Queens",1155.0,194.0,2018-08-01T00:00:00.000,94201000.0,788,2020-12-22T00:00:00.000,Sewers,Construction Procurement
,"City Tunnel No.3, Stage 2 in Queens and Brooklyn, Construction of Shaft 17B and 18B",119.0,0.0,2021-07-01T00:00:00.000,3150108.42,1042,2027-01-24T00:00:00.000,Water Supply,Construction
,Lower Concourse: Park,456.0,0.0,2020-05-01T00:00:00.000,0.0,961,2023-12-31T00:00:00.000,Parks,Design
Brooklyn,Coney Island Hospital CSS Building and Perimeter Flood Protection,1243.0,21.0,2021-03-01T00:00:00.000,30635879.93,561,2023-08-21T00:00:00.000,Health and Hospitals,Construction
Citywide,Electronic Medical Records Upgrade,2032.0,0.0,2015-02-01T00:00:00.000,15184947.0,403,2018-12-31T00:00:00.000,"Health and Hospitals, IT",IT
,New York State Pavilion Observation Towers Reconstruction,772.0,0.0,2020-10-01T00:00:00.000,1000.0,1018,2021-07-20T00:00:00.000,Parks,Construction
Brooklyn,"5th Avenue Bridge Reconstruction over LIRR and Sea Beach, Brooklyn",969.0,-20.0,2022-09-01T00:00:00.000,36577693.0,504,2027-11-13T00:00:00.000,Bridges,Design
Bronx,Bruckner Expressway Westchester Creek Bridge Reconstruction,2086.0,0.0,2018-08-01T00:00:00.000,142277136.0,97,2021-06-30T00:00:00.000,"Bridges, Streets and Roadways",Construction
Marlboro,Rondout-West Branch Bypass Tunnel Construction Project 2,256.0,2.0,2022-04-01T00:00:00.000,202552329.25,409,2023-10-14T00:00:00.000,Water Supply,Construction
,"FDR Rehabilitation, Northbound (East 42nd to 49th Streets)",1816.0,,2021-03-01T00:00:00.000,-2802822.0,502,,Bridges,
Queens,49th Avenue Bridge Replacement,1449.0,,2020-01-01T00:00:00.000,32902419.0,131,,"Bridges, Streets and Roadways",Design
,Parking Meters Retrofitted for License Plate Recognition,,,2022-09-01T00:00:00.000,-500.0,1069,,Streets and Roadways,Construction
,SAFE ROUTES TO SCHOOL MANHATTAN,505.0,0.0,2023-01-01T00:00:00.000,7175000.0,1181,2026-04-16T00:00:00.000,Streets and Roadways,Design
,Reconstruction Of Trinity Pl,730.0,0.0,2023-01-01T00:00:00.000,13224000.0,755,2026-06-29T00:00:00.000,Streets and Roadways,Construction Procurement
,Coastal Resiliency – Project Area 2,0.0,0.0,2023-01-01T00:00:00.000,448000.0,1170,2024-10-13T00:00:00.000,Streets and Roadways,Construction
,FUEL TANK & SUMP REPLACEMENTS - MANHATTAN/S.I.,663.0,0.0,2023-01-01T00:00:00.000,-1754000.0,900,2025-01-22T00:00:00.000,Industrial Development,Construction
,"DOE - DIRECT INSTALL LIGHTING PROGRAM - 605 SHEPHERD AVE, BK",,,2023-01-01T00:00:00.000,,1334,2024-07-31T00:00:00.000,Schools,Design
,East River Esplanade Stabilization and Reconstruction Phase 3,612.0,61.0,2022-04-01T00:00:00.000,3616645.26,973,2024-11-23T00:00:00.000,Parks,Design
,FUEL TANK & SUMP REPLACEMENTS - BRONX,663.0,,2020-01-01T00:00:00.000,-1834000.0,901,,Industrial Development,
Citywide,Emergency Communications Transformation Program (ECTP) Upgrades and Enhancements,2252.0,731.0,2017-04-01T00:00:00.000,73735148.87,267,2019-12-01T00:00:00.000,IT,IT
,Network Infrastructure Refresh Program,,,2022-09-01T00:00:00.000,180514000.0,863,,"Health and Hospitals, IT",IT
,RECONSTRUCTION OF ROADWAYS AT RANDALL'S ISLAND,699.0,0.0,2023-01-01T00:00:00.000,0.0,1260,2027-01-22T00:00:00.000,Streets and Roadways,Design
,"Construction Of Sanitary Sewers, Storm Sewers (Bm",595.0,157.0,2023-01-01T00:00:00.000,37691000.0,760,2023-11-30T00:00:00.000,Sewers,Construction
Queens,Edgewood Triangle Roadway Reconstruction,3597.0,574.0,2019-05-01T00:00:00.000,106503000.0,204,2024-03-22T00:00:00.000,Streets and Roadways,Design
Citywide,The Reconstruction of The Lower Catskill Aqueduct,1421.0,0.0,2021-03-01T00:00:00.000,-65760729.0,667,2027-03-29T00:00:00.000,Water Supply,Design
,4Th Ave. Safety Improvements Phase II-Vision Zero,1106.0,0.0,2023-01-01T00:00:00.000,-11525000.0,833,2024-06-17T00:00:00.000,Streets and Roadways,Construction
,Alley Pond Environmental Center Reconstruction,556.0,238.0,2022-09-01T00:00:00.000,1641000.0,1017,2023-03-24T00:00:00.000,Parks,Construction
Citywide,Catskill Aqueduct Repair and Rehabilitation,1517.0,0.0,2022-04-01T00:00:00.000,9642889.68,478,2022-08-01T00:00:00.000,Water Supply,Construction
Valhalla,Kensico Eastview Connection Tunnel Construction,3132.0,0.0,2021-12-01T00:00:00.000,881770648.0,554,2031-05-17T00:00:00.000,Water Supply,Design
Queens,Roosevelt Avenue Bridge Superstructure and Substructure Repairs,2003.0,0.0,2018-03-01T00:00:00.000,23798213.0,101,2019-05-27T00:00:00.000,Bridges,Construction
,SOUTH BROOKLYN CROSSTOWN SBS,819.0,490.0,2021-07-01T00:00:00.000,29789000.0,843,2026-03-18T00:00:00.000,Industrial Development,Design
,Queens Public School 46 Additionl,365.0,0.0,2021-12-01T00:00:00.000,0.0,1027,2023-09-03T00:00:00.000,Schools,Construction
Bronx,Pelham Parkway Bridge Reconstruction over Hutchinson Parkway,1934.0,3.0,2021-07-01T00:00:00.000,10338071.57,506,2028-02-05T00:00:00.000,"Bridges, Streets and Roadways",Design
,Queensboro Bridge Roadway Replacement over East River,1970.0,3893.0,2023-01-01T00:00:00.000,8567339.67,594,2024-09-28T00:00:00.000,"Bridges, Streets and Roadways",Construction
,RECONSTRUCTION OF QUEENS BLVD - PHASE 3,0.0,,2021-12-01T00:00:00.000,0.0,1152,,Streets and Roadways,Design
Queens,Metropolitan Avenue Bridge over CSX Transport,2027.0,298.0,2020-01-01T00:00:00.000,4699394.0,556,2027-12-14T00:00:00.000,"Bridges, Streets and Roadways",Design
,4Th Ave. Safety Improvements Phase II-Vision Zero,1106.0,51.0,2018-08-01T00:00:00.000,-11525000.0,833,2021-07-28T00:00:00.000,Streets and Roadways,Construction Procurement
,New Storm Sewer N Conduit Av-Baisley Blvd,1619.0,126.0,2021-12-01T00:00:00.000,31711000.0,792,2026-09-25T00:00:00.000,Sewers,Design
,P.S. 5 - STATEN ISLAND Addition,0.0,,2022-09-01T00:00:00.000,0.0,1303,2025-09-03T00:00:00.000,Schools,Construction
Marlboro,Rondout-West Branch Bypass Tunnel Construction Project 2,256.0,0.0,2016-01-01T00:00:00.000,202552329.25,409,2025-12-05T00:00:00.000,Water Supply,Construction
,MULTI-SITE PEDESTRIAN SAFETY PHASE 5,1126.0,,2020-10-01T00:00:00.000,-4087000.0,1004,,Streets and Roadways,
,253 Broadway NYC. Fire Alarm Raplacement,1553.0,,2021-03-01T00:00:00.000,17827000.0,850,,Other Government Facilities,
,Network Infrastructure Refresh Program,,,2022-04-01T00:00:00.000,180514000.0,863,,"Health and Hospitals, IT",IT
,Flushing Meadows Corona Park World's Fair Marina Reconstruction (Hurricane Sandy),708.0,147.0,2021-12-01T00:00:00.000,4947362.68,1031,2025-03-23T00:00:00.000,Parks,Design
Olive,Replacement of the Esopus & Route 28A Railroad Bridges,714.0,18.0,2019-09-01T00:00:00.000,-50461071.35,443,2024-06-07T00:00:00.000,Bridges,Design
,Supreme Courthouse Fire Alarm/ Protection Upgrade,1319.0,122.0,2022-09-01T00:00:00.000,37248610.0,837,2027-05-17T00:00:00.000,Public Safety and Criminal Justice,Design
Brooklyn,Reconstruction of the West and North Docks at the OH WWTP,1389.0,0.0,2022-09-01T00:00:00.000,10985726.8,720,2024-05-09T00:00:00.000,Wastewater Treatment,Construction
,Storm Mitigation Loan Program at Bowery Bay,1026.0,0.0,2021-07-01T00:00:00.000,-19623216.41,671,2022-09-01T00:00:00.000,Wastewater Treatment,Construction
,Croton Above Ground Structure And Landscaping,897.0,,2018-03-01T00:00:00.000,75117000.0,747,2021-07-01T00:00:00.000,Industrial Development,Construction Procurement
Olive,Replacement of the Esopus & Route 28A Railroad Bridges,714.0,-65.0,2017-09-01T00:00:00.000,-50461071.35,443,2024-12-06T00:00:00.000,Bridges,Design
,GI - GRAVESEND BAY CSO - PHASE I,302.0,,2021-07-01T00:00:00.000,21181000.0,1185,2025-10-14T00:00:00.000,Streets and Roadways,Design
Olive,Replacement of the Esopus & Route 28A Railroad Bridges,714.0,0.0,2022-09-01T00:00:00.000,-50461071.35,443,2025-11-09T00:00:00.000,Bridges,Construction
Bronx,West Tremont Avenue over Metro North Railroad,1253.0,253.0,2018-03-01T00:00:00.000,37794543.0,503,2025-01-07T00:00:00.000,Bridges,Design
,Flushing Meadows Corona Park Electrical Vault Reconstruction (Hurricane Sandy),,,2021-07-01T00:00:00.000,-3555909.0,1083,,Parks,Design
,"Combined Sewer And Wm Work In 71 Street, Queens",1889.0,61.0,2019-09-01T00:00:00.000,27172000.0,789,2023-10-29T00:00:00.000,Sewers,Design
,Rego Park New Facility,474.0,268.0,2022-09-01T00:00:00.000,535000.0,1145,2026-11-30T00:00:00.000,Other Government Facilities,Design
Bronx,Pelham Parkway Bridge Reconstruction over Hutchinson Parkway,1934.0,189.0,2019-01-01T00:00:00.000,10338071.57,506,2026-09-06T00:00:00.000,"Bridges, Streets and Roadways",Design
,SAFE ROUTES TO SCHOOL MANHATTAN,505.0,281.0,2022-09-01T00:00:00.000,7175000.0,1181,2026-04-16T00:00:00.000,Streets and Roadways,Design
Bronx,Pelham Parkway Bridge Reconstruction over Hutchinson Parkway,1934.0,187.0,2018-08-01T00:00:00.000,10338071.57,506,2026-03-01T00:00:00.000,"Bridges, Streets and Roadways",Design
,BBJ Queens Garage - Construction of new multi-level Garage with Community Space,547.0,547.0,2023-01-01T00:00:00.000,1314000.0,1156,2023-04-11T00:00:00.000,Other Government Facilities,
Staten Island,Hannah Street Pumping Station Construction,3238.0,0.0,2021-12-01T00:00:00.000,67909196.8,364,2024-06-05T00:00:00.000,Wastewater Treatment,Construction
,"Combined Sewer In 70Th Street, Queens",1155.0,0.0,2021-07-01T00:00:00.000,94201000.0,788,2023-08-10T00:00:00.000,Sewers,Construction
Staten Island,CONSTRUCTION OF BMPs NC 6 AND 15 - SI,925.0,0.0,2018-08-01T00:00:00.000,1921000.0,631,2021-11-27T00:00:00.000,Industrial Development,Design
,"SAN & STRM SEWER, WM IN CONEY ISLAND AREA, PH 4",1431.0,,2020-01-01T00:00:00.000,1984000.0,1009,,Sewers,
Bronx,Westchester Avenue Bridge over Hutch River Parkway Rehabilitation,1592.0,0.0,2017-04-01T00:00:00.000,20945057.0,112,2021-09-13T00:00:00.000,"Bridges, Streets and Roadways",Construction
,Arrestors for all slips,,,2023-01-01T00:00:00.000,,1362,,Ferries,
Staten Island,Roma and Hett Avenue Storm and Sanitary Sewer Installation,-8.0,,2020-10-01T00:00:00.000,62973000.0,206,,Sewers,
,SUNSET PARK NORTH BK WATERFRONT GREENWAY,1096.0,275.0,2022-04-01T00:00:00.000,20345000.0,1176,2025-04-14T00:00:00.000,Streets and Roadways,Design
Manhattan,253 Broadway Landmark's Space Renovations,1696.0,29.0,2019-05-01T00:00:00.000,35010000.0,639,2020-06-30T00:00:00.000,Other Government Facilities,Construction
,Pier 35 & 36 Substructure Rehab,56.0,56.0,2023-01-01T00:00:00.000,-119030592.92,1290,2027-09-26T00:00:00.000,Industrial Development,Construction Procurement
,33rd Street West of 11th Avenue (Hudson Yards),611.0,,2020-10-01T00:00:00.000,-1399960.0,1043,,Bridges,Design
,GATEWAY ESTATE - PHASE E/BED-805,584.0,219.0,2021-12-01T00:00:00.000,38077000.0,1201,2022-06-30T00:00:00.000,Streets and Roadways,Construction
,BROWNSVILLE LIBRARY MAJOR RENOVATIONS,916.0,,2020-01-01T00:00:00.000,6752000.0,977,,Libraries,
,"Construction Of Sanitary Sewers, Storm Sewers (Bm",595.0,-1.0,2019-05-01T00:00:00.000,37691000.0,760,2022-09-15T00:00:00.000,Sewers,Construction Procurement
Manhattan,Riverside Drive/West 158th Street Bridge Rehabilitation,2152.0,901.0,2015-02-01T00:00:00.000,96922794.0,113,2021-12-17T00:00:00.000,"Bridges, Streets and Roadways",Design
Upstate,"Gilboa Dam Reconstruction, Phase III",1113.0,0.0,2018-08-01T00:00:00.000,10376533.49,405,2020-10-12T00:00:00.000,Water Supply,Construction
Manhattan,2nd Avenue Watermain Trunk Construction,2113.0,,2021-03-01T00:00:00.000,-7266000.0,388,,Water Supply,
Bronx,Concourse Village Avenue over Metro North,1865.0,-173.0,2022-09-01T00:00:00.000,-186092.37,587,2029-03-02T00:00:00.000,Bridges,Design
Bronx,Grand Concourse Metro North Railroad Bridge Construction,836.0,18.0,2017-09-01T00:00:00.000,22682117.0,120,2021-03-23T00:00:00.000,Bridges,Design
Queens,"STM & SAN SWR, WILLET PT BLVD WHITESTONE AREA, PH2",642.0,0.0,2019-09-01T00:00:00.000,41243000.0,651,2022-09-15T00:00:00.000,Sewers,Construction
Citywide,Catskill Aqueduct Repair and Rehabilitation,1517.0,15.0,2023-01-01T00:00:00.000,9642889.68,478,2022-11-30T00:00:00.000,Water Supply,Construction
,Reconstruct Main Sewage Pump Controls at Port Richmond WWTP,516.0,-127.0,2023-01-01T00:00:00.000,26923720.62,948,2026-05-23T00:00:00.000,Wastewater Treatment,Construction Procurement
,Battery Park Underpass Emergency Relief Betterments,1197.0,53.0,2022-09-01T00:00:00.000,47923308.0,540,2025-01-19T00:00:00.000,Bridges,Design
,SOUTH BROOKLYN CROSSTOWN SBS,819.0,,2018-08-01T00:00:00.000,29789000.0,843,2024-08-01T00:00:00.000,Industrial Development,Design
,Hudson River Drainage Chamber Rehabilitation,-30.0,,2022-04-01T00:00:00.000,502287.0,1277,2028-03-31T00:00:00.000,Water Supply,Design
"Bronx, Manhattan",Broadway Bridge over Harlem River Replacement,2797.0,,2021-03-01T00:00:00.000,39724388.0,106,,Bridges,
Bronx,West Tremont Avenue over Metro North Railroad,1253.0,154.0,2020-01-01T00:00:00.000,37794543.0,503,2026-11-23T00:00:00.000,Bridges,Design
"Manhattan, Bronx",Madison Avenue Bridge Reconstruction,1628.0,412.0,2017-09-01T00:00:00.000,2036997.0,114,2020-08-18T00:00:00.000,Bridges,Design
,FUEL TANK REPLACEMENT,914.0,0.0,2021-12-01T00:00:00.000,-6429000.0,1005,2024-10-04T00:00:00.000,Industrial Development,Construction
,"FDR Rehabilitation, Northbound (East 42nd to 49th Streets)",1816.0,-510.0,2017-09-01T00:00:00.000,-2802822.0,502,2025-04-01T00:00:00.000,Bridges,Design
New York,North River Wastewater Treatment Plant Cogeneration and Electrification,1712.0,46.0,2020-10-01T00:00:00.000,134242052.88,423,2023-01-15T00:00:00.000,Wastewater Treatment,Construction
,"Red Hook Recreation Area Track 1, Soccer Fields 3-5, and Ballfields 1-4 Reconstruction",1082.0,0.0,2022-09-01T00:00:00.000,-10555000.0,974,2023-01-03T00:00:00.000,Parks,Construction
,EDGEMERE (PHASE C1) - (INCLUDING SEQ002562/200406),,,2022-09-01T00:00:00.000,-10000.0,1189,,Streets and Roadways,
,Storm & Combined Sewers In 229 Street,652.0,,2020-05-01T00:00:00.000,-9148000.0,776,,Sewers,
,Storm Mitigation Loan Program at Hunts Point,1091.0,273.0,2022-09-01T00:00:00.000,20080597.79,672,2023-11-17T00:00:00.000,Wastewater Treatment,Construction
Bronx,East 174th Street over Sheridan Expressway - Amtrak,1431.0,297.0,2019-05-01T00:00:00.000,5146882.0,701,2026-11-09T00:00:00.000,Bridges,Design
,RECONSTRUCTION OF QUEENS BLVD - PHASE 3,0.0,,2022-04-01T00:00:00.000,0.0,1152,,Streets and Roadways,Design
,Bronx Public School 468  New Construction,0.0,0.0,2023-01-01T00:00:00.000,0.0,1106,2024-09-03T00:00:00.000,Schools,Construction
,Central Park Light Infrastructure,1535.0,66.0,2018-03-01T00:00:00.000,-3323649.6,586,2019-08-23T00:00:00.000,"Parks, Streets and Roadways",Construction
Queens,Metropolitan Avenue Bridge over CSX Transport,2027.0,199.0,2022-04-01T00:00:00.000,4699394.0,556,2029-07-16T00:00:00.000,"Bridges, Streets and Roadways",Design
,150Th St Spine Phase 1 Storm Sewer At Bergen Basin,753.0,157.0,2023-01-01T00:00:00.000,101452000.0,791,2026-09-07T00:00:00.000,Sewers,Design
Bronx,Grand Concourse Metro North Railroad Bridge Construction,836.0,222.0,2015-08-01T00:00:00.000,22682117.0,120,2020-12-17T00:00:00.000,Bridges,Design
,Cunningham Park Garage Reconstruction,703.0,334.0,2021-12-01T00:00:00.000,0.0,1019,2024-07-29T00:00:00.000,Parks,Construction Procurement
City of Yonkers,Hillview Reservoir Chemical Addition Facilities,82.0,64.0,2020-05-01T00:00:00.000,159902202.01,669,2029-01-23T00:00:00.000,Water Supply,Design
,Shore Road Bridge over Hutchinson River,1477.0,0.0,2018-08-01T00:00:00.000,-19049921.84,541,2025-12-17T00:00:00.000,"Bridges, Streets and Roadways",Design
Citywide,Revenue Cycle Implementation,1279.0,0.0,2021-12-01T00:00:00.000,0.0,723,2022-12-31T00:00:00.000,"Health and Hospitals, IT",IT
,Battery Park Underpass Emergency Relief Betterments,1197.0,182.0,2021-12-01T00:00:00.000,47923308.0,540,2024-10-28T00:00:00.000,Bridges,Design
,Far Rockaway New Facility,-78.0,-747.0,2019-05-01T00:00:00.000,-623757.91,730,2021-07-30T00:00:00.000,Other Government Facilities,Close-Out
,New 116Th Pct,727.0,58.0,2019-01-01T00:00:00.000,33852900.86,762,2022-06-02T00:00:00.000,Public Safety and Criminal Justice,Design
"Bronx, Manhattan",Broadway Bridge over Harlem River Replacement,2797.0,,2020-01-01T00:00:00.000,39724388.0,106,,Bridges,Construction
,Sewer When & Where Contract In S.E. Queens,1834.0,31.0,2022-09-01T00:00:00.000,7404000.0,793,2025-09-22T00:00:00.000,Sewers,Design
,Bronx Public School @ 639 ST ANN'S AVENUE,0.0,0.0,2023-01-01T00:00:00.000,-1926038.0,1089,2024-09-03T00:00:00.000,Schools,Construction
,Queens IS at 47-10 Barnett Avenue Addition,365.0,0.0,2022-04-01T00:00:00.000,3206657.0,967,2023-09-03T00:00:00.000,Schools,Construction
Manhattan,Riverside Drive/West 158th Street Bridge Rehabilitation,2152.0,522.0,2016-06-01T00:00:00.000,96922794.0,113,2021-12-17T00:00:00.000,"Bridges, Streets and Roadways",Design
Brooklyn,Coney Island Hospital CSS Building and Perimeter Flood Protection,1243.0,122.0,2020-05-01T00:00:00.000,30635879.93,561,2023-07-31T00:00:00.000,Health and Hospitals,Construction
Manhattan,"West 59th Street Marine Transfer Station Construction, Phase 2",1949.0,294.0,2015-02-01T00:00:00.000,126753576.46,347,2018-08-18T00:00:00.000,Sanitation,Construction Procurement
Brooklyn,Coney Island Hospital CSS Building and Perimeter Flood Protection,1243.0,235.0,2018-03-01T00:00:00.000,30635879.93,561,2023-03-31T00:00:00.000,Health and Hospitals,Construction
Brooklyn,DBCD South Site Cultural Fit-Out,1706.0,-92.0,2020-10-01T00:00:00.000,36789601.16,484,2022-12-31T00:00:00.000,Arts and Culture,Construction
,MULTI-SITE PEDESTRIAN SAFETY PHASE 5,1126.0,,2019-09-01T00:00:00.000,-4087000.0,1004,2021-05-02T00:00:00.000,Streets and Roadways,Construction Procurement
,CSO Hutchinson River Disinfection Facility,894.0,83.0,2021-03-01T00:00:00.000,-24577348.0,944,2030-11-22T00:00:00.000,Wastewater Treatment,Design
,"Grand Concourse Reconstruction, Phase 4 (Great Streets)",1448.0,0.0,2022-04-01T00:00:00.000,57634000.0,476,2023-06-13T00:00:00.000,Streets and Roadways,Construction
,Reconstruction Of Primary Tanks at Bowery Bay WPCP,636.0,-263.0,2020-05-01T00:00:00.000,74442173.0,942,2025-12-16T00:00:00.000,Wastewater Treatment,Design
,Bronx Sanitation Garage Rehabilitation: Community District 6,913.0,-183.0,2023-01-01T00:00:00.000,0.0,971,2027-12-30T00:00:00.000,Sanitation,Design
Valhalla,Kensico Eastview Connection Tunnel Construction,3132.0,0.0,2020-10-01T00:00:00.000,881770648.0,554,2031-05-17T00:00:00.000,Water Supply,Design
Bronx,RECONSTRUCTION OF E 177 STREET/DEVOE AVENUE,1839.0,0.0,2019-09-01T00:00:00.000,25050000.0,623,2022-11-15T00:00:00.000,"Industrial Development, Streets and Roadways",Design
,Union Turnpike over Cross Island Parkway,834.0,0.0,2023-01-01T00:00:00.000,3378281.0,932,2028-12-02T00:00:00.000,Bridges,Design
,"Combined Sewer And Wm Work In 71 Street, Queens",1889.0,,2021-03-01T00:00:00.000,27172000.0,789,,Sewers,
,"New water main work in 7th avenue between 14th street and 34th street, and other locations as shown on page 3 of attached CPI",181.0,,2021-12-01T00:00:00.000,1335000.0,1178,2026-08-26T00:00:00.000,Streets and Roadways,Design
,"Red Hook Recreation Area Track 1, Soccer Fields 3-5, and Ballfields 1-4 Reconstruction",1082.0,607.0,2023-01-01T00:00:00.000,-10555000.0,974,2024-09-01T00:00:00.000,Parks,Construction
,4th Ave Safety Improvements - Phase B,0.0,0.0,2022-09-01T00:00:00.000,-21000.0,1236,2030-09-29T00:00:00.000,Streets and Roadways,Design
,Brooklyn Bridge - Approach Arches Rehabilitation,1908.0,263.0,2020-05-01T00:00:00.000,33135732.1,584,2023-02-19T00:00:00.000,Bridges,Construction
,Bronx Public School 87  Addition,0.0,,2021-07-01T00:00:00.000,0.0,1103,2024-09-03T00:00:00.000,Schools,Construction
,Michaelis-Bayswater Park Reconstruction,280.0,32.0,2022-04-01T00:00:00.000,4849393.61,1032,2025-04-24T00:00:00.000,Parks,Design
Staten Island,Hannah Street Pumping Station Construction,3238.0,98.0,2019-05-01T00:00:00.000,67909196.8,364,2022-03-16T00:00:00.000,Wastewater Treatment,Design
,Next Generation 911 Program,1558.0,0.0,2022-04-01T00:00:00.000,30123504.48,1035,2024-12-31T00:00:00.000,"IT, Public Safety and Criminal Justice",IT
,Brooklyn P.S. at 4302 4TH AVE,365.0,0.0,2023-01-01T00:00:00.000,-221356.0,949,2023-09-03T00:00:00.000,Schools,Construction
,"WATERMAIN REPLACEMENT IN ORIENTAL BLVD, BROOKLYN",443.0,,2021-07-01T00:00:00.000,3715000.0,1165,2023-07-02T00:00:00.000,Streets and Roadways,Design
,"Water Main Replacement In 222 Street, Queens",2236.0,806.0,2022-09-01T00:00:00.000,7195000.0,768,2028-03-03T00:00:00.000,Water Supply,Design
Queens,TLC - NEW OFFICE FACILITY - 24-55 BQE WEST,1248.0,0.0,2022-04-01T00:00:00.000,75370000.0,665,2025-03-24T00:00:00.000,Other Government Facilities,Construction
Valhalla,Kensico Eastview Connection Tunnel Construction,3132.0,-210.0,2017-09-01T00:00:00.000,881770648.0,554,2024-10-11T00:00:00.000,Water Supply,Design
Manhattan,Metropolitan Hospital Perimeter Flood Protection,1452.0,,2016-11-01T00:00:00.000,27046705.0,562,2020-11-30T00:00:00.000,Industrial Development,Design
,Storm Sanitary Sewer Repl Springfield Gardens,1097.0,,2018-08-01T00:00:00.000,35414000.0,790,,Sewers,Design
,Storm Mitigation Loan Program at Bowery Bay,1026.0,0.0,2022-04-01T00:00:00.000,-19623216.41,671,2022-09-01T00:00:00.000,Wastewater Treatment,Construction
,New 116Th Pct,727.0,,2020-05-01T00:00:00.000,33852900.86,762,,Public Safety and Criminal Justice,
,Manhattan Greenway: Harlem River,888.0,0.0,2021-07-01T00:00:00.000,0.0,860,2024-12-31T00:00:00.000,Parks,Design
,Coastal Resiliency Area 1 - East 23Rd St. To Montg,836.0,,2020-10-01T00:00:00.000,-418193636.37,773,,"Industrial Development, Parks",
Brooklyn,Flatbush Avenue Trunk Watermain Replacement,2266.0,,2020-01-01T00:00:00.000,39272000.0,370,,Wastewater Treatment,
,Throgs Neck Pumping Station Rehabilitation and Improvements,1306.0,288.0,2023-01-01T00:00:00.000,25708336.86,722,2026-09-30T00:00:00.000,Wastewater Treatment,Construction
,P.S./I.S. @ 3761 10TH AVENUE - Manhattan,0.0,0.0,2023-01-01T00:00:00.000,9539089.0,1222,2024-09-03T00:00:00.000,Schools,Construction
Brooklyn,Brooklyn Sanitation Garage Construction: Community District 3,790.0,0.0,2017-04-01T00:00:00.000,25603365.0,560,2022-12-31T00:00:00.000,Sanitation,Design
,Coastal Resiliency Area 1 - East 23rd St. to Montg,,,2022-09-01T00:00:00.000,0.76,1169,,Streets and Roadways,Construction Procurement
Brooklyn,"5th Avenue Bridge Reconstruction over LIRR and Sea Beach, Brooklyn",969.0,0.0,2018-03-01T00:00:00.000,36577693.0,504,2024-11-04T00:00:00.000,Bridges,Design
,BROWNSVILLE LIBRARY MAJOR RENOVATIONS,916.0,,2019-09-01T00:00:00.000,6752000.0,977,2024-12-30T00:00:00.000,Libraries,Design
Queens,Rehab Of Queens District 11/13 Sanitation Garage,1521.0,340.0,2019-01-01T00:00:00.000,36221000.0,770,2023-10-06T00:00:00.000,Sanitation,Design
,RECONSTRUCTION OF EMPIRE BLVD/BED-796,223.0,0.0,2021-12-01T00:00:00.000,8554000.0,1213,2022-11-07T00:00:00.000,Streets and Roadways,Construction
,FUEL TANK & SUMP REPLACEMENTS - BRONX,663.0,0.0,2022-09-01T00:00:00.000,-1834000.0,901,2025-01-22T00:00:00.000,Industrial Development,Construction
Manhattan,Riverside Drive/West 158th Street Bridge Rehabilitation,2152.0,473.0,2021-07-01T00:00:00.000,96922794.0,113,2023-10-13T00:00:00.000,"Bridges, Streets and Roadways",Construction
Brooklyn,Construction of Gowanus CSO retention FAC Superfund Site,1086.0,945.0,2019-01-01T00:00:00.000,432995114.0,550,2031-07-07T00:00:00.000,Industrial Development,Design
Upstate,"Gilboa Dam Reconstruction, Phase IV",1684.0,198.0,2021-12-01T00:00:00.000,33535991.2,406,2022-09-01T00:00:00.000,Water Supply,Construction
Queens,20th Avenue Storm and Sanitary Sewer Construction,2180.0,-777.0,2017-09-01T00:00:00.000,117177000.0,432,2021-06-29T00:00:00.000,Sewers,Construction
,Alley Pond Environmental Center Reconstruction,556.0,15.0,2020-10-01T00:00:00.000,1641000.0,1017,2021-12-14T00:00:00.000,Parks,Construction
,150th Street Spine: Phase II - DOT Van Wyck Expressway - Trunk Combined Sewer,-194.0,,2021-12-01T00:00:00.000,-676000.0,1202,,Streets and Roadways,Design
Bronx,East 180th Street over Metro North Railroad (Harrison Line),664.0,81.0,2019-01-01T00:00:00.000,4194366.0,811,2022-03-24T00:00:00.000,Bridges,Construction Procurement
Marlboro,Rondout-West Branch Bypass Tunnel Construction Project 2,256.0,16.0,2021-12-01T00:00:00.000,202552329.25,409,2023-10-12T00:00:00.000,Water Supply,Construction
,"Construction Of Sanitary Sewers, Storm Sewers (Bm",595.0,,2020-01-01T00:00:00.000,37691000.0,760,,Sewers,
,"FDR Rehabilitation, Northbound (East 42nd to 49th Streets)",1816.0,124.0,2022-09-01T00:00:00.000,-2802822.0,502,2029-08-12T00:00:00.000,Bridges,Design
Brooklyn,DBCD South Site Cultural Fit-Out,1706.0,121.0,2020-01-01T00:00:00.000,36789601.16,484,2022-11-29T00:00:00.000,Arts and Culture,Construction Procurement
Queens,Rehab Of Queens District 11/13 Sanitation Garage,1521.0,,2020-05-01T00:00:00.000,36221000.0,770,,Sanitation,
"Manhattan, Bronx",Madison Avenue Bridge Reconstruction,1628.0,,2021-07-01T00:00:00.000,2036997.0,114,,Bridges,Construction
Citywide,Raise Shorelines Citywide,639.0,,2017-09-01T00:00:00.000,0.0,689,2022-12-31T00:00:00.000,Industrial Development,Design
Bronx,RECONSTRUCTION OF E 177 STREET/DEVOE AVENUE,1839.0,365.0,2018-08-01T00:00:00.000,25050000.0,623,2022-08-14T00:00:00.000,"Industrial Development, Streets and Roadways",Design
Upstate,"Gilboa Dam Reconstruction, Phase IV",1684.0,133.0,2015-02-01T00:00:00.000,33535991.2,406,2019-11-10T00:00:00.000,Water Supply,Design
Queens,"STM & SAN SWR, N.B. WHITESTONE EXPWY SERV RD, PH 3",684.0,313.0,2019-05-01T00:00:00.000,15468000.0,652,2023-08-16T00:00:00.000,Sewers,Design
Brooklyn,"5th Avenue Bridge Reconstruction over LIRR and Sea Beach, Brooklyn",969.0,282.0,2019-05-01T00:00:00.000,36577693.0,504,2025-08-12T00:00:00.000,Bridges,Design
,Power Distribution Improvements at Tallman Island,651.0,249.0,2023-01-01T00:00:00.000,10926063.83,907,2027-02-08T00:00:00.000,Industrial Development,Construction
Queens,TLC - NEW OFFICE FACILITY - 24-55 BQE WEST,1248.0,0.0,2018-03-01T00:00:00.000,75370000.0,665,2022-11-30T00:00:00.000,Other Government Facilities,Design
Bronx,Westchester Avenue Bridge over Hutch River Parkway Rehabilitation,1592.0,0.0,2019-01-01T00:00:00.000,20945057.0,112,2021-09-13T00:00:00.000,"Bridges, Streets and Roadways",Construction
,"New water main work in 7th avenue between 14th street and 34th street, and other locations as shown on page 3 of attached CPI",181.0,0.0,2022-04-01T00:00:00.000,1335000.0,1178,2026-08-26T00:00:00.000,Streets and Roadways,Design
Bronx,Grand Concourse Metro North Railroad Bridge Construction,836.0,0.0,2014-05-01T00:00:00.000,22682117.0,120,2020-05-09T00:00:00.000,Bridges,Design
,BROWNSVILLE LIBRARY MAJOR RENOVATIONS,916.0,197.0,2023-01-01T00:00:00.000,6752000.0,977,2027-07-04T00:00:00.000,Libraries,Design
,Manhattan Cruise Terminal Pile,-44.0,,2022-09-01T00:00:00.000,-5678000.0,1291,2025-11-06T00:00:00.000,Industrial Development,Design
,Queens Public School 169 Addition,366.0,366.0,2021-03-01T00:00:00.000,5307201.0,1028,2024-09-03T00:00:00.000,Schools,Construction
Upstate,Reconstruction of the Ashokan Headworks,-67.0,138.0,2023-01-01T00:00:00.000,41950858.0,834,2028-09-01T00:00:00.000,Water Supply,Design
Queens,Edgewood Triangle Roadway Reconstruction,3597.0,30.0,2019-09-01T00:00:00.000,106503000.0,204,2024-04-21T00:00:00.000,Streets and Roadways,Design
,TRENCH RESTORATION BROOKLYN,1467.0,367.0,2023-01-01T00:00:00.000,6536000.0,855,2026-09-15T00:00:00.000,Industrial Development,Design
,Bush Terminal Development Site Preparation,517.0,0.0,2021-07-01T00:00:00.000,0.0,1086,2023-12-31T00:00:00.000,Industrial Development,Design
Bronx,"Bronx Sanitation Garage Construction: Community District 9, 10, 11",1919.0,0.0,2019-01-01T00:00:00.000,268983862.56,573,2026-06-30T00:00:00.000,Sanitation,Design
,Reconstruct Final Settling System Equipment at Port Richmond,205.0,0.0,2022-09-01T00:00:00.000,30972687.0,947,2028-06-17T00:00:00.000,Wastewater Treatment,Design
Brooklyn,Brooklyn Civil Court move to 210 Joralemon St,1977.0,,2022-04-01T00:00:00.000,200931011.96,509,,Public Safety and Criminal Justice,
,Storm Sanitary Sewer Repl Springfield Gardens,1097.0,65.0,2021-07-01T00:00:00.000,35414000.0,790,2025-11-19T00:00:00.000,Sewers,Design
,SEELY STREET OVER PROSPECT AVENUE  BIN: 2244470,253.0,-219.0,2023-01-01T00:00:00.000,0.0,1119,2028-11-14T00:00:00.000,Bridges,Design
,Queens IS at 47-10 Barnett Avenue Addition,365.0,,2019-09-01T00:00:00.000,3206657.0,967,2022-09-03T00:00:00.000,Schools,Construction
,BROAD CHANNEL BULKHEADS - PH II,-74.0,,2020-05-01T00:00:00.000,61781000.0,617,,Industrial Development,
Brooklyn,DBCD South Site Cultural Fit-Out,1706.0,,2016-01-01T00:00:00.000,36789601.16,484,2018-12-31T00:00:00.000,Arts and Culture,Design
,West 33rd Street,1736.0,0.0,2023-01-01T00:00:00.000,0.0,861,2026-11-30T00:00:00.000,Streets and Roadways,Design
Manhattan,Metropolitan Hospital Perimeter Flood Protection,1452.0,-127.0,2021-12-01T00:00:00.000,27046705.0,562,2027-04-02T00:00:00.000,Industrial Development,Construction Procurement
,Queens Public School 169 Addition,366.0,0.0,2020-10-01T00:00:00.000,5307201.0,1028,2023-09-03T00:00:00.000,Schools,Construction
Citywide,Revenue Cycle Implementation,1279.0,0.0,2020-10-01T00:00:00.000,0.0,723,2021-05-30T00:00:00.000,"Health and Hospitals, IT",IT
Manhattan,Primary Treatment Improvement at Wards Island WWTP,2142.0,1428.0,2019-01-01T00:00:00.000,99651290.98,452,2025-01-24T00:00:00.000,Wastewater Treatment,Design
,SOUTH BROOKLYN CROSSTOWN SBS,819.0,,2020-05-01T00:00:00.000,29789000.0,843,,Industrial Development,
Bronx,"Pelham Parkway Roadway Reconstruction, Phase 2",2869.0,94.0,2016-01-01T00:00:00.000,125164000.0,180,2018-04-13T00:00:00.000,Streets and Roadways,Design
,Pier 42 and East River Park Connector Program,214.0,0.0,2022-04-01T00:00:00.000,100000.0,1085,2023-08-31T00:00:00.000,Parks,Construction
Brooklyn,"5th Avenue Bridge Reconstruction over LIRR and Sea Beach, Brooklyn",969.0,166.0,2020-01-01T00:00:00.000,36577693.0,504,2026-01-25T00:00:00.000,Bridges,Design
,Reconstruction of Merriman Dam Spillway,303.0,,2022-04-01T00:00:00.000,2201599.75,1278,2025-11-07T00:00:00.000,Water Supply,Design
Queens,RECONSTRUCTION OF QUEENS BLVD - PHASE 2,2315.0,-31.0,2022-04-01T00:00:00.000,14201000.0,619,2029-08-13T00:00:00.000,Industrial Development,Design
,GREENWICH STREET RECONSTRUCTION,-1.0,0.0,2022-09-01T00:00:00.000,4449000.0,1175,2024-11-06T00:00:00.000,Streets and Roadways,Construction
Citywide,Revenue Cycle Implementation,1279.0,399.0,2019-01-01T00:00:00.000,0.0,723,2019-11-23T00:00:00.000,"Health and Hospitals, IT",IT
Staten Island,Oakwood Beach WWTP Sludge Thickening Improvements,3241.0,0.0,2020-05-01T00:00:00.000,57138101.3,449,2024-11-28T00:00:00.000,Wastewater Treatment,Design
Queens,"STM & SAN SWR, WILLET PT BLVD WHITESTONE AREA, PH2",642.0,258.0,2022-09-01T00:00:00.000,41243000.0,651,2023-05-31T00:00:00.000,Sewers,Construction
,Bronx Sanitation Garage Rehabilitation: Community District 12,1064.0,0.0,2020-10-01T00:00:00.000,0.0,956,2025-07-31T00:00:00.000,Sanitation,Design
Staten Island,Hannah Street Pumping Station Construction,3238.0,366.0,2015-08-01T00:00:00.000,67909196.8,364,2019-03-12T00:00:00.000,Wastewater Treatment,Design
,East River Esplanade Stabilization and Reconstruction Phase 3,612.0,,2020-10-01T00:00:00.000,3616645.26,973,2023-06-25T00:00:00.000,Parks,Design
Bronx,Lower Concourse Initiative,730.0,30.0,2020-01-01T00:00:00.000,-5100000.0,575,2022-10-31T00:00:00.000,Industrial Development,Construction Procurement
Bronx,"Bronx Sanitation Garage Construction: Community District 9, 10, 11",1919.0,184.0,2019-05-01T00:00:00.000,268983862.56,573,2026-12-31T00:00:00.000,Sanitation,Design
,Reconstruct Main Sewage Pump Controls at Port Richmond WWTP,516.0,0.0,2021-12-01T00:00:00.000,26923720.62,948,2026-04-26T00:00:00.000,Wastewater Treatment,Design
Brooklyn,Dumbo and Vinegar Hill Area Roadway Reconstruction and Renovation,3253.0,0.0,2019-09-01T00:00:00.000,96724000.0,193,2024-06-04T00:00:00.000,Streets and Roadways,Construction
Brooklyn,Dumbo and Vinegar Hill Area Roadway Reconstruction and Renovation,3253.0,153.0,2017-04-01T00:00:00.000,96724000.0,193,2019-04-25T00:00:00.000,Streets and Roadways,Design
,GATEWAY ESTATE - PHASE E/BED-805,584.0,,2021-07-01T00:00:00.000,38077000.0,1201,2021-11-23T00:00:00.000,Streets and Roadways,Construction
,FUEL TANK REPLACEMENT,1278.0,0.0,2021-12-01T00:00:00.000,207000.0,851,2025-04-14T00:00:00.000,Industrial Development,Construction
Brooklyn,DBCD South Site Cultural Fit-Out,1706.0,304.0,2018-03-01T00:00:00.000,36789601.16,484,2020-09-29T00:00:00.000,Arts and Culture,Design
Bronx,Westchester Avenue Bridge over Hutch River Parkway Rehabilitation,1592.0,106.0,2014-01-01T00:00:00.000,20945057.0,112,2019-07-06T00:00:00.000,"Bridges, Streets and Roadways",Design
Queens,Roosevelt Avenue Bridge Superstructure and Substructure Repairs,2003.0,,2019-09-01T00:00:00.000,23798213.0,101,,Bridges,Construction
Queens,Dutch Kills and Lower Newtown Creek Enhanced Aeration Work,1891.0,213.0,2019-05-01T00:00:00.000,-4338327.57,313,2024-01-14T00:00:00.000,Wastewater Treatment,Design
Citywide,Electronic Medical Records Upgrade,2032.0,,2013-09-01T00:00:00.000,15184947.0,403,2018-06-08T00:00:00.000,"Health and Hospitals, IT",IT
,HILL DR (TERRACE BR) OVER PROSPECT PARK LAKE BIN 2244120,636.0,,2020-10-01T00:00:00.000,-785268.0,1073,2027-06-07T00:00:00.000,Bridges,Design
Bronx,New 40th Precinct,711.0,14.0,2022-04-01T00:00:00.000,26020000.0,634,2022-11-09T00:00:00.000,Public Safety and Criminal Justice,Construction
,I.S. 653 - BROOKLYN,0.0,0.0,2023-01-01T00:00:00.000,0.0,1314,2025-09-03T00:00:00.000,Schools,Construction
,Headworks Improvements at Tallman Island,586.0,0.0,2020-01-01T00:00:00.000,19975649.96,906,2024-12-13T00:00:00.000,Industrial Development,Design
Bronx,East 180th Street over Metro North Railroad (Harrison Line),664.0,387.0,2020-10-01T00:00:00.000,4194366.0,811,2023-10-16T00:00:00.000,Bridges,Construction Procurement
,NEW UTRECH LIBRARY MAJOR RENOVATIONS,1188.0,370.0,2022-09-01T00:00:00.000,290000.0,841,2027-12-02T00:00:00.000,Libraries,Design
Queens,Rehab Of Queens District 11/13 Sanitation Garage,1521.0,,2018-03-01T00:00:00.000,36221000.0,770,2022-10-31T00:00:00.000,Sanitation,Design
Queens,Belt System - Cross Island over 115th Avenue/Dutch Broadway,1845.0,70.0,2023-01-01T00:00:00.000,17528706.0,558,2028-09-26T00:00:00.000,Bridges,Design
Manhattan,Henry Hudson Parkway over Amtrak (Northbound),1693.0,-273.0,2021-07-01T00:00:00.000,500625.0,592,2029-11-27T00:00:00.000,Bridges,Design
Queens,Dutch Kills and Lower Newtown Creek Enhanced Aeration Work,1891.0,19.0,2023-01-01T00:00:00.000,-4338327.57,313,2024-06-18T00:00:00.000,Wastewater Treatment,Construction
Queens,RECONSTRUCTION OF QUEENS BLVD - PHASE 2,2315.0,,2021-03-01T00:00:00.000,14201000.0,619,,Industrial Development,
Queens,Dutch Kills and Lower Newtown Creek Enhanced Aeration Work,1891.0,0.0,2014-05-01T00:00:00.000,-4338327.57,313,2019-04-14T00:00:00.000,Wastewater Treatment,Design
,NEW CONSTRUCTION CROSSROADS JUVENILE DETENTION,0.0,,2022-09-01T00:00:00.000,310000.0,1241,2029-03-01T00:00:00.000,Other Government Facilities,Design
Manhattan,Harlem River Drive Ramp Reconstruction (George Washington Bridge),2697.0,0.0,2019-05-01T00:00:00.000,-3711870.0,708,2028-04-14T00:00:00.000,"Bridges, Streets and Roadways",Design
Bronx,Grand Concourse Metro North Railroad Bridge Construction,836.0,,2021-03-01T00:00:00.000,22682117.0,120,,Bridges,
Queens,49th Avenue Bridge Replacement,1449.0,460.0,2022-09-01T00:00:00.000,32902419.0,131,2028-07-08T00:00:00.000,"Bridges, Streets and Roadways",Design
Staten Island,Roma and Hett Avenue Storm and Sanitary Sewer Installation,-8.0,-2184.0,2014-01-01T00:00:00.000,62973000.0,206,2018-01-06T00:00:00.000,Sewers,Design
,"Water Main Replacement In 222 Street, Queens",2236.0,366.0,2019-09-01T00:00:00.000,7195000.0,768,2024-01-19T00:00:00.000,Water Supply,Design
,Storm Mitigation Loan Program at Red Hook,921.0,133.0,2019-05-01T00:00:00.000,13549422.97,721,2021-11-03T00:00:00.000,Wastewater Treatment,Design
,Coney Island Beach Operations HQ at West 25th Street,134.0,82.0,2021-12-01T00:00:00.000,370000.0,1193,2027-02-24T00:00:00.000,Other Government Facilities,Design
Staten Island,Hannah Street Pumping Station Construction,3238.0,28.0,2017-09-01T00:00:00.000,67909196.8,364,2020-07-08T00:00:00.000,Wastewater Treatment,Design
Bronx,Westchester Avenue Bridge over Hutch River Parkway Rehabilitation,1592.0,,2020-05-01T00:00:00.000,20945057.0,112,,"Bridges, Streets and Roadways",Construction
Staten Island,Oakwood Beach WWTP Sludge Thickening Improvements,3241.0,259.0,2023-01-01T00:00:00.000,57138101.3,449,2027-04-27T00:00:00.000,Wastewater Treatment,Construction Procurement
,"SUNSET PARK GOWANUS CONNECTOR, BK",445.0,,2021-03-01T00:00:00.000,-16441000.0,979,,"Parks, Streets and Roadways",
Manhattan,Metropolitan Hospital Perimeter Flood Protection,1452.0,2107.0,2021-03-01T00:00:00.000,27046705.0,562,2027-08-07T00:00:00.000,Industrial Development,Design
,Network Infrastructure Refresh Program,,,2021-07-01T00:00:00.000,180514000.0,863,,"Health and Hospitals, IT",IT
Queens,Belt System - Cross Island over 115th Avenue/Dutch Broadway,1845.0,0.0,2018-03-01T00:00:00.000,17528706.0,558,2023-09-08T00:00:00.000,Bridges,Design
Brooklyn,"Coney Island Area, Phase 3A",1215.0,0.0,2021-12-01T00:00:00.000,25273000.0,516,2023-11-27T00:00:00.000,Industrial Development,Construction
Valhalla,Kensico Eastview Connection Tunnel Construction,3132.0,274.0,2019-05-01T00:00:00.000,881770648.0,554,2031-05-27T00:00:00.000,Water Supply,Design
,"WATERMAIN REPLACEMENT IN ORIENTAL BLVD, BROOKLYN",443.0,0.0,2022-04-01T00:00:00.000,3715000.0,1165,2023-08-28T00:00:00.000,Streets and Roadways,Construction Procurement
Queens,Belt System - Cross Island over 115th Avenue/Dutch Broadway,1845.0,0.0,2017-09-01T00:00:00.000,17528706.0,558,2023-09-08T00:00:00.000,Bridges,Design
Bronx,Grand Concourse Metro North Railroad Bridge Construction,836.0,,2019-09-01T00:00:00.000,22682117.0,120,,Bridges,Construction Procurement
,Park Avenue Tunnel (Murray Hill),1568.0,0.0,2022-04-01T00:00:00.000,-17773389.61,536,2022-08-03T00:00:00.000,Bridges,Construction
,Reconstruction at 108 Street Pumping Station,666.0,0.0,2022-04-01T00:00:00.000,129214.0,1215,2024-02-28T00:00:00.000,Wastewater Treatment,Construction
,RECONSTRUCTION OF SOUTH JAMAICA AREA (SEQ200562),366.0,30.0,2022-09-01T00:00:00.000,1360000.0,1163,2027-02-10T00:00:00.000,Streets and Roadways,Design
Bronx,Replacement of The Digester at The Hunts Point WWTP,1355.0,-78.0,2018-08-01T00:00:00.000,72852004.14,580,2023-07-31T00:00:00.000,Wastewater Treatment,Design
Citywide,Emergency Communications Transformation Program (ECTP) Upgrades and Enhancements,2252.0,61.0,2018-08-01T00:00:00.000,73735148.87,267,2019-12-31T00:00:00.000,IT,IT
,"Haffen Park Courts, Synthetic Turf Field, Playground, Adult Fitness, and Landscape Reconstruction",,,2023-01-01T00:00:00.000,0.0,1301,,Parks,Design
Staten Island,Oakwood Beach WWTP Headworks Improvements,2857.0,693.0,2018-03-01T00:00:00.000,31867440.0,450,2024-03-02T00:00:00.000,Wastewater Treatment,Design
,"SAN & STRM SEWER, WM IN CONEY ISLAND AREA, PH 4",1431.0,0.0,2021-12-01T00:00:00.000,1984000.0,1009,2027-02-07T00:00:00.000,Sewers,Design
,"SUNSET PARK GOWANUS CONNECTOR, BK",445.0,,2020-01-01T00:00:00.000,-16441000.0,979,,"Parks, Streets and Roadways",
,GI - GRAVESEND BAY CSO - PHASE I,302.0,0.0,2021-12-01T00:00:00.000,21181000.0,1185,2025-10-14T00:00:00.000,Streets and Roadways,Design
Manhattan,253 Broadway Landmark's Space Renovations,1696.0,,2017-09-01T00:00:00.000,35010000.0,639,2018-10-08T00:00:00.000,Other Government Facilities,Construction
Brooklyn,Brooklyn Supreme Court Fire Alarm System Upgrade,1533.0,,2020-05-01T00:00:00.000,47003000.0,510,,Public Safety and Criminal Justice,
Manhattan,West 79th Street over Amtrak and Rotunda Complex Rehabilitation,604.0,193.0,2019-05-01T00:00:00.000,-51088528.0,801,2024-10-26T00:00:00.000,"Bridges, Streets and Roadways",Construction Procurement
,Grant Park Construction,612.0,354.0,2021-12-01T00:00:00.000,1489000.0,1015,2025-01-27T00:00:00.000,Parks,Construction Procurement
,SOUTHEAST QUEENS PRIORITY GRIDS - GROUP 2,1630.0,275.0,2019-09-01T00:00:00.000,14480000.0,847,2025-04-11T00:00:00.000,Streets and Roadways,Design
,Manhattan Greenway: East Midtown,487.0,1.0,2019-05-01T00:00:00.000,24840000.0,859,2022-11-01T00:00:00.000,Parks,Construction Procurement
Upstate,"Gilboa Dam Reconstruction, Phase III",1113.0,26.0,2016-01-01T00:00:00.000,10376533.49,405,2020-07-24T00:00:00.000,Water Supply,Construction
Staten Island,Roma and Hett Avenue Storm and Sanitary Sewer Installation,-8.0,0.0,2022-04-01T00:00:00.000,62973000.0,206,2023-10-04T00:00:00.000,Sewers,Construction
Brooklyn,Wyckoff Avenue Street Reconstruction,226.0,168.0,2018-03-01T00:00:00.000,43926000.0,191,2030-06-30T00:00:00.000,Streets and Roadways,Design
,New Westchester Square,471.0,0.0,2023-01-01T00:00:00.000,0.0,1147,2026-12-12T00:00:00.000,Other Government Facilities,Construction Procurement
Marlboro,Rondout-West Branch Bypass Tunnel Construction Project 2,256.0,365.0,2017-04-01T00:00:00.000,202552329.25,409,2023-09-26T00:00:00.000,Water Supply,Construction
,70 MULBERRY STREET - RECONSTRUCTION,50.0,,2022-09-01T00:00:00.000,1001000.0,1229,2028-02-01T00:00:00.000,Other Government Facilities,Design
Bronx,West Tremont Avenue over Metro North Railroad,1253.0,-85.0,2019-05-01T00:00:00.000,37794543.0,503,2026-06-22T00:00:00.000,Bridges,Design
,Flushing Meadows Corona Park Electrical Vault Reconstruction (Hurricane Sandy),,,2023-01-01T00:00:00.000,-3555909.0,1083,,Parks,Design
,Storm & Combined Sewers In 229 Street,652.0,-54.0,2019-01-01T00:00:00.000,-9148000.0,776,2021-06-04T00:00:00.000,Sewers,Construction
,North River WWTP Primary Treatment Improvements,121.0,145.0,2022-04-01T00:00:00.000,35891899.0,945,2028-05-20T00:00:00.000,Wastewater Treatment,Design
Citywide,Electronic Medical Records Upgrade,2032.0,455.0,2020-05-01T00:00:00.000,15184947.0,403,2021-05-30T00:00:00.000,"Health and Hospitals, IT",IT
Bronx,Concourse Village Avenue over Metro North,1865.0,180.0,2020-10-01T00:00:00.000,-186092.37,587,2029-01-21T00:00:00.000,Bridges,Design
,Storm Sanitary Sewer Repl Springfield Gardens,1097.0,,2021-03-01T00:00:00.000,35414000.0,790,,Sewers,
,Storm & Combined Sewers In 229 Street,652.0,54.0,2019-05-01T00:00:00.000,-9148000.0,776,2021-07-28T00:00:00.000,Sewers,Construction
Manhattan,2nd Avenue Watermain Trunk Construction,2113.0,245.0,2015-02-01T00:00:00.000,-7266000.0,388,2018-06-15T00:00:00.000,Water Supply,Design
,Queens IS at 47-10 Barnett Avenue Addition,365.0,0.0,2020-05-01T00:00:00.000,3206657.0,967,2022-09-03T00:00:00.000,Schools,Construction
,Park Avenue Tunnel (Murray Hill),1568.0,0.0,2016-11-01T00:00:00.000,-17773389.61,536,2019-01-15T00:00:00.000,Bridges,Construction
,Reconstruction of Regulator HP06,-64.0,-121.0,2021-12-01T00:00:00.000,8706000.0,1180,2025-04-16T00:00:00.000,Streets and Roadways,Construction Procurement
,Hudson River Drainage Chamber Rehabilitation,-30.0,-31.0,2022-09-01T00:00:00.000,502287.0,1277,2028-02-29T00:00:00.000,Water Supply,Design
Citywide,Electronic Medical Records Upgrade,2032.0,0.0,2016-06-01T00:00:00.000,15184947.0,403,2018-12-07T00:00:00.000,"Health and Hospitals, IT",IT
,"Red Hook Recreation Area Track 1, Soccer Fields 3-5, and Ballfields 1-4 Reconstruction",1082.0,,2019-09-01T00:00:00.000,-10555000.0,974,2021-09-15T00:00:00.000,Parks,Construction Procurement
,Installation of Dechlorination System at Hunts Point WRRF,-9.0,86.0,2022-09-01T00:00:00.000,-6856021.0,1094,2027-06-21T00:00:00.000,Wastewater Treatment,Design
,"Construction Of Sanitary Sewers, Storm Sewers (Bm",595.0,1.0,2018-08-01T00:00:00.000,37691000.0,760,2022-04-15T00:00:00.000,Sewers,Construction Procurement
Citywide,Electronic Medical Records Upgrade,2032.0,-30.0,2018-08-01T00:00:00.000,15184947.0,403,2020-05-31T00:00:00.000,"Health and Hospitals, IT",IT
Bronx,East 180th Street over Metro North Railroad (Harrison Line),664.0,,2021-03-01T00:00:00.000,4194366.0,811,,Bridges,
New York,North River Wastewater Treatment Plant Cogeneration and Electrification,1712.0,7.0,2017-04-01T00:00:00.000,134242052.88,423,2021-02-08T00:00:00.000,Wastewater Treatment,Construction Procurement
,Coastal Resiliency Area 1 - East 23Rd St. To Montg,836.0,0.0,2023-01-01T00:00:00.000,-418193636.37,773,2026-08-15T00:00:00.000,"Industrial Development, Parks",Construction
,WM REPLMT EAST NEW YORK AVE,913.0,913.0,2021-07-01T00:00:00.000,29337000.0,991,2024-09-09T00:00:00.000,Water Supply,Construction
,Storm & Combined Sewers In 229 Street,652.0,0.0,2021-12-01T00:00:00.000,-9148000.0,776,2022-07-28T00:00:00.000,Sewers,Construction
,NEW UTRECH LIBRARY MAJOR RENOVATIONS,1188.0,0.0,2022-04-01T00:00:00.000,290000.0,841,2026-11-27T00:00:00.000,Libraries,Design
,Brooklyn Public School 322  New Construction,0.0,0.0,2023-01-01T00:00:00.000,0.0,1104,2024-09-03T00:00:00.000,Schools,Construction
Bronx,East 174th Street over Sheridan Expressway - Amtrak,1431.0,,2019-09-01T00:00:00.000,5146882.0,701,,Bridges,Design
,Network Infrastructure Refresh Program,,,2020-01-01T00:00:00.000,180514000.0,863,,"Health and Hospitals, IT",IT
Manhattan,Carl Schurz Park Promenade over FDR (East 81st to 90th Streets),1571.0,0.0,2019-01-01T00:00:00.000,-197139579.0,537,2025-10-31T00:00:00.000,Bridges,Design
