session_date_range,session_x,adaptive_class,CLS_ID,borough,training_site,tbl_school_year,training_entity_code
October - December,Session #1,False,309,Manhattan,River Bank,2019-2020,NYC Parks
October - December,Session #1,False,221,Queens,FMCP,2016-2017,NYC Parks
April - June,Session #3,False,201,Manhattan,Asser Levy,2017-2018,NYC Parks
October - December,Session #1,False,201,Queens,Roy Wilkins,2018-2019,NYC Parks
April - June,Session #3,False,K01,Manhattan,Chelsea,2017-2018,NYC Parks
April - June,Session #3,False,201,Queens,FMCP,2018-2019,NYC Parks
April - June,Session #3,False,206,Queens,FMCP,2016-2017,NYC Parks
October - December,Session #1,False,201,Bronx,St. Mary's,2018-2019,NYC Parks
January - March,Session #2,False,202,Brooklyn,Metropolitan,2018-2019,NYC Parks
April - June,Session #3,False,204,Brooklyn,St. John's,2016-2017,NYC Parks
January - March,Session #2,False,232,Queens,FMCP,2016-2017,NYC Parks
April - June,Session #3,False,201,Queens,FMCP,2018-2019,NYC Parks
October - December,Session #1,False,201,Queens,Roy Wilkins,2016-2017,NYC Parks
April - June,Session #3,False,2,Brooklyn,Metropolitan,2016-2017,NYC Parks
April - June,Session #3,False,203,Queens,Roy Wilkins,2017-2018,NYC Parks
January - March,Session #2,False,201,Brooklyn,Metropolitan,2016-2017,NYC Parks
January - March,Session #2,False,201,Manhattan,River Bank,2020-2021,NYC Parks
October - December,Session #1,False,014/011,Brooklyn,Brownsville,2018-2019,NYC Parks
April - June,Session #3,False,202,Brooklyn,Brownsville,2016-2017,NYC Parks
April - June,Session #3,False,221,Queens,FMCP,2016-2017,NYC Parks
October - December,Session #1,False,2 QUINN HR,Queens,Roy Wilkins,2018-2019,NYC Parks
April - June,Session #3,False,"216, 205, 207, 220, 214",Manhattan,Hansborough,2016-2017,NYC Parks
October - December,Session #1,False,204,Queens,Roy Wilkins,2019-2020,NYC Parks
October - December,Session #1,False,203,Brooklyn,St. John's,2016-2017,NYC Parks
January - March,Session #2,False,201,Queens,Roy Wilkins,2020-2021,NYC Parks
April - June,Session #3,False,202,Brooklyn,St. John's,2016-2017,NYC Parks
April - June,Session #3,False,202,Queens,FMCP,2018-2019,NYC Parks
April - June,Session #3,False,2,Brooklyn,Metropolitan,2016-2017,NYC Parks
January - March,Session #2,False,201/202,Brooklyn,Brownsville,2016-2017,NYC Parks
October - December,Session #1,False,201,Brooklyn,Brownsville,2016-2017,NYC Parks
October - December,Session #1,False,609,Brooklyn,LIU,2017-2018,NYC Parks
January - March,Session #2,False,221,Queens,FMCP,2017-2018,NYC Parks
April - June,Session #3,False,"201, 449",Manhattan,Hansborough,2016-2017,NYC Parks
April - June,Session #3,False,2,Brooklyn,Metropolitan,2016-2017,NYC Parks
April - June,Session #3,False,201,Bronx,Fieldston,2016-2017,Partner Site
October - December,Session #1,False,203,Brooklyn,Metropolitan,2019-2020,NYC Parks
January - March,Session #2,False,307,Manhattan,Tony Dapolito,2020-2021,NYC Parks
January - March,Session #2,False,202,Brooklyn,Metropolitan,2017-2018,NYC Parks
April - June,Session #3,False,,Manhattan,Asser Levy,2018-2019,NYC Parks
October - December,Session #1,False,201,Brooklyn,Metropolitan,2017-2018,NYC Parks
January - March,Session #2,False,404,Manhattan,Hansborough,2017-2018,NYC Parks
January - March,Session #2,False,201,Queens,Roy Wilkins,2020-2021,NYC Parks
October - December,Session #1,False,202,Bronx,St. Mary's,2016-2017,NYC Parks
January - March,Session #2,False,201,Queens,Roy Wilkins,2020-2021,NYC Parks
October - December,Session #1,False,203,Brooklyn,Brownsville,2017-2018,NYC Parks
October - December,Session #1,False,202,Queens,Roy Wilkins,2019-2020,NYC Parks
October - December,Session #1,False,202,Brooklyn,Brownsville,2018-2019,NYC Parks
October - December,Session #1,False,202,Brooklyn,Metropolitan,2019-2020,NYC Parks
January - March,Session #2,False,202,Brooklyn,Metropolitan,2020-2021,NYC Parks
January - March,Session #2,False,201,Bronx,St. Mary's,2020-2021,NYC Parks
October - December,Session #1,False,307,Manhattan,River Bank,2019-2020,NYC Parks
October - December,Session #1,False,201,Queens,Roy Wilkins,2019-2020,NYC Parks
October - December,Session #1,False,201,Brooklyn,Metropolitan,2017-2018,NYC Parks
January - March,Session #2,False,203,Brooklyn,Brownsville,2017-2018,NYC Parks
October - December,Session #1,False,202,Queens,Roy Wilkins,2018-2019,NYC Parks
January - March,Session #2,False,202,Manhattan,Asser Levy,2020-2021,NYC Parks
October - December,Session #1,False,603,Manhattan,Asser Levy,2018-2019,NYC Parks
October - December,Session #1,False,251,Manhattan,Gertrude Ederle,2019-2020,NYC Parks
October - December,Session #1,False,203,Manhattan,Gertrude Ederle,2016-2017,NYC Parks
April - June,Session #3,False,210,Queens,FMCP,2018-2019,NYC Parks
January - March,Session #2,False,2,Queens,FMCP,2016-2017,NYC Parks
January - March,Session #2,False,404,Manhattan,Hansborough,2017-2018,NYC Parks
January - March,Session #2,False,202,Brooklyn,Metropolitan,2018-2019,NYC Parks
January - March,Session #2,False,404,Manhattan,Hansborough,2017-2018,NYC Parks
April - June,Session #3,False,205,Manhattan,Asser Levy,2016-2017,NYC Parks
January - March,Session #2,False,236,Queens,FMCP,2018-2019,NYC Parks
October - December,Session #1,False,301,Manhattan,River Bank,2019-2020,NYC Parks
April - June,Session #3,False,201,Brooklyn,Metropolitan,2017-2018,NYC Parks
October - December,Session #1,False,204,Queens,Far Rockaway,2017-2018,NYC Parks
October - December,Session #1,False,"Y44, Y23",Manhattan,LIU,2018-2019,NYC Parks
October - December,Session #1,False,221,Queens,FMCP,2017-2018,NYC Parks
October - December,Session #1,False,120,Brooklyn,Brownsville,2016-2017,NYC Parks
April - June,Session #3,True,Y27,Manhattan,Chelsea,2016-2017,NYC Parks
April - June,Session #3,False,201,Bronx,St. Mary's,2017-2018,NYC Parks
January - March,Session #2,False,311,Manhattan,Tony Dapolito,2017-2018,NYC Parks
January - March,Session #2,False,202,Brooklyn,Metropolitan,2018-2019,NYC Parks
April - June,Session #3,False,201,Manhattan,Gertrude Ederle,2016-2017,NYC Parks
January - March,Session #2,False,202,Brooklyn,Metropolitan,2018-2019,NYC Parks
January - March,Session #2,False,204,Brooklyn,Brownsville,2020-2021,NYC Parks
April - June,Session #3,False,202,Brooklyn,Brownsville,2016-2017,NYC Parks
October - December,Session #1,False,206,Manhattan,Tony Dapolito,2017-2018,NYC Parks
October - December,Session #1,False,203,Queens,Roy Wilkins,2016-2017,NYC Parks
April - June,Session #3,False,215/232/229,Queens,FMCP,2017-2018,NYC Parks
October - December,Session #1,False,204,Queens,Roy Wilkins,2019-2020,NYC Parks
October - December,Session #1,False,205,Manhattan,Chelsea,2017-2018,NYC Parks
April - June,Session #3,False,202,Queens,FMCP,2016-2017,NYC Parks
October - December,Session #1,False,202,Brooklyn,Brownsville,2017-2018,NYC Parks
October - December,Session #1,False,204,Queens,FMCP,2016-2017,NYC Parks
January - March,Session #2,True,Y44,Brooklyn,Metropolitan,2018-2019,NYC Parks
October - December,Session #1,False,201,Queens,Roy Wilkins,2016-2017,NYC Parks
April - June,Session #3,False,204,Brooklyn,Brownsville,2017-2018,NYC Parks
October - December,Session #1,False,221,Queens,FMCP,2016-2017,NYC Parks
January - March,Session #2,False,2DL,Manhattan,Asser Levy,2018-2019,NYC Parks
January - March,Session #2,False,207,Manhattan,Gertrude Ederle,2016-2017,NYC Parks
October - December,Session #1,False,301,Manhattan,River Bank,2019-2020,NYC Parks
April - June,Session #3,False,202,Queens,FMCP,2017-2018,NYC Parks
October - December,Session #1,False,201,Queens,Roy Wilkins,2019-2020,NYC Parks
January - March,Session #2,False,201,Brooklyn,St. John's,2016-2017,NYC Parks
January - March,Session #2,False,201,Brooklyn,Metropolitan,2020-2021,NYC Parks
January - March,Session #2,False,202,Brooklyn,Metropolitan,2018-2019,NYC Parks
January - March,Session #2,False,201,Queens,Roy Wilkins,2020-2021,NYC Parks
January - March,Session #2,False,21,Bronx,St. Mary's,2018-2019,NYC Parks
October - December,Session #1,False,315,Manhattan,River Bank,2019-2020,NYC Parks
October - December,Session #1,False,207,Manhattan,Gertrude Ederle,2018-2019,NYC Parks
April - June,Session #3,False,202,Queens,FMCP,2018-2019,NYC Parks
January - March,Session #2,False,202,Queens,Roy Wilkins,2018-2019,NYC Parks
January - March,Session #2,False,201,Bronx,St. Mary's,2018-2019,NYC Parks
January - March,Session #2,False,205,Brooklyn,St. John's,2017-2018,NYC Parks
January - March,Session #2,False,205,Manhattan,River Bank,2016-2017,NYC Parks
January - March,Session #2,False,200,Manhattan,Hansborough,2018-2019,NYC Parks
January - March,Session #2,False,201,Queens,FMCP,2017-2018,NYC Parks
October - December,Session #1,False,201,Queens,FMCP,2016-2017,NYC Parks
April - June,Session #3,False,2,Brooklyn,Metropolitan,2016-2017,NYC Parks
January - March,Session #2,False,200,Manhattan,Hansborough,2018-2019,NYC Parks
October - December,Session #1,False,204,Brooklyn,Metropolitan,2019-2020,NYC Parks
October - December,Session #1,False,202,Brooklyn,St. John's,2017-2018,NYC Parks
January - March,Session #2,False,902/903,Brooklyn,St. John's,2016-2017,NYC Parks
April - June,Session #3,False,201,Manhattan,Gertrude Ederle,2016-2017,NYC Parks
October - december,Session #1,False,202,Queens,Roy Wilkins,2016-2017,NYC Parks
October - December,Session #1,False,201,Brooklyn,Brownsville,2016-2017,NYC Parks
October - December,Session #1,False,601,Manhattan,Asser Levy,2018-2019,NYC Parks
October - December,Session #1,False,201,Queens,Roy Wilkins,2017-2018,NYC Parks
October - December,Session #1,False,291/ 231,Queens,Roy Wilkins,2016-2017,NYC Parks
April - June,Session #3,False,205,Manhattan,Asser Levy,2016-2017,NYC Parks
January - March,Session #2,False,410,Manhattan,Tony Dapolito,2020-2021,NYC Parks
January - March,Session #2,False,204,Queens,Roy Wilkins,2016-2017,NYC Parks
April - June,Session #3,True,419,Queens,FMCP,2018-2019,NYC Parks
January - March,Session #2,False,232,Queens,FMCP,2016-2017,NYC Parks
January - March,Session #2,False,309,Brooklyn,Metropolitan,2017-2018,NYC Parks
April - June,Session #3,False,Dartmoth,Queens,Roy Wilkins,2016-2017,NYC Parks
January - March,Session #2,False,201,Brooklyn,Brownsville,2020-2021,NYC Parks
January - March,Session #2,False,213,Manhattan,Tony Dapolito,2016-2017,NYC Parks
October - December,Session #1,False,404,Queens,FMCP,2016-2017,NYC Parks
January - March,Session #2,False,203,Brooklyn,St. John's,2017-2018,NYC Parks
April - June,Session #3,False,231,Queens,FMCP,2016-2017,NYC Parks
April - June,Session #3,False,201,Bronx,St. Mary's,2018-2019,NYC Parks
April - June,Session #3,False,201,Queens,FMCP,2017-2018,NYC Parks
October - December,Session #1,False,200,Brooklyn,Metropolitan,2019-2020,NYC Parks
April - June,Session #3,False,202,Bronx,St. Mary's,2016-2017,NYC Parks
January - March,Session #2,False,206,Manhattan,Gertrude Ederle,2018-2019,NYC Parks
April - June,Session #3,False,203,Brooklyn,St. John's,2017-2018,NYC Parks
October - December,Session #1,False,201,Brooklyn,Brownsville,2016-2017,NYC Parks
October - December,Session #1,False,203,Manhattan,Gertrude Ederle,2016-2017,NYC Parks
April - June,Session #3,False,202,Bronx,St. Mary's,2018-2019,NYC Parks
October - December,Session #1,False,201,Manhattan,Boys and Girls Harbor,2016-2017,NYC Parks
January - March,Session #2,False,201,Manhattan,River Bank,2020-2021,NYC Parks
April - June,Session #3,False,202,Brooklyn,Brownsville,2016-2017,NYC Parks
January - March,Session #2,False,221,Queens,FMCP,2018-2019,NYC Parks
January - March,Session #2,False,202,Brooklyn,St. Mary's,2020-2021,NYC Parks
January - March,Session #2,False,201,Brooklyn,Brownsville,2018-2019,NYC Parks
January - March,Session #2,False,201,Brooklyn,Metropolitan,2019-2020,NYC Parks
April - June,Session #3,False,2 Quinn HR,Queens,Roy Wilkins,2017-2018,NYC Parks
January - March,Session #2,False,205,Brooklyn,St. John's,2017-2018,NYC Parks
October - December,Session #1,False,014/011,Brooklyn,Brownsville,2018-2019,NYC Parks
October - December,Session #1,False,205,Brooklyn,Metropolitan,2019-2020,NYC Parks
April - June,Session #3,False,2,Brooklyn,Metropolitan,2016-2017,NYC Parks
October - December,Session #1,False,202,Brooklyn,St. John's,2019-2020,NYC Parks
April - June,Session #3,False,203,Brooklyn,St. John's,2016-2017,NYC Parks
October - December,Session #1,False,239,Brooklyn,Brownsville,2016-2017,NYC Parks
October - December,Session #1,False,202,Bronx,St. Mary's,2017-2018,NYC Parks
January - March,Session #2,False,201,Brooklyn,Metropolitan,2018-2019,NYC Parks
January - March,Session #2,False,2,Brooklyn,Brownsville,2018-2019,NYC Parks
January - March,Session #2,False,201,Manhattan,Tony Dapolito,2018-2019,NYC Parks
January - March,Session #2,False,202,Brooklyn,Brownsville,2017-2018,NYC Parks
October - December,Session #1,False,202,Brooklyn,Metropolitan,2016-2017,NYC Parks
October - December,Session #1,False,202 & 205,Brooklyn,St. John's,2017-2018,NYC Parks
April - June,Session #3,False,202,Queens,FMCP,2017-2018,NYC Parks
January - March,Session #2,False,201,Manhattan,Hansborough,2016-2017,NYC Parks
January - March,Session #2,False,2290,Queens,Roy Wilkins,2016-2017,NYC Parks
January - March,Session #2,False,205,Manhattan,Gertrude Ederle,2017-2018,NYC Parks
October - December,Session #1,False,"X01, Y52",Manhattan,Gertrude Ederle,2018-2019,NYC Parks
January - March,Session #2,False,201,Queens,Roy Wilkins,2016-2017,NYC Parks
October - December,Session #1,False,240,Manhattan,Asser Levy,2017-2018,NYC Parks
April - June,Session #3,False,201,Queens,Roy Wilkins,2016-2017,NYC Parks
January - March,Session #2,False,202,Brooklyn,St. John's,2016-2017,NYC Parks
January - March,Session #2,False,202,Queens,Roy Wilkins,2020-2021,NYC Parks
October - December,Session #1,False,231,Queens,Roy Wilkins,2017-2018,NYC Parks
January - March,Session #2,False,203,Brooklyn,St. John's,2016-2017,NYC Parks
January - March,Session #2,False,202,Queens,Roy Wilkins,2020-2021,NYC Parks
January - March,Session #2,False,204,Brooklyn,St. John's,2016-2017,NYC Parks
April - June,Session #3,False,204,Brooklyn,Brownsville,2017-2018,NYC Parks
January - March,Session #2,False,11,Brooklyn,Brownsville,2020-2021,NYC Parks
April - June,Session #3,False,201,Queens,FMCP,2017-2018,NYC Parks
January - March,Session #2,False,232,Queens,FMCP,2017-2018,NYC Parks
April - June,Session #3,False,203,Queens,FMCP,2017-2018,NYC Parks
January - March,Session #2,False,231,Queens,Roy Wilkins,2020-2021,NYC Parks
October - december,Session #1,False,215,Manhattan,Tony Dapolito,2016-2017,NYC Parks
April - June,Session #3,False,,Bronx,St. Mary's,2018-2019,NYC Parks
October - December,Session #1,False,301,Manhattan,River Bank,2019-2020,NYC Parks
April - June,Session #3,False,202,Brooklyn,Brownsville,2016-2017,NYC Parks
October - December,Session #1,False,205,Manhattan,Tony Dapolito,2016-2017,NYC Parks
october - december,Session #1,False,215,Manhattan,Tony Dapolito,2016-2017,NYC Parks
January - March,Session #2,False,205,Manhattan,River Bank,2016-2017,NYC Parks
April - June,Session #3,False,203,Queens,FMCP,2018-2019,NYC Parks
April - June,Session #3,False,202,Queens,Roy Wilkins,2017-2018,NYC Parks
October - December,Session #1,False,201,Brooklyn,Brownsville,2019-2020,NYC Parks
October - December,Session #1,False,201,Brooklyn,St. John's,2019-2020,NYC Parks
October - December,Session #1,False,205,Manhattan,Chelsea,2016-2017,NYC Parks
October - December,Session #1,False,604,Manhattan,Asser Levy,2017-2018,NYC Parks
April - June,Session #3,False,2 Quinn HR,Queens,Roy Wilkins,2017-2018,NYC Parks
October - December,Session #1,False,122/124,Manhattan,Asser Levy,2019-2020,NYC Parks
October - December,Session #1,False,203,Brooklyn,Metropolitan,2016-2017,NYC Parks
October - December,Session #1,False,204,Queens,FMCP,2016-2017,NYC Parks
October - December,Session #1,False,201,Brooklyn,Brownsville,2017-2018,NYC Parks
October - December,Session #1,True,404,Queens,FMCP,2017-2018,NYC Parks
October - December,Session #1,False,203,Queens,Roy Wilkins,2017-2018,NYC Parks
January - March,Session #2,False,201,Queens,FMCP,2018-2019,NYC Parks
April - June,Session #3,False,221,Manhattan,Hansborough,2016-2017,NYC Parks
October - December,Session #1,True,X03,Manhattan,Hansborough,2018-2019,NYC Parks
October - December,Session #1,False,202,Manhattan,Hansborough,2017-2018,NYC Parks
October - December,Session #1,False,201,Queens,FMCP,2018-2019,NYC Parks
October - December,Session #1,False,201,Brooklyn,St. John's,2019-2020,NYC Parks
October - December,Session #1,False,202,Brooklyn,Brownsville,2019-2020,NYC Parks
January - March,Session #2,False,201,Manhattan,Tony Dapolito,2018-2019,NYC Parks
October - December,Session #1,False,201,Brooklyn,Metropolitan,2019-2020,NYC Parks
April - June,Session #3,False,202,Brooklyn,Metropolitan,2017-2018,NYC Parks
January - March,Session #2,False,201,Queens,Roy Wilkins,2020-2021,NYC Parks
April - June,Session #3,False,201,Brooklyn,Brownsville,2017-2018,NYC Parks
October - December,Session #1,False,201,Queens,FMCP,2018-2019,NYC Parks
January - March,Session #2,False,204,Queens,Roy Wilkins,2020-2021,NYC Parks
October - December,Session #1,False,201,Manhattan,Hansborough,2016-2017,NYC Parks
April - June,Session #3,False,201,Brooklyn,Brownsville,2017-2018,NYC Parks
April - June,Session #3,False,201,Manhattan,Chelsea,2017-2018,NYC Parks
January - March,Session #2,False,205,Manhattan,Hansborough,2017-2018,NYC Parks
April - June,Session #3,False,231,Queens,FMCP,2018-2019,NYC Parks
April - June,Session #3,False,203,Queens,FMCP,2018-2019,NYC Parks
April - June,Session #3,False,201,Queens,FMCP,2018-2019,NYC Parks
January - March,Session #2,False,213,Manhattan,Tony Dapolito,2016-2017,NYC Parks
October - December,Session #1,False,202,Brooklyn,Brownsville,2017-2018,NYC Parks
April - June,Session #3,False,206,Brooklyn,St. John's,2016-2017,NYC Parks
April - June,Session #3,False,203,Brooklyn,Brownsville,2016-2017,NYC Parks
April - June,Session #3,False,202,Manhattan,Gertrude Ederle,2018-2019,NYC Parks
October - December,Session #1,False,201,Queens,Roy Wilkins,2016-2017,NYC Parks
October - December,Session #1,False,201,Queens,Roy Wilkins,2016-2017,NYC Parks
October - December,Session #1,False,202,Queens,Roy Wilkins,2019-2020,NYC Parks
October - December,Session #1,False,201,Queens,Roy Wilkins,2018-2019,NYC Parks
January - March,Session #2,False,233/234,Queens,FMCP,2017-2018,NYC Parks
January - March,Session #2,False,291,Manhattan,Chelsea,2016-2017,NYC Parks
January - March,Session #2,False,201,Queens,FMCP,2017-2018,NYC Parks
January - March,Session #2,True,204,Queens,FMCP,2018-2019,NYC Parks
October - December,Session #1,False,202,Manhattan,Hansborough,2016-2017,NYC Parks
October - December,Session #1,False,2 Thorpe HR,Queens,Roy Wilkins,2016-2017,NYC Parks
April - June,Session #3,False,201,Bronx,St. Mary's,2018-2019,NYC Parks
October - December,Session #1,False,204,Queens,FMCP,2016-2017,NYC Parks
April - June,Session #3,False,202,Queens,Roy Wilkins,2017-2018,NYC Parks
April - June,Session #3,False,202,Queens,FMCP,2018-2019,NYC Parks
October - December,Session #1,False,204,Queens,FMCP,2016-2017,NYC Parks
April - June,Session #3,False,2,Brooklyn,Metropolitan,2016-2017,NYC Parks
January - March,Session #2,False,205/129,Brooklyn,Metropolitan,2017-2018,NYC Parks
October - December,Session #1,False,201,Brooklyn,Brownsville,2017-2018,NYC Parks
January - March,Session #2,False,231,Queens,FMCP,2018-2019,NYC Parks
October - December,Session #1,False,202,Manhattan,Asser Levy,2019-2020,NYC Parks
January - March,Session #2,False,202,Brooklyn,Metropolitan,2018-2019,NYC Parks
January - March,Session #2,False,231,Queens,FMCP,2018-2019,NYC Parks
October - December,Session #1,False,205,Brooklyn,Brownsville,2017-2018,NYC Parks
April - June,Session #3,False,"234, 238, 236",Manhattan,Asser Levy,2016-2017,NYC Parks
January - March,Session #2,False,201,Brooklyn,Metropolitan,2017-2018,NYC Parks
April - June,Session #3,False,2A219,Brooklyn,Brownsville,2017-2018,NYC Parks
January - March,Session #2,False,201,Manhattan,River Bank,2020-2021,NYC Parks
January - March,Session #2,False,201,Manhattan,Gertrude Ederle,2020-2021,NYC Parks
January - March,Session #2,False,203,Brooklyn,Brownsville,2017-2018,NYC Parks
October - December,Session #1,False,203,Brooklyn,Metropolitan,2017-2018,NYC Parks
January - March,Session #2,False,201,Queens,Roy Wilkins,2020-2021,NYC Parks
April - June,Session #3,False,202,Brooklyn,Brownsville,2017-2018,NYC Parks
October - December,Session #1,False,203,Queens,Roy Wilkins,2018-2019,NYC Parks
January - March,Session #2,False,201,Queens,Roy Wilkins,2016-2017,NYC Parks
January - March,Session #2,False,205,Brooklyn,Metropolitan,2020-2021,NYC Parks
January - March,Session #2,False,202,Queens,Roy Wilkins,2016-2017,NYC Parks
January - March,Session #2,False,205,Brooklyn,St. John's,2020-2021,NYC Parks
January - March,Session #2,False,201,Brooklyn,Metropolitan,2016-2017,NYC Parks
April - June,Session #3,False,201,Manhattan,Chelsea,2017-2018,NYC Parks
October - December,Session #1,False,201,Queens,Roy Wilkins,2016-2017,NYC Parks
October - December,Session #1,False,221,Queens,FMCP,2016-2017,NYC Parks
January - March,Session #2,False,201,Queens,Roy Wilkins,2020-2021,NYC Parks
October - December,Session #1,False,201,Manhattan,Tony Dapolito,2019-2020,NYC Parks
October - December,Session #1,False,201,Brooklyn,Brownsville,2016-2017,NYC Parks
January - March,Session #2,False,204,Brooklyn,St. John's,2016-2017,NYC Parks
April - June,Session #3,False,2 Quinn HR,Queens,Roy Wilkins,2017-2018,NYC Parks
April - June,Session #3,False,"291, 202",Queens,Roy Wilkins,2016-2017,NYC Parks
January - March,Session #2,False,201,Manhattan,River Bank,2017-2018,NYC Parks
April - June,Session #3,False,203,Manhattan,Hansborough,2017-2018,NYC Parks
October - December,Session #1,False,203,Brooklyn,St. John's,2016-2017,NYC Parks
January - March,Session #2,False,202,Bronx,St. Mary's,2016-2017,NYC Parks
October - December,Session #1,False,2 HR,Queens,Roy Wilkins,2017-2018,NYC Parks
october - december,Session #1,False,202,Brooklyn,St. John's,2016-2017,NYC Parks
April - June,Session #3,False,202,Queens,Roy Wilkins,2018-2019,NYC Parks
October - December,Session #1,False,201,Queens,Roy Wilkins,2016-2017,NYC Parks
January - March,Session #2,True,L7204,Brooklyn,Brownsville,2018-2019,NYC Parks
January - March,Session #2,False,202,Brooklyn,Brownsville,2018-2019,NYC Parks
October - December,Session #1,False,309,Manhattan,River Bank,2019-2020,NYC Parks
October - December,Session #1,False,201,Queens,Roy Wilkins,2016-2017,NYC Parks
January - March,Session #2,False,201,Manhattan,Tony Dapolito,2017-2018,NYC Parks
October - December,Session #1,False,203,Queens,FMCP,2016-2017,NYC Parks
April - June,Session #3,False,201,Brooklyn,Brownsville,2017-2018,NYC Parks
October - December,Session #1,False,201,Brooklyn,Metropolitan,2019-2020,NYC Parks
January - March,Session #2,False,202,Queens,Roy Wilkins,2018-2019,NYC Parks
April - June,Session #3,False,201,Brooklyn,Metropolitan,2017-2018,NYC Parks
October - December,Session #1,False,1,Brooklyn,Metropolitan,2017-2018,NYC Parks
October - December,Session #1,False,204,Queens,Roy Wilkins,2016-2017,NYC Parks
October - December,Session #1,False,2 HR,Queens,Roy Wilkins,2017-2018,NYC Parks
April - June,Session #3,False,202,Queens,Roy Wilkins,2017-2018,NYC Parks
April - June,Session #3,False,201,Brooklyn,Brownsville,2017-2018,NYC Parks
October - December,Session #1,False,201,Brooklyn,Brownsville,2016-2017,NYC Parks
April - June,Session #3,False,201,Queens,Roy Wilkins,2018-2019,NYC Parks
April - June,Session #3,False,203,Queens,FMCP,2016-2017,NYC Parks
April - June,Session #3,False,,Manhattan,Asser Levy,2018-2019,NYC Parks
October - December,Session #1,False,206,Manhattan,Tony Dapolito,2019-2020,NYC Parks
October - December,Session #1,False,202,Queens,Roy Wilkins,2018-2019,NYC Parks
April - June,Session #3,False,204,Brooklyn,Brownsville,2016-2017,NYC Parks
October - December,Session #1,False,201,Brooklyn,Metropolitan,2019-2020,NYC Parks
January - March,Session #2,False,203,Queens,Roy Wilkins,2020-2021,NYC Parks
January - March,Session #2,False,202,Brooklyn,Brownsville,2016-2017,NYC Parks
January - March,Session #2,False,205,Manhattan,River Bank,2020-2021,NYC Parks
April - June,Session #3,False,202,Queens,FMCP,2018-2019,NYC Parks
October - December,Session #1,False,201,Brooklyn,Brownsville,2018-2019,NYC Parks
January - March,Session #2,False,201,Queens,FMCP,2018-2019,NYC Parks
October - December,Session #1,False,203,Queens,Roy Wilkins,2018-2019,NYC Parks
January - March,Session #2,False,202,Brooklyn,Brownsville,2017-2018,NYC Parks
January - March,Session #2,False,204,Manhattan,Tony Dapolito,2017-2018,NYC Parks
January - March,Session #2,False,X01,Manhattan,Chelsea,2016-2017,NYC Parks
April - June,Session #3,False,203,Queens,FMCP,2017-2018,NYC Parks
April - June,Session #3,False,204,Brooklyn,St. John's,2016-2017,NYC Parks
April - June,Session #3,False,203,Brooklyn,St. John's,2016-2017,NYC Parks
April - June,Session #3,False,91,Brooklyn,Metropolitan,2017-2018,NYC Parks
October - December,Session #1,False,202,Brooklyn,Metropolitan,2018-2019,NYC Parks
January - March,Session #2,False,201,Brooklyn,Metropolitan,2020-2021,NYC Parks
April - June,Session #3,False,205,Manhattan,Tony Dapolito,2016-2017,NYC Parks
April - June,Session #3,False,204,Brooklyn,Brownsville,2016-2017,NYC Parks
October - December,Session #1,False,205,Manhattan,Gertrude Ederle,2016-2017,NYC Parks
October - December,Session #1,False,307,Manhattan,River Bank,2018-2019,NYC Parks
October - December,Session #1,False,"120, 129",Brooklyn,Brownsville,2016-2017,NYC Parks
January - March,Session #2,False,201,Queens,Roy Wilkins,2020-2021,NYC Parks
January - March,Session #2,False,204,Queens,FMCP,2018-2019,NYC Parks
January - March,Session #2,False,204,Queens,Roy Wilkins,2020-2021,NYC Parks
April - June,Session #3,False,201,Queens,FMCP,2017-2018,NYC Parks
October - December,Session #1,False,"k01, y61",Manhattan,Chelsea,2017-2018,NYC Parks
April - June,Session #3,False,201,Manhattan,Tony Dapolito,2017-2018,NYC Parks
January - March,Session #2,False,202,Brooklyn,Metropolitan,2018-2019,NYC Parks
October - December,Session #1,False,201,Brooklyn,Brownsville,2017-2018,NYC Parks
October - December,Session #1,False,231,Queens,FMCP,2016-2017,NYC Parks
October - December,Session #1,False,231,Queens,FMCP,2016-2017,NYC Parks
January - March,Session #2,False,221,Queens,FMCP,2017-2018,NYC Parks
January - March,Session #2,False,204,Manhattan,Tony Dapolito,2017-2018,NYC Parks
April - June,Session #3,False,202,Brooklyn,Brownsville,2017-2018,NYC Parks
October - December,Session #1,False,204,Manhattan,Gertrude Ederle,2018-2019,NYC Parks
October - December,Session #1,False,202,Queens,Roy Wilkins,2019-2020,NYC Parks
January - March,Session #2,False,231,Queens,FMCP,2017-2018,NYC Parks
October - December,Session #1,False,213,Manhattan,Tony Dapolito,2017-2018,NYC Parks
January - March,Session #2,True,305,Brooklyn,Metropolitan,2020-2021,NYC Parks
January - March,Session #2,False,233,Queens,FMCP,2018-2019,NYC Parks
January - March,Session #2,False,202,Brooklyn,Brownsville,2018-2019,NYC Parks
October - December,Session #1,False,203,Queens,Roy Wilkins,2016-2017,NYC Parks
October - December,Session #1,False,202,Queens,Roy Wilkins,2019-2020,NYC Parks
october - december,Session #1,False,21/22,Bronx,St. Mary's,2016-2017,NYC Parks
October - December,Session #1,False,201,Brooklyn,Brownsville,2016-2017,NYC Parks
January - March,Session #2,False,202,Manhattan,Asser Levy,2020-2021,NYC Parks
January - March,Session #2,False,203,Queens,FMCP,2018-2019,NYC Parks
January - March,Session #2,False,205,Queens,FMCP,2018-2019,NYC Parks
October - December,Session #1,False,204,Brooklyn,Metropolitan,2017-2018,NYC Parks
October - December,Session #1,False,291/ 231,Queens,Roy Wilkins,2016-2017,NYC Parks
January - March,Session #2,False,201,Brooklyn,Metropolitan,2020-2021,NYC Parks
April - June,Session #3,False,"291, 202",Queens,Roy Wilkins,2016-2017,NYC Parks
October - December,Session #1,False,"120, 129",Brooklyn,Brownsville,2016-2017,NYC Parks
April - June,Session #3,False,201,Bronx,St. Mary's,2017-2018,NYC Parks
October - December,Session #1,False,203,Brooklyn,St. John's,2017-2018,NYC Parks
October - December,Session #1,False,205,Manhattan,Tony Dapolito,2017-2018,NYC Parks
April - June,Session #3,False,202,Queens,Roy Wilkins,2017-2018,NYC Parks
October - December,Session #1,False,202,Queens,FMCP,2016-2017,NYC Parks
January - March,Session #2,False,207,Manhattan,Gertrude Ederle,2016-2017,NYC Parks
October - December,Session #1,False,202,Brooklyn,St. John's,2017-2018,NYC Parks
October - December,Session #1,False,201,Brooklyn,Brownsville,2017-2018,NYC Parks
April - June,Session #3,False,201,Bronx,St. Mary's,2017-2018,NYC Parks
January - March,Session #2,False,201,Queens,Roy Wilkins,2020-2021,NYC Parks
October - December,Session #1,False,201,Queens,Roy Wilkins,2019-2020,NYC Parks
October - December,Session #1,False,291/ 231,Queens,Roy Wilkins,2016-2017,NYC Parks
January - March,Session #2,False,231,Queens,Roy Wilkins,2020-2021,NYC Parks
October - December,Session #1,False,202 & 205,Brooklyn,St. John's,2017-2018,NYC Parks
January - March,Session #2,False,201,Brooklyn,River Bank,2020-2021,NYC Parks
April - June,Session #3,False,2,Manhattan,Tony Dapolito,2018-2019,NYC Parks
October - December,Session #1,False,206,Manhattan,Tony Dapolito,2019-2020,NYC Parks
October - December,Session #1,False,203,Queens,Roy Wilkins,2018-2019,NYC Parks
October - December,Session #1,False,202,Queens,Roy Wilkins,2019-2020,NYC Parks
April - June,Session #3,True,Y07,Brooklyn,Metropolitan,2016-2017,NYC Parks
October - December,Session #1,False,202,Brooklyn,St. John's,2019-2020,NYC Parks
April - June,Session #3,False,202,Brooklyn,Brownsville,2017-2018,NYC Parks
October - December,Session #1,False,2 Thorpe HR,Queens,Roy Wilkins,2016-2017,NYC Parks
October - December,Session #1,False,202,Brooklyn,Metropolitan,2019-2020,NYC Parks
January - March,Session #2,False,221,Queens,FMCP,2017-2018,NYC Parks
April - June,Session #3,False,205,Manhattan,Gertrude Ederle,2017-2018,NYC Parks
January - March,Session #2,False,221,Queens,FMCP,2016-2017,NYC Parks
April - June,Session #3,False,205,Brooklyn,Metropolitan,2018-2019,NYC Parks
April - June,Session #3,False,206,Manhattan,Chelsea,2016-2017,NYC Parks
October - December,Session #1,False,1,Brooklyn,Metropolitan,2017-2018,NYC Parks
October - December,Session #1,False,201,Queens,Roy Wilkins,2018-2019,NYC Parks
January - March,Session #2,False,902/903,Brooklyn,St. John's,2016-2017,NYC Parks
April - June,Session #3,False,"216, 205, 207, 220, 214",Manhattan,Hansborough,2016-2017,NYC Parks
January - March,Session #2,False,404,Manhattan,Hansborough,2017-2018,NYC Parks
October - December,Session #1,False,202,Queens,Roy Wilkins,2017-2018,NYC Parks
October - December,Session #1,False,231,Queens,Roy Wilkins,2019-2020,NYC Parks
April - June,Session #3,False,"203, 291",Queens,Roy Wilkins,2016-2017,NYC Parks
October - December,Session #1,False,204,Brooklyn,Metropolitan,2019-2020,NYC Parks
April - June,Session #3,False,201,Queens,FMCP,2018-2019,NYC Parks
October - December,Session #1,False,202,Manhattan,Asser Levy,2019-2020,NYC Parks
October - December,Session #1,False,239,Brooklyn,Brownsville,2016-2017,NYC Parks
January - March,Session #2,False,204,Brooklyn,Brownsville,2020-2021,NYC Parks
April - June,Session #3,False,204,Brooklyn,St. John's,2017-2018,NYC Parks
January - March,Session #2,False,202,Brooklyn,Brownsville,2017-2018,NYC Parks
April - June,Session #3,False,206,Brooklyn,St. John's,2016-2017,NYC Parks
April - June,Session #3,False,201,Bronx,St. Mary's,2017-2018,NYC Parks
January - March,Session #2,False,205,Brooklyn,Brownsville,2018-2019,NYC Parks
January - March,Session #2,False,203,Manhattan,Gertrude Ederle,2020-2021,NYC Parks
January - March,Session #2,False,202,Manhattan,Hansborough,2016-2017,NYC Parks
October - December,Session #1,False,1,Brooklyn,Metropolitan,2017-2018,NYC Parks
January - March,Session #2,False,204,Queens,FMCP,2016-2017,NYC Parks
January - March,Session #2,False,200,Brooklyn,Brownsville,2018-2019,NYC Parks
January - March,Session #2,False,201,Brooklyn,Metropolitan,2019-2020,NYC Parks
October - December,Session #1,False,221,Queens,FMCP,2017-2018,NYC Parks
April - June,Session #3,False,201,Queens,Roy Wilkins,2018-2019,NYC Parks
April - June,Session #3,False,202,Manhattan,Hansborough,2016-2017,NYC Parks
October - December,Session #1,False,"k01, y61",Manhattan,Chelsea,2017-2018,NYC Parks
January - March,Session #2,False,201,Manhattan,Tony Dapolito,2018-2019,NYC Parks
October - December,Session #1,False,205,Brooklyn,Metropolitan,2019-2020,NYC Parks
October - December,Session #1,False,1,Brooklyn,Metropolitan,2017-2018,NYC Parks
January - March,Session #2,False,204,Brooklyn,Brownsville,2020-2021,NYC Parks
October - December,Session #1,False,201,Brooklyn,Brownsville,2018-2019,NYC Parks
October - December,Session #1,False,1,Manhattan,Asser Levy,2016-2017,NYC Parks
October - December,Session #1,False,204,Manhattan,Asser Levy,2019-2020,NYC Parks
January - March,Session #2,False,237,Queens,FMCP,2017-2018,NYC Parks
January - March,Session #2,False,201,Queens,FMCP,2017-2018,NYC Parks
January - March,Session #2,False,203,Manhattan,Gertrude Ederle,2016-2017,NYC Parks
October - December,Session #1,False,121/123,Manhattan,Asser Levy,2019-2020,NYC Parks
October - December,Session #1,False,231,Queens,FMCP,2016-2017,NYC Parks
October - December,Session #1,False,204,Brooklyn,Metropolitan,2018-2019,NYC Parks
October - December,Session #1,False,204,Manhattan,Gertrude Ederle,2018-2019,NYC Parks
January - March,Session #2,False,201,Brooklyn,Brownsville,2016-2017,NYC Parks
April - June,Session #3,False,"234, 238, 236",Manhattan,Asser Levy,2016-2017,NYC Parks
October - December,Session #1,False,201,Brooklyn,St. John's,2017-2018,NYC Parks
April - June,Session #3,False,202,Queens,FMCP,2017-2018,NYC Parks
October - December,Session #1,False,204,Queens,Roy Wilkins,2019-2020,NYC Parks
January - March,Session #2,False,204,Brooklyn,Brownsville,2020-2021,NYC Parks
January - March,Session #2,False,214,Brooklyn,St. John's,2020-2021,NYC Parks
October - December,Session #1,False,201,Queens,Roy Wilkins,2017-2018,NYC Parks
January - March,Session #2,False,21,Bronx,St. Mary's,2018-2019,NYC Parks
April - June,Session #3,False,12,Brooklyn,Brownsville,2018-2019,NYC Parks
April - June,Session #3,False,202,Manhattan,Hansborough,2016-2017,NYC Parks
January - March,Session #2,False,201,Manhattan,River Bank,2018-2019,NYC Parks
January - March,Session #2,False,246,Manhattan,River Bank,2020-2021,NYC Parks
January - March,Session #2,False,203,Brooklyn,Metropolitan,2018-2019,NYC Parks
October - December,Session #1,False,221,Queens,FMCP,2018-2019,NYC Parks
October - December,Session #1,False,201,Queens,Roy Wilkins,2018-2019,NYC Parks
April - June,Session #3,False,204,Queens,Roy Wilkins,2017-2018,NYC Parks
April - June,Session #3,False,202,Queens,FMCP,2018-2019,NYC Parks
April - June,Session #3,False,203,Brooklyn,Metropolitan,2018-2019,NYC Parks
October - December,Session #1,False,201,Brooklyn,Brownsville,2016-2017,NYC Parks
October - December,Session #1,False,202,Queens,Roy Wilkins,2018-2019,NYC Parks
January - March,Session #2,False,2,Brooklyn,Brownsville,2016-2017,NYC Parks
April - June,Session #3,False,201,Brooklyn,Metropolitan,2017-2018,NYC Parks
October - December,Session #1,False,205,Manhattan,Chelsea,2017-2018,NYC Parks
January - March,Session #2,False,201,Brooklyn,Brownsville,2016-2017,NYC Parks
April - June,Session #3,False,231,Queens,Roy Wilkins,2017-2018,NYC Parks
April - June,Session #3,False,201,Queens,FMCP,2016-2017,NYC Parks
January - March,Session #2,False,205,Manhattan,Hansborough,2017-2018,NYC Parks
April - June,Session #3,False,201,Brooklyn,Brownsville,2017-2018,NYC Parks
April - June,Session #3,False,202,Queens,FMCP,2018-2019,NYC Parks
October - December,Session #1,False,203,Brooklyn,Brownsville,2017-2018,NYC Parks
October - December,Session #1,False,201,Manhattan,Boys and Girls Harbor,2016-2017,NYC Parks
January - March,Session #2,False,"201, 202, 203, 204, 205, 206",Brooklyn,St. John's,2016-2017,NYC Parks
October - December,Session #1,False,202,Brooklyn,Metropolitan,2018-2019,NYC Parks
January - March,Session #2,True,204,Queens,FMCP,2018-2019,NYC Parks
April - June,Session #3,False,2,Manhattan,Gertrude Ederle,2016-2017,NYC Parks
October - December,Session #1,False,201,Bronx,St. Mary's,2016-2017,NYC Parks
January - March,Session #2,False,202,Brooklyn,Brownsville,2017-2018,NYC Parks
October - December,Session #1,False,1,Brooklyn,Metropolitan,2017-2018,NYC Parks
October - December,Session #1,False,202,Bronx,St. Mary's,2016-2017,NYC Parks
April - June,Session #3,True,K01,Manhattan,Chelsea,2017-2018,NYC Parks
April - June,Session #3,False,201,Queens,FMCP,2018-2019,NYC Parks
October - December,Session #1,False,203,Queens,Roy Wilkins,2018-2019,NYC Parks
October - December,Session #1,False,"231, 293",Queens,FMCP,2016-2017,NYC Parks
January - March,Session #2,False,202,Brooklyn,Brownsville,2017-2018,NYC Parks
January - March,Session #2,False,202,Queens,Roy Wilkins,2018-2019,NYC Parks
January - March,Session #2,False,207,Manhattan,Gertrude Ederle,2016-2017,NYC Parks
October - December,Session #1,False,203,Queens,Roy Wilkins,2016-2017,NYC Parks
October - December,Session #1,False,203,Manhattan,Boys and Girls Harbor,2016-2017,NYC Parks
April - June,Session #3,False,2,Brooklyn,Metropolitan,2016-2017,NYC Parks
January - March,Session #2,False,201,Queens,Roy Wilkins,2016-2017,NYC Parks
January - March,Session #2,False,231,Queens,Roy Wilkins,2020-2021,NYC Parks
October - December,Session #1,False,202,Brooklyn,Metropolitan,2018-2019,NYC Parks
April - June,Session #3,False,K01,Manhattan,Chelsea,2017-2018,NYC Parks
October - December,Session #1,False,201,Manhattan,Hansborough,2016-2017,NYC Parks
October - December,Session #1,False,Y31,Manhattan,Chelsea,2016-2017,NYC Parks
January - March,Session #2,False,202,Bronx,St. Mary's,2016-2017,NYC Parks
October - December,Session #1,False,201,Queens,Roy Wilkins,2018-2019,NYC Parks
January - March,Session #2,False,201,Brooklyn,Metropolitan,2018-2019,NYC Parks
October - December,Session #1,False,221,Queens,FMCP,2017-2018,NYC Parks
January - March,Session #2,False,202,Brooklyn,Brownsville,2018-2019,NYC Parks
October - December,Session #1,False,201,Queens,Roy Wilkins,2017-2018,NYC Parks
October - December,Session #1,False,201,Queens,FMCP,2016-2017,NYC Parks
January - March,Session #2,False,201,Brooklyn,Metropolitan,2020-2021,NYC Parks
April - June,Session #3,False,"200, 201",Manhattan,Tony Dapolito,2016-2017,NYC Parks
October - December,Session #1,False,122/124,Manhattan,Asser Levy,2019-2020,NYC Parks
January - March,Session #2,False,201,Brooklyn,Metropolitan,2018-2019,NYC Parks
April - June,Session #3,False,207,Manhattan,Gertrude Ederle,2016-2017,NYC Parks
October - December,Session #1,False,202 & 205,Brooklyn,St. John's,2017-2018,NYC Parks
January - March,Session #2,True,L7204,Brooklyn,Brownsville,2018-2019,NYC Parks
April - June,Session #3,False,201,Queens,FMCP,2017-2018,NYC Parks
January - March,Session #2,False,201,Queens,Roy Wilkins,2016-2017,NYC Parks
January - March,Session #2,False,21,Bronx,St. Mary's,2017-2018,NYC Parks
April - June,Session #3,False,203,Queens,FMCP,2018-2019,NYC Parks
October - December,Session #1,False,231,Queens,Roy Wilkins,2018-2019,NYC Parks
January - March,Session #2,False,903/ 203,Brooklyn,St. John's,2017-2018,NYC Parks
October - December,Session #1,False,203,Queens,Far Rockaway,2017-2018,NYC Parks
January - March,Session #2,False,201,Brooklyn,St. John's,2020-2021,NYC Parks
October - December,Session #1,False,201,Queens,Roy Wilkins,2019-2020,NYC Parks
January - March,Session #2,False,"236, 200, 234",Manhattan,Asser Levy,2016-2017,NYC Parks
April - June,Session #3,False,112,Brooklyn,Brownsville,2018-2019,NYC Parks
April - June,Session #3,False,231,Queens,Roy Wilkins,2017-2018,NYC Parks
October - December,Session #1,False,"120, 129",Brooklyn,Brownsville,2016-2017,NYC Parks
October - December,Session #1,False,231,Queens,FMCP,2018-2019,NYC Parks
January - March,Session #2,False,201,Manhattan,Gertrude Ederle,2017-2018,NYC Parks
January - March,Session #2,False,204,Bronx,St. Mary's,2017-2018,NYC Parks
April - June,Session #3,False,207,Manhattan,Gertrude Ederle,2016-2017,NYC Parks
April - June,Session #3,False,201,Queens,Roy Wilkins,2018-2019,NYC Parks
October - December,Session #1,False,202,Brooklyn,Metropolitan,2019-2020,NYC Parks
April - June,Session #3,False,202,Queens,FMCP,2018-2019,NYC Parks
October - December,Session #1,False,202 & 205,Brooklyn,St. John's,2017-2018,NYC Parks
January - March,Session #2,False,201,Manhattan,River Bank,2020-2021,NYC Parks
January - March,Session #2,False,201,Brooklyn,Metropolitan,2018-2019,NYC Parks
April - June,Session #3,False,202,Queens,FMCP,2018-2019,NYC Parks
October - December,Session #1,False,203,Queens,Roy Wilkins,2019-2020,NYC Parks
October - December,Session #1,False,205,Queens,FMCP,2017-2018,NYC Parks
October - December,Session #1,False,206,Manhattan,Tony Dapolito,2017-2018,NYC Parks
April - June,Session #3,False,202,Queens,Roy Wilkins,2018-2019,NYC Parks
October - December,Session #1,False,291,Manhattan,Tony Dapolito,2018-2019,NYC Parks
October - December,Session #1,False,315,Manhattan,River Bank,2019-2020,NYC Parks
January - March,Session #2,False,206,Manhattan,Gertrude Ederle,2020-2021,NYC Parks
April - June,Session #3,False,2,Brooklyn,Metropolitan,2016-2017,NYC Parks
April - June,Session #3,False,205,Brooklyn,Metropolitan,2018-2019,NYC Parks
October - December,Session #1,False,205,Manhattan,Tony Dapolito,2017-2018,NYC Parks
October - December,Session #1,False,2,Queens,FMCP,2018-2019,NYC Parks
January - March,Session #2,False,214,Brooklyn,St. John's,2020-2021,NYC Parks
October - December,Session #1,False,201,Manhattan,Boys and Girls Harbor,2016-2017,NYC Parks
January - March,Session #2,False,202,Manhattan,Gertrude Ederle,2017-2018,NYC Parks
April - June,Session #3,False,202,Brooklyn,Metropolitan,2016-2017,NYC Parks
January - March,Session #2,False,205,Manhattan,Hansborough,2017-2018,NYC Parks
October - December,Session #1,False,205,Manhattan,Chelsea,2016-2017,NYC Parks
January - March,Session #2,False,201,Brooklyn,Brownsville,2017-2018,NYC Parks
April - June,Session #3,False,201,Brooklyn,St. John's,2017-2018,NYC Parks
April - June,Session #3,False,201,Brooklyn,Metropolitan,2018-2019,NYC Parks
April - June,Session #3,False,201/202,Brooklyn,Metropolitan,2018-2019,NYC Parks
October - December,Session #1,False,201,Brooklyn,Brownsville,2018-2019,NYC Parks
January - March,Session #2,False,2,Brooklyn,Brownsville,2016-2017,NYC Parks
October - December,Session #1,False,203,Queens,Roy Wilkins,2018-2019,NYC Parks
April - June,Session #3,False,201,Brooklyn,St. John's,2016-2017,NYC Parks
April - June,Session #3,False,206,Brooklyn,Brownsville,2017-2018,NYC Parks
October - December,Session #1,False,206,Manhattan,Tony Dapolito,2019-2020,NYC Parks
October - December,Session #1,True,305,Manhattan,River Bank,2019-2020,NYC Parks
January - March,Session #2,False,203,Manhattan,Gertrude Ederle,2020-2021,NYC Parks
October - December,Session #1,False,201,Manhattan,Hansborough,2016-2017,NYC Parks
January - March,Session #2,False,204,Manhattan,Tony Dapolito,2018-2019,NYC Parks
January - March,Session #2,False,202,Queens,FMCP,2016-2017,NYC Parks
April - June,Session #3,False,201,Manhattan,Hansborough,2017-2018,NYC Parks
January - March,Session #2,False,232,Queens,FMCP,2016-2017,NYC Parks
January - March,Session #2,False,202,Bronx,St. Mary's,2016-2017,NYC Parks
January - March,Session #2,False,200,Manhattan,Hansborough,2018-2019,NYC Parks
October - December,Session #1,False,202,Brooklyn,Brownsville,2017-2018,NYC Parks
October - December,Session #1,False,2 QUINN HR,Queens,Roy Wilkins,2018-2019,NYC Parks
October - December,Session #1,False,201,Brooklyn,Metropolitan,2018-2019,NYC Parks
January - March,Session #2,False,201,Manhattan,Hansborough,2017-2018,NYC Parks
January - March,Session #2,False,203,Brooklyn,Brownsville,2017-2018,NYC Parks
October - December,Session #1,False,201,Brooklyn,St. John's,2019-2020,NYC Parks
January - March,Session #2,False,201,Manhattan,Tony Dapolito,2018-2019,NYC Parks
April - June,Session #3,False,202,Manhattan,Gertrude Ederle,2018-2019,NYC Parks
April - June,Session #3,False,K01,Manhattan,Chelsea,2017-2018,NYC Parks
January - March,Session #2,False,201,Manhattan,River Bank,2020-2021,NYC Parks
October - December,Session #1,False,"120, 277, 203, 205",Manhattan,Hansborough,2018-2019,NYC Parks
January - March,Session #2,False,201,Manhattan,Tony Dapolito,2018-2019,NYC Parks
January - March,Session #2,False,201,Queens,Roy Wilkins,2020-2021,NYC Parks
January - March,Session #2,False,201,Queens,Roy Wilkins,2020-2021,NYC Parks
January - March,Session #2,False,216,Manhattan,River Bank,2020-2021,NYC Parks
April - June,Session #3,False,202,Brooklyn,Metropolitan,2018-2019,NYC Parks
April - June,Session #3,False,201,Queens,FMCP,2016-2017,NYC Parks
April - June,Session #3,False,231,Queens,FMCP,2017-2018,NYC Parks
January - March,Session #2,False,201,Queens,Roy Wilkins,2018-2019,NYC Parks
January - March,Session #2,False,205,Manhattan,Asser Levy,2018-2019,NYC Parks
January - March,Session #2,False,201,Brooklyn,Metropolitan,2020-2021,NYC Parks
January - March,Session #2,False,214,Manhattan,Chelsea,2017-2018,NYC Parks
October - December,Session #1,False,202,Queens,Far Rockaway,2017-2018,NYC Parks
April - June,Session #3,False,3,Brooklyn,Metropolitan,2018-2019,NYC Parks
April - June,Session #3,True,201,Queens,FMCP,2017-2018,NYC Parks
January - March,Session #2,False,202,Queens,Roy Wilkins,2020-2021,NYC Parks
January - March,Session #2,False,202,Brooklyn,Metropolitan,2020-2021,NYC Parks
January - March,Session #2,False,201,Brooklyn,St. John's,2020-2021,NYC Parks
October - December,Session #1,False,203,Queens,Far Rockaway,2017-2018,NYC Parks
October - December,Session #1,False,201,Brooklyn,Brownsville,2017-2018,NYC Parks
January - March,Session #2,False,201,Queens,Roy Wilkins,2020-2021,NYC Parks
October - December,Session #1,False,236,Queens,FMCP,2017-2018,NYC Parks
January - March,Session #2,False,201,Bronx,St. Mary's,2018-2019,NYC Parks
October - December,Session #1,False,203,Queens,Roy Wilkins,2019-2020,NYC Parks
October - December,Session #1,False,202,Queens,Roy Wilkins,2018-2019,NYC Parks
April - June,Session #3,False,202,Queens,FMCP,2017-2018,NYC Parks
October - December,Session #1,False,201,Brooklyn,Metropolitan,2017-2018,NYC Parks
January - March,Session #2,False,204,Brooklyn,St. John's,2016-2017,NYC Parks
January - March,Session #2,False,2,Brooklyn,Brownsville,2016-2017,NYC Parks
January - March,Session #2,False,201,Manhattan,Tony Dapolito,2018-2019,NYC Parks
January - March,Session #2,False,231,Queens,Roy Wilkins,2020-2021,NYC Parks
April - June,Session #3,False,203,Queens,Roy Wilkins,2016-2017,NYC Parks
April - June,Session #3,False,204,Queens,Roy Wilkins,2017-2018,NYC Parks
April - June,Session #3,False,201,Brooklyn,Metropolitan,2017-2018,NYC Parks
April - June,Session #3,False,205,Manhattan,Asser Levy,2016-2017,NYC Parks
April - June,Session #3,False,203,Queens,Roy Wilkins,2016-2017,NYC Parks
October - December,Session #1,False,203,Manhattan,Gertrude Ederle,2016-2017,NYC Parks
April - June,Session #3,False,202,Brooklyn,Brownsville,2016-2017,NYC Parks
October - December,Session #1,False,"202,  219, 229",Bronx,St. Mary's,2017-2018,NYC Parks
January - March,Session #2,False,201,Bronx,St. Mary's,2017-2018,NYC Parks
January - March,Session #2,False,202,Queens,Roy Wilkins,2016-2017,NYC Parks
April - June,Session #3,False,91,Brooklyn,Metropolitan,2017-2018,NYC Parks
October - December,Session #1,False,201 & 219,Brooklyn,Brownsville,2017-2018,NYC Parks
October - December,Session #1,False,202,Brooklyn,Brownsville,2017-2018,NYC Parks
April - June,Session #3,False,201,Queens,Roy Wilkins,2017-2018,NYC Parks
April - June,Session #3,False,"129, 201",Brooklyn,St. John's,2016-2017,NYC Parks
October - December,Session #1,False,604,Manhattan,Asser Levy,2017-2018,NYC Parks
January - March,Session #2,False,205,Brooklyn,Metropolitan,2020-2021,NYC Parks
January - March,Session #2,False,201,Brooklyn,Brownsville,2016-2017,NYC Parks
April - June,Session #3,False,"Y05, Y07",Manhattan,Tony Dapolito,2016-2017,NYC Parks
January - March,Session #2,False,246,Manhattan,River Bank,2020-2021,NYC Parks
January - March,Session #2,False,201,Queens,Roy Wilkins,2018-2019,NYC Parks
January - March,Session #2,False,202,Queens,Roy Wilkins,2018-2019,NYC Parks
October - December,Session #1,False,201,Queens,FMCP,2016-2017,NYC Parks
October - December,Session #1,False,231,Queens,FMCP,2018-2019,NYC Parks
April - June,Session #3,False,28,Queens,FMCP,2016-2017,NYC Parks
October - December,Session #1,False,201,Brooklyn,Brownsville,2016-2017,NYC Parks
April - June,Session #3,False,201,Brooklyn,Brownsville,2016-2017,NYC Parks
April - June,Session #3,False,202,Manhattan,Asser Levy,2017-2018,NYC Parks
April - June,Session #3,False,2,Queens,Roy Wilkins,2016-2017,NYC Parks
January - March,Session #2,False,2,Brooklyn,Brownsville,2016-2017,NYC Parks
January - March,Session #2,False,201,Brooklyn,Metropolitan,2020-2021,NYC Parks
October - December,Session #1,False,201,Queens,Roy Wilkins,2019-2020,NYC Parks
January - March,Session #2,False,213,Manhattan,Tony Dapolito,2016-2017,NYC Parks
April - June,Session #3,False,221,Manhattan,Hansborough,2016-2017,NYC Parks
April - June,Session #3,False,204,Brooklyn,St. John's,2016-2017,NYC Parks
October - December,Session #1,False,206,Manhattan,Tony Dapolito,2019-2020,NYC Parks
April - June,Session #3,False,2,Brooklyn,Metropolitan,2016-2017,NYC Parks
October - December,Session #1,False,202,Queens,Roy Wilkins,2016-2017,NYC Parks
October - December,Session #1,False,201,Queens,FMCP,2016-2017,NYC Parks
October - December,Session #1,False,203,Brooklyn,Brownsville,2019-2020,NYC Parks
January - March,Session #2,False,232,Queens,FMCP,2018-2019,NYC Parks
January - March,Session #2,False,202,Manhattan,Hansborough,2016-2017,NYC Parks
April - June,Session #3,False,201,Queens,FMCP,2017-2018,NYC Parks
January - March,Session #2,False,203,Queens,Roy Wilkins,2020-2021,NYC Parks
April - June,Session #3,False,202,Queens,FMCP,2017-2018,NYC Parks
October - December,Session #1,False,240,Manhattan,Asser Levy,2017-2018,NYC Parks
January - March,Session #2,False,201,Manhattan,Gertrude Ederle,2020-2021,NYC Parks
April - June,Session #3,False,201,Queens,FMCP,2018-2019,NYC Parks
January - March,Session #2,False,202,Bronx,St. Mary's,2016-2017,NYC Parks
October - December,Session #1,False,202,Manhattan,Gertrude Ederle,2016-2017,NYC Parks
January - March,Session #2,False,201,Brooklyn,Brownsville,2018-2019,NYC Parks
January - March,Session #2,False,201,Queens,Roy Wilkins,2016-2017,NYC Parks
January - March,Session #2,False,201,Queens,FMCP,2017-2018,NYC Parks
October - December,Session #1,False,201,Bronx,St. Mary's,2019-2020,NYC Parks
January - March,Session #2,False,201,Queens,FMCP,2017-2018,NYC Parks
April - June,Session #3,False,201,Brooklyn,Metropolitan,2018-2019,NYC Parks
April - June,Session #3,False,201,Brooklyn,Brownsville,2017-2018,NYC Parks
October - December,Session #1,False,201,Queens,Roy Wilkins,2019-2020,NYC Parks
January - March,Session #2,False,201,Manhattan,River Bank,2020-2021,NYC Parks
January - March,Session #2,False,201,Queens,Roy Wilkins,2016-2017,NYC Parks
January - March,Session #2,False,231,Queens,FMCP,2017-2018,NYC Parks
January - March,Session #2,False,204,Queens,Roy Wilkins,2016-2017,NYC Parks
January - March,Session #2,False,201,Manhattan,Hansborough,2016-2017,NYC Parks
October - December,Session #1,False,"k01, y61",Manhattan,Chelsea,2017-2018,NYC Parks
April - June,Session #3,False,210,Queens,FMCP,2018-2019,NYC Parks
April - June,Session #3,False,201,Queens,Roy Wilkins,2018-2019,NYC Parks
October - December,Session #1,False,203,Brooklyn,Metropolitan,2017-2018,NYC Parks
January - March,Session #2,False,206,Brooklyn,Metropolitan,2017-2018,NYC Parks
April - June,Session #3,False,203,Brooklyn,St. John's,2016-2017,NYC Parks
October - December,Session #1,False,204,Brooklyn,Metropolitan,2017-2018,NYC Parks
January - March,Session #2,False,100,Queens,Roy Wilkins,2018-2019,NYC Parks
January - March,Session #2,False,307,Manhattan,Tony Dapolito,2020-2021,NYC Parks
April - June,Session #3,False,2,Brooklyn,Metropolitan,2016-2017,NYC Parks
April - June,Session #3,False,205,Manhattan,Hansborough,2017-2018,NYC Parks
January - March,Session #2,False,202,Brooklyn,Metropolitan,2017-2018,NYC Parks
April - June,Session #3,False,202,Brooklyn,Metropolitan,2016-2017,NYC Parks
October - December,Session #1,False,202,Queens,Roy Wilkins,2018-2019,NYC Parks
April - June,Session #3,False,201,Brooklyn,Brownsville,2017-2018,NYC Parks
January - March,Session #2,False,214,Brooklyn,St. John's,2020-2021,NYC Parks
January - March,Session #2,False,201,Brooklyn,Metropolitan,2016-2017,NYC Parks
October - December,Session #1,False,202,Brooklyn,Brownsville,2018-2019,NYC Parks
October - December,Session #1,False,203,Brooklyn,St. John's,2017-2018,NYC Parks
October - December,Session #1,False,291,Queens,Tony Dapolito,2018-2019,NYC Parks
October - December,Session #1,False,206,Queens,FMCP,2017-2018,NYC Parks
April - June,Session #3,False,202,Queens,Roy Wilkins,2017-2018,NYC Parks
April - June,Session #3,False,202,Bronx,St. Mary's,2017-2018,NYC Parks
October - December,Session #1,False,405,Manhattan,River Bank,2019-2020,NYC Parks
October - December,Session #1,False,205,Manhattan,Tony Dapolito,2016-2017,NYC Parks
January - March,Session #2,False,202,Manhattan,Asser Levy,2020-2021,NYC Parks
January - March,Session #2,False,201,Manhattan,River Bank,2020-2021,NYC Parks
April - June,Session #3,False,,Bronx,St. Mary's,2018-2019,NYC Parks
April - June,Session #3,False,205,Brooklyn,Metropolitan,2018-2019,NYC Parks
October - December,Session #1,False,201,Queens,Roy Wilkins,2016-2017,NYC Parks
October - December,Session #1,False,201,Queens,Roy Wilkins,2016-2017,NYC Parks
October - December,Session #1,False,603,Manhattan,Asser Levy,2017-2018,NYC Parks
October - December,Session #1,False,201,Queens,FMCP,2017-2018,NYC Parks
October - December,Session #1,False,201,Brooklyn,Metropolitan,2019-2020,NYC Parks
October - December,Session #1,False,1,Queens,Roy Wilkins,2018-2019,NYC Parks
April - June,Session #3,False,202,Queens,FMCP,2018-2019,NYC Parks
October - December,Session #1,False,201,Manhattan,Boys and Girls Harbor,2016-2017,NYC Parks
January - March,Session #2,False,206,Manhattan,Gertrude Ederle,2018-2019,NYC Parks
January - March,Session #2,False,2,Queens,FMCP,2016-2017,NYC Parks
October - December,Session #1,False,603,Manhattan,Asser Levy,2017-2018,NYC Parks
April - June,Session #3,False,201,Manhattan,Hansborough,2017-2018,NYC Parks
April - June,Session #3,False,202,Queens,FMCP,2017-2018,NYC Parks
January - March,Session #2,False,202,Brooklyn,Brownsville,2017-2018,NYC Parks
October - December,Session #1,False,202 & 205,Brooklyn,St. John's,2017-2018,NYC Parks
January - March,Session #2,False,202,Manhattan,Gertrude Ederle,2017-2018,NYC Parks
October - December,Session #1,False,202 & 205,Brooklyn,St. John's,2017-2018,NYC Parks
October - December,Session #1,False,208,Manhattan,Tony Dapolito,2019-2020,NYC Parks
April - June,Session #3,False,204,Queens,FMCP,2016-2017,NYC Parks
April - June,Session #3,False,202,Brooklyn,St. John's,2017-2018,NYC Parks
January - March,Session #2,False,202,Brooklyn,Metropolitan,2016-2017,NYC Parks
January - March,Session #2,False,202,Brooklyn,Brownsville,2017-2018,NYC Parks
April - June,Session #3,False,215/232/229,Queens,FMCP,2017-2018,NYC Parks
April - June,Session #3,False,206,Manhattan,Chelsea,2016-2017,NYC Parks
January - March,Session #2,False,205,Manhattan,Gertrude Ederle,2017-2018,NYC Parks
January - March,Session #2,False,202,Brooklyn,St. Mary's,2020-2021,NYC Parks
April - June,Session #3,False,203,Manhattan,Hansborough,2016-2017,NYC Parks
October - December,Session #1,False,405,Manhattan,River Bank,2019-2020,NYC Parks
January - March,Session #2,True,y47,Manhattan,Tony Dapolito,2016-2017,NYC Parks
October - December,Session #1,False,231,Queens,Roy Wilkins,2017-2018,NYC Parks
January - March,Session #2,False,201,Queens,Roy Wilkins,2020-2021,NYC Parks
January - March,Session #2,True,204,Queens,FMCP,2018-2019,NYC Parks
April - June,Session #3,False,202,Queens,Roy Wilkins,2018-2019,NYC Parks
April - June,Session #3,True,123,Queens,FMCP,2018-2019,NYC Parks
October - December,Session #1,False,201,Queens,Roy Wilkins,2016-2017,NYC Parks
January - March,Session #2,False,202,Brooklyn,Metropolitan,2016-2017,NYC Parks
October - December,Session #1,False,202,Brooklyn,Brownsville,2019-2020,NYC Parks
October - December,Session #1,False,1,Brooklyn,Metropolitan,2017-2018,NYC Parks
January - March,Session #2,False,202,Queens,FMCP,2016-2017,NYC Parks
January - March,Session #2,False,203,Brooklyn,St. John's,2016-2017,NYC Parks
January - March,Session #2,False,203,Manhattan,Chelsea,2016-2017,NYC Parks
October - December,Session #1,False,208,Manhattan,Tony Dapolito,2016-2017,NYC Parks
April - June,Session #3,False,201/202,Brooklyn,Metropolitan,2018-2019,NYC Parks
January - March,Session #2,False,204,Manhattan,Tony Dapolito,2016-2017,NYC Parks
October - December,Session #1,False,201,Manhattan,Boys and Girls Harbor,2016-2017,NYC Parks
April - June,Session #3,False,202,Queens,FMCP,2018-2019,NYC Parks
January - March,Session #2,False,410,Manhattan,Tony Dapolito,2020-2021,NYC Parks
January - March,Session #2,False,205,Manhattan,River Bank,2016-2017,NYC Parks
October - December,Session #1,False,201,Queens,Roy Wilkins,2018-2019,NYC Parks
October - December,Session #1,False,201,Queens,Roy Wilkins,2017-2018,NYC Parks
October - December,Session #1,False,202,Brooklyn,Brownsville,2019-2020,NYC Parks
April - June,Session #3,False,439,Manhattan,Hansborough,2018-2019,NYC Parks
October - December,Session #1,False,201,Brooklyn,Metropolitan,2016-2017,NYC Parks
October - December,Session #1,False,203,Queens,FMCP,2018-2019,NYC Parks
January - March,Session #2,False,202,Manhattan,Asser Levy,2016-2017,NYC Parks
January - March,Session #2,False,"201, 202, 203, 204, 205, 206",Brooklyn,St. John's,2016-2017,NYC Parks
October - December,Session #1,False,201,Manhattan,River Bank,2018-2019,NYC Parks
April - June,Session #3,False,Dartmoth,Queens,Roy Wilkins,2016-2017,NYC Parks
January - March,Session #2,False,201,Brooklyn,Brownsville,2018-2019,NYC Parks
January - March,Session #2,False,"202, 203, 303",Brooklyn,Brownsville,2020-2021,NYC Parks
April - June,Session #3,False,201,Queens,FMCP,2018-2019,NYC Parks
April - June,Session #3,False,201,Brooklyn,St. John's,2016-2017,NYC Parks
April - June,Session #3,False,202,Queens,FMCP,2017-2018,NYC Parks
January - March,Session #2,False,204,Bronx,St. Mary's,2017-2018,NYC Parks
January - March,Session #2,False,214,Brooklyn,St. John's,2020-2021,NYC Parks
January - March,Session #2,False,202,Manhattan,Asser Levy,2020-2021,NYC Parks
January - March,Session #2,False,311,Manhattan,Tony Dapolito,2017-2018,NYC Parks
October - December,Session #1,False,201,Queens,Roy Wilkins,2019-2020,NYC Parks
April - June,Session #3,True,Y07,Brooklyn,Metropolitan,2016-2017,NYC Parks
April - June,Session #3,False,204,Queens,FMCP,2016-2017,NYC Parks
April - June,Session #3,False,203,Queens,FMCP,2018-2019,NYC Parks
October - December,Session #1,False,201,Queens,FMCP,2018-2019,NYC Parks
January - March,Session #2,False,231,Queens,FMCP,2016-2017,NYC Parks
October - December,Session #1,False,1,Queens,Roy Wilkins,2018-2019,NYC Parks
October - December,Session #1,False,201,Brooklyn,Metropolitan,2016-2017,NYC Parks
October - December,Session #1,False,204,Brooklyn,Metropolitan,2017-2018,NYC Parks
January - March,Session #2,False,204,Bronx,St. Mary's,2017-2018,NYC Parks
January - March,Session #2,True,204,Queens,FMCP,2018-2019,NYC Parks
October - December,Session #1,False,291,Manhattan,Chelsea,2017-2018,NYC Parks
January - March,Session #2,False,202/239,Brooklyn,Brownsville,2016-2017,NYC Parks
April - June,Session #3,False,12,Brooklyn,Brownsville,2018-2019,NYC Parks
October - December,Session #1,False,206,Queens,FMCP,2017-2018,NYC Parks
October - December,Session #1,False,202,Queens,Roy Wilkins,2019-2020,NYC Parks
April - June,Session #3,False,201,Queens,Roy Wilkins,2016-2017,NYC Parks
October - December,Session #1,False,202,Queens,Roy Wilkins,2019-2020,NYC Parks
October - December,Session #1,False,201,Manhattan,Chelsea,2016-2017,NYC Parks
October - December,Session #1,False,207,Manhattan,Gertrude Ederle,2018-2019,NYC Parks
January - March,Session #2,False,2,Queens,Roy Wilkins,2018-2019,NYC Parks
January - March,Session #2,False,401,Brooklyn,St. John's,2017-2018,NYC Parks
April - June,Session #3,False,201,Queens,FMCP,2017-2018,NYC Parks
January - March,Session #2,False,201,Manhattan,Asser Levy,2016-2017,NYC Parks
October - December,Session #1,False,202,Queens,Far Rockaway,2017-2018,NYC Parks
October - December,Session #1,False,205,Brooklyn,Brownsville,2016-2017,NYC Parks
April - June,Session #3,False,202,Manhattan,Hansborough,2016-2017,NYC Parks
January - March,Session #2,False,202,Manhattan,Hansborough,2018-2019,NYC Parks
January - March,Session #2,False,201,Queens,Roy Wilkins,2018-2019,NYC Parks
October - December,Session #1,False,205,Brooklyn,Metropolitan,2019-2020,NYC Parks
October - December,Session #1,True,202,Manhattan,Hansborough,2018-2019,NYC Parks
January - March,Session #2,False,202,Manhattan,Asser Levy,2016-2017,NYC Parks
January - March,Session #2,False,202,Brooklyn,Metropolitan,2016-2017,NYC Parks
January - March,Session #2,False,204,Brooklyn,St. John's,2016-2017,NYC Parks
october - december,Session #1,False,201,Brooklyn,St. John's,2016-2017,NYC Parks
october - december,Session #1,False,202,Brooklyn,St. John's,2016-2017,NYC Parks
April - June,Session #3,False,231,Queens,Roy Wilkins,2017-2018,NYC Parks
January - March,Session #2,False,202,Manhattan,River Bank,2020-2021,NYC Parks
April - June,Session #3,True,291,Queens,Roy Wilkins,2018-2019,NYC Parks
January - March,Session #2,False,203,Brooklyn,St. John's,2016-2017,NYC Parks
April - June,Session #3,False,208,Manhattan,Chelsea,2016-2017,NYC Parks
January - March,Session #2,False,231,Queens,FMCP,2016-2017,NYC Parks
January - March,Session #2,False,203,Queens,FMCP,2018-2019,NYC Parks
October - December,Session #1,False,201,Queens,Roy Wilkins,2016-2017,NYC Parks
January - March,Session #2,False,203,Queens,FMCP,2017-2018,NYC Parks
October - December,Session #1,False,202,Queens,Roy Wilkins,2019-2020,NYC Parks
October - December,Session #1,False,202,Brooklyn,Brownsville,2017-2018,NYC Parks
January - March,Session #2,False,205,Manhattan,Tony Dapolito,2016-2017,NYC Parks
October - December,Session #1,False,204,Queens,Roy Wilkins,2016-2017,NYC Parks
January - March,Session #2,False,201,Queens,Roy Wilkins,2016-2017,NYC Parks
October - December,Session #1,False,231,Queens,FMCP,2018-2019,NYC Parks
January - March,Session #2,False,404,Manhattan,Hansborough,2017-2018,NYC Parks
October - December,Session #1,False,2 HR,Queens,Roy Wilkins,2017-2018,NYC Parks
October - December,Session #1,False,202,Brooklyn,St. John's,2017-2018,NYC Parks
January - March,Session #2,False,202,Brooklyn,Brownsville,2017-2018,NYC Parks
January - March,Session #2,False,202,Brooklyn,Metropolitan,2016-2017,NYC Parks
January - March,Session #2,False,902/903,Brooklyn,St. John's,2016-2017,NYC Parks
April - June,Session #3,False,201,Queens,Roy Wilkins,2017-2018,NYC Parks
January - March,Session #2,False,202,Brooklyn,Metropolitan,2017-2018,NYC Parks
January - March,Session #2,False,21,Bronx,St. Mary's,2017-2018,NYC Parks
January - March,Session #2,False,231,Queens,Roy Wilkins,2018-2019,NYC Parks
April - June,Session #3,False,231,Queens,Roy Wilkins,2016-2017,NYC Parks
October - December,Session #1,False,203,Brooklyn,Metropolitan,2017-2018,NYC Parks
October - December,Session #1,False,201,Queens,Roy Wilkins,2018-2019,NYC Parks
October - December,Session #1,False,201,Brooklyn,Brownsville,2016-2017,NYC Parks
April - June,Session #3,False,439,Manhattan,Hansborough,2018-2019,NYC Parks
January - March,Session #2,False,201,Brooklyn,St. John's,2017-2018,NYC Parks
April - June,Session #3,False,201,Queens,FMCP,2018-2019,NYC Parks
October - December,Session #1,False,203,Brooklyn,Metropolitan,2017-2018,NYC Parks
October - December,Session #1,False,201,Queens,Roy Wilkins,2018-2019,NYC Parks
April - June,Session #3,False,231,Queens,Roy Wilkins,2016-2017,NYC Parks
October - December,Session #1,True,112,Brooklyn,Brownsville,2019-2020,NYC Parks
January - March,Session #2,False,201,Brooklyn,St. John's,2017-2018,NYC Parks
October - December,Session #1,False,200,Brooklyn,Metropolitan,2019-2020,NYC Parks
April - June,Session #3,False,202,Manhattan,Hansborough,2016-2017,NYC Parks
April - June,Session #3,False,201,Brooklyn,Brownsville,2016-2017,NYC Parks
October - December,Session #1,False,201,Manhattan,River Bank,2018-2019,NYC Parks
April - June,Session #3,False,202,Brooklyn,Brownsville,2016-2017,NYC Parks
October - December,Session #1,False,205,Manhattan,Chelsea,2017-2018,NYC Parks
January - March,Session #2,False,202,Brooklyn,Brownsville,2017-2018,NYC Parks
October - December,Session #1,False,203,Queens,FMCP,2017-2018,NYC Parks
January - March,Session #2,False,309,Brooklyn,Metropolitan,2017-2018,NYC Parks
April - June,Session #3,False,203,Queens,FMCP,2017-2018,NYC Parks
October - December,Session #1,False,203,Brooklyn,Brownsville,2019-2020,NYC Parks
October - December,Session #1,False,202,Manhattan,River Bank,2017-2018,NYC Parks
April - June,Session #3,False,272,Brooklyn,Metropolitan,2016-2017,NYC Parks
October - December,Session #1,False,201,Queens,Roy Wilkins,2018-2019,NYC Parks
October - December,Session #1,False,204,Manhattan,Gertrude Ederle,2016-2017,NYC Parks
October - December,Session #1,False,601,Manhattan,Asser Levy,2018-2019,NYC Parks
October - December,Session #1,False,202,Queens,FMCP,2017-2018,NYC Parks
January - March,Session #2,True,Y07,Brooklyn,Metropolitan,2016-2017,NYC Parks
January - March,Session #2,False,202,Manhattan,River Bank,2020-2021,NYC Parks
October - December,Session #1,False,204,Queens,FMCP,2016-2017,NYC Parks
January - March,Session #2,False,201,Brooklyn,Metropolitan,2016-2017,NYC Parks
October - December,Session #1,False,205,Brooklyn,Metropolitan,2019-2020,NYC Parks
January - March,Session #2,False,203,Queens,Roy Wilkins,2020-2021,NYC Parks
October - December,Session #1,False,202,Queens,Roy Wilkins,2019-2020,NYC Parks
October - December,Session #1,False,120,Brooklyn,Brownsville,2016-2017,NYC Parks
April - June,Session #3,False,231,Queens,FMCP,2016-2017,NYC Parks
October - December,Session #1,False,251,Manhattan,Gertrude Ederle,2016-2017,NYC Parks
october - december,Session #1,False,201,Bronx,St. Mary's,2016-2017,NYC Parks
April - June,Session #3,False,201,Brooklyn,Metropolitan,2018-2019,NYC Parks
October - December,Session #1,False,201,Queens,Roy Wilkins,2018-2019,NYC Parks
October - December,Session #1,False,202,Queens,FMCP,2016-2017,NYC Parks
January - March,Session #2,False,206,Manhattan,Gertrude Ederle,2020-2021,NYC Parks
April - June,Session #3,False,Dartmoth,Queens,Roy Wilkins,2016-2017,NYC Parks
January - March,Session #2,False,204,Manhattan,River Bank,2016-2017,NYC Parks
October - December,Session #1,False,202,Queens,Roy Wilkins,2019-2020,NYC Parks
October - December,Session #1,False,200,Brooklyn,Brownsville,2019-2020,NYC Parks
October - December,Session #1,False,201,Manhattan,Asser Levy,2017-2018,NYC Parks
October - December,Session #1,False,201,Bronx,St. Mary's,2018-2019,NYC Parks
October - December,Session #1,False,213,Manhattan,Tony Dapolito,2017-2018,NYC Parks
January - March,Session #2,False,X01,Manhattan,Chelsea,2016-2017,NYC Parks
January - March,Session #2,False,232,Queens,FMCP,2017-2018,NYC Parks
April - June,Session #3,False,201,Queens,Roy Wilkins,2017-2018,NYC Parks
October - December,Session #1,False,202,Manhattan,Boys and Girls Harbor,2016-2017,NYC Parks
January - March,Session #2,False,201,Brooklyn,Metropolitan,2020-2021,NYC Parks
April - June,Session #3,False,201,Brooklyn,Brownsville,2016-2017,NYC Parks
October - December,Session #1,False,201,Brooklyn,Brownsville,2017-2018,NYC Parks
October - December,Session #1,False,203,Brooklyn,St. John's,2016-2017,NYC Parks
January - March,Session #2,False,201,Brooklyn,Metropolitan,2016-2017,NYC Parks
January - March,Session #2,False,203,Manhattan,Gertrude Ederle,2020-2021,NYC Parks
October - December,Session #1,False,201,Queens,Roy Wilkins,2017-2018,NYC Parks
April - June,Session #3,False,203,Brooklyn,Brownsville,2016-2017,NYC Parks
January - March,Session #2,False,203,Bronx,St. Mary's,2016-2017,NYC Parks
January - March,Session #2,False,204,Manhattan,Tony Dapolito,2018-2019,NYC Parks
October - December,Session #1,False,201,Brooklyn,Brownsville,2019-2020,NYC Parks
January - March,Session #2,False,216,Manhattan,River Bank,2020-2021,NYC Parks
April - June,Session #3,False,202,Manhattan,Asser Levy,2016-2017,NYC Parks
January - March,Session #2,False,202,Manhattan,Hansborough,2018-2019,NYC Parks
October - December,Session #1,False,1,Brooklyn,Metropolitan,2017-2018,NYC Parks
April - June,Session #3,False,202,Manhattan,Asser Levy,2016-2017,NYC Parks
October - December,Session #1,False,201,Queens,FMCP,2017-2018,NYC Parks
April - June,Session #3,False,201,Brooklyn,Metropolitan,2018-2019,NYC Parks
October - December,Session #1,False,203,Brooklyn,Metropolitan,2016-2017,NYC Parks
October - December,Session #1,False,221,Manhattan,Hansborough,2017-2018,NYC Parks
October - December,Session #1,False,205,Brooklyn,Brownsville,2016-2017,NYC Parks
April - June,Session #3,False,201/202,Brooklyn,Metropolitan,2018-2019,NYC Parks
October - December,Session #1,False,231,Queens,Roy Wilkins,2017-2018,NYC Parks
April - June,Session #3,False,201,Brooklyn,Metropolitan,2018-2019,NYC Parks
October - December,Session #1,False,202,Manhattan,Gertrude Ederle,2016-2017,NYC Parks
January - March,Session #2,False,201/202,Brooklyn,Brownsville,2016-2017,NYC Parks
October - December,Session #1,False,201,Queens,Roy Wilkins,2017-2018,NYC Parks
January - March,Session #2,False,410,Manhattan,Tony Dapolito,2020-2021,NYC Parks
October - December,Session #1,False,202,Brooklyn,Metropolitan,2018-2019,NYC Parks
October - December,Session #1,False,201,Brooklyn,St. John's,2019-2020,NYC Parks
October - December,Session #1,False,202,Brooklyn,Metropolitan,2019-2020,NYC Parks
October - December,Session #1,False,202,Queens,Roy Wilkins,2018-2019,NYC Parks
April - June,Session #3,False,203,Queens,Roy Wilkins,2017-2018,NYC Parks
october - december,Session #1,False,201,Brooklyn,St. John's,2016-2017,NYC Parks
April - June,Session #3,False,201,Brooklyn,Brownsville,2017-2018,NYC Parks
January - March,Session #2,False,204,Manhattan,Tony Dapolito,2017-2018,NYC Parks
April - June,Session #3,False,203 & 207,Brooklyn,Brownsville,2016-2017,NYC Parks
January - March,Session #2,False,202,Manhattan,Asser Levy,2020-2021,NYC Parks
October - December,Session #1,False,202,Bronx,St. Mary's,2016-2017,NYC Parks
October - December,Session #1,False,"231, 293",Queens,FMCP,2016-2017,NYC Parks
October - December,Session #1,False,202,Brooklyn,Metropolitan,2018-2019,NYC Parks
April - June,Session #3,False,204,Queens,Roy Wilkins,2017-2018,NYC Parks
October - December,Session #1,False,202,Bronx,St. Mary's,2016-2017,NYC Parks
January - March,Session #2,False,205,Brooklyn,St. John's,2020-2021,NYC Parks
April - June,Session #3,False,231,Queens,Roy Wilkins,2018-2019,NYC Parks
January - March,Session #2,False,2290,Queens,Roy Wilkins,2016-2017,NYC Parks
October - December,Session #1,False,202,Bronx,St. Mary's,2017-2018,NYC Parks
January - March,Session #2,False,204,Brooklyn,Brownsville,2020-2021,NYC Parks
January - March,Session #2,False,207,Queens,FMCP,2017-2018,NYC Parks
January - March,Session #2,False,232,Queens,FMCP,2018-2019,NYC Parks
October - December,Session #1,False,204,Queens,Roy Wilkins,2019-2020,NYC Parks
April - June,Session #3,False,"201, 449",Manhattan,Hansborough,2016-2017,NYC Parks
April - June,Session #3,False,2,Queens,Roy Wilkins,2016-2017,NYC Parks
October - December,Session #1,False,202,Queens,Roy Wilkins,2018-2019,NYC Parks
April - June,Session #3,False,201,Brooklyn,Metropolitan,2017-2018,NYC Parks
October - December,Session #1,False,205,Manhattan,Chelsea,2017-2018,NYC Parks
April - June,Session #3,False,230,Manhattan,Gertrude Ederle,2017-2018,NYC Parks
April - June,Session #3,False,201&410,Manhattan,Gertrude Ederle,2017-2018,NYC Parks
October - December,Session #1,False,201,Brooklyn,Brownsville,2016-2017,NYC Parks
January - March,Session #2,False,203,Brooklyn,St. John's,2016-2017,NYC Parks
January - March,Session #2,False,202,Queens,Roy Wilkins,2018-2019,NYC Parks
October - December,Session #1,False,202,Queens,FMCP,2018-2019,NYC Parks
January - March,Session #2,False,202,Manhattan,Asser Levy,2016-2017,NYC Parks
January - March,Session #2,False,2,Brooklyn,Brownsville,2018-2019,NYC Parks
October - December,Session #1,False,202,Queens,FMCP,2016-2017,NYC Parks
January - March,Session #2,False,204,Brooklyn,Brownsville,2020-2021,NYC Parks
october - december,Session #1,False,215,Manhattan,Tony Dapolito,2016-2017,NYC Parks
January - March,Session #2,False,202,Brooklyn,Metropolitan,2017-2018,NYC Parks
October - December,Session #1,False,202,Queens,Roy Wilkins,2018-2019,NYC Parks
January - March,Session #2,False,201,Manhattan,Gertrude Ederle,2017-2018,NYC Parks
October - December,Session #1,False,201,Queens,Far Rockaway,2017-2018,NYC Parks
October - December,Session #1,False,203,Queens,FMCP,2018-2019,NYC Parks
January - March,Session #2,False,231,Queens,Roy Wilkins,2020-2021,NYC Parks
January - March,Session #2,False,202,Brooklyn,Metropolitan,2020-2021,NYC Parks
April - June,Session #3,False,2,Brooklyn,Metropolitan,2016-2017,NYC Parks
January - March,Session #2,False,213,Brooklyn,St. John's,2020-2021,NYC Parks
October - December,Session #1,False,201,Queens,FMCP,2016-2017,NYC Parks
January - March,Session #2,False,201,Queens,Roy Wilkins,2018-2019,NYC Parks
January - March,Session #2,False,201,Queens,Roy Wilkins,2020-2021,NYC Parks
January - March,Session #2,False,203,Manhattan,Tony Dapolito,2018-2019,NYC Parks
April - June,Session #3,False,202,Brooklyn,Brownsville,2016-2017,NYC Parks
April - June,Session #3,False,202,Brooklyn,Metropolitan,2018-2019,NYC Parks
October - December,Session #1,False,201,Queens,FMCP,2018-2019,NYC Parks
October - December,Session #1,False,201,Queens,FMCP,2016-2017,NYC Parks
January - March,Session #2,False,201,Brooklyn,St. John's,2016-2017,NYC Parks
October - December,Session #1,False,201,Brooklyn,St. John's,2019-2020,NYC Parks
January - March,Session #2,False,201,Manhattan,Chelsea,2017-2018,NYC Parks
October - December,Session #1,False,221,Manhattan,Hansborough,2017-2018,NYC Parks
April - June,Session #3,False,"231,201",Queens,FMCP,2017-2018,NYC Parks
April - June,Session #3,False,201,Manhattan,Tony Dapolito,2017-2018,NYC Parks
January - March,Session #2,False,205,Manhattan,Gertrude Ederle,2018-2019,NYC Parks
April - June,Session #3,False,202,Brooklyn,Brownsville,2016-2017,NYC Parks
April - June,Session #3,False,201,Manhattan,River Bank,2017-2018,NYC Parks
January - March,Session #2,False,201,Brooklyn,Metropolitan,2016-2017,NYC Parks
October - December,Session #1,False,221,Queens,FMCP,2016-2017,NYC Parks
January - March,Session #2,False,"201, 202, 203, 204, 205, 206",Brooklyn,St. John's,2016-2017,NYC Parks
January - March,Session #2,False,209,Queens,FMCP,2017-2018,NYC Parks
October - December,Session #1,False,202,Brooklyn,St. John's,2017-2018,NYC Parks
January - March,Session #2,False,201,Queens,Roy Wilkins,2016-2017,NYC Parks
January - March,Session #2,False,"202, 203, 303",Brooklyn,Brownsville,2020-2021,NYC Parks
October - December,Session #1,False,201,Queens,FMCP,2016-2017,NYC Parks
April - June,Session #3,False,202,Manhattan,River Bank,2018-2019,NYC Parks
January - March,Session #2,False,231,Queens,FMCP,2018-2019,NYC Parks
October - December,Session #1,False,201,Queens,Roy Wilkins,2018-2019,NYC Parks
April - June,Session #3,False,231,Queens,Roy Wilkins,2018-2019,NYC Parks
April - June,Session #3,False,201,Queens,FMCP,2018-2019,NYC Parks
April - June,Session #3,False,202,Queens,Roy Wilkins,2016-2017,NYC Parks
January - March,Session #2,False,204,Queens,Roy Wilkins,2016-2017,NYC Parks
October - December,Session #1,False,"Y44, Y23",Manhattan,LIU,2018-2019,NYC Parks
January - March,Session #2,False,201,Brooklyn,Metropolitan,2020-2021,NYC Parks
January - March,Session #2,False,207,Queens,FMCP,2017-2018,NYC Parks
April - June,Session #3,True,ADAPTIVE AQUATICS,Brooklyn,Metropolitan,2017-2018,NYC Parks
January - March,Session #2,False,201,Brooklyn,Metropolitan,2016-2017,NYC Parks
January - March,Session #2,False,202,Brooklyn,Metropolitan,2020-2021,NYC Parks
October - December,Session #1,False,202,Brooklyn,Brownsville,2017-2018,NYC Parks
October - December,Session #1,False,202,Brooklyn,St. John's,2016-2017,NYC Parks
October - December,Session #1,False,205,Manhattan,Tony Dapolito,2018-2019,NYC Parks
October - December,Session #1,False,201,Brooklyn,St. John's,2019-2020,NYC Parks
April - June,Session #3,False,204,Brooklyn,St. John's,2016-2017,NYC Parks
April - June,Session #3,False,231,Queens,Roy Wilkins,2017-2018,NYC Parks
April - June,Session #3,False,201,Queens,Roy Wilkins,2018-2019,NYC Parks
January - March,Session #2,False,205,Manhattan,River Bank,2020-2021,NYC Parks
April - June,Session #3,False,204,Bronx,St. Mary's,2017-2018,NYC Parks
January - March,Session #2,False,201,Brooklyn,St. John's,2016-2017,NYC Parks
October - December,Session #1,False,201,Queens,Roy Wilkins,2016-2017,NYC Parks
April - June,Session #3,False,201,Manhattan,Chelsea,2017-2018,NYC Parks
April - June,Session #3,False,201,Bronx,St. Mary's,2017-2018,NYC Parks
April - June,Session #3,False,203,Manhattan,Hansborough,2017-2018,NYC Parks
April - June,Session #3,False,202,Queens,FMCP,2017-2018,NYC Parks
October - December,Session #1,False,201,Queens,FMCP,2018-2019,NYC Parks
April - June,Session #3,False,201,Brooklyn,Metropolitan,2017-2018,NYC Parks
January - March,Session #2,False,410,Manhattan,Tony Dapolito,2020-2021,NYC Parks
October - December,Session #1,False,202,Queens,Far Rockaway,2017-2018,NYC Parks
January - March,Session #2,False,231,Queens,Roy Wilkins,2018-2019,NYC Parks
October - December,Session #1,False,201,Brooklyn,St. John's,2017-2018,NYC Parks
April - June,Session #3,False,439,Manhattan,Hansborough,2018-2019,NYC Parks
October - December,Session #1,False,201,Bronx,St. Mary's,2018-2019,NYC Parks
April - June,Session #3,False,201,Manhattan,Tony Dapolito,2017-2018,NYC Parks
January - March,Session #2,False,201,Queens,Roy Wilkins,2020-2021,NYC Parks
January - March,Session #2,False,209,Queens,FMCP,2017-2018,NYC Parks
April - June,Session #3,False,2,Brooklyn,St. John's,2016-2017,NYC Parks
January - March,Session #2,False,201,Queens,Roy Wilkins,2018-2019,NYC Parks
October - December,Session #1,False,201,Brooklyn,Metropolitan,2018-2019,NYC Parks
January - March,Session #2,True,Y44,Brooklyn,Metropolitan,2018-2019,NYC Parks
April - June,Session #3,False,"200, 201",Manhattan,Tony Dapolito,2016-2017,NYC Parks
April - June,Session #3,False,"230,232",Manhattan,Gertrude Ederle,2017-2018,NYC Parks
January - March,Session #2,False,201,Brooklyn,St. John's,2016-2017,NYC Parks
October - December,Session #1,False,201,Bronx,St. Mary's,2018-2019,NYC Parks
October - December,Session #1,False,1,Queens,Roy Wilkins,2018-2019,NYC Parks
January - March,Session #2,False,201,Brooklyn,Metropolitan,2019-2020,NYC Parks
April - June,Session #3,False,201,Queens,Roy Wilkins,2018-2019,NYC Parks
October - December,Session #1,False,239,Brooklyn,Brownsville,2016-2017,NYC Parks
April - June,Session #3,False,203,Manhattan,Asser Levy,2016-2017,NYC Parks
April - June,Session #3,False,2,Queens,Roy Wilkins,2016-2017,NYC Parks
April - June,Session #3,False,2,Brooklyn,Metropolitan,2016-2017,NYC Parks
October - December,Session #1,False,205,Queens,FMCP,2017-2018,NYC Parks
January - March,Session #2,False,201,Manhattan,River Bank,2017-2018,NYC Parks
October - December,Session #1,False,201,Bronx,St. Mary's,2019-2020,NYC Parks
April - June,Session #3,False,201,Manhattan,Chelsea,2017-2018,NYC Parks
October - December,Session #1,False,205,Brooklyn,Metropolitan,2016-2017,NYC Parks
April - June,Session #3,False,204,Queens,FMCP,2016-2017,NYC Parks
January - March,Session #2,False,213,Manhattan,Tony Dapolito,2016-2017,NYC Parks
January - March,Session #2,False,201,Queens,Roy Wilkins,2020-2021,NYC Parks
October - December,Session #1,False,201,Brooklyn,Brownsville,2016-2017,NYC Parks
January - March,Session #2,False,202,Brooklyn,St. Mary's,2020-2021,NYC Parks
October - December,Session #1,False,1,Manhattan,Hansborough,2018-2019,NYC Parks
January - March,Session #2,False,200,Manhattan,Hansborough,2018-2019,NYC Parks
October - December,Session #1,False,202,Brooklyn,Brownsville,2018-2019,NYC Parks
January - March,Session #2,False,201,Brooklyn,Metropolitan,2020-2021,NYC Parks
October - December,Session #1,False,205,Manhattan,Tony Dapolito,2017-2018,NYC Parks
April - June,Session #3,False,203,Brooklyn,St. John's,2017-2018,NYC Parks
April - June,Session #3,False,"230,232",Manhattan,Gertrude Ederle,2017-2018,NYC Parks
April - June,Session #3,False,221,Manhattan,Hansborough,2016-2017,NYC Parks
January - March,Session #2,False,2,Queens,FMCP,2016-2017,NYC Parks
January - March,Session #2,False,202,Manhattan,Hansborough,2018-2019,NYC Parks
October - December,Session #1,False,201,Brooklyn,Brownsville,2018-2019,NYC Parks
January - March,Session #2,False,202,Brooklyn,Brownsville,2018-2019,NYC Parks
April - June,Session #3,False,2,Brooklyn,Metropolitan,2016-2017,NYC Parks
October - December,Session #1,False,201,Brooklyn,Brownsville,2018-2019,NYC Parks
October - December,Session #1,False,206,Queens,FMCP,2017-2018,NYC Parks
April - June,Session #3,False,210,Queens,FMCP,2018-2019,NYC Parks
January - March,Session #2,False,202,Manhattan,Asser Levy,2020-2021,NYC Parks
January - March,Session #2,False,202,Manhattan,Gertrude Ederle,2017-2018,NYC Parks
October - December,Session #1,False,"315, 300, 301",Queens,FMCP,2016-2017,NYC Parks
January - March,Session #2,False,202,Manhattan,Asser Levy,2016-2017,NYC Parks
January - March,Session #2,False,201,Brooklyn,Metropolitan,2020-2021,NYC Parks
January - March,Session #2,True,104,Brooklyn,St. John's,2016-2017,NYC Parks
October - December,Session #1,False,"202,  219, 229",Bronx,St. Mary's,2017-2018,NYC Parks
October - December,Session #1,False,203,Queens,Roy Wilkins,2018-2019,NYC Parks
October - December,Session #1,False,202,Manhattan,Hansborough,2017-2018,NYC Parks
October - December,Session #1,False,202,Manhattan,Asser Levy,2019-2020,NYC Parks
April - June,Session #3,False,203,Manhattan,Asser Levy,2016-2017,NYC Parks
October - December,Session #1,False,201,Queens,Roy Wilkins,2016-2017,NYC Parks
January - March,Session #2,False,202,Brooklyn,Brownsville,2017-2018,NYC Parks
April - June,Session #3,False,210,Queens,FMCP,2018-2019,NYC Parks
April - June,Session #3,False,202,Queens,FMCP,2018-2019,NYC Parks
January - March,Session #2,False,205/129,Brooklyn,Metropolitan,2017-2018,NYC Parks
April - June,Session #3,False,2 Quinn HR,Queens,Roy Wilkins,2017-2018,NYC Parks
April - June,Session #3,False,202,Queens,FMCP,2016-2017,NYC Parks
April - June,Session #3,False,231,Queens,Roy Wilkins,2016-2017,NYC Parks
April - June,Session #3,False,201,Manhattan,Tony Dapolito,2017-2018,NYC Parks
April - June,Session #3,False,201,Brooklyn,Metropolitan,2018-2019,NYC Parks
January - March,Session #2,False,202,Queens,Roy Wilkins,2018-2019,NYC Parks
April - June,Session #3,True,419,Queens,FMCP,2018-2019,NYC Parks
October - December,Session #1,False,201,Queens,FMCP,2017-2018,NYC Parks
January - March,Session #2,False,204,Brooklyn,Brownsville,2020-2021,NYC Parks
April - June,Session #3,False,205,Manhattan,Tony Dapolito,2018-2019,NYC Parks
October - December,Session #1,False,201,Brooklyn,Brownsville,2017-2018,NYC Parks
April - June,Session #3,False,202,Queens,FMCP,2016-2017,NYC Parks
April - June,Session #3,False,"234, 238, 236",Manhattan,Asser Levy,2016-2017,NYC Parks
October - December,Session #1,False,2,Queens,FMCP,2018-2019,NYC Parks
October - December,Session #1,False,201,Queens,Roy Wilkins,2019-2020,NYC Parks
October - December,Session #1,False,204,Brooklyn,Metropolitan,2017-2018,NYC Parks
April - June,Session #3,False,202,Queens,FMCP,2017-2018,NYC Parks
October - December,Session #1,False,204,Manhattan,Gertrude Ederle,2019-2020,NYC Parks
April - June,Session #3,False,201,Queens,FMCP,2016-2017,NYC Parks
January - March,Session #2,False,303,Manhattan,Tony Dapolito,2020-2021,NYC Parks
October - December,Session #1,False,1,Manhattan,Chelsea,2017-2018,NYC Parks
January - March,Session #2,False,201,Queens,Roy Wilkins,2020-2021,NYC Parks
January - March,Session #2,False,202,Brooklyn,Metropolitan,2018-2019,NYC Parks
October - December,Session #1,False,201,Brooklyn,Brownsville,2018-2019,NYC Parks
January - March,Session #2,True,104,Brooklyn,St. John's,2016-2017,NYC Parks
October - December,Session #1,False,201,Queens,Roy Wilkins,2016-2017,NYC Parks
October - December,Session #1,False,201,Queens,Roy Wilkins,2019-2020,NYC Parks
April - June,Session #3,False,202,Brooklyn,Brownsville,2016-2017,NYC Parks
October - December,Session #1,False,201,Manhattan,Asser Levy,2018-2019,NYC Parks
April - June,Session #3,False,204,Brooklyn,Brownsville,2016-2017,NYC Parks
October - December,Session #1,False,203,Brooklyn,Brownsville,2019-2020,NYC Parks
October - December,Session #1,False,203,Manhattan,Gertrude Ederle,2016-2017,NYC Parks
January - March,Session #2,False,205,Manhattan,Gertrude Ederle,2017-2018,NYC Parks
January - March,Session #2,False,202,Brooklyn,Metropolitan,2017-2018,NYC Parks
January - March,Session #2,False,202,Brooklyn,St. Mary's,2020-2021,NYC Parks
January - March,Session #2,False,202,Queens,Roy Wilkins,2018-2019,NYC Parks
October - December,Session #1,False,204,Queens,FMCP,2018-2019,NYC Parks
April - June,Session #3,False,202,Queens,Roy Wilkins,2017-2018,NYC Parks
January - March,Session #2,False,232,Queens,FMCP,2017-2018,NYC Parks
October - December,Session #1,False,203,Queens,Roy Wilkins,2019-2020,NYC Parks
January - March,Session #2,False,201,Brooklyn,St. John's,2020-2021,NYC Parks
April - June,Session #3,False,202,Manhattan,Tony Dapolito,2017-2018,NYC Parks
April - June,Session #3,False,"201, 449",Manhattan,Hansborough,2016-2017,NYC Parks
April - June,Session #3,False,231,Queens,FMCP,2016-2017,NYC Parks
October - December,Session #1,False,221,Queens,FMCP,2018-2019,NYC Parks
January - March,Session #2,False,203,Manhattan,Gertrude Ederle,2020-2021,NYC Parks
October - December,Session #1,False,"202, 219, 229",Manhattan,Gertrude Ederle,2017-2018,NYC Parks
October - December,Session #1,False,202 & 205,Brooklyn,St. John's,2017-2018,NYC Parks
April - June,Session #3,False,28,Queens,FMCP,2016-2017,NYC Parks
January - March,Session #2,False,203,Manhattan,Gertrude Ederle,2020-2021,NYC Parks
April - June,Session #3,False,112,Brooklyn,Brownsville,2018-2019,NYC Parks
January - March,Session #2,False,201,Brooklyn,Metropolitan,2016-2017,NYC Parks
October - December,Session #1,False,221,Manhattan,Hansborough,2017-2018,NYC Parks
October - December,Session #1,False,201,Brooklyn,Brownsville,2018-2019,NYC Parks
January - March,Session #2,False,200,Brooklyn,Brownsville,2018-2019,NYC Parks
January - March,Session #2,False,201,Brooklyn,St. John's,2016-2017,NYC Parks
January - March,Session #2,False,231,Queens,FMCP,2016-2017,NYC Parks
April - June,Session #3,False,203,Brooklyn,Brownsville,2016-2017,NYC Parks
January - March,Session #2,False,203,Bronx,St. Mary's,2016-2017,NYC Parks
April - June,Session #3,False,203,Queens,Roy Wilkins,2016-2017,NYC Parks
January - March,Session #2,False,221,Queens,FMCP,2017-2018,NYC Parks
January - March,Session #2,False,201/202,Brooklyn,Brownsville,2016-2017,NYC Parks
January - March,Session #2,True,Y07,Brooklyn,Metropolitan,2016-2017,NYC Parks
April - June,Session #2,False,205,Manhattan,Tony Dapolito,2016-2017,NYC Parks
April - June,Session #3,False,202,Brooklyn,Brownsville,2016-2017,NYC Parks
October - December,Session #1,False,201,Brooklyn,Metropolitan,2018-2019,NYC Parks
October - December,Session #1,False,202,Manhattan,Hansborough,2017-2018,NYC Parks
October - December,Session #1,False,202,Manhattan,Hansborough,2017-2018,NYC Parks
April - June,Session #3,False,201,Brooklyn,Metropolitan,2017-2018,NYC Parks
October - December,Session #1,False,204,Manhattan,Gertrude Ederle,2018-2019,NYC Parks
April - June,Session #3,False,201,Brooklyn,Metropolitan,2017-2018,NYC Parks
January - March,Session #2,False,200,Brooklyn,Brownsville,2018-2019,NYC Parks
October - December,Session #1,False,201,Brooklyn,Metropolitan,2019-2020,NYC Parks
April - June,Session #3,False,2,Queens,Roy Wilkins,2016-2017,NYC Parks
January - March,Session #2,False,246,Manhattan,River Bank,2020-2021,NYC Parks
October - December,Session #1,False,604,Manhattan,Asser Levy,2017-2018,NYC Parks
April - June,Session #3,False,,Manhattan,Asser Levy,2018-2019,NYC Parks
April - June,Session #3,False,2,Brooklyn,Metropolitan,2016-2017,NYC Parks
April - June,Session #3,False,202,Manhattan,Hansborough,2016-2017,NYC Parks
January - March,Session #2,False,201,Brooklyn,St. John's,2016-2017,NYC Parks
October - December,Session #1,False,206,Manhattan,Tony Dapolito,2019-2020,NYC Parks
January - March,Session #2,False,204,Queens,FMCP,2016-2017,NYC Parks
January - March,Session #2,False,201,Brooklyn,Metropolitan,2016-2017,NYC Parks
October - December,Session #1,False,201,Queens,Roy Wilkins,2017-2018,NYC Parks
January - March,Session #2,False,206,Manhattan,Gertrude Ederle,2020-2021,NYC Parks
January - March,Session #2,False,"201, 202, 203, 204, 205, 206",Brooklyn,St. John's,2016-2017,NYC Parks
January - March,Session #2,True,235,Queens,FMCP,2017-2018,NYC Parks
October - December,Session #1,False,204,Manhattan,Gertrude Ederle,2018-2019,NYC Parks
January - March,Session #2,False,201,Brooklyn,Brownsville,2018-2019,NYC Parks
April - June,Session #3,False,2,Queens,Roy Wilkins,2016-2017,NYC Parks
October - December,Session #1,False,203,Queens,Far Rockaway,2017-2018,NYC Parks
October - December,Session #1,False,200,Brooklyn,Metropolitan,2019-2020,NYC Parks
January - March,Session #2,False,204,Brooklyn,St. John's,2016-2017,NYC Parks
October - December,Session #1,False,203,Brooklyn,Metropolitan,2016-2017,NYC Parks
January - March,Session #2,False,204,Brooklyn,Brownsville,2020-2021,NYC Parks
October - December,Session #1,False,202,Queens,Far Rockaway,2017-2018,NYC Parks
April - June,Session #3,False,208/213,Manhattan,Asser Levy,2018-2019,NYC Parks
October - December,Session #1,False,201,Brooklyn,St. John's,2017-2018,NYC Parks
October - December,Session #1,False,201,Queens,Roy Wilkins,2017-2018,NYC Parks
April - June,Session #3,False,201,Queens,FMCP,2016-2017,NYC Parks
October - December,Session #1,False,203,Brooklyn,St. John's,2017-2018,NYC Parks
April - June,Session #3,False,202,Queens,Roy Wilkins,2017-2018,NYC Parks
January - March,Session #2,False,202,Brooklyn,Brownsville,2016-2017,NYC Parks
April - June,Session #3,False,202,Brooklyn,Brownsville,2016-2017,NYC Parks
April - June,Session #3,False,201,Queens,FMCP,2016-2017,NYC Parks
October - December,Session #1,False,203,Brooklyn,Metropolitan,2017-2018,NYC Parks
April - June,Session #3,False,206,Manhattan,Chelsea,2016-2017,NYC Parks
October - December,Session #1,False,201,Queens,Roy Wilkins,2017-2018,NYC Parks
October - December,Session #1,False,201,Queens,Roy Wilkins,2016-2017,NYC Parks
January - March,Session #2,False,201,Brooklyn,Metropolitan,2018-2019,NYC Parks
April - June,Session #3,False,201,Queens,FMCP,2017-2018,NYC Parks
April - June,Session #3,True,Y41 & Y42,Brooklyn,Metropolitan,2016-2017,NYC Parks
January - March,Session #2,False,203,Brooklyn,Metropolitan,2016-2017,NYC Parks
October - December,Session #1,False,201,Manhattan,Hansborough,2016-2017,NYC Parks
January - March,Session #2,False,231,Queens,FMCP,2017-2018,NYC Parks
April - June,Session #3,False,"Y05, Y07",Manhattan,Tony Dapolito,2016-2017,NYC Parks
April - June,Session #3,False,2,Brooklyn,Metropolitan,2016-2017,NYC Parks
April - June,Session #3,False,202,Queens,FMCP,2017-2018,NYC Parks
April - June,Session #3,False,201,Brooklyn,Brownsville,2017-2018,NYC Parks
October - December,Session #1,False,202,Brooklyn,Metropolitan,2019-2020,NYC Parks
October - December,Session #1,False,1,Manhattan,Asser Levy,2016-2017,NYC Parks
October - December,Session #1,False,"202, 219, 229",Manhattan,Gertrude Ederle,2017-2018,NYC Parks
October - December,Session #1,False,13,Brooklyn,Brownsville,2019-2020,NYC Parks
October - December,Session #1,False,205,Brooklyn,Brownsville,2017-2018,NYC Parks
October - December,Session #1,False,307,Manhattan,River Bank,2019-2020,NYC Parks
October - December,Session #1,False,205,Brooklyn,Metropolitan,2019-2020,NYC Parks
October - December,Session #1,False,231,Queens,Roy Wilkins,2017-2018,NYC Parks
October - December,Session #1,False,202,Brooklyn,St. John's,2017-2018,NYC Parks
January - March,Session #2,False,201,Brooklyn,Metropolitan,2016-2017,NYC Parks
October - December,Session #1,False,014/011,Brooklyn,Brownsville,2018-2019,NYC Parks
October - December,Session #1,False,201,Queens,Roy Wilkins,2016-2017,NYC Parks
January - March,Session #2,False,2,Queens,Roy Wilkins,2018-2019,NYC Parks
April - June,Session #3,False,208/213,Manhattan,Asser Levy,2018-2019,NYC Parks
October - December,Session #1,False,2,Queens,FMCP,2018-2019,NYC Parks
January - March,Session #2,False,309,Manhattan,Tony Dapolito,2020-2021,NYC Parks
January - March,Session #2,False,203,Queens,FMCP,2016-2017,NYC Parks
January - March,Session #2,False,201,Brooklyn,Metropolitan,2020-2021,NYC Parks
October - December,Session #1,False,201,Queens,FMCP,2017-2018,NYC Parks
January - March,Session #2,False,291,Manhattan,River Bank,2020-2021,NYC Parks
October - December,Session #1,False,291,Manhattan,Chelsea,2017-2018,NYC Parks
April - June,Session #3,False,202,Bronx,St. Mary's,2017-2018,NYC Parks
January - March,Session #2,False,214,Brooklyn,St. John's,2020-2021,NYC Parks
January - March,Session #2,False,203,Brooklyn,St. John's,2017-2018,NYC Parks
October - December,Session #1,False,1,Brooklyn,Metropolitan,2017-2018,NYC Parks
April - June,Session #3,False,231,Queens,FMCP,2018-2019,NYC Parks
January - March,Session #2,False,404,Manhattan,Hansborough,2017-2018,NYC Parks
October - December,Session #1,False,239,Brooklyn,Metropolitan,2016-2017,NYC Parks
January - March,Session #2,False,201,Brooklyn,St. John's,2020-2021,NYC Parks
October - December,Session #1,False,202,Queens,Roy Wilkins,2019-2020,NYC Parks
October - december,Session #1,False,202,Queens,Roy Wilkins,2016-2017,NYC Parks
April - June,Session #3,False,202,Queens,FMCP,2018-2019,NYC Parks
October - December,Session #1,False,204,Queens,FMCP,2016-2017,NYC Parks
April - June,Session #3,False,204,Queens,FMCP,2016-2017,NYC Parks
April - June,Session #3,False,"203, 291",Queens,Roy Wilkins,2016-2017,NYC Parks
October - December,Session #1,False,231,Queens,FMCP,2016-2017,NYC Parks
January - March,Session #2,False,201,Queens,Roy Wilkins,2020-2021,NYC Parks
January - March,Session #2,False,231,Queens,FMCP,2017-2018,NYC Parks
January - March,Session #2,False,202,Brooklyn,Brownsville,2016-2017,NYC Parks
October - December,Session #1,False,203,Brooklyn,Metropolitan,2016-2017,NYC Parks
January - March,Session #2,False,201,Queens,FMCP,2016-2017,NYC Parks
April - June,Session #3,False,202,Queens,Roy Wilkins,2016-2017,NYC Parks
October - December,Session #1,False,201,Queens,Roy Wilkins,2017-2018,NYC Parks
January - March,Session #2,False,291,Manhattan,Chelsea,2016-2017,NYC Parks
April - June,Session #3,False,202,Manhattan,Asser Levy,2017-2018,NYC Parks
April - June,Session #3,False,205,Manhattan,Gertrude Ederle,2017-2018,NYC Parks
January - March,Session #2,False,201,Queens,Roy Wilkins,2020-2021,NYC Parks
January - March,Session #2,False,"236, 200, 234",Manhattan,Asser Levy,2016-2017,NYC Parks
January - March,Session #2,False,205,Manhattan,River Bank,2016-2017,NYC Parks
October - December,Session #1,False,203,Queens,FMCP,2016-2017,NYC Parks
April - June,Session #3,False,201,Queens,FMCP,2017-2018,NYC Parks
October - December,Session #1,False,202,Brooklyn,Metropolitan,2019-2020,NYC Parks
April - June,Session #3,False,204,Bronx,St. Mary's,2017-2018,NYC Parks
January - March,Session #2,False,201,Queens,FMCP,2017-2018,NYC Parks
January - March,Session #2,False,205,Manhattan,Gertrude Ederle,2017-2018,NYC Parks
April - June,Session #3,False,202,Bronx,St. Mary's,2016-2017,NYC Parks
January - March,Session #2,False,209,Queens,FMCP,2017-2018,NYC Parks
October - December,Session #1,False,203,Brooklyn,Metropolitan,2019-2020,NYC Parks
October - December,Session #1,False,201,Brooklyn,Brownsville,2018-2019,NYC Parks
October - December,Session #1,False,231,Queens,Roy Wilkins,2017-2018,NYC Parks
October - December,Session #1,False,202,Brooklyn,Metropolitan,2017-2018,NYC Parks
April - June,Session #3,False,202,Queens,FMCP,2018-2019,NYC Parks
October - December,Session #1,False,201,Queens,Roy Wilkins,2016-2017,NYC Parks
October - December,Session #1,False,"k01, y61",Manhattan,Chelsea,2017-2018,NYC Parks
January - March,Session #2,False,201,Queens,Roy Wilkins,2016-2017,NYC Parks
October - December,Session #1,False,201,Queens,Roy Wilkins,2017-2018,NYC Parks
January - March,Session #2,False,202,Brooklyn,Brownsville,2017-2018,NYC Parks
October - December,Session #1,False,014/011,Brooklyn,Brownsville,2018-2019,NYC Parks
January - March,Session #2,False,231,Queens,FMCP,2017-2018,NYC Parks
April - June,Session #3,False,201,Queens,FMCP,2016-2017,NYC Parks
April - June,Session #3,False,231,Queens,Roy Wilkins,2016-2017,NYC Parks
October - December,Session #1,False,201,Queens,Roy Wilkins,2018-2019,NYC Parks
April - June,Session #3,True,ADAPTIVE AQUATICS,Brooklyn,Metropolitan,2017-2018,NYC Parks
January - March,Session #2,False,231,Queens,Roy Wilkins,2018-2019,NYC Parks
January - March,Session #2,False,203,Queens,FMCP,2017-2018,NYC Parks
April - June,Session #3,False,201,Brooklyn,Brownsville,2016-2017,NYC Parks
October - December,Session #1,True,305,Manhattan,River Bank,2019-2020,NYC Parks
April - June,Session #3,False,202,Queens,FMCP,2017-2018,NYC Parks
April - June,Session #3,False,204,Brooklyn,St. John's,2016-2017,NYC Parks
October - December,Session #1,False,202,Queens,Roy Wilkins,2019-2020,NYC Parks
October - December,Session #1,False,"603, 604",Manhattan,Asser Levy,2016-2017,NYC Parks
April - June,Session #3,False,202,Queens,FMCP,2018-2019,NYC Parks
April - June,Session #3,False,201,Brooklyn,Brownsville,2018-2019,NYC Parks
April - June,Session #3,False,201&410,Manhattan,Gertrude Ederle,2017-2018,NYC Parks
April - June,Session #3,False,201,Queens,Roy Wilkins,2016-2017,NYC Parks
April - June,Session #3,False,201,Queens,Roy Wilkins,2018-2019,NYC Parks
January - March,Session #2,False,203,Brooklyn,Metropolitan,2016-2017,NYC Parks
April - June,Session #3,False,203,Brooklyn,Brownsville,2016-2017,NYC Parks
January - March,Session #2,False,213,Manhattan,Tony Dapolito,2016-2017,NYC Parks
April - June,Session #3,False,202,Manhattan,River Bank,2018-2019,NYC Parks
January - March,Session #2,False,202,Brooklyn,Metropolitan,2017-2018,NYC Parks
April - June,Session #3,False,231,Queens,FMCP,2017-2018,NYC Parks
October - December,Session #1,False,205,Brooklyn,Brownsville,2016-2017,NYC Parks
January - March,Session #2,False,201,Brooklyn,Metropolitan,2018-2019,NYC Parks
January - March,Session #2,False,233,Queens,FMCP,2018-2019,NYC Parks
October - December,Session #1,False,201,Queens,FMCP,2018-2019,NYC Parks
January - March,Session #2,False,"202, 203, 303",Brooklyn,Brownsville,2020-2021,NYC Parks
January - March,Session #2,False,201,Brooklyn,St. John's,2017-2018,NYC Parks
October - December,Session #1,False,201,Manhattan,Asser Levy,2017-2018,NYC Parks
April - June,Session #3,False,201,Queens,FMCP,2018-2019,NYC Parks
January - March,Session #2,False,201,Queens,Roy Wilkins,2020-2021,NYC Parks
April - June,Session #3,False,202,Queens,FMCP,2016-2017,NYC Parks
October - December,Session #1,False,204,Queens,Far Rockaway,2017-2018,NYC Parks
April - June,Session #3,False,202,Brooklyn,Brownsville,2016-2017,NYC Parks
April - June,Session #3,False,202,Queens,Roy Wilkins,2017-2018,NYC Parks
January - March,Session #2,False,203,Brooklyn,Metropolitan,2018-2019,NYC Parks
October - December,Session #1,False,201,Brooklyn,Brownsville,2017-2018,NYC Parks
January - March,Session #2,False,"201, 202, 203, 204, 205, 206",Brooklyn,St. John's,2016-2017,NYC Parks
October - December,Session #1,False,203,Brooklyn,Metropolitan,2016-2017,NYC Parks
January - March,Session #2,False,202,Brooklyn,Metropolitan,2018-2019,NYC Parks
January - March,Session #2,False,202,Brooklyn,Brownsville,2016-2017,NYC Parks
October - December,Session #1,True,404,Queens,FMCP,2017-2018,NYC Parks
October - December,Session #1,False,231,Queens,FMCP,2016-2017,NYC Parks
October - December,Session #1,False,202,Brooklyn,Metropolitan,2016-2017,NYC Parks
October - December,Session #1,False,231,Queens,FMCP,2017-2018,NYC Parks
January - March,Session #2,False,201,Brooklyn,Brownsville,2017-2018,NYC Parks
April - June,Session #3,False,201,Manhattan,Gertrude Ederle,2016-2017,NYC Parks
January - March,Session #2,False,201,Queens,FMCP,2018-2019,NYC Parks
October - December,Session #1,False,2,Queens,FMCP,2018-2019,NYC Parks
January - March,Session #2,False,201,Brooklyn,Metropolitan,2016-2017,NYC Parks
April - June,Session #3,False,205,Manhattan,Hansborough,2017-2018,NYC Parks
October - December,Session #1,False,202,Brooklyn,St. John's,2016-2017,NYC Parks
April - June,Session #3,False,201,Brooklyn,Brownsville,2018-2019,NYC Parks
October - December,Session #1,False,205,Brooklyn,Metropolitan,2019-2020,NYC Parks
January - March,Session #2,False,201,Queens,Roy Wilkins,2016-2017,NYC Parks
January - March,Session #2,False,201,Queens,FMCP,2016-2017,NYC Parks
October - December,Session #1,False,201,Queens,FMCP,2016-2017,NYC Parks
April - June,Session #3,False,202,Queens,Roy Wilkins,2018-2019,NYC Parks
January - March,Session #2,False,201,Brooklyn,Brownsville,2016-2017,NYC Parks
October - December,Session #1,False,604,Manhattan,Asser Levy,2017-2018,NYC Parks
October - December,Session #1,False,203,Brooklyn,Metropolitan,2016-2017,NYC Parks
January - March,Session #2,False,201,Queens,FMCP,2017-2018,NYC Parks
April - June,Session #3,False,202,Manhattan,River Bank,2018-2019,NYC Parks
January - March,Session #2,False,201,Brooklyn,St. John's,2016-2017,NYC Parks
October - December,Session #1,False,204,Brooklyn,Metropolitan,2019-2020,NYC Parks
January - March,Session #2,False,202,Manhattan,River Bank,2020-2021,NYC Parks
October - December,Session #1,False,201,Queens,Far Rockaway,2017-2018,NYC Parks
January - March,Session #2,False,233,Queens,FMCP,2016-2017,NYC Parks
January - March,Session #2,False,201,Brooklyn,St. John's,2017-2018,NYC Parks
January - March,Session #2,False,231,Queens,FMCP,2018-2019,NYC Parks
January - March,Session #2,False,202,Brooklyn,Metropolitan,2020-2021,NYC Parks
October - December,Session #1,False,201,Brooklyn,St. John's,2019-2020,NYC Parks
October - December,Session #1,False,202,Brooklyn,Brownsville,2016-2017,NYC Parks
October - December,Session #1,False,"201, 202",Brooklyn,Brownsville,2018-2019,NYC Parks
January - March,Session #2,False,202,Queens,Roy Wilkins,2016-2017,NYC Parks
October - December,Session #1,False,204,Manhattan,Asser Levy,2019-2020,NYC Parks
January - March,Session #2,False,201,Queens,Roy Wilkins,2018-2019,NYC Parks
April - June,Session #3,False,201,Brooklyn,Brownsville,2016-2017,NYC Parks
January - March,Session #2,False,205,Manhattan,Gertrude Ederle,2017-2018,NYC Parks
October - December,Session #1,False,201,Brooklyn,Metropolitan,2018-2019,NYC Parks
October - December,Session #1,False,201,Queens,Roy Wilkins,2016-2017,NYC Parks
October - December,Session #1,False,2 QUINN HR,Queens,Roy Wilkins,2018-2019,NYC Parks
october - december,Session #1,False,202,Brooklyn,St. John's,2016-2017,NYC Parks
October - December,Session #1,False,204,Queens,FMCP,2016-2017,NYC Parks
January - March,Session #2,True,305,Brooklyn,Metropolitan,2020-2021,NYC Parks
October - December,Session #1,False,293,Queens,FMCP,2017-2018,NYC Parks
October - December,Session #1,False,201,Queens,Roy Wilkins,2016-2017,NYC Parks
April - June,Session #3,False,204,Queens,FMCP,2016-2017,NYC Parks
October - December,Session #1,False,202,Brooklyn,Metropolitan,2019-2020,NYC Parks
January - March,Session #2,False,209,Queens,FMCP,2017-2018,NYC Parks
January - March,Session #2,False,202,Brooklyn,St. Mary's,2020-2021,NYC Parks
October - December,Session #1,False,604,Manhattan,Asser Levy,2016-2017,NYC Parks
January - March,Session #2,False,201,Brooklyn,Metropolitan,2016-2017,NYC Parks
January - March,Session #2,False,201,Queens,Roy Wilkins,2020-2021,NYC Parks
April - June,Session #3,False,202,Manhattan,Hansborough,2016-2017,NYC Parks
January - March,Session #2,False,203,Brooklyn,St. John's,2017-2018,NYC Parks
January - March,Session #2,False,205,Manhattan,Hansborough,2017-2018,NYC Parks
October - December,Session #1,False,201,Queens,FMCP,2017-2018,NYC Parks
October - December,Session #1,False,202,Brooklyn,Metropolitan,2018-2019,NYC Parks
January - March,Session #2,False,2,Brooklyn,Brownsville,2016-2017,NYC Parks
April - June,Session #3,False,201,Manhattan,Tony Dapolito,2016-2017,NYC Parks
January - March,Session #2,False,"202, 203, 303",Brooklyn,Brownsville,2020-2021,NYC Parks
October - December,Session #1,False,202,Brooklyn,Brownsville,2017-2018,NYC Parks
January - March,Session #2,False,202,Manhattan,Asser Levy,2016-2017,NYC Parks
January - March,Session #2,False,203,Queens,Roy Wilkins,2020-2021,NYC Parks
October - December,Session #1,False,204,Manhattan,Gertrude Ederle,2019-2020,NYC Parks
October - December,Session #1,False,205,Brooklyn,Brownsville,2017-2018,NYC Parks
April - June,Session #3,False,201,Brooklyn,St. John's,2016-2017,NYC Parks
OCtober - December,Session #1,False,201,Brooklyn,St. John's,2016-2017,NYC Parks
October - December,Session #1,False,201,Queens,Roy Wilkins,2018-2019,NYC Parks
April - June,Session #3,False,419,Queens,FMCP,2018-2019,NYC Parks
october - december,Session #1,False,202,Brooklyn,St. John's,2016-2017,NYC Parks
October - December,Session #1,False,202,Queens,FMCP,2017-2018,NYC Parks
October - December,Session #1,False,201,Brooklyn,Metropolitan,2018-2019,NYC Parks
January - March,Session #2,False,410,Queens,FMCP,2016-2017,NYC Parks
October - December,Session #1,False,202,Manhattan,Hansborough,2016-2017,NYC Parks
October - December,Session #1,False,601,Manhattan,Asser Levy,2018-2019,NYC Parks
April - June,Session #3,False,201,Manhattan,Tony Dapolito,2016-2017,NYC Parks
October - December,Session #1,False,201,Brooklyn,Brownsville,2016-2017,NYC Parks
January - March,Session #2,False,201,Queens,Roy Wilkins,2016-2017,NYC Parks
January - March,Session #2,False,214,Manhattan,Chelsea,2017-2018,NYC Parks
October - December,Session #1,False,202,Bronx,St. Mary's,2016-2017,NYC Parks
January - March,Session #2,False,201,Queens,Roy Wilkins,2016-2017,NYC Parks
April - June,Session #3,False,202,Queens,FMCP,2016-2017,NYC Parks
October - December,Session #1,False,202,Queens,Roy Wilkins,2019-2020,NYC Parks
April - June,Session #3,False,221,Queens,FMCP,2016-2017,NYC Parks
October - December,Session #1,False,201,Queens,Roy Wilkins,2018-2019,NYC Parks
April - June,Session #3,False,202,Queens,FMCP,2018-2019,NYC Parks
October - December,Session #1,False,205,Manhattan,Tony Dapolito,2016-2017,NYC Parks
October - December,Session #1,False,13,Brooklyn,Brownsville,2019-2020,NYC Parks
April - June,Session #3,False,2,Queens,Roy Wilkins,2016-2017,NYC Parks
January - March,Session #2,False,201,Brooklyn,Brownsville,2017-2018,NYC Parks
April - June,Session #3,False,2,Queens,Roy Wilkins,2016-2017,NYC Parks
April - June,Session #3,False,201,Queens,Roy Wilkins,2018-2019,NYC Parks
October - December,Session #1,False,201,Queens,Roy Wilkins,2018-2019,NYC Parks
January - March,Session #2,False,204,Manhattan,Hansborough,2017-2018,NYC Parks
January - March,Session #2,False,21,Bronx,St. Mary's,2017-2018,NYC Parks
January - March,Session #2,False,10X246,Manhattan,River Bank,2018-2019,NYC Parks
October - December,Session #1,True,Y25,Manhattan,River Bank,2019-2020,NYC Parks
October - December,Session #1,False,291/ 231,Queens,Roy Wilkins,2016-2017,NYC Parks
October - December,Session #1,False,231,Queens,FMCP,2017-2018,NYC Parks
october - december,Session #1,False,215,Manhattan,Tony Dapolito,2016-2017,NYC Parks
January - March,Session #2,True,L7204,Brooklyn,Brownsville,2018-2019,NYC Parks
January - March,Session #2,False,202,Manhattan,River Bank,2020-2021,NYC Parks
October - December,Session #1,False,221,Queens,FMCP,2016-2017,NYC Parks
January - March,Session #2,False,291/231,Queens,Roy Wilkins,2016-2017,NYC Parks
October - December,Session #1,False,1,Brooklyn,Metropolitan,2017-2018,NYC Parks
April - June,Session #3,False,203,Brooklyn,Brownsville,2016-2017,NYC Parks
October - December,Session #1,False,201,Queens,Roy Wilkins,2016-2017,NYC Parks
April - June,Session #3,False,201,Bronx,St. Mary's,2018-2019,NYC Parks
October - December,Session #1,False,202,Brooklyn,Brownsville,2018-2019,NYC Parks
January - March,Session #2,False,202,Brooklyn,Brownsville,2017-2018,NYC Parks
October - December,Session #1,False,201,Queens,Roy Wilkins,2016-2017,NYC Parks
January - March,Session #2,False,207,Manhattan,Gertrude Ederle,2016-2017,NYC Parks
October - December,Session #1,False,201,Queens,Roy Wilkins,2018-2019,NYC Parks
October - December,Session #1,False,204,Bronx,St. Mary's,2019-2020,NYC Parks
January - March,Session #2,False,202,Brooklyn,St. John's,2017-2018,NYC Parks
January - March,Session #2,False,2DL,Manhattan,Asser Levy,2018-2019,NYC Parks
January - March,Session #2,False,231,Queens,Roy Wilkins,2020-2021,NYC Parks
January - March,Session #2,False,207,Queens,FMCP,2017-2018,NYC Parks
April - June,Session #3,False,201,Queens,FMCP,2018-2019,NYC Parks
January - March,Session #2,False,201,Brooklyn,Brownsville,2017-2018,NYC Parks
January - March,Session #2,False,201,Queens,Roy Wilkins,2018-2019,NYC Parks
January - March,Session #2,False,204,Manhattan,Tony Dapolito,2018-2019,NYC Parks
April - June,Session #3,False,202,Brooklyn,Metropolitan,2017-2018,NYC Parks
January - March,Session #2,False,201,Manhattan,Hansborough,2016-2017,NYC Parks
April - June,Session #3,False,201,Queens,FMCP,2016-2017,NYC Parks
October - December,Session #1,False,201,Brooklyn,Brownsville,2017-2018,NYC Parks
April - June,Session #3,False,"201, 449",Manhattan,Hansborough,2016-2017,NYC Parks
January - March,Session #2,False,202,Queens,Roy Wilkins,2020-2021,NYC Parks
April - June,Session #3,False,202,Queens,FMCP,2018-2019,NYC Parks
January - March,Session #2,False,202,Queens,Roy Wilkins,2018-2019,NYC Parks
April - June,Session #3,False,202,Brooklyn,Metropolitan,2017-2018,NYC Parks
January - March,Session #2,False,204,Manhattan,Hansborough,2017-2018,NYC Parks
October - December,Session #1,False,203,Queens,Roy Wilkins,2019-2020,NYC Parks
April - June,Session #3,False,231,Queens,FMCP,2018-2019,NYC Parks
April - June,Session #3,False,201,Queens,Roy Wilkins,2016-2017,NYC Parks
April - June,Session #3,False,202,Queens,FMCP,2018-2019,NYC Parks
April - June,Session #3,False,"203, 291",Queens,Roy Wilkins,2016-2017,NYC Parks
January - March,Session #2,False,218,Manhattan,River Bank,2020-2021,NYC Parks
October - December,Session #1,False,251,Queens,FMCP,2016-2017,NYC Parks
January - March,Session #2,False,201,Manhattan,River Bank,2020-2021,NYC Parks
October - December,Session #1,False,204,Brooklyn,Metropolitan,2017-2018,NYC Parks
October - December,Session #1,False,202,Queens,FMCP,2018-2019,NYC Parks
October - December,Session #1,False,206,Manhattan,Tony Dapolito,2019-2020,NYC Parks
October - December,Session #1,False,201,Bronx,St. Mary's,2018-2019,NYC Parks
April - June,Session #3,False,201,Brooklyn,Brownsville,2017-2018,NYC Parks
January - March,Session #2,False,401,Brooklyn,St. John's,2017-2018,NYC Parks
January - March,Session #2,False,291,Manhattan,Chelsea,2016-2017,NYC Parks
October - December,Session #1,False,201,Queens,FMCP,2016-2017,NYC Parks
October - December,Session #1,False,201,Queens,FMCP,2018-2019,NYC Parks
October - December,Session #1,False,206,Queens,FMCP,2017-2018,NYC Parks
April - June,Session #3,False,205,Manhattan,Tony Dapolito,2018-2019,NYC Parks
April - June,Session #3,False,203,Manhattan,Hansborough,2016-2017,NYC Parks
October - December,Session #1,False,201,Queens,Roy Wilkins,2017-2018,NYC Parks
October - December,Session #1,False,201,Manhattan,Hansborough,2018-2019,NYC Parks
october - december,Session #1,False,203,Brooklyn,St. John's,2016-2017,NYC Parks
April - June,Session #3,False,202,Brooklyn,St. John's,2016-2017,NYC Parks
April - June,Session #3,False,203,Brooklyn,Metropolitan,2018-2019,NYC Parks
January - March,Session #2,False,202,Brooklyn,Brownsville,2016-2017,NYC Parks
April - June,Session #3,False,2,Queens,Roy Wilkins,2016-2017,NYC Parks
October - December,Session #1,False,205,Brooklyn,Metropolitan,2019-2020,NYC Parks
January - March,Session #2,False,214,Manhattan,Chelsea,2017-2018,NYC Parks
January - March,Session #2,False,203,Brooklyn,St. John's,2017-2018,NYC Parks
October - December,Session #1,False,"202, 219, 229",Manhattan,Gertrude Ederle,2017-2018,NYC Parks
January - March,Session #2,False,201,Manhattan,Hansborough,2017-2018,NYC Parks
April - June,Session #3,False,"216, 205, 207, 220, 214",Manhattan,Hansborough,2016-2017,NYC Parks
October - December,Session #1,False,202,Queens,Roy Wilkins,2019-2020,NYC Parks
April - June,Session #3,False,202,Bronx,St. Mary's,2017-2018,NYC Parks
April - June,Session #3,False,201,Queens,FMCP,2018-2019,NYC Parks
October - December,Session #1,True,Y25,Manhattan,River Bank,2019-2020,NYC Parks
January - March,Session #2,False,201,Bronx,St. Mary's,2020-2021,NYC Parks
October - December,Session #1,False,201,Queens,Roy Wilkins,2016-2017,NYC Parks
October - December,Session #1,False,"120, 129",Brooklyn,Brownsville,2016-2017,NYC Parks
october - december,Session #1,False,201,Bronx,St. Mary's,2016-2017,NYC Parks
April - June,Session #3,False,231,Queens,FMCP,2016-2017,NYC Parks
January - March,Session #2,False,201,Brooklyn,Metropolitan,2018-2019,NYC Parks
April - June,Session #3,False,439,Manhattan,Hansborough,2018-2019,NYC Parks
October - December,Session #1,False,201,Queens,Roy Wilkins,2016-2017,NYC Parks
October - December,Session #1,False,202,Brooklyn,Metropolitan,2019-2020,NYC Parks
October - December,Session #1,False,1,Brooklyn,Metropolitan,2017-2018,NYC Parks
April - June,Session #3,False,2,Brooklyn,Metropolitan,2016-2017,NYC Parks
October - December,Session #1,False,2,Queens,FMCP,2018-2019,NYC Parks
January - March,Session #2,False,205,Brooklyn,St. John's,2017-2018,NYC Parks
october - december,Session #1,False,201,Bronx,St. Mary's,2016-2017,NYC Parks
October - December,Session #1,False,201,Manhattan,Hansborough,2016-2017,NYC Parks
October - December,Session #1,False,1,Brooklyn,Metropolitan,2017-2018,NYC Parks
April - June,Session #3,False,"203, 291",Queens,Roy Wilkins,2016-2017,NYC Parks
January - March,Session #2,False,202,Manhattan,River Bank,2020-2021,NYC Parks
April - June,Session #3,False,205,Manhattan,Asser Levy,2016-2017,NYC Parks
April - June,Session #3,False,203 & 207,Brooklyn,Brownsville,2016-2017,NYC Parks
October - December,Session #1,False,"202,  219, 229",Bronx,St. Mary's,2017-2018,NYC Parks
January - March,Session #2,False,203,Manhattan,Gertrude Ederle,2020-2021,NYC Parks
January - March,Session #2,False,201,Brooklyn,Metropolitan,2016-2017,NYC Parks
January - March,Session #2,False,203,Queens,Roy Wilkins,2016-2017,NYC Parks
January - March,Session #2,False,202,Brooklyn,Brownsville,2018-2019,NYC Parks
April - June,Session #3,False,201,Queens,Roy Wilkins,2018-2019,NYC Parks
October - December,Session #1,False,"k01, y61",Manhattan,Chelsea,2017-2018,NYC Parks
January - March,Session #2,False,201,Brooklyn,Metropolitan,2019-2020,NYC Parks
January - March,Session #2,False,202,Brooklyn,Metropolitan,2017-2018,NYC Parks
April - June,Session #3,False,201,Manhattan,River Bank,2017-2018,NYC Parks
January - March,Session #2,False,201,Manhattan,Tony Dapolito,2018-2019,NYC Parks
January - March,Session #2,False,2,Queens,Roy Wilkins,2017-2018,NYC Parks
January - March,Session #2,False,202,Brooklyn,Brownsville,2017-2018,NYC Parks
January - March,Session #2,False,203,Brooklyn,Metropolitan,2016-2017,NYC Parks
April - June,Session #3,False,202,Manhattan,Gertrude Ederle,2018-2019,NYC Parks
April - June,Session #3,False,204,Brooklyn,St. John's,2016-2017,NYC Parks
January - March,Session #2,False,201,Queens,Roy Wilkins,2016-2017,NYC Parks
April - June,Session #3,False,Dartmoth,Queens,Roy Wilkins,2016-2017,NYC Parks
October - December,Session #1,False,204,Manhattan,Gertrude Ederle,2019-2020,NYC Parks
October - December,Session #1,False,201,Brooklyn,Metropolitan,2019-2020,NYC Parks
January - March,Session #2,False,204,Queens,Roy Wilkins,2016-2017,NYC Parks
January - March,Session #2,False,202,Brooklyn,Brownsville,2016-2017,NYC Parks
October - December,Session #1,False,201,Queens,FMCP,2016-2017,NYC Parks
October - December,Session #1,False,1,Manhattan,Boys and Girls Harbor,2016-2017,NYC Parks
January - March,Session #2,True,305,Brooklyn,Metropolitan,2020-2021,NYC Parks
January - March,Session #2,False,309,Brooklyn,Metropolitan,2017-2018,NYC Parks
October - December,Session #1,False,221,Queens,FMCP,2017-2018,NYC Parks
October - December,Session #1,False,231,Queens,Roy Wilkins,2018-2019,NYC Parks
October - December,Session #1,False,203,Manhattan,Boys and Girls Harbor,2016-2017,NYC Parks
April - June,Session #3,False,202,Manhattan,Tony Dapolito,2017-2018,NYC Parks
January - March,Session #2,False,201,Manhattan,Asser Levy,2016-2017,NYC Parks
April - June,Session #3,False,201,Brooklyn,St. John's,2017-2018,NYC Parks
October - December,Session #1,False,202,Brooklyn,Metropolitan,2019-2020,NYC Parks
April - June,Session #3,False,202,Queens,FMCP,2018-2019,NYC Parks
October - December,Session #1,False,201,Brooklyn,St. John's,2016-2017,NYC Parks
April - June,Session #3,False,203,Queens,Roy Wilkins,2018-2019,NYC Parks
April - June,Session #3,False,202,Brooklyn,Brownsville,2016-2017,NYC Parks
October - December,Session #1,False,204,Queens,FMCP,2017-2018,NYC Parks
October - December,Session #1,False,221,Queens,FMCP,2017-2018,NYC Parks
October - December,Session #1,False,240,Manhattan,Asser Levy,2017-2018,NYC Parks
April - June,Session #3,False,91,Brooklyn,Metropolitan,2017-2018,NYC Parks
January - March,Session #2,False,202,Queens,FMCP,2016-2017,NYC Parks
April - June,Session #3,False,202,Manhattan,Tony Dapolito,2017-2018,NYC Parks
January - March,Session #2,False,205,Manhattan,Gertrude Ederle,2017-2018,NYC Parks
January - March,Session #2,False,202,Brooklyn,Metropolitan,2017-2018,NYC Parks
October - December,Session #1,False,2,Manhattan,Boys and Girls Harbor,2016-2017,NYC Parks
January - March,Session #2,False,205/129,Brooklyn,Metropolitan,2017-2018,NYC Parks
January - March,Session #2,False,203,Manhattan,Chelsea,2016-2017,NYC Parks
January - March,Session #2,False,202,Brooklyn,Brownsville,2016-2017,NYC Parks
January - March,Session #2,False,2,Brooklyn,Brownsville,2018-2019,NYC Parks
April - June,Session #3,False,202,Bronx,St. Mary's,2018-2019,NYC Parks
October - December,Session #1,False,201,Brooklyn,Brownsville,2018-2019,NYC Parks
October - December,Session #1,False,201,Queens,Roy Wilkins,2019-2020,NYC Parks
January - March,Session #2,False,201,Manhattan,River Bank,2018-2019,NYC Parks
October - December,Session #1,False,202,Brooklyn,Metropolitan,2017-2018,NYC Parks
January - March,Session #2,False,233,Queens,FMCP,2018-2019,NYC Parks
January - March,Session #2,False,201,Brooklyn,Metropolitan,2020-2021,NYC Parks
October - December,Session #1,False,201,Brooklyn,Brownsville,2017-2018,NYC Parks
October - December,Session #1,False,"201, 202",Brooklyn,Brownsville,2018-2019,NYC Parks
April - June,Session #3,False,201,Brooklyn,St. John's,2016-2017,NYC Parks
April - June,Session #3,False,204,Brooklyn,Brownsville,2016-2017,NYC Parks
October - December,Session #1,False,206,Manhattan,Tony Dapolito,2019-2020,NYC Parks
October - December,Session #1,False,202,Queens,Roy Wilkins,2018-2019,NYC Parks
April - June,Session #3,False,231,Queens,Roy Wilkins,2017-2018,NYC Parks
January - March,Session #2,False,291,Queens,Roy Wilkins,2018-2019,NYC Parks
April - June,Session #3,False,202,Queens,Roy Wilkins,2017-2018,NYC Parks
October - December,Session #1,False,2 Thorpe HR,Queens,Roy Wilkins,2016-2017,NYC Parks
January - March,Session #2,False,202,Brooklyn,Brownsville,2018-2019,NYC Parks
October - December,Session #1,False,203,Queens,Far Rockaway,2017-2018,NYC Parks
October - December,Session #1,False,1,Brooklyn,Metropolitan,2017-2018,NYC Parks
October - December,Session #1,False,201,Brooklyn,Brownsville,2018-2019,NYC Parks
January - March,Session #2,False,205,Brooklyn,St. John's,2020-2021,NYC Parks
January - March,Session #2,False,201,Queens,Roy Wilkins,2020-2021,NYC Parks
October - December,Session #1,False,201,Queens,FMCP,2016-2017,NYC Parks
April - June,Session #3,True,207,Manhattan,Chelsea,2016-2017,NYC Parks
October - December,Session #1,False,201,Brooklyn,St. John's,2017-2018,NYC Parks
October - December,Session #1,False,2 QUINN HR,Queens,Roy Wilkins,2018-2019,NYC Parks
April - June,Session #3,False,202,Manhattan,Tony Dapolito,2017-2018,NYC Parks
October - December,Session #1,False,603,Manhattan,Asser Levy,2017-2018,NYC Parks
October - December,Session #1,False,206,Queens,FMCP,2017-2018,NYC Parks
January - March,Session #2,False,205,Manhattan,Hansborough,2017-2018,NYC Parks
April - June,Session #3,False,2,Brooklyn,Metropolitan,2016-2017,NYC Parks
October - December,Session #1,False,121/123,Manhattan,Asser Levy,2019-2020,NYC Parks
January - March,Session #2,False,201,Queens,Roy Wilkins,2020-2021,NYC Parks
October - December,Session #1,False,200,Brooklyn,Metropolitan,2019-2020,NYC Parks
October - December,Session #1,False,202,Queens,Roy Wilkins,2018-2019,NYC Parks
April - June,Session #3,False,2,Brooklyn,Metropolitan,2016-2017,NYC Parks
January - March,Session #2,False,202,Queens,FMCP,2016-2017,NYC Parks
January - March,Session #2,False,307,Manhattan,Tony Dapolito,2020-2021,NYC Parks
January - March,Session #2,False,231,Queens,Roy Wilkins,2018-2019,NYC Parks
April - June,Session #3,False,2,Brooklyn,St. John's,2016-2017,NYC Parks
January - March,Session #2,False,205,Manhattan,Gertrude Ederle,2018-2019,NYC Parks
January - March,Session #2,False,205,Manhattan,Gertrude Ederle,2018-2019,NYC Parks
October - December,Session #1,False,201,Brooklyn,Metropolitan,2016-2017,NYC Parks
January - March,Session #2,False,246,Manhattan,River Bank,2020-2021,NYC Parks
October - December,Session #1,False,203,Brooklyn,St. John's,2017-2018,NYC Parks
October - December,Session #1,False,120,Brooklyn,Brownsville,2016-2017,NYC Parks
January - March,Session #2,False,205/129,Brooklyn,Metropolitan,2017-2018,NYC Parks
October - December,Session #1,False,201,Brooklyn,Brownsville,2018-2019,NYC Parks
January - March,Session #2,False,202/204,Brooklyn,Brownsville,2016-2017,NYC Parks
January - March,Session #2,False,201,Brooklyn,Metropolitan,2017-2018,NYC Parks
April - June,Session #3,False,202,Queens,FMCP,2018-2019,NYC Parks
January - March,Session #2,False,202,Manhattan,Hansborough,2018-2019,NYC Parks
April - June,Session #3,False,"21, 22",Bronx,St. Mary's,2016-2017,NYC Parks
April - June,Session #3,False,202,Queens,FMCP,2018-2019,NYC Parks
April - June,Session #3,False,201,Manhattan,River Bank,2017-2018,NYC Parks
October - December,Session #1,False,204,Queens,FMCP,2018-2019,NYC Parks
April - June,Session #3,True,207,Manhattan,Chelsea,2016-2017,NYC Parks
January - March,Session #2,False,202,Queens,Roy Wilkins,2020-2021,NYC Parks
October - December,Session #1,False,204,Bronx,St. Mary's,2019-2020,NYC Parks
October - december,Session #1,False,205,Manhattan,Tony Dapolito,2016-2017,NYC Parks
April - June,Session #3,False,201,Manhattan,Hansborough,2017-2018,NYC Parks
January - March,Session #2,False,201,Brooklyn,Metropolitan,2018-2019,NYC Parks
October - December,Session #1,False,202,Brooklyn,Brownsville,2017-2018,NYC Parks
october - december,Session #1,False,202,Brooklyn,St. John's,2016-2017,NYC Parks
January - March,Session #2,False,202,Brooklyn,Metropolitan,2017-2018,NYC Parks
April - June,Session #3,False,202,Queens,FMCP,2018-2019,NYC Parks
October - December,Session #1,False,203,Queens,Roy Wilkins,2018-2019,NYC Parks
January - March,Session #2,True,K01,Manhattan,Chelsea,2017-2018,NYC Parks
January - March,Session #2,False,203,Brooklyn,St. John's,2017-2018,NYC Parks
October - December,Session #1,False,236,Queens,FMCP,2017-2018,NYC Parks
October - December,Session #1,False,202,Brooklyn,Brownsville,2017-2018,NYC Parks
January - March,Session #2,False,205,Brooklyn,Metropolitan,2020-2021,NYC Parks
April - June,Session #3,False,203,Brooklyn,Brownsville,2016-2017,NYC Parks
October - December,Session #1,False,202,Manhattan,River Bank,2017-2018,NYC Parks
April - June,Session #3,False,201,Queens,Roy Wilkins,2016-2017,NYC Parks
April - June,Session #3,False,203,Brooklyn,St. John's,2017-2018,NYC Parks
January - March,Session #2,False,202,Brooklyn,Metropolitan,2016-2017,NYC Parks
April - June,Session #3,False,2,Manhattan,Tony Dapolito,2018-2019,NYC Parks
October - December,Session #1,False,201,Brooklyn,Metropolitan,2019-2020,NYC Parks
January - March,Session #2,False,200,Manhattan,Hansborough,2018-2019,NYC Parks
January - March,Session #2,False,203,Brooklyn,St. John's,2017-2018,NYC Parks
January - March,Session #2,False,203,Queens,FMCP,2016-2017,NYC Parks
April - June,Session #3,False,204,Brooklyn,Brownsville,2016-2017,NYC Parks
April - June,Session #3,False,201,Brooklyn,Brownsville,2017-2018,NYC Parks
October - December,Session #1,False,205,Manhattan,Chelsea,2017-2018,NYC Parks
January - March,Session #2,False,201,Brooklyn,St. John's,2016-2017,NYC Parks
October - December,Session #1,False,231,Queens,FMCP,2016-2017,NYC Parks
January - March,Session #2,True,202,Brooklyn,St. John's,2020-2021,NYC Parks
October - December,Session #1,False,201,Brooklyn,Metropolitan,2017-2018,NYC Parks
January - March,Session #2,False,203,Brooklyn,Brownsville,2017-2018,NYC Parks
October - December,Session #1,False,1,Brooklyn,Metropolitan,2017-2018,NYC Parks
April - June,Session #3,False,419,Queens,FMCP,2018-2019,NYC Parks
October - December,Session #1,False,201,Queens,Roy Wilkins,2019-2020,NYC Parks
January - March,Session #2,False,201,Brooklyn,Metropolitan,2016-2017,NYC Parks
January - March,Session #2,False,"236, 200, 234",Manhattan,Asser Levy,2016-2017,NYC Parks
October - December,Session #1,False,202 & 205,Brooklyn,St. John's,2017-2018,NYC Parks
October - December,Session #1,False,201,Queens,FMCP,2016-2017,NYC Parks
January - March,Session #2,False,201/202,Brooklyn,Brownsville,2016-2017,NYC Parks
April - June,Session #3,False,202,Queens,FMCP,2017-2018,NYC Parks
January - March,Session #2,False,202,Brooklyn,Brownsville,2016-2017,NYC Parks
April - June,Session #3,False,2,Manhattan,Gertrude Ederle,2016-2017,NYC Parks
october - december,Session #1,False,203,Brooklyn,St. John's,2016-2017,NYC Parks
April - June,Session #3,False,231,Queens,Roy Wilkins,2018-2019,NYC Parks
January - March,Session #2,False,202,Manhattan,Asser Levy,2020-2021,NYC Parks
October - December,Session #1,False,202,Brooklyn,Brownsville,2019-2020,NYC Parks
April - June,Session #3,False,201,Queens,FMCP,2016-2017,NYC Parks
October - December,Session #1,False,205,Queens,FMCP,2017-2018,NYC Parks
January - March,Session #2,False,2,Queens,Roy Wilkins,2018-2019,NYC Parks
January - March,Session #2,False,205,Brooklyn,St. John's,2017-2018,NYC Parks
April - June,Session #3,False,"Y05, Y07",Manhattan,Tony Dapolito,2016-2017,NYC Parks
October - December,Session #1,False,201,Brooklyn,St. John's,2017-2018,NYC Parks
January - March,Session #2,False,202,Manhattan,River Bank,2020-2021,NYC Parks
January - March,Session #2,False,401,Brooklyn,St. John's,2017-2018,NYC Parks
October - December,Session #1,False,203,Brooklyn,St. John's,2017-2018,NYC Parks
January - March,Session #2,False,203,Manhattan,Gertrude Ederle,2020-2021,NYC Parks
April - June,Session #3,False,2,Queens,Roy Wilkins,2016-2017,NYC Parks
October - December,Session #1,False,201,Queens,Roy Wilkins,2016-2017,NYC Parks
October - December,Session #1,False,"216, 205, 207, 214",Manhattan,Hansborough,2017-2018,NYC Parks
October - December,Session #1,False,204,Manhattan,Gertrude Ederle,2018-2019,NYC Parks
April - June,Session #3,False,202/201,Queens,FMCP,2018-2019,NYC Parks
October - December,Session #1,False,200,Brooklyn,Brownsville,2019-2020,NYC Parks
January - March,Session #2,False,221,Queens,FMCP,2018-2019,NYC Parks
October - December,Session #1,False,1,Brooklyn,Metropolitan,2017-2018,NYC Parks
October - December,Session #1,False,203,Queens,FMCP,2018-2019,NYC Parks
October - December,Session #1,False,204,Manhattan,Gertrude Ederle,2016-2017,NYC Parks
April - June,Session #3,False,201,Manhattan,River Bank,2016-2017,NYC Parks
April - June,Session #3,False,208,Manhattan,Chelsea,2016-2017,NYC Parks
January - March,Session #2,False,201,Manhattan,River Bank,2020-2021,NYC Parks
April - June,Session #3,False,201,Queens,Roy Wilkins,2018-2019,NYC Parks
January - March,Session #2,False,202,Brooklyn,Metropolitan,2017-2018,NYC Parks
April - June,Session #3,False,201,Brooklyn,Brownsville,2017-2018,NYC Parks
October - December,Session #1,False,202,Queens,FMCP,2016-2017,NYC Parks
October - December,Session #1,False,204,Brooklyn,Metropolitan,2019-2020,NYC Parks
April - June,Session #3,False,215/232/229,Queens,FMCP,2017-2018,NYC Parks
April - June,Session #3,False,201,Brooklyn,Metropolitan,2017-2018,NYC Parks
January - March,Session #2,False,214,Brooklyn,St. John's,2020-2021,NYC Parks
October - December,Session #1,False,309,Manhattan,River Bank,2019-2020,NYC Parks
January - March,Session #2,False,200,Brooklyn,Brownsville,2018-2019,NYC Parks
October - December,Session #1,False,202,Queens,Roy Wilkins,2018-2019,NYC Parks
April - June,Session #3,False,202,Queens,FMCP,2018-2019,NYC Parks
October - December,Session #1,True,Y33,Brooklyn,LIU,2019-2020,Partner Site
January - March,Session #2,False,202,Manhattan,Hansborough,2017-2018,NYC Parks
October - December,Session #1,False,201,Bronx,St. Mary's,2019-2020,NYC Parks
OCtober - December,Session #1,False,205,Manhattan,Tony Dapolito,2016-2017,NYC Parks
January - March,Session #2,False,201,Brooklyn,St. John's,2016-2017,NYC Parks
January - March,Session #2,False,216,Manhattan,River Bank,2020-2021,NYC Parks
October - December,Session #1,False,201,Queens,Roy Wilkins,2017-2018,NYC Parks
October - December,Session #1,False,205,Manhattan,Gertrude Ederle,2016-2017,NYC Parks
January - March,Session #2,False,202,Brooklyn,Brownsville,2018-2019,NYC Parks
April - June,Session #3,False,202,Brooklyn,Brownsville,2016-2017,NYC Parks
April - June,Session #3,False,Dartmoth,Queens,Roy Wilkins,2016-2017,NYC Parks
October - December,Session #1,False,208,Manhattan,Tony Dapolito,2019-2020,NYC Parks
October - December,Session #1,False,202,Manhattan,Hansborough,2016-2017,NYC Parks
April - June,Session #3,False,202,Queens,Roy Wilkins,2018-2019,NYC Parks
January - March,Session #2,True,309/315,Brooklyn,Metropolitan,2017-2018,NYC Parks
October - December,Session #1,False,2,Queens,FMCP,2018-2019,NYC Parks
April - June,Session #3,False,206,Brooklyn,Brownsville,2017-2018,NYC Parks
January - March,Session #2,False,10X246,Manhattan,River Bank,2018-2019,NYC Parks
April - June,Session #3,False,201,Queens,Roy Wilkins,2016-2017,NYC Parks
April - June,Session #3,False,202,Queens,Roy Wilkins,2017-2018,NYC Parks
January - March,Session #2,False,202,Brooklyn,Metropolitan,2017-2018,NYC Parks
October - December,Session #1,False,204,Manhattan,Asser Levy,2019-2020,NYC Parks
January - March,Session #2,False,2,Brooklyn,Brownsville,2016-2017,NYC Parks
October - December,Session #1,False,204,Manhattan,Gertrude Ederle,2018-2019,NYC Parks
January - March,Session #2,False,201,Manhattan,River Bank,2017-2018,NYC Parks
October - December,Session #1,False,201,Brooklyn,St. John's,2019-2020,NYC Parks
October - December,Session #1,False,202,Queens,Roy Wilkins,2019-2020,NYC Parks
October - December,Session #1,False,203,Brooklyn,Metropolitan,2016-2017,NYC Parks
october - december,Session #1,False,202,Brooklyn,St. John's,2016-2017,NYC Parks
October - December,Session #1,False,201,Queens,Roy Wilkins,2017-2018,NYC Parks
April - June,Session #3,False,231,Queens,FMCP,2016-2017,NYC Parks
October - December,Session #1,False,204,Brooklyn,Metropolitan,2018-2019,NYC Parks
January - March,Session #2,False,203,Queens,Roy Wilkins,2020-2021,NYC Parks
January - March,Session #2,False,233,Queens,FMCP,2016-2017,NYC Parks
January - March,Session #2,False,202,Brooklyn,Brownsville,2018-2019,NYC Parks
October - December,Session #1,False,201,Brooklyn,Brownsville,2018-2019,NYC Parks
January - March,Session #2,False,2,Queens,Roy Wilkins,2018-2019,NYC Parks
January - March,Session #2,False,Y23,Brooklyn,Metropolitan,2016-2017,NYC Parks
January - March,Session #2,False,200,Manhattan,Hansborough,2018-2019,NYC Parks
April - June,Session #3,False,202/201,Queens,FMCP,2018-2019,NYC Parks
January - March,Session #2,False,203,Manhattan,Chelsea,2016-2017,NYC Parks
October - December,Session #1,False,202,Manhattan,Hansborough,2016-2017,NYC Parks
January - March,Session #2,False,207,Queens,FMCP,2017-2018,NYC Parks
October - December,Session #1,False,201,Queens,Roy Wilkins,2016-2017,NYC Parks
October - December,Session #1,False,201,Brooklyn,Metropolitan,2018-2019,NYC Parks
October - December,Session #1,False,201,Brooklyn,Brownsville,2017-2018,NYC Parks
April - June,Session #3,False,202,Queens,FMCP,2017-2018,NYC Parks
January - March,Session #2,False,205,Brooklyn,Metropolitan,2020-2021,NYC Parks
January - March,Session #2,False,231,Queens,FMCP,2018-2019,NYC Parks
January - March,Session #2,False,201,Queens,Roy Wilkins,2020-2021,NYC Parks
October - December,Session #1,False,204,Manhattan,Asser Levy,2019-2020,NYC Parks
October - December,Session #1,False,202,Brooklyn,Metropolitan,2019-2020,NYC Parks
January - March,Session #2,False,21,Bronx,St. Mary's,2018-2019,NYC Parks
October - December,Session #1,False,"201, 202",Brooklyn,Brownsville,2018-2019,NYC Parks
October - December,Session #1,False,201,Queens,Roy Wilkins,2017-2018,NYC Parks
January - March,Session #2,False,202,Brooklyn,Brownsville,2017-2018,NYC Parks
October - December,Session #1,False,201,Brooklyn,Brownsville,2017-2018,NYC Parks
January - March,Session #2,True,5,Brooklyn,St. John's,2016-2017,NYC Parks
October - December,Session #1,False,204,Brooklyn,Metropolitan,2018-2019,NYC Parks
October - December,Session #1,True,Y33,Brooklyn,LIU,2019-2020,Partner Site
October - December,Session #1,False,201,Brooklyn,St. John's,2017-2018,NYC Parks
October - December,Session #1,False,200,Brooklyn,Metropolitan,2019-2020,NYC Parks
January - March,Session #2,False,231,Queens,FMCP,2017-2018,NYC Parks
January - March,Session #2,False,201,Brooklyn,St. John's,2016-2017,NYC Parks
October - December,Session #1,False,200,Brooklyn,Brownsville,2019-2020,NYC Parks
April - June,Session #3,False,231,Queens,FMCP,2016-2017,NYC Parks
January - March,Session #2,False,201,Brooklyn,St. John's,2017-2018,NYC Parks
January - March,Session #2,False,201,Brooklyn,Brownsville,2017-2018,NYC Parks
October - December,Session #1,False,231,Queens,Roy Wilkins,2017-2018,NYC Parks
January - March,Session #2,False,201,Queens,FMCP,2016-2017,NYC Parks
January - March,Session #2,False,201,Brooklyn,Metropolitan,2020-2021,NYC Parks
October - December,Session #1,False,201 & 202,Brooklyn,St. John's,2017-2018,NYC Parks
January - March,Session #2,False,404,Manhattan,Hansborough,2017-2018,NYC Parks
January - March,Session #2,False,205,Manhattan,River Bank,2020-2021,NYC Parks
January - March,Session #2,False,203,Queens,FMCP,2017-2018,NYC Parks
January - March,Session #2,False,202,Brooklyn,Metropolitan,2018-2019,NYC Parks
April - June,Session #3,False,203,Brooklyn,Metropolitan,2018-2019,NYC Parks
October - December,Session #1,False,203,Queens,Roy Wilkins,2018-2019,NYC Parks
January - March,Session #2,False,202,Brooklyn,Brownsville,2018-2019,NYC Parks
April - June,Session #3,False,201,Manhattan,Tony Dapolito,2017-2018,NYC Parks
January - March,Session #2,False,201,Queens,Roy Wilkins,2020-2021,NYC Parks
January - March,Session #2,False,237,Queens,FMCP,2017-2018,NYC Parks
October - December,Session #1,False,202,Queens,Roy Wilkins,2018-2019,NYC Parks
January - March,Session #2,False,232,Queens,FMCP,2017-2018,NYC Parks
January - March,Session #2,False,214,Brooklyn,St. John's,2020-2021,NYC Parks
April - June,Session #3,False,201,Brooklyn,Brownsville,2016-2017,NYC Parks
January - March,Session #2,False,202/239,Brooklyn,Brownsville,2016-2017,NYC Parks
October - December,Session #1,False,203,Queens,Roy Wilkins,2018-2019,NYC Parks
October - December,Session #1,False,202,Brooklyn,Metropolitan,2018-2019,NYC Parks
April - June,Session #3,False,202,Brooklyn,Metropolitan,2017-2018,NYC Parks
October - December,Session #1,False,213,Manhattan,Tony Dapolito,2017-2018,NYC Parks
January - March,Session #2,False,201,Brooklyn,Brownsville,2016-2017,NYC Parks
January - March,Session #2,False,221,Queens,FMCP,2017-2018,NYC Parks
January - March,Session #2,False,203,Manhattan,Gertrude Ederle,2020-2021,NYC Parks
October - December,Session #1,False,201,Bronx,St. Mary's,2018-2019,NYC Parks
January - March,Session #2,False,201,Brooklyn,Brownsville,2016-2017,NYC Parks
April - June,Session #3,False,201,Queens,FMCP,2018-2019,NYC Parks
October - December,Session #1,False,204,Queens,Roy Wilkins,2016-2017,NYC Parks
April - June,Session #3,False,201,Manhattan,River Bank,2017-2018,NYC Parks
October - December,Session #1,False,203,Brooklyn,St. John's,2017-2018,NYC Parks
January - March,Session #2,False,401,Brooklyn,St. John's,2017-2018,NYC Parks
October - December,Session #1,False,202,Brooklyn,St. John's,2019-2020,NYC Parks
January - March,Session #2,False,21,Bronx,St. Mary's,2018-2019,NYC Parks
April - June,Session #3,False,201,Bronx,St. Mary's,2017-2018,NYC Parks
October - December,Session #1,False,205,Brooklyn,Metropolitan,2019-2020,NYC Parks
January - March,Session #2,False,203,Queens,FMCP,2017-2018,NYC Parks
October - December,Session #1,False,201,Brooklyn,St. John's,2016-2017,NYC Parks
October - December,Session #1,False,201,Queens,Roy Wilkins,2018-2019,NYC Parks
January - March,Session #2,False,202,Manhattan,Hansborough,2018-2019,NYC Parks
October - December,Session #1,False,201,Queens,Roy Wilkins,2016-2017,NYC Parks
April - June,Session #1,False,202,Queens,FMCP,2018-2019,NYC Parks
October - December,Session #1,False,201,Brooklyn,Brownsville,2018-2019,NYC Parks
January - March,Session #2,True,202,Manhattan,Asser Levy,2020-2021,NYC Parks
October - December,Session #1,False,203,Queens,FMCP,2018-2019,NYC Parks
October - December,Session #1,False,202,Manhattan,Boys and Girls Harbor,2016-2017,NYC Parks
January - March,Session #2,False,201,Brooklyn,Brownsville,2017-2018,NYC Parks
April - June,Session #3,False,203,Manhattan,Hansborough,2016-2017,NYC Parks
April - June,Session #3,False,231,Queens,Roy Wilkins,2016-2017,NYC Parks
October - December,Session #1,False,"120, 129",Brooklyn,Brownsville,2016-2017,NYC Parks
April - June,Session #3,False,206,Manhattan,Chelsea,2016-2017,NYC Parks
April - June,Session #3,False,202,Queens,FMCP,2018-2019,NYC Parks
October - December,Session #1,False,202,Brooklyn,Metropolitan,2019-2020,NYC Parks
October - December,Session #1,False,202,Queens,FMCP,2018-2019,NYC Parks
January - March,Session #2,False,201,Manhattan,Gertrude Ederle,2020-2021,NYC Parks
April - June,Session #3,False,2,Brooklyn,Metropolitan,2016-2017,NYC Parks
April - June,Session #3,False,203,Queens,Roy Wilkins,2018-2019,NYC Parks
October - December,Session #1,False,203,Queens,Far Rockaway,2017-2018,NYC Parks
April - June,Session #3,False,201,Brooklyn,Metropolitan,2017-2018,NYC Parks
January - March,Session #2,False,233,Queens,FMCP,2018-2019,NYC Parks
January - March,Session #2,False,202,Brooklyn,Brownsville,2017-2018,NYC Parks
April - June,Session #3,False,201,Brooklyn,St. John's,2016-2017,NYC Parks
October - December,Session #1,False,201,Brooklyn,Brownsville,2018-2019,NYC Parks
October - December,Session #1,False,202,Bronx,St. Mary's,2016-2017,NYC Parks
October - December,Session #1,False,231,Queens,FMCP,2016-2017,NYC Parks
October - December,Session #1,False,306 & 309,Queens,FMCP,2016-2017,NYC Parks
January - March,Session #2,False,214,Brooklyn,St. John's,2020-2021,NYC Parks
January - March,Session #2,False,201,Brooklyn,Brownsville,2018-2019,NYC Parks
January - March,Session #2,False,232,Queens,FMCP,2017-2018,NYC Parks
January - March,Session #2,False,202,Brooklyn,Metropolitan,2020-2021,NYC Parks
October - December,Session #1,False,201,Brooklyn,Metropolitan,2018-2019,NYC Parks
October - December,Session #1,False,201,Queens,FMCP,2016-2017,NYC Parks
October - December,Session #1,False,202,Manhattan,Hansborough,2016-2017,NYC Parks
October - December,Session #1,False,201,Brooklyn,Brownsville,2018-2019,NYC Parks
October - December,Session #1,False,203,Brooklyn,Metropolitan,2016-2017,NYC Parks
April - June,Session #3,True,291,Queens,Roy Wilkins,2018-2019,NYC Parks
October - December,Session #1,False,201,Brooklyn,St. John's,2019-2020,NYC Parks
October - December,Session #1,False,201,Queens,Roy Wilkins,2018-2019,NYC Parks
October - December,Session #1,False,205,Brooklyn,Metropolitan,2016-2017,NYC Parks
October - December,Session #1,False,202,Queens,Roy Wilkins,2019-2020,NYC Parks
April - June,Session #3,False,201,Brooklyn,Brownsville,2018-2019,NYC Parks
October - December,Session #1,False,231,Queens,Roy Wilkins,2017-2018,NYC Parks
october - december,Session #1,False,202,Brooklyn,St. John's,2016-2017,NYC Parks
January - March,Session #2,False,201,Queens,FMCP,2018-2019,NYC Parks
January - March,Session #2,False,201,Queens,FMCP,2018-2019,NYC Parks
April - June,Session #3,False,201,Manhattan,Gertrude Ederle,2016-2017,NYC Parks
April - June,Session #3,False,203,Manhattan,Hansborough,2017-2018,NYC Parks
October - December,Session #1,False,204,Manhattan,Asser Levy,2019-2020,NYC Parks
October - December,Session #1,False,207,Manhattan,Gertrude Ederle,2018-2019,NYC Parks
January - March,Session #2,False,202,Brooklyn,Metropolitan,2020-2021,NYC Parks
October - December,Session #1,False,204,Queens,Gertrude Ederle,2019-2020,NYC Parks
April - June,Session #3,False,201&410,Manhattan,Gertrude Ederle,2017-2018,NYC Parks
January - March,Session #2,False,204,Manhattan,Tony Dapolito,2018-2019,NYC Parks
April - June,Session #3,False,"200, 201",Manhattan,Tony Dapolito,2016-2017,NYC Parks
October - December,Session #1,False,293,Queens,FMCP,2017-2018,NYC Parks
January - March,Session #2,False,204,Queens,FMCP,2018-2019,NYC Parks
January - March,Session #2,False,221,Queens,FMCP,2016-2017,NYC Parks
January - March,Session #2,False,201,Brooklyn,Metropolitan,2016-2017,NYC Parks
April - June,Session #3,False,201,Brooklyn,Brownsville,2016-2017,NYC Parks
April - June,Session #3,False,"203, 291",Queens,Roy Wilkins,2016-2017,NYC Parks
April - June,Session #3,False,272,Brooklyn,Metropolitan,2016-2017,NYC Parks
April - June,Session #3,False,201,Manhattan,River Bank,2016-2017,NYC Parks
October - December,Session #1,False,121/123,Manhattan,Asser Levy,2019-2020,NYC Parks
April - June,Session #3,False,203,Brooklyn,Brownsville,2016-2017,NYC Parks
April - June,Session #3,False,201,Queens,FMCP,2017-2018,NYC Parks
January - March,Session #2,False,303,Manhattan,Tony Dapolito,2020-2021,NYC Parks
April - June,Session #3,True,207,Manhattan,Chelsea,2016-2017,NYC Parks
April - June,Session #3,False,202,Brooklyn,Brownsville,2017-2018,NYC Parks
January - March,Session #2,False,201,Brooklyn,Metropolitan,2017-2018,NYC Parks
April - June,Session #3,False,201,Queens,Roy Wilkins,2018-2019,NYC Parks
October - December,Session #1,False,201,Queens,Roy Wilkins,2017-2018,NYC Parks
April - June,Session #3,False,201,Brooklyn,Brownsville,2016-2017,NYC Parks
January - March,Session #2,False,201/202,Brooklyn,Brownsville,2016-2017,NYC Parks
October - December,Session #1,False,202,Brooklyn,Brownsville,2019-2020,NYC Parks
October - December,Session #1,False,201,Queens,FMCP,2016-2017,NYC Parks
April - June,Session #3,False,202,Brooklyn,Brownsville,2016-2017,NYC Parks
April - June,Session #3,False,201,Brooklyn,Brownsville,2017-2018,NYC Parks
October - December,Session #1,False,201,Brooklyn,Brownsville,2019-2020,NYC Parks
January - March,Session #2,False,231,Queens,Roy Wilkins,2018-2019,NYC Parks
January - March,Session #2,False,201,Manhattan,Hansborough,2016-2017,NYC Parks
April - June,Session #3,False,208,Manhattan,Chelsea,2016-2017,NYC Parks
April - June,Session #3,False,439,Manhattan,Hansborough,2018-2019,NYC Parks
January - March,Session #2,False,203,Brooklyn,St. John's,2016-2017,NYC Parks
October - December,Session #1,False,201,Queens,Roy Wilkins,2016-2017,NYC Parks
October - December,Session #1,False,202 & 205,Brooklyn,St. John's,2017-2018,NYC Parks
October - December,Session #1,False,201,Brooklyn,Brownsville,2017-2018,NYC Parks
April - June,Session #3,False,201,Queens,FMCP,2018-2019,NYC Parks
April - June,Session #3,False,K01,Manhattan,Chelsea,2017-2018,NYC Parks
October - December,Session #1,False,201,Queens,FMCP,2016-2017,NYC Parks
October - December,Session #1,False,202,Manhattan,Hansborough,2016-2017,NYC Parks
October - December,Session #1,False,203,Brooklyn,St. John's,2017-2018,NYC Parks
October - December,Session #1,False,203,Brooklyn,Brownsville,2019-2020,NYC Parks
January - March,Session #2,False,21,Bronx,St. Mary's,2017-2018,NYC Parks
October - December,Session #1,False,251,Manhattan,Gertrude Ederle,2019-2020,NYC Parks
January - March,Session #2,False,202,Brooklyn,Metropolitan,2018-2019,NYC Parks
October - December,Session #1,False,"120, 129",Brooklyn,Brownsville,2016-2017,NYC Parks
April - June,Session #3,True,202,Manhattan,Asser Levy,2017-2018,NYC Parks
January - March,Session #2,False,216,Manhattan,River Bank,2020-2021,NYC Parks
April - June,Session #3,False,201,Queens,Roy Wilkins,2016-2017,NYC Parks
october - december,Session #1,False,202,Brooklyn,St. John's,2016-2017,NYC Parks
October - December,Session #1,False,202 & 205,Brooklyn,St. John's,2017-2018,NYC Parks
January - March,Session #2,False,203,Bronx,St. Mary's,2016-2017,NYC Parks
October - December,Session #1,False,"120, 277, 203, 205",Manhattan,Hansborough,2018-2019,NYC Parks
April - June,Session #3,False,202,Queens,FMCP,2017-2018,NYC Parks
October - December,Session #1,False,204,Queens,FMCP,2017-2018,NYC Parks
October - December,Session #1,False,201,Manhattan,Hansborough,2016-2017,NYC Parks
April - June,Session #3,False,"231,201",Queens,FMCP,2017-2018,NYC Parks
January - March,Session #2,False,201,Queens,Roy Wilkins,2018-2019,NYC Parks
January - March,Session #2,False,205,Manhattan,Gertrude Ederle,2017-2018,NYC Parks
October - December,Session #1,False,202,Queens,FMCP,2017-2018,NYC Parks
January - March,Session #2,False,205,Manhattan,Hansborough,2017-2018,NYC Parks
January - March,Session #2,False,203,Queens,FMCP,2016-2017,NYC Parks
October - December,Session #1,False,201,Manhattan,Boys and Girls Harbor,2016-2017,NYC Parks
January - March,Session #2,False,201,Brooklyn,St. John's,2020-2021,NYC Parks
January - March,Session #2,False,201,Brooklyn,St. John's,2017-2018,NYC Parks
October - December,Session #1,False,202,Queens,Roy Wilkins,2016-2017,NYC Parks
October - December,Session #1,False,1,Queens,Roy Wilkins,2018-2019,NYC Parks
April - June,Session #3,False,201,Brooklyn,Brownsville,2018-2019,NYC Parks
October - December,Session #1,False,202,Bronx,St. Mary's,2016-2017,NYC Parks
January - March,Session #2,False,202,Brooklyn,Metropolitan,2016-2017,NYC Parks
October - December,Session #1,False,231,Queens,Roy Wilkins,2018-2019,NYC Parks
October - December,Session #1,False,202,Brooklyn,St. John's,2017-2018,NYC Parks
October - December,Session #1,False,201,Brooklyn,Metropolitan,2018-2019,NYC Parks
April - June,Session #3,False,203,Queens,Roy Wilkins,2016-2017,NYC Parks
January - March,Session #2,False,221,Queens,FMCP,2018-2019,NYC Parks
October - December,Session #1,False,203,Brooklyn,Metropolitan,2017-2018,NYC Parks
January - March,Session #2,False,202,Brooklyn,Metropolitan,2017-2018,NYC Parks
October - December,Session #1,False,202,Brooklyn,Metropolitan,2019-2020,NYC Parks
April - June,Session #3,False,208/213,Manhattan,Asser Levy,2018-2019,NYC Parks
January - March,Session #2,False,201,Brooklyn,St. John's,2017-2018,NYC Parks
October - December,Session #1,False,206,Manhattan,Tony Dapolito,2017-2018,NYC Parks
April - June,Session #3,False,Dartmoth,Queens,Roy Wilkins,2016-2017,NYC Parks
January - March,Session #3,False,"230,232",Manhattan,Gertrude Ederle,2017-2018,NYC Parks
October - December,Session #1,False,201,Queens,Roy Wilkins,2018-2019,NYC Parks
October - December,Session #1,True,202,Manhattan,Hansborough,2018-2019,NYC Parks
October - December,Session #1,False,205,Manhattan,Chelsea,2017-2018,NYC Parks
October - December,Session #1,False,201,Brooklyn,Metropolitan,2018-2019,NYC Parks
April - June,Session #3,False,207,Manhattan,Gertrude Ederle,2016-2017,NYC Parks
October - December,Session #1,False,321,Manhattan,Asser Levy,2018-2019,NYC Parks
October - December,Session #1,False,202,Queens,Roy Wilkins,2016-2017,NYC Parks
January - March,Session #2,False,203,Brooklyn,St. John's,2017-2018,NYC Parks
October - December,Session #1,False,202,Queens,Roy Wilkins,2019-2020,NYC Parks
January - March,Session #2,False,207,Manhattan,Gertrude Ederle,2016-2017,NYC Parks
January - March,Session #2,False,203,Queens,Roy Wilkins,2016-2017,NYC Parks
January - March,Session #2,False,201,Queens,FMCP,2016-2017,NYC Parks
October - December,Session #1,False,205,Manhattan,Chelsea,2016-2017,NYC Parks
October - December,Session #1,False,201,Queens,FMCP,2017-2018,NYC Parks
April - June,Session #3,False,2,Brooklyn,Metropolitan,2016-2017,NYC Parks
April - June,Session #3,False,201,Queens,FMCP,2018-2019,NYC Parks
April - June,Session #3,False,201,Brooklyn,Brownsville,2018-2019,NYC Parks
January - March,Session #2,False,204,Brooklyn,St. John's,2020-2021,NYC Parks
January - March,Session #2,False,202,Brooklyn,Metropolitan,2016-2017,NYC Parks
April - June,Session #3,False,201,Queens,Roy Wilkins,2016-2017,NYC Parks
April - June,Session #3,False,"Y05, Y07",Manhattan,Tony Dapolito,2016-2017,NYC Parks
January - March,Session #2,False,202/204,Brooklyn,Brownsville,2016-2017,NYC Parks
October - December,Session #1,False,201,Brooklyn,Brownsville,2016-2017,NYC Parks
October - December,Session #1,False,202/205,Bronx,St. Mary's,2018-2019,NYC Parks
April - June,Session #3,False,203,Brooklyn,St. John's,2017-2018,NYC Parks
April - June,Session #3,True,Y43 and Y25,Brooklyn,Metropolitan,2018-2019,NYC Parks
January - March,Session #2,False,201,Manhattan,River Bank,2020-2021,NYC Parks
April - June,Session #3,False,230,Manhattan,Gertrude Ederle,2017-2018,NYC Parks
January - March,Session #2,False,201,Brooklyn,Brownsville,2020-2021,NYC Parks
April - June,Session #3,False,206,Brooklyn,Brownsville,2017-2018,NYC Parks
January - March,Session #2,False,202,Brooklyn,Metropolitan,2018-2019,NYC Parks
October - December,Session #1,False,201,Queens,FMCP,2016-2017,NYC Parks
April - June,Session #3,False,"234, 238, 236",Manhattan,Asser Levy,2016-2017,NYC Parks
October - December,Session #1,False,603,Manhattan,Asser Levy,2017-2018,NYC Parks
April - June,Session #3,False,201,Brooklyn,Brownsville,2017-2018,NYC Parks
October - December,Session #1,False,201,Manhattan,River Bank,2018-2019,NYC Parks
October - December,Session #1,False,203,Queens,Far Rockaway,2017-2018,NYC Parks
October - December,Session #1,False,204,Manhattan,Gertrude Ederle,2019-2020,NYC Parks
January - March,Session #2,True,Y20,Manhattan,Hansborough,2017-2018,NYC Parks
October - December,Session #1,False,239,Brooklyn,Brownsville,2016-2017,NYC Parks
October - December,Session #1,False,205,Brooklyn,Metropolitan,2019-2020,NYC Parks
January - March,Session #2,False,204,Brooklyn,St. John's,2016-2017,NYC Parks
October - December,Session #1,False,202,Queens,Roy Wilkins,2016-2017,NYC Parks
January - March,Session #2,False,201,Manhattan,Tony Dapolito,2017-2018,NYC Parks
October - December,Session #1,False,1,Brooklyn,Metropolitan,2017-2018,NYC Parks
January - March,Session #2,False,207,Manhattan,Gertrude Ederle,2016-2017,NYC Parks
October - December,Session #1,False,203,Queens,Far Rockaway,2017-2018,NYC Parks
January - March,Session #2,False,231,Queens,FMCP,2018-2019,NYC Parks
October - December,Session #1,False,201,Queens,Roy Wilkins,2017-2018,NYC Parks
October - December,Session #1,False,251,Manhattan,Gertrude Ederle,2019-2020,NYC Parks
January - March,Session #2,True,235,Queens,FMCP,2017-2018,NYC Parks
October - December,Session #1,False,221,Manhattan,Hansborough,2018-2019,NYC Parks
October - December,Session #1,False,202,Queens,Roy Wilkins,2019-2020,NYC Parks
October - December,Session #1,False,202,Brooklyn,Brownsville,2018-2019,NYC Parks
October - December,Session #1,False,201,Brooklyn,Metropolitan,2018-2019,NYC Parks
January - March,Session #2,False,201,Brooklyn,Brownsville,2018-2019,NYC Parks
April - June,Session #3,False,215,Queens,FMCP,2016-2017,NYC Parks
October - December,Session #1,False,202,Brooklyn,Brownsville,2018-2019,NYC Parks
October - December,Session #1,False,2 Thorpe HR,Queens,Roy Wilkins,2016-2017,NYC Parks
January - March,Session #2,False,205,Brooklyn,Metropolitan,2020-2021,NYC Parks
October - December,Session #1,False,203,Manhattan,Gertrude Ederle,2016-2017,NYC Parks
April - June,Session #3,False,2,Manhattan,Tony Dapolito,2018-2019,NYC Parks
October - December,Session #1,False,208,Manhattan,Tony Dapolito,2016-2017,NYC Parks
October - December,Session #1,False,206,Manhattan,Tony Dapolito,2017-2018,NYC Parks
October - December,Session #1,False,201,Queens,Roy Wilkins,2016-2017,NYC Parks
January - March,Session #2,False,221,Queens,FMCP,2016-2017,NYC Parks
October - December,Session #1,False,V31,Manhattan,Gertrude Ederle,2018-2019,NYC Parks
January - March,Session #2,True,K01,Manhattan,Chelsea,2017-2018,NYC Parks
October - December,Session #1,False,2,Manhattan,Boys and Girls Harbor,2016-2017,NYC Parks
April - June,Session #3,False,206,Brooklyn,Brownsville,2017-2018,NYC Parks
October - December,Session #1,False,"201, 202",Brooklyn,Brownsville,2018-2019,NYC Parks
April - June,Session #3,False,201,Brooklyn,Brownsville,2017-2018,NYC Parks
April - June,Session #3,False,Dartmoth,Queens,Roy Wilkins,2016-2017,NYC Parks
January - March,Session #2,False,201,Manhattan,Hansborough,2016-2017,NYC Parks
October - December,Session #1,False,201,Brooklyn,Brownsville,2018-2019,NYC Parks
April - June,Session #3,False,201,Queens,FMCP,2018-2019,NYC Parks
October - December,Session #1,False,201,Brooklyn,Metropolitan,2018-2019,NYC Parks
April - June,Session #3,False,206,Brooklyn,Brownsville,2017-2018,NYC Parks
April - June,Session #3,False,"21, 22",Bronx,St. Mary's,2016-2017,NYC Parks
April - June,Session #3,False,202,Queens,FMCP,2017-2018,NYC Parks
January - March,Session #2,False,202,Queens,Roy Wilkins,2016-2017,NYC Parks
October - December,Session #1,False,201,Queens,Far Rockaway,2017-2018,NYC Parks
October - December,Session #1,False,201,Brooklyn,Brownsville,2017-2018,NYC Parks
April - June,Session #3,True,K01,Manhattan,Chelsea,2017-2018,NYC Parks
October - December,Session #1,False,201,Bronx,St. Mary's,2016-2017,NYC Parks
January - March,Session #2,True,L7204,Brooklyn,Brownsville,2018-2019,NYC Parks
October - December,Session #1,False,201,Queens,FMCP,2018-2019,NYC Parks
October - December,Session #1,False,1,Manhattan,Hansborough,2018-2019,NYC Parks
April - June,Session #3,False,202,Brooklyn,St. John's,2016-2017,NYC Parks
April - June,Session #3,False,201,Manhattan,Hansborough,2017-2018,NYC Parks
January - March,Session #2,False,202,Queens,Roy Wilkins,2016-2017,NYC Parks
October - December,Session #1,False,"201, 202",Brooklyn,Brownsville,2018-2019,NYC Parks
April - June,Session #3,False,201,Bronx,St. Mary's,2018-2019,NYC Parks
October - December,Session #1,False,203,Brooklyn,Metropolitan,2018-2019,NYC Parks
January - March,Session #2,False,204,Brooklyn,Brownsville,2020-2021,NYC Parks
April - June,Session #3,False,201,Queens,Roy Wilkins,2018-2019,NYC Parks
January - March,Session #2,False,202,Queens,Roy Wilkins,2018-2019,NYC Parks
October - December,Session #1,False,1,Manhattan,Boys and Girls Harbor,2016-2017,NYC Parks
April - June,Session #3,False,204,Brooklyn,Brownsville,2017-2018,NYC Parks
October - December,Session #1,False,2 QUINN HR,Queens,Roy Wilkins,2018-2019,NYC Parks
October - December,Session #1,False,201,Brooklyn,Brownsville,2018-2019,NYC Parks
October - December,Session #1,False,"315, 300, 301",Queens,FMCP,2016-2017,NYC Parks
January - March,Session #2,False,201,Brooklyn,Brownsville,2020-2021,NYC Parks
October - December,Session #1,False,201,Bronx,St. Mary's,2018-2019,NYC Parks
October - December,Session #1,False,203,Brooklyn,St. John's,2016-2017,NYC Parks
April - June,Session #3,False,"129, 201",Brooklyn,St. John's,2016-2017,NYC Parks
April - June,Session #3,False,201,Queens,Roy Wilkins,2017-2018,NYC Parks
January - March,Session #2,False,201,Brooklyn,Metropolitan,2020-2021,NYC Parks
April - June,Session #3,False,202,Queens,FMCP,2018-2019,NYC Parks
October - December,Session #1,False,201,Queens,FMCP,2017-2018,NYC Parks
April - June,Session #3,False,2,Brooklyn,Metropolitan,2016-2017,NYC Parks
October - December,Session #1,False,202,Brooklyn,St. John's,2019-2020,NYC Parks
October - December,Session #1,False,405,Manhattan,River Bank,2019-2020,NYC Parks
April - June,Session #3,False,2,Brooklyn,Metropolitan,2016-2017,NYC Parks
October - December,Session #1,False,206,Manhattan,Tony Dapolito,2016-2017,NYC Parks
October - December,Session #1,False,204,Queens,FMCP,2017-2018,NYC Parks
January - March,Session #2,False,201,Brooklyn,Metropolitan,2020-2021,NYC Parks
January - March,Session #2,False,201,Manhattan,River Bank,2020-2021,NYC Parks
January - March,Session #2,False,214,Manhattan,Chelsea,2017-2018,NYC Parks
April - June,Session #3,False,"201, 449",Manhattan,Hansborough,2016-2017,NYC Parks
January - March,Session #2,False,204,Brooklyn,Brownsville,2020-2021,NYC Parks
october - december,Session #1,False,201,Manhattan,Hansborough,2016-2017,NYC Parks
April - June,Session #3,False,205,Brooklyn,Metropolitan,2018-2019,NYC Parks
January - March,Session #2,False,309,Brooklyn,Metropolitan,2017-2018,NYC Parks
April - June,Session #3,False,201,Queens,FMCP,2018-2019,NYC Parks
January - March,Session #2,False,202,Brooklyn,Metropolitan,2016-2017,NYC Parks
October - December,Session #1,False,201,Brooklyn,Metropolitan,2019-2020,NYC Parks
October - December,Session #1,False,203,Brooklyn,Metropolitan,2019-2020,NYC Parks
January - March,Session #2,False,201,Brooklyn,St. John's,2016-2017,NYC Parks
January - March,Session #2,False,311,Manhattan,Tony Dapolito,2017-2018,NYC Parks
October - December,Session #1,False,203,Queens,Roy Wilkins,2018-2019,NYC Parks
October - December,Session #1,False,204,Queens,Roy Wilkins,2016-2017,NYC Parks
January - March,Session #2,False,202,Queens,Roy Wilkins,2018-2019,NYC Parks
April - June,Session #3,False,210,Queens,FMCP,2018-2019,NYC Parks
January - March,Session #2,False,205/129,Brooklyn,Metropolitan,2017-2018,NYC Parks
October - December,Session #1,False,201,Brooklyn,Brownsville,2016-2017,NYC Parks
January - March,Session #2,False,201,Manhattan,River Bank,2020-2021,NYC Parks
January - March,Session #2,False,201,Brooklyn,Brownsville,2020-2021,NYC Parks
January - March,Session #2,False,202,Brooklyn,St. John's,2016-2017,NYC Parks
January - March,Session #2,False,205,Brooklyn,Metropolitan,2020-2021,NYC Parks
April - June,Session #3,False,201,Brooklyn,Brownsville,2018-2019,NYC Parks
April - June,Session #3,False,202,Manhattan,Asser Levy,2016-2017,NYC Parks
January - March,Session #2,True,Y44,Brooklyn,Metropolitan,2018-2019,NYC Parks
January - March,Session #2,False,231,Queens,Roy Wilkins,2018-2019,NYC Parks
October - December,Session #1,False,201,Queens,FMCP,2017-2018,NYC Parks
January - March,Session #2,False,202,Queens,Roy Wilkins,2018-2019,NYC Parks
October - December,Session #1,False,204,Brooklyn,Metropolitan,2017-2018,NYC Parks
January - March,Session #2,False,221,Queens,FMCP,2016-2017,NYC Parks
April - June,Session #3,False,201,Queens,Roy Wilkins,2018-2019,NYC Parks
January - March,Session #2,False,201,Queens,Roy Wilkins,2016-2017,NYC Parks
January - March,Session #2,False,201,Queens,FMCP,2016-2017,NYC Parks
October - December,Session #1,False,202,Brooklyn,St. John's,2019-2020,NYC Parks
January - March,Session #2,False,204,Brooklyn,Brownsville,2020-2021,NYC Parks
April - June,Session #3,False,202,Brooklyn,Metropolitan,2017-2018,NYC Parks
October - December,Session #1,False,201,Queens,Roy Wilkins,2018-2019,NYC Parks
October - December,Session #1,False,404,Queens,FMCP,2016-2017,NYC Parks
October - December,Session #1,True,SE X03,Manhattan,Hansborough,2017-2018,NYC Parks
January - March,Session #2,False,202,Queens,Roy Wilkins,2018-2019,NYC Parks
January - March,Session #2,False,201,Brooklyn,Metropolitan,2020-2021,NYC Parks
October - December,Session #1,False,204,Queens,FMCP,2018-2019,NYC Parks
April - June,Session #3,False,202,Queens,Roy Wilkins,2016-2017,NYC Parks
October - December,Session #1,False,202,Brooklyn,Brownsville,2018-2019,NYC Parks
April - June,Session #3,False,202,Bronx,St. Mary's,2018-2019,NYC Parks
April - June,Session #3,False,203,Manhattan,Hansborough,2016-2017,NYC Parks
October - December,Session #1,False,205,Manhattan,Tony Dapolito,2018-2019,NYC Parks
April - June,Session #3,False,231,Queens,Roy Wilkins,2017-2018,NYC Parks
April - June,Session #3,False,"203, 291",Queens,Roy Wilkins,2016-2017,NYC Parks
April - June,Session #3,False,203,Queens,Roy Wilkins,2018-2019,NYC Parks
January - March,Session #2,False,203,Bronx,St. Mary's,2016-2017,NYC Parks
January - March,Session #2,False,201,Queens,Roy Wilkins,2016-2017,NYC Parks
January - March,Session #2,False,202,Manhattan,Asser Levy,2020-2021,NYC Parks
April - June,Session #3,False,205,Brooklyn,Metropolitan,2018-2019,NYC Parks
January - March,Session #2,False,205,Manhattan,River Bank,2017-2018,NYC Parks
October - December,Session #1,True,202,Manhattan,Hansborough,2018-2019,NYC Parks
April - June,Session #3,False,202,Queens,FMCP,2016-2017,NYC Parks
January - March,Session #2,False,201,Queens,Roy Wilkins,2018-2019,NYC Parks
October - December,Session #1,False,201,Queens,Roy Wilkins,2016-2017,NYC Parks
April - June,Session #3,False,203,Queens,FMCP,2016-2017,NYC Parks
January - March,Session #2,False,201,Queens,Roy Wilkins,2016-2017,NYC Parks
January - March,Session #2,False,203,Manhattan,Chelsea,2016-2017,NYC Parks
January - March,Session #2,False,205,Brooklyn,Metropolitan,2020-2021,NYC Parks
January - March,Session #2,False,2,Brooklyn,Brownsville,2018-2019,NYC Parks
October - December,Session #1,False,201,Brooklyn,Metropolitan,2016-2017,NYC Parks
April - June,Session #3,False,202,Brooklyn,Brownsville,2017-2018,NYC Parks
January - March,Session #2,False,204,Queens,FMCP,2016-2017,NYC Parks
October - December,Session #1,False,202,Brooklyn,Metropolitan,2017-2018,NYC Parks
January - March,Session #2,False,201,Queens,Roy Wilkins,2020-2021,NYC Parks
April - June,Session #3,False,204,Brooklyn,St. John's,2016-2017,NYC Parks
October - December,Session #1,False,1,Brooklyn,Metropolitan,2017-2018,NYC Parks
January - March,Session #2,False,202,Brooklyn,Brownsville,2017-2018,NYC Parks
October - December,Session #1,False,202,Queens,Far Rockaway,2017-2018,NYC Parks
April - June,Session #3,False,205,Brooklyn,St. John's,2016-2017,NYC Parks
October - December,Session #1,False,203,Brooklyn,St. John's,2017-2018,NYC Parks
January - March,Session #2,False,201,Queens,Roy Wilkins,2018-2019,NYC Parks
April - June,Session #3,False,Dartmoth,Queens,Roy Wilkins,2016-2017,NYC Parks
October - December,Session #1,False,201,Brooklyn,Brownsville,2017-2018,NYC Parks
October - December,Session #1,False,240,Manhattan,Asser Levy,2017-2018,NYC Parks
January - March,Session #2,False,201,Manhattan,Hansborough,2017-2018,NYC Parks
October - December,Session #1,False,221,Queens,FMCP,2017-2018,NYC Parks
October - December,Session #1,False,231,Queens,FMCP,2016-2017,NYC Parks
April - June,Session #3,False,205,Manhattan,Tony Dapolito,2018-2019,NYC Parks
October - December,Session #1,False,202,Bronx,St. Mary's,2016-2017,NYC Parks
October - December,Session #1,False,201,Bronx,St. Mary's,2019-2020,NYC Parks
January - March,Session #2,False,202,Manhattan,Asser Levy,2016-2017,NYC Parks
April - June,Session #3,False,2,Manhattan,Tony Dapolito,2018-2019,NYC Parks
October - December,Session #1,False,201,Queens,Roy Wilkins,2016-2017,NYC Parks
April - June,Session #3,False,203,Manhattan,Hansborough,2017-2018,NYC Parks
April - June,Session #3,False,231,Queens,Roy Wilkins,2016-2017,NYC Parks
January - March,Session #2,False,201,Brooklyn,St. John's,2017-2018,NYC Parks
October - December,Session #1,False,1,Manhattan,Hansborough,2018-2019,NYC Parks
January - March,Session #2,False,201,Brooklyn,Metropolitan,2019-2020,NYC Parks
October - December,Session #1,True,305,Manhattan,River Bank,2019-2020,NYC Parks
April - June,Session #3,False,201,Queens,FMCP,2017-2018,NYC Parks
October - December,Session #1,False,121/123,Manhattan,Asser Levy,2019-2020,NYC Parks
October - December,Session #1,False,204,Manhattan,Gertrude Ederle,2018-2019,NYC Parks
January - March,Session #2,False,201,Queens,Roy Wilkins,2020-2021,NYC Parks
April - June,Session #3,False,203,Brooklyn,Brownsville,2016-2017,NYC Parks
October - December,Session #1,False,2 Thorpe HR,Queens,Roy Wilkins,2016-2017,NYC Parks
April - June,Session #3,False,215/232/229,Queens,FMCP,2017-2018,NYC Parks
October - December,Session #1,False,201,Manhattan,Hansborough,2016-2017,NYC Parks
October - December,Session #1,False,201,Brooklyn,St. John's,2017-2018,NYC Parks
April - June,Session #3,False,2,Queens,Roy Wilkins,2016-2017,NYC Parks
January - March,Session #2,False,201,Queens,FMCP,2016-2017,NYC Parks
April - June,Session #3,False,201,Brooklyn,St. John's,2016-2017,NYC Parks
January - March,Session #2,False,202,Brooklyn,Brownsville,2018-2019,NYC Parks
January - March,Session #2,False,204,Manhattan,River Bank,2016-2017,NYC Parks
April - June,Session #3,False,201,Brooklyn,Brownsville,2017-2018,NYC Parks
October - December,Session #1,False,203,Brooklyn,St. John's,2017-2018,NYC Parks
January - March,Session #2,False,201,Brooklyn,Metropolitan,2016-2017,NYC Parks
October - December,Session #1,False,202,Brooklyn,Metropolitan,2019-2020,NYC Parks
April - June,Session #3,False,"216, 205, 207, 220, 214",Manhattan,Hansborough,2016-2017,NYC Parks
April - June,Session #3,False,201,Queens,Roy Wilkins,2016-2017,NYC Parks
April - June,Session #3,False,202,Queens,FMCP,2017-2018,NYC Parks
April - June,Session #3,False,202,Brooklyn,St. John's,2017-2018,NYC Parks
April - June,Session #3,False,"200, 201",Manhattan,Tony Dapolito,2016-2017,NYC Parks
October - December,Session #1,False,213,Manhattan,Tony Dapolito,2017-2018,NYC Parks
January - March,Session #2,False,201,Queens,FMCP,2018-2019,NYC Parks
October - december,Session #1,False,21/22,Bronx,St. Mary's,2016-2017,NYC Parks
October - December,Session #1,False,204,Manhattan,Gertrude Ederle,2016-2017,NYC Parks
October - December,Session #1,False,603,Manhattan,Asser Levy,2017-2018,NYC Parks
April - June,Session #3,False,201,Brooklyn,St. John's,2016-2017,NYC Parks
January - March,Session #2,False,201,Queens,Roy Wilkins,2020-2021,NYC Parks
October - December,Session #1,False,201,Manhattan,Tony Dapolito,2019-2020,NYC Parks
January - March,Session #2,False,204,Manhattan,River Bank,2016-2017,NYC Parks
October - December,Session #1,False,231,Queens,FMCP,2016-2017,NYC Parks
October - December,Session #1,False,201,Queens,Roy Wilkins,2016-2017,NYC Parks
January - March,Session #2,False,205,Manhattan,Gertrude Ederle,2017-2018,NYC Parks
April - June,Session #3,False,10A/11A,Manhattan,Tony Dapolito,2017-2018,NYC Parks
April - June,Session #3,False,202,Queens,Roy Wilkins,2017-2018,NYC Parks
April - June,Session #3,False,201,Queens,Roy Wilkins,2016-2017,NYC Parks
October - December,Session #1,False,1,Manhattan,Chelsea,2017-2018,NYC Parks
January - March,Session #2,False,201,Brooklyn,Brownsville,2017-2018,NYC Parks
October - December,Session #1,False,206,Manhattan,Tony Dapolito,2016-2017,NYC Parks
October - December,Session #1,False,202 & 205,Brooklyn,St. John's,2017-2018,NYC Parks
October - December,Session #1,False,201,Manhattan,Hansborough,2018-2019,NYC Parks
October - December,Session #1,False,201,Queens,Far Rockaway,2017-2018,NYC Parks
April - June,Session #3,False,202,Queens,FMCP,2017-2018,NYC Parks
January - March,Session #2,False,201,Queens,Roy Wilkins,2020-2021,NYC Parks
October - December,Session #1,False,201,Manhattan,Hansborough,2018-2019,NYC Parks
April - June,Session #3,False,2,Brooklyn,Metropolitan,2016-2017,NYC Parks
April - June,Session #3,False,202,Queens,FMCP,2018-2019,NYC Parks
January - March,Session #2,False,202,Queens,Roy Wilkins,2018-2019,NYC Parks
January - March,Session #2,False,201,Queens,Roy Wilkins,2020-2021,NYC Parks
October - December,Session #1,False,202,Queens,Roy Wilkins,2018-2019,NYC Parks
April - June,Session #3,False,3,Brooklyn,Metropolitan,2018-2019,NYC Parks
January - March,Session #2,False,206,Manhattan,Gertrude Ederle,2018-2019,NYC Parks
October - December,Session #1,False,601,Manhattan,Asser Levy,2018-2019,NYC Parks
January - March,Session #2,False,200,Manhattan,Hansborough,2018-2019,NYC Parks
October - December,Session #1,False,"315, 300, 301",Queens,FMCP,2016-2017,NYC Parks
January - March,Session #2,False,203,Brooklyn,St. John's,2017-2018,NYC Parks
October - December,Session #1,False,"202, 219, 229",Manhattan,Gertrude Ederle,2017-2018,NYC Parks
January - March,Session #2,False,201,Queens,Roy Wilkins,2016-2017,NYC Parks
January - March,Session #2,False,202,Brooklyn,Metropolitan,2020-2021,NYC Parks
October - December,Session #1,False,202,Brooklyn,Metropolitan,2018-2019,NYC Parks
January - March,Session #2,False,202,Brooklyn,Brownsville,2018-2019,NYC Parks
October - December,Session #1,False,201,Queens,Roy Wilkins,2018-2019,NYC Parks
October - December,Session #1,False,201,Brooklyn,St. John's,2019-2020,NYC Parks
October - December,Session #1,False,202,Bronx,St. Mary's,2016-2017,NYC Parks
April - June,Session #3,False,202,Bronx,St. Mary's,2017-2018,NYC Parks
October - December,Session #1,False,203,Queens,Roy Wilkins,2019-2020,NYC Parks
October - December,Session #1,False,204,Manhattan,Gertrude Ederle,2016-2017,NYC Parks
October - December,Session #1,False,201,Queens,Roy Wilkins,2018-2019,NYC Parks
January - March,Session #2,False,"201, 202, 203, 204, 205, 206",Brooklyn,St. John's,2016-2017,NYC Parks
January - March,Session #2,False,201,Queens,FMCP,2018-2019,NYC Parks
January - March,Session #2,False,2,Brooklyn,Brownsville,2016-2017,NYC Parks
October - December,Session #1,False,603,Manhattan,Asser Levy,2017-2018,NYC Parks
January - March,Session #2,False,201,Brooklyn,Metropolitan,2016-2017,NYC Parks
April - June,Session #3,True,202,Manhattan,Asser Levy,2017-2018,NYC Parks
April - June,Session #3,False,201&410,Manhattan,Gertrude Ederle,2017-2018,NYC Parks
April - June,Session #3,False,231,Queens,FMCP,2016-2017,NYC Parks
January - March,Session #2,False,201,Queens,Roy Wilkins,2020-2021,NYC Parks
October - December,Session #1,False,202,Manhattan,Gertrude Ederle,2016-2017,NYC Parks
April - June,Session #3,False,202,Manhattan,Asser Levy,2016-2017,NYC Parks
October - December,Session #1,False,603,Manhattan,Asser Levy,2018-2019,NYC Parks
October - December,Session #1,False,202,Queens,Far Rockaway,2017-2018,NYC Parks
October - December,Session #1,False,201,Queens,Roy Wilkins,2017-2018,NYC Parks
April - June,Session #3,False,204,Brooklyn,St. John's,2017-2018,NYC Parks
October - December,Session #1,False,201,Bronx,St. Mary's,2018-2019,NYC Parks
October - December,Session #1,False,202,Queens,Roy Wilkins,2016-2017,NYC Parks
october - december,Session #1,False,202,Brooklyn,St. John's,2016-2017,NYC Parks
October - December,Session #1,False,201,Queens,Roy Wilkins,2016-2017,NYC Parks
April - June,Session #3,False,201/202,Brooklyn,Metropolitan,2018-2019,NYC Parks
April - June,Session #3,False,202,Brooklyn,Brownsville,2016-2017,NYC Parks
January - March,Session #2,False,2290,Queens,Roy Wilkins,2016-2017,NYC Parks
October - December,Session #1,False,201,Queens,Roy Wilkins,2019-2020,NYC Parks
January - March,Session #2,False,201,Queens,Roy Wilkins,2020-2021,NYC Parks
January - March,Session #2,False,201/202,Brooklyn,Brownsville,2016-2017,NYC Parks
October - December,Session #1,False,202,Queens,FMCP,2018-2019,NYC Parks
April - June,Session #3,False,202,Manhattan,River Bank,2018-2019,NYC Parks
October - December,Session #1,False,201,Manhattan,River Bank,2018-2019,NYC Parks
October - December,Session #1,False,13,Brooklyn,Brownsville,2019-2020,NYC Parks
October - December,Session #1,False,202,Queens,Roy Wilkins,2018-2019,NYC Parks
April - June,Session #3,False,203,Bronx,Fieldston,2016-2017,Partner Site
January - March,Session #2,False,201,Queens,Roy Wilkins,2020-2021,NYC Parks
October - December,Session #1,False,201,Brooklyn,Metropolitan,2018-2019,NYC Parks
April - June,Session #3,False,201,Queens,FMCP,2017-2018,NYC Parks
January - March,Session #2,False,204,Brooklyn,Brownsville,2020-2021,NYC Parks
April - June,Session #3,False,91,Brooklyn,Metropolitan,2017-2018,NYC Parks
October - December,Session #1,False,204,Brooklyn,Metropolitan,2019-2020,NYC Parks
January - March,Session #2,False,201,Queens,FMCP,2016-2017,NYC Parks
April - June,Session #3,False,201,Brooklyn,Brownsville,2017-2018,NYC Parks
April - June,Session #3,False,202,Queens,FMCP,2017-2018,NYC Parks
January - March,Session #2,False,201,Brooklyn,Metropolitan,2020-2021,NYC Parks
January - March,Session #2,False,236,Queens,FMCP,2018-2019,NYC Parks
April - June,Session #3,False,,Bronx,St. Mary's,2018-2019,NYC Parks
April - June,Session #3,False,201,Queens,Roy Wilkins,2016-2017,NYC Parks
October - December,Session #1,False,201,Queens,FMCP,2018-2019,NYC Parks
October - December,Session #1,False,202,Queens,Far Rockaway,2017-2018,NYC Parks
April - June,Session #3,False,201,Manhattan,Hansborough,2017-2018,NYC Parks
April - June,Session #3,False,205,Brooklyn,Metropolitan,2018-2019,NYC Parks
October - December,Session #1,False,603,Manhattan,Asser Levy,2018-2019,NYC Parks
January - March,Session #2,False,231,Queens,FMCP,2016-2017,NYC Parks
January - March,Session #2,False,232,Queens,FMCP,2016-2017,NYC Parks
January - March,Session #2,False,410,Queens,FMCP,2016-2017,NYC Parks
January - March,Session #2,False,202,Bronx,St. Mary's,2016-2017,NYC Parks
April - June,Session #3,False,204,Queens,FMCP,2016-2017,NYC Parks
April - June,Session #3,False,201,Brooklyn,Metropolitan,2017-2018,NYC Parks
January - March,Session #2,False,201,Queens,FMCP,2018-2019,NYC Parks
October - December,Session #1,False,201,Queens,Roy Wilkins,2017-2018,NYC Parks
January - March,Session #2,False,201,Queens,Roy Wilkins,2016-2017,NYC Parks
October - December,Session #1,False,202,Queens,Roy Wilkins,2019-2020,NYC Parks
April - June,Session #3,False,202,Brooklyn,Metropolitan,2018-2019,NYC Parks
January - March,Session #2,False,202,Brooklyn,Metropolitan,2020-2021,NYC Parks
January - March,Session #2,False,203,Brooklyn,Brownsville,2017-2018,NYC Parks
October - December,Session #1,False,204,Brooklyn,Metropolitan,2018-2019,NYC Parks
October - December,Session #1,False,205,Manhattan,Tony Dapolito,2017-2018,NYC Parks
October - December,Session #1,False,"201, 202",Brooklyn,Brownsville,2018-2019,NYC Parks
April - June,Session #3,False,2 Quinn HR,Queens,Roy Wilkins,2017-2018,NYC Parks
October - December,Session #1,False,203,Queens,Roy Wilkins,2016-2017,NYC Parks
October - December,Session #1,False,"231, 293",Queens,FMCP,2016-2017,NYC Parks
January - March,Session #2,False,205,Manhattan,Tony Dapolito,2016-2017,NYC Parks
January - March,Session #2,False,202,Brooklyn,Brownsville,2016-2017,NYC Parks
April - June,Session #3,False,204,Manhattan,Chelsea,2017-2018,NYC Parks
April - June,Session #3,False,324,Queens,FMCP,2016-2017,NYC Parks
October - December,Session #1,False,204,Queens,Roy Wilkins,2019-2020,NYC Parks
April - June,Session #3,False,231,Queens,Roy Wilkins,2016-2017,NYC Parks
April - June,Session #3,False,202,Queens,Roy Wilkins,2017-2018,NYC Parks
October - December,Session #1,False,202,Bronx,St. Mary's,2017-2018,NYC Parks
April - June,Session #3,False,203,Manhattan,Hansborough,2016-2017,NYC Parks
January - March,Session #2,True,419,Queens,Roy Wilkins,2020-2021,NYC Parks
January - March,Session #2,False,2290,Queens,Roy Wilkins,2016-2017,NYC Parks
January - March,Session #2,False,202,Brooklyn,Brownsville,2016-2017,NYC Parks
April - June,Session #3,False,202,Brooklyn,Metropolitan,2017-2018,NYC Parks
October - December,Session #1,False,201,Brooklyn,Brownsville,2016-2017,NYC Parks
January - March,Session #2,False,203,Brooklyn,St. John's,2016-2017,NYC Parks
January - March,Session #2,False,201,Queens,Roy Wilkins,2016-2017,NYC Parks
April - June,Session #3,False,201,Queens,Roy Wilkins,2017-2018,NYC Parks
January - March,Session #2,False,202,Brooklyn,Brownsville,2018-2019,NYC Parks
April - June,Session #3,False,202,Queens,FMCP,2017-2018,NYC Parks
January - March,Session #2,False,202,Brooklyn,Brownsville,2017-2018,NYC Parks
January - March,Session #2,False,204,Brooklyn,Brownsville,2020-2021,NYC Parks
January - March,Session #2,False,202,Brooklyn,Metropolitan,2018-2019,NYC Parks
October - December,Session #1,False,203,Queens,Far Rockaway,2017-2018,NYC Parks
January - March,Session #2,False,231,Queens,FMCP,2018-2019,NYC Parks
April - June,Session #3,False,2,Queens,Roy Wilkins,2016-2017,NYC Parks
January - March,Session #2,False,201,Manhattan,River Bank,2020-2021,NYC Parks
October - December,Session #1,False,203,Brooklyn,Brownsville,2019-2020,NYC Parks
January - March,Session #2,False,201,Manhattan,River Bank,2017-2018,NYC Parks
January - March,Session #2,False,201,Manhattan,Hansborough,2016-2017,NYC Parks
April - June,Session #3,False,201,Brooklyn,Brownsville,2017-2018,NYC Parks
April - June,Session #3,False,205,Manhattan,Tony Dapolito,2018-2019,NYC Parks
October - December,Session #1,False,204,Brooklyn,Metropolitan,2019-2020,NYC Parks
January - March,Session #2,False,"202, 203, 303",Brooklyn,Brownsville,2020-2021,NYC Parks
October - December,Session #1,False,203,Brooklyn,Metropolitan,2018-2019,NYC Parks
April - June,Session #3,False,2,Brooklyn,Metropolitan,2016-2017,NYC Parks
April - June,Session #3,False,2A219,Brooklyn,Brownsville,2017-2018,NYC Parks
April - June,Session #3,False,208,Manhattan,Chelsea,2016-2017,NYC Parks
October - December,Session #1,True,207,Manhattan,Gertrude Ederle,2016-2017,NYC Parks
January - March,Session #2,False,X01,Manhattan,Chelsea,2016-2017,NYC Parks
April - June,Session #3,False,231,Queens,Roy Wilkins,2016-2017,NYC Parks
April - June,Session #3,False,202,Manhattan,River Bank,2016-2017,NYC Parks
January - March,Session #2,False,410,Manhattan,Tony Dapolito,2020-2021,NYC Parks
october - december,Session #1,False,215,Manhattan,Tony Dapolito,2016-2017,NYC Parks
October - December,Session #1,True,X03,Manhattan,Hansborough,2018-2019,NYC Parks
October - December,Session #1,False,239,Brooklyn,Brownsville,2016-2017,NYC Parks
October - December,Session #1,False,2,Queens,FMCP,2018-2019,NYC Parks
April - June,Session #3,False,201,Queens,Roy Wilkins,2016-2017,NYC Parks
April - June,Session #3,False,231,Queens,Roy Wilkins,2016-2017,NYC Parks
October - December,Session #1,False,202,Brooklyn,St. John's,2016-2017,NYC Parks
January - March,Session #2,False,202,Manhattan,Asser Levy,2016-2017,NYC Parks
January - March,Session #2,False,201,Brooklyn,Metropolitan,2018-2019,NYC Parks
January - March,Session #2,False,202,Brooklyn,Metropolitan,2018-2019,NYC Parks
January - March,Session #2,False,11,Brooklyn,Brownsville,2020-2021,NYC Parks
April - June,Session #3,True,201,Brooklyn,Metropolitan,2017-2018,NYC Parks
January - March,Session #2,False,203,Brooklyn,St. John's,2016-2017,NYC Parks
October - December,Session #1,False,202,Manhattan,Asser Levy,2019-2020,NYC Parks
October - December,Session #1,False,201,Brooklyn,Brownsville,2017-2018,NYC Parks
October - December,Session #1,False,201,Manhattan,Boys and Girls Harbor,2016-2017,NYC Parks
October - December,Session #1,False,202,Queens,Roy Wilkins,2017-2018,NYC Parks
October - December,Session #1,False,201,Queens,FMCP,2018-2019,NYC Parks
January - March,Session #2,False,232,Brooklyn,Brownsville,2016-2017,NYC Parks
April - June,Session #3,False,,Bronx,St. Mary's,2018-2019,NYC Parks
October - December,Session #1,False,221,Queens,FMCP,2016-2017,NYC Parks
January - March,Session #2,False,201,Brooklyn,Metropolitan,2018-2019,NYC Parks
January - March,Session #2,False,201,Queens,Roy Wilkins,2016-2017,NYC Parks
October - December,Session #1,False,201,Bronx,St. Mary's,2018-2019,NYC Parks
January - March,Session #2,False,204,Manhattan,Tony Dapolito,2016-2017,NYC Parks
January - March,Session #2,False,206,Manhattan,Gertrude Ederle,2020-2021,NYC Parks
April - June,Session #3,False,201,Bronx,St. Mary's,2017-2018,NYC Parks
October - December,Session #1,False,120,Brooklyn,Brownsville,2016-2017,NYC Parks
October - December,Session #1,False,604,Manhattan,Asser Levy,2016-2017,NYC Parks
October - December,Session #1,False,202,Manhattan,Asser Levy,2019-2020,NYC Parks
October - December,Session #1,False,203,Brooklyn,Brownsville,2017-2018,NYC Parks
January - March,Session #2,False,201,Queens,Roy Wilkins,2016-2017,NYC Parks
April - June,Session #3,False,202,Brooklyn,Brownsville,2017-2018,NYC Parks
April - June,Session #3,False,201,Manhattan,River Bank,2017-2018,NYC Parks
January - March,Session #2,False,204,Manhattan,Tony Dapolito,2016-2017,NYC Parks
October - December,Session #1,False,202,Brooklyn,St. John's,2017-2018,NYC Parks
April - June,Session #3,False,201,Brooklyn,Brownsville,2018-2019,NYC Parks
October - December,Session #1,False,231,Queens,FMCP,2016-2017,NYC Parks
October - December,Session #1,False,201,Queens,Roy Wilkins,2018-2019,NYC Parks
October - December,Session #1,False,205,Manhattan,Chelsea,2017-2018,NYC Parks
October - December,Session #1,False,202,Queens,FMCP,2017-2018,NYC Parks
April - June,Session #3,False,205,Brooklyn,Metropolitan,2018-2019,NYC Parks
October - December,Session #1,False,1,Manhattan,Hansborough,2018-2019,NYC Parks
October - December,Session #1,False,203,Queens,Roy Wilkins,2016-2017,NYC Parks
April - June,Session #3,False,202,Brooklyn,Metropolitan,2017-2018,NYC Parks
October - December,Session #1,False,205,Brooklyn,Metropolitan,2019-2020,NYC Parks
January - March,Session #2,False,201,Brooklyn,Metropolitan,2018-2019,NYC Parks
April - June,Session #3,False,201/202,Brooklyn,Metropolitan,2018-2019,NYC Parks
January - March,Session #2,False,291,Queens,Roy Wilkins,2018-2019,NYC Parks
April - June,Session #3,False,206,Brooklyn,St. John's,2016-2017,NYC Parks
October - December,Session #1,False,202 & 205,Brooklyn,St. John's,2017-2018,NYC Parks
January - March,Session #2,False,201,Manhattan,Hansborough,2016-2017,NYC Parks
January - March,Session #2,False,291,Queens,Roy Wilkins,2018-2019,NYC Parks
October - December,Session #1,False,201,Brooklyn,Brownsville,2019-2020,NYC Parks
October - December,Session #1,False,204,Queens,FMCP,2018-2019,NYC Parks
April - June,Session #3,False,204,Bronx,St. Mary's,2017-2018,NYC Parks
October - December,Session #1,False,201,Queens,FMCP,2018-2019,NYC Parks
April - June,Session #3,False,419,Queens,FMCP,2018-2019,NYC Parks
October - December,Session #1,False,202,Manhattan,Boys and Girls Harbor,2016-2017,NYC Parks
April - June,Session #3,False,203,Manhattan,Hansborough,2016-2017,NYC Parks
April - June,Session #3,False,202,Queens,FMCP,2018-2019,NYC Parks
October - December,Session #1,False,203,Queens,FMCP,2017-2018,NYC Parks
April - June,Session #3,False,204,Queens,Roy Wilkins,2017-2018,NYC Parks
October - December,Session #1,False,201,Queens,Roy Wilkins,2017-2018,NYC Parks
April - June,Session #3,False,201,Queens,Roy Wilkins,2016-2017,NYC Parks
October - December,Session #1,False,204,Manhattan,Gertrude Ederle,2016-2017,NYC Parks
January - March,Session #2,False,404,Manhattan,Hansborough,2017-2018,NYC Parks
April - June,Session #3,False,202,Bronx,St. Mary's,2017-2018,NYC Parks
April - June,Session #3,False,201,Bronx,St. Mary's,2016-2017,NYC Parks
April - June,Session #3,False,201,Brooklyn,Metropolitan,2017-2018,NYC Parks
October - December,Session #1,False,202,Queens,Roy Wilkins,2016-2017,NYC Parks
January - March,Session #2,False,202,Manhattan,Hansborough,2016-2017,NYC Parks
October - December,Session #1,False,201,Queens,FMCP,2016-2017,NYC Parks
April - June,Session #3,False,Dartmoth,Queens,Roy Wilkins,2016-2017,NYC Parks
April - June,Session #3,True,ADAPTIVE AQUATICS,Brooklyn,Metropolitan,2017-2018,NYC Parks
October - December,Session #1,False,"120, 277, 203, 205",Manhattan,Hansborough,2018-2019,NYC Parks
January - March,Session #2,False,309,Brooklyn,Metropolitan,2017-2018,NYC Parks
October - December,Session #1,False,1,Queens,Roy Wilkins,2018-2019,NYC Parks
January - March,Session #2,False,2,Brooklyn,Brownsville,2018-2019,NYC Parks
October - December,Session #1,False,201,Queens,Roy Wilkins,2017-2018,NYC Parks
January - March,Session #2,False,205,Manhattan,Gertrude Ederle,2018-2019,NYC Parks
January - March,Session #2,False,201,Manhattan,Asser Levy,2016-2017,NYC Parks
October - December,Session #1,False,204,Manhattan,Gertrude Ederle,2016-2017,NYC Parks
April - June,Session #3,False,201,Queens,FMCP,2016-2017,NYC Parks
October - December,Session #1,False,221,Queens,FMCP,2016-2017,NYC Parks
October - December,Session #1,False,204,Queens,Roy Wilkins,2019-2020,NYC Parks
January - March,Session #2,False,202,Manhattan,Hansborough,2017-2018,NYC Parks
January - March,Session #2,False,201,Brooklyn,Metropolitan,2020-2021,NYC Parks
April - June,Session #3,False,201,Brooklyn,St. John's,2016-2017,NYC Parks
January - March,Session #2,False,203,Brooklyn,Metropolitan,2016-2017,NYC Parks
October - December,Session #1,False,203,Brooklyn,Metropolitan,2018-2019,NYC Parks
October - December,Session #1,False,120,Brooklyn,Brownsville,2016-2017,NYC Parks
April - June,Session #3,False,2,Queens,Roy Wilkins,2016-2017,NYC Parks
October - December,Session #1,True,202,Manhattan,Hansborough,2018-2019,NYC Parks
January - March,Session #2,False,401,Brooklyn,St. John's,2017-2018,NYC Parks
April - June,Session #3,False,202,Manhattan,Gertrude Ederle,2018-2019,NYC Parks
April - June,Session #3,False,231,Queens,Roy Wilkins,2016-2017,NYC Parks
October - December,Session #1,False,203,Queens,Roy Wilkins,2018-2019,NYC Parks
October - December,Session #1,False,"216, 205, 207, 214",Manhattan,Hansborough,2017-2018,NYC Parks
October - December,Session #1,False,202,Queens,Roy Wilkins,2018-2019,NYC Parks
April - June,Session #3,False,204,Queens,Roy Wilkins,2017-2018,NYC Parks
October - December,Session #1,False,201,Queens,Roy Wilkins,2018-2019,NYC Parks
October - December,Session #1,False,202,Brooklyn,Metropolitan,2018-2019,NYC Parks
January - March,Session #2,True,L7204,Brooklyn,Brownsville,2018-2019,NYC Parks
October - December,Session #1,False,201,Queens,Roy Wilkins,2016-2017,NYC Parks
April - June,Session #3,False,"231,201",Queens,FMCP,2017-2018,NYC Parks
October - December,Session #1,False,203,Queens,Roy Wilkins,2017-2018,NYC Parks
October - December,Session #1,False,202,Queens,FMCP,2018-2019,NYC Parks
October - December,Session #1,False,201,Queens,Roy Wilkins,2017-2018,NYC Parks
January - March,Session #2,False,221,Queens,FMCP,2016-2017,NYC Parks
April - June,Session #3,False,201,Queens,FMCP,2018-2019,NYC Parks
January - March,Session #2,False,231,Queens,FMCP,2017-2018,NYC Parks
October - December,Session #1,False,201,Queens,Roy Wilkins,2017-2018,NYC Parks
January - March,Session #2,False,202,Brooklyn,Metropolitan,2020-2021,NYC Parks
January - March,Session #2,False,401,Brooklyn,St. John's,2017-2018,NYC Parks
April - June,Session #3,False,203,Queens,Roy Wilkins,2018-2019,NYC Parks
October - December,Session #1,False,204,Brooklyn,Metropolitan,2017-2018,NYC Parks
April - June,Session #3,False,,Manhattan,Asser Levy,2018-2019,NYC Parks
October - December,Session #1,False,1,Brooklyn,Metropolitan,2017-2018,NYC Parks
October - December,Session #1,False,201,Brooklyn,Metropolitan,2018-2019,NYC Parks
October - December,Session #1,False,2 QUINN HR,Queens,Roy Wilkins,2018-2019,NYC Parks
April - June,Session #3,False,201/202,Manhattan,Metropolitan,2018-2019,NYC Parks
January - March,Session #2,False,21,Bronx,St. Mary's,2018-2019,NYC Parks
October - December,Session #1,False,201,Brooklyn,Brownsville,2016-2017,NYC Parks
October - December,Session #1,False,239,Brooklyn,Brownsville,2016-2017,NYC Parks
April - June,Session #3,False,2,Brooklyn,Metropolitan,2016-2017,NYC Parks
October - December,Session #1,False,202,Bronx,St. Mary's,2017-2018,NYC Parks
April - June,Session #3,True,V44,Brooklyn,Metropolitan,2018-2019,NYC Parks
October - December,Session #1,False,203,Brooklyn,Metropolitan,2018-2019,NYC Parks
October - December,Session #1,False,"216, 205, 207, 214",Manhattan,Hansborough,2017-2018,NYC Parks
October - December,Session #1,False,231,Queens,Roy Wilkins,2017-2018,NYC Parks
January - March,Session #2,False,201,Brooklyn,Metropolitan,2016-2017,NYC Parks
October - december,Session #1,False,21/22,Bronx,St. Mary's,2016-2017,NYC Parks
January - March,Session #2,False,201,Queens,Roy Wilkins,2016-2017,NYC Parks
January - March,Session #2,False,203,Brooklyn,St. John's,2017-2018,NYC Parks
October - December,Session #1,False,205,Manhattan,Gertrude Ederle,2016-2017,NYC Parks
January - March,Session #2,False,201,Brooklyn,Metropolitan,2020-2021,NYC Parks
October - December,Session #1,False,309,Manhattan,River Bank,2019-2020,NYC Parks
January - March,Session #2,False,233/234,Queens,FMCP,2017-2018,NYC Parks
January - March,Session #2,False,202,Brooklyn,Metropolitan,2020-2021,NYC Parks
April - June,Session #3,False,201,Brooklyn,Brownsville,2017-2018,NYC Parks
April - June,Session #3,False,202,Brooklyn,Metropolitan,2017-2018,NYC Parks
October - December,Session #1,False,202,Brooklyn,Metropolitan,2016-2017,NYC Parks
January - March,Session #2,False,201,Queens,Roy Wilkins,2020-2021,NYC Parks
October - December,Session #1,False,202,Queens,FMCP,2018-2019,NYC Parks
April - June,Session #3,False,201,Manhattan,Gertrude Ederle,2016-2017,NYC Parks
October - December,Session #1,False,201,Queens,Roy Wilkins,2018-2019,NYC Parks
April - June,Session #3,False,"21, 22",Bronx,St. Mary's,2016-2017,NYC Parks
January - March,Session #2,False,231,Queens,FMCP,2018-2019,NYC Parks
April - June,Session #3,False,"216, 205, 207, 220, 214",Manhattan,Hansborough,2016-2017,NYC Parks
October - December,Session #1,False,204,Queens,FMCP,2018-2019,NYC Parks
October - December,Session #1,False,205,Manhattan,Tony Dapolito,2016-2017,NYC Parks
April - June,Session #3,False,202,Queens,FMCP,2018-2019,NYC Parks
April - June,Session #3,False,201,Queens,FMCP,2018-2019,NYC Parks
April - June,Session #3,False,201,Queens,FMCP,2016-2017,NYC Parks
April - June,Session #3,False,201,Queens,Roy Wilkins,2017-2018,NYC Parks
January - March,Session #2,False,204,Brooklyn,St. John's,2016-2017,NYC Parks
April - June,Session #3,False,201,Queens,Roy Wilkins,2018-2019,NYC Parks
January - March,Session #2,False,231,Queens,FMCP,2016-2017,NYC Parks
January - March,Session #2,False,202,Brooklyn,Metropolitan,2018-2019,NYC Parks
January - March,Session #2,False,202,Queens,Roy Wilkins,2016-2017,NYC Parks
January - March,Session #2,False,202,Brooklyn,Metropolitan,2016-2017,NYC Parks
October - December,Session #1,False,306 & 309,Queens,FMCP,2016-2017,NYC Parks
April - June,Session #3,False,202,Brooklyn,Brownsville,2017-2018,NYC Parks
January - March,Session #2,False,202/204,Brooklyn,Brownsville,2016-2017,NYC Parks
October - December,Session #1,False,202,Queens,Roy Wilkins,2018-2019,NYC Parks
October - December,Session #1,False,201,Queens,Roy Wilkins,2016-2017,NYC Parks
October - December,Session #1,False,203,Queens,Roy Wilkins,2019-2020,NYC Parks
October - December,Session #1,False,208,Manhattan,Tony Dapolito,2016-2017,NYC Parks
January - March,Session #2,False,205,Brooklyn,Metropolitan,2020-2021,NYC Parks
October - December,Session #1,False,204,Brooklyn,Metropolitan,2018-2019,NYC Parks
October - December,Session #1,False,201,Manhattan,River Bank,2018-2019,NYC Parks
October - December,Session #1,False,203,Queens,Roy Wilkins,2018-2019,NYC Parks
April - June,Session #3,False,221,Queens,FMCP,2016-2017,NYC Parks
January - March,Session #2,False,204,Bronx,St. Mary's,2017-2018,NYC Parks
January - March,Session #2,False,2,Queens,Roy Wilkins,2018-2019,NYC Parks
January - March,Session #2,False,201,Queens,Roy Wilkins,2020-2021,NYC Parks
January - March,Session #2,False,202,Brooklyn,Metropolitan,2017-2018,NYC Parks
April - June,Session #3,False,202,Queens,Roy Wilkins,2018-2019,NYC Parks
January - March,Session #2,False,202,Queens,Roy Wilkins,2016-2017,NYC Parks
January - March,Session #2,False,202,Bronx,St. Mary's,2016-2017,NYC Parks
October - December,Session #1,False,201,Brooklyn,St. John's,2019-2020,NYC Parks
October - December,Session #1,False,201,Brooklyn,Metropolitan,2016-2017,NYC Parks
January - March,Session #2,False,204,Bronx,St. Mary's,2017-2018,NYC Parks
January - March,Session #2,False,201,Brooklyn,Metropolitan,2016-2017,NYC Parks
October - December,Session #1,False,201,Queens,Roy Wilkins,2016-2017,NYC Parks
April - June,Session #3,False,2,Brooklyn,Metropolitan,2016-2017,NYC Parks
October - December,Session #1,False,202,Brooklyn,Metropolitan,2019-2020,NYC Parks
April - June,Session #3,False,202,Queens,FMCP,2018-2019,NYC Parks
October - December,Session #1,False,201,Queens,Roy Wilkins,2017-2018,NYC Parks
April - June,Session #3,False,201,Manhattan,Tony Dapolito,2016-2017,NYC Parks
January - March,Session #2,False,410,Queens,FMCP,2016-2017,NYC Parks
October - December,Session #1,False,201,Queens,Roy Wilkins,2016-2017,NYC Parks
April - June,Session #3,False,202,Manhattan,Gertrude Ederle,2018-2019,NYC Parks
January - March,Session #2,False,202,Queens,Roy Wilkins,2020-2021,NYC Parks
October - December,Session #1,False,202,Brooklyn,St. John's,2016-2017,NYC Parks
January - March,Session #2,False,201,Brooklyn,Brownsville,2017-2018,NYC Parks
April - June,Session #3,False,202,Queens,Roy Wilkins,2017-2018,NYC Parks
January - March,Session #2,True,Y20,Manhattan,Hansborough,2017-2018,NYC Parks
January - March,Session #2,False,231,Queens,FMCP,2018-2019,NYC Parks
April - June,Session #3,False,207,Queens,FMCP,2016-2017,NYC Parks
January - March,Session #2,False,203,Manhattan,Gertrude Ederle,2016-2017,NYC Parks
October - December,Session #1,False,"216, 205, 207, 214",Manhattan,Hansborough,2017-2018,NYC Parks
October - December,Session #1,False,203,Queens,Roy Wilkins,2019-2020,NYC Parks
October - December,Session #1,False,203,Queens,Roy Wilkins,2016-2017,NYC Parks
October - December,Session #1,False,201,Brooklyn,St. John's,2019-2020,NYC Parks
October - December,Session #1,False,203,Queens,Roy Wilkins,2018-2019,NYC Parks
October - December,Session #1,False,1,Queens,FMCP,2018-2019,NYC Parks
January - March,Session #2,False,231,Queens,Roy Wilkins,2020-2021,NYC Parks
October - December,Session #1,False,221,Manhattan,Hansborough,2017-2018,NYC Parks
October - December,Session #1,False,202,Brooklyn,Brownsville,2018-2019,NYC Parks
January - March,Session #2,False,205,Manhattan,River Bank,2017-2018,NYC Parks
October - December,Session #1,False,122/124,Manhattan,Asser Levy,2019-2020,NYC Parks
October - December,Session #1,False,203,Brooklyn,Metropolitan,2017-2018,NYC Parks
January - March,Session #2,False,202,Manhattan,Hansborough,2016-2017,NYC Parks
October - December,Session #1,False,203,Queens,Roy Wilkins,2018-2019,NYC Parks
April - June,Session #3,False,201,Brooklyn,Metropolitan,2017-2018,NYC Parks
April - June,Session #3,False,205,Manhattan,Tony Dapolito,2016-2017,NYC Parks
April - June,Session #3,False,28,Queens,FMCP,2016-2017,NYC Parks
October - December,Session #1,False,202,Manhattan,River Bank,2017-2018,NYC Parks
October - December,Session #1,False,2,Queens,FMCP,2018-2019,NYC Parks
April - June,Session #3,False,203,Brooklyn,Metropolitan,2018-2019,NYC Parks
January - March,Session #2,False,201,Brooklyn,Metropolitan,2019-2020,NYC Parks
April - June,Session #3,False,2 Quinn HR,Queens,Roy Wilkins,2017-2018,NYC Parks
October - December,Session #1,False,203,Brooklyn,St. John's,2017-2018,NYC Parks
January - March,Session #2,False,202,Brooklyn,Brownsville,2017-2018,NYC Parks
October - December,Session #1,False,2,Queens,FMCP,2018-2019,NYC Parks
January - March,Session #2,False,"236, 200, 234",Manhattan,Asser Levy,2016-2017,NYC Parks
October - December,Session #1,False,306 & 309,Queens,FMCP,2016-2017,NYC Parks
January - March,Session #2,False,202,Brooklyn,Brownsville,2017-2018,NYC Parks
October - December,Session #1,False,2,Queens,FMCP,2018-2019,NYC Parks
January - March,Session #2,False,204,Brooklyn,Brownsville,2020-2021,NYC Parks
April - June,Session #3,False,201,Queens,Roy Wilkins,2016-2017,NYC Parks
April - June,Session #3,False,204,Queens,Roy Wilkins,2017-2018,NYC Parks
January - March,Session #2,False,201,Brooklyn,Brownsville,2016-2017,NYC Parks
January - March,Session #2,False,202,Brooklyn,Metropolitan,2020-2021,NYC Parks
April - June,Session #3,False,202,Queens,Roy Wilkins,2017-2018,NYC Parks
January - March,Session #2,False,204,Brooklyn,St. John's,2020-2021,NYC Parks
October - December,Session #1,False,201,Brooklyn,Metropolitan,2018-2019,NYC Parks
January - March,Session #2,False,X01,Manhattan,Chelsea,2016-2017,NYC Parks
January - March,Session #2,True,419,Queens,Roy Wilkins,2020-2021,NYC Parks
January - March,Session #2,False,201,Queens,Roy Wilkins,2016-2017,NYC Parks
October - December,Session #1,False,202,Brooklyn,Brownsville,2017-2018,NYC Parks
April - June,Session #3,False,201,Brooklyn,Brownsville,2016-2017,NYC Parks
October - December,Session #1,False,201,Brooklyn,Metropolitan,2017-2018,NYC Parks
April - June,Session #3,True,"X01,11,12",Manhattan,Asser Levy,2017-2018,NYC Parks
January - March,Session #2,False,201,Brooklyn,St. John's,2016-2017,NYC Parks
October - December,Session #1,False,221,Queens,FMCP,2016-2017,NYC Parks
April - June,Session #3,False,202,Queens,Roy Wilkins,2017-2018,NYC Parks
April - June,Session #3,False,201,Manhattan,Hansborough,2017-2018,NYC Parks
October - December,Session #1,False,202,Bronx,St. Mary's,2016-2017,NYC Parks
January - March,Session #2,False,201,Brooklyn,Metropolitan,2020-2021,NYC Parks
october - december,Session #1,False,205,Brooklyn,Metropolitan,2016-2017,NYC Parks
April - June,Session #3,False,208,Manhattan,Chelsea,2016-2017,NYC Parks
October - December,Session #1,False,201,Manhattan,Boys and Girls Harbor,2016-2017,NYC Parks
october - december,Session #1,False,201,Bronx,St. Mary's,2016-2017,NYC Parks
January - March,Session #2,False,309,Brooklyn,Metropolitan,2017-2018,NYC Parks
October - December,Session #1,False,201,Brooklyn,Brownsville,2016-2017,NYC Parks
October - December,Session #1,False,201,Brooklyn,Metropolitan,2017-2018,NYC Parks
January - March,Session #2,False,233,Queens,FMCP,2016-2017,NYC Parks
October - December,Session #1,False,202,Manhattan,Hansborough,2016-2017,NYC Parks
January - March,Session #2,False,201,Brooklyn,Metropolitan,2016-2017,NYC Parks
October - December,Session #1,False,202,Queens,Roy Wilkins,2019-2020,NYC Parks
October - December,Session #1,False,201,Brooklyn,Metropolitan,2018-2019,NYC Parks
April - June,Session #3,True,239,Brooklyn,Metropolitan,2016-2017,NYC Parks
October - December,Session #1,False,202,Manhattan,River Bank,2017-2018,NYC Parks
October - December,Session #1,False,202,Brooklyn,Metropolitan,2017-2018,NYC Parks
January - March,Session #2,False,201,Queens,Roy Wilkins,2020-2021,NYC Parks
October - December,Session #1,False,204,Manhattan,Gertrude Ederle,2019-2020,NYC Parks
October - December,Session #1,False,201,Queens,Roy Wilkins,2018-2019,NYC Parks
April - June,Session #3,False,202,Queens,FMCP,2018-2019,NYC Parks
January - March,Session #2,False,221,Queens,FMCP,2018-2019,NYC Parks
October - December,Session #1,False,203,Queens,FMCP,2018-2019,NYC Parks
January - March,Session #2,False,246,Manhattan,River Bank,2020-2021,NYC Parks
January - March,Session #2,False,"202, 203, 303",Brooklyn,Brownsville,2020-2021,NYC Parks
April - June,Session #3,False,203,Manhattan,Asser Levy,2016-2017,NYC Parks
January - March,Session #2,False,219,Manhattan,Chelsea,2017-2018,NYC Parks
January - March,Session #2,False,203,Brooklyn,St. Mary's,2020-2021,NYC Parks
January - March,Session #2,False,201,Brooklyn,Brownsville,2020-2021,NYC Parks
April - June,Session #3,False,2,Queens,Roy Wilkins,2016-2017,NYC Parks
April - June,Session #3,False,231,Queens,Roy Wilkins,2018-2019,NYC Parks
October - December,Session #1,False,202,Brooklyn,St. John's,2016-2017,NYC Parks
October - December,Session #1,False,202,Bronx,St. Mary's,2017-2018,NYC Parks
January - March,Session #2,False,213,Manhattan,Tony Dapolito,2016-2017,NYC Parks
october - december,Session #1,False,201,Brooklyn,St. John's,2016-2017,NYC Parks
January - March,Session #2,True,L7204,Brooklyn,Brownsville,2018-2019,NYC Parks
January - March,Session #2,False,201,Queens,Roy Wilkins,2020-2021,NYC Parks
January - March,Session #2,False,201,Queens,Roy Wilkins,2020-2021,NYC Parks
April - June,Session #3,False,206,Manhattan,Chelsea,2016-2017,NYC Parks
October - December,Session #1,False,203,Brooklyn,Metropolitan,2016-2017,NYC Parks
April - June,Session #3,False,205,Manhattan,Hansborough,2017-2018,NYC Parks
April - June,Session #3,False,202,Brooklyn,Brownsville,2017-2018,NYC Parks
October - December,Session #1,False,306 & 309,Queens,FMCP,2016-2017,NYC Parks
April - June,Session #3,False,"129, 201",Brooklyn,St. John's,2016-2017,NYC Parks
October - December,Session #1,False,202,Brooklyn,Metropolitan,2019-2020,NYC Parks
October - December,Session #1,False,204,Manhattan,Gertrude Ederle,2018-2019,NYC Parks
October - December,Session #1,False,204,Queens,FMCP,2018-2019,NYC Parks
October - December,Session #1,False,201,Brooklyn,Metropolitan,2019-2020,NYC Parks
January - March,Session #2,False,213,Brooklyn,St. John's,2020-2021,NYC Parks
April - June,Session #3,False,202/201,Queens,FMCP,2018-2019,NYC Parks
April - June,Session #3,False,201,Queens,FMCP,2018-2019,NYC Parks
October - December,Session #1,False,203,Brooklyn,Metropolitan,2016-2017,NYC Parks
October - December,Session #1,False,221,Queens,FMCP,2016-2017,NYC Parks
October - December,Session #1,False,201,Brooklyn,St. John's,2017-2018,NYC Parks
January - March,Session #2,False,2,Queens,Roy Wilkins,2018-2019,NYC Parks
October - December,Session #1,False,202,Brooklyn,Metropolitan,2019-2020,NYC Parks
October - December,Session #1,False,201,Brooklyn,Brownsville,2016-2017,NYC Parks
January - March,Session #2,True,204,Queens,FMCP,2018-2019,NYC Parks
October - December,Session #1,False,202,Manhattan,Hansborough,2017-2018,NYC Parks
January - March,Session #2,False,202,Brooklyn,Brownsville,2018-2019,NYC Parks
January - March,Session #2,False,203,Bronx,St. Mary's,2016-2017,NYC Parks
January - March,Session #2,False,231,Queens,FMCP,2016-2017,NYC Parks
April - June,Session #3,False,203,Queens,Roy Wilkins,2018-2019,NYC Parks
October - December,Session #1,False,205,Brooklyn,Metropolitan,2019-2020,NYC Parks
January - March,Session #2,False,202,Bronx,St. Mary's,2016-2017,NYC Parks
April - June,Session #3,False,2,Brooklyn,Metropolitan,2016-2017,NYC Parks
April - June,Session #3,False,202,Queens,FMCP,2018-2019,NYC Parks
October - December,Session #1,False,201,Brooklyn,St. John's,2017-2018,NYC Parks
October - December,Session #1,False,202,Brooklyn,Brownsville,2017-2018,NYC Parks
April - June,Session #3,False,2,Manhattan,Gertrude Ederle,2016-2017,NYC Parks
April - June,Session #3,False,201,Manhattan,Tony Dapolito,2017-2018,NYC Parks
January - March,Session #2,False,202,Queens,FMCP,2016-2017,NYC Parks
April - June,Session #3,False,203,Brooklyn,Brownsville,2016-2017,NYC Parks
April - June,Session #3,False,215,Queens,FMCP,2016-2017,NYC Parks
January - March,Session #2,False,207,Queens,FMCP,2017-2018,NYC Parks
April - June,Session #3,False,231,Queens,FMCP,2018-2019,NYC Parks
January - March,Session #2,False,201,Queens,Roy Wilkins,2016-2017,NYC Parks
January - March,Session #2,False,231,Queens,FMCP,2017-2018,NYC Parks
January - March,Session #2,False,202,Queens,Roy Wilkins,2018-2019,NYC Parks
January - March,Session #2,False,202,Brooklyn,Brownsville,2016-2017,NYC Parks
October - December,Session #1,False,205,Manhattan,Chelsea,2017-2018,NYC Parks
April - June,Session #3,False,201,Queens,Roy Wilkins,2018-2019,NYC Parks
January - March,Session #2,False,207,Queens,FMCP,2017-2018,NYC Parks
January - March,Session #2,False,202,Brooklyn,Metropolitan,2018-2019,NYC Parks
October - december,Session #1,False,215,Manhattan,Tony Dapolito,2016-2017,NYC Parks
October - December,Session #1,False,203,Queens,FMCP,2018-2019,NYC Parks
October - December,Session #1,False,200,Brooklyn,Brownsville,2019-2020,NYC Parks
October - December,Session #1,False,201,Brooklyn,Brownsville,2016-2017,NYC Parks
January - March,Session #2,False,201,Queens,Roy Wilkins,2016-2017,NYC Parks
January - March,Session #2,False,204,Manhattan,Hansborough,2017-2018,NYC Parks
April - June,Session #3,False,231,Queens,Roy Wilkins,2016-2017,NYC Parks
October - December,Session #1,False,2 Thorpe HR,Queens,Roy Wilkins,2016-2017,NYC Parks
October - December,Session #1,False,202,Brooklyn,Metropolitan,2019-2020,NYC Parks
January - March,Session #2,False,207,Queens,FMCP,2017-2018,NYC Parks
April - June,Session #3,False,201,Queens,FMCP,2017-2018,NYC Parks
October - December,Session #1,False,1,Queens,FMCP,2018-2019,NYC Parks
January - March,Session #2,False,201,Queens,Roy Wilkins,2020-2021,NYC Parks
January - March,Session #2,False,213,Manhattan,Tony Dapolito,2016-2017,NYC Parks
April - June,Session #3,False,201,Manhattan,Chelsea,2017-2018,NYC Parks
January - March,Session #2,False,410,Queens,FMCP,2016-2017,NYC Parks
October - December,Session #1,False,202,Queens,FMCP,2017-2018,NYC Parks
January - March,Session #2,False,291/231,Queens,Roy Wilkins,2016-2017,NYC Parks
October - December,Session #1,False,"k01, y61",Manhattan,Chelsea,2017-2018,NYC Parks
October - December,Session #1,False,201,Queens,Roy Wilkins,2019-2020,NYC Parks
October - December,Session #1,False,202,Queens,Roy Wilkins,2016-2017,NYC Parks
April - June,Session #3,False,201,Queens,FMCP,2017-2018,NYC Parks
October - December,Session #1,False,201,Queens,Roy Wilkins,2016-2017,NYC Parks
January - March,Session #2,False,202,Brooklyn,Metropolitan,2017-2018,NYC Parks
October - December,Session #1,False,202,Brooklyn,Metropolitan,2017-2018,NYC Parks
January - March,Session #2,False,201,Brooklyn,Brownsville,2016-2017,NYC Parks
April - June,Session #3,False,201,Brooklyn,Brownsville,2016-2017,NYC Parks
October - December,Session #1,False,201,Queens,Roy Wilkins,2019-2020,NYC Parks
October - December,Session #1,False,604,Manhattan,Asser Levy,2016-2017,NYC Parks
October - December,Session #1,False,201,Queens,Roy Wilkins,2016-2017,NYC Parks
April - June,Session #3,False,207,Manhattan,Gertrude Ederle,2016-2017,NYC Parks
April - June,Session #3,False,203,Queens,Roy Wilkins,2016-2017,NYC Parks
October - December,Session #1,False,201,Brooklyn,Metropolitan,2019-2020,NYC Parks
October - December,Session #1,False,"315, 300, 301",Queens,FMCP,2016-2017,NYC Parks
October - December,Session #1,False,201,Manhattan,Boys and Girls Harbor,2016-2017,NYC Parks
October - December,Session #1,False,201,Queens,Roy Wilkins,2017-2018,NYC Parks
April - June,Session #3,False,215/232/229,Queens,FMCP,2017-2018,NYC Parks
October - December,Session #1,False,202,Brooklyn,Metropolitan,2018-2019,NYC Parks
April - June,Session #3,False,"216, 205, 207, 220, 214",Manhattan,Hansborough,2016-2017,NYC Parks
January - March,Session #2,False,2,Queens,Roy Wilkins,2018-2019,NYC Parks
April - June,Session #3,False,202,Queens,FMCP,2018-2019,NYC Parks
January - March,Session #2,False,205,Brooklyn,Metropolitan,2020-2021,NYC Parks
January - March,Session #2,True,Y44,Brooklyn,Metropolitan,2018-2019,NYC Parks
April - June,Session #3,False,203 & 207,Brooklyn,Brownsville,2016-2017,NYC Parks
January - March,Session #2,False,202,Brooklyn,Metropolitan,2020-2021,NYC Parks
January - March,Session #2,False,291,Manhattan,Chelsea,2016-2017,NYC Parks
January - March,Session #2,False,209,Queens,FMCP,2017-2018,NYC Parks
October - December,Session #1,False,1,Queens,FMCP,2018-2019,NYC Parks
October - December,Session #1,False,202,Queens,Roy Wilkins,2018-2019,NYC Parks
April - June,Session #3,False,202,Brooklyn,Brownsville,2017-2018,NYC Parks
January - March,Session #2,False,216,Manhattan,River Bank,2020-2021,NYC Parks
January - March,Session #2,False,205/129,Brooklyn,Metropolitan,2017-2018,NYC Parks
April - June,Session #3,False,202,Manhattan,Gertrude Ederle,2018-2019,NYC Parks
October - December,Session #1,False,201,Queens,FMCP,2018-2019,NYC Parks
January - March,Session #2,False,205,Manhattan,River Bank,2016-2017,NYC Parks
October - December,Session #1,False,221,Queens,FMCP,2018-2019,NYC Parks
April - June,Session #3,False,201,Queens,Roy Wilkins,2018-2019,NYC Parks
October - December,Session #1,False,202,Brooklyn,Metropolitan,2018-2019,NYC Parks
October - December,Session #1,False,236,Queens,FMCP,2017-2018,NYC Parks
October - December,Session #1,False,201,Brooklyn,Metropolitan,2018-2019,NYC Parks
January - March,Session #2,False,202,Brooklyn,Brownsville,2017-2018,NYC Parks
April - June,Session #3,False,2,Brooklyn,Metropolitan,2016-2017,NYC Parks
January - March,Session #2,False,205,Brooklyn,St. John's,2020-2021,NYC Parks
April - June,Session #3,False,201,Manhattan,River Bank,2017-2018,NYC Parks
January - March,Session #2,False,201,Brooklyn,St. John's,2016-2017,NYC Parks
April - June,Session #3,False,204,Brooklyn,St. John's,2017-2018,NYC Parks
October - December,Session #1,False,202,Manhattan,Hansborough,2016-2017,NYC Parks
October - December,Session #1,False,231,Queens,FMCP,2016-2017,NYC Parks
October - December,Session #1,False,201,Queens,Roy Wilkins,2017-2018,NYC Parks
October - December,Session #1,False,201,Queens,Roy Wilkins,2018-2019,NYC Parks
January - March,Session #2,False,203,Brooklyn,St. John's,2016-2017,NYC Parks
January - March,Session #2,False,205,Brooklyn,Metropolitan,2020-2021,NYC Parks
October - December,Session #1,False,203,Brooklyn,Brownsville,2017-2018,NYC Parks
October - December,Session #1,False,201,Queens,FMCP,2017-2018,NYC Parks
January - March,Session #2,False,311,Manhattan,Tony Dapolito,2017-2018,NYC Parks
October - December,Session #1,False,201,Queens,Roy Wilkins,2019-2020,NYC Parks
January - March,Session #2,False,11,Brooklyn,Brownsville,2020-2021,NYC Parks
October - December,Session #1,False,202,Manhattan,Hansborough,2016-2017,NYC Parks
April - June,Session #3,False,203,Brooklyn,Brownsville,2016-2017,NYC Parks
October - December,Session #1,False,203,Queens,Roy Wilkins,2018-2019,NYC Parks
April - June,Session #3,False,2,Manhattan,Gertrude Ederle,2016-2017,NYC Parks
October - December,Session #1,False,201,Queens,FMCP,2016-2017,NYC Parks
January - March,Session #2,False,202,Brooklyn,Brownsville,2016-2017,NYC Parks
October - December,Session #1,False,202,Manhattan,Boys and Girls Harbor,2016-2017,NYC Parks
January - March,Session #2,False,203,Queens,FMCP,2016-2017,NYC Parks
April - June,Session #3,False,204,Bronx,St. Mary's,2017-2018,NYC Parks
October - December,Session #1,True,301,Manhattan,River Bank,2019-2020,NYC Parks
October - December,Session #1,False,239,Brooklyn,Brownsville,2016-2017,NYC Parks
January - March,Session #2,False,201,Manhattan,River Bank,2020-2021,NYC Parks
April - June,Session #3,False,903/203,Brooklyn,St. John's,2017-2018,NYC Parks
January - March,Session #2,False,201,Brooklyn,Metropolitan,2018-2019,NYC Parks
April - June,Session #3,False,202/201,Queens,FMCP,2018-2019,NYC Parks
January - March,Session #2,False,201,Brooklyn,Brownsville,2020-2021,NYC Parks
April - June,Session #3,False,201,Queens,Roy Wilkins,2018-2019,NYC Parks
April - June,Session #3,False,205,Manhattan,Gertrude Ederle,2017-2018,NYC Parks
January - March,Session #2,False,201,Queens,FMCP,2017-2018,NYC Parks
January - March,Session #2,False,2,Brooklyn,Brownsville,2018-2019,NYC Parks
April - June,Session #3,False,202,Queens,FMCP,2017-2018,NYC Parks
April - June,Session #3,False,203,Manhattan,Asser Levy,2016-2017,NYC Parks
October - December,Session #1,False,014/011,Brooklyn,Brownsville,2018-2019,NYC Parks
January - March,Session #2,False,233,Queens,FMCP,2018-2019,NYC Parks
October - December,Session #1,False,204,Manhattan,Asser Levy,2019-2020,NYC Parks
October - December,Session #1,False,204,Brooklyn,Metropolitan,2019-2020,NYC Parks
April - June,Session #3,False,201,Queens,Roy Wilkins,2018-2019,NYC Parks
April - June,Session #3,False,201,Bronx,St. Mary's,2017-2018,NYC Parks
April - June,Session #3,False,"291, 202",Queens,Roy Wilkins,2016-2017,NYC Parks
October - December,Session #1,False,202,Brooklyn,Metropolitan,2018-2019,NYC Parks
April - June,Session #3,False,201,Brooklyn,Metropolitan,2017-2018,NYC Parks
January - March,Session #2,False,202,Brooklyn,Metropolitan,2017-2018,NYC Parks
October - December,Session #1,False,201,Queens,Roy Wilkins,2019-2020,NYC Parks
October - December,Session #1,False,251,Manhattan,Gertrude Ederle,2016-2017,NYC Parks
April - June,Session #3,False,201,Queens,FMCP,2016-2017,NYC Parks
April - June,Session #3,False,201,Brooklyn,Metropolitan,2017-2018,NYC Parks
April - June,Session #3,False,201,Manhattan,Tony Dapolito,2017-2018,NYC Parks
April - June,Session #3,False,2 Quinn HR,Queens,Roy Wilkins,2017-2018,NYC Parks
October - December,Session #1,False,231,Queens,FMCP,2016-2017,NYC Parks
October - December,Session #1,False,203,Brooklyn,St. John's,2017-2018,NYC Parks
April - June,Session #3,False,439,Manhattan,Hansborough,2018-2019,NYC Parks
October - December,Session #1,False,201,Brooklyn,Brownsville,2018-2019,NYC Parks
April - June,Session #3,False,201,Queens,FMCP,2017-2018,NYC Parks
October - December,Session #1,False,202,Brooklyn,Brownsville,2018-2019,NYC Parks
October - December,Session #1,False,221,Manhattan,Hansborough,2017-2018,NYC Parks
January - March,Session #2,False,202,Bronx,St. Mary's,2016-2017,NYC Parks
October - December,Session #1,False,"201, 202",Brooklyn,Brownsville,2018-2019,NYC Parks
October - December,Session #1,False,315,Manhattan,River Bank,2019-2020,NYC Parks
April - June,Session #3,False,202,Brooklyn,Brownsville,2017-2018,NYC Parks
January - March,Session #2,False,2,Brooklyn,Brownsville,2018-2019,NYC Parks
January - March,Session #2,False,203,Queens,FMCP,2017-2018,NYC Parks
January - March,Session #2,False,202,Brooklyn,Brownsville,2017-2018,NYC Parks
April - June,Session #3,False,202,Manhattan,Hansborough,2016-2017,NYC Parks
October - December,Session #1,False,604,Manhattan,Asser Levy,2016-2017,NYC Parks
October - December,Session #1,False,203,Queens,Far Rockaway,2017-2018,NYC Parks
October - December,Session #1,False,203,Queens,FMCP,2018-2019,NYC Parks
January - March,Session #2,False,204,Manhattan,River Bank,2016-2017,NYC Parks
April - June,Session #3,False,201,Brooklyn,Brownsville,2016-2017,NYC Parks
January - March,Session #2,False,410,Manhattan,Tony Dapolito,2020-2021,NYC Parks
January - March,Session #2,False,202,Queens,Roy Wilkins,2020-2021,NYC Parks
January - March,Session #2,False,202,Brooklyn,Brownsville,2017-2018,NYC Parks
April - June,Session #3,False,202,Queens,Roy Wilkins,2017-2018,NYC Parks
October - December,Session #1,False,201,Queens,FMCP,2017-2018,NYC Parks
October - December,Session #1,False,201,Queens,Roy Wilkins,2016-2017,NYC Parks
January - March,Session #2,False,404,Manhattan,Hansborough,2017-2018,NYC Parks
April - June,Session #3,False,201,Manhattan,Hansborough,2017-2018,NYC Parks
October - December,Session #1,False,204,Manhattan,Gertrude Ederle,2019-2020,NYC Parks
October - December,Session #1,False,201,Brooklyn,Brownsville,2019-2020,NYC Parks
October - December,Session #1,False,204,Manhattan,Gertrude Ederle,2018-2019,NYC Parks
October - December,Session #1,False,203,Brooklyn,Metropolitan,2016-2017,NYC Parks
January - March,Session #2,False,202,Brooklyn,Metropolitan,2017-2018,NYC Parks
January - March,Session #2,False,205,Manhattan,Hansborough,2017-2018,NYC Parks
October - December,Session #1,False,231,Queens,Roy Wilkins,2017-2018,NYC Parks
April - June,Session #3,False,201,Queens,FMCP,2016-2017,NYC Parks
April - June,Session #3,False,202,Manhattan,Gertrude Ederle,2018-2019,NYC Parks
April - June,Session #3,False,204,Queens,FMCP,2016-2017,NYC Parks
January - March,Session #2,False,202,Brooklyn,Brownsville,2016-2017,NYC Parks
October - December,Session #1,False,202,Brooklyn,Metropolitan,2019-2020,NYC Parks
April - June,Session #3,False,201,Manhattan,Asser Levy,2017-2018,NYC Parks
April - June,Session #3,False,202,Queens,FMCP,2018-2019,NYC Parks
April - June,Session #3,False,208/213,Manhattan,Asser Levy,2018-2019,NYC Parks
October - December,Session #1,False,"231, 293",Queens,FMCP,2016-2017,NYC Parks
January - March,Session #2,False,231,Queens,FMCP,2017-2018,NYC Parks
April - June,Session #3,False,2,Brooklyn,Metropolitan,2016-2017,NYC Parks
April - June,Session #3,False,221,Manhattan,Hansborough,2016-2017,NYC Parks
October - December,Session #1,False,231,Queens,Roy Wilkins,2017-2018,NYC Parks
January - March,Session #2,True,Y23 Y22,Brooklyn,Metropolitan,2018-2019,NYC Parks
October - December,Session #1,False,201,Manhattan,Hansborough,2016-2017,NYC Parks
October - December,Session #1,False,231,Queens,Roy Wilkins,2017-2018,NYC Parks
October - December,Session #1,False,201,Queens,Roy Wilkins,2016-2017,NYC Parks
October - December,Session #1,False,1,Manhattan,Asser Levy,2016-2017,NYC Parks
October - December,Session #1,False,202,Brooklyn,St. John's,2019-2020,NYC Parks
January - March,Session #2,False,201,Brooklyn,St. John's,2020-2021,NYC Parks
January - March,Session #2,False,202,Brooklyn,Brownsville,2016-2017,NYC Parks
April - June,Session #3,False,202,Bronx,St. Mary's,2016-2017,NYC Parks
October - December,Session #1,False,202 & 205,Brooklyn,St. John's,2017-2018,NYC Parks
January - March,Session #2,False,2,Brooklyn,Brownsville,2018-2019,NYC Parks
April - June,Session #3,False,28,Queens,Roy Wilkins,2018-2019,NYC Parks
April - June,Session #3,False,202,Brooklyn,Metropolitan,2017-2018,NYC Parks
January - March,Session #2,False,202,Brooklyn,Metropolitan,2018-2019,NYC Parks
October - December,Session #1,False,205,Brooklyn,Metropolitan,2016-2017,NYC Parks
October - December,Session #1,False,231,Queens,Roy Wilkins,2019-2020,NYC Parks
October - December,Session #1,False,202,Queens,FMCP,2017-2018,NYC Parks
April - June,Session #3,False,Dartmoth,Queens,Roy Wilkins,2016-2017,NYC Parks
April - June,Session #3,False,202,Queens,Roy Wilkins,2018-2019,NYC Parks
October - December,Session #1,False,201,Brooklyn,Brownsville,2017-2018,NYC Parks
January - March,Session #2,False,213,Manhattan,Tony Dapolito,2016-2017,NYC Parks
April - June,Session #3,False,204,Manhattan,Chelsea,2017-2018,NYC Parks
April - June,Session #3,False,201,Queens,Roy Wilkins,2016-2017,NYC Parks
April - June,Session #3,True,207,Manhattan,Chelsea,2016-2017,NYC Parks
April - June,Session #3,False,202,Manhattan,Hansborough,2016-2017,NYC Parks
October - December,Session #1,False,202,Queens,Roy Wilkins,2017-2018,NYC Parks
October - December,Session #1,False,203,Queens,Far Rockaway,2017-2018,NYC Parks
October - December,Session #1,False,201,Brooklyn,St. John's,2017-2018,NYC Parks
October - December,Session #1,False,203,Queens,Roy Wilkins,2016-2017,NYC Parks
January - March,Session #2,False,201,Brooklyn,Metropolitan,2017-2018,NYC Parks
October - december,Session #1,False,201,Brooklyn,St. John's,2016-2017,NYC Parks
October - December,Session #1,False,204,Queens,FMCP,2017-2018,NYC Parks
April - June,Session #3,True,Y07,Brooklyn,Metropolitan,2016-2017,NYC Parks
April - June,Session #3,False,202,Queens,FMCP,2018-2019,NYC Parks
October - December,Session #1,False,1,Brooklyn,Metropolitan,2017-2018,NYC Parks
October - December,Session #1,False,202,Brooklyn,Metropolitan,2019-2020,NYC Parks
January - March,Session #2,False,201,Manhattan,Asser Levy,2017-2018,NYC Parks
January - March,Session #2,True,104,Brooklyn,St. John's,2016-2017,NYC Parks
October - December,Session #1,False,231,Queens,Roy Wilkins,2019-2020,NYC Parks
January - March,Session #2,False,204,Manhattan,Tony Dapolito,2016-2017,NYC Parks
January - March,Session #2,False,201,Brooklyn,Brownsville,2020-2021,NYC Parks
January - March,Session #2,False,201,Queens,Roy Wilkins,2016-2017,NYC Parks
January - March,Session #2,False,205,Brooklyn,Metropolitan,2020-2021,NYC Parks
January - March,Session #2,False,411/409,Bronx,St. Mary's,2018-2019,NYC Parks
January - March,Session #2,False,204,Queens,FMCP,2016-2017,NYC Parks
April - June,Session #3,False,202,Queens,FMCP,2017-2018,NYC Parks
January - March,Session #2,False,201,Brooklyn,St. John's,2020-2021,NYC Parks
October - December,Session #1,False,1,Brooklyn,Metropolitan,2017-2018,NYC Parks
April - June,Session #3,False,201,Manhattan,Tony Dapolito,2016-2017,NYC Parks
January - March,Session #2,False,201,Queens,FMCP,2016-2017,NYC Parks
January - March,Session #2,False,203,Queens,FMCP,2018-2019,NYC Parks
April - June,Session #1,False,202,Queens,FMCP,2018-2019,NYC Parks
October - December,Session #1,False,204,Queens,FMCP,2018-2019,NYC Parks
October - December,Session #1,False,603,Manhattan,Asser Levy,2017-2018,NYC Parks
January - March,Session #2,False,214,Brooklyn,St. John's,2020-2021,NYC Parks
April - June,Session #3,False,203,Queens,Roy Wilkins,2017-2018,NYC Parks
April - June,Session #3,False,221,Manhattan,Hansborough,2016-2017,NYC Parks
January - March,Session #2,False,202,Brooklyn,Metropolitan,2020-2021,NYC Parks
October - December,Session #1,False,202,Brooklyn,Brownsville,2017-2018,NYC Parks
October - December,Session #1,False,208,Manhattan,Tony Dapolito,2016-2017,NYC Parks
April - June,Session #3,False,201,Queens,FMCP,2017-2018,NYC Parks
October - December,Session #1,False,205,Queens,FMCP,2017-2018,NYC Parks
October - December,Session #1,False,202,Manhattan,Hansborough,2017-2018,NYC Parks
April - June,Session #3,False,201,Bronx,St. Mary's,2018-2019,NYC Parks
April - June,Session #3,False,201,Queens,FMCP,2016-2017,NYC Parks
April - June,Session #3,False,206,Brooklyn,Brownsville,2017-2018,NYC Parks
April - June,Session #3,False,204,Queens,Roy Wilkins,2017-2018,NYC Parks
October - December,Session #1,False,603,Manhattan,Asser Levy,2017-2018,NYC Parks
January - March,Session #2,True,202,Brooklyn,St. John's,2020-2021,NYC Parks
October - December,Session #1,False,"231, 293",Queens,FMCP,2016-2017,NYC Parks
October - December,Session #1,False,202,Queens,Roy Wilkins,2017-2018,NYC Parks
October - December,Session #1,False,1,Brooklyn,Metropolitan,2017-2018,NYC Parks
October - December,Session #1,False,201,Queens,Roy Wilkins,2016-2017,NYC Parks
January - March,Session #2,False,201,Queens,FMCP,2017-2018,NYC Parks
April - June,Session #3,False,207,Manhattan,Gertrude Ederle,2016-2017,NYC Parks
october - december,Session #1,False,202,Brooklyn,St. John's,2016-2017,NYC Parks
April - June,Session #3,False,201,Queens,FMCP,2017-2018,NYC Parks
April - June,Session #3,False,202,Queens,FMCP,2018-2019,NYC Parks
January - March,Session #2,False,202,Brooklyn,Brownsville,2018-2019,NYC Parks
April - June,Session #3,False,,Manhattan,Asser Levy,2018-2019,NYC Parks
April - June,Session #3,False,201,Queens,FMCP,2018-2019,NYC Parks
January - March,Session #2,False,201,Queens,Roy Wilkins,2020-2021,NYC Parks
January - March,Session #2,False,206,Manhattan,Gertrude Ederle,2020-2021,NYC Parks
January - March,Session #2,False,202,Brooklyn,Metropolitan,2020-2021,NYC Parks
January - March,Session #2,False,201,Queens,FMCP,2018-2019,NYC Parks
April - June,Session #3,False,201,Manhattan,Chelsea,2017-2018,NYC Parks
April - June,Session #3,True,102,Brooklyn,Metropolitan,2018-2019,NYC Parks
October - December,Session #1,False,203,Brooklyn,Metropolitan,2016-2017,NYC Parks
January - March,Session #2,False,201,Manhattan,Gertrude Ederle,2020-2021,NYC Parks
October - December,Session #1,False,203,Brooklyn,Metropolitan,2018-2019,NYC Parks
January - March,Session #2,False,201,Brooklyn,St. John's,2017-2018,NYC Parks
April - June,Session #3,False,201,Manhattan,Tony Dapolito,2017-2018,NYC Parks
January - March,Session #2,False,291/231,Queens,Roy Wilkins,2016-2017,NYC Parks
April - June,Session #3,False,201,Queens,FMCP,2018-2019,NYC Parks
October - December,Session #1,False,208,Manhattan,Tony Dapolito,2019-2020,NYC Parks
October - December,Session #1,False,201,Brooklyn,Brownsville,2016-2017,NYC Parks
January - March,Session #2,False,201,Brooklyn,Metropolitan,2020-2021,NYC Parks
October - December,Session #1,False,202,Queens,FMCP,2018-2019,NYC Parks
January - March,Session #2,False,201,Manhattan,Gertrude Ederle,2020-2021,NYC Parks
October - December,Session #1,False,201,Manhattan,Hansborough,2016-2017,NYC Parks
April - June,Session #3,False,203,Queens,Roy Wilkins,2018-2019,NYC Parks
October - December,Session #1,False,221,Queens,FMCP,2016-2017,NYC Parks
April - June,Session #3,False,202,Queens,Roy Wilkins,2017-2018,NYC Parks
April - June,Session #3,False,202,Bronx,St. Mary's,2017-2018,NYC Parks
October - December,Session #1,False,201,Queens,FMCP,2017-2018,NYC Parks
April - June,Session #3,False,201,Queens,Roy Wilkins,2016-2017,NYC Parks
October - December,Session #1,False,1,Brooklyn,Metropolitan,2017-2018,NYC Parks
April - June,Session #3,False,203,Queens,Roy Wilkins,2018-2019,NYC Parks
January - March,Session #2,False,202,Brooklyn,Metropolitan,2020-2021,NYC Parks
October - December,Session #1,False,201,Queens,FMCP,2017-2018,NYC Parks
January - March,Session #2,False,202,Brooklyn,Metropolitan,2018-2019,NYC Parks
October - December,Session #1,False,231,Queens,Roy Wilkins,2018-2019,NYC Parks
October - December,Session #1,False,405,Manhattan,River Bank,2019-2020,NYC Parks
January - March,Session #2,False,204,Manhattan,River Bank,2016-2017,NYC Parks
October - December,Session #1,False,202,Brooklyn,Metropolitan,2019-2020,NYC Parks
January - March,Session #2,False,231,Queens,FMCP,2018-2019,NYC Parks
January - March,Session #2,False,231,Queens,FMCP,2017-2018,NYC Parks
October - December,Session #1,False,122/124,Manhattan,Asser Levy,2019-2020,NYC Parks
October - December,Session #1,False,603,Manhattan,Asser Levy,2017-2018,NYC Parks
January - March,Session #2,False,204,Queens,Roy Wilkins,2016-2017,NYC Parks
October - December,Session #1,False,202,Queens,Roy Wilkins,2016-2017,NYC Parks
January - March,Session #2,False,201,Queens,Roy Wilkins,2016-2017,NYC Parks
October - December,Session #1,False,213,Manhattan,Tony Dapolito,2017-2018,NYC Parks
January - March,Session #2,False,Y23,Brooklyn,Metropolitan,2016-2017,NYC Parks
April - June,Session #3,False,204,Manhattan,Chelsea,2017-2018,NYC Parks
January - March,Session #2,False,201,Brooklyn,Metropolitan,2016-2017,NYC Parks
April - June,Session #3,False,203,Queens,Roy Wilkins,2018-2019,NYC Parks
October - December,Session #1,False,1,Queens,Roy Wilkins,2018-2019,NYC Parks
October - December,Session #1,False,203,Queens,Far Rockaway,2017-2018,NYC Parks
April - June,Session #3,False,"200, 201",Manhattan,Tony Dapolito,2016-2017,NYC Parks
January - March,Session #2,False,2,Queens,Roy Wilkins,2018-2019,NYC Parks
January - March,Session #2,False,202,Manhattan,Asser Levy,2020-2021,NYC Parks
October - December,Session #1,False,202,Queens,Roy Wilkins,2019-2020,NYC Parks
April - June,Session #3,False,201,Brooklyn,Brownsville,2017-2018,NYC Parks
April - June,Session #3,False,201,Queens,FMCP,2017-2018,NYC Parks
October - December,Session #1,False,203,Queens,Roy Wilkins,2018-2019,NYC Parks
October - December,Session #1,False,203,Brooklyn,Brownsville,2019-2020,NYC Parks
October - December,Session #1,False,1,Manhattan,Hansborough,2018-2019,NYC Parks
April - June,Session #3,False,208/213,Manhattan,Asser Levy,2018-2019,NYC Parks
January - March,Session #2,False,303,Manhattan,Tony Dapolito,2020-2021,NYC Parks
october - december,Session #1,False,206,Manhattan,Tony Dapolito,2016-2017,NYC Parks
January - March,Session #2,False,231,Queens,FMCP,2017-2018,NYC Parks
October - December,Session #1,False,201,Bronx,St. Mary's,2018-2019,NYC Parks
January - March,Session #2,False,201,Brooklyn,Metropolitan,2017-2018,NYC Parks
October - December,Session #1,False,"201, 202",Brooklyn,Brownsville,2018-2019,NYC Parks
April - June,Session #3,False,202,Queens,FMCP,2018-2019,NYC Parks
October - December,Session #1,False,201,Brooklyn,St. John's,2017-2018,NYC Parks
January - March,Session #2,False,204,Manhattan,Hansborough,2017-2018,NYC Parks
January - March,Session #2,False,202,Manhattan,Hansborough,2018-2019,NYC Parks
April - June,Session #3,False,201,Queens,Roy Wilkins,2017-2018,NYC Parks
October - December,Session #1,False,202,Queens,FMCP,2017-2018,NYC Parks
October - December,Session #1,False,201,Manhattan,Boys and Girls Harbor,2016-2017,NYC Parks
October - December,Session #1,False,201,Manhattan,Hansborough,2018-2019,NYC Parks
April - June,Session #3,False,202,Queens,FMCP,2018-2019,NYC Parks
April - June,Session #3,False,202,Bronx,St. Mary's,2017-2018,NYC Parks
April - June,Session #3,False,205,Brooklyn,Metropolitan,2018-2019,NYC Parks
April - June,Session #3,False,202,Brooklyn,Brownsville,2016-2017,NYC Parks
October - December,Session #1,False,604,Manhattan,Asser Levy,2016-2017,NYC Parks
April - June,Session #3,False,203,Brooklyn,St. John's,2017-2018,NYC Parks
January - March,Session #2,False,233,Queens,FMCP,2018-2019,NYC Parks
October - December,Session #1,False,201,Brooklyn,Brownsville,2016-2017,NYC Parks
April - June,Session #3,False,201,Bronx,St. Mary's,2017-2018,NYC Parks
October - December,Session #1,False,201,Manhattan,Hansborough,2017-2018,NYC Parks
October - December,Session #1,False,202,Brooklyn,St. John's,2017-2018,NYC Parks
April - June,Session #3,False,324,Queens,FMCP,2016-2017,NYC Parks
April - June,Session #3,False,202,Manhattan,River Bank,2016-2017,NYC Parks
April - June,Session #3,False,201,Queens,FMCP,2018-2019,NYC Parks
October - December,Session #1,False,205,Manhattan,Chelsea,2016-2017,NYC Parks
October - December,Session #1,False,203,Queens,Roy Wilkins,2017-2018,NYC Parks
January - March,Session #2,False,205,Brooklyn,Metropolitan,2020-2021,NYC Parks
April - June,Session #3,False,202,Brooklyn,Brownsville,2016-2017,NYC Parks
January - March,Session #2,False,237,Queens,FMCP,2017-2018,NYC Parks
April - June,Session #3,False,203,Brooklyn,St. John's,2016-2017,NYC Parks
October - December,Session #1,False,202,Brooklyn,Brownsville,2016-2017,NYC Parks
October - December,Session #1,False,205,Brooklyn,Metropolitan,2019-2020,NYC Parks
October - December,Session #1,False,201,Queens,FMCP,2017-2018,NYC Parks
January - March,Session #2,False,204,Bronx,St. Mary's,2017-2018,NYC Parks
January - March,Session #2,False,201,Brooklyn,Metropolitan,2016-2017,NYC Parks
January - March,Session #2,False,202,Brooklyn,Brownsville,2016-2017,NYC Parks
October - December,Session #1,False,202,Brooklyn,Brownsville,2019-2020,NYC Parks
January - March,Session #2,False,201,Queens,Roy Wilkins,2020-2021,NYC Parks
October - December,Session #1,False,202 & 205,Brooklyn,St. John's,2017-2018,NYC Parks
January - March,Session #2,False,203,Queens,FMCP,2018-2019,NYC Parks
April - June,Session #3,False,202,Brooklyn,Brownsville,2016-2017,NYC Parks
January - March,Session #2,False,203,Brooklyn,Metropolitan,2016-2017,NYC Parks
October - December,Session #1,False,201,Brooklyn,St. John's,2016-2017,NYC Parks
January - March,Session #2,False,202,Brooklyn,St. John's,2017-2018,NYC Parks
April - June,Session #3,False,215,Queens,FMCP,2016-2017,NYC Parks
January - March,Session #2,False,221,Queens,FMCP,2017-2018,NYC Parks
January - March,Session #2,False,231,Queens,Roy Wilkins,2020-2021,NYC Parks
October - December,Session #1,False,202 & 205,Brooklyn,St. John's,2017-2018,NYC Parks
January - March,Session #2,False,202,Queens,Roy Wilkins,2020-2021,NYC Parks
January - March,Session #2,False,203,Brooklyn,St. John's,2017-2018,NYC Parks
April - June,Session #3,False,231,Queens,Roy Wilkins,2017-2018,NYC Parks
January - March,Session #2,False,202,Brooklyn,Metropolitan,2020-2021,NYC Parks
October - December,Session #1,False,203,Queens,Roy Wilkins,2016-2017,NYC Parks
October - December,Session #1,False,291/ 231,Queens,Roy Wilkins,2016-2017,NYC Parks
January - March,Session #2,False,"202, 203, 303",Brooklyn,Brownsville,2020-2021,NYC Parks
January - March,Session #2,False,202,Manhattan,Gertrude Ederle,2017-2018,NYC Parks
October - December,Session #1,False,204,Queens,FMCP,2016-2017,NYC Parks
October - December,Session #1,False,202,Manhattan,Gertrude Ederle,2016-2017,NYC Parks
April - June,Session #3,False,203,Brooklyn,Metropolitan,2018-2019,NYC Parks
April - June,Session #3,False,202,Bronx,St. Mary's,2018-2019,NYC Parks
January - March,Session #2,False,202,Brooklyn,Brownsville,2018-2019,NYC Parks
October - December,Session #1,False,203,Queens,FMCP,2017-2018,NYC Parks
January - March,Session #2,False,202,Manhattan,Gertrude Ederle,2017-2018,NYC Parks
January - March,Session #2,False,202,Brooklyn,Brownsville,2016-2017,NYC Parks
April - June,Session #3,False,208/213,Manhattan,Asser Levy,2018-2019,NYC Parks
October - December,Session #1,False,204,Manhattan,Asser Levy,2019-2020,NYC Parks
October - December,Session #1,False,204,Queens,Roy Wilkins,2016-2017,NYC Parks
October - December,Session #1,False,13,Brooklyn,Brownsville,2019-2020,NYC Parks
April - June,Session #3,False,201,Bronx,St. Mary's,2016-2017,NYC Parks
October - December,Session #1,False,202,Queens,Roy Wilkins,2017-2018,NYC Parks
April - June,Session #3,False,201,Brooklyn,Brownsville,2018-2019,NYC Parks
October - December,Session #1,False,206,Manhattan,Tony Dapolito,2017-2018,NYC Parks
April - June,Session #3,False,2,Queens,Roy Wilkins,2016-2017,NYC Parks
April - June,Session #3,False,204,Bronx,St. Mary's,2017-2018,NYC Parks
January - March,Session #2,False,202,Queens,Roy Wilkins,2016-2017,NYC Parks
April - June,Session #3,False,202,Queens,FMCP,2017-2018,NYC Parks
January - March,Session #2,False,221,Queens,FMCP,2017-2018,NYC Parks
April - June,Session #3,False,231,Queens,FMCP,2018-2019,NYC Parks
January - March,Session #2,False,201,Manhattan,Tony Dapolito,2018-2019,NYC Parks
January - March,Session #2,False,201,Queens,Roy Wilkins,2020-2021,NYC Parks
April - June,Session #3,False,201,Queens,FMCP,2017-2018,NYC Parks
October - December,Session #1,False,202,Brooklyn,Brownsville,2019-2020,NYC Parks
October - December,Session #1,False,201,Queens,Roy Wilkins,2016-2017,NYC Parks
October - December,Session #1,False,202,Brooklyn,Brownsville,2017-2018,NYC Parks
January - March,Session #2,False,204,Manhattan,Hansborough,2017-2018,NYC Parks
January - March,Session #2,False,202,Brooklyn,Brownsville,2017-2018,NYC Parks
January - March,Session #2,False,231,Queens,FMCP,2016-2017,NYC Parks
April - June,Session #3,True,202,Manhattan,Asser Levy,2017-2018,NYC Parks
October - December,Session #1,False,206,Manhattan,Tony Dapolito,2019-2020,NYC Parks
October - December,Session #1,False,201,Manhattan,Boys and Girls Harbor,2016-2017,NYC Parks
January - March,Session #2,False,203,Manhattan,Tony Dapolito,2018-2019,NYC Parks
January - March,Session #2,False,201,Brooklyn,Metropolitan,2016-2017,NYC Parks
October - December,Session #1,False,204,Queens,FMCP,2018-2019,NYC Parks
October - December,Session #1,False,201,Queens,FMCP,2017-2018,NYC Parks
January - March,Session #2,False,303,Manhattan,Tony Dapolito,2020-2021,NYC Parks
April - June,Session #3,False,231,Queens,FMCP,2018-2019,NYC Parks
October - December,Session #1,False,202,Bronx,St. Mary's,2016-2017,NYC Parks
January - March,Session #2,False,201,Brooklyn,Metropolitan,2020-2021,NYC Parks
October - December,Session #1,False,251,Manhattan,Gertrude Ederle,2016-2017,NYC Parks
April - June,Session #3,False,201,Queens,Roy Wilkins,2016-2017,NYC Parks
october - december,Session #1,False,201,Brooklyn,St. John's,2016-2017,NYC Parks
January - March,Session #2,False,204,Brooklyn,Brownsville,2020-2021,NYC Parks
October - december,Session #1,False,205,Manhattan,Tony Dapolito,2016-2017,NYC Parks
April - June,Session #3,True,Y43 and Y25,Brooklyn,Metropolitan,2018-2019,NYC Parks
October - December,Session #1,False,205,Manhattan,Tony Dapolito,2017-2018,NYC Parks
October - December,Session #1,False,205,Queens,FMCP,2017-2018,NYC Parks
January - March,Session #2,False,204,Brooklyn,Brownsville,2020-2021,NYC Parks
October - December,Session #1,False,201,Queens,Roy Wilkins,2019-2020,NYC Parks
October - December,Session #1,False,2,Manhattan,Boys and Girls Harbor,2016-2017,NYC Parks
April - June,Session #3,True,207,Manhattan,Chelsea,2016-2017,NYC Parks
April - June,Session #3,False,204,Brooklyn,St. John's,2016-2017,NYC Parks
October - December,Session #1,False,201,Brooklyn,Brownsville,2019-2020,NYC Parks
January - March,Session #2,False,201,Queens,FMCP,2017-2018,NYC Parks
January - March,Session #2,False,202,Brooklyn,Metropolitan,2020-2021,NYC Parks
April - June,Session #3,False,215,Queens,FMCP,2016-2017,NYC Parks
January - March,Session #2,False,201,Brooklyn,Metropolitan,2020-2021,NYC Parks
April - June,Session #3,False,201,Bronx,St. Mary's,2016-2017,NYC Parks
January - March,Session #2,False,231,Queens,FMCP,2018-2019,NYC Parks
April - June,Session #3,False,205,Manhattan,Gertrude Ederle,2017-2018,NYC Parks
April - June,Session #3,False,202,Queens,Roy Wilkins,2018-2019,NYC Parks
January - March,Session #2,False,201,Brooklyn,Metropolitan,2016-2017,NYC Parks
April - June,Session #3,False,202,Bronx,St. Mary's,2016-2017,Partner Site
April - June,Session #3,False,201,Bronx,St. Mary's,2017-2018,NYC Parks
October - December,Session #1,False,202,Brooklyn,Metropolitan,2016-2017,NYC Parks
April - June,Session #3,False,201,Queens,Roy Wilkins,2017-2018,NYC Parks
April - June,Session #3,False,2,Brooklyn,Metropolitan,2016-2017,NYC Parks
October - December,Session #1,False,201,Brooklyn,Metropolitan,2019-2020,NYC Parks
January - March,Session #2,False,202,Brooklyn,Brownsville,2016-2017,NYC Parks
January - March,Session #2,False,202,Brooklyn,Brownsville,2016-2017,NYC Parks
January - March,Session #2,False,201,Manhattan,River Bank,2020-2021,NYC Parks
January - March,Session #2,False,221,Queens,FMCP,2016-2017,NYC Parks
April - June,Session #3,False,202,Manhattan,Gertrude Ederle,2018-2019,NYC Parks
January - March,Session #2,False,201,Brooklyn,St. John's,2017-2018,NYC Parks
January - March,Session #2,False,201,Queens,Roy Wilkins,2020-2021,NYC Parks
October - December,Session #1,False,201,Queens,Roy Wilkins,2017-2018,NYC Parks
April - June,Session #3,False,439,Manhattan,Hansborough,2018-2019,NYC Parks
October - December,Session #1,False,201,Manhattan,Asser Levy,2018-2019,NYC Parks
January - March,Session #2,False,236,Queens,FMCP,2018-2019,NYC Parks
January - March,Session #2,False,201,Queens,FMCP,2016-2017,NYC Parks
October - December,Session #1,False,201,Manhattan,Hansborough,2017-2018,NYC Parks
April - June,Session #3,False,204,Brooklyn,St. John's,2016-2017,NYC Parks
April - June,Session #3,False,202,Queens,Roy Wilkins,2017-2018,NYC Parks
April - June,Session #3,False,230,Manhattan,Gertrude Ederle,2017-2018,NYC Parks
January - March,Session #2,False,200,Manhattan,Hansborough,2018-2019,NYC Parks
April - June,Session #3,False,231,Queens,Roy Wilkins,2017-2018,NYC Parks
October - December,Session #1,False,201,Brooklyn,Brownsville,2018-2019,NYC Parks
October - December,Session #1,False,205,Manhattan,Gertrude Ederle,2016-2017,NYC Parks
October - December,Session #1,False,201,Queens,Roy Wilkins,2016-2017,NYC Parks
January - March,Session #2,False,202,Brooklyn,Metropolitan,2016-2017,NYC Parks
January - March,Session #2,False,201,Queens,FMCP,2016-2017,NYC Parks
October - December,Session #1,False,204,Queens,Roy Wilkins,2019-2020,NYC Parks
October - December,Session #1,False,202,Brooklyn,Metropolitan,2019-2020,NYC Parks
April - June,Session #3,False,208,Manhattan,Chelsea,2016-2017,NYC Parks
January - March,Session #2,False,205,Manhattan,Gertrude Ederle,2017-2018,NYC Parks
April - June,Session #3,False,203,Brooklyn,Brownsville,2016-2017,NYC Parks
October - December,Session #1,False,1,Manhattan,Hansborough,2018-2019,NYC Parks
April - June,Session #3,False,203,Bronx,Fieldston,2016-2017,Partner Site
October - December,Session #1,False,201,Queens,Roy Wilkins,2016-2017,NYC Parks
October - December,Session #1,False,205,Manhattan,Chelsea,2016-2017,NYC Parks
October - December,Session #1,False,201,Queens,Roy Wilkins,2018-2019,NYC Parks
January - March,Session #2,False,203,Manhattan,Chelsea,2016-2017,NYC Parks
October - december,Session #1,False,206,Manhattan,Tony Dapolito,2016-2017,NYC Parks
January - March,Session #2,False,202,Brooklyn,Metropolitan,2020-2021,NYC Parks
April - June,Session #3,False,201,Queens,Roy Wilkins,2016-2017,NYC Parks
October - December,Session #1,False,201,Queens,Roy Wilkins,2016-2017,NYC Parks
January - March,Session #2,False,204,Brooklyn,St. John's,2020-2021,NYC Parks
January - March,Session #2,False,214,Manhattan,Chelsea,2017-2018,NYC Parks
April - June,Session #3,False,202,Queens,FMCP,2017-2018,NYC Parks
January - March,Session #2,False,201,Manhattan,River Bank,2020-2021,NYC Parks
January - March,Session #2,False,201,Manhattan,Tony Dapolito,2018-2019,NYC Parks
January - March,Session #2,False,2,Brooklyn,Brownsville,2016-2017,NYC Parks
October - December,Session #1,False,201,Manhattan,Hansborough,2018-2019,NYC Parks
April - June,Session #3,False,,Bronx,St. Mary's,2018-2019,NYC Parks
January - March,Session #2,False,201,Manhattan,River Bank,2017-2018,NYC Parks
October - December,Session #1,False,205,Manhattan,Gertrude Ederle,2016-2017,NYC Parks
October - December,Session #1,False,201,Queens,Roy Wilkins,2018-2019,NYC Parks
October - December,Session #1,False,202,Brooklyn,St. John's,2016-2017,NYC Parks
January - March,Session #2,False,201,Brooklyn,Metropolitan,2018-2019,NYC Parks
October - December,Session #1,False,202,Queens,Roy Wilkins,2017-2018,NYC Parks
October - December,Session #1,False,202,Queens,Roy Wilkins,2017-2018,NYC Parks
April - June,Session #3,False,201,Queens,FMCP,2016-2017,NYC Parks
April - June,Session #3,False,231,Queens,Roy Wilkins,2017-2018,NYC Parks
October - December,Session #1,False,201,Queens,Roy Wilkins,2017-2018,NYC Parks
April - June,Session #3,False,201,Queens,Roy Wilkins,2017-2018,NYC Parks
April - June,Session #3,False,203,Brooklyn,St. John's,2016-2017,NYC Parks
April - June,Session #3,False,201,Manhattan,Tony Dapolito,2017-2018,NYC Parks
April - June,Session #3,False,201,Brooklyn,Brownsville,2016-2017,NYC Parks
April - June,Session #3,False,205,Brooklyn,St. John's,2016-2017,NYC Parks
January - March,Session #2,False,202,Brooklyn,St. John's,2017-2018,NYC Parks
October - December,Session #1,False,206,Manhattan,Tony Dapolito,2019-2020,NYC Parks
April - June,Session #3,False,439,Manhattan,Hansborough,2018-2019,NYC Parks
April - June,Session #3,True,Y07,Brooklyn,Metropolitan,2016-2017,NYC Parks
January - March,Session #2,False,100,Queens,Roy Wilkins,2018-2019,NYC Parks
January - March,Session #2,False,202,Queens,Roy Wilkins,2020-2021,NYC Parks
October - December,Session #1,False,206,Manhattan,Tony Dapolito,2019-2020,NYC Parks
October - December,Session #1,False,202,Queens,FMCP,2016-2017,NYC Parks
January - March,Session #2,False,203,Manhattan,Gertrude Ederle,2020-2021,NYC Parks
April - June,Session #3,False,202,Queens,FMCP,2018-2019,NYC Parks
October - December,Session #1,False,201,Manhattan,Boys and Girls Harbor,2016-2017,NYC Parks
October - December,Session #1,False,201,Brooklyn,Metropolitan,2018-2019,NYC Parks
October - December,Session #1,False,201,Queens,Roy Wilkins,2016-2017,NYC Parks
October - December,Session #1,False,213,Manhattan,Tony Dapolito,2017-2018,NYC Parks
January - March,Session #2,False,201,Manhattan,Gertrude Ederle,2020-2021,NYC Parks
October - December,Session #1,False,203,Brooklyn,Metropolitan,2019-2020,NYC Parks
October - December,Session #1,False,201,Brooklyn,Metropolitan,2019-2020,NYC Parks
January - March,Session #2,False,201,Queens,Roy Wilkins,2020-2021,NYC Parks
October - December,Session #1,False,201,Queens,Roy Wilkins,2019-2020,NYC Parks
April - June,Session #3,False,201,Queens,FMCP,2018-2019,NYC Parks
October - December,Session #1,False,202,Manhattan,River Bank,2017-2018,NYC Parks
October - December,Session #1,False,251,Manhattan,Gertrude Ederle,2019-2020,NYC Parks
January - March,Session #2,False,201,Brooklyn,Brownsville,2020-2021,NYC Parks
April - June,Session #3,False,204,Brooklyn,Brownsville,2017-2018,NYC Parks
April - June,Session #3,False,202,Queens,Roy Wilkins,2018-2019,NYC Parks
October - December,Session #1,True,301,Manhattan,River Bank,2019-2020,NYC Parks
January - March,Session #2,False,205,Brooklyn,St. John's,2020-2021,NYC Parks
April - June,Session #3,False,201,Manhattan,Gertrude Ederle,2016-2017,NYC Parks
October - December,Session #1,False,201,Manhattan,Asser Levy,2017-2018,NYC Parks
January - March,Session #2,False,203,Brooklyn,St. John's,2017-2018,NYC Parks
October - December,Session #1,False,204,Queens,FMCP,2017-2018,NYC Parks
January - March,Session #2,False,201,Brooklyn,Brownsville,2018-2019,NYC Parks
January - March,Session #2,False,202,Brooklyn,St. John's,2016-2017,NYC Parks
October - December,Session #1,False,201,Brooklyn,St. John's,2017-2018,NYC Parks
January - March,Session #2,False,201,Brooklyn,St. John's,2017-2018,NYC Parks
April - June,Session #3,True,201,Queens,Roy Wilkins,2017-2018,NYC Parks
April - June,Session #3,False,201,Brooklyn,Brownsville,2017-2018,NYC Parks
October - December,Session #1,False,206,Manhattan,Tony Dapolito,2017-2018,NYC Parks
January - March,Session #2,False,204,Brooklyn,Brownsville,2020-2021,NYC Parks
October - December,Session #1,False,291/ 231,Queens,Roy Wilkins,2016-2017,NYC Parks
January - March,Session #2,False,2,Brooklyn,Brownsville,2016-2017,NYC Parks
January - March,Session #2,False,201,Brooklyn,St. John's,2020-2021,NYC Parks
October - December,Session #1,False,202,Queens,FMCP,2017-2018,NYC Parks
October - December,Session #1,False,205,Brooklyn,Metropolitan,2016-2017,NYC Parks
April - June,Session #3,False,201,Bronx,St. Mary's,2018-2019,NYC Parks
April - June,Session #3,False,202,Bronx,St. Mary's,2017-2018,NYC Parks
October - December,Session #1,False,404,Queens,FMCP,2018-2019,NYC Parks
April - June,Session #3,False,"231, 201",Queens,FMCP,2017-2018,NYC Parks
April - June,Session #3,False,221,Manhattan,Hansborough,2016-2017,NYC Parks
January - March,Session #2,False,204,Manhattan,Tony Dapolito,2017-2018,NYC Parks
April - June,Session #3,False,201,Brooklyn,Brownsville,2017-2018,NYC Parks
January - March,Session #2,False,202,Brooklyn,Metropolitan,2020-2021,NYC Parks
January - March,Session #2,False,231,Queens,Roy Wilkins,2020-2021,NYC Parks
January - March,Session #2,False,202,Brooklyn,Brownsville,2017-2018,NYC Parks
October - December,Session #1,True,SE X04,Manhattan,Hansborough,2017-2018,NYC Parks
October - December,Session #1,False,231,Queens,FMCP,2016-2017,NYC Parks
April - June,Session #3,False,201,Bronx,St. Mary's,2018-2019,NYC Parks
January - March,Session #2,False,246,Manhattan,River Bank,2020-2021,NYC Parks
January - March,Session #2,False,205,Manhattan,River Bank,2016-2017,NYC Parks
October - December,Session #1,False,202,Queens,Roy Wilkins,2019-2020,NYC Parks
January - March,Session #2,False,231,Queens,FMCP,2016-2017,NYC Parks
October - December,Session #1,False,"201, 202",Brooklyn,Brownsville,2018-2019,NYC Parks
April - June,Session #3,False,201,Manhattan,River Bank,2016-2017,NYC Parks
January - March,Session #2,False,201,Brooklyn,Brownsville,2020-2021,NYC Parks
January - March,Session #2,False,201,Bronx,St. Mary's,2020-2021,NYC Parks
October - December,Session #1,False,221,Queens,FMCP,2018-2019,NYC Parks
October - December,Session #1,True,202,Manhattan,Hansborough,2018-2019,NYC Parks
January - March,Session #2,False,213,Manhattan,Tony Dapolito,2016-2017,NYC Parks
April - June,Session #3,False,202/201,Queens,FMCP,2018-2019,NYC Parks
October - December,Session #1,False,"k01, y61",Manhattan,Chelsea,2017-2018,NYC Parks
October - December,Session #1,False,204,Queens,FMCP,2016-2017,NYC Parks
January - March,Session #2,False,221,Queens,FMCP,2017-2018,NYC Parks
April - June,Session #3,True,239,Brooklyn,Metropolitan,2016-2017,NYC Parks
October - December,Session #1,False,202,Manhattan,Hansborough,2017-2018,NYC Parks
October - December,Session #1,False,201,Queens,Roy Wilkins,2019-2020,NYC Parks
October - December,Session #1,False,"202, 219, 229",Manhattan,Gertrude Ederle,2017-2018,NYC Parks
April - June,Session #3,False,2,Brooklyn,Metropolitan,2016-2017,NYC Parks
April - June,Session #3,False,202,Manhattan,River Bank,2018-2019,NYC Parks
January - March,Session #2,False,202/204,Brooklyn,Brownsville,2016-2017,NYC Parks
January - March,Session #2,True,Y07,Brooklyn,Metropolitan,2016-2017,NYC Parks
April - June,Session #3,False,202,Brooklyn,Brownsville,2016-2017,NYC Parks
October - December,Session #1,False,203,Queens,FMCP,2018-2019,NYC Parks
October - December,Session #1,False,202,Brooklyn,Metropolitan,2019-2020,NYC Parks
April - June,Session #3,False,"129, 201",Brooklyn,St. John's,2016-2017,NYC Parks
October - December,Session #1,False,202,Brooklyn,Brownsville,2019-2020,NYC Parks
April - June,Session #3,False,201,Queens,FMCP,2018-2019,NYC Parks
January - March,Session #2,False,202,Brooklyn,Metropolitan,2020-2021,NYC Parks
January - March,Session #2,False,202/239,Brooklyn,Brownsville,2016-2017,NYC Parks
April - June,Session #3,False,202,Manhattan,Hansborough,2016-2017,NYC Parks
January - March,Session #2,False,201,Queens,FMCP,2016-2017,NYC Parks
April - June,Session #3,False,28,Queens,FMCP,2016-2017,NYC Parks
April - June,Session #3,False,202,Manhattan,River Bank,2018-2019,NYC Parks
October - December,Session #1,False,202,Brooklyn,Brownsville,2018-2019,NYC Parks
January - March,Session #2,False,202,Brooklyn,Brownsville,2017-2018,NYC Parks
January - March,Session #2,False,201,Brooklyn,Brownsville,2017-2018,NYC Parks
January - March,Session #2,False,201,Queens,Roy Wilkins,2020-2021,NYC Parks
January - March,Session #2,False,206,Manhattan,Gertrude Ederle,2020-2021,NYC Parks
April - June,Session #3,False,202,Queens,FMCP,2018-2019,NYC Parks
January - March,Session #2,False,233/234,Queens,FMCP,2017-2018,NYC Parks
April - June,Session #3,False,201,Brooklyn,Metropolitan,2017-2018,NYC Parks
April - June,Session #3,False,12,Brooklyn,Brownsville,2018-2019,NYC Parks
April - June,Session #3,False,204,Brooklyn,St. John's,2016-2017,NYC Parks
January - March,Session #2,False,903/ 203,Brooklyn,St. John's,2017-2018,NYC Parks
October - December,Session #1,False,201,Queens,Roy Wilkins,2018-2019,NYC Parks
April - June,Session #3,False,2,Brooklyn,Metropolitan,2016-2017,NYC Parks
April - June,Session #3,False,202,Queens,FMCP,2017-2018,NYC Parks
October - December,Session #1,False,201,Manhattan,Boys and Girls Harbor,2016-2017,NYC Parks
January - March,Session #2,False,201,Manhattan,River Bank,2017-2018,NYC Parks
October - December,Session #1,False,"120, 129",Brooklyn,Brownsville,2016-2017,NYC Parks
January - March,Session #2,False,203,Bronx,St. Mary's,2016-2017,NYC Parks
January - March,Session #2,False,201,Brooklyn,Brownsville,2018-2019,NYC Parks
January - March,Session #2,True,Y07,Brooklyn,Metropolitan,2016-2017,NYC Parks
January - March,Session #2,False,202,Queens,FMCP,2016-2017,NYC Parks
January - March,Session #2,False,206,Manhattan,Gertrude Ederle,2020-2021,NYC Parks
January - March,Session #2,False,201,Brooklyn,Metropolitan,2020-2021,NYC Parks
October - December,Session #1,False,203,Queens,Roy Wilkins,2018-2019,NYC Parks
October - December,Session #1,False,204,Queens,Roy Wilkins,2019-2020,NYC Parks
April - June,Session #3,False,201,Manhattan,River Bank,2016-2017,NYC Parks
January - March,Session #2,False,202,Queens,Roy Wilkins,2016-2017,NYC Parks
April - June,Session #3,False,203,Brooklyn,St. John's,2016-2017,NYC Parks
April - June,Session #3,False,231,Queens,Roy Wilkins,2018-2019,NYC Parks
January - March,Session #2,False,201,Queens,FMCP,2016-2017,NYC Parks
January - March,Session #2,False,205,Manhattan,River Bank,2020-2021,NYC Parks
October - December,Session #1,False,203,Queens,Roy Wilkins,2018-2019,NYC Parks
January - March,Session #2,False,201,Queens,FMCP,2018-2019,NYC Parks
January - March,Session #2,False,201,Manhattan,Hansborough,2016-2017,NYC Parks
January - March,Session #2,False,201,Brooklyn,Metropolitan,2018-2019,NYC Parks
April - June,Session #3,False,201,Queens,Roy Wilkins,2018-2019,NYC Parks
October - December,Session #1,False,202,Brooklyn,St. John's,2017-2018,NYC Parks
October - December,Session #1,False,201,Manhattan,Asser Levy,2017-2018,NYC Parks
October - December,Session #1,False,201 & 202,Brooklyn,St. John's,2017-2018,NYC Parks
April - June,Session #3,False,221,Queens,FMCP,2016-2017,NYC Parks
October - December,Session #1,False,201,Brooklyn,Brownsville,2019-2020,NYC Parks
October - December,Session #1,False,201,Brooklyn,St. John's,2016-2017,NYC Parks
April - June,Session #3,False,201,Brooklyn,Metropolitan,2018-2019,NYC Parks
October - December,Session #1,False,404,Queens,FMCP,2016-2017,NYC Parks
October - December,Session #1,False,201,Bronx,St. Mary's,2018-2019,NYC Parks
April - June,Session #3,False,201,Brooklyn,St. John's,2016-2017,NYC Parks
october - december,Session #1,False,201,Brooklyn,St. John's,2016-2017,NYC Parks
January - March,Session #2,False,203,Queens,Roy Wilkins,2020-2021,NYC Parks
January - March,Session #2,False,203,Brooklyn,St. John's,2017-2018,NYC Parks
October - December,Session #1,False,203,Brooklyn,Metropolitan,2018-2019,NYC Parks
January - March,Session #2,False,202,Brooklyn,Metropolitan,2018-2019,NYC Parks
January - March,Session #2,False,202,Queens,FMCP,2016-2017,NYC Parks
April - June,Session #3,False,205,Manhattan,Hansborough,2017-2018,NYC Parks
January - March,Session #2,False,205,Brooklyn,St. John's,2017-2018,NYC Parks
January - March,Session #2,False,204,Bronx,St. Mary's,2017-2018,NYC Parks
January - March,Session #2,False,202,Brooklyn,Metropolitan,2020-2021,NYC Parks
April - June,Session #3,False,202,Manhattan,Gertrude Ederle,2018-2019,NYC Parks
October - December,Session #1,False,221,Queens,FMCP,2016-2017,NYC Parks
January - March,Session #2,False,200,Manhattan,Hansborough,2018-2019,NYC Parks
October - December,Session #1,False,204,Queens,FMCP,2018-2019,NYC Parks
January - March,Session #2,False,201,Brooklyn,St. John's,2020-2021,NYC Parks
October - December,Session #1,False,201,Queens,Roy Wilkins,2016-2017,NYC Parks
January - March,Session #2,False,201,Queens,FMCP,2017-2018,NYC Parks
October - December,Session #1,False,201,Queens,FMCP,2017-2018,NYC Parks
January - March,Session #2,False,202,Brooklyn,Brownsville,2017-2018,NYC Parks
October - December,Session #1,False,204,Brooklyn,Metropolitan,2019-2020,NYC Parks
October - December,Session #1,False,203,Queens,Roy Wilkins,2018-2019,NYC Parks
October - December,Session #1,False,200,Brooklyn,Metropolitan,2019-2020,NYC Parks
October - December,Session #1,False,221,Queens,FMCP,2018-2019,NYC Parks
April - June,Session #3,False,203,Queens,FMCP,2016-2017,NYC Parks
October - December,Session #1,False,2 QUINN HR,Queens,Roy Wilkins,2018-2019,NYC Parks
October - December,Session #1,False,203,Queens,Roy Wilkins,2018-2019,NYC Parks
April - June,Session #3,False,2,Brooklyn,Metropolitan,2016-2017,NYC Parks
October - December,Session #1,False,203,Queens,Roy Wilkins,2016-2017,NYC Parks
April - June,Session #3,False,204,Queens,Roy Wilkins,2017-2018,NYC Parks
January - March,Session #2,False,201,Brooklyn,St. John's,2016-2017,NYC Parks
October - December,Session #1,False,201,Manhattan,Asser Levy,2017-2018,NYC Parks
October - December,Session #1,False,201,Queens,FMCP,2016-2017,NYC Parks
January - March,Session #2,False,202,Bronx,St. Mary's,2016-2017,NYC Parks
October - December,Session #1,False,204,Brooklyn,Metropolitan,2019-2020,NYC Parks
April - June,Session #3,False,203,Queens,Roy Wilkins,2018-2019,NYC Parks
April - June,Session #3,False,202,Brooklyn,Metropolitan,2017-2018,NYC Parks
April - June,Session #3,False,201,Brooklyn,Metropolitan,2017-2018,NYC Parks
October - December,Session #1,False,202,Brooklyn,Brownsville,2019-2020,NYC Parks
January - March,Session #2,False,202,Brooklyn,Brownsville,2016-2017,NYC Parks
January - March,Session #2,False,201,Brooklyn,St. John's,2016-2017,NYC Parks
October - December,Session #1,False,203,Brooklyn,Metropolitan,2018-2019,NYC Parks
October - December,Session #1,False,014/011,Brooklyn,Brownsville,2018-2019,NYC Parks
April - June,Session #3,False,201,Brooklyn,Brownsville,2017-2018,NYC Parks
January - March,Session #2,False,203,Queens,FMCP,2017-2018,NYC Parks
January - March,Session #2,False,401,Brooklyn,St. John's,2017-2018,NYC Parks
October - December,Session #1,False,201,Queens,Roy Wilkins,2018-2019,NYC Parks
October - December,Session #1,False,202,Brooklyn,Brownsville,2018-2019,NYC Parks
October - December,Session #1,False,201,Brooklyn,Metropolitan,2018-2019,NYC Parks
October - December,Session #1,False,201,Brooklyn,Brownsville,2016-2017,NYC Parks
October - December,Session #1,False,2,Queens,FMCP,2018-2019,NYC Parks
April - June,Session #3,False,203,Brooklyn,St. John's,2017-2018,NYC Parks
October - December,Session #1,False,202,Brooklyn,Brownsville,2019-2020,NYC Parks
October - December,Session #1,False,201,Manhattan,Asser Levy,2018-2019,NYC Parks
April - June,Session #3,False,202,Queens,FMCP,2017-2018,NYC Parks
October - December,Session #1,False,203,Queens,FMCP,2018-2019,NYC Parks
April - June,Session #3,False,201,Queens,FMCP,2016-2017,NYC Parks
October - December,Session #1,False,202,Bronx,St. Mary's,2016-2017,NYC Parks
January - March,Session #2,False,203,Queens,Roy Wilkins,2020-2021,NYC Parks
April - June,Session #3,False,201,Queens,FMCP,2016-2017,NYC Parks
April - June,Session #3,True,252,Manhattan,Hansborough,2017-2018,NYC Parks
October - December,Session #1,False,202/205,Bronx,St. Mary's,2018-2019,NYC Parks
January - March,Session #2,False,202/239,Brooklyn,Brownsville,2016-2017,NYC Parks
April - June,Session #3,False,206,Brooklyn,Brownsville,2017-2018,NYC Parks
January - March,Session #2,False,201,Manhattan,Gertrude Ederle,2020-2021,NYC Parks
April - June,Session #3,False,91,Brooklyn,Metropolitan,2017-2018,NYC Parks
April - June,Session #3,False,231,Queens,Roy Wilkins,2016-2017,NYC Parks
January - March,Session #2,False,303,Manhattan,Tony Dapolito,2020-2021,NYC Parks
January - March,Session #2,True,L7204,Brooklyn,Brownsville,2018-2019,NYC Parks
April - June,Session #3,False,231,Queens,Roy Wilkins,2018-2019,NYC Parks
April - June,Session #3,False,203 & 207,Brooklyn,Brownsville,2016-2017,NYC Parks
January - March,Session #2,False,205,Brooklyn,St. John's,2020-2021,NYC Parks
January - March,Session #2,False,201,Queens,FMCP,2016-2017,NYC Parks
April - June,Session #3,False,202,Manhattan,Tony Dapolito,2017-2018,NYC Parks
January - March,Session #2,False,201,Queens,FMCP,2016-2017,NYC Parks
October - December,Session #1,False,202,Brooklyn,St. John's,2019-2020,NYC Parks
October - December,Session #1,False,202,Brooklyn,Metropolitan,2019-2020,NYC Parks
January - March,Session #2,False,201,Queens,Roy Wilkins,2020-2021,NYC Parks
October - December,Session #1,False,203,Brooklyn,Metropolitan,2016-2017,NYC Parks
October - December,Session #1,False,204,Manhattan,Asser Levy,2019-2020,NYC Parks
October - December,Session #1,False,201,Brooklyn,Metropolitan,2017-2018,NYC Parks
october - december,Session #1,False,202,Brooklyn,St. John's,2016-2017,NYC Parks
January - March,Session #2,False,203,Brooklyn,Metropolitan,2018-2019,NYC Parks
January - March,Session #2,False,246,Manhattan,River Bank,2020-2021,NYC Parks
January - March,Session #2,False,201,Queens,Roy Wilkins,2020-2021,NYC Parks
October - December,Session #1,False,205,Manhattan,Chelsea,2017-2018,NYC Parks
October - December,Session #1,False,203,Brooklyn,Metropolitan,2016-2017,NYC Parks
January - March,Session #2,False,231,Queens,Roy Wilkins,2020-2021,NYC Parks
October - December,Session #1,False,201,Queens,FMCP,2016-2017,NYC Parks
January - March,Session #2,False,214,Manhattan,Chelsea,2017-2018,NYC Parks
April - June,Session #3,False,201,Brooklyn,Brownsville,2018-2019,NYC Parks
October - December,Session #1,False,2,Queens,FMCP,2018-2019,NYC Parks
October - December,Session #1,False,203,Queens,Far Rockaway,2017-2018,NYC Parks
April - June,Session #3,False,203,Queens,FMCP,2016-2017,NYC Parks
October - December,Session #1,False,203,Brooklyn,St. John's,2016-2017,NYC Parks
January - March,Session #2,False,201,Queens,Roy Wilkins,2016-2017,NYC Parks
April - June,Session #3,False,2,Brooklyn,Metropolitan,2016-2017,NYC Parks
April - June,Session #3,False,231,Queens,Roy Wilkins,2017-2018,NYC Parks
October - December,Session #1,False,"202,  219, 229",Bronx,St. Mary's,2017-2018,NYC Parks
January - March,Session #2,False,201,Queens,Roy Wilkins,2016-2017,NYC Parks
october - december,Session #1,False,201,Bronx,St. Mary's,2016-2017,NYC Parks
April - June,Session #3,False,201,Brooklyn,Metropolitan,2017-2018,NYC Parks
October - December,Session #1,False,231,Queens,FMCP,2017-2018,NYC Parks
April - June,Session #3,False,203,Brooklyn,St. John's,2016-2017,NYC Parks
April - June,Session #3,False,201,Queens,Roy Wilkins,2018-2019,NYC Parks
October - December,Session #1,False,201,Brooklyn,St. John's,2019-2020,NYC Parks
April - June,Session #3,False,221,Manhattan,Hansborough,2016-2017,NYC Parks
October - December,Session #1,False,"201, 202",Brooklyn,Brownsville,2018-2019,NYC Parks
January - March,Session #2,False,21,Bronx,St. Mary's,2018-2019,NYC Parks
January - March,Session #2,False,201,Brooklyn,Brownsville,2016-2017,NYC Parks
October - December,Session #1,False,201,Queens,FMCP,2016-2017,NYC Parks
October - December,Session #1,False,201,Brooklyn,St. John's,2016-2017,NYC Parks
october - december,Session #1,False,202,Brooklyn,St. John's,2016-2017,NYC Parks
April - June,Session #3,False,201,Manhattan,River Bank,2016-2017,NYC Parks
January - March,Session #2,False,203,Queens,Roy Wilkins,2020-2021,NYC Parks
October - December,Session #1,False,201,Queens,Roy Wilkins,2019-2020,NYC Parks
October - December,Session #1,False,202,Brooklyn,Brownsville,2017-2018,NYC Parks
October - December,Session #1,False,202,Bronx,St. Mary's,2016-2017,NYC Parks
January - March,Session #2,False,202,Manhattan,Asser Levy,2016-2017,NYC Parks
October - December,Session #1,False,203,Queens,FMCP,2016-2017,NYC Parks
January - March,Session #2,False,201,Queens,FMCP,2018-2019,NYC Parks
January - March,Session #2,False,291/231,Queens,Roy Wilkins,2016-2017,NYC Parks
January - March,Session #2,False,205,Queens,FMCP,2018-2019,NYC Parks
January - March,Session #2,False,202,Manhattan,Hansborough,2017-2018,NYC Parks
January - March,Session #2,False,2,Queens,Roy Wilkins,2018-2019,NYC Parks
April - June,Session #3,False,2,Brooklyn,Metropolitan,2016-2017,NYC Parks
January - March,Session #2,False,201,Brooklyn,St. John's,2020-2021,NYC Parks
April - June,Session #3,False,202,Queens,FMCP,2018-2019,NYC Parks
April - June,Session #3,False,202,Brooklyn,Brownsville,2017-2018,NYC Parks
January - March,Session #2,False,205,Manhattan,Hansborough,2017-2018,NYC Parks
October - December,Session #1,False,231,Queens,FMCP,2018-2019,NYC Parks
January - March,Session #2,False,219,Manhattan,Chelsea,2017-2018,NYC Parks
October - December,Session #1,False,201,Queens,Roy Wilkins,2017-2018,NYC Parks
October - December,Session #1,False,202,Bronx,St. Mary's,2016-2017,NYC Parks
January - March,Session #2,False,10X246,Manhattan,River Bank,2018-2019,NYC Parks
April - June,Session #3,False,201,Bronx,St. Mary's,2018-2019,NYC Parks
January - March,Session #2,False,201,Manhattan,Asser Levy,2020-2021,NYC Parks
October - December,Session #1,False,201,Brooklyn,Metropolitan,2019-2020,NYC Parks
April - June,Session #3,False,"21, 22",Bronx,St. Mary's,2016-2017,NYC Parks
October - December,Session #1,False,202,Brooklyn,Metropolitan,2018-2019,NYC Parks
October - December,Session #1,False,205,Brooklyn,Metropolitan,2019-2020,NYC Parks
January - March,Session #2,False,201,Brooklyn,Metropolitan,2016-2017,NYC Parks
October - December,Session #1,False,221,Manhattan,Hansborough,2018-2019,NYC Parks
January - March,Session #2,False,231,Queens,FMCP,2018-2019,NYC Parks
April - June,Session #3,True,Y27,Manhattan,Chelsea,2016-2017,NYC Parks
April - June,Session #3,False,201,Queens,FMCP,2018-2019,NYC Parks
October - December,Session #1,False,"231, 293",Queens,FMCP,2016-2017,NYC Parks
January - March,Session #2,False,202,Brooklyn,Metropolitan,2016-2017,NYC Parks
April - June,Session #3,False,201,Manhattan,River Bank,2017-2018,NYC Parks
January - March,Session #2,False,231,Queens,FMCP,2017-2018,NYC Parks
April - June,Session #3,False,2,Brooklyn,Metropolitan,2016-2017,NYC Parks
April - June,Session #3,False,202,Manhattan,Hansborough,2016-2017,NYC Parks
October - December,Session #1,False,202,Queens,Roy Wilkins,2016-2017,NYC Parks
October - December,Session #1,False,251,Manhattan,Gertrude Ederle,2016-2017,NYC Parks
January - March,Session #2,False,410,Queens,FMCP,2016-2017,NYC Parks
October - December,Session #1,False,603,Manhattan,Asser Levy,2018-2019,NYC Parks
October - December,Session #1,False,121/123,Manhattan,Asser Levy,2019-2020,NYC Parks
January - March,Session #2,False,2,Queens,Roy Wilkins,2017-2018,NYC Parks
October - December,Session #1,False,201,Brooklyn,Brownsville,2018-2019,NYC Parks
April - June,Session #3,False,202,Queens,FMCP,2018-2019,NYC Parks
October - December,Session #1,False,203,Queens,Roy Wilkins,2016-2017,NYC Parks
October - December,Session #1,False,201,Brooklyn,St. John's,2017-2018,NYC Parks
January - March,Session #2,False,201,Brooklyn,Metropolitan,2020-2021,NYC Parks
October - December,Session #1,False,201,Brooklyn,Brownsville,2016-2017,NYC Parks
October - December,Session #1,False,201,Queens,FMCP,2016-2017,NYC Parks
October - December,Session #1,True,202,Manhattan,Hansborough,2018-2019,NYC Parks
January - March,Session #2,False,201,Manhattan,Chelsea,2017-2018,NYC Parks
January - March,Session #2,False,216,Manhattan,River Bank,2020-2021,NYC Parks
January - March,Session #2,False,201,Brooklyn,Metropolitan,2020-2021,NYC Parks
October - December,Session #1,False,202,Queens,FMCP,2018-2019,NYC Parks
October - December,Session #1,False,202,Brooklyn,St. John's,2016-2017,NYC Parks
October - December,Session #1,False,202,Manhattan,Hansborough,2017-2018,NYC Parks
October - December,Session #1,False,202,Brooklyn,Brownsville,2017-2018,NYC Parks
October - December,Session #1,False,205,Manhattan,Gertrude Ederle,2016-2017,NYC Parks
october - december,Session #1,False,201,Brooklyn,St. John's,2016-2017,NYC Parks
January - March,Session #2,False,205,Manhattan,Tony Dapolito,2016-2017,NYC Parks
October - December,Session #1,False,201,Queens,FMCP,2017-2018,NYC Parks
April - June,Session #3,False,201,Queens,FMCP,2016-2017,NYC Parks
April - June,Session #3,False,201,Queens,FMCP,2017-2018,NYC Parks
April - June,Session #3,False,201,Queens,FMCP,2016-2017,NYC Parks
October - December,Session #1,False,201,Queens,FMCP,2016-2017,NYC Parks
April - June,Session #3,False,202,Brooklyn,Brownsville,2017-2018,NYC Parks
April - June,Session #3,False,201,Manhattan,Gertrude Ederle,2016-2017,NYC Parks
October - December,Session #1,False,221,Queens,FMCP,2016-2017,NYC Parks
January - March,Session #2,False,201,Brooklyn,Brownsville,2016-2017,NYC Parks
April - June,Session #3,False,201,Queens,FMCP,2018-2019,NYC Parks
January - March,Session #2,True,V01,Manhattan,Tony Dapolito,2017-2018,NYC Parks
January - March,Session #2,False,204,Queens,FMCP,2018-2019,NYC Parks
January - March,Session #2,False,205,Brooklyn,Metropolitan,2020-2021,NYC Parks
April - June,Session #3,False,204,Brooklyn,St. John's,2016-2017,NYC Parks
October - December,Session #1,False,203,Brooklyn,Metropolitan,2016-2017,NYC Parks
January - March,Session #2,False,204,Queens,FMCP,2016-2017,NYC Parks
October - December,Session #1,False,202,Queens,Roy Wilkins,2016-2017,NYC Parks
October - December,Session #1,False,014/011,Brooklyn,Brownsville,2018-2019,NYC Parks
April - June,Session #3,False,201,Manhattan,River Bank,2017-2018,NYC Parks
January - March,Session #2,False,401,Brooklyn,St. John's,2017-2018,NYC Parks
April - June,Session #3,False,201,Brooklyn,Brownsville,2018-2019,NYC Parks
April - June,Session #3,False,202,Brooklyn,Brownsville,2016-2017,NYC Parks
April - June,Session #3,False,"203, 291",Queens,Roy Wilkins,2016-2017,NYC Parks
October - December,Session #1,False,201,Brooklyn,Metropolitan,2019-2020,NYC Parks
October - December,Session #1,False,201,Brooklyn,St. John's,2017-2018,NYC Parks
January - March,Session #2,False,236,Queens,FMCP,2018-2019,NYC Parks
October - December,Session #1,False,203,Brooklyn,Brownsville,2019-2020,NYC Parks
January - March,Session #2,False,219,Manhattan,Chelsea,2017-2018,NYC Parks
January - March,Session #2,False,10X246,Manhattan,River Bank,2018-2019,NYC Parks
January - March,Session #2,False,203,Brooklyn,St. Mary's,2020-2021,NYC Parks
April - June,Session #3,False,201,Brooklyn,Metropolitan,2017-2018,NYC Parks
October - December,Session #1,False,203,Queens,Far Rockaway,2017-2018,NYC Parks
April - June,Session #3,False,201,Queens,FMCP,2018-2019,NYC Parks
October - December,Session #1,False,122/124,Manhattan,Asser Levy,2019-2020,NYC Parks
January - March,Session #2,False,203,Queens,FMCP,2018-2019,NYC Parks
January - March,Session #2,False,202,Bronx,St. Mary's,2016-2017,NYC Parks
October - December,Session #1,False,201,Manhattan,Hansborough,2018-2019,NYC Parks
October - December,Session #1,False,"120, 277, 203, 205",Manhattan,Hansborough,2018-2019,NYC Parks
April - June,Session #3,False,215,Queens,FMCP,2016-2017,NYC Parks
October - December,Session #1,False,2,Queens,FMCP,2018-2019,NYC Parks
January - March,Session #2,False,201,Brooklyn,Metropolitan,2017-2018,NYC Parks
April - June,Session #3,False,204,Bronx,St. Mary's,2017-2018,NYC Parks
April - June,Session #3,False,202,Manhattan,Asser Levy,2016-2017,NYC Parks
April - June,Session #3,False,"203, 291",Queens,Roy Wilkins,2016-2017,NYC Parks
April - June,Session #3,False,"216, 205, 207, 220, 214",Manhattan,Hansborough,2016-2017,NYC Parks
October - December,Session #1,False,201,Brooklyn,Brownsville,2018-2019,NYC Parks
April - June,Session #3,False,203,Queens,Roy Wilkins,2017-2018,NYC Parks
April - June,Session #3,False,Dartmoth,Queens,Roy Wilkins,2016-2017,NYC Parks
October - December,Session #1,False,"201, 202",Brooklyn,Brownsville,2018-2019,NYC Parks
April - June,Session #3,False,201,Manhattan,Tony Dapolito,2017-2018,NYC Parks
January - March,Session #2,False,201,Queens,FMCP,2018-2019,NYC Parks
January - March,Session #2,False,205/129,Brooklyn,Metropolitan,2017-2018,NYC Parks
January - March,Session #2,False,236,Queens,FMCP,2018-2019,NYC Parks
April - June,Session #3,False,204,Manhattan,Chelsea,2017-2018,NYC Parks
April - June,Session #3,False,203,Queens,Roy Wilkins,2018-2019,NYC Parks
October - December,Session #1,False,"120, 277, 203, 205",Manhattan,Hansborough,2018-2019,NYC Parks
January - March,Session #2,False,202,Brooklyn,St. John's,2017-2018,NYC Parks
October - December,Session #1,False,202,Brooklyn,Brownsville,2019-2020,NYC Parks
October - December,Session #1,False,"231, 293",Queens,FMCP,2016-2017,NYC Parks
April - June,Session #3,False,"200, 201",Manhattan,Tony Dapolito,2016-2017,NYC Parks
April - June,Session #3,False,2,Manhattan,Tony Dapolito,2018-2019,NYC Parks
October - December,Session #1,False,1,Manhattan,Hansborough,2018-2019,NYC Parks
April - June,Session #3,False,201,Brooklyn,Brownsville,2017-2018,NYC Parks
October - December,Session #1,False,204,Queens,Far Rockaway,2017-2018,NYC Parks
October - December,Session #1,False,202,Manhattan,River Bank,2017-2018,NYC Parks
October - December,Session #1,False,206,Manhattan,Tony Dapolito,2019-2020,NYC Parks
January - March,Session #2,False,206,Manhattan,Gertrude Ederle,2018-2019,NYC Parks
January - March,Session #2,False,206,Manhattan,Gertrude Ederle,2020-2021,NYC Parks
October - December,Session #1,True,301,Manhattan,River Bank,2019-2020,NYC Parks
April - June,Session #3,False,439,Manhattan,Hansborough,2018-2019,NYC Parks
January - March,Session #2,False,204,Manhattan,Tony Dapolito,2017-2018,NYC Parks
April - June,Session #3,False,201,Queens,Roy Wilkins,2017-2018,NYC Parks
January - March,Session #2,True,419,Queens,Roy Wilkins,2020-2021,NYC Parks
October - December,Session #1,False,231,Queens,Roy Wilkins,2017-2018,NYC Parks
January - March,Session #2,False,202,Manhattan,Asser Levy,2020-2021,NYC Parks
January - March,Session #2,False,203,Queens,Roy Wilkins,2016-2017,NYC Parks
April - June,Session #3,False,231,Queens,FMCP,2017-2018,NYC Parks
January - March,Session #2,False,201,Brooklyn,Metropolitan,2018-2019,NYC Parks
January - March,Session #2,False,201,Queens,Roy Wilkins,2020-2021,NYC Parks
January - March,Session #2,False,202,Brooklyn,Brownsville,2018-2019,NYC Parks
January - March,Session #2,False,201,Manhattan,River Bank,2020-2021,NYC Parks
January - March,Session #2,False,201,Queens,FMCP,2017-2018,NYC Parks
April - June,Session #3,False,202,Queens,FMCP,2017-2018,NYC Parks
October - December,Session #1,False,291,Manhattan,Tony Dapolito,2018-2019,NYC Parks
October - December,Session #1,False,206,Manhattan,Tony Dapolito,2019-2020,NYC Parks
April - June,Session #3,True,207,Manhattan,Chelsea,2016-2017,NYC Parks
October - December,Session #1,False,202,Brooklyn,Brownsville,2017-2018,NYC Parks
October - December,Session #1,False,231,Queens,FMCP,2016-2017,NYC Parks
January - March,Session #2,False,291/231,Queens,Roy Wilkins,2016-2017,NYC Parks
october - december,Session #1,False,202,Brooklyn,St. John's,2016-2017,NYC Parks
October - December,Session #1,False,201,Bronx,St. Mary's,2018-2019,NYC Parks
October - December,Session #1,False,203,Brooklyn,St. John's,2017-2018,NYC Parks
October - December,Session #1,True,207,Manhattan,Gertrude Ederle,2016-2017,NYC Parks
October - December,Session #1,False,221,Queens,FMCP,2017-2018,NYC Parks
October - December,Session #1,False,201,Queens,FMCP,2017-2018,NYC Parks
October - December,Session #1,False,014/011,Brooklyn,Brownsville,2018-2019,NYC Parks
October - December,Session #1,False,231,Queens,Roy Wilkins,2018-2019,NYC Parks
January - March,Session #2,False,200,Manhattan,Hansborough,2018-2019,NYC Parks
January - March,Session #2,False,202,Brooklyn,Metropolitan,2018-2019,NYC Parks
April - June,Session #3,False,201,Queens,FMCP,2018-2019,NYC Parks
April - June,Session #3,False,202,Brooklyn,Brownsville,2016-2017,NYC Parks
January - March,Session #2,False,201,Manhattan,Hansborough,2016-2017,NYC Parks
April - June,Session #3,False,201,Brooklyn,St. John's,2016-2017,NYC Parks
October - December,Session #1,False,"202, 219, 229",Manhattan,Gertrude Ederle,2017-2018,NYC Parks
April - June,Session #3,False,203,Queens,Roy Wilkins,2018-2019,NYC Parks
April - June,Session #3,False,439,Manhattan,Hansborough,2018-2019,NYC Parks
October - December,Session #1,False,201,Queens,FMCP,2018-2019,NYC Parks
January - March,Session #2,False,204,Brooklyn,St. John's,2016-2017,NYC Parks
January - March,Session #2,False,201,Brooklyn,St. John's,2017-2018,NYC Parks
January - March,Session #2,False,203,Manhattan,Asser Levy,2020-2021,NYC Parks
October - December,Session #1,False,204,Brooklyn,Metropolitan,2017-2018,NYC Parks
October - December,Session #1,False,203,Brooklyn,St. John's,2017-2018,NYC Parks
January - March,Session #2,False,202,Manhattan,Asser Levy,2016-2017,NYC Parks
January - March,Session #2,False,203,Queens,FMCP,2016-2017,NYC Parks
January - March,Session #2,False,201,Brooklyn,Brownsville,2020-2021,NYC Parks
October - December,Session #1,False,203,Queens,Far Rockaway,2017-2018,NYC Parks
January - March,Session #2,False,203,Queens,Roy Wilkins,2016-2017,NYC Parks
October - December,Session #1,False,201,Manhattan,River Bank,2018-2019,NYC Parks
April - June,Session #3,False,2A219,Brooklyn,Brownsville,2017-2018,NYC Parks
April - June,Session #3,False,202,Queens,FMCP,2017-2018,NYC Parks
January - March,Session #2,False,201,Bronx,St. Mary's,2018-2019,NYC Parks
April - June,Session #3,False,201,Queens,FMCP,2018-2019,NYC Parks
January - March,Session #2,False,201,Brooklyn,St. John's,2017-2018,NYC Parks
October - December,Session #1,False,201,Queens,Roy Wilkins,2019-2020,NYC Parks
October - December,Session #1,False,208,Manhattan,Tony Dapolito,2019-2020,NYC Parks
April - June,Session #3,False,"216, 205, 207, 220, 214",Manhattan,Hansborough,2016-2017,NYC Parks
January - March,Session #2,True,202,Brooklyn,St. John's,2020-2021,NYC Parks
october - december,Session #1,False,203,Brooklyn,St. John's,2016-2017,NYC Parks
October - December,Session #1,False,201,Brooklyn,Metropolitan,2018-2019,NYC Parks
October - December,Session #1,False,201,Brooklyn,Metropolitan,2016-2017,NYC Parks
January - March,Session #2,False,410,Manhattan,Tony Dapolito,2020-2021,NYC Parks
January - March,Session #2,False,205,Brooklyn,Metropolitan,2020-2021,NYC Parks
January - March,Session #2,False,Y23,Brooklyn,Metropolitan,2016-2017,NYC Parks
April - June,Session #3,False,2,Brooklyn,Metropolitan,2016-2017,NYC Parks
April - June,Session #3,False,202,Brooklyn,St. John's,2017-2018,NYC Parks
January - March,Session #2,False,203,Queens,Roy Wilkins,2020-2021,NYC Parks
October - December,Session #1,False,203,Manhattan,Boys and Girls Harbor,2016-2017,NYC Parks
October - December,Session #1,False,201,Brooklyn,Brownsville,2018-2019,NYC Parks
October - December,Session #1,False,202,Queens,Roy Wilkins,2019-2020,NYC Parks
April - June,Session #3,False,201,Bronx,St. Mary's,2016-2017,NYC Parks
October - December,Session #1,False,203,Queens,Roy Wilkins,2018-2019,NYC Parks
January - March,Session #2,False,202,Brooklyn,Brownsville,2018-2019,NYC Parks
January - March,Session #2,False,201,Brooklyn,Metropolitan,2019-2020,NYC Parks
April - June,Session #3,False,2,Brooklyn,Metropolitan,2016-2017,NYC Parks
January - March,Session #2,False,221,Queens,FMCP,2017-2018,NYC Parks
January - March,Session #2,False,309,Manhattan,Tony Dapolito,2020-2021,NYC Parks
April - June,Session #3,False,3,Brooklyn,Metropolitan,2018-2019,NYC Parks
January - March,Session #2,False,201,Brooklyn,River Bank,2020-2021,NYC Parks
October - December,Session #1,False,201,Manhattan,Boys and Girls Harbor,2016-2017,NYC Parks
January - March,Session #2,False,201,Brooklyn,St. John's,2020-2021,NYC Parks
January - March,Session #2,False,2290,Queens,Roy Wilkins,2016-2017,NYC Parks
January - March,Session #2,False,202,Manhattan,Hansborough,2018-2019,NYC Parks
April - June,Session #3,False,2,Manhattan,Gertrude Ederle,2016-2017,NYC Parks
January - March,Session #2,False,201,Queens,Roy Wilkins,2018-2019,NYC Parks
October - December,Session #1,False,202,Queens,Far Rockaway,2017-2018,NYC Parks
January - March,Session #2,False,233,Queens,FMCP,2018-2019,NYC Parks
April - June,Session #3,False,201,Queens,FMCP,2018-2019,NYC Parks
October - December,Session #1,False,202,Bronx,St. Mary's,2016-2017,NYC Parks
October - December,Session #1,False,205,Brooklyn,Metropolitan,2019-2020,NYC Parks
October - December,Session #1,False,203,Queens,Far Rockaway,2017-2018,NYC Parks
April - June,Session #3,False,201,Queens,FMCP,2018-2019,NYC Parks
January - March,Session #2,False,201,Queens,Roy Wilkins,2020-2021,NYC Parks
January - March,Session #2,False,202,Brooklyn,Metropolitan,2018-2019,NYC Parks
October - December,Session #1,False,201,Queens,Far Rockaway,2017-2018,NYC Parks
October - December,Session #1,False,"120, 277, 203, 205",Manhattan,Hansborough,2018-2019,NYC Parks
April - June,Session #3,False,201,Manhattan,Tony Dapolito,2017-2018,NYC Parks
January - March,Session #2,False,201,Brooklyn,Metropolitan,2017-2018,NYC Parks
January - March,Session #2,False,201,Queens,FMCP,2017-2018,NYC Parks
January - March,Session #2,False,202,Queens,Roy Wilkins,2016-2017,NYC Parks
April - June,Session #3,False,202,Manhattan,Hansborough,2016-2017,NYC Parks
April - June,Session #3,False,202,Manhattan,Hansborough,2016-2017,NYC Parks
January - March,Session #2,False,201,Brooklyn,Brownsville,2018-2019,NYC Parks
October - December,Session #1,False,201,Brooklyn,Metropolitan,2017-2018,NYC Parks
October - December,Session #1,False,"603, 604",Manhattan,Asser Levy,2016-2017,NYC Parks
October - December,Session #1,False,202,Queens,Roy Wilkins,2017-2018,NYC Parks
January - March,Session #2,False,202,Queens,Roy Wilkins,2016-2017,NYC Parks
January - March,Session #2,False,201,Brooklyn,Brownsville,2016-2017,NYC Parks
October - December,Session #1,False,201,Queens,Roy Wilkins,2018-2019,NYC Parks
October - December,Session #1,False,202,Brooklyn,St. John's,2019-2020,NYC Parks
April - June,Session #3,False,201,Brooklyn,Brownsville,2017-2018,NYC Parks
October - December,Session #1,False,203,Queens,Roy Wilkins,2018-2019,NYC Parks
October - December,Session #1,False,204,Manhattan,Gertrude Ederle,2019-2020,NYC Parks
January - March,Session #2,False,201,Brooklyn,St. John's,2016-2017,NYC Parks
October - December,Session #1,False,202,Manhattan,Hansborough,2017-2018,NYC Parks
October - December,Session #1,False,204,Queens,FMCP,2016-2017,NYC Parks
October - December,Session #1,False,203,Queens,Far Rockaway,2017-2018,NYC Parks
April - June,Session #3,False,202,Manhattan,Gertrude Ederle,2018-2019,NYC Parks
April - June,Session #3,False,"21, 22",Bronx,St. Mary's,2016-2017,NYC Parks
January - March,Session #2,False,202,Manhattan,Hansborough,2017-2018,NYC Parks
October - December,Session #1,False,203,Queens,Roy Wilkins,2019-2020,NYC Parks
January - March,Session #2,False,205,Brooklyn,Metropolitan,2020-2021,NYC Parks
October - December,Session #1,False,202,Brooklyn,St. John's,2019-2020,NYC Parks
January - March,Session #2,False,202,Bronx,St. Mary's,2016-2017,NYC Parks
January - March,Session #2,False,"202, 203, 303",Brooklyn,Brownsville,2020-2021,NYC Parks
April - June,Session #3,False,206,Queens,FMCP,2016-2017,NYC Parks
January - March,Session #2,False,201,Manhattan,River Bank,2018-2019,NYC Parks
April - June,Session #3,False,202,Queens,Roy Wilkins,2017-2018,NYC Parks
October - December,Session #1,False,201,Manhattan,Hansborough,2018-2019,NYC Parks
October - December,Session #1,False,201,Queens,Roy Wilkins,2017-2018,NYC Parks
April - June,Session #3,False,231,Queens,Roy Wilkins,2018-2019,NYC Parks
January - March,Session #2,False,2,Brooklyn,Brownsville,2018-2019,NYC Parks
October - December,Session #1,False,"201, 202",Brooklyn,Brownsville,2018-2019,NYC Parks
April - June,Session #3,False,202,Queens,Roy Wilkins,2017-2018,NYC Parks
October - December,Session #1,False,2 HR,Queens,Roy Wilkins,2017-2018,NYC Parks
October - December,Session #1,False,251,Manhattan,Gertrude Ederle,2016-2017,NYC Parks
January - March,Session #3,False,201,Brooklyn,Metropolitan,2017-2018,NYC Parks
April - June,Session #3,False,202,Queens,FMCP,2018-2019,NYC Parks
April - June,Session #3,False,203,Manhattan,Hansborough,2017-2018,NYC Parks
April - June,Session #3,False,202,Brooklyn,Metropolitan,2018-2019,NYC Parks
October - December,Session #1,False,201,Queens,Roy Wilkins,2018-2019,NYC Parks
January - March,Session #2,False,307,Manhattan,Tony Dapolito,2020-2021,NYC Parks
January - March,Session #2,False,221,Queens,FMCP,2017-2018,NYC Parks
April - June,Session #3,False,203,Manhattan,Hansborough,2016-2017,NYC Parks
October - December,Session #1,False,205,Brooklyn,Brownsville,2017-2018,NYC Parks
April - June,Session #3,False,201,Brooklyn,Brownsville,2017-2018,NYC Parks
October - December,Session #1,False,201,Queens,Roy Wilkins,2017-2018,NYC Parks
October - December,Session #1,False,201,Queens,Roy Wilkins,2017-2018,NYC Parks
October - December,Session #1,False,201,Brooklyn,Metropolitan,2019-2020,NYC Parks
October - December,Session #1,False,201,Bronx,St. Mary's,2018-2019,NYC Parks
April - June,Session #3,False,202,Queens,FMCP,2017-2018,NYC Parks
October - December,Session #1,False,202,Queens,Roy Wilkins,2019-2020,NYC Parks
April - June,Session #3,False,2,Queens,Roy Wilkins,2016-2017,NYC Parks
April - June,Session #3,False,2,Brooklyn,Metropolitan,2016-2017,NYC Parks
October - December,Session #1,False,201,Brooklyn,St. John's,2017-2018,NYC Parks
January - March,Session #2,False,231,Queens,FMCP,2016-2017,NYC Parks
April - June,Session #3,False,202,Queens,FMCP,2018-2019,NYC Parks
October - December,Session #1,False,603,Manhattan,Asser Levy,2017-2018,NYC Parks
October - December,Session #1,False,201,Queens,FMCP,2018-2019,NYC Parks
April - June,Session #3,False,204,Brooklyn,Brownsville,2017-2018,NYC Parks
January - March,Session #2,False,205,Manhattan,River Bank,2020-2021,NYC Parks
January - March,Session #2,False,201,Brooklyn,Metropolitan,2019-2020,NYC Parks
October - December,Session #1,False,"202, 219, 229",Manhattan,Gertrude Ederle,2017-2018,NYC Parks
January - March,Session #2,False,11,Brooklyn,Brownsville,2020-2021,NYC Parks
January - March,Session #2,False,200,Manhattan,Hansborough,2018-2019,NYC Parks
April - June,Session #3,False,201,Brooklyn,Brownsville,2018-2019,NYC Parks
October - December,Session #1,False,202,Queens,FMCP,2016-2017,NYC Parks
January - March,Session #2,False,2,Brooklyn,Brownsville,2018-2019,NYC Parks
October - December,Session #1,False,202,Queens,FMCP,2016-2017,NYC Parks
January - March,Session #2,False,201,Queens,Roy Wilkins,2016-2017,NYC Parks
January - March,Session #2,False,201,Manhattan,Asser Levy,2020-2021,NYC Parks
April - June,Session #3,False,201,Queens,FMCP,2018-2019,NYC Parks
April - June,Session #3,False,2,Manhattan,Tony Dapolito,2018-2019,NYC Parks
October - December,Session #1,False,601,Manhattan,Asser Levy,2018-2019,NYC Parks
October - December,Session #1,False,203,Brooklyn,St. John's,2017-2018,NYC Parks
January - March,Session #2,False,202,Brooklyn,Brownsville,2016-2017,NYC Parks
January - March,Session #2,False,231,Queens,Roy Wilkins,2020-2021,NYC Parks
January - March,Session #2,False,214,Brooklyn,St. John's,2020-2021,NYC Parks
January - March,Session #2,False,206,Manhattan,Gertrude Ederle,2018-2019,NYC Parks
October - December,Session #1,False,1,Brooklyn,Metropolitan,2017-2018,NYC Parks
April - June,Session #3,False,202,Queens,FMCP,2018-2019,NYC Parks
January - March,Session #2,False,21,Bronx,St. Mary's,2017-2018,NYC Parks
January - March,Session #2,False,10X246,Manhattan,River Bank,2018-2019,NYC Parks
October - December,Session #1,False,239,Brooklyn,Brownsville,2016-2017,NYC Parks
January - March,Session #2,False,205,Brooklyn,St. John's,2020-2021,NYC Parks
January - March,Session #2,False,233/234,Queens,FMCP,2017-2018,NYC Parks
April - June,Session #3,False,203,Brooklyn,Brownsville,2016-2017,NYC Parks
April - June,Session #3,False,204,Queens,FMCP,2016-2017,NYC Parks
April - June,Session #3,False,207,Queens,FMCP,2016-2017,NYC Parks
October - December,Session #1,False,203,Brooklyn,St. John's,2017-2018,NYC Parks
January - March,Session #2,False,202,Brooklyn,Metropolitan,2018-2019,NYC Parks
January - March,Session #2,False,205,Manhattan,Tony Dapolito,2016-2017,NYC Parks
January - March,Session #2,False,246,Manhattan,River Bank,2020-2021,NYC Parks
October - December,Session #1,False,203,Queens,Roy Wilkins,2016-2017,NYC Parks
October - December,Session #1,False,201,Queens,FMCP,2017-2018,NYC Parks
January - March,Session #2,False,231,Queens,FMCP,2018-2019,NYC Parks
April - June,Session #3,False,201,Brooklyn,Brownsville,2017-2018,NYC Parks
April - June,Session #3,False,201,Brooklyn,Metropolitan,2018-2019,NYC Parks
January - March,Session #2,False,10X246,Manhattan,River Bank,2018-2019,NYC Parks
October - December,Session #1,False,201,Brooklyn,Metropolitan,2018-2019,NYC Parks
April - June,Session #3,False,202,Queens,FMCP,2016-2017,NYC Parks
October - December,Session #1,False,202,Brooklyn,St. John's,2017-2018,NYC Parks
October - December,Session #1,False,201,Manhattan,Hansborough,2017-2018,NYC Parks
October - December,Session #1,False,404,Queens,FMCP,2016-2017,NYC Parks
January - March,Session #2,False,233/234,Queens,FMCP,2017-2018,NYC Parks
January - March,Session #2,False,204,Brooklyn,Brownsville,2020-2021,NYC Parks
October - December,Session #1,False,203,Queens,Roy Wilkins,2018-2019,NYC Parks
January - March,Session #2,False,202,Queens,Roy Wilkins,2018-2019,NYC Parks
January - March,Session #2,False,214,Brooklyn,St. John's,2020-2021,NYC Parks
April - June,Session #3,False,201,Queens,FMCP,2017-2018,NYC Parks
October - December,Session #1,False,"120, 277, 203, 205",Manhattan,Hansborough,2018-2019,NYC Parks
October - December,Session #1,False,202 & 205,Brooklyn,St. John's,2017-2018,NYC Parks
October - December,Session #1,False,202,Manhattan,Gertrude Ederle,2016-2017,NYC Parks
January - March,Session #2,False,203,Queens,Roy Wilkins,2020-2021,NYC Parks
April - June,Session #3,False,201,Queens,FMCP,2016-2017,NYC Parks
January - March,Session #2,False,201,Queens,FMCP,2018-2019,NYC Parks
April - June,Session #3,False,"201, 449",Manhattan,Hansborough,2016-2017,NYC Parks
January - March,Session #2,False,2290,Queens,Roy Wilkins,2016-2017,NYC Parks
October - December,Session #1,False,202,Brooklyn,Metropolitan,2016-2017,NYC Parks
October - December,Session #1,False,202,Manhattan,Hansborough,2016-2017,NYC Parks
April - June,Session #3,False,"201, 449",Manhattan,Hansborough,2016-2017,NYC Parks
April - June,Session #3,False,2,Brooklyn,St. John's,2016-2017,NYC Parks
October - December,Session #1,False,604,Manhattan,Asser Levy,2017-2018,NYC Parks
October - December,Session #1,False,231,Queens,FMCP,2017-2018,NYC Parks
January - March,Session #2,False,410,Queens,FMCP,2016-2017,NYC Parks
January - March,Session #2,False,201,Queens,Roy Wilkins,2020-2021,NYC Parks
October - December,Session #1,False,203,Manhattan,Gertrude Ederle,2016-2017,NYC Parks
October - December,Session #1,False,2,Queens,FMCP,2018-2019,NYC Parks
January - March,Session #2,False,231,Queens,FMCP,2018-2019,NYC Parks
October - December,Session #1,False,204,Manhattan,Gertrude Ederle,2019-2020,NYC Parks
October - December,Session #1,False,201,Brooklyn,Brownsville,2016-2017,NYC Parks
October - December,Session #1,False,2 QUINN HR,Queens,Roy Wilkins,2018-2019,NYC Parks
January - March,Session #2,False,201,Queens,FMCP,2017-2018,NYC Parks
April - June,Session #3,False,201,Manhattan,Asser Levy,2017-2018,NYC Parks
April - June,Session #3,False,201,Brooklyn,Brownsville,2017-2018,NYC Parks
January - March,Session #2,False,233/234,Queens,FMCP,2017-2018,NYC Parks
January - March,Session #2,False,291,Manhattan,River Bank,2020-2021,NYC Parks
January - March,Session #2,False,X01,Manhattan,Chelsea,2016-2017,NYC Parks
January - March,Session #2,False,201,Manhattan,Asser Levy,2020-2021,NYC Parks
October - December,Session #1,False,201,Brooklyn,Metropolitan,2017-2018,NYC Parks
October - December,Session #1,False,202,Brooklyn,St. John's,2017-2018,NYC Parks
April - June,Session #3,False,202,Bronx,St. Mary's,2018-2019,NYC Parks
October - December,Session #1,False,201,Manhattan,Hansborough,2016-2017,NYC Parks
October - December,Session #1,False,200,Brooklyn,Metropolitan,2019-2020,NYC Parks
October - December,Session #1,False,201,Brooklyn,St. John's,2017-2018,NYC Parks
October - December,Session #1,False,202,Bronx,St. Mary's,2017-2018,NYC Parks
October - December,Session #1,False,603,Manhattan,Asser Levy,2018-2019,NYC Parks
April - June,Session #3,False,K01,Manhattan,Chelsea,2017-2018,NYC Parks
October - December,Session #1,False,202,Queens,FMCP,2018-2019,NYC Parks
January - March,Session #2,False,201,Brooklyn,Metropolitan,2019-2020,NYC Parks
April - June,Session #3,False,202,Queens,Roy Wilkins,2017-2018,NYC Parks
October - December,Session #1,False,240,Manhattan,Asser Levy,2017-2018,NYC Parks
April - June,Session #3,False,201,Brooklyn,Brownsville,2018-2019,NYC Parks
April - June,Session #3,False,203,Manhattan,Asser Levy,2016-2017,NYC Parks
October - December,Session #1,False,205,Queens,FMCP,2017-2018,NYC Parks
October - December,Session #1,False,315,Manhattan,River Bank,2019-2020,NYC Parks
October - December,Session #1,False,213,Manhattan,Tony Dapolito,2017-2018,NYC Parks
October - December,Session #1,False,202,Brooklyn,Brownsville,2018-2019,NYC Parks
April - June,Session #3,False,202,Bronx,St. Mary's,2017-2018,NYC Parks
January - March,Session #2,False,204,Queens,Roy Wilkins,2020-2021,NYC Parks
October - December,Session #1,False,205,Manhattan,Chelsea,2016-2017,NYC Parks
April - June,Session #3,False,215/232/229,Queens,FMCP,2017-2018,NYC Parks
October - December,Session #1,False,201,Queens,Roy Wilkins,2016-2017,NYC Parks
April - June,Session #3,False,215/232/229,Queens,FMCP,2017-2018,NYC Parks
January - March,Session #2,False,201,Brooklyn,St. John's,2017-2018,NYC Parks
January - March,Session #2,False,201,Queens,FMCP,2018-2019,NYC Parks
January - March,Session #2,False,201,Brooklyn,Metropolitan,2020-2021,NYC Parks
January - March,Session #2,False,202,Brooklyn,St. Mary's,2020-2021,NYC Parks
April - June,Session #3,False,203,Brooklyn,Brownsville,2016-2017,NYC Parks
April - June,Session #3,False,439,Manhattan,Hansborough,2018-2019,NYC Parks
October - December,Session #1,False,293,Queens,FMCP,2017-2018,NYC Parks
January - March,Session #2,False,233,Queens,FMCP,2018-2019,NYC Parks
January - March,Session #2,False,205,Brooklyn,Metropolitan,2020-2021,NYC Parks
January - March,Session #2,False,2DL,Manhattan,Asser Levy,2018-2019,NYC Parks
January - March,Session #2,False,2DL,Manhattan,Asser Levy,2018-2019,NYC Parks
January - March,Session #2,False,214,Manhattan,Chelsea,2017-2018,NYC Parks
April - June,Session #3,False,202,Manhattan,Hansborough,2016-2017,NYC Parks
October - December,Session #1,False,203,Manhattan,Boys and Girls Harbor,2016-2017,NYC Parks
October - December,Session #1,False,201,Queens,Roy Wilkins,2017-2018,NYC Parks
January - March,Session #2,False,202,Brooklyn,St. Mary's,2020-2021,NYC Parks
october - december,Session #1,False,202,Brooklyn,St. John's,2016-2017,NYC Parks
January - March,Session #2,False,202,Brooklyn,Brownsville,2016-2017,NYC Parks
January - March,Session #2,False,307,Manhattan,Tony Dapolito,2020-2021,NYC Parks
April - June,Session #3,False,202,Manhattan,Tony Dapolito,2017-2018,NYC Parks
April - June,Session #3,False,201,Queens,Roy Wilkins,2018-2019,NYC Parks
January - March,Session #2,False,204,Queens,FMCP,2018-2019,NYC Parks
April - June,Session #3,False,202,Manhattan,Hansborough,2016-2017,NYC Parks
October - December,Session #1,False,201,Brooklyn,Metropolitan,2018-2019,NYC Parks
October - December,Session #1,False,603,Manhattan,Asser Levy,2018-2019,NYC Parks
October - December,Session #1,False,204,Queens,Roy Wilkins,2016-2017,NYC Parks
October - December,Session #1,False,201,Queens,Roy Wilkins,2017-2018,NYC Parks
January - March,Session #2,False,201,Brooklyn,Metropolitan,2016-2017,NYC Parks
January - March,Session #2,False,309,Brooklyn,Metropolitan,2017-2018,NYC Parks
January - March,Session #2,False,231,Queens,FMCP,2018-2019,NYC Parks
January - March,Session #2,False,201,Queens,Roy Wilkins,2018-2019,NYC Parks
January - March,Session #2,False,203,Queens,Roy Wilkins,2016-2017,NYC Parks
October - December,Session #1,False,122/124,Manhattan,Asser Levy,2019-2020,NYC Parks
April - June,Session #3,False,201,Queens,FMCP,2018-2019,NYC Parks
October - December,Session #1,False,231,Queens,Roy Wilkins,2018-2019,NYC Parks
April - June,Session #3,False,202,Queens,FMCP,2018-2019,NYC Parks
April - June,Session #3,False,203,Queens,Roy Wilkins,2018-2019,NYC Parks
January - March,Session #2,False,234,Queens,FMCP,2018-2019,NYC Parks
April - June,Session #3,False,203,Brooklyn,St. John's,2017-2018,NYC Parks
April - June,Session #3,False,201,Brooklyn,Metropolitan,2018-2019,NYC Parks
April - June,Session #3,False,231,Queens,Roy Wilkins,2018-2019,NYC Parks
January - March,Session #2,False,201,Manhattan,River Bank,2020-2021,NYC Parks
April - June,Session #3,False,201,Queens,FMCP,2018-2019,NYC Parks
October - December,Session #1,False,201,Manhattan,Hansborough,2017-2018,NYC Parks
October - December,Session #1,False,204,Brooklyn,Metropolitan,2018-2019,NYC Parks
October - December,Session #1,False,201,Manhattan,River Bank,2018-2019,NYC Parks
April - June,Session #3,True,201,Brooklyn,Metropolitan,2017-2018,NYC Parks
January - March,Session #2,False,202,Brooklyn,St. John's,2017-2018,NYC Parks
January - March,Session #2,False,201,Brooklyn,Metropolitan,2017-2018,NYC Parks
April - June,Session #3,False,202,Queens,FMCP,2017-2018,NYC Parks
October - December,Session #1,False,203,Manhattan,Gertrude Ederle,2016-2017,NYC Parks
January - March,Session #2,False,200,Manhattan,Hansborough,2018-2019,NYC Parks
October - December,Session #1,False,231,Queens,Roy Wilkins,2017-2018,NYC Parks
January - March,Session #2,False,201,Queens,Roy Wilkins,2016-2017,NYC Parks
January - March,Session #2,False,202,Brooklyn,Brownsville,2017-2018,NYC Parks
January - March,Session #2,False,204,Brooklyn,Brownsville,2020-2021,NYC Parks
April - June,Session #3,False,202,Brooklyn,Metropolitan,2017-2018,NYC Parks
October - December,Session #1,False,201,Brooklyn,Brownsville,2016-2017,NYC Parks
October - December,Session #1,False,Y12 & Y11,Brooklyn,LIU,2016-2017,NYC Parks
October - December,Session #1,False,201,Queens,Roy Wilkins,2018-2019,NYC Parks
January - March,Session #2,False,202,Brooklyn,Metropolitan,2016-2017,NYC Parks
October - December,Session #1,False,205,Manhattan,Gertrude Ederle,2016-2017,NYC Parks
April - June,Session #3,False,2,Brooklyn,Metropolitan,2016-2017,NYC Parks
October - December,Session #1,False,205,Brooklyn,Metropolitan,2016-2017,NYC Parks
April - June,Session #3,False,231,Queens,Roy Wilkins,2016-2017,NYC Parks
October - December,Session #1,False,221,Queens,FMCP,2018-2019,NYC Parks
April - June,Session #3,False,903/203,Brooklyn,St. John's,2017-2018,NYC Parks
April - June,Session #3,False,"129, 201",Brooklyn,St. John's,2016-2017,NYC Parks
April - June,Session #3,False,231,Queens,Roy Wilkins,2018-2019,NYC Parks
January - March,Session #2,False,201,Brooklyn,Metropolitan,2017-2018,NYC Parks
January - March,Session #2,False,201,Brooklyn,Metropolitan,2019-2020,NYC Parks
October - December,Session #1,False,202,Manhattan,Asser Levy,2019-2020,NYC Parks
January - March,Session #2,False,401,Brooklyn,St. John's,2017-2018,NYC Parks
January - March,Session #2,False,401,Brooklyn,St. John's,2017-2018,NYC Parks
October - December,Session #1,False,201,Queens,Roy Wilkins,2016-2017,NYC Parks
April - June,Session #3,False,202,Queens,FMCP,2018-2019,NYC Parks
April - June,Session #3,False,202,Queens,FMCP,2018-2019,NYC Parks
January - March,Session #2,False,202,Brooklyn,Metropolitan,2017-2018,NYC Parks
January - March,Session #2,False,202,Manhattan,Gertrude Ederle,2017-2018,NYC Parks
January - March,Session #2,False,221,Queens,FMCP,2018-2019,NYC Parks
April - June,Session #3,False,202,Manhattan,River Bank,2018-2019,NYC Parks
April - June,Session #3,False,201,Brooklyn,Brownsville,2017-2018,NYC Parks
January - March,Session #2,False,201,Manhattan,River Bank,2020-2021,NYC Parks
January - March,Session #2,False,202,Brooklyn,Metropolitan,2018-2019,NYC Parks
January - March,Session #2,False,201,Queens,Roy Wilkins,2016-2017,NYC Parks
April - June,Session #3,False,231,Queens,FMCP,2017-2018,NYC Parks
April - June,Session #3,False,91,Brooklyn,Metropolitan,2017-2018,NYC Parks
January - March,Session #2,False,204,Brooklyn,Brownsville,2020-2021,NYC Parks
January - March,Session #2,False,231,Queens,Roy Wilkins,2020-2021,NYC Parks
October - December,Session #1,False,201,Brooklyn,Brownsville,2019-2020,NYC Parks
April - June,Session #3,False,201,Brooklyn,St. John's,2017-2018,NYC Parks
April - June,Session #3,False,215/232/229,Queens,FMCP,2017-2018,NYC Parks
January - March,Session #2,False,231,Queens,Roy Wilkins,2018-2019,NYC Parks
October - December,Session #1,False,603,Manhattan,Asser Levy,2017-2018,NYC Parks
October - December,Session #1,False,201,Queens,Roy Wilkins,2017-2018,NYC Parks
January - March,Session #2,False,201,Brooklyn,Metropolitan,2017-2018,NYC Parks
April - June,Session #3,False,202,Brooklyn,Metropolitan,2017-2018,NYC Parks
October - December,Session #1,False,205,Brooklyn,Brownsville,2016-2017,NYC Parks
October - December,Session #1,False,"201, 202",Brooklyn,Brownsville,2018-2019,NYC Parks
April - June,Session #3,False,201,Manhattan,Gertrude Ederle,2016-2017,NYC Parks
April - June,Session #3,False,201,Manhattan,Asser Levy,2017-2018,NYC Parks
April - June,Session #3,False,208/213,Manhattan,Asser Levy,2018-2019,NYC Parks
January - March,Session #2,False,203,Queens,Roy Wilkins,2016-2017,NYC Parks
October - December,Session #1,False,202,Brooklyn,Brownsville,2017-2018,NYC Parks
January - March,Session #2,False,201,Queens,Roy Wilkins,2018-2019,NYC Parks
January - March,Session #2,True,204,Queens,FMCP,2018-2019,NYC Parks
April - June,Session #3,False,202,Manhattan,Gertrude Ederle,2018-2019,NYC Parks
April - June,Session #3,False,202,Queens,FMCP,2018-2019,NYC Parks
October - December,Session #1,False,204,Queens,Roy Wilkins,2019-2020,NYC Parks
April - June,Session #3,False,202,Manhattan,Asser Levy,2016-2017,NYC Parks
April - June,Session #3,False,2,Manhattan,Gertrude Ederle,2016-2017,NYC Parks
January - March,Session #2,False,202,Queens,Roy Wilkins,2020-2021,NYC Parks
January - March,Session #2,False,201,Manhattan,River Bank,2020-2021,NYC Parks
October - December,Session #1,False,202,Brooklyn,Brownsville,2019-2020,NYC Parks
October - December,Session #1,False,201,Queens,Roy Wilkins,2017-2018,NYC Parks
January - March,Session #2,False,201,Brooklyn,Metropolitan,2019-2020,NYC Parks
October - December,Session #1,False,1,Manhattan,Asser Levy,2016-2017,NYC Parks
October - December,Session #1,False,202,Manhattan,Asser Levy,2019-2020,NYC Parks
October - December,Session #1,False,122/124,Manhattan,Asser Levy,2019-2020,NYC Parks
October - December,Session #1,False,24,Queens,Roy Wilkins,2019-2020,NYC Parks
January - March,Session #2,False,201,Brooklyn,Metropolitan,2019-2020,NYC Parks
January - March,Session #2,False,202,Brooklyn,Metropolitan,2017-2018,NYC Parks
January - March,Session #2,False,221,Queens,FMCP,2016-2017,NYC Parks
January - March,Session #2,False,204,Queens,Roy Wilkins,2016-2017,NYC Parks
January - March,Session #2,False,200,Manhattan,Hansborough,2018-2019,NYC Parks
April - June,Session #3,False,202,Queens,Roy Wilkins,2017-2018,NYC Parks
January - March,Session #2,False,"201, 202, 203, 204, 205, 206",Brooklyn,St. John's,2016-2017,NYC Parks
January - March,Session #2,False,233/234,Queens,FMCP,2017-2018,NYC Parks
January - March,Session #2,False,201,Queens,FMCP,2017-2018,NYC Parks
April - June,Session #3,False,"200, 201",Manhattan,Tony Dapolito,2016-2017,NYC Parks
April - June,Session #3,False,205,Manhattan,Tony Dapolito,2016-2017,NYC Parks
April - June,Session #3,False,203,Brooklyn,St. John's,2016-2017,NYC Parks
October - December,Session #1,False,204,Queens,Roy Wilkins,2019-2020,NYC Parks
January - March,Session #2,False,201,Manhattan,River Bank,2020-2021,NYC Parks
January - March,Session #2,False,209,Queens,FMCP,2017-2018,NYC Parks
January - March,Session #2,False,201,Manhattan,River Bank,2017-2018,NYC Parks
October - december,Session #1,False,206,Manhattan,Tony Dapolito,2016-2017,NYC Parks
January - March,Session #2,False,219,Manhattan,Chelsea,2017-2018,NYC Parks
April - June,Session #3,False,201,Manhattan,Tony Dapolito,2017-2018,NYC Parks
April - June,Session #3,False,202,Queens,Roy Wilkins,2017-2018,NYC Parks
January - March,Session #2,False,307,Manhattan,Tony Dapolito,2020-2021,NYC Parks
October - December,Session #1,False,204,Bronx,St. Mary's,2019-2020,NYC Parks
October - December,Session #1,False,202,Brooklyn,Metropolitan,2016-2017,NYC Parks
April - June,Session #3,True,Y43 and Y25,Brooklyn,Metropolitan,2018-2019,NYC Parks
January - March,Session #2,False,232,Queens,FMCP,2017-2018,NYC Parks
October - December,Session #1,False,205,Brooklyn,Brownsville,2016-2017,NYC Parks
October - December,Session #1,False,202,Brooklyn,Metropolitan,2018-2019,NYC Parks
October - December,Session #1,False,201,Brooklyn,Brownsville,2019-2020,NYC Parks
January - March,Session #2,False,205,Manhattan,Gertrude Ederle,2017-2018,NYC Parks
January - March,Session #2,False,201,Brooklyn,St. John's,2020-2021,NYC Parks
October - December,Session #1,False,201,Queens,Roy Wilkins,2018-2019,NYC Parks
April - June,Session #3,False,202,Brooklyn,Metropolitan,2017-2018,NYC Parks
January - March,Session #2,False,205,Brooklyn,Metropolitan,2020-2021,NYC Parks
October - December,Session #1,False,231,Queens,Roy Wilkins,2018-2019,NYC Parks
October - December,Session #1,False,231,Queens,Roy Wilkins,2019-2020,NYC Parks
January - March,Session #2,False,902/903,Brooklyn,St. John's,2016-2017,NYC Parks
october - december,Session #1,False,215,Manhattan,Tony Dapolito,2016-2017,NYC Parks
January - March,Session #2,False,201,Manhattan,River Bank,2020-2021,NYC Parks
October - December,Session #1,False,202,Brooklyn,Metropolitan,2019-2020,NYC Parks
January - March,Session #2,False,205,Brooklyn,St. John's,2017-2018,NYC Parks
October - December,Session #1,False,231,Queens,FMCP,2016-2017,NYC Parks
October - December,Session #1,False,1,Manhattan,Hansborough,2018-2019,NYC Parks
October - December,Session #1,False,2,Queens,FMCP,2018-2019,NYC Parks
April - June,Session #3,False,"291, 202",Queens,Roy Wilkins,2016-2017,NYC Parks
January - March,Session #2,False,202,Brooklyn,Brownsville,2016-2017,NYC Parks
January - March,Session #2,False,291/231,Queens,Roy Wilkins,2016-2017,NYC Parks
January - March,Session #2,False,246,Manhattan,River Bank,2020-2021,NYC Parks
April - June,Session #3,False,2,Queens,Roy Wilkins,2016-2017,NYC Parks
January - March,Session #2,False,203,Brooklyn,St. John's,2016-2017,NYC Parks
January - March,Session #2,True,419,Queens,Roy Wilkins,2020-2021,NYC Parks
April - June,Session #3,False,202,Bronx,St. Mary's,2017-2018,NYC Parks
April - June,Session #3,False,208,Manhattan,Chelsea,2016-2017,NYC Parks
January - March,Session #2,False,202,Manhattan,Gertrude Ederle,2017-2018,NYC Parks
April - June,Session #3,False,221,Manhattan,Hansborough,2016-2017,NYC Parks
April - June,Session #3,False,272,Brooklyn,Metropolitan,2016-2017,NYC Parks
October - December,Session #1,False,201,Queens,FMCP,2018-2019,NYC Parks
April - June,Session #3,False,201,Queens,FMCP,2017-2018,NYC Parks
October - December,Session #1,False,201,Brooklyn,Brownsville,2016-2017,NYC Parks
October - December,Session #1,False,201,Bronx,St. Mary's,2019-2020,NYC Parks
January - March,Session #2,False,201,Queens,Roy Wilkins,2016-2017,NYC Parks
April - June,Session #3,False,2 Quinn HR,Queens,Roy Wilkins,2017-2018,NYC Parks
October - December,Session #1,False,"202, 219, 229",Manhattan,Gertrude Ederle,2017-2018,NYC Parks
January - March,Session #2,False,201,Queens,Roy Wilkins,2020-2021,NYC Parks
October - December,Session #1,False,201,Queens,Roy Wilkins,2019-2020,NYC Parks
April - June,Session #3,False,201,Queens,Roy Wilkins,2017-2018,NYC Parks
October - December,Session #1,False,202,Brooklyn,Metropolitan,2018-2019,NYC Parks
April - June,Session #3,False,203,Manhattan,Hansborough,2016-2017,NYC Parks
April - June,Session #3,False,203,Brooklyn,Metropolitan,2018-2019,NYC Parks
October - December,Session #1,False,202 & 205,Brooklyn,St. John's,2017-2018,NYC Parks
January - March,Session #2,False,231,Queens,FMCP,2016-2017,NYC Parks
October - December,Session #1,False,202,Queens,Roy Wilkins,2016-2017,NYC Parks
October - December,Session #1,False,203,Brooklyn,Brownsville,2019-2020,NYC Parks
January - March,Session #2,False,201,Queens,Roy Wilkins,2020-2021,NYC Parks
January - March,Session #2,False,201,Queens,Roy Wilkins,2020-2021,NYC Parks
October - December,Session #1,False,204,Manhattan,Gertrude Ederle,2018-2019,NYC Parks
January - March,Session #2,True,202,Brooklyn,St. John's,2020-2021,NYC Parks
April - June,Session #3,False,202,Queens,Roy Wilkins,2017-2018,NYC Parks
October - December,Session #1,False,203,Queens,Roy Wilkins,2018-2019,NYC Parks
April - June,Session #3,False,201,Brooklyn,Metropolitan,2018-2019,NYC Parks
October - December,Session #1,False,213,Manhattan,Tony Dapolito,2017-2018,NYC Parks
January - March,Session #2,False,201,Brooklyn,Brownsville,2017-2018,NYC Parks
January - March,Session #2,False,2DL,Manhattan,Asser Levy,2018-2019,NYC Parks
January - March,Session #2,False,201,Queens,FMCP,2017-2018,NYC Parks
April - June,Session #3,False,202,Queens,Roy Wilkins,2016-2017,NYC Parks
April - June,Session #3,False,202,Queens,FMCP,2016-2017,NYC Parks
October - December,Session #1,False,201,Queens,Roy Wilkins,2016-2017,NYC Parks
January - March,Session #2,False,202,Brooklyn,Metropolitan,2017-2018,NYC Parks
October - December,Session #1,False,202,Manhattan,Hansborough,2016-2017,NYC Parks
October - December,Session #1,False,202,Manhattan,River Bank,2017-2018,NYC Parks
October - December,Session #1,False,"k01, y61",Manhattan,Chelsea,2017-2018,NYC Parks
April - June,Session #3,False,"129, 201",Brooklyn,St. John's,2016-2017,NYC Parks
April - June,Session #3,False,"216, 205, 207, 220, 214",Manhattan,Hansborough,2016-2017,NYC Parks
October - December,Session #1,False,201,Brooklyn,Brownsville,2017-2018,NYC Parks
January - March,Session #2,False,201,Brooklyn,Metropolitan,2017-2018,NYC Parks
April - June,Session #3,False,"231,201",Queens,FMCP,2017-2018,NYC Parks
January - March,Session #2,False,2,Queens,Roy Wilkins,2017-2018,NYC Parks
October - December,Session #1,False,201,Brooklyn,Brownsville,2018-2019,NYC Parks
April - June,Session #3,False,201/202,Brooklyn,Metropolitan,2018-2019,NYC Parks
January - March,Session #2,False,202,Brooklyn,Brownsville,2017-2018,NYC Parks
January - March,Session #2,False,204,Brooklyn,Brownsville,2020-2021,NYC Parks
October - December,Session #1,False,305,Manhattan,River Bank,2019-2020,NYC Parks
January - March,Session #2,False,201,Brooklyn,St. John's,2016-2017,NYC Parks
October - December,Session #1,False,204,Manhattan,Gertrude Ederle,2016-2017,NYC Parks
April - June,Session #3,False,202,Bronx,St. Mary's,2016-2017,NYC Parks
October - December,Session #1,False,201,Queens,Roy Wilkins,2017-2018,NYC Parks
January - March,Session #2,False,205,Brooklyn,Metropolitan,2020-2021,NYC Parks
October - December,Session #1,False,121/123,Manhattan,Asser Levy,2019-2020,NYC Parks
January - March,Session #2,False,206,Brooklyn,Metropolitan,2017-2018,NYC Parks
October - December,Session #1,False,204,Manhattan,Gertrude Ederle,2018-2019,NYC Parks
October - December,Session #1,False,202,Manhattan,Gertrude Ederle,2016-2017,NYC Parks
April - June,Session #3,False,202,Brooklyn,Metropolitan,2016-2017,NYC Parks
January - March,Session #2,False,204,Brooklyn,St. John's,2020-2021,NYC Parks
October - December,Session #1,False,205,Brooklyn,Brownsville,2016-2017,NYC Parks
April - June,Session #3,False,201,Queens,FMCP,2018-2019,NYC Parks
October - December,Session #1,False,203,Brooklyn,Metropolitan,2019-2020,NYC Parks
January - March,Session #2,False,201,Manhattan,Hansborough,2017-2018,NYC Parks
April - June,Session #3,False,201&410,Manhattan,Gertrude Ederle,2017-2018,NYC Parks
January - March,Session #2,False,201,Brooklyn,St. John's,2017-2018,NYC Parks
April - June,Session #3,False,201,Manhattan,Hansborough,2017-2018,NYC Parks
October - December,Session #1,False,202,Manhattan,Asser Levy,2019-2020,NYC Parks
October - December,Session #1,False,201,Queens,Roy Wilkins,2016-2017,NYC Parks
October - December,Session #1,False,202,Queens,FMCP,2017-2018,NYC Parks
January - March,Session #2,False,202,Manhattan,Asser Levy,2016-2017,NYC Parks
October - December,Session #1,False,202,Brooklyn,Brownsville,2019-2020,NYC Parks
April - June,Session #3,False,202,Manhattan,Asser Levy,2017-2018,NYC Parks
April - June,Session #3,False,202,Brooklyn,Metropolitan,2017-2018,NYC Parks
October - December,Session #1,False,202,Brooklyn,Brownsville,2016-2017,NYC Parks
April - June,Session #3,False,202,Brooklyn,St. John's,2016-2017,NYC Parks
January - March,Session #2,False,204,Manhattan,Tony Dapolito,2018-2019,NYC Parks
January - March,Session #2,False,202,Manhattan,River Bank,2020-2021,NYC Parks
October - December,Session #1,False,203,Brooklyn,Brownsville,2019-2020,NYC Parks
October - December,Session #1,False,201,Queens,Roy Wilkins,2019-2020,NYC Parks
October - December,Session #1,False,231,Queens,FMCP,2018-2019,NYC Parks
January - March,Session #2,False,204,Manhattan,River Bank,2016-2017,NYC Parks
October - December,Session #1,False,201,Brooklyn,Metropolitan,2019-2020,NYC Parks
January - March,Session #2,False,236,Queens,FMCP,2018-2019,NYC Parks
October - December,Session #1,False,201,Queens,FMCP,2017-2018,NYC Parks
January - March,Session #2,False,201,Brooklyn,Metropolitan,2017-2018,NYC Parks
January - March,Session #2,False,201,Manhattan,Tony Dapolito,2018-2019,NYC Parks
April - June,Session #3,False,204,Bronx,St. Mary's,2017-2018,NYC Parks
January - March,Session #2,False,202,Brooklyn,Metropolitan,2017-2018,NYC Parks
October - December,Session #1,False,201,Queens,Roy Wilkins,2016-2017,NYC Parks
October - December,Session #1,False,307,Manhattan,River Bank,2019-2020,NYC Parks
October - December,Session #1,False,204,Bronx,St. Mary's,2019-2020,NYC Parks
January - March,Session #2,False,201,Queens,Roy Wilkins,2016-2017,NYC Parks
January - March,Session #2,False,202,Brooklyn,Metropolitan,2017-2018,NYC Parks
April - June,Session #3,False,2,Brooklyn,Metropolitan,2016-2017,NYC Parks
October - December,Session #1,False,201,Brooklyn,Brownsville,2017-2018,NYC Parks
April - June,Session #3,False,203,Queens,FMCP,2016-2017,NYC Parks
January - March,Session #2,False,216,Manhattan,River Bank,2020-2021,NYC Parks
April - June,Session #3,False,201,Queens,Roy Wilkins,2016-2017,NYC Parks
January - March,Session #2,False,100,Queens,Roy Wilkins,2018-2019,NYC Parks
October - December,Session #1,False,1,Brooklyn,Metropolitan,2017-2018,NYC Parks
January - March,Session #2,False,201,Bronx,St. Mary's,2018-2019,NYC Parks
April - June,Session #3,False,201,Queens,Roy Wilkins,2017-2018,NYC Parks
January - March,Session #2,False,202,Queens,Roy Wilkins,2016-2017,NYC Parks
October - December,Session #1,False,201,Queens,Roy Wilkins,2017-2018,NYC Parks
October - December,Session #1,True,404,Queens,FMCP,2017-2018,NYC Parks
October - December,Session #1,False,201,Queens,Roy Wilkins,2016-2017,NYC Parks
October - December,Session #1,False,201,Queens,Roy Wilkins,2017-2018,NYC Parks
April - June,Session #3,False,202/201,Queens,FMCP,2018-2019,NYC Parks
January - March,Session #2,False,201,Queens,FMCP,2016-2017,NYC Parks
January - March,Session #2,False,100,Brooklyn,Brownsville,2018-2019,NYC Parks
January - March,Session #2,False,201,Brooklyn,River Bank,2020-2021,NYC Parks
April - June,Session #3,False,"201, 449",Manhattan,Hansborough,2016-2017,NYC Parks
April - June,Session #3,False,202,Brooklyn,Brownsville,2016-2017,NYC Parks
April - June,Session #3,False,201,Queens,FMCP,2018-2019,NYC Parks
October - December,Session #1,False,202 & 205,Brooklyn,St. John's,2017-2018,NYC Parks
April - June,Session #3,False,202,Queens,Roy Wilkins,2018-2019,NYC Parks
April - June,Session #3,False,202,Queens,Roy Wilkins,2018-2019,NYC Parks
January - March,Session #2,False,203,Brooklyn,St. Mary's,2020-2021,NYC Parks
October - December,Session #1,False,201,Brooklyn,Brownsville,2017-2018,NYC Parks
October - December,Session #1,False,204,Queens,FMCP,2017-2018,NYC Parks
January - March,Session #2,False,203,Brooklyn,St. John's,2017-2018,NYC Parks
April - June,Session #3,False,201,Manhattan,Chelsea,2017-2018,NYC Parks
April - June,Session #3,False,231,Queens,Roy Wilkins,2017-2018,NYC Parks
January - March,Session #2,False,209,Queens,FMCP,2017-2018,NYC Parks
April - June,Session #3,False,201,Bronx,Fieldston,2016-2017,Partner Site
April - June,Session #3,False,201,Brooklyn,Brownsville,2018-2019,NYC Parks
October - December,Session #1,False,231,Queens,Roy Wilkins,2019-2020,NYC Parks
January - March,Session #2,False,202,Queens,Roy Wilkins,2016-2017,NYC Parks
April - June,Session #3,False,205,Manhattan,Tony Dapolito,2016-2017,NYC Parks
October - December,Session #1,False,202,Queens,FMCP,2017-2018,NYC Parks
January - March,Session #2,False,201,Queens,Roy Wilkins,2016-2017,NYC Parks
January - March,Session #2,False,201,Brooklyn,Metropolitan,2020-2021,NYC Parks
April - June,Session #3,False,"231,201",Queens,FMCP,2017-2018,NYC Parks
April - June,Session #3,False,202,Bronx,St. Mary's,2017-2018,NYC Parks
October - December,Session #1,False,2 QUINN HR,Queens,Roy Wilkins,2018-2019,NYC Parks
January - March,Session #2,False,201,Bronx,St. Mary's,2017-2018,NYC Parks
January - March,Session #2,True,y47,Manhattan,Tony Dapolito,2016-2017,NYC Parks
April - June,Session #3,False,201,Queens,Roy Wilkins,2017-2018,NYC Parks
January - March,Session #2,False,201,Brooklyn,St. John's,2016-2017,NYC Parks
January - March,Session #2,False,205,Brooklyn,St. John's,2020-2021,NYC Parks
October - December,Session #1,False,206,Manhattan,Tony Dapolito,2019-2020,NYC Parks
April - June,Session #3,False,202,Manhattan,Gertrude Ederle,2018-2019,NYC Parks
January - March,Session #2,False,204,Queens,Roy Wilkins,2020-2021,NYC Parks
October - December,Session #1,False,201,Manhattan,Chelsea,2016-2017,NYC Parks
January - March,Session #2,False,204,Manhattan,River Bank,2016-2017,NYC Parks
January - March,Session #2,False,311,Manhattan,Tony Dapolito,2017-2018,NYC Parks
January - March,Session #2,False,205,Queens,FMCP,2018-2019,NYC Parks
April - June,Session #3,False,2,Brooklyn,Metropolitan,2016-2017,NYC Parks
October - December,Session #1,False,"120, 129",Brooklyn,Brownsville,2016-2017,NYC Parks
April - June,Session #3,False,202,Bronx,St. Mary's,2017-2018,NYC Parks
April - June,Session #3,False,201,Queens,Roy Wilkins,2016-2017,NYC Parks
October - December,Session #1,False,"X01, Y52",Manhattan,Gertrude Ederle,2018-2019,NYC Parks
OCtober - December,Session #1,False,202,Brooklyn,St. John's,2016-2017,NYC Parks
January - March,Session #2,True,L7204,Brooklyn,Brownsville,2018-2019,NYC Parks
April - June,Session #3,False,231,Queens,Roy Wilkins,2016-2017,NYC Parks
April - June,Session #3,False,2,Brooklyn,Metropolitan,2016-2017,NYC Parks
October - December,Session #1,False,204,Queens,FMCP,2016-2017,NYC Parks
April - June,Session #3,False,204,Bronx,St. Mary's,2017-2018,NYC Parks
October - December,Session #1,False,204,Manhattan,Gertrude Ederle,2016-2017,NYC Parks
January - March,Session #2,False,233,Queens,FMCP,2018-2019,NYC Parks
January - March,Session #2,False,2,Brooklyn,Brownsville,2018-2019,NYC Parks
October - December,Session #1,False,201,Queens,Roy Wilkins,2019-2020,NYC Parks
October - December,Session #1,False,201,Brooklyn,Brownsville,2016-2017,NYC Parks
April - June,Session #3,False,203,Manhattan,Asser Levy,2016-2017,NYC Parks
April - June,Session #3,False,202,Brooklyn,Metropolitan,2017-2018,NYC Parks
October - December,Session #1,False,203,Queens,Far Rockaway,2017-2018,NYC Parks
October - December,Session #1,False,202,Bronx,St. Mary's,2017-2018,NYC Parks
October - December,Session #1,False,"201, 202",Brooklyn,Brownsville,2018-2019,NYC Parks
January - March,Session #2,False,209,Queens,FMCP,2017-2018,NYC Parks
January - March,Session #2,False,201,Brooklyn,Metropolitan,2018-2019,NYC Parks
October - December,Session #1,False,201 & 202,Brooklyn,St. John's,2017-2018,NYC Parks
October - December,Session #1,False,201,Queens,Roy Wilkins,2016-2017,NYC Parks
October - December,Session #1,False,604,Manhattan,Asser Levy,2017-2018,NYC Parks
January - March,Session #2,False,231,Queens,Roy Wilkins,2020-2021,NYC Parks
October - December,Session #1,False,202,Bronx,St. Mary's,2017-2018,NYC Parks
January - March,Session #2,False,202,Brooklyn,Metropolitan,2017-2018,NYC Parks
October - December,Session #1,False,201,Queens,FMCP,2016-2017,NYC Parks
October - December,Session #1,False,202,Brooklyn,St. John's,2017-2018,NYC Parks
January - March,Session #2,False,251,Manhattan,Gertrude Ederle,2017-2018,NYC Parks
October - December,Session #1,False,202,Brooklyn,Metropolitan,2016-2017,NYC Parks
January - March,Session #2,False,201,Queens,Roy Wilkins,2016-2017,NYC Parks
January - March,Session #2,False,202,Brooklyn,Metropolitan,2016-2017,NYC Parks
October - December,Session #1,False,1,Queens,FMCP,2018-2019,NYC Parks
October - December,Session #1,False,21/22,Bronx,St. Mary's,2016-2017,NYC Parks
January - March,Session #2,False,203,Manhattan,Gertrude Ederle,2016-2017,NYC Parks
October - December,Session #1,False,202,Queens,Roy Wilkins,2017-2018,NYC Parks
October - December,Session #1,False,201,Brooklyn,Brownsville,2018-2019,NYC Parks
April - June,Session #3,False,203,Queens,Roy Wilkins,2018-2019,NYC Parks
April - June,Session #3,False,201,Manhattan,Hansborough,2017-2018,NYC Parks
October - December,Session #1,False,201,Queens,Roy Wilkins,2017-2018,NYC Parks
January - March,Session #2,False,203,Brooklyn,Brownsville,2017-2018,NYC Parks
April - June,Session #3,False,231,Queens,FMCP,2016-2017,NYC Parks
April - June,Session #3,False,201,Manhattan,River Bank,2017-2018,NYC Parks
October - December,Session #1,False,2 QUINN HR,Queens,Roy Wilkins,2018-2019,NYC Parks
October - December,Session #1,False,203,Queens,Roy Wilkins,2017-2018,NYC Parks
April - June,Session #3,False,201,Brooklyn,Brownsville,2017-2018,NYC Parks
January - March,Session #2,False,201,Queens,Roy Wilkins,2020-2021,NYC Parks
January - March,Session #2,False,202,Brooklyn,Brownsville,2017-2018,NYC Parks
October - December,Session #1,False,201,Brooklyn,Brownsville,2018-2019,NYC Parks
October - December,Session #1,False,404,Queens,FMCP,2016-2017,NYC Parks
January - March,Session #2,False,202,Brooklyn,Metropolitan,2017-2018,NYC Parks
October - December,Session #1,False,201,Brooklyn,Brownsville,2016-2017,NYC Parks
April - June,Session #3,False,203 & 207,Brooklyn,Brownsville,2016-2017,NYC Parks
October - December,Session #1,False,205,Brooklyn,Brownsville,2017-2018,NYC Parks
April - June,Session #3,False,201,Brooklyn,Brownsville,2017-2018,NYC Parks
April - June,Session #3,False,231,Queens,Roy Wilkins,2018-2019,NYC Parks
January - March,Session #2,False,202,Bronx,St. Mary's,2016-2017,NYC Parks
April - June,Session #3,False,272,Brooklyn,Metropolitan,2016-2017,NYC Parks
October - December,Session #1,False,202,Manhattan,Hansborough,2017-2018,NYC Parks
January - March,Session #2,True,2020,Manhattan,Asser Levy,2020-2021,NYC Parks
October - December,Session #1,False,201,Brooklyn,Metropolitan,2017-2018,NYC Parks
January - March,Session #2,False,200,Brooklyn,Brownsville,2018-2019,NYC Parks
January - March,Session #2,False,219,Manhattan,Chelsea,2017-2018,NYC Parks
January - March,Session #2,False,201,Manhattan,River Bank,2020-2021,NYC Parks
January - March,Session #2,False,203,Manhattan,Gertrude Ederle,2020-2021,NYC Parks
October - December,Session #1,False,1,Manhattan,Hansborough,2018-2019,NYC Parks
October - December,Session #1,False,203,Brooklyn,Metropolitan,2019-2020,NYC Parks
January - March,Session #2,False,X01,Manhattan,Chelsea,2016-2017,NYC Parks
January - March,Session #2,False,201,Queens,Roy Wilkins,2018-2019,NYC Parks
October - December,Session #1,False,231,Queens,Roy Wilkins,2019-2020,NYC Parks
October - December,Session #1,False,206,Manhattan,Tony Dapolito,2016-2017,NYC Parks
October - December,Session #1,False,213,Manhattan,Tony Dapolito,2017-2018,NYC Parks
January - March,Session #2,False,201,Queens,Roy Wilkins,2016-2017,NYC Parks
October - December,Session #1,False,204,Brooklyn,Metropolitan,2019-2020,NYC Parks
October - December,Session #1,False,202,Brooklyn,St. John's,2016-2017,NYC Parks
April - June,Session #3,False,201,Queens,Roy Wilkins,2017-2018,NYC Parks
January - March,Session #2,False,213,Manhattan,Tony Dapolito,2016-2017,NYC Parks
October - December,Session #1,False,201,Queens,Roy Wilkins,2016-2017,NYC Parks
October - December,Session #1,False,201,Brooklyn,Metropolitan,2019-2020,NYC Parks
January - March,Session #2,False,203,Queens,FMCP,2018-2019,NYC Parks
April - June,Session #3,False,202,Brooklyn,Brownsville,2017-2018,NYC Parks
January - March,Session #2,False,201,Queens,Roy Wilkins,2018-2019,NYC Parks
January - March,Session #2,False,201,Queens,Roy Wilkins,2020-2021,NYC Parks
October - December,Session #1,False,201,Queens,FMCP,2017-2018,NYC Parks
January - March,Session #2,False,205,Manhattan,Hansborough,2017-2018,NYC Parks
April - June,Session #3,False,202,Queens,Roy Wilkins,2018-2019,NYC Parks
January - March,Session #2,False,201,Manhattan,River Bank,2018-2019,NYC Parks
January - March,Session #2,False,202,Brooklyn,Brownsville,2018-2019,NYC Parks
April - June,Session #3,False,201,Brooklyn,Brownsville,2017-2018,NYC Parks
January - March,Session #2,False,246,Brooklyn,River Bank,2020-2021,NYC Parks
January - March,Session #2,False,202,Queens,FMCP,2016-2017,NYC Parks
october - december,Session #1,False,202,Brooklyn,St. John's,2016-2017,NYC Parks
October - December,Session #1,False,203,Brooklyn,Brownsville,2019-2020,NYC Parks
January - March,Session #2,False,201,Brooklyn,St. John's,2020-2021,NYC Parks
January - March,Session #2,False,2,Queens,FMCP,2016-2017,NYC Parks
January - March,Session #2,False,205,Brooklyn,Metropolitan,2020-2021,NYC Parks
April - June,Session #3,False,201,Brooklyn,St. John's,2016-2017,NYC Parks
October - December,Session #1,False,202,Queens,Roy Wilkins,2017-2018,NYC Parks
January - March,Session #2,False,203,Brooklyn,Metropolitan,2018-2019,NYC Parks
April - June,Session #3,True,207,Manhattan,Chelsea,2016-2017,NYC Parks
April - June,Session #3,False,202,Manhattan,Asser Levy,2016-2017,NYC Parks
January - March,Session #2,False,231,Queens,Roy Wilkins,2018-2019,NYC Parks
April - June,Session #3,False,201,Bronx,St. Mary's,2018-2019,NYC Parks
October - december,Session #1,False,201,Brooklyn,St. John's,2016-2017,NYC Parks
January - March,Session #2,False,204,Brooklyn,St. John's,2020-2021,NYC Parks
October - December,Session #1,False,201,Manhattan,Hansborough,2016-2017,NYC Parks
October - December,Session #1,False,202,Brooklyn,St. John's,2019-2020,NYC Parks
October - December,Session #1,False,"120, 129",Brooklyn,Brownsville,2016-2017,NYC Parks
October - December,Session #1,False,202 & 205,Brooklyn,St. John's,2017-2018,NYC Parks
October - December,Session #1,False,201,Queens,FMCP,2017-2018,NYC Parks
October - December,Session #1,False,201,Queens,Roy Wilkins,2016-2017,NYC Parks
January - March,Session #2,False,202,Brooklyn,Brownsville,2017-2018,NYC Parks
January - March,Session #2,False,201,Manhattan,Hansborough,2016-2017,NYC Parks
January - March,Session #2,False,201,Brooklyn,Brownsville,2018-2019,NYC Parks
October - December,Session #1,False,201,Brooklyn,St. John's,2017-2018,NYC Parks
October - December,Session #1,False,201,Manhattan,Chelsea,2016-2017,NYC Parks
October - December,Session #1,False,202,Queens,Roy Wilkins,2019-2020,NYC Parks
April - June,Session #3,False,202,Bronx,St. Mary's,2018-2019,NYC Parks
April - June,Session #3,False,202,Bronx,St. Mary's,2017-2018,NYC Parks
January - March,Session #2,True,L7204,Brooklyn,Brownsville,2018-2019,NYC Parks
January - March,Session #2,False,205,Manhattan,Gertrude Ederle,2018-2019,NYC Parks
January - March,Session #2,False,231,Queens,FMCP,2018-2019,NYC Parks
October - December,Session #1,False,309,Manhattan,River Bank,2019-2020,NYC Parks
October - December,Session #1,False,201,Queens,Roy Wilkins,2019-2020,NYC Parks
October - December,Session #1,False,201,Brooklyn,Metropolitan,2018-2019,NYC Parks
October - December,Session #1,False,603,Manhattan,Asser Levy,2018-2019,NYC Parks
April - June,Session #3,False,231,Queens,Roy Wilkins,2018-2019,NYC Parks
October - December,Session #1,False,204,Manhattan,Asser Levy,2019-2020,NYC Parks
April - June,Session #3,False,201,Brooklyn,St. John's,2017-2018,NYC Parks
April - June,Session #3,False,231,Queens,FMCP,2016-2017,NYC Parks
January - March,Session #2,False,237,Queens,FMCP,2017-2018,NYC Parks
October - December,Session #1,False,202,Manhattan,Hansborough,2016-2017,NYC Parks
April - June,Session #3,False,2,Manhattan,Gertrude Ederle,2016-2017,NYC Parks
October - December,Session #1,False,203,Brooklyn,Metropolitan,2016-2017,NYC Parks
October - December,Session #1,False,202,Brooklyn,Brownsville,2018-2019,NYC Parks
October - December,Session #1,False,202,Queens,Roy Wilkins,2017-2018,NYC Parks
January - March,Session #2,False,207,Queens,FMCP,2017-2018,NYC Parks
January - March,Session #2,True,L7204,Brooklyn,Brownsville,2018-2019,NYC Parks
October - December,Session #1,False,202,Manhattan,Asser Levy,2019-2020,NYC Parks
January - March,Session #2,False,201,Brooklyn,Metropolitan,2020-2021,NYC Parks
October - December,Session #1,False,231,Queens,Roy Wilkins,2017-2018,NYC Parks
April - June,Session #3,True,123,Queens,FMCP,2018-2019,NYC Parks
January - March,Session #2,False,2,Brooklyn,Brownsville,2016-2017,NYC Parks
January - March,Session #2,False,231,Queens,FMCP,2016-2017,NYC Parks
January - March,Session #2,False,231,Queens,Roy Wilkins,2018-2019,NYC Parks
October - December,Session #1,False,Y12 & Y11,Brooklyn,LIU,2016-2017,NYC Parks
October - December,Session #1,False,203,Queens,Roy Wilkins,2016-2017,NYC Parks
January - March,Session #2,False,201,Manhattan,Tony Dapolito,2018-2019,NYC Parks
October - December,Session #1,False,205,Bronx,St. Mary's,2019-2020,NYC Parks
October - December,Session #1,False,2,Manhattan,Boys and Girls Harbor,2016-2017,NYC Parks
October - December,Session #1,False,202,Brooklyn,St. John's,2017-2018,NYC Parks
April - June,Session #3,True,102,Brooklyn,Metropolitan,2018-2019,NYC Parks
January - March,Session #2,False,205,Manhattan,Hansborough,2017-2018,NYC Parks
October - December,Session #1,False,204,Manhattan,Gertrude Ederle,2019-2020,NYC Parks
January - March,Session #2,False,309,Brooklyn,Metropolitan,2017-2018,NYC Parks
October - December,Session #1,False,291/ 231,Queens,Roy Wilkins,2016-2017,NYC Parks
October - December,Session #1,False,201,Brooklyn,Brownsville,2019-2020,NYC Parks
January - March,Session #2,False,201,Brooklyn,Brownsville,2016-2017,NYC Parks
January - March,Session #2,False,203,Brooklyn,St. John's,2017-2018,NYC Parks
October - December,Session #1,False,203,Queens,Roy Wilkins,2018-2019,NYC Parks
October - December,Session #1,False,205,Brooklyn,Metropolitan,2019-2020,NYC Parks
April - June,Session #3,False,2A219,Brooklyn,Brownsville,2017-2018,NYC Parks
January - March,Session #2,False,202,Bronx,St. Mary's,2016-2017,NYC Parks
October - December,Session #1,False,202 & 205,Brooklyn,St. John's,2017-2018,NYC Parks
April - June,Session #3,False,202,Brooklyn,St. John's,2016-2017,NYC Parks
October - December,Session #1,False,202,Queens,FMCP,2017-2018,NYC Parks
October - December,Session #1,False,231,Queens,Roy Wilkins,2017-2018,NYC Parks
April - June,Session #3,False,201,Queens,Roy Wilkins,2017-2018,NYC Parks
January - March,Session #2,False,205,Brooklyn,Brownsville,2018-2019,NYC Parks
October - December,Session #1,False,202/205,Bronx,St. Mary's,2018-2019,NYC Parks
October - December,Session #1,False,321,Manhattan,Asser Levy,2018-2019,NYC Parks
January - March,Session #2,False,206,Brooklyn,Metropolitan,2017-2018,NYC Parks
January - March,Session #2,False,206,Manhattan,Gertrude Ederle,2018-2019,NYC Parks
April - June,Session #3,False,202,Brooklyn,Brownsville,2016-2017,NYC Parks
January - March,Session #2,False,204,Bronx,St. Mary's,2017-2018,NYC Parks
October - December,Session #1,False,120,Brooklyn,Brownsville,2016-2017,NYC Parks
April - June,Session #3,False,215/232/229,Queens,FMCP,2017-2018,NYC Parks
January - March,Session #2,False,231,Queens,Roy Wilkins,2018-2019,NYC Parks
January - March,Session #2,False,2,Queens,FMCP,2016-2017,NYC Parks
January - March,Session #2,False,203,Queens,FMCP,2017-2018,NYC Parks
April - June,Session #3,False,"201, 449",Manhattan,Hansborough,2016-2017,NYC Parks
April - June,Session #3,False,202,Queens,FMCP,2018-2019,NYC Parks
October - December,Session #1,False,231,Queens,FMCP,2016-2017,NYC Parks
January - March,Session #2,False,201,Brooklyn,Metropolitan,2017-2018,NYC Parks
January - March,Session #2,False,201,Queens,Roy Wilkins,2016-2017,NYC Parks
October - December,Session #1,False,201,Queens,Roy Wilkins,2016-2017,NYC Parks
January - March,Session #2,False,205,Brooklyn,Metropolitan,2020-2021,NYC Parks
October - December,Session #1,False,201,Manhattan,Hansborough,2016-2017,NYC Parks
October - December,Session #1,False,201,Brooklyn,Metropolitan,2018-2019,NYC Parks
October - December,Session #1,False,207,Manhattan,Gertrude Ederle,2018-2019,NYC Parks
January - March,Session #2,False,202,Queens,Roy Wilkins,2016-2017,NYC Parks
April - June,Session #3,False,201,Queens,FMCP,2016-2017,NYC Parks
October - December,Session #1,False,201,Brooklyn,Brownsville,2017-2018,NYC Parks
October - December,Session #1,False,291/ 231,Queens,Roy Wilkins,2016-2017,NYC Parks
October - December,Session #1,False,201,Brooklyn,Brownsville,2016-2017,NYC Parks
October - December,Session #1,False,201,Brooklyn,Brownsville,2017-2018,NYC Parks
October - December,Session #1,False,201,Queens,Roy Wilkins,2016-2017,NYC Parks
April - June,Session #3,False,"291, 202",Queens,Roy Wilkins,2016-2017,NYC Parks
January - March,Session #2,False,309,Brooklyn,Metropolitan,2017-2018,NYC Parks
April - June,Session #3,False,202,Queens,FMCP,2016-2017,NYC Parks
January - March,Session #2,False,205,Brooklyn,St. John's,2017-2018,NYC Parks
April - June,Session #3,False,903/203,Brooklyn,St. John's,2017-2018,NYC Parks
January - March,Session #2,False,203,Brooklyn,St. John's,2016-2017,NYC Parks
October - December,Session #1,False,202,Queens,Roy Wilkins,2016-2017,NYC Parks
January - March,Session #2,False,11,Brooklyn,Brownsville,2020-2021,NYC Parks
October - December,Session #1,False,201,Manhattan,St. Mary's,2019-2020,NYC Parks
January - March,Session #2,False,201,Brooklyn,Brownsville,2020-2021,NYC Parks
January - March,Session #2,False,204,Manhattan,Tony Dapolito,2016-2017,NYC Parks
April - June,Session #3,False,203,Queens,Roy Wilkins,2016-2017,NYC Parks
April - June,Session #3,False,201,Manhattan,Tony Dapolito,2017-2018,NYC Parks
January - March,Session #2,False,232,Brooklyn,Brownsville,2016-2017,NYC Parks
January - March,Session #2,False,202,Brooklyn,Brownsville,2018-2019,NYC Parks
April - June,Session #3,False,2 Quinn HR,Queens,Roy Wilkins,2017-2018,NYC Parks
January - March,Session #2,False,201,Manhattan,Tony Dapolito,2018-2019,NYC Parks
October - December,Session #1,False,202 & 205,Brooklyn,St. John's,2017-2018,NYC Parks
January - March,Session #2,False,201,Brooklyn,Brownsville,2020-2021,NYC Parks
January - March,Session #2,False,201,Queens,Roy Wilkins,2020-2021,NYC Parks
January - March,Session #2,False,202,Queens,Roy Wilkins,2020-2021,NYC Parks
April - June,Session #3,False,"230,232",Manhattan,Gertrude Ederle,2017-2018,NYC Parks
April - June,Session #3,False,205,Manhattan,Tony Dapolito,2016-2017,NYC Parks
January - March,Session #2,False,204,Manhattan,Tony Dapolito,2018-2019,NYC Parks
January - March,Session #2,False,291,Manhattan,Chelsea,2016-2017,NYC Parks
January - March,Session #3,False,201,Queens,FMCP,2017-2018,NYC Parks
April - June,Session #3,False,202,Manhattan,Hansborough,2016-2017,NYC Parks
October - December,Session #1,False,202,Brooklyn,Brownsville,2018-2019,NYC Parks
April - June,Session #3,False,203,Manhattan,Hansborough,2017-2018,NYC Parks
January - March,Session #2,False,201,Brooklyn,Metropolitan,2017-2018,NYC Parks
October - December,Session #1,False,205,Manhattan,Tony Dapolito,2017-2018,NYC Parks
October - December,Session #1,False,202,Queens,Roy Wilkins,2017-2018,NYC Parks
January - March,Session #2,False,202,Brooklyn,Brownsville,2017-2018,NYC Parks
October - December,Session #1,False,203,Brooklyn,Metropolitan,2016-2017,NYC Parks
April - June,Session #3,False,204,Manhattan,Chelsea,2017-2018,NYC Parks
January - March,Session #2,False,203,Queens,FMCP,2016-2017,NYC Parks
January - March,Session #2,False,201,Queens,FMCP,2018-2019,NYC Parks
January - March,Session #2,False,303,Manhattan,Tony Dapolito,2020-2021,NYC Parks
January - March,Session #2,False,204,Brooklyn,St. John's,2016-2017,NYC Parks
April - June,Session #3,False,903/203,Brooklyn,St. John's,2017-2018,NYC Parks
April - June,Session #3,False,203,Brooklyn,St. John's,2017-2018,NYC Parks
January - March,Session #2,False,205,Brooklyn,Metropolitan,2020-2021,NYC Parks
October - December,Session #1,False,203,Queens,Far Rockaway,2017-2018,NYC Parks
January - March,Session #2,False,201,Brooklyn,Metropolitan,2016-2017,NYC Parks
October - December,Session #1,False,202,Manhattan,Gertrude Ederle,2016-2017,NYC Parks
October - December,Session #1,False,202,Manhattan,Boys and Girls Harbor,2016-2017,NYC Parks
January - March,Session #2,False,201,Queens,Roy Wilkins,2020-2021,NYC Parks
January - March,Session #2,False,205,Brooklyn,Metropolitan,2020-2021,NYC Parks
April - June,Session #3,False,202,Brooklyn,Brownsville,2017-2018,NYC Parks
April - June,Session #3,False,"230,232",Manhattan,Gertrude Ederle,2017-2018,NYC Parks
April - June,Session #3,False,231,Queens,FMCP,2017-2018,NYC Parks
October - December,Session #1,False,"202, 219, 229",Manhattan,Gertrude Ederle,2017-2018,NYC Parks
April - June,Session #3,False,202,Brooklyn,Brownsville,2017-2018,NYC Parks
October - December,Session #1,False,"Y44, Y23",Manhattan,LIU,2018-2019,NYC Parks
October - December,Session #1,False,202,Brooklyn,Metropolitan,2019-2020,NYC Parks
April - June,Session #3,False,201,Bronx,St. Mary's,2016-2017,NYC Parks
January - March,Session #2,False,201,Manhattan,Tony Dapolito,2018-2019,NYC Parks
April - June,Session #3,False,203,Manhattan,Hansborough,2016-2017,NYC Parks
January - March,Session #2,True,Y07,Brooklyn,Metropolitan,2016-2017,NYC Parks
April - June,Session #3,False,202,Queens,FMCP,2018-2019,NYC Parks
October - December,Session #1,False,231,Queens,FMCP,2016-2017,NYC Parks
April - June,Session #3,False,219,Brooklyn,St. John's,2016-2017,NYC Parks
October - December,Session #1,False,201,Brooklyn,St. John's,2016-2017,NYC Parks
october - december,Session #1,False,201,Brooklyn,St. John's,2016-2017,NYC Parks
January - March,Session #2,False,307,Manhattan,Tony Dapolito,2020-2021,NYC Parks
October - December,Session #1,False,2 HR,Queens,Roy Wilkins,2017-2018,NYC Parks
April - June,Session #3,False,231,Queens,FMCP,2017-2018,NYC Parks
April - June,Session #3,False,201,Queens,Roy Wilkins,2017-2018,NYC Parks
January - March,Session #2,False,201,Queens,Roy Wilkins,2020-2021,NYC Parks
April - June,Session #3,False,202,Queens,Roy Wilkins,2016-2017,NYC Parks
October - December,Session #1,False,201,Queens,Roy Wilkins,2018-2019,NYC Parks
January - March,Session #2,False,203,Manhattan,Chelsea,2016-2017,NYC Parks
April - June,Session #3,False,202,Manhattan,River Bank,2018-2019,NYC Parks
January - March,Session #2,False,2,Queens,Roy Wilkins,2017-2018,NYC Parks
October - December,Session #1,False,201,Queens,FMCP,2016-2017,NYC Parks
October - December,Session #1,False,2,Queens,FMCP,2018-2019,NYC Parks
October - December,Session #1,False,221,Queens,FMCP,2017-2018,NYC Parks
January - March,Session #2,False,202,Brooklyn,Metropolitan,2020-2021,NYC Parks
January - March,Session #2,False,204,Manhattan,Tony Dapolito,2016-2017,NYC Parks
April - June,Session #3,False,202,Manhattan,Gertrude Ederle,2018-2019,NYC Parks
October - December,Session #1,False,202,Brooklyn,Brownsville,2017-2018,NYC Parks
October - December,Session #1,False,204,Brooklyn,Metropolitan,2018-2019,NYC Parks
October - December,Session #1,False,204,Manhattan,Gertrude Ederle,2016-2017,NYC Parks
April - June,Session #3,False,202,Queens,FMCP,2016-2017,NYC Parks
April - June,Session #3,False,"21, 22",Bronx,St. Mary's,2016-2017,NYC Parks
January - March,Session #2,False,203,Brooklyn,St. John's,2017-2018,NYC Parks
April - June,Session #3,False,2,Manhattan,Gertrude Ederle,2016-2017,NYC Parks
October - December,Session #1,False,213,Manhattan,Tony Dapolito,2017-2018,NYC Parks
January - March,Session #2,False,204,Manhattan,Tony Dapolito,2018-2019,NYC Parks
January - March,Session #2,True,Y07,Brooklyn,Metropolitan,2016-2017,NYC Parks
January - March,Session #2,False,201,Manhattan,Tony Dapolito,2018-2019,NYC Parks
October - December,Session #1,False,204,Manhattan,Gertrude Ederle,2016-2017,NYC Parks
April - June,Session #3,False,202,Manhattan,Hansborough,2016-2017,NYC Parks
April - June,Session #3,False,201,Queens,FMCP,2018-2019,NYC Parks
October - December,Session #1,False,202,Queens,Roy Wilkins,2017-2018,NYC Parks
October - December,Session #1,False,601,Manhattan,Asser Levy,2018-2019,NYC Parks
october - december,Session #1,False,205,Brooklyn,Metropolitan,2016-2017,NYC Parks
October - December,Session #1,False,221,Manhattan,Hansborough,2017-2018,NYC Parks
October - December,Session #1,False,201,Brooklyn,Metropolitan,2018-2019,NYC Parks
October - December,Session #1,False,203,Queens,Roy Wilkins,2017-2018,NYC Parks
January - March,Session #2,False,207,Manhattan,Gertrude Ederle,2016-2017,NYC Parks
October - December,Session #1,False,205,Manhattan,Tony Dapolito,2017-2018,NYC Parks
January - March,Session #2,False,204,Manhattan,Tony Dapolito,2018-2019,NYC Parks
October - December,Session #1,False,201,Queens,Roy Wilkins,2016-2017,NYC Parks
January - March,Session #2,False,309,Brooklyn,Metropolitan,2017-2018,NYC Parks
October - December,Session #1,False,204,Queens,Far Rockaway,2017-2018,NYC Parks
October - December,Session #1,False,203,Manhattan,Boys and Girls Harbor,2016-2017,NYC Parks
April - June,Session #3,False,201,Queens,Roy Wilkins,2016-2017,NYC Parks
January - March,Session #2,False,2,Queens,FMCP,2016-2017,NYC Parks
January - March,Session #2,False,201,Queens,Roy Wilkins,2018-2019,NYC Parks
october - december,Session #1,False,202,Brooklyn,St. John's,2016-2017,NYC Parks
October - December,Session #1,False,202,Brooklyn,Metropolitan,2019-2020,NYC Parks
January - March,Session #2,False,231,Queens,FMCP,2016-2017,NYC Parks
January - March,Session #2,False,231,Queens,FMCP,2018-2019,NYC Parks
January - March,Session #2,False,311,Manhattan,Tony Dapolito,2017-2018,NYC Parks
January - March,Session #2,False,214,Brooklyn,St. John's,2020-2021,NYC Parks
October - December,Session #1,False,204,Manhattan,Gertrude Ederle,2019-2020,NYC Parks
January - March,Session #2,False,202,Queens,Roy Wilkins,2018-2019,NYC Parks
October - December,Session #1,False,202,Manhattan,Hansborough,2017-2018,NYC Parks
January - March,Session #2,False,202,Brooklyn,Metropolitan,2017-2018,NYC Parks
April - June,Session #3,False,231,Queens,FMCP,2018-2019,NYC Parks
January - March,Session #2,False,201,Brooklyn,Metropolitan,2019-2020,NYC Parks
April - June,Session #3,False,201,Brooklyn,Metropolitan,2017-2018,NYC Parks
October - December,Session #1,False,201,Queens,Roy Wilkins,2019-2020,NYC Parks
January - March,Session #2,False,237,Queens,FMCP,2017-2018,NYC Parks
October - December,Session #1,False,203,Manhattan,Boys and Girls Harbor,2016-2017,NYC Parks
October - December,Session #1,False,202,Brooklyn,Brownsville,2016-2017,NYC Parks
January - March,Session #2,False,205,Brooklyn,Metropolitan,2020-2021,NYC Parks
October - December,Session #1,False,201,Queens,Far Rockaway,2017-2018,NYC Parks
January - March,Session #2,False,201,Queens,Roy Wilkins,2020-2021,NYC Parks
January - March,Session #2,False,201/202,Brooklyn,Brownsville,2016-2017,NYC Parks
October - December,Session #1,False,206,Queens,FMCP,2017-2018,NYC Parks
April - June,Session #3,False,2 Quinn HR,Queens,Roy Wilkins,2017-2018,NYC Parks
January - March,Session #2,False,202,Brooklyn,St. John's,2016-2017,NYC Parks
January - March,Session #2,False,201,Queens,Roy Wilkins,2018-2019,NYC Parks
January - March,Session #2,False,201,Queens,Roy Wilkins,2020-2021,NYC Parks
January - March,Session #2,False,"236, 200, 234",Manhattan,Asser Levy,2016-2017,NYC Parks
January - March,Session #2,False,201,Brooklyn,River Bank,2020-2021,NYC Parks
October - December,Session #1,False,201,Brooklyn,Brownsville,2016-2017,NYC Parks
April - June,Session #3,True,Y41 & Y42,Brooklyn,Metropolitan,2016-2017,NYC Parks
April - June,Session #3,False,205,Manhattan,Gertrude Ederle,2017-2018,NYC Parks
January - March,Session #2,False,204,Brooklyn,St. John's,2016-2017,NYC Parks
October - December,Session #1,False,2,Queens,FMCP,2018-2019,NYC Parks
OCtober - December,Session #1,False,202,Brooklyn,St. John's,2016-2017,NYC Parks
October - December,Session #1,False,201,Brooklyn,Metropolitan,2019-2020,NYC Parks
October - December,Session #1,False,204,Brooklyn,Metropolitan,2018-2019,NYC Parks
October - December,Session #1,False,201,Brooklyn,Metropolitan,2019-2020,NYC Parks
October - December,Session #1,False,201,Brooklyn,Metropolitan,2019-2020,NYC Parks
January - March,Session #2,False,201,Brooklyn,Metropolitan,2020-2021,NYC Parks
January - March,Session #2,False,233/234,Queens,FMCP,2017-2018,NYC Parks
October - December,Session #1,False,121/123,Manhattan,Asser Levy,2019-2020,NYC Parks
January - March,Session #2,False,202,Queens,Roy Wilkins,2016-2017,NYC Parks
October - December,Session #1,False,251,Manhattan,Gertrude Ederle,2016-2017,NYC Parks
April - June,Session #3,False,202/201,Queens,FMCP,2018-2019,NYC Parks
January - March,Session #2,False,202,Brooklyn,St. John's,2017-2018,NYC Parks
January - March,Session #2,False,203,Manhattan,Gertrude Ederle,2016-2017,NYC Parks
January - March,Session #2,False,201,Brooklyn,Metropolitan,2016-2017,NYC Parks
October - December,Session #1,False,201,Queens,Roy Wilkins,2017-2018,NYC Parks
April - June,Session #3,False,201,Brooklyn,Metropolitan,2017-2018,NYC Parks
October - December,Session #1,False,202,Queens,Roy Wilkins,2019-2020,NYC Parks
January - March,Session #2,False,202/239,Brooklyn,Brownsville,2016-2017,NYC Parks
October - December,Session #1,False,201,Brooklyn,St. John's,2019-2020,NYC Parks
October - December,Session #1,False,202,Queens,Roy Wilkins,2016-2017,NYC Parks
October - December,Session #1,False,201,Queens,FMCP,2017-2018,NYC Parks
January - March,Session #2,False,201,Manhattan,Tony Dapolito,2018-2019,NYC Parks
October - December,Session #1,False,231,Queens,Roy Wilkins,2017-2018,NYC Parks
October - December,Session #1,False,201,Queens,Roy Wilkins,2018-2019,NYC Parks
January - March,Session #2,False,903/ 203,Brooklyn,St. John's,2017-2018,NYC Parks
January - March,Session #2,False,205/129,Brooklyn,Metropolitan,2017-2018,NYC Parks
October - december,Session #1,False,202,Brooklyn,St. John's,2016-2017,NYC Parks
October - December,Session #1,False,202,Brooklyn,Metropolitan,2019-2020,NYC Parks
October - December,Session #1,False,203,Queens,Far Rockaway,2017-2018,NYC Parks
October - December,Session #1,False,1,Brooklyn,Metropolitan,2017-2018,NYC Parks
October - December,Session #1,False,203,Queens,Roy Wilkins,2018-2019,NYC Parks
October - december,Session #1,False,202,Queens,Roy Wilkins,2016-2017,NYC Parks
April - June,Session #3,False,202,Brooklyn,Metropolitan,2017-2018,NYC Parks
April - June,Session #3,False,202,Brooklyn,St. John's,2016-2017,NYC Parks
January - March,Session #2,False,291,Queens,Roy Wilkins,2018-2019,NYC Parks
April - June,Session #3,False,205,Manhattan,Tony Dapolito,2016-2017,NYC Parks
April - June,Session #3,False,201,Brooklyn,Metropolitan,2018-2019,NYC Parks
January - March,Session #2,False,201,Brooklyn,Metropolitan,2020-2021,NYC Parks
April - June,Session #3,False,201,Manhattan,Gertrude Ederle,2016-2017,NYC Parks
January - March,Session #2,False,204,Queens,FMCP,2018-2019,NYC Parks
January - March,Session #2,False,205,Queens,FMCP,2018-2019,NYC Parks
October - December,Session #1,False,2 QUINN HR,Queens,Roy Wilkins,2018-2019,NYC Parks
October - December,Session #1,False,291,Manhattan,Chelsea,2017-2018,NYC Parks
October - December,Session #1,False,609,Brooklyn,LIU,2017-2018,NYC Parks
October - December,Session #1,False,204,Queens,FMCP,2016-2017,NYC Parks
October - December,Session #1,False,221,Queens,FMCP,2016-2017,NYC Parks
October - December,Session #1,False,231,Queens,FMCP,2016-2017,NYC Parks
January - March,Session #2,False,201,Queens,Roy Wilkins,2020-2021,NYC Parks
October - December,Session #1,False,1,Queens,FMCP,2018-2019,NYC Parks
January - March,Session #2,False,202,Bronx,St. Mary's,2016-2017,NYC Parks
April - June,Session #3,False,205,Brooklyn,Metropolitan,2018-2019,NYC Parks
April - June,Session #3,False,28,Queens,FMCP,2016-2017,NYC Parks
April - June,Session #3,False,203,Queens,Roy Wilkins,2016-2017,NYC Parks
April - June,Session #3,False,201,Manhattan,Chelsea,2017-2018,NYC Parks
October - December,Session #1,False,202,Queens,Roy Wilkins,2016-2017,NYC Parks
April - June,Session #3,False,201,Queens,FMCP,2016-2017,NYC Parks
January - March,Session #2,False,203,Manhattan,Chelsea,2016-2017,NYC Parks
January - March,Session #2,False,2,Queens,Roy Wilkins,2018-2019,NYC Parks
January - March,Session #2,False,204,Queens,FMCP,2016-2017,NYC Parks
April - June,Session #3,False,202,Manhattan,Asser Levy,2017-2018,NYC Parks
April - June,Session #3,False,"129, 201",Brooklyn,St. John's,2016-2017,NYC Parks
April - June,Session #3,False,201,Brooklyn,Metropolitan,2017-2018,NYC Parks
April - June,Session #3,False,206,Brooklyn,Brownsville,2017-2018,NYC Parks
April - June,Session #3,False,2,Manhattan,Tony Dapolito,2018-2019,NYC Parks
January - March,Session #2,False,202,Brooklyn,Metropolitan,2016-2017,NYC Parks
October - December,Session #1,False,291/ 231,Queens,Roy Wilkins,2016-2017,NYC Parks
October - December,Session #1,False,203,Manhattan,Boys and Girls Harbor,2016-2017,NYC Parks
October - December,Session #1,False,205,Brooklyn,Brownsville,2017-2018,NYC Parks
October - December,Session #1,False,201,Brooklyn,Metropolitan,2019-2020,NYC Parks
October - December,Session #1,False,201,Brooklyn,Metropolitan,2018-2019,NYC Parks
October - December,Session #1,False,202,Manhattan,Hansborough,2016-2017,NYC Parks
January - March,Session #2,False,205,Manhattan,Tony Dapolito,2016-2017,NYC Parks
January - March,Session #2,False,213,Manhattan,Tony Dapolito,2016-2017,NYC Parks
October - December,Session #1,False,2 Thorpe HR,Queens,Roy Wilkins,2016-2017,NYC Parks
January - March,Session #2,False,201,Brooklyn,Metropolitan,2020-2021,NYC Parks
January - March,Session #2,False,201,Brooklyn,Metropolitan,2016-2017,NYC Parks
April - June,Session #3,False,204,Bronx,St. Mary's,2017-2018,NYC Parks
January - March,Session #2,False,201,Manhattan,Hansborough,2017-2018,NYC Parks
October - December,Session #1,False,201,Brooklyn,Brownsville,2016-2017,NYC Parks
April - June,Session #3,False,203,Queens,FMCP,2016-2017,NYC Parks
April - June,Session #3,False,201,Brooklyn,Metropolitan,2017-2018,NYC Parks
October - December,Session #1,False,"216, 205, 207, 214",Manhattan,Hansborough,2017-2018,NYC Parks
April - June,Session #3,False,202,Brooklyn,St. John's,2016-2017,NYC Parks
January - March,Session #2,False,205,Queens,FMCP,2018-2019,NYC Parks
April - June,Session #3,False,201,Queens,FMCP,2018-2019,NYC Parks
January - March,Session #2,False,202,Brooklyn,Brownsville,2018-2019,NYC Parks
October - December,Session #1,False,202,Brooklyn,Metropolitan,2019-2020,NYC Parks
April - June,Session #3,False,202,Bronx,St. Mary's,2016-2017,NYC Parks
october - december,Session #1,False,201,Brooklyn,St. John's,2016-2017,NYC Parks
April - June,Session #3,False,205,Manhattan,Tony Dapolito,2018-2019,NYC Parks
January - March,Session #2,False,203,Queens,FMCP,2016-2017,NYC Parks
April - June,Session #3,False,202,Brooklyn,Brownsville,2017-2018,NYC Parks
October - December,Session #1,False,201,Queens,FMCP,2018-2019,NYC Parks
October - December,Session #1,False,205,Brooklyn,Metropolitan,2016-2017,NYC Parks
April - June,Session #3,False,201,Brooklyn,St. John's,2017-2018,NYC Parks
April - June,Session #3,False,439,Manhattan,Hansborough,2018-2019,NYC Parks
April - June,Session #3,False,202,Queens,Roy Wilkins,2017-2018,NYC Parks
April - June,Session #3,False,201,Queens,Roy Wilkins,2016-2017,NYC Parks
October - December,Session #1,False,202,Queens,Roy Wilkins,2016-2017,NYC Parks
January - March,Session #2,False,203,Queens,FMCP,2016-2017,NYC Parks
October - December,Session #1,False,1,Queens,FMCP,2018-2019,NYC Parks
January - March,Session #2,False,201,Queens,Roy Wilkins,2016-2017,NYC Parks
April - June,Session #3,False,201,Queens,FMCP,2018-2019,NYC Parks
April - June,Session #3,False,205,Brooklyn,Metropolitan,2018-2019,NYC Parks
January - March,Session #2,False,2,Queens,Roy Wilkins,2018-2019,NYC Parks
October - December,Session #1,False,307,Manhattan,Tony Dapolito,2019-2020,NYC Parks
January - March,Session #2,False,202,Queens,Roy Wilkins,2018-2019,NYC Parks
October - December,Session #1,False,201,Manhattan,Tony Dapolito,2019-2020,NYC Parks
January - March,Session #2,False,201,Queens,Roy Wilkins,2018-2019,NYC Parks
January - March,Session #2,False,204,Queens,Roy Wilkins,2016-2017,NYC Parks
October - December,Session #1,True,202,Manhattan,Hansborough,2018-2019,NYC Parks
October - December,Session #1,False,203,Queens,FMCP,2016-2017,NYC Parks
January - March,Session #2,False,231,Queens,FMCP,2018-2019,NYC Parks
October - December,Session #1,False,231,Queens,Roy Wilkins,2017-2018,NYC Parks
October - December,Session #1,False,202,Queens,FMCP,2018-2019,NYC Parks
October - December,Session #1,False,201,Queens,FMCP,2018-2019,NYC Parks
October - December,Session #1,False,202,Manhattan,Asser Levy,2019-2020,NYC Parks
April - June,Session #3,False,"203, 291",Queens,Roy Wilkins,2016-2017,NYC Parks
January - March,Session #2,False,202,Brooklyn,Brownsville,2018-2019,NYC Parks
April - June,Session #3,False,201,Manhattan,Gertrude Ederle,2016-2017,NYC Parks
January - March,Session #2,True,V01,Manhattan,Tony Dapolito,2017-2018,NYC Parks
January - March,Session #2,False,201,Brooklyn,Metropolitan,2020-2021,NYC Parks
January - March,Session #2,False,204,Brooklyn,St. John's,2016-2017,NYC Parks
October - December,Session #1,False,203,Queens,Roy Wilkins,2018-2019,NYC Parks
October - December,Session #1,False,202,Brooklyn,Metropolitan,2019-2020,NYC Parks
October - December,Session #1,False,201,Queens,FMCP,2017-2018,NYC Parks
October - December,Session #1,False,202,Queens,Roy Wilkins,2019-2020,NYC Parks
January - March,Session #2,False,206,Brooklyn,Metropolitan,2017-2018,NYC Parks
January - March,Session #2,False,232,Queens,FMCP,2017-2018,NYC Parks
April - June,Session #3,False,204,Bronx,St. Mary's,2017-2018,NYC Parks
January - March,Session #2,False,291/231,Queens,Roy Wilkins,2016-2017,NYC Parks
January - March,Session #2,False,203,Brooklyn,Metropolitan,2016-2017,NYC Parks
October - December,Session #1,False,206,Queens,FMCP,2017-2018,NYC Parks
October - December,Session #1,False,"315, 300, 301",Queens,FMCP,2016-2017,NYC Parks
April - June,Session #3,False,201,Queens,Roy Wilkins,2017-2018,NYC Parks
October - December,Session #1,False,205,Manhattan,Tony Dapolito,2017-2018,NYC Parks
January - March,Session #2,False,203,Queens,FMCP,2017-2018,NYC Parks
April - June,Session #3,False,202,Queens,FMCP,2018-2019,NYC Parks
April - June,Session #3,False,203,Queens,Roy Wilkins,2016-2017,NYC Parks
April - June,Session #3,True,Y27,Manhattan,Chelsea,2016-2017,NYC Parks
April - June,Session #3,False,201,Manhattan,Chelsea,2017-2018,NYC Parks
April - June,Session #3,False,"203, 291",Queens,Roy Wilkins,2016-2017,NYC Parks
October - December,Session #1,False,201,Queens,Roy Wilkins,2017-2018,NYC Parks
January - March,Session #2,False,203,Queens,FMCP,2016-2017,NYC Parks
January - March,Session #2,False,21,Bronx,St. Mary's,2018-2019,NYC Parks
April - June,Session #3,False,202/201,Queens,FMCP,2018-2019,NYC Parks
October - December,Session #1,False,203,Brooklyn,Brownsville,2017-2018,NYC Parks
April - June,Session #3,False,201,Queens,Roy Wilkins,2018-2019,NYC Parks
April - June,Session #3,False,203,Queens,FMCP,2016-2017,NYC Parks
October - December,Session #1,False,231,Queens,FMCP,2017-2018,NYC Parks
April - June,Session #3,False,202,Queens,FMCP,2017-2018,NYC Parks
October - December,Session #1,False,231,Queens,FMCP,2018-2019,NYC Parks
January - March,Session #2,False,291,Manhattan,Chelsea,2016-2017,NYC Parks
January - March,Session #2,False,221,Queens,FMCP,2016-2017,NYC Parks
January - March,Session #2,False,11,Brooklyn,Brownsville,2020-2021,NYC Parks
October - December,Session #1,False,202,Brooklyn,Brownsville,2017-2018,NYC Parks
October - December,Session #1,False,203,Brooklyn,Metropolitan,2017-2018,NYC Parks
October - December,Session #1,False,208,Manhattan,Tony Dapolito,2019-2020,NYC Parks
January - March,Session #2,False,201,Brooklyn,Metropolitan,2020-2021,NYC Parks
January - March,Session #2,False,204,Queens,Roy Wilkins,2020-2021,NYC Parks
January - March,Session #2,False,201,Brooklyn,Metropolitan,2016-2017,NYC Parks
April - June,Session #3,False,2,Brooklyn,Metropolitan,2016-2017,NYC Parks
April - June,Session #3,False,201,Brooklyn,St. John's,2017-2018,Partner Site
October - December,Session #1,False,204,Manhattan,Gertrude Ederle,2019-2020,NYC Parks
October - December,Session #1,False,202,Brooklyn,Brownsville,2019-2020,NYC Parks
January - March,Session #2,False,205,Brooklyn,Metropolitan,2020-2021,NYC Parks
April - June,Session #3,False,903/203,Brooklyn,St. John's,2017-2018,NYC Parks
April - June,Session #3,False,201,Queens,Roy Wilkins,2017-2018,NYC Parks
April - June,Session #3,False,"230,232",Manhattan,Gertrude Ederle,2017-2018,NYC Parks
October - December,Session #1,False,1,Queens,Roy Wilkins,2018-2019,NYC Parks
January - March,Session #2,False,205,Manhattan,Hansborough,2017-2018,NYC Parks
October - December,Session #1,False,202,Brooklyn,Brownsville,2018-2019,NYC Parks
January - March,Session #2,False,201/202,Brooklyn,Brownsville,2016-2017,NYC Parks
April - June,Session #3,False,203,Brooklyn,St. John's,2017-2018,NYC Parks
April - June,Session #3,False,205,Brooklyn,Metropolitan,2018-2019,NYC Parks
January - March,Session #2,False,202,Queens,Roy Wilkins,2020-2021,NYC Parks
January - March,Session #2,False,291/293,Queens,FMCP,2018-2019,NYC Parks
January - March,Session #2,False,2DL,Manhattan,Asser Levy,2018-2019,NYC Parks
October - December,Session #1,False,202,Queens,Roy Wilkins,2017-2018,NYC Parks
April - June,Session #3,False,201,Bronx,St. Mary's,2018-2019,NYC Parks
October - December,Session #1,False,204,Queens,FMCP,2018-2019,NYC Parks
October - December,Session #1,False,208,Manhattan,Tony Dapolito,2016-2017,NYC Parks
January - March,Session #2,False,202,Manhattan,River Bank,2020-2021,NYC Parks
January - March,Session #2,False,204,Brooklyn,Brownsville,2020-2021,NYC Parks
October - December,Session #1,False,202,Brooklyn,Metropolitan,2019-2020,NYC Parks
January - March,Session #2,False,2,Queens,Roy Wilkins,2018-2019,NYC Parks
October - December,Session #1,False,13,Brooklyn,Brownsville,2019-2020,NYC Parks
January - March,Session #2,False,233,Queens,FMCP,2016-2017,NYC Parks
January - March,Session #2,True,204,Queens,FMCP,2018-2019,NYC Parks
october - december,Session #1,False,202,Brooklyn,St. John's,2016-2017,NYC Parks
October - December,Session #1,False,"202, 219, 229",Manhattan,Gertrude Ederle,2017-2018,NYC Parks
October - December,Session #1,False,201,Brooklyn,St. John's,2017-2018,NYC Parks
January - March,Session #2,False,203,Queens,Roy Wilkins,2020-2021,NYC Parks
January - March,Session #2,False,203,Manhattan,Chelsea,2016-2017,NYC Parks
October - December,Session #1,False,293,Queens,FMCP,2017-2018,NYC Parks
October - December,Session #1,False,201,Queens,FMCP,2016-2017,NYC Parks
October - December,Session #1,False,201,Queens,Roy Wilkins,2016-2017,NYC Parks
October - December,Session #1,False,201,Queens,FMCP,2016-2017,NYC Parks
April - June,Session #3,False,903/203,Brooklyn,St. John's,2017-2018,NYC Parks
October - December,Session #1,False,V31,Manhattan,Gertrude Ederle,2018-2019,NYC Parks
January - March,Session #2,False,201,Manhattan,Hansborough,2017-2018,NYC Parks
October - December,Session #1,False,205,Manhattan,Chelsea,2016-2017,NYC Parks
October - December,Session #1,False,203,Queens,Roy Wilkins,2019-2020,NYC Parks
January - March,Session #2,False,206,Brooklyn,Metropolitan,2017-2018,NYC Parks
April - June,Session #3,False,202,Brooklyn,Brownsville,2017-2018,NYC Parks
January - March,Session #2,False,21,Bronx,St. Mary's,2017-2018,NYC Parks
January - March,Session #2,False,231,Queens,FMCP,2016-2017,NYC Parks
January - March,Session #2,False,201,Brooklyn,River Bank,2020-2021,NYC Parks
October - December,Session #1,False,201,Manhattan,Boys and Girls Harbor,2016-2017,NYC Parks
October - December,Session #1,False,201,Brooklyn,Metropolitan,2019-2020,NYC Parks
January - March,Session #2,False,401,Brooklyn,St. John's,2017-2018,NYC Parks
April - June,Session #3,False,201,Queens,FMCP,2017-2018,NYC Parks
January - March,Session #2,False,201,Manhattan,Asser Levy,2017-2018,NYC Parks
January - March,Session #2,False,201,Queens,FMCP,2017-2018,NYC Parks
October - December,Session #1,False,204,Manhattan,Gertrude Ederle,2018-2019,NYC Parks
January - March,Session #2,True,204,Queens,FMCP,2018-2019,NYC Parks
January - March,Session #2,False,203,Manhattan,Tony Dapolito,2018-2019,NYC Parks
April - June,Session #3,False,202,Manhattan,Hansborough,2016-2017,NYC Parks
October - December,Session #1,False,202,Brooklyn,Metropolitan,2019-2020,NYC Parks
October - December,Session #1,False,203,Brooklyn,Metropolitan,2016-2017,NYC Parks
January - March,Session #2,False,201,Bronx,St. Mary's,2020-2021,NYC Parks
October - December,Session #1,False,203,Brooklyn,Metropolitan,2016-2017,NYC Parks
January - March,Session #2,False,202,Brooklyn,St. John's,2017-2018,NYC Parks
January - March,Session #2,False,203,Brooklyn,St. John's,2016-2017,NYC Parks
April - June,Session #3,True,"X01,11,12",Manhattan,Asser Levy,2017-2018,NYC Parks
October - December,Session #1,False,202 & 205,Brooklyn,St. John's,2017-2018,NYC Parks
October - December,Session #1,False,202,Queens,Roy Wilkins,2019-2020,NYC Parks
April - June,Session #3,False,"201, 449",Manhattan,Hansborough,2016-2017,NYC Parks
April - June,Session #3,False,91,Brooklyn,Metropolitan,2017-2018,NYC Parks
April - June,Session #3,False,219,Brooklyn,St. John's,2016-2017,NYC Parks
January - March,Session #2,False,202,Brooklyn,Metropolitan,2017-2018,NYC Parks
October - December,Session #1,False,202,Queens,FMCP,2017-2018,NYC Parks
October - December,Session #1,True,112,Brooklyn,Brownsville,2019-2020,NYC Parks
october - december,Session #1,False,201,Brooklyn,St. John's,2016-2017,NYC Parks
October - December,Session #1,False,2,Manhattan,Boys and Girls Harbor,2016-2017,NYC Parks
October - December,Session #1,False,1,Manhattan,Hansborough,2018-2019,NYC Parks
January - March,Session #2,False,201,Brooklyn,Brownsville,2018-2019,NYC Parks
October - December,Session #1,False,205,Bronx,St. Mary's,2019-2020,NYC Parks
October - December,Session #1,False,204,Brooklyn,Metropolitan,2018-2019,NYC Parks
January - March,Session #2,False,202,Bronx,St. Mary's,2016-2017,NYC Parks
January - March,Session #2,False,10X246,Manhattan,River Bank,2018-2019,NYC Parks
October - December,Session #1,False,202,Brooklyn,St. John's,2017-2018,NYC Parks
April - June,Session #3,False,Dartmoth,Queens,Roy Wilkins,2016-2017,NYC Parks
January - March,Session #2,False,21,Bronx,St. Mary's,2017-2018,NYC Parks
April - June,Session #3,False,201,Brooklyn,Metropolitan,2017-2018,NYC Parks
October - December,Session #1,False,201,Brooklyn,Metropolitan,2017-2018,NYC Parks
October - December,Session #1,False,231,Queens,FMCP,2016-2017,NYC Parks
October - December,Session #1,False,201,Brooklyn,Brownsville,2018-2019,NYC Parks
January - March,Session #2,False,205,Manhattan,Gertrude Ederle,2017-2018,NYC Parks
April - June,Session #3,False,202,Brooklyn,St. John's,2017-2018,NYC Parks
January - March,Session #2,False,201,Brooklyn,St. John's,2016-2017,NYC Parks
October - December,Session #1,False,203,Brooklyn,Metropolitan,2016-2017,NYC Parks
April - June,Session #3,False,203,Brooklyn,St. John's,2017-2018,NYC Parks
October - December,Session #1,False,201,Queens,FMCP,2016-2017,NYC Parks
January - March,Session #2,False,303,Manhattan,Tony Dapolito,2020-2021,NYC Parks
October - December,Session #1,False,201,Manhattan,River Bank,2018-2019,NYC Parks
January - March,Session #2,False,201,Queens,Roy Wilkins,2018-2019,NYC Parks
October - December,Session #1,False,231,Queens,Roy Wilkins,2017-2018,NYC Parks
october - december,Session #1,False,202,Brooklyn,St. John's,2016-2017,NYC Parks
October - December,Session #1,False,201,Queens,Roy Wilkins,2016-2017,NYC Parks
October - December,Session #1,False,201,Queens,Roy Wilkins,2016-2017,NYC Parks
January - March,Session #2,False,231,Queens,FMCP,2017-2018,NYC Parks
January - March,Session #2,False,204,Manhattan,River Bank,2016-2017,NYC Parks
April - June,Session #3,False,201,Brooklyn,St. John's,2016-2017,NYC Parks
April - June,Session #3,False,2,Queens,Roy Wilkins,2016-2017,NYC Parks
October - December,Session #1,False,201,Brooklyn,Metropolitan,2016-2017,NYC Parks
April - June,Session #3,False,202,Queens,FMCP,2018-2019,NYC Parks
January - March,Session #2,False,202,Brooklyn,St. John's,2016-2017,NYC Parks
October - December,Session #1,False,201,Manhattan,River Bank,2018-2019,NYC Parks
April - June,Session #3,False,202,Queens,FMCP,2017-2018,NYC Parks
January - March,Session #2,True,235,Queens,FMCP,2017-2018,NYC Parks
April - June,Session #3,False,202,Manhattan,River Bank,2018-2019,NYC Parks
January - March,Session #2,False,205,Manhattan,Gertrude Ederle,2017-2018,NYC Parks
April - June,Session #3,False,10A/11A,Manhattan,Tony Dapolito,2017-2018,NYC Parks
April - June,Session #3,False,201,Brooklyn,Brownsville,2017-2018,NYC Parks
October - December,Session #1,True,202,Manhattan,Hansborough,2018-2019,NYC Parks
October - December,Session #1,False,202,Queens,FMCP,2018-2019,NYC Parks
April - June,Session #3,True,Y41 & Y42,Brooklyn,Metropolitan,2016-2017,NYC Parks
January - March,Session #2,False,202,Brooklyn,Brownsville,2018-2019,NYC Parks
October - December,Session #1,False,203,Queens,FMCP,2018-2019,NYC Parks
January - March,Session #2,False,404,Manhattan,Hansborough,2017-2018,NYC Parks
October - December,Session #1,False,201,Queens,Roy Wilkins,2016-2017,NYC Parks
October - December,Session #1,False,201,Brooklyn,Metropolitan,2019-2020,NYC Parks
January - March,Session #2,False,203,Brooklyn,St. John's,2017-2018,NYC Parks
April - June,Session #3,False,202,Queens,Roy Wilkins,2016-2017,NYC Parks
April - June,Session #3,False,28,Queens,FMCP,2016-2017,NYC Parks
January - March,Session #2,False,201/202,Brooklyn,Brownsville,2016-2017,NYC Parks
October - December,Session #1,False,231,Queens,Roy Wilkins,2017-2018,NYC Parks
January - March,Session #2,False,202,Brooklyn,Metropolitan,2020-2021,NYC Parks
October - December,Session #1,False,02/03/2010,Queens,Far Rockaway,2017-2018,NYC Parks
January - March,Session #2,False,201,Queens,Roy Wilkins,2020-2021,NYC Parks
January - March,Session #2,False,311,Manhattan,Tony Dapolito,2017-2018,NYC Parks
January - March,Session #2,False,201,Brooklyn,St. John's,2017-2018,NYC Parks
October - December,Session #1,False,202,Queens,Roy Wilkins,2018-2019,NYC Parks
January - March,Session #2,False,204,Queens,Roy Wilkins,2016-2017,NYC Parks
April - June,Session #3,False,231,Queens,FMCP,2018-2019,NYC Parks
October - December,Session #1,False,201,Manhattan,Hansborough,2016-2017,NYC Parks
October - December,Session #1,False,202,Queens,Roy Wilkins,2019-2020,NYC Parks
January - March,Session #2,False,231,Queens,FMCP,2018-2019,NYC Parks
October - December,Session #1,True,Y25,Manhattan,River Bank,2019-2020,NYC Parks
October - December,Session #1,False,203,Queens,FMCP,2018-2019,NYC Parks
April - June,Session #3,True,201,Brooklyn,Metropolitan,2017-2018,NYC Parks
April - June,Session #3,False,203,Brooklyn,Metropolitan,2018-2019,NYC Parks
April - June,Session #3,False,203,Queens,FMCP,2016-2017,NYC Parks
October - December,Session #1,False,202,Brooklyn,St. John's,2019-2020,NYC Parks
January - March,Session #2,False,201,Brooklyn,Metropolitan,2017-2018,NYC Parks
April - June,Session #3,False,203,Manhattan,Hansborough,2016-2017,NYC Parks
January - March,Session #2,False,214,Brooklyn,St. John's,2020-2021,NYC Parks
January - March,Session #2,False,201,Queens,Roy Wilkins,2016-2017,NYC Parks
April - June,Session #3,True,207,Manhattan,Chelsea,2016-2017,NYC Parks
January - March,Session #2,False,201,Manhattan,Tony Dapolito,2018-2019,NYC Parks
October - December,Session #1,True,112,Brooklyn,Brownsville,2019-2020,NYC Parks
January - March,Session #2,True,204,Queens,FMCP,2018-2019,NYC Parks
April - June,Session #3,False,201,Queens,FMCP,2017-2018,NYC Parks
January - March,Session #2,False,201,Brooklyn,St. John's,2020-2021,NYC Parks
January - March,Session #2,False,205,Brooklyn,Metropolitan,2020-2021,NYC Parks
October - December,Session #1,False,201,Brooklyn,Brownsville,2018-2019,NYC Parks
April - June,Session #3,True,201,Brooklyn,Metropolitan,2017-2018,NYC Parks
October - December,Session #1,False,251,Manhattan,Gertrude Ederle,2016-2017,NYC Parks
April - June,Session #3,False,2,Brooklyn,Metropolitan,2016-2017,NYC Parks
April - June,Session #3,False,201,Bronx,St. Mary's,2016-2017,NYC Parks
October - December,Session #1,False,201,Brooklyn,Metropolitan,2018-2019,NYC Parks
January - March,Session #2,False,404,Manhattan,Hansborough,2017-2018,NYC Parks
April - June,Session #3,False,202,Manhattan,River Bank,2018-2019,NYC Parks
April - June,Session #3,False,231,Queens,Roy Wilkins,2017-2018,NYC Parks
April - June,Session #3,False,91,Brooklyn,Metropolitan,2017-2018,NYC Parks
October - December,Session #1,False,201,Brooklyn,Brownsville,2018-2019,NYC Parks
January - March,Session #2,False,202,Brooklyn,Brownsville,2018-2019,NYC Parks
January - March,Session #2,False,21,Bronx,St. Mary's,2018-2019,NYC Parks
April - June,Session #3,False,219,Brooklyn,St. John's,2016-2017,NYC Parks
April - June,Session #3,False,201,Queens,Roy Wilkins,2016-2017,NYC Parks
January - March,Session #2,False,201,Manhattan,River Bank,2020-2021,NYC Parks
October - December,Session #1,False,301,Manhattan,River Bank,2019-2020,NYC Parks
January - March,Session #2,False,201,Queens,Roy Wilkins,2020-2021,NYC Parks
January - March,Session #2,False,202,Queens,Roy Wilkins,2018-2019,NYC Parks
January - March,Session #2,False,233,Queens,FMCP,2016-2017,NYC Parks
October - December,Session #1,False,201,Queens,Roy Wilkins,2019-2020,NYC Parks
January - March,Session #2,False,291,Queens,Roy Wilkins,2018-2019,NYC Parks
October - December,Session #1,False,202,Brooklyn,St. John's,2017-2018,NYC Parks
October - December,Session #1,False,202,Bronx,St. Mary's,2017-2018,NYC Parks
October - December,Session #1,False,1,Brooklyn,Metropolitan,2017-2018,NYC Parks
April - June,Session #3,False,261,Manhattan,Asser Levy,2018-2019,NYC Parks
October - December,Session #1,False,231,Queens,Roy Wilkins,2017-2018,NYC Parks
April - June,Session #3,False,202,Queens,FMCP,2018-2019,NYC Parks
October - December,Session #1,False,203,Brooklyn,Metropolitan,2019-2020,NYC Parks
October - December,Session #1,False,202,Brooklyn,Brownsville,2017-2018,NYC Parks
January - March,Session #2,False,201,Brooklyn,Brownsville,2017-2018,NYC Parks
October - December,Session #1,False,291,Manhattan,Chelsea,2017-2018,NYC Parks
January - March,Session #2,False,219,Manhattan,Chelsea,2017-2018,NYC Parks
January - March,Session #2,False,231,Queens,FMCP,2017-2018,NYC Parks
January - March,Session #2,False,231,Queens,FMCP,2018-2019,NYC Parks
October - December,Session #1,False,201,Bronx,St. Mary's,2019-2020,NYC Parks
January - March,Session #2,False,201,Brooklyn,St. John's,2020-2021,NYC Parks
October - December,Session #1,False,201,Queens,Roy Wilkins,2016-2017,NYC Parks
April - June,Session #3,False,"216, 205, 207, 220, 214",Manhattan,Hansborough,2016-2017,NYC Parks
January - March,Session #2,False,201,Bronx,St. Mary's,2017-2018,NYC Parks
October - December,Session #1,False,221,Queens,FMCP,2016-2017,NYC Parks
April - June,Session #3,False,203,Queens,FMCP,2018-2019,NYC Parks
January - March,Session #2,False,202,Manhattan,River Bank,2020-2021,NYC Parks
October - December,Session #1,False,201,Brooklyn,Metropolitan,2018-2019,NYC Parks
April - June,Session #3,False,202,Queens,Roy Wilkins,2018-2019,NYC Parks
October - December,Session #1,False,202,Queens,FMCP,2016-2017,NYC Parks
January - March,Session #2,False,231,Queens,FMCP,2016-2017,NYC Parks
October - December,Session #1,False,203,Brooklyn,Metropolitan,2018-2019,NYC Parks
January - March,Session #2,False,291,Manhattan,River Bank,2020-2021,NYC Parks
April - June,Session #3,True,102,Brooklyn,Metropolitan,2018-2019,NYC Parks
October - December,Session #1,False,203,Queens,FMCP,2018-2019,NYC Parks
January - March,Session #2,False,201,Queens,FMCP,2017-2018,NYC Parks
January - March,Session #2,False,202,Manhattan,Asser Levy,2016-2017,NYC Parks
October - December,Session #1,False,203,Brooklyn,Metropolitan,2016-2017,NYC Parks
October - December,Session #1,False,204,Manhattan,Gertrude Ederle,2019-2020,NYC Parks
October - December,Session #1,False,202,Brooklyn,St. John's,2019-2020,NYC Parks
October - December,Session #1,False,200,Brooklyn,Metropolitan,2019-2020,NYC Parks
January - March,Session #2,False,201,Queens,FMCP,2017-2018,NYC Parks
January - March,Session #2,False,201,Brooklyn,Metropolitan,2020-2021,NYC Parks
April - June,Session #3,False,205,Manhattan,Gertrude Ederle,2017-2018,NYC Parks
October - December,Session #1,False,201,Manhattan,Hansborough,2017-2018,NYC Parks
October - December,Session #1,False,201 & 202,Brooklyn,St. John's,2017-2018,NYC Parks
January - March,Session #2,False,204,Manhattan,Tony Dapolito,2016-2017,NYC Parks
January - March,Session #2,False,205,Brooklyn,Metropolitan,2020-2021,NYC Parks
January - March,Session #2,False,221,Queens,FMCP,2018-2019,NYC Parks
January - March,Session #2,False,202,Bronx,St. Mary's,2016-2017,NYC Parks
January - March,Session #2,False,201,Queens,Roy Wilkins,2018-2019,NYC Parks
April - June,Session #3,False,121,Queens,FMCP,2018-2019,NYC Parks
January - March,Session #2,False,204,Manhattan,River Bank,2016-2017,NYC Parks
January - March,Session #2,False,203,Brooklyn,Brownsville,2017-2018,NYC Parks
October - December,Session #1,False,213,Manhattan,Tony Dapolito,2017-2018,NYC Parks
October - December,Session #1,False,202,Brooklyn,Metropolitan,2018-2019,NYC Parks
January - March,Session #2,False,203,Brooklyn,St. John's,2016-2017,NYC Parks
October - December,Session #1,False,221,Queens,FMCP,2018-2019,NYC Parks
April - June,Session #3,False,202,Manhattan,Tony Dapolito,2017-2018,NYC Parks
April - June,Session #3,False,202,Manhattan,Tony Dapolito,2017-2018,NYC Parks
October - December,Session #1,False,"231, 293",Queens,FMCP,2016-2017,NYC Parks
October - December,Session #1,False,204,Queens,Roy Wilkins,2019-2020,NYC Parks
April - June,Session #3,False,201,Manhattan,Chelsea,2017-2018,NYC Parks
January - March,Session #2,False,201,Bronx,St. Mary's,2018-2019,NYC Parks
April - June,Session #3,False,202,Queens,Roy Wilkins,2017-2018,NYC Parks
January - March,Session #2,False,232,Queens,FMCP,2018-2019,NYC Parks
January - March,Session #2,False,204,Brooklyn,Brownsville,2020-2021,NYC Parks
October - December,Session #1,False,201,Brooklyn,Metropolitan,2018-2019,NYC Parks
April - June,Session #3,False,12,Brooklyn,Brownsville,2018-2019,NYC Parks
April - June,Session #3,False,3,Brooklyn,Metropolitan,2018-2019,NYC Parks
October - December,Session #1,False,201,Brooklyn,St. John's,2017-2018,NYC Parks
April - June,Session #3,False,"21, 22",Bronx,St. Mary's,2016-2017,NYC Parks
April - June,Session #3,False,231,Queens,Roy Wilkins,2017-2018,NYC Parks
January - March,Session #2,False,201,Queens,Roy Wilkins,2016-2017,NYC Parks
April - June,Session #3,False,"129, 201",Brooklyn,St. John's,2016-2017,NYC Parks
January - March,Session #2,False,201,Brooklyn,Brownsville,2016-2017,NYC Parks
April - June,Session #3,False,2,Manhattan,Gertrude Ederle,2016-2017,NYC Parks
January - March,Session #2,False,207,Queens,FMCP,2017-2018,NYC Parks
October - December,Session #1,False,202,Brooklyn,Brownsville,2018-2019,NYC Parks
October - December,Session #1,False,202,Queens,Roy Wilkins,2017-2018,NYC Parks
January - March,Session #2,False,201,Brooklyn,River Bank,2020-2021,NYC Parks
October - December,Session #1,False,604,Manhattan,Asser Levy,2017-2018,NYC Parks
January - March,Session #2,False,204,Brooklyn,Brownsville,2020-2021,NYC Parks
January - March,Session #2,False,201,Brooklyn,Brownsville,2018-2019,NYC Parks
April - June,Session #3,False,202,Bronx,St. Mary's,2017-2018,NYC Parks
October - December,Session #1,False,204,Manhattan,Gertrude Ederle,2018-2019,NYC Parks
January - March,Session #2,False,231,Queens,FMCP,2017-2018,NYC Parks
October - December,Session #1,False,201,Queens,Roy Wilkins,2019-2020,NYC Parks
October - December,Session #1,False,V31,Manhattan,Gertrude Ederle,2018-2019,NYC Parks
October - December,Session #1,False,202,Queens,Roy Wilkins,2016-2017,NYC Parks
October - December,Session #1,False,1,Manhattan,Chelsea,2017-2018,NYC Parks
October - December,Session #1,False,201,Queens,Roy Wilkins,2016-2017,NYC Parks
October - December,Session #1,False,2 QUINN HR,Queens,Roy Wilkins,2018-2019,NYC Parks
October - December,Session #1,False,202,Queens,FMCP,2016-2017,NYC Parks
April - June,Session #3,False,201,Queens,Roy Wilkins,2016-2017,NYC Parks
January - March,Session #2,False,204,Queens,Roy Wilkins,2016-2017,NYC Parks
April - June,Session #3,False,221,Manhattan,Hansborough,2016-2017,NYC Parks
October - December,Session #1,False,201,Queens,Roy Wilkins,2019-2020,NYC Parks
April - June,Session #3,False,201,Queens,Roy Wilkins,2017-2018,NYC Parks
January - March,Session #2,False,201,Brooklyn,Metropolitan,2017-2018,NYC Parks
April - June,Session #3,False,202,Queens,FMCP,2018-2019,NYC Parks
October - December,Session #1,False,202,Queens,Roy Wilkins,2017-2018,NYC Parks
October - December,Session #1,False,201,Brooklyn,Metropolitan,2017-2018,NYC Parks
October - December,Session #1,False,Y31,Manhattan,Chelsea,2016-2017,NYC Parks
January - March,Session #2,False,205,Brooklyn,Metropolitan,2020-2021,NYC Parks
October - December,Session #1,False,202,Brooklyn,Brownsville,2019-2020,NYC Parks
April - June,Session #3,False,202,Bronx,St. Mary's,2018-2019,NYC Parks
April - June,Session #3,False,"231,201",Queens,FMCP,2017-2018,NYC Parks
october - december,Session #1,False,21/22,Bronx,St. Mary's,2016-2017,NYC Parks
April - June,Session #3,False,202,Manhattan,Gertrude Ederle,2018-2019,NYC Parks
October - December,Session #1,False,201,Queens,Roy Wilkins,2018-2019,NYC Parks
October - December,Session #1,False,603,Manhattan,Asser Levy,2018-2019,NYC Parks
October - December,Session #1,False,201,Queens,Roy Wilkins,2019-2020,NYC Parks
October - December,Session #1,False,201,Manhattan,Asser Levy,2017-2018,NYC Parks
April - June,Session #3,False,202,Manhattan,Asser Levy,2016-2017,NYC Parks
October - December,Session #1,False,202,Brooklyn,St. John's,2016-2017,NYC Parks
October - December,Session #1,False,201,Manhattan,Hansborough,2017-2018,NYC Parks
April - June,Session #3,False,2,Manhattan,Gertrude Ederle,2016-2017,NYC Parks
April - June,Session #3,False,202,Queens,Roy Wilkins,2016-2017,NYC Parks
October - December,Session #1,False,202,Brooklyn,St. John's,2017-2018,NYC Parks
January - March,Session #2,False,291,Manhattan,River Bank,2020-2021,NYC Parks
April - June,Session #3,False,2,Manhattan,Gertrude Ederle,2016-2017,NYC Parks
October - December,Session #1,False,204,Queens,Roy Wilkins,2016-2017,NYC Parks
October - December,Session #1,False,201,Brooklyn,Metropolitan,2018-2019,NYC Parks
January - March,Session #2,True,V01,Manhattan,Tony Dapolito,2017-2018,NYC Parks
October - December,Session #1,False,201,Bronx,St. Mary's,2018-2019,NYC Parks
October - December,Session #1,False,203,Brooklyn,Brownsville,2019-2020,NYC Parks
January - March,Session #2,False,202,Brooklyn,Metropolitan,2017-2018,NYC Parks
April - June,Session #3,False,201/202,Brooklyn,Metropolitan,2018-2019,NYC Parks
January - March,Session #2,False,307,Manhattan,Tony Dapolito,2020-2021,NYC Parks
January - March,Session #2,False,201,Manhattan,River Bank,2020-2021,NYC Parks
April - June,Session #3,False,201,Manhattan,Chelsea,2017-2018,NYC Parks
October - December,Session #1,False,1,Brooklyn,Metropolitan,2017-2018,NYC Parks
April - June,Session #3,False,12,Brooklyn,Brownsville,2018-2019,NYC Parks
January - March,Session #2,False,291,Manhattan,Chelsea,2016-2017,NYC Parks
April - June,Session #3,False,"129, 201",Brooklyn,St. John's,2016-2017,NYC Parks
October - December,Session #1,False,203,Queens,FMCP,2017-2018,NYC Parks
January - March,Session #2,False,201,Queens,Roy Wilkins,2016-2017,NYC Parks
April - June,Session #3,False,"201, 449",Manhattan,Hansborough,2016-2017,NYC Parks
January - March,Session #2,False,206,Manhattan,Gertrude Ederle,2018-2019,NYC Parks
April - June,Session #3,False,201,Brooklyn,Metropolitan,2018-2019,NYC Parks
October - December,Session #1,False,221,Queens,FMCP,2017-2018,NYC Parks
April - June,Session #3,False,201,Queens,Roy Wilkins,2017-2018,NYC Parks
January - March,Session #2,False,202,Bronx,St. Mary's,2016-2017,NYC Parks
January - March,Session #2,False,2,Brooklyn,Brownsville,2018-2019,NYC Parks
October - December,Session #1,False,201,Queens,Roy Wilkins,2018-2019,NYC Parks
April - June,Session #3,False,204,Manhattan,Chelsea,2017-2018,NYC Parks
October - December,Session #1,False,201,Brooklyn,Brownsville,2018-2019,NYC Parks
April - June,Session #3,False,201,Queens,Roy Wilkins,2017-2018,NYC Parks
April - June,Session #3,False,201,Queens,Roy Wilkins,2017-2018,NYC Parks
October - December,Session #1,False,205,Brooklyn,Brownsville,2016-2017,NYC Parks
April - June,Session #3,False,201,Queens,FMCP,2016-2017,NYC Parks
January - March,Session #2,False,202,Brooklyn,Brownsville,2017-2018,NYC Parks
January - March,Session #2,False,201,Manhattan,Tony Dapolito,2018-2019,NYC Parks
January - March,Session #2,False,201,Brooklyn,Metropolitan,2017-2018,NYC Parks
October - December,Session #1,False,202,Queens,FMCP,2016-2017,NYC Parks
October - December,Session #1,False,2,Manhattan,Boys and Girls Harbor,2016-2017,NYC Parks
April - June,Session #3,False,201,Bronx,St. Mary's,2016-2017,NYC Parks
October - December,Session #1,False,203,Manhattan,Boys and Girls Harbor,2016-2017,NYC Parks
January - March,Session #2,False,231,Queens,FMCP,2017-2018,NYC Parks
April - June,Session #3,False,201,Queens,FMCP,2017-2018,NYC Parks
October - December,Session #1,False,202,Brooklyn,Brownsville,2017-2018,NYC Parks
April - June,Session #3,False,2,Brooklyn,Metropolitan,2016-2017,NYC Parks
April - June,Session #3,True,"X01,11,12",Manhattan,Asser Levy,2017-2018,NYC Parks
January - March,Session #2,False,291,Manhattan,Chelsea,2016-2017,NYC Parks
January - March,Session #2,False,201,Bronx,St. Mary's,2020-2021,NYC Parks
October - December,Session #1,False,203,Manhattan,Gertrude Ederle,2016-2017,NYC Parks
October - December,Session #1,False,201,Manhattan,Hansborough,2016-2017,NYC Parks
January - March,Session #2,False,201,Queens,Roy Wilkins,2020-2021,NYC Parks
April - June,Session #3,False,203,Brooklyn,St. John's,2017-2018,NYC Parks
October - December,Session #1,False,202,Brooklyn,St. John's,2019-2020,NYC Parks
January - March,Session #2,False,201/202,Brooklyn,Brownsville,2016-2017,NYC Parks
October - December,Session #1,False,202,Brooklyn,St. John's,2019-2020,NYC Parks
January - March,Session #2,False,201,Brooklyn,Metropolitan,2017-2018,NYC Parks
October - December,Session #1,False,201,Manhattan,River Bank,2018-2019,NYC Parks
April - June,Session #3,False,201,Queens,FMCP,2016-2017,NYC Parks
April - June,Session #3,False,201,Brooklyn,Brownsville,2017-2018,NYC Parks
October - December,Session #1,False,231,Queens,FMCP,2018-2019,NYC Parks
April - June,Session #3,False,2,Brooklyn,Metropolitan,2016-2017,NYC Parks
April - June,Session #3,False,2A219,Brooklyn,Brownsville,2017-2018,NYC Parks
October - December,Session #1,False,201,Manhattan,Boys and Girls Harbor,2016-2017,NYC Parks
October - December,Session #1,False,202,Bronx,St. Mary's,2016-2017,NYC Parks
October - December,Session #1,False,202,Queens,Far Rockaway,2017-2018,NYC Parks
October - December,Session #1,False,203,Brooklyn,Brownsville,2017-2018,NYC Parks
April - June,Session #3,False,202,Manhattan,Asser Levy,2017-2018,NYC Parks
October - December,Session #1,False,2 Thorpe HR,Queens,Roy Wilkins,2016-2017,NYC Parks
October - December,Session #1,False,201,Queens,Roy Wilkins,2018-2019,NYC Parks
October - December,Session #1,True,SE X04,Manhattan,Hansborough,2017-2018,NYC Parks
October - December,Session #1,False,201,Brooklyn,Brownsville,2018-2019,NYC Parks
January - March,Session #2,False,204,Brooklyn,Brownsville,2020-2021,NYC Parks
April - June,Session #3,False,207,Manhattan,Gertrude Ederle,2016-2017,NYC Parks
January - March,Session #2,False,202,Queens,Roy Wilkins,2016-2017,NYC Parks
October - December,Session #1,False,239,Brooklyn,Brownsville,2016-2017,NYC Parks
October - December,Session #1,False,239,Brooklyn,Brownsville,2016-2017,NYC Parks
October - December,Session #1,False,Y12 & Y11,Brooklyn,LIU,2016-2017,NYC Parks
January - March,Session #2,False,311,Manhattan,Tony Dapolito,2017-2018,NYC Parks
April - June,Session #3,False,201,Queens,FMCP,2017-2018,NYC Parks
January - March,Session #2,False,201,Bronx,St. Mary's,2017-2018,NYC Parks
January - March,Session #2,False,205,Manhattan,River Bank,2020-2021,NYC Parks
October - December,Session #1,False,1,Brooklyn,Metropolitan,2017-2018,NYC Parks
October - December,Session #1,False,120,Brooklyn,Brownsville,2016-2017,NYC Parks
April - June,Session #3,False,202,Queens,FMCP,2018-2019,NYC Parks
January - March,Session #2,False,203,Queens,FMCP,2018-2019,NYC Parks
April - June,Session #3,False,201,Brooklyn,Brownsville,2018-2019,NYC Parks
October - December,Session #1,False,204,Queens,FMCP,2016-2017,NYC Parks
April - June,Session #3,False,203,Brooklyn,Brownsville,2016-2017,NYC Parks
April - June,Session #3,False,Dartmoth,Queens,Roy Wilkins,2016-2017,NYC Parks
January - March,Session #2,False,203,Bronx,St. Mary's,2016-2017,NYC Parks
April - June,Session #3,False,201,Queens,Roy Wilkins,2016-2017,NYC Parks
October - December,Session #1,False,321,Manhattan,Asser Levy,2018-2019,NYC Parks
October - December,Session #1,False,201,Brooklyn,Metropolitan,2018-2019,NYC Parks
January - March,Session #2,False,201,Queens,Roy Wilkins,2020-2021,NYC Parks
April - June,Session #3,False,201,Queens,Roy Wilkins,2018-2019,NYC Parks
April - June,Session #3,False,202,Queens,Roy Wilkins,2016-2017,NYC Parks
October - December,Session #1,False,309,Manhattan,River Bank,2019-2020,NYC Parks
October - December,Session #1,False,202,Brooklyn,Metropolitan,2016-2017,NYC Parks
April - June,Session #3,False,201,Brooklyn,Metropolitan,2017-2018,NYC Parks
January - March,Session #2,False,10X246,Manhattan,River Bank,2018-2019,NYC Parks
April - June,Session #3,False,"201, 449",Manhattan,Hansborough,2016-2017,NYC Parks
January - March,Session #2,False,21,Bronx,St. Mary's,2017-2018,NYC Parks
October - December,Session #1,False,200,Brooklyn,Metropolitan,2019-2020,NYC Parks
April - June,Session #3,False,201,Manhattan,Hansborough,2017-2018,NYC Parks
October - December,Session #1,False,204,Brooklyn,Metropolitan,2019-2020,NYC Parks
April - June,Session #3,False,206,Queens,FMCP,2016-2017,NYC Parks
October - December,Session #1,False,203,Queens,Roy Wilkins,2018-2019,NYC Parks
January - March,Session #2,False,206,Manhattan,Gertrude Ederle,2020-2021,NYC Parks
October - December,Session #1,False,604,Manhattan,Asser Levy,2017-2018,NYC Parks
April - June,Session #3,False,2,Brooklyn,Metropolitan,2016-2017,NYC Parks
April - June,Session #3,False,28,Queens,FMCP,2016-2017,NYC Parks
April - June,Session #3,False,12,Brooklyn,Brownsville,2018-2019,NYC Parks
April - June,Session #3,False,203,Brooklyn,Metropolitan,2018-2019,Partner Site
April - June,Session #3,False,202,Queens,Roy Wilkins,2016-2017,NYC Parks
October - December,Session #1,False,205,Manhattan,Tony Dapolito,2018-2019,NYC Parks
January - March,Session #2,False,201,Brooklyn,Metropolitan,2016-2017,NYC Parks
October - December,Session #1,False,204,Brooklyn,Metropolitan,2017-2018,NYC Parks
April - June,Session #3,False,"291, 202",Queens,Roy Wilkins,2016-2017,NYC Parks
January - March,Session #2,False,204,Brooklyn,St. John's,2016-2017,NYC Parks
April - June,Session #3,False,203,Manhattan,Hansborough,2017-2018,NYC Parks
January - March,Session #2,False,202/239,Brooklyn,Brownsville,2016-2017,NYC Parks
April - June,Session #3,False,203,Manhattan,Asser Levy,2016-2017,NYC Parks
October - December,Session #1,False,201,Queens,Roy Wilkins,2018-2019,NYC Parks
January - March,Session #2,False,309,Manhattan,Tony Dapolito,2020-2021,NYC Parks
April - June,Session #3,False,202,Brooklyn,Metropolitan,2018-2019,NYC Parks
January - March,Session #2,False,201,Manhattan,Tony Dapolito,2018-2019,NYC Parks
January - March,Session #2,False,201,Brooklyn,St. John's,2020-2021,NYC Parks
January - March,Session #2,False,202,Brooklyn,Brownsville,2018-2019,NYC Parks
October - December,Session #1,False,291,Manhattan,Tony Dapolito,2018-2019,NYC Parks
October - December,Session #1,False,205,Manhattan,Chelsea,2016-2017,NYC Parks
October - December,Session #1,False,V31,Manhattan,Gertrude Ederle,2018-2019,NYC Parks
January - March,Session #2,False,201,Brooklyn,St. John's,2017-2018,NYC Parks
October - December,Session #1,False,203,Queens,Roy Wilkins,2019-2020,NYC Parks
October - December,Session #1,False,231,Queens,FMCP,2018-2019,NYC Parks
January - March,Session #2,False,291,Queens,Roy Wilkins,2018-2019,NYC Parks
January - March,Session #2,False,231,Queens,FMCP,2018-2019,NYC Parks
April - June,Session #3,False,207,Queens,FMCP,2016-2017,NYC Parks
April - June,Session #3,False,201,Bronx,St. Mary's,2016-2017,NYC Parks
October - December,Session #1,False,201,Queens,Roy Wilkins,2018-2019,NYC Parks
April - June,Session #3,False,203,Manhattan,Asser Levy,2016-2017,NYC Parks
January - March,Session #2,False,205,Queens,FMCP,2018-2019,NYC Parks
January - March,Session #2,False,100,Queens,Roy Wilkins,2018-2019,NYC Parks
January - March,Session #2,False,201,Queens,Roy Wilkins,2016-2017,NYC Parks
January - March,Session #2,False,201,Manhattan,River Bank,2020-2021,NYC Parks
April - June,Session #3,False,2,Manhattan,Gertrude Ederle,2016-2017,NYC Parks
April - June,Session #3,False,215/232/229,Queens,FMCP,2017-2018,NYC Parks
January - March,Session #2,False,201,Brooklyn,Metropolitan,2020-2021,NYC Parks
January - March,Session #2,False,404,Manhattan,Hansborough,2017-2018,NYC Parks
April - June,Session #3,False,202,Queens,FMCP,2018-2019,NYC Parks
October - December,Session #1,False,201,Queens,Roy Wilkins,2018-2019,NYC Parks
January - March,Session #2,False,246,Manhattan,River Bank,2020-2021,NYC Parks
October - December,Session #1,False,201,Brooklyn,St. John's,2019-2020,NYC Parks
October - December,Session #1,False,204,Queens,Roy Wilkins,2016-2017,NYC Parks
April - June,Session #3,False,201,Brooklyn,Brownsville,2017-2018,NYC Parks
January - March,Session #2,False,206,Brooklyn,Metropolitan,2017-2018,NYC Parks
October - December,Session #1,True,112,Brooklyn,Brownsville,2019-2020,NYC Parks
January - March,Session #2,False,202,Brooklyn,Metropolitan,2016-2017,NYC Parks
April - June,Session #3,False,202,Queens,Roy Wilkins,2018-2019,NYC Parks
April - June,Session #3,False,2,Queens,Roy Wilkins,2016-2017,NYC Parks
January - March,Session #2,False,201,Manhattan,Gertrude Ederle,2020-2021,NYC Parks
October - December,Session #1,False,201,Brooklyn,Brownsville,2016-2017,NYC Parks
October - December,Session #1,False,201,Brooklyn,Metropolitan,2017-2018,NYC Parks
January - March,Session #2,False,221,Queens,FMCP,2016-2017,NYC Parks
October - December,Session #1,False,201,Brooklyn,Metropolitan,2019-2020,NYC Parks
October - December,Session #1,False,"202, 219, 229",Manhattan,Gertrude Ederle,2017-2018,NYC Parks
October - December,Session #1,False,201,Brooklyn,Metropolitan,2019-2020,NYC Parks
January - March,Session #2,False,401,Brooklyn,St. John's,2017-2018,NYC Parks
October - December,Session #1,False,201 & 202,Brooklyn,St. John's,2017-2018,NYC Parks
April - June,Session #3,False,202,Brooklyn,Brownsville,2017-2018,NYC Parks
October - December,Session #1,False,205,Manhattan,Tony Dapolito,2018-2019,NYC Parks
October - December,Session #1,False,202,Queens,Roy Wilkins,2019-2020,NYC Parks
April - June,Session #3,False,"291, 202",Queens,Roy Wilkins,2016-2017,NYC Parks
October - December,Session #1,True,207,Manhattan,Gertrude Ederle,2016-2017,NYC Parks
October - December,Session #1,False,231,Queens,Roy Wilkins,2017-2018,NYC Parks
October - December,Session #1,False,201,Brooklyn,Brownsville,2018-2019,NYC Parks
January - March,Session #2,False,202,Bronx,St. Mary's,2016-2017,NYC Parks
April - June,Session #3,False,201,Bronx,St. Mary's,2016-2017,NYC Parks
April - June,Session #3,False,201,Queens,FMCP,2017-2018,NYC Parks
October - December,Session #1,False,202,Brooklyn,Metropolitan,2018-2019,NYC Parks
April - June,Session #3,False,205,Manhattan,Asser Levy,2016-2017,NYC Parks
April - June,Session #3,False,208,Manhattan,Chelsea,2016-2017,NYC Parks
April - June,Session #3,False,201,Queens,Roy Wilkins,2016-2017,NYC Parks
October - December,Session #1,False,202,Brooklyn,St. John's,2019-2020,NYC Parks
January - March,Session #2,False,201,Brooklyn,Metropolitan,2018-2019,NYC Parks
October - December,Session #1,False,2,Manhattan,Boys and Girls Harbor,2016-2017,NYC Parks
January - March,Session #2,True,L7204,Brooklyn,Brownsville,2018-2019,NYC Parks
January - March,Session #2,False,204,Manhattan,Tony Dapolito,2017-2018,NYC Parks
January - March,Session #2,False,209,Queens,FMCP,2017-2018,NYC Parks
April - June,Session #3,False,201,Brooklyn,Brownsville,2016-2017,NYC Parks
october - december,Session #1,False,201,Brooklyn,St. John's,2016-2017,NYC Parks
April - June,Session #3,False,206,Brooklyn,Brownsville,2017-2018,NYC Parks
October - December,Session #1,False,202,Brooklyn,Metropolitan,2016-2017,NYC Parks
October - December,Session #1,False,202,Manhattan,River Bank,2017-2018,NYC Parks
October - December,Session #1,False,"201, 202",Brooklyn,Brownsville,2018-2019,NYC Parks
April - June,Session #3,False,231,Queens,Roy Wilkins,2017-2018,NYC Parks
October - December,Session #1,False,202,Brooklyn,Metropolitan,2018-2019,NYC Parks
January - March,Session #2,False,203,Brooklyn,St. John's,2016-2017,NYC Parks
January - March,Session #2,False,201,Brooklyn,Metropolitan,2020-2021,NYC Parks
October - December,Session #1,False,202,Bronx,St. Mary's,2017-2018,NYC Parks
January - March,Session #2,False,201,Manhattan,Chelsea,2017-2018,NYC Parks
January - March,Session #2,False,291/231,Queens,Roy Wilkins,2016-2017,NYC Parks
October - December,Session #1,False,204,Manhattan,Gertrude Ederle,2016-2017,NYC Parks
January - March,Session #2,False,201,Brooklyn,Metropolitan,2017-2018,NYC Parks
October - December,Session #1,False,213,Manhattan,Tony Dapolito,2017-2018,NYC Parks
January - March,Session #2,False,203,Brooklyn,St. John's,2017-2018,NYC Parks
October - December,Session #1,False,202,Brooklyn,Brownsville,2017-2018,NYC Parks
October - December,Session #1,False,204,Queens,Roy Wilkins,2019-2020,NYC Parks
January - March,Session #2,False,234,Queens,FMCP,2018-2019,NYC Parks
April - June,Session #3,False,204,Brooklyn,St. John's,2016-2017,NYC Parks
April - June,Session #3,True,239,Brooklyn,Metropolitan,2016-2017,NYC Parks
April - June,Session #3,False,208,Manhattan,Chelsea,2016-2017,NYC Parks
April - June,Session #3,False,203,Queens,FMCP,2016-2017,NYC Parks
October - December,Session #1,False,301,Manhattan,River Bank,2019-2020,NYC Parks
October - December,Session #1,False,202,Brooklyn,St. John's,2017-2018,NYC Parks
January - March,Session #2,False,205,Manhattan,River Bank,2017-2018,NYC Parks
October - December,Session #1,False,221,Queens,FMCP,2016-2017,NYC Parks
October - December,Session #1,False,291,Manhattan,Chelsea,2017-2018,NYC Parks
April - June,Session #3,True,239,Brooklyn,Metropolitan,2016-2017,NYC Parks
January - March,Session #2,False,203,Brooklyn,Brownsville,2017-2018,NYC Parks
October - December,Session #1,False,321,Manhattan,Asser Levy,2018-2019,NYC Parks
April - June,Session #3,False,28,Queens,FMCP,2016-2017,NYC Parks
October - December,Session #1,True,301,Manhattan,River Bank,2019-2020,NYC Parks
April - June,Session #3,False,207,Queens,FMCP,2016-2017,NYC Parks
January - March,Session #2,False,201,Queens,Roy Wilkins,2016-2017,NYC Parks
January - March,Session #2,False,201,Brooklyn,Metropolitan,2016-2017,NYC Parks
October - December,Session #1,False,201,Manhattan,Asser Levy,2017-2018,NYC Parks
October - December,Session #1,False,201,Brooklyn,Brownsville,2018-2019,NYC Parks
January - March,Session #2,False,2,Brooklyn,Brownsville,2018-2019,NYC Parks
October - December,Session #1,False,201,Manhattan,Boys and Girls Harbor,2016-2017,NYC Parks
October - December,Session #1,False,201,Queens,Roy Wilkins,2019-2020,NYC Parks
October - December,Session #1,False,203,Queens,Roy Wilkins,2019-2020,NYC Parks
April - June,Session #3,False,203,Queens,FMCP,2017-2018,NYC Parks
October - December,Session #1,False,291,Manhattan,Tony Dapolito,2018-2019,NYC Parks
October - December,Session #1,False,201,Bronx,Metropolitan,2019-2020,NYC Parks
October - December,Session #1,False,203,Queens,Roy Wilkins,2018-2019,NYC Parks
April - June,Session #3,False,201,Queens,Roy Wilkins,2018-2019,NYC Parks
January - March,Session #2,False,231,Queens,Roy Wilkins,2020-2021,NYC Parks
October - December,Session #1,False,202,Queens,Roy Wilkins,2017-2018,NYC Parks
October - December,Session #1,False,601,Manhattan,Asser Levy,2018-2019,NYC Parks
October - December,Session #1,False,205,Manhattan,Tony Dapolito,2017-2018,NYC Parks
January - March,Session #2,False,201,Manhattan,River Bank,2017-2018,NYC Parks
October - December,Session #1,False,201,Brooklyn,Metropolitan,2018-2019,NYC Parks
January - March,Session #2,False,201,Queens,Roy Wilkins,2016-2017,NYC Parks
October - December,Session #1,False,203,Brooklyn,Brownsville,2017-2018,NYC Parks
April - June,Session #3,False,"201, 449",Manhattan,Hansborough,2016-2017,NYC Parks
April - June,Session #3,False,202,Manhattan,River Bank,2018-2019,NYC Parks
January - March,Session #2,False,201,Queens,Roy Wilkins,2018-2019,NYC Parks
October - December,Session #1,False,291,Manhattan,Chelsea,2017-2018,NYC Parks
April - June,Session #3,False,202,Queens,FMCP,2018-2019,NYC Parks
October - December,Session #1,False,201,Brooklyn,Brownsville,2018-2019,NYC Parks
April - June,Session #3,False,"21, 22",Bronx,St. Mary's,2016-2017,NYC Parks
January - March,Session #2,False,2,Brooklyn,Brownsville,2018-2019,NYC Parks
April - June,Session #3,False,"Y05, Y07",Manhattan,Tony Dapolito,2016-2017,NYC Parks
April - June,Session #3,False,221,Manhattan,Hansborough,2016-2017,NYC Parks
October - December,Session #1,False,202,Bronx,St. Mary's,2017-2018,NYC Parks
January - March,Session #2,False,201,Brooklyn,St. John's,2016-2017,NYC Parks
January - March,Session #2,False,201,Queens,Roy Wilkins,2018-2019,NYC Parks
October - December,Session #1,False,202,Bronx,St. Mary's,2016-2017,NYC Parks
October - December,Session #1,False,202,Queens,Roy Wilkins,2018-2019,NYC Parks
January - March,Session #2,True,V01,Manhattan,Tony Dapolito,2017-2018,NYC Parks
April - June,Session #3,False,208,Manhattan,Chelsea,2016-2017,NYC Parks
January - March,Session #2,False,204,Bronx,St. Mary's,2017-2018,NYC Parks
January - March,Session #2,False,201,Queens,FMCP,2017-2018,NYC Parks
April - June,Session #3,False,201,Queens,Roy Wilkins,2017-2018,NYC Parks
April - June,Session #3,False,Dartmoth,Queens,Roy Wilkins,2016-2017,NYC Parks
October - December,Session #1,False,200,Brooklyn,Brownsville,2019-2020,NYC Parks
April - June,Session #3,False,203,Queens,FMCP,2018-2019,NYC Parks
April - June,Session #3,False,203,Queens,Roy Wilkins,2018-2019,NYC Parks
April - June,Session #3,False,219,Brooklyn,St. John's,2016-2017,NYC Parks
October - December,Session #1,True,207,Manhattan,Gertrude Ederle,2016-2017,NYC Parks
January - March,Session #2,False,202,Brooklyn,Metropolitan,2016-2017,NYC Parks
October - December,Session #1,False,240,Manhattan,Asser Levy,2017-2018,NYC Parks
January - March,Session #2,False,201,Brooklyn,Brownsville,2017-2018,NYC Parks
April - June,Session #3,False,202,Manhattan,Asser Levy,2017-2018,NYC Parks
April - June,Session #3,False,202,Queens,Roy Wilkins,2018-2019,NYC Parks
October - December,Session #1,False,221,Manhattan,Hansborough,2018-2019,NYC Parks
April - June,Session #3,False,203,Queens,Roy Wilkins,2018-2019,NYC Parks
October - December,Session #1,False,231,Queens,FMCP,2018-2019,NYC Parks
January - March,Session #2,False,201,Brooklyn,St. John's,2020-2021,NYC Parks
April - June,Session #3,False,221,Queens,FMCP,2016-2017,NYC Parks
October - December,Session #1,False,201,Brooklyn,Metropolitan,2019-2020,NYC Parks
October - December,Session #1,False,203,Manhattan,Gertrude Ederle,2016-2017,NYC Parks
January - March,Session #2,False,201,Queens,Roy Wilkins,2016-2017,NYC Parks
April - June,Session #3,False,91,Brooklyn,Metropolitan,2017-2018,NYC Parks
January - March,Session #2,False,202,Brooklyn,Metropolitan,2016-2017,NYC Parks
October - December,Session #1,False,202,Bronx,St. Mary's,2016-2017,NYC Parks
January - March,Session #2,False,203,Brooklyn,Brownsville,2017-2018,NYC Parks
January - March,Session #2,False,201,Brooklyn,Metropolitan,2016-2017,NYC Parks
October - December,Session #1,False,202,Queens,FMCP,2018-2019,NYC Parks
January - March,Session #2,False,203,Queens,Roy Wilkins,2020-2021,NYC Parks
October - December,Session #1,False,201,Manhattan,River Bank,2018-2019,NYC Parks
January - March,Session #2,False,2,Brooklyn,Brownsville,2016-2017,NYC Parks
October - December,Session #1,False,201,Queens,Roy Wilkins,2016-2017,NYC Parks
October - December,Session #1,False,208,Manhattan,Tony Dapolito,2016-2017,NYC Parks
October - December,Session #1,False,201,Queens,Roy Wilkins,2016-2017,NYC Parks
January - March,Session #2,False,204,Manhattan,River Bank,2016-2017,NYC Parks
April - June,Session #3,False,202,Manhattan,Gertrude Ederle,2018-2019,NYC Parks
April - June,Session #3,False,202,Manhattan,Asser Levy,2017-2018,NYC Parks
October - December,Session #1,False,201,Brooklyn,Brownsville,2016-2017,NYC Parks
April - June,Session #3,False,204,Brooklyn,Brownsville,2016-2017,NYC Parks
April - June,Session #3,False,202,Queens,FMCP,2018-2019,NYC Parks
October - December,Session #1,False,204,Queens,Roy Wilkins,2019-2020,NYC Parks
April - June,Session #3,False,202,Queens,FMCP,2018-2019,NYC Parks
October - December,Session #1,False,202,Brooklyn,St. John's,2017-2018,NYC Parks
April - June,Session #3,False,2,Manhattan,Gertrude Ederle,2016-2017,NYC Parks
April - June,Session #3,False,204,Queens,FMCP,2016-2017,NYC Parks
october - december,Session #1,False,203,Brooklyn,St. John's,2016-2017,NYC Parks
April - June,Session #3,False,201,Queens,Roy Wilkins,2016-2017,NYC Parks
April - June,Session #3,False,206,Manhattan,Chelsea,2016-2017,NYC Parks
April - June,Session #3,False,231,Queens,Roy Wilkins,2017-2018,NYC Parks
April - June,Session #3,False,210,Queens,FMCP,2018-2019,NYC Parks
October - December,Session #1,False,204,Queens,Roy Wilkins,2019-2020,NYC Parks
January - March,Session #2,False,21,Bronx,St. Mary's,2017-2018,NYC Parks
October - December,Session #1,False,201,Queens,FMCP,2016-2017,NYC Parks
January - March,Session #2,False,309,Manhattan,Tony Dapolito,2020-2021,NYC Parks
October - December,Session #1,False,202,Queens,Far Rockaway,2017-2018,NYC Parks
October - December,Session #1,False,201,Queens,Roy Wilkins,2019-2020,NYC Parks
October - December,Session #1,False,202,Brooklyn,Metropolitan,2016-2017,NYC Parks
October - December,Session #1,False,1,Queens,Roy Wilkins,2018-2019,NYC Parks
April - June,Session #3,False,201,Brooklyn,Metropolitan,2018-2019,NYC Parks
October - December,Session #1,False,231,Queens,Roy Wilkins,2017-2018,NYC Parks
April - June,Session #3,False,205,Manhattan,Tony Dapolito,2018-2019,NYC Parks
January - March,Session #2,False,201,Queens,Roy Wilkins,2016-2017,NYC Parks
January - March,Session #2,False,201,Brooklyn,St. John's,2016-2017,NYC Parks
January - March,Session #2,False,202,Queens,Roy Wilkins,2020-2021,NYC Parks
October - december,Session #1,False,215,Manhattan,Tony Dapolito,2016-2017,NYC Parks
October - December,Session #1,False,202,Brooklyn,Brownsville,2017-2018,NYC Parks
October - December,Session #1,False,1,Manhattan,Chelsea,2017-2018,NYC Parks
April - June,Session #3,False,201,Manhattan,Chelsea,2017-2018,NYC Parks
October - December,Session #1,False,202,Bronx,St. Mary's,2016-2017,NYC Parks
April - June,Session #3,False,202,Bronx,St. Mary's,2016-2017,NYC Parks
January - March,Session #2,False,201,Brooklyn,Metropolitan,2019-2020,NYC Parks
October - December,Session #1,False,Y12 & Y11,Brooklyn,LIU,2016-2017,NYC Parks
october - december,Session #1,False,202,Brooklyn,St. John's,2016-2017,NYC Parks
october - december,Session #1,False,203,Brooklyn,St. John's,2016-2017,NYC Parks
January - March,Session #2,False,200,Brooklyn,Brownsville,2018-2019,NYC Parks
April - June,Session #3,False,"231,201",Queens,FMCP,2017-2018,NYC Parks
April - June,Session #3,False,202/201,Queens,FMCP,2018-2019,NYC Parks
October - December,Session #1,False,202,Queens,FMCP,2016-2017,NYC Parks
January - March,Session #2,False,251,Manhattan,Gertrude Ederle,2017-2018,NYC Parks
April - June,Session #3,False,201/202,Brooklyn,Metropolitan,2018-2019,NYC Parks
October - December,Session #1,False,202,Queens,Far Rockaway,2017-2018,NYC Parks
October - December,Session #1,False,203,Queens,Roy Wilkins,2018-2019,NYC Parks
October - December,Session #1,False,201,Queens,FMCP,2018-2019,NYC Parks
April - June,Session #3,False,201,Brooklyn,Metropolitan,2017-2018,NYC Parks
April - June,Session #3,False,"203, 291",Queens,Roy Wilkins,2016-2017,NYC Parks
October - December,Session #1,False,201 & 219,Brooklyn,Brownsville,2017-2018,NYC Parks
October - December,Session #1,False,203,Brooklyn,St. John's,2017-2018,NYC Parks
January - March,Session #2,False,231,Queens,FMCP,2018-2019,NYC Parks
January - March,Session #2,False,201,Brooklyn,Metropolitan,2020-2021,NYC Parks
January - March,Session #2,False,201,Queens,Roy Wilkins,2020-2021,NYC Parks
January - March,Session #2,False,214,Brooklyn,St. John's,2020-2021,NYC Parks
October - December,Session #1,False,1,Queens,Roy Wilkins,2018-2019,NYC Parks
October - December,Session #1,False,201,Queens,Far Rockaway,2017-2018,NYC Parks
January - March,Session #2,False,201,Manhattan,Chelsea,2017-2018,NYC Parks
October - December,Session #1,False,1,Manhattan,Boys and Girls Harbor,2016-2017,NYC Parks
January - March,Session #2,False,205,Manhattan,Asser Levy,2018-2019,NYC Parks
April - June,Session #3,False,202,Brooklyn,Brownsville,2017-2018,NYC Parks
April - June,Session #3,False,206,Brooklyn,Brownsville,2017-2018,NYC Parks
January - March,Session #2,False,201,Brooklyn,Metropolitan,2020-2021,NYC Parks
October - December,Session #1,False,404,Queens,FMCP,2016-2017,NYC Parks
October - December,Session #1,False,202,Brooklyn,St. John's,2016-2017,NYC Parks
October - December,Session #1,False,208,Manhattan,Tony Dapolito,2019-2020,NYC Parks
October - December,Session #1,False,202,Brooklyn,Metropolitan,2018-2019,NYC Parks
October - December,Session #1,False,221,Manhattan,Hansborough,2017-2018,NYC Parks
October - December,Session #1,False,205,Brooklyn,Brownsville,2016-2017,NYC Parks
April - June,Session #3,False,203,Brooklyn,St. John's,2017-2018,NYC Parks
April - June,Session #3,False,201,Brooklyn,Brownsville,2018-2019,NYC Parks
January - March,Session #2,False,202,Brooklyn,Brownsville,2018-2019,NYC Parks
April - June,Session #3,False,2,Queens,Roy Wilkins,2016-2017,NYC Parks
January - March,Session #2,False,"202, 203, 303",Brooklyn,Brownsville,2020-2021,NYC Parks
October - December,Session #1,False,236,Queens,FMCP,2017-2018,NYC Parks
october - december,Session #1,False,206,Manhattan,Tony Dapolito,2016-2017,NYC Parks
October - December,Session #1,False,202,Brooklyn,St. John's,2016-2017,NYC Parks
October - December,Session #1,False,202,Manhattan,Hansborough,2017-2018,NYC Parks
October - December,Session #1,False,202 & 205,Brooklyn,St. John's,2017-2018,NYC Parks
October - December,Session #1,False,202,Brooklyn,Metropolitan,2019-2020,NYC Parks
October - December,Session #1,False,202,Queens,Roy Wilkins,2018-2019,NYC Parks
January - March,Session #2,False,201,Bronx,St. Mary's,2018-2019,NYC Parks
April - June,Session #3,False,203,Queens,FMCP,2018-2019,NYC Parks
October - December,Session #1,False,203,Queens,Far Rockaway,2017-2018,NYC Parks
October - December,Session #1,False,604,Manhattan,Asser Levy,2017-2018,NYC Parks
April - June,Session #3,False,231,Queens,Roy Wilkins,2016-2017,NYC Parks
January - March,Session #2,False,201,Brooklyn,Metropolitan,2017-2018,NYC Parks
October - December,Session #1,False,203,Queens,Roy Wilkins,2017-2018,NYC Parks
October - December,Session #1,False,200,Brooklyn,Metropolitan,2019-2020,NYC Parks
October - December,Session #1,False,201,Manhattan,River Bank,2018-2019,NYC Parks
October - December,Session #1,False,203,Brooklyn,Brownsville,2017-2018,NYC Parks
January - March,Session #2,False,202,Manhattan,Gertrude Ederle,2017-2018,NYC Parks
April - June,Session #3,False,231,Queens,Roy Wilkins,2017-2018,NYC Parks
October - December,Session #1,True,305,Manhattan,River Bank,2019-2020,NYC Parks
January - March,Session #2,False,201,Brooklyn,Metropolitan,2019-2020,NYC Parks
April - June,Session #3,False,201,Queens,Roy Wilkins,2018-2019,NYC Parks
January - March,Session #2,False,201,Manhattan,River Bank,2017-2018,NYC Parks
October - December,Session #1,False,213,Manhattan,Tony Dapolito,2017-2018,NYC Parks
April - June,Session #3,False,439,Manhattan,Hansborough,2018-2019,NYC Parks
April - June,Session #3,False,202,Manhattan,Asser Levy,2016-2017,NYC Parks
April - June,Session #3,False,201,Queens,FMCP,2016-2017,NYC Parks
October - December,Session #1,False,404,Queens,FMCP,2018-2019,NYC Parks
October - December,Session #1,False,201 & 219,Brooklyn,Brownsville,2017-2018,NYC Parks
April - June,Session #3,False,203,Queens,Roy Wilkins,2018-2019,NYC Parks
April - June,Session #3,False,201,Queens,Roy Wilkins,2016-2017,NYC Parks
October - December,Session #1,False,201,Queens,Roy Wilkins,2018-2019,NYC Parks
January - March,Session #2,False,205,Queens,FMCP,2018-2019,NYC Parks
October - December,Session #1,False,206,Manhattan,Tony Dapolito,2019-2020,NYC Parks
October - December,Session #1,False,201,Brooklyn,St. John's,2017-2018,NYC Parks
April - June,Session #3,False,2,Brooklyn,Metropolitan,2016-2017,NYC Parks
October - December,Session #1,False,120,Brooklyn,Brownsville,2016-2017,NYC Parks
October - December,Session #1,False,201,Manhattan,Hansborough,2016-2017,NYC Parks
October - December,Session #1,False,205,Manhattan,Chelsea,2016-2017,NYC Parks
January - March,Session #2,False,202,Brooklyn,Brownsville,2017-2018,NYC Parks
January - March,Session #2,False,201,Queens,Roy Wilkins,2018-2019,NYC Parks
October - December,Session #1,False,203,Queens,Far Rockaway,2017-2018,NYC Parks
January - March,Session #2,False,202/204,Brooklyn,Brownsville,2016-2017,NYC Parks
October - December,Session #1,False,202,Queens,Roy Wilkins,2019-2020,NYC Parks
October - December,Session #1,False,201,Brooklyn,Metropolitan,2018-2019,NYC Parks
January - March,Session #2,False,202,Brooklyn,Brownsville,2016-2017,NYC Parks
October - December,Session #1,False,205,Manhattan,Tony Dapolito,2016-2017,NYC Parks
January - March,Session #2,False,291,Manhattan,River Bank,2020-2021,NYC Parks
october - december,Session #1,False,205,Brooklyn,Metropolitan,2016-2017,NYC Parks
January - March,Session #2,False,201,Queens,Roy Wilkins,2020-2021,NYC Parks
October - December,Session #1,False,202,Brooklyn,Brownsville,2016-2017,NYC Parks
January - March,Session #2,False,233,Queens,FMCP,2018-2019,NYC Parks
January - March,Session #2,False,203,Manhattan,Chelsea,2016-2017,NYC Parks
October - December,Session #1,False,201,Brooklyn,Brownsville,2017-2018,NYC Parks
October - December,Session #1,False,202,Queens,Roy Wilkins,2019-2020,NYC Parks
January - March,Session #2,False,201,Manhattan,River Bank,2020-2021,NYC Parks
January - March,Session #2,False,201,Queens,Roy Wilkins,2016-2017,NYC Parks
January - March,Session #2,False,203,Queens,Roy Wilkins,2016-2017,NYC Parks
April - June,Session #3,False,202,Queens,FMCP,2018-2019,NYC Parks
January - March,Session #2,False,201,Queens,FMCP,2017-2018,NYC Parks
October - December,Session #1,False,201,Queens,Roy Wilkins,2018-2019,NYC Parks
January - March,Session #2,False,201,Manhattan,Hansborough,2017-2018,NYC Parks
January - March,Session #2,False,202,Brooklyn,Metropolitan,2016-2017,NYC Parks
April - June,Session #3,False,231,Queens,FMCP,2017-2018,NYC Parks
October - December,Session #1,False,205,Queens,FMCP,2017-2018,NYC Parks
April - June,Session #3,False,201,Bronx,St. Mary's,2016-2017,NYC Parks
October - December,Session #1,False,203,Brooklyn,Metropolitan,2019-2020,NYC Parks
January - March,Session #2,False,201,Brooklyn,St. John's,2020-2021,NYC Parks
October - December,Session #1,False,202,Queens,Far Rockaway,2017-2018,NYC Parks
January - March,Session #2,False,205,Queens,FMCP,2018-2019,NYC Parks
October - December,Session #1,False,291/ 231,Queens,Roy Wilkins,2016-2017,NYC Parks
April - June,Session #3,False,230,Manhattan,Gertrude Ederle,2017-2018,NYC Parks
January - March,Session #2,False,201,Brooklyn,St. John's,2017-2018,NYC Parks
January - March,Session #2,False,231,Queens,FMCP,2016-2017,NYC Parks
January - March,Session #2,False,201,Queens,FMCP,2016-2017,NYC Parks
January - March,Session #2,False,204,Manhattan,River Bank,2016-2017,NYC Parks
October - December,Session #1,False,202,Brooklyn,St. John's,2019-2020,NYC Parks
January - March,Session #2,False,233/234,Queens,FMCP,2017-2018,NYC Parks
April - June,Session #3,False,201,Queens,Roy Wilkins,2018-2019,NYC Parks
October - December,Session #1,False,203,Queens,Far Rockaway,2017-2018,NYC Parks
April - June,Session #3,False,201,Queens,Roy Wilkins,2016-2017,NYC Parks
January - March,Session #2,False,201,Queens,Roy Wilkins,2020-2021,NYC Parks
January - March,Session #2,False,202,Brooklyn,Metropolitan,2020-2021,NYC Parks
January - March,Session #2,False,902/903,Brooklyn,St. John's,2016-2017,NYC Parks
April - June,Session #3,False,208,Manhattan,Chelsea,2016-2017,NYC Parks
January - March,Session #2,False,201,Brooklyn,Metropolitan,2018-2019,NYC Parks
January - March,Session #2,False,201,Brooklyn,St. John's,2016-2017,NYC Parks
April - June,Session #3,False,202,Manhattan,Asser Levy,2016-2017,NYC Parks
October - December,Session #1,False,202 & 205,Brooklyn,St. John's,2017-2018,NYC Parks
April - June,Session #3,False,201,Manhattan,Hansborough,2017-2018,NYC Parks
October - December,Session #1,False,1,Manhattan,Chelsea,2017-2018,NYC Parks
October - December,Session #1,False,202,Queens,Roy Wilkins,2017-2018,NYC Parks
October - December,Session #1,False,201,Bronx,St. Mary's,2018-2019,NYC Parks
April - June,Session #3,False,202,Brooklyn,Brownsville,2017-2018,NYC Parks
october - december,Session #1,False,201,Bronx,St. Mary's,2016-2017,NYC Parks
January - March,Session #2,False,203,Queens,Roy Wilkins,2020-2021,NYC Parks
January - March,Session #2,False,221,Queens,FMCP,2018-2019,NYC Parks
October - December,Session #1,False,201,Brooklyn,Brownsville,2016-2017,NYC Parks
October - December,Session #1,False,205,Brooklyn,Brownsville,2017-2018,NYC Parks
October - December,Session #1,False,202,Brooklyn,Brownsville,2017-2018,NYC Parks
January - March,Session #2,False,203,Brooklyn,St. Mary's,2020-2021,NYC Parks
October - December,Session #1,False,203,Brooklyn,Metropolitan,2017-2018,NYC Parks
April - June,Session #3,False,201,Manhattan,Asser Levy,2017-2018,NYC Parks
April - June,Session #3,False,201&410,Manhattan,Gertrude Ederle,2017-2018,NYC Parks
October - December,Session #1,False,202/205,Bronx,St. Mary's,2018-2019,NYC Parks
January - March,Session #2,False,202,Brooklyn,St. John's,2017-2018,NYC Parks
October - December,Session #1,False,202,Bronx,St. Mary's,2017-2018,NYC Parks
October - December,Session #1,False,202,Queens,Roy Wilkins,2019-2020,NYC Parks
April - June,Session #3,True,Y27,Manhattan,Chelsea,2016-2017,NYC Parks
January - March,Session #2,False,201,Brooklyn,Metropolitan,2020-2021,NYC Parks
October - December,Session #1,False,201,Queens,Roy Wilkins,2016-2017,NYC Parks
April - June,Session #3,False,202,Queens,Roy Wilkins,2018-2019,NYC Parks
January - March,Session #2,False,201,Brooklyn,Brownsville,2017-2018,NYC Parks
october - december,Session #1,False,205,Brooklyn,Metropolitan,2016-2017,NYC Parks
October - December,Session #1,False,203,Queens,Roy Wilkins,2016-2017,NYC Parks
October - December,Session #1,False,201,Queens,Roy Wilkins,2018-2019,NYC Parks
october - december,Session #1,False,201,Bronx,St. Mary's,2016-2017,NYC Parks
April - June,Session #3,False,201,Brooklyn,St. John's,2016-2017,NYC Parks
April - June,Session #3,False,202,Bronx,St. Mary's,2016-2017,NYC Parks
April - June,Session #3,False,203,Brooklyn,Metropolitan,2018-2019,NYC Parks
October - December,Session #1,False,203,Manhattan,River Bank,2019-2020,NYC Parks
April - June,Session #3,False,201,Queens,Roy Wilkins,2016-2017,NYC Parks
October - December,Session #1,False,203,Queens,Far Rockaway,2017-2018,NYC Parks
October - December,Session #1,False,203,Queens,FMCP,2018-2019,NYC Parks
October - December,Session #1,False,120,Brooklyn,Brownsville,2016-2017,NYC Parks
October - December,Session #1,False,203,Queens,FMCP,2016-2017,NYC Parks
April - June,Session #3,False,2,Manhattan,Gertrude Ederle,2016-2017,NYC Parks
January - March,Session #2,True,Y20,Manhattan,Hansborough,2017-2018,NYC Parks
January - March,Session #2,False,203,Queens,FMCP,2018-2019,NYC Parks
October - December,Session #1,False,202,Brooklyn,Brownsville,2017-2018,NYC Parks
April - June,Session #3,False,231,Queens,Roy Wilkins,2016-2017,NYC Parks
October - December,Session #1,False,203,Queens,Roy Wilkins,2018-2019,NYC Parks
January - March,Session #2,False,201,Manhattan,River Bank,2020-2021,NYC Parks
October - December,Session #1,False,"201, 202",Brooklyn,Brownsville,2018-2019,NYC Parks
April - June,Session #3,False,201,Queens,FMCP,2017-2018,NYC Parks
October - December,Session #1,False,201,Brooklyn,Metropolitan,2018-2019,NYC Parks
January - March,Session #2,True,Y27,Manhattan,Hansborough,2017-2018,NYC Parks
October - December,Session #1,False,315,Manhattan,River Bank,2019-2020,NYC Parks
October - December,Session #1,False,205,Brooklyn,Brownsville,2017-2018,NYC Parks
October - December,Session #1,False,204,Brooklyn,Metropolitan,2019-2020,NYC Parks
October - December,Session #1,False,202,Manhattan,Hansborough,2017-2018,NYC Parks
January - March,Session #2,False,231,Queens,FMCP,2017-2018,NYC Parks
April - June,Session #3,False,231,Queens,FMCP,2018-2019,NYC Parks
October - December,Session #1,False,202,Bronx,St. Mary's,2016-2017,NYC Parks
October - December,Session #1,False,205,Manhattan,Gertrude Ederle,2016-2017,NYC Parks
April - June,Session #3,False,201,Bronx,St. Mary's,2018-2019,NYC Parks
October - December,Session #1,False,231,Queens,FMCP,2016-2017,NYC Parks
October - December,Session #1,False,203,Queens,Far Rockaway,2017-2018,NYC Parks
October - December,Session #1,False,240,Manhattan,Asser Levy,2017-2018,NYC Parks
April - June,Session #3,False,201,Queens,FMCP,2018-2019,NYC Parks
October - December,Session #1,False,202,Brooklyn,Brownsville,2018-2019,NYC Parks
January - March,Session #2,False,202,Brooklyn,Brownsville,2017-2018,NYC Parks
October - December,Session #1,False,Y12 & Y11,Brooklyn,LIU,2016-2017,NYC Parks
October - December,Session #1,True,SE X04,Manhattan,Hansborough,2017-2018,NYC Parks
January - March,Session #2,False,201,Brooklyn,Brownsville,2020-2021,NYC Parks
April - June,Session #1,False,202,Queens,FMCP,2018-2019,NYC Parks
October - December,Session #1,False,202,Queens,FMCP,2017-2018,NYC Parks
October - December,Session #1,False,202,Brooklyn,St. John's,2016-2017,NYC Parks
April - June,Session #3,False,201,Queens,FMCP,2017-2018,NYC Parks
October - December,Session #1,False,202,Bronx,St. Mary's,2017-2018,NYC Parks
January - March,Session #2,False,202/204,Brooklyn,Brownsville,2016-2017,NYC Parks
October - December,Session #1,False,208,Manhattan,Gertrude Ederle,2016-2017,NYC Parks
April - June,Session #3,False,201,Queens,FMCP,2016-2017,NYC Parks
January - March,Session #2,False,202,Manhattan,Asser Levy,2020-2021,NYC Parks
April - June,Session #3,False,201,Brooklyn,St. John's,2016-2017,NYC Parks
April - June,Session #3,False,201,Manhattan,Tony Dapolito,2016-2017,NYC Parks
January - March,Session #2,False,201,Queens,Roy Wilkins,2018-2019,NYC Parks
April - June,Session #3,False,201,Queens,FMCP,2016-2017,NYC Parks
April - June,Session #3,False,202,Manhattan,Tony Dapolito,2017-2018,NYC Parks
April - June,Session #3,False,201,Queens,FMCP,2018-2019,NYC Parks
April - June,Session #3,False,201,Brooklyn,Metropolitan,2018-2019,NYC Parks
January - March,Session #2,False,214,Brooklyn,St. John's,2020-2021,NYC Parks
October - December,Session #1,False,202,Bronx,St. Mary's,2016-2017,NYC Parks
october - december,Session #1,False,205,Brooklyn,Metropolitan,2016-2017,NYC Parks
October - December,Session #1,False,205,Brooklyn,Brownsville,2017-2018,NYC Parks
January - March,Session #2,False,216,Manhattan,River Bank,2020-2021,NYC Parks
January - March,Session #2,False,213,Manhattan,Tony Dapolito,2016-2017,NYC Parks
April - June,Session #3,False,28,Queens,FMCP,2016-2017,NYC Parks
April - June,Session #3,False,202,Manhattan,Hansborough,2016-2017,NYC Parks
October - December,Session #1,False,203,Brooklyn,Brownsville,2017-2018,NYC Parks
April - June,Session #3,False,204,Bronx,St. Mary's,2017-2018,NYC Parks
October - December,Session #1,False,201,Queens,Roy Wilkins,2016-2017,NYC Parks
October - December,Session #1,False,201,Brooklyn,Brownsville,2018-2019,NYC Parks
January - March,Session #2,False,202,Manhattan,Asser Levy,2020-2021,NYC Parks
October - December,Session #1,False,201,Queens,Roy Wilkins,2017-2018,NYC Parks
October - December,Session #1,False,201,Queens,FMCP,2018-2019,NYC Parks
october - december,Session #1,False,215,Manhattan,Tony Dapolito,2016-2017,NYC Parks
April - June,Session #3,False,202,Manhattan,River Bank,2018-2019,NYC Parks
April - June,Session #3,False,203,Queens,Roy Wilkins,2017-2018,NYC Parks
April - June,Session #3,False,231,Queens,Roy Wilkins,2017-2018,NYC Parks
January - March,Session #2,False,201,Brooklyn,Metropolitan,2018-2019,NYC Parks
April - June,Session #3,False,203,Brooklyn,St. John's,2016-2017,NYC Parks
October - December,Session #1,False,203,Brooklyn,Metropolitan,2017-2018,NYC Parks
April - June,Session #3,False,201,Queens,Roy Wilkins,2018-2019,NYC Parks
April - June,Session #3,False,201,Queens,Roy Wilkins,2016-2017,NYC Parks
January - March,Session #2,False,205,Queens,FMCP,2018-2019,NYC Parks
January - March,Session #2,False,231,Queens,FMCP,2017-2018,NYC Parks
April - June,Session #3,False,91,Brooklyn,Metropolitan,2017-2018,NYC Parks
January - March,Session #2,True,L7204,Brooklyn,Brownsville,2018-2019,NYC Parks
October - December,Session #1,False,203,Brooklyn,Metropolitan,2017-2018,NYC Parks
January - March,Session #2,False,200,Manhattan,Hansborough,2018-2019,NYC Parks
January - March,Session #2,False,2,Brooklyn,Brownsville,2016-2017,NYC Parks
October - December,Session #1,False,202,Brooklyn,Brownsville,2019-2020,NYC Parks
January - March,Session #2,False,203,Brooklyn,St. John's,2016-2017,NYC Parks
October - December,Session #1,False,203,Brooklyn,Metropolitan,2019-2020,NYC Parks
April - June,Session #3,False,261,Manhattan,Asser Levy,2018-2019,NYC Parks
January - March,Session #2,False,206,Brooklyn,Metropolitan,2017-2018,NYC Parks
October - December,Session #1,False,201,Queens,Roy Wilkins,2018-2019,NYC Parks
October - December,Session #1,False,2 HR,Queens,Roy Wilkins,2017-2018,NYC Parks
April - June,Session #3,False,202,Queens,Roy Wilkins,2018-2019,NYC Parks
January - March,Session #2,False,202,Manhattan,River Bank,2020-2021,NYC Parks
October - December,Session #1,False,204,Manhattan,Gertrude Ederle,2019-2020,NYC Parks
January - March,Session #2,False,201,Queens,Roy Wilkins,2020-2021,NYC Parks
January - March,Session #2,False,201,Queens,Roy Wilkins,2020-2021,NYC Parks
April - June,Session #3,False,2,Brooklyn,Metropolitan,2016-2017,NYC Parks
April - June,Session #3,False,202,Queens,FMCP,2018-2019,NYC Parks
January - March,Session #2,False,201,Brooklyn,Brownsville,2017-2018,NYC Parks
April - June,Session #3,False,"129, 201",Brooklyn,St. John's,2016-2017,NYC Parks
October - December,Session #1,False,231,Queens,FMCP,2016-2017,NYC Parks
April - June,Session #3,False,419,Queens,FMCP,2018-2019,NYC Parks
January - March,Session #2,False,213,Brooklyn,St. John's,2020-2021,NYC Parks
January - March,Session #2,True,104,Brooklyn,St. John's,2016-2017,NYC Parks
April - June,Session #3,False,203,Brooklyn,St. John's,2017-2018,NYC Parks
January - March,Session #2,False,221,Queens,FMCP,2017-2018,NYC Parks
April - June,Session #3,False,202,Queens,FMCP,2018-2019,NYC Parks
April - June,Session #3,False,,Bronx,St. Mary's,2018-2019,NYC Parks
January - March,Session #2,False,201,Queens,Roy Wilkins,2016-2017,NYC Parks
April - June,Session #3,False,2,Manhattan,Tony Dapolito,2018-2019,NYC Parks
April - June,Session #3,False,201,Brooklyn,St. John's,2017-2018,NYC Parks
October - December,Session #1,False,203,Brooklyn,Metropolitan,2016-2017,NYC Parks
October - December,Session #1,False,221,Queens,FMCP,2017-2018,NYC Parks
April - June,Session #3,False,202,Queens,FMCP,2018-2019,NYC Parks
April - June,Session #3,False,201,Manhattan,River Bank,2016-2017,NYC Parks
January - March,Session #2,False,"201, 202, 203, 204, 205, 206",Brooklyn,St. John's,2016-2017,NYC Parks
April - June,Session #3,False,231,Queens,Roy Wilkins,2016-2017,NYC Parks
October - December,Session #1,False,201,Brooklyn,Brownsville,2018-2019,NYC Parks
October - December,Session #1,False,604,Manhattan,Asser Levy,2017-2018,NYC Parks
January - March,Session #2,False,202,Brooklyn,Metropolitan,2018-2019,NYC Parks
October - December,Session #1,False,251,Manhattan,Gertrude Ederle,2016-2017,NYC Parks
April - June,Session #3,False,201,Brooklyn,Brownsville,2017-2018,NYC Parks
January - March,Session #2,False,203,Brooklyn,St. John's,2017-2018,NYC Parks
January - March,Session #2,False,201,Brooklyn,Metropolitan,2019-2020,NYC Parks
October - December,Session #1,False,"202, 219, 229",Manhattan,Gertrude Ederle,2017-2018,NYC Parks
October - December,Session #1,False,201,Queens,Roy Wilkins,2017-2018,NYC Parks
October - December,Session #1,False,201,Queens,Roy Wilkins,2016-2017,NYC Parks
October - December,Session #1,False,204,Queens,FMCP,2018-2019,NYC Parks
October - December,Session #1,False,202,Queens,FMCP,2016-2017,NYC Parks
October - December,Session #1,False,1,Brooklyn,Metropolitan,2017-2018,NYC Parks
October - December,Session #1,False,405,Manhattan,River Bank,2019-2020,NYC Parks
October - December,Session #1,False,"201, 202",Brooklyn,Brownsville,2018-2019,NYC Parks
January - March,Session #2,False,213,Brooklyn,St. John's,2020-2021,NYC Parks
January - March,Session #2,False,202,Brooklyn,Brownsville,2017-2018,NYC Parks
October - December,Session #1,False,202,Queens,FMCP,2018-2019,NYC Parks
January - March,Session #2,False,205,Brooklyn,Metropolitan,2020-2021,NYC Parks
April - June,Session #3,False,2,Brooklyn,Metropolitan,2016-2017,NYC Parks
October - December,Session #1,False,201,Brooklyn,Brownsville,2016-2017,NYC Parks
October - December,Session #1,False,204,Brooklyn,Metropolitan,2019-2020,NYC Parks
October - December,Session #1,False,201,Brooklyn,Metropolitan,2018-2019,NYC Parks
April - June,Session #3,False,202,Brooklyn,Brownsville,2017-2018,NYC Parks
April - June,Session #3,False,206,Manhattan,Chelsea,2016-2017,NYC Parks
April - June,Session #3,False,202,Manhattan,Gertrude Ederle,2018-2019,NYC Parks
April - June,Session #3,False,202,Queens,FMCP,2018-2019,NYC Parks
January - March,Session #2,False,204,Manhattan,Tony Dapolito,2017-2018,NYC Parks
January - March,Session #2,False,214,Brooklyn,St. John's,2020-2021,NYC Parks
January - March,Session #2,True,Y20,Manhattan,Hansborough,2017-2018,NYC Parks
October - December,Session #1,False,201,Manhattan,Hansborough,2017-2018,NYC Parks
January - March,Session #2,False,902/903,Brooklyn,St. John's,2016-2017,NYC Parks
January - March,Session #2,False,201,Brooklyn,St. John's,2020-2021,NYC Parks
January - March,Session #2,False,201,Manhattan,River Bank,2020-2021,NYC Parks
April - June,Session #3,False,201,Manhattan,River Bank,2016-2017,NYC Parks
April - June,Session #3,False,202,Queens,Roy Wilkins,2017-2018,NYC Parks
October - December,Session #1,False,201,Manhattan,Hansborough,2016-2017,NYC Parks
January - March,Session #2,False,204,Manhattan,Tony Dapolito,2017-2018,NYC Parks
October - December,Session #1,False,231,Queens,FMCP,2017-2018,NYC Parks
January - March,Session #2,False,201,Manhattan,River Bank,2017-2018,NYC Parks
October - December,Session #1,False,203,Queens,FMCP,2017-2018,NYC Parks
January - March,Session #2,False,303,Manhattan,Tony Dapolito,2020-2021,NYC Parks
October - December,Session #1,False,201,Queens,FMCP,2017-2018,NYC Parks
October - December,Session #1,False,202,Queens,FMCP,2016-2017,NYC Parks
October - December,Session #1,False,202,Queens,FMCP,2017-2018,NYC Parks
October - December,Session #1,False,202,Queens,Roy Wilkins,2019-2020,NYC Parks
April - June,Session #3,False,208/213,Manhattan,Asser Levy,2018-2019,NYC Parks
January - March,Session #2,False,204,Manhattan,Tony Dapolito,2018-2019,NYC Parks
October - December,Session #1,False,201,Queens,Roy Wilkins,2016-2017,NYC Parks
October - December,Session #1,False,014/011,Brooklyn,Brownsville,2018-2019,NYC Parks
April - June,Session #3,False,201,Manhattan,Asser Levy,2017-2018,NYC Parks
April - June,Session #3,False,202,Queens,Roy Wilkins,2018-2019,NYC Parks
April - June,Session #3,False,204,Brooklyn,Brownsville,2016-2017,NYC Parks
January - March,Session #2,False,201,Manhattan,Hansborough,2017-2018,NYC Parks
January - March,Session #2,False,401,Brooklyn,St. John's,2017-2018,NYC Parks
October - December,Session #1,False,201,Manhattan,Asser Levy,2018-2019,NYC Parks
October - December,Session #1,False,202,Queens,FMCP,2018-2019,NYC Parks
January - March,Session #2,False,203,Queens,FMCP,2016-2017,NYC Parks
January - March,Session #2,False,201,Queens,Roy Wilkins,2018-2019,NYC Parks
April - June,Session #3,False,2,Queens,Roy Wilkins,2016-2017,NYC Parks
October - December,Session #1,False,201,Queens,FMCP,2018-2019,NYC Parks
April - June,Session #3,False,201,Queens,Roy Wilkins,2017-2018,NYC Parks
April - June,Session #3,False,201,Queens,Roy Wilkins,2017-2018,NYC Parks
January - March,Session #2,False,202,Manhattan,Asser Levy,2020-2021,NYC Parks
October - December,Session #1,False,202,Manhattan,Gertrude Ederle,2016-2017,NYC Parks
January - March,Session #2,False,202,Brooklyn,Metropolitan,2020-2021,NYC Parks
April - June,Session #3,False,201,Bronx,St. Mary's,2016-2017,NYC Parks
October - December,Session #1,False,201,Queens,Roy Wilkins,2017-2018,NYC Parks
October - December,Session #1,False,202,Queens,Roy Wilkins,2019-2020,NYC Parks
January - March,Session #2,False,202,Brooklyn,Brownsville,2018-2019,NYC Parks
October - December,Session #1,False,202/205,Bronx,St. Mary's,2018-2019,NYC Parks
January - March,Session #2,False,232,Queens,FMCP,2016-2017,NYC Parks
April - June,Session #3,False,202,Queens,Roy Wilkins,2018-2019,NYC Parks
January - March,Session #2,False,204,Brooklyn,St. John's,2020-2021,NYC Parks
January - March,Session #2,False,206,Brooklyn,Metropolitan,2017-2018,NYC Parks
October - December,Session #1,False,202,Queens,Roy Wilkins,2019-2020,NYC Parks
October - December,Session #1,False,221,Manhattan,Hansborough,2018-2019,NYC Parks
October - December,Session #1,False,202,Queens,Far Rockaway,2017-2018,NYC Parks
January - March,Session #2,False,205,Manhattan,Gertrude Ederle,2018-2019,NYC Parks
April - June,Session #3,False,201,Queens,FMCP,2018-2019,NYC Parks
January - March,Session #2,False,2,Queens,Roy Wilkins,2018-2019,NYC Parks
October - December,Session #1,False,208,Manhattan,Tony Dapolito,2016-2017,NYC Parks
October - December,Session #1,False,"315, 300, 301",Queens,FMCP,2016-2017,NYC Parks
April - June,Session #3,False,215,Queens,FMCP,2016-2017,NYC Parks
October - December,Session #1,False,202,Queens,FMCP,2016-2017,NYC Parks
April - June,Session #3,False,231,Queens,Roy Wilkins,2018-2019,NYC Parks
October - December,Session #1,False,204,Manhattan,Gertrude Ederle,2018-2019,NYC Parks
October - December,Session #1,False,202,Queens,Roy Wilkins,2016-2017,NYC Parks
January - March,Session #2,False,202,Brooklyn,Brownsville,2017-2018,NYC Parks
January - March,Session #2,False,201,Queens,Roy Wilkins,2016-2017,NYC Parks
January - March,Session #2,False,202,Brooklyn,Metropolitan,2020-2021,NYC Parks
January - March,Session #2,False,2,Queens,Roy Wilkins,2017-2018,NYC Parks
January - March,Session #2,False,309,Brooklyn,Metropolitan,2017-2018,NYC Parks
January - March,Session #2,False,201,Queens,FMCP,2017-2018,NYC Parks
April - June,Session #3,False,201,Manhattan,River Bank,2016-2017,NYC Parks
October - December,Session #1,False,202,Manhattan,Hansborough,2017-2018,NYC Parks
January - March,Session #2,False,203,Manhattan,Gertrude Ederle,2016-2017,NYC Parks
January - March,Session #2,False,213,Manhattan,Tony Dapolito,2016-2017,NYC Parks
January - March,Session #2,False,201,Queens,Roy Wilkins,2016-2017,NYC Parks
October - December,Session #1,False,203,Queens,Far Rockaway,2017-2018,NYC Parks
October - December,Session #1,False,201,Queens,Roy Wilkins,2018-2019,NYC Parks
October - December,Session #1,False,201,Brooklyn,Metropolitan,2017-2018,NYC Parks
April - June,Session #3,False,231,Queens,Roy Wilkins,2016-2017,NYC Parks
January - March,Session #2,False,202,Brooklyn,Metropolitan,2020-2021,NYC Parks
January - March,Session #2,False,231,Queens,Roy Wilkins,2020-2021,NYC Parks
April - June,Session #3,False,201,Brooklyn,Brownsville,2018-2019,NYC Parks
April - June,Session #3,False,205,Manhattan,Asser Levy,2016-2017,NYC Parks
October - December,Session #1,False,1,Manhattan,Boys and Girls Harbor,2016-2017,NYC Parks
April - June,Session #3,False,203,Queens,FMCP,2018-2019,NYC Parks
April - June,Session #3,False,202/201,Queens,FMCP,2018-2019,NYC Parks
April - June,Session #3,True,Y41 & Y42,Brooklyn,Metropolitan,2016-2017,NYC Parks
october - december,Session #1,False,205,Brooklyn,Metropolitan,2016-2017,NYC Parks
April - June,Session #3,False,202,Queens,FMCP,2017-2018,NYC Parks
April - June,Session #3,False,205,Manhattan,Tony Dapolito,2018-2019,NYC Parks
January - March,Session #2,False,2DL,Manhattan,Asser Levy,2018-2019,NYC Parks
January - March,Session #2,False,203,Manhattan,Asser Levy,2020-2021,NYC Parks
January - March,Session #2,False,201,Brooklyn,Metropolitan,2017-2018,NYC Parks
October - December,Session #1,False,201,Queens,Roy Wilkins,2017-2018,NYC Parks
January - March,Session #2,True,Y27,Manhattan,Hansborough,2017-2018,NYC Parks
October - December,Session #1,False,291,Manhattan,Chelsea,2017-2018,NYC Parks
October - December,Session #1,False,201 & 219,Brooklyn,Brownsville,2017-2018,NYC Parks
January - March,Session #2,True,5,Brooklyn,St. John's,2016-2017,NYC Parks
October - December,Session #1,False,206,Manhattan,Tony Dapolito,2017-2018,NYC Parks
october - december,Session #1,False,201,Bronx,St. Mary's,2016-2017,NYC Parks
October - December,Session #1,False,13,Brooklyn,Brownsville,2019-2020,NYC Parks
January - March,Session #2,False,203,Queens,FMCP,2018-2019,NYC Parks
October - December,Session #1,False,204,Manhattan,Gertrude Ederle,2019-2020,NYC Parks
October - December,Session #1,False,1,Manhattan,Asser Levy,2016-2017,NYC Parks
April - June,Session #3,False,202/201,Queens,FMCP,2018-2019,NYC Parks
October - December,Session #1,False,2,Queens,FMCP,2018-2019,NYC Parks
January - March,Session #2,False,203,Brooklyn,Brownsville,2017-2018,NYC Parks
October - December,Session #1,False,2 HR,Queens,Roy Wilkins,2017-2018,NYC Parks
October - December,Session #1,False,202,Queens,Roy Wilkins,2019-2020,NYC Parks
January - March,Session #2,False,201,Manhattan,Gertrude Ederle,2020-2021,NYC Parks
April - June,Session #3,False,12,Brooklyn,Brownsville,2018-2019,NYC Parks
October - December,Session #1,False,202/205,Bronx,St. Mary's,2018-2019,NYC Parks
April - June,Session #3,False,201,Brooklyn,Brownsville,2017-2018,NYC Parks
January - March,Session #2,False,202,Brooklyn,Metropolitan,2020-2021,NYC Parks
April - June,Session #3,False,202,Manhattan,Asser Levy,2016-2017,NYC Parks
October - December,Session #1,False,202,Brooklyn,Brownsville,2019-2020,NYC Parks
October - December,Session #1,False,014/011,Brooklyn,Brownsville,2018-2019,NYC Parks
October - December,Session #1,False,202/205,Bronx,St. Mary's,2018-2019,NYC Parks
April - June,Session #3,False,202,Brooklyn,Brownsville,2016-2017,NYC Parks
January - March,Session #2,False,202,Queens,FMCP,2016-2017,NYC Parks
April - June,Session #3,False,201,Manhattan,Tony Dapolito,2017-2018,NYC Parks
october - december,Session #1,False,203,Brooklyn,St. John's,2016-2017,NYC Parks
April - June,Session #3,False,215/232/229,Queens,FMCP,2017-2018,NYC Parks
April - June,Session #3,False,201,Queens,FMCP,2016-2017,NYC Parks
April - June,Session #3,False,202,Bronx,St. Mary's,2017-2018,NYC Parks
October - December,Session #1,False,201,Queens,FMCP,2017-2018,NYC Parks
October - December,Session #1,False,201,Queens,Roy Wilkins,2018-2019,NYC Parks
April - June,Session #3,False,201,Queens,Roy Wilkins,2018-2019,NYC Parks
April - June,Session #3,False,201,Queens,Roy Wilkins,2017-2018,NYC Parks
April - June,Session #3,False,202,Manhattan,River Bank,2018-2019,NYC Parks
October - December,Session #1,False,203,Brooklyn,St. John's,2016-2017,NYC Parks
April - June,Session #3,False,202,Brooklyn,Metropolitan,2017-2018,NYC Parks
October - December,Session #1,False,201,Brooklyn,Metropolitan,2018-2019,NYC Parks
January - March,Session #2,False,218,Manhattan,River Bank,2020-2021,NYC Parks
October - December,Session #1,False,201,Queens,Roy Wilkins,2018-2019,NYC Parks
April - June,Session #3,False,202,Queens,FMCP,2018-2019,NYC Parks
January - March,Session #2,False,201,Queens,Roy Wilkins,2016-2017,NYC Parks
October - December,Session #1,False,201,Brooklyn,St. John's,2017-2018,NYC Parks
April - June,Session #3,False,202,Queens,FMCP,2017-2018,NYC Parks
January - March,Session #2,False,201,Brooklyn,Metropolitan,2020-2021,NYC Parks
October - December,Session #1,False,202,Queens,Roy Wilkins,2018-2019,NYC Parks
January - March,Session #2,False,231,Queens,Roy Wilkins,2018-2019,NYC Parks
January - March,Session #2,False,"201, 202, 203, 204, 205, 206",Brooklyn,St. John's,2016-2017,NYC Parks
January - March,Session #2,False,221,Queens,FMCP,2017-2018,NYC Parks
January - March,Session #2,False,202,Brooklyn,Metropolitan,2020-2021,NYC Parks
April - June,Session #3,False,203,Manhattan,Hansborough,2017-2018,NYC Parks
April - June,Session #3,False,272,Brooklyn,Metropolitan,2016-2017,NYC Parks
January - March,Session #2,False,202,Brooklyn,Brownsville,2016-2017,NYC Parks
January - March,Session #2,False,203,Manhattan,Gertrude Ederle,2016-2017,NYC Parks
January - March,Session #2,False,203,Brooklyn,Brownsville,2017-2018,NYC Parks
October - December,Session #1,False,202,Manhattan,Hansborough,2016-2017,NYC Parks
October - December,Session #1,False,201,Queens,FMCP,2017-2018,NYC Parks
October - December,Session #1,False,1,Queens,Roy Wilkins,2018-2019,NYC Parks
April - June,Session #3,False,204,Queens,Roy Wilkins,2017-2018,NYC Parks
January - March,Session #2,False,201,Brooklyn,Metropolitan,2016-2017,NYC Parks
April - June,Session #3,False,"216, 205, 207, 220, 214",Manhattan,Hansborough,2016-2017,NYC Parks
January - March,Session #2,False,200,Brooklyn,Brownsville,2018-2019,NYC Parks
April - June,Session #3,False,201,Brooklyn,Metropolitan,2017-2018,NYC Parks
October - December,Session #1,False,201,Brooklyn,Brownsville,2017-2018,NYC Parks
April - June,Session #3,False,202,Queens,Roy Wilkins,2016-2017,NYC Parks
January - March,Session #2,False,201,Queens,Roy Wilkins,2016-2017,NYC Parks
January - March,Session #2,False,291,Manhattan,Chelsea,2016-2017,NYC Parks
October - December,Session #1,False,205,Brooklyn,Metropolitan,2016-2017,NYC Parks
April - June,Session #3,False,203,Manhattan,Hansborough,2017-2018,NYC Parks
October - December,Session #1,False,201,Brooklyn,Metropolitan,2018-2019,NYC Parks
January - March,Session #2,False,205,Brooklyn,St. John's,2020-2021,NYC Parks
April - June,Session #3,False,201,Queens,Roy Wilkins,2016-2017,NYC Parks
October - December,Session #1,False,201,Queens,Roy Wilkins,2019-2020,NYC Parks
April - June,Session #3,False,201,Queens,Roy Wilkins,2017-2018,NYC Parks
January - March,Session #2,False,207,Queens,FMCP,2017-2018,NYC Parks
October - December,Session #1,False,202,Queens,Far Rockaway,2017-2018,NYC Parks
January - March,Session #2,False,202,Queens,Roy Wilkins,2018-2019,NYC Parks
January - March,Session #2,False,201,Queens,FMCP,2018-2019,NYC Parks
October - December,Session #1,False,201,Brooklyn,Metropolitan,2017-2018,NYC Parks
April - June,Session #3,False,205,Brooklyn,Metropolitan,2018-2019,NYC Parks
October - December,Session #1,False,201,Queens,FMCP,2016-2017,NYC Parks
January - March,Session #2,False,200,Manhattan,Hansborough,2018-2019,NYC Parks
January - March,Session #2,False,100,Brooklyn,Brownsville,2018-2019,NYC Parks
January - March,Session #2,False,201,Queens,FMCP,2018-2019,NYC Parks
January - March,Session #2,False,201,Brooklyn,St. John's,2016-2017,NYC Parks
October - December,Session #1,False,1,Brooklyn,Metropolitan,2017-2018,NYC Parks
January - March,Session #2,False,205,Manhattan,Gertrude Ederle,2017-2018,NYC Parks
October - December,Session #1,False,201,Queens,Roy Wilkins,2018-2019,NYC Parks
January - March,Session #2,False,201,Queens,Roy Wilkins,2016-2017,NYC Parks
October - December,Session #1,False,2,Queens,FMCP,2018-2019,NYC Parks
October - December,Session #1,False,201,Queens,FMCP,2017-2018,NYC Parks
January - March,Session #2,False,205,Manhattan,Hansborough,2017-2018,NYC Parks
October - December,Session #1,False,201,Brooklyn,Metropolitan,2018-2019,NYC Parks
April - June,Session #3,False,201,Manhattan,Tony Dapolito,2016-2017,NYC Parks
October - December,Session #1,False,"202, 219, 229",Manhattan,Gertrude Ederle,2017-2018,NYC Parks
January - March,Session #2,False,202,Bronx,St. Mary's,2016-2017,NYC Parks
October - December,Session #1,False,"231, 293",Queens,FMCP,2016-2017,NYC Parks
October - December,Session #1,False,205,Brooklyn,Brownsville,2017-2018,NYC Parks
January - March,Session #2,True,204,Queens,FMCP,2018-2019,NYC Parks
October - December,Session #1,False,121/123,Manhattan,Asser Levy,2019-2020,NYC Parks
January - March,Session #2,False,202,Queens,FMCP,2016-2017,NYC Parks
January - March,Session #2,False,2,Queens,Roy Wilkins,2017-2018,NYC Parks
October - December,Session #1,False,201,Queens,FMCP,2016-2017,NYC Parks
January - March,Session #2,False,214,Manhattan,Chelsea,2017-2018,NYC Parks
April - June,Session #3,False,201,Queens,Roy Wilkins,2016-2017,NYC Parks
January - March,Session #3,False,201,Queens,FMCP,2017-2018,NYC Parks
October - December,Session #1,False,306 & 309,Queens,FMCP,2016-2017,NYC Parks
April - June,Session #3,False,202,Queens,FMCP,2018-2019,NYC Parks
April - June,Session #3,False,203,Queens,FMCP,2017-2018,NYC Parks
October - December,Session #1,False,236,Queens,FMCP,2017-2018,NYC Parks
October - December,Session #1,False,202,Brooklyn,Brownsville,2019-2020,NYC Parks
October - December,Session #1,False,201,Queens,Roy Wilkins,2017-2018,NYC Parks
October - December,Session #1,False,201,Queens,Roy Wilkins,2019-2020,NYC Parks
January - March,Session #2,False,202,Brooklyn,Metropolitan,2016-2017,NYC Parks
October - December,Session #1,False,201,Brooklyn,Brownsville,2016-2017,NYC Parks
October - December,Session #1,False,202,Bronx,St. Mary's,2016-2017,NYC Parks
January - March,Session #2,False,203,Manhattan,Gertrude Ederle,2016-2017,NYC Parks
January - March,Session #2,False,205,Brooklyn,St. John's,2020-2021,NYC Parks
April - June,Session #3,False,"291, 202",Queens,Roy Wilkins,2016-2017,NYC Parks
October - December,Session #1,False,203,Queens,Roy Wilkins,2016-2017,NYC Parks
January - March,Session #2,False,205,Manhattan,Gertrude Ederle,2018-2019,NYC Parks
October - December,Session #1,False,231,Queens,FMCP,2017-2018,NYC Parks
October - December,Session #1,False,201,Queens,Roy Wilkins,2016-2017,NYC Parks
January - March,Session #2,False,201,Brooklyn,Metropolitan,2017-2018,NYC Parks
January - March,Session #2,False,246,Manhattan,River Bank,2020-2021,NYC Parks
October - December,Session #1,False,201,Queens,FMCP,2018-2019,NYC Parks
October - December,Session #1,False,203,Queens,FMCP,2017-2018,NYC Parks
April - June,Session #3,False,2,Manhattan,Gertrude Ederle,2016-2017,NYC Parks
October - December,Session #1,False,301,Manhattan,River Bank,2019-2020,NYC Parks
April - June,Session #3,False,201,Queens,FMCP,2018-2019,NYC Parks
October - December,Session #1,False,231,Queens,FMCP,2017-2018,NYC Parks
October - December,Session #1,False,291,Manhattan,Chelsea,2017-2018,NYC Parks
April - June,Session #3,False,201,Queens,FMCP,2016-2017,NYC Parks
April - June,Session #3,False,201,Manhattan,Gertrude Ederle,2016-2017,NYC Parks
January - March,Session #2,False,202,Brooklyn,Brownsville,2016-2017,NYC Parks
January - March,Session #2,False,207,Queens,FMCP,2017-2018,NYC Parks
January - March,Session #2,False,201,Brooklyn,Metropolitan,2016-2017,NYC Parks
October - December,Session #1,False,203,Brooklyn,Metropolitan,2016-2017,NYC Parks
January - March,Session #2,False,202,Brooklyn,Metropolitan,2018-2019,NYC Parks
January - March,Session #2,False,201,Brooklyn,Brownsville,2016-2017,NYC Parks
October - December,Session #1,False,201,Queens,Roy Wilkins,2017-2018,NYC Parks
January - March,Session #2,False,231,Queens,FMCP,2018-2019,NYC Parks
January - March,Session #2,False,201,Queens,Roy Wilkins,2016-2017,NYC Parks
October - December,Session #1,False,2 Thorpe HR,Queens,Roy Wilkins,2016-2017,NYC Parks
October - December,Session #1,False,204,Manhattan,Gertrude Ederle,2019-2020,NYC Parks
October - December,Session #1,False,205,Manhattan,Chelsea,2017-2018,NYC Parks
January - March,Session #2,False,203,Brooklyn,St. Mary's,2020-2021,NYC Parks
January - March,Session #2,False,201,Queens,Roy Wilkins,2020-2021,NYC Parks
October - December,Session #1,False,201,Brooklyn,Metropolitan,2018-2019,NYC Parks
January - March,Session #2,False,205,Queens,FMCP,2018-2019,NYC Parks
January - March,Session #2,False,202,Queens,Roy Wilkins,2020-2021,NYC Parks
April - June,Session #3,False,202,Queens,FMCP,2017-2018,NYC Parks
October - December,Session #1,False,202,Brooklyn,Brownsville,2018-2019,NYC Parks
January - March,Session #2,False,216,Manhattan,River Bank,2020-2021,NYC Parks
January - March,Session #2,False,201,Brooklyn,Metropolitan,2016-2017,NYC Parks
October - December,Session #1,False,202,Brooklyn,Metropolitan,2018-2019,NYC Parks
April - June,Session #3,False,201,Queens,Roy Wilkins,2017-2018,NYC Parks
october - december,Session #1,False,201,Bronx,St. Mary's,2016-2017,NYC Parks
January - March,Session #2,False,202,Brooklyn,Metropolitan,2017-2018,NYC Parks
January - March,Session #2,False,201,Queens,Roy Wilkins,2020-2021,NYC Parks
January - March,Session #2,False,203,Manhattan,Gertrude Ederle,2020-2021,NYC Parks
October - December,Session #1,False,1,Manhattan,Asser Levy,2016-2017,NYC Parks
April - June,Session #3,False,202,Queens,Roy Wilkins,2017-2018,NYC Parks
April - June,Session #3,False,202,Queens,Roy Wilkins,2018-2019,NYC Parks
April - June,Session #3,False,2A219,Brooklyn,Brownsville,2017-2018,NYC Parks
October - December,Session #1,False,201,Manhattan,Hansborough,2018-2019,NYC Parks
January - March,Session #2,False,201,Manhattan,River Bank,2020-2021,NYC Parks
April - June,Session #3,False,2,Brooklyn,Metropolitan,2016-2017,NYC Parks
October - December,Session #1,False,202,Brooklyn,Brownsville,2018-2019,NYC Parks
October - December,Session #1,False,201,Manhattan,Asser Levy,2018-2019,NYC Parks
October - December,Session #1,False,231,Queens,Roy Wilkins,2017-2018,NYC Parks
October - December,Session #1,False,307,Manhattan,River Bank,2019-2020,NYC Parks
January - March,Session #2,False,201,Manhattan,River Bank,2020-2021,NYC Parks
January - March,Session #2,False,202,Brooklyn,Metropolitan,2017-2018,NYC Parks
January - March,Session #2,False,201,Queens,FMCP,2016-2017,NYC Parks
January - March,Session #2,False,291/231,Queens,Roy Wilkins,2016-2017,NYC Parks
January - March,Session #2,False,201,Brooklyn,Brownsville,2016-2017,NYC Parks
April - June,Session #3,False,202,Brooklyn,Metropolitan,2017-2018,NYC Parks
January - March,Session #2,False,236,Queens,FMCP,2018-2019,NYC Parks
January - March,Session #2,False,207,Manhattan,Gertrude Ederle,2016-2017,NYC Parks
October - December,Session #1,False,205,Manhattan,Tony Dapolito,2016-2017,NYC Parks
April - June,Session #3,False,202,Queens,FMCP,2018-2019,NYC Parks
April - June,Session #3,False,202,Bronx,St. Mary's,2017-2018,NYC Parks
October - December,Session #1,False,204,Brooklyn,Metropolitan,2017-2018,NYC Parks
October - December,Session #1,False,291,Manhattan,Tony Dapolito,2018-2019,NYC Parks
January - March,Session #2,False,202,Brooklyn,Metropolitan,2016-2017,NYC Parks
October - December,Session #1,False,203,Queens,Far Rockaway,2017-2018,NYC Parks
January - March,Session #2,False,100,Brooklyn,Brownsville,2018-2019,NYC Parks
January - March,Session #2,False,214,Brooklyn,St. John's,2020-2021,NYC Parks
April - June,Session #3,False,202,Manhattan,Tony Dapolito,2017-2018,NYC Parks
April - June,Session #3,False,204,Queens,FMCP,2016-2017,NYC Parks
October - December,Session #1,False,236,Queens,FMCP,2017-2018,NYC Parks
April - June,Session #3,False,202/201,Queens,FMCP,2018-2019,NYC Parks
April - June,Session #3,False,205,Brooklyn,St. John's,2016-2017,NYC Parks
October - December,Session #1,False,201,Queens,FMCP,2017-2018,NYC Parks
October - December,Session #1,False,202,Queens,FMCP,2016-2017,NYC Parks
April - June,Session #3,False,202,Manhattan,Hansborough,2016-2017,NYC Parks
January - March,Session #2,False,201,Manhattan,Hansborough,2017-2018,NYC Parks
April - June,Session #3,False,215/232/229,Queens,FMCP,2017-2018,NYC Parks
January - March,Session #2,False,201,Manhattan,River Bank,2018-2019,NYC Parks
October - December,Session #1,False,201,Queens,FMCP,2018-2019,NYC Parks
January - March,Session #2,False,2,Queens,Roy Wilkins,2017-2018,NYC Parks
April - June,Session #3,False,203,Queens,Roy Wilkins,2017-2018,NYC Parks
April - June,Session #3,False,201&410,Manhattan,Gertrude Ederle,2017-2018,NYC Parks
October - December,Session #1,False,204,Brooklyn,Metropolitan,2017-2018,NYC Parks
October - December,Session #1,False,206,Manhattan,Tony Dapolito,2019-2020,NYC Parks
October - December,Session #1,False,202,Brooklyn,St. John's,2019-2020,NYC Parks
April - June,Session #3,False,204,Manhattan,Chelsea,2017-2018,NYC Parks
January - March,Session #2,False,202,Brooklyn,Metropolitan,2018-2019,NYC Parks
October - December,Session #1,False,202,Brooklyn,St. John's,2016-2017,NYC Parks
April - June,Session #3,False,204,Bronx,St. Mary's,2017-2018,NYC Parks
April - June,Session #3,False,201,Queens,FMCP,2018-2019,NYC Parks
April - June,Session #3,False,208/213,Manhattan,Asser Levy,2018-2019,NYC Parks
April - June,Session #3,False,231,Queens,FMCP,2017-2018,NYC Parks
October - December,Session #1,False,204,Brooklyn,Metropolitan,2019-2020,NYC Parks
January - March,Session #2,False,246,Manhattan,River Bank,2020-2021,NYC Parks
October - December,Session #1,False,201,Brooklyn,Metropolitan,2019-2020,NYC Parks
January - March,Session #2,False,201,Queens,Roy Wilkins,2016-2017,NYC Parks
January - March,Session #2,False,201,Manhattan,River Bank,2017-2018,NYC Parks
October - December,Session #1,False,203,Queens,Far Rockaway,2017-2018,NYC Parks
October - December,Session #1,False,202,Brooklyn,Brownsville,2019-2020,NYC Parks
October - December,Session #1,False,202,Queens,Roy Wilkins,2019-2020,NYC Parks
October - December,Session #1,False,"201, 202",Brooklyn,Brownsville,2018-2019,NYC Parks
October - December,Session #1,False,203,Queens,Roy Wilkins,2016-2017,NYC Parks
January - March,Session #2,False,202,Brooklyn,Brownsville,2017-2018,NYC Parks
October - December,Session #1,False,201,Manhattan,River Bank,2018-2019,NYC Parks
October - December,Session #1,False,201,Queens,Roy Wilkins,2017-2018,NYC Parks
January - March,Session #2,False,410,Manhattan,Tony Dapolito,2020-2021,NYC Parks
January - March,Session #2,False,201,Brooklyn,Metropolitan,2017-2018,NYC Parks
January - March,Session #2,False,201,Queens,FMCP,2017-2018,NYC Parks
January - March,Session #2,False,201,Queens,Roy Wilkins,2016-2017,NYC Parks
January - March,Session #2,False,201,Brooklyn,Metropolitan,2020-2021,NYC Parks
April - June,Session #3,False,206,Queens,FMCP,2016-2017,NYC Parks
April - June,Session #3,False,202,Manhattan,Hansborough,2016-2017,NYC Parks
January - March,Session #2,True,235,Queens,FMCP,2017-2018,NYC Parks
April - June,Session #3,False,2A219,Brooklyn,Brownsville,2017-2018,NYC Parks
October - December,Session #1,False,603,Manhattan,Asser Levy,2018-2019,NYC Parks
January - March,Session #2,False,202,Manhattan,Hansborough,2017-2018,NYC Parks
october - december,Session #1,False,21/22,Bronx,St. Mary's,2016-2017,NYC Parks
April - June,Session #3,False,201,Bronx,St. Mary's,2017-2018,NYC Parks
April - June,Session #3,False,201,Brooklyn,Brownsville,2017-2018,NYC Parks
October - December,Session #1,False,1,Brooklyn,Metropolitan,2017-2018,NYC Parks
January - March,Session #2,False,309,Brooklyn,Metropolitan,2017-2018,NYC Parks
January - March,Session #2,False,221,Queens,FMCP,2018-2019,NYC Parks
January - March,Session #2,False,201,Queens,FMCP,2016-2017,NYC Parks
April - June,Session #3,False,204,Queens,Roy Wilkins,2017-2018,NYC Parks
April - June,Session #3,False,201,Brooklyn,Brownsville,2017-2018,NYC Parks
January - March,Session #2,False,201,Queens,FMCP,2016-2017,NYC Parks
April - June,Session #3,False,201,Queens,Roy Wilkins,2017-2018,NYC Parks
October - December,Session #1,False,201,Manhattan,Asser Levy,2018-2019,NYC Parks
October - December,Session #1,False,231,Queens,FMCP,2018-2019,NYC Parks
April - June,Session #3,False,,Manhattan,Asser Levy,2018-2019,NYC Parks
October - December,Session #1,False,202,Queens,Roy Wilkins,2019-2020,NYC Parks
January - March,Session #2,False,202,Brooklyn,Brownsville,2017-2018,NYC Parks
October - December,Session #1,False,201,Queens,Roy Wilkins,2016-2017,NYC Parks
October - December,Session #1,False,202,Bronx,St. Mary's,2016-2017,NYC Parks
April - June,Session #3,False,201,Queens,Roy Wilkins,2017-2018,NYC Parks
October - December,Session #1,False,201,Brooklyn,Brownsville,2019-2020,NYC Parks
October - December,Session #1,False,202,Brooklyn,Metropolitan,2018-2019,NYC Parks
October - December,Session #1,False,202,Brooklyn,St. John's,2019-2020,NYC Parks
January - March,Session #2,False,202,Brooklyn,Metropolitan,2017-2018,NYC Parks
April - June,Session #3,False,203,Brooklyn,Metropolitan,2018-2019,NYC Parks
January - March,Session #2,False,201,Brooklyn,Metropolitan,2016-2017,NYC Parks
October - December,Session #1,False,202,Brooklyn,St. John's,2019-2020,NYC Parks
April - June,Session #3,False,2,Queens,Roy Wilkins,2016-2017,NYC Parks
October - December,Session #1,False,201,Queens,Roy Wilkins,2016-2017,NYC Parks
October - December,Session #1,False,202,Brooklyn,St. John's,2016-2017,NYC Parks
October - December,Session #1,False,201,Queens,Roy Wilkins,2016-2017,NYC Parks
April - June,Session #3,False,K01,Manhattan,Chelsea,2017-2018,NYC Parks
April - June,Session #3,False,203,Queens,Roy Wilkins,2016-2017,NYC Parks
April - June,Session #3,False,201,Manhattan,Hansborough,2017-2018,NYC Parks
October - December,Session #1,False,201,Manhattan,River Bank,2018-2019,NYC Parks
January - March,Session #2,False,237,Queens,FMCP,2017-2018,NYC Parks
January - March,Session #2,False,201,Queens,Roy Wilkins,2018-2019,NYC Parks
October - December,Session #1,False,13,Brooklyn,Brownsville,2019-2020,NYC Parks
January - March,Session #2,False,204,Manhattan,Tony Dapolito,2018-2019,NYC Parks
April - June,Session #3,False,203,Brooklyn,St. John's,2017-2018,NYC Parks
October - December,Session #1,False,221,Queens,FMCP,2017-2018,NYC Parks
October - December,Session #1,False,202,Queens,Far Rockaway,2017-2018,NYC Parks
October - December,Session #1,False,201,Brooklyn,St. John's,2019-2020,NYC Parks
January - March,Session #2,False,201,Queens,FMCP,2016-2017,NYC Parks
October - December,Session #1,False,1,Manhattan,Hansborough,2018-2019,NYC Parks
January - March,Session #2,False,202,Queens,Roy Wilkins,2020-2021,NYC Parks
January - March,Session #2,False,2,Queens,Roy Wilkins,2017-2018,NYC Parks
January - March,Session #2,False,202,Queens,FMCP,2016-2017,NYC Parks
January - March,Session #2,False,202,Brooklyn,Metropolitan,2020-2021,NYC Parks
October - December,Session #1,False,201 & 202,Brooklyn,St. John's,2017-2018,NYC Parks
April - June,Session #3,False,201,Brooklyn,Brownsville,2017-2018,NYC Parks
January - March,Session #2,False,201,Queens,FMCP,2017-2018,NYC Parks
January - March,Session #2,False,213,Brooklyn,St. John's,2020-2021,NYC Parks
January - March,Session #2,True,235,Queens,FMCP,2017-2018,NYC Parks
April - June,Session #3,False,202,Queens,Roy Wilkins,2016-2017,NYC Parks
April - June,Session #3,False,203,Queens,Roy Wilkins,2018-2019,NYC Parks
October - December,Session #1,False,213,Manhattan,Tony Dapolito,2017-2018,NYC Parks
October - December,Session #1,False,201,Queens,Roy Wilkins,2019-2020,NYC Parks
october - december,Session #1,False,205,Brooklyn,Metropolitan,2016-2017,NYC Parks
October - December,Session #1,False,203,Queens,Far Rockaway,2017-2018,NYC Parks
April - June,Session #3,False,201,Queens,FMCP,2018-2019,NYC Parks
April - June,Session #3,False,261,Manhattan,Asser Levy,2018-2019,NYC Parks
January - March,Session #2,False,200,Manhattan,Hansborough,2018-2019,NYC Parks
April - June,Session #3,False,2,Brooklyn,St. John's,2016-2017,NYC Parks
October - December,Session #1,False,203,Brooklyn,Metropolitan,2019-2020,NYC Parks
April - June,Session #3,False,202,Queens,FMCP,2016-2017,NYC Parks
April - June,Session #3,True,Y43 and Y25,Brooklyn,Metropolitan,2018-2019,NYC Parks
January - March,Session #2,False,205,Manhattan,Hansborough,2017-2018,NYC Parks
October - December,Session #1,False,201,Queens,FMCP,2016-2017,NYC Parks
October - December,Session #1,False,603,Manhattan,Asser Levy,2018-2019,NYC Parks
October - December,Session #1,False,204,Queens,FMCP,2016-2017,NYC Parks
January - March,Session #2,False,203,Brooklyn,Metropolitan,2016-2017,NYC Parks
October - December,Session #1,False,205,Brooklyn,Metropolitan,2019-2020,NYC Parks
January - March,Session #2,False,204,Queens,FMCP,2016-2017,NYC Parks
October - December,Session #1,False,201,Brooklyn,Metropolitan,2017-2018,NYC Parks
April - June,Session #3,False,201,Brooklyn,Brownsville,2017-2018,NYC Parks
April - June,Session #3,False,201,Manhattan,Tony Dapolito,2016-2017,NYC Parks
January - March,Session #2,False,202,Manhattan,Hansborough,2018-2019,NYC Parks
October - December,Session #1,False,202,Queens,Roy Wilkins,2016-2017,NYC Parks
January - March,Session #2,False,202/239,Brooklyn,Brownsville,2016-2017,NYC Parks
April - June,Session #3,False,203,Brooklyn,Brownsville,2016-2017,NYC Parks
October - December,Session #1,False,202,Brooklyn,Metropolitan,2019-2020,NYC Parks
January - March,Session #2,False,401,Brooklyn,St. John's,2017-2018,NYC Parks
October - December,Session #1,False,201,Brooklyn,Brownsville,2018-2019,NYC Parks
October - December,Session #1,False,231,Queens,Roy Wilkins,2017-2018,NYC Parks
January - March,Session #2,False,201,Queens,Roy Wilkins,2016-2017,NYC Parks
April - June,Session #3,False,202,Manhattan,Hansborough,2016-2017,NYC Parks
April - June,Session #3,False,201,Brooklyn,St. John's,2016-2017,NYC Parks
April - June,Session #3,False,201,Manhattan,Hansborough,2017-2018,NYC Parks
October - December,Session #1,False,205,Manhattan,Roy Wilkins,2018-2019,NYC Parks
April - June,Session #3,False,201,Brooklyn,Metropolitan,2017-2018,NYC Parks
october - december,Session #1,False,201,Brooklyn,St. John's,2016-2017,NYC Parks
January - March,Session #2,False,209,Queens,FMCP,2017-2018,NYC Parks
January - March,Session #2,False,205,Manhattan,Asser Levy,2018-2019,NYC Parks
october - december,Session #1,False,203,Brooklyn,St. John's,2016-2017,NYC Parks
January - March,Session #2,False,202,Queens,FMCP,2016-2017,NYC Parks
January - March,Session #2,False,201,Queens,Roy Wilkins,2016-2017,NYC Parks
January - March,Session #2,False,205,Manhattan,River Bank,2017-2018,NYC Parks
October - December,Session #1,False,201,Bronx,St. Mary's,2018-2019,NYC Parks
April - June,Session #3,False,"129, 201",Brooklyn,St. John's,2016-2017,NYC Parks
October - December,Session #1,False,201,Queens,FMCP,2018-2019,NYC Parks
January - March,Session #2,False,202,Brooklyn,Metropolitan,2018-2019,NYC Parks
January - March,Session #2,False,201,Brooklyn,Brownsville,2017-2018,NYC Parks
January - March,Session #2,False,202,Queens,Roy Wilkins,2020-2021,NYC Parks
January - March,Session #2,False,206,Manhattan,Gertrude Ederle,2018-2019,NYC Parks
January - March,Session #2,False,201,Queens,Roy Wilkins,2016-2017,NYC Parks
January - March,Session #2,False,201,Manhattan,River Bank,2018-2019,NYC Parks
October - December,Session #1,False,203,Brooklyn,Metropolitan,2017-2018,NYC Parks
October - December,Session #1,False,201,Brooklyn,St. John's,2016-2017,NYC Parks
April - June,Session #3,False,201,Queens,Roy Wilkins,2018-2019,NYC Parks
October - December,Session #1,False,"Y44, Y23",Manhattan,LIU,2018-2019,NYC Parks
October - December,Session #1,False,202,Brooklyn,Brownsville,2018-2019,NYC Parks
October - December,Session #1,False,202,Manhattan,Hansborough,2016-2017,NYC Parks
October - December,Session #1,False,205,Brooklyn,Metropolitan,2016-2017,NYC Parks
April - June,Session #3,False,202,Manhattan,Asser Levy,2016-2017,NYC Parks
October - December,Session #1,False,603,Manhattan,Asser Levy,2018-2019,NYC Parks
October - December,Session #1,False,239,Brooklyn,Brownsville,2016-2017,NYC Parks
January - March,Session #2,False,201,Manhattan,Gertrude Ederle,2020-2021,NYC Parks
January - March,Session #2,False,309,Manhattan,Tony Dapolito,2020-2021,NYC Parks
October - December,Session #1,False,201,Brooklyn,Brownsville,2018-2019,NYC Parks
January - March,Session #2,False,201,Brooklyn,Metropolitan,2019-2020,NYC Parks
October - December,Session #1,False,205,Manhattan,Tony Dapolito,2017-2018,NYC Parks
January - March,Session #2,False,231,Queens,Roy Wilkins,2018-2019,NYC Parks
october - december,Session #1,False,21/22,Bronx,St. Mary's,2016-2017,NYC Parks
October - December,Session #1,False,1,Brooklyn,Metropolitan,2017-2018,NYC Parks
January - March,Session #2,False,202,Brooklyn,St. John's,2017-2018,NYC Parks
January - March,Session #2,False,202,Bronx,St. Mary's,2016-2017,NYC Parks
October - December,Session #1,False,202,Bronx,St. Mary's,2016-2017,NYC Parks
October - December,Session #1,False,121/123,Manhattan,Asser Levy,2019-2020,NYC Parks
October - December,Session #1,False,202,Queens,Roy Wilkins,2017-2018,NYC Parks
October - December,Session #1,False,203,Brooklyn,Metropolitan,2016-2017,NYC Parks
October - December,Session #1,False,201,Queens,FMCP,2018-2019,NYC Parks
January - March,Session #2,False,201,Queens,FMCP,2017-2018,NYC Parks
April - June,Session #3,False,231,Queens,Roy Wilkins,2018-2019,NYC Parks
October - December,Session #1,False,204,Manhattan,Gertrude Ederle,2018-2019,NYC Parks
October - December,Session #1,False,221,Manhattan,Hansborough,2018-2019,NYC Parks
October - December,Session #1,False,201,Brooklyn,Brownsville,2016-2017,NYC Parks
January - March,Session #2,False,218,Manhattan,River Bank,2020-2021,NYC Parks
October - December,Session #1,False,204,Queens,Far Rockaway,2017-2018,NYC Parks
October - December,Session #1,False,231,Queens,Roy Wilkins,2017-2018,NYC Parks
January - March,Session #2,False,201,Queens,Roy Wilkins,2016-2017,NYC Parks
October - December,Session #1,False,"315, 300, 301",Queens,FMCP,2016-2017,NYC Parks
January - March,Session #2,False,221,Queens,FMCP,2017-2018,NYC Parks
January - March,Session #2,False,202/204,Brooklyn,Brownsville,2016-2017,NYC Parks
October - December,Session #1,False,202,Manhattan,Hansborough,2016-2017,NYC Parks
January - March,Session #2,False,204,Bronx,St. Mary's,2017-2018,NYC Parks
January - March,Session #2,False,231,Queens,Roy Wilkins,2018-2019,NYC Parks
January - March,Session #2,False,206,Brooklyn,Metropolitan,2017-2018,NYC Parks
January - March,Session #2,False,2,Queens,Roy Wilkins,2018-2019,NYC Parks
April - June,Session #3,False,202,Queens,FMCP,2018-2019,NYC Parks
October - December,Session #1,False,201,Brooklyn,Metropolitan,2019-2020,NYC Parks
January - March,Session #2,False,203,Queens,Roy Wilkins,2020-2021,NYC Parks
October - December,Session #1,False,203,Queens,Roy Wilkins,2017-2018,NYC Parks
January - March,Session #2,False,202,Brooklyn,St. John's,2016-2017,NYC Parks
October - December,Session #1,False,201,Queens,Roy Wilkins,2016-2017,NYC Parks
October - December,Session #1,False,201,Bronx,St. Mary's,2018-2019,NYC Parks
January - March,Session #2,False,2,Queens,Roy Wilkins,2018-2019,NYC Parks
January - March,Session #2,False,201,Manhattan,Hansborough,2017-2018,NYC Parks
October - December,Session #1,False,2,Queens,FMCP,2018-2019,NYC Parks
October - December,Session #1,False,231,Queens,FMCP,2016-2017,NYC Parks
October - December,Session #1,False,201,Brooklyn,Metropolitan,2018-2019,NYC Parks
october - december,Session #1,False,202,Brooklyn,St. John's,2016-2017,NYC Parks
April - June,Session #3,False,201,Queens,FMCP,2017-2018,NYC Parks
April - June,Session #3,False,203,Queens,FMCP,2016-2017,NYC Parks
January - March,Session #2,False,201,Brooklyn,St. John's,2016-2017,NYC Parks
January - March,Session #2,False,201,Brooklyn,Metropolitan,2016-2017,NYC Parks
October - December,Session #1,False,202,Queens,FMCP,2016-2017,NYC Parks
April - June,Session #3,False,201,Brooklyn,Brownsville,2016-2017,NYC Parks
October - December,Session #1,False,205,Manhattan,Chelsea,2016-2017,NYC Parks
January - March,Session #2,False,100,Queens,Roy Wilkins,2018-2019,NYC Parks
October - December,Session #1,False,201,Manhattan,Asser Levy,2017-2018,NYC Parks
January - March,Session #2,False,231,Queens,Roy Wilkins,2018-2019,NYC Parks
January - March,Session #2,False,202,Queens,Roy Wilkins,2018-2019,NYC Parks
April - June,Session #3,False,201,Brooklyn,St. John's,2016-2017,NYC Parks
October - December,Session #1,False,203,Manhattan,Gertrude Ederle,2016-2017,NYC Parks
October - December,Session #1,False,201,Queens,Roy Wilkins,2017-2018,NYC Parks
January - March,Session #2,False,201,Queens,Roy Wilkins,2020-2021,NYC Parks
January - March,Session #2,False,201,Brooklyn,Metropolitan,2017-2018,NYC Parks
October - December,Session #1,False,203,Queens,Far Rockaway,2017-2018,NYC Parks
January - March,Session #2,False,201,Brooklyn,Metropolitan,2017-2018,NYC Parks
October - December,Session #1,False,"202,  219, 229",Bronx,St. Mary's,2017-2018,NYC Parks
April - June,Session #3,False,201,Queens,FMCP,2017-2018,NYC Parks
January - March,Session #2,False,201,Queens,FMCP,2017-2018,NYC Parks
April - June,Session #3,False,201,Brooklyn,Brownsville,2017-2018,NYC Parks
october - december,Session #1,False,202,Brooklyn,St. John's,2016-2017,NYC Parks
January - March,Session #2,False,202/239,Brooklyn,Brownsville,2016-2017,NYC Parks
January - March,Session #2,False,309,Brooklyn,Metropolitan,2016-2017,NYC Parks
April - June,Session #3,False,2,Manhattan,Gertrude Ederle,2016-2017,NYC Parks
April - June,Session #3,False,202,Queens,FMCP,2018-2019,NYC Parks
January - March,Session #2,False,201,Queens,FMCP,2018-2019,NYC Parks
January - March,Session #2,False,231,Queens,Roy Wilkins,2020-2021,NYC Parks
January - March,Session #2,False,201/202,Brooklyn,Brownsville,2016-2017,NYC Parks
April - June,Session #3,False,2A219,Brooklyn,Brownsville,2017-2018,NYC Parks
January - March,Session #2,False,201,Manhattan,River Bank,2020-2021,NYC Parks
October - December,Session #1,False,203,Brooklyn,Brownsville,2019-2020,NYC Parks
January - March,Session #2,False,231,Queens,FMCP,2017-2018,NYC Parks
January - March,Session #2,False,2DL,Manhattan,Asser Levy,2018-2019,NYC Parks
January - March,Session #2,False,205,Brooklyn,Metropolitan,2020-2021,NYC Parks
April - June,Session #3,False,203,Queens,Roy Wilkins,2017-2018,NYC Parks
January - March,Session #2,False,201,Queens,FMCP,2017-2018,NYC Parks
April - June,Session #3,False,201,Brooklyn,Brownsville,2018-2019,NYC Parks
October - December,Session #1,False,201,Queens,FMCP,2017-2018,NYC Parks
April - June,Session #3,False,202,Queens,Roy Wilkins,2016-2017,NYC Parks
January - March,Session #2,False,202,Queens,Roy Wilkins,2018-2019,NYC Parks
January - March,Session #2,False,201,Queens,Roy Wilkins,2020-2021,NYC Parks
April - June,Session #3,False,201,Brooklyn,Metropolitan,2017-2018,NYC Parks
October - December,Session #1,False,231,Queens,Roy Wilkins,2019-2020,NYC Parks
April - June,Session #3,False,2,Queens,Roy Wilkins,2016-2017,NYC Parks
October - December,Session #1,False,201,Brooklyn,Brownsville,2018-2019,NYC Parks
January - March,Session #2,False,204,Manhattan,Hansborough,2017-2018,NYC Parks
January - March,Session #2,False,202/204,Brooklyn,Brownsville,2016-2017,NYC Parks
October - December,Session #1,False,231,Queens,Roy Wilkins,2019-2020,NYC Parks
January - March,Session #2,False,201,Queens,FMCP,2018-2019,NYC Parks
october - december,Session #1,False,203,Brooklyn,St. John's,2016-2017,NYC Parks
October - December,Session #1,False,202,Queens,Roy Wilkins,2018-2019,NYC Parks
January - March,Session #2,False,201,Brooklyn,Brownsville,2020-2021,NYC Parks
April - June,Session #3,False,"200, 201",Manhattan,Tony Dapolito,2016-2017,NYC Parks
October - December,Session #1,False,301,Manhattan,River Bank,2019-2020,NYC Parks
October - December,Session #1,False,202,Brooklyn,Metropolitan,2019-2020,NYC Parks
April - June,Session #3,False,203,Brooklyn,St. John's,2017-2018,NYC Parks
October - December,Session #1,False,202,Brooklyn,Metropolitan,2016-2017,NYC Parks
April - June,Session #3,False,215,Queens,FMCP,2016-2017,NYC Parks
April - June,Session #3,False,28,Queens,FMCP,2016-2017,NYC Parks
October - December,Session #1,False,201,Queens,FMCP,2016-2017,NYC Parks
April - June,Session #3,False,201,Bronx,Fieldston,2016-2017,Partner Site
October - December,Session #1,False,202 & 205,Brooklyn,St. John's,2017-2018,NYC Parks
October - December,Session #1,False,202,Queens,FMCP,2018-2019,NYC Parks
October - December,Session #1,False,201,Brooklyn,St. John's,2019-2020,NYC Parks
January - March,Session #2,False,201,Brooklyn,River Bank,2020-2021,NYC Parks
April - June,Session #3,False,201,Queens,FMCP,2018-2019,NYC Parks
January - March,Session #2,False,201,Manhattan,Hansborough,2016-2017,NYC Parks
January - March,Session #2,False,202,Brooklyn,St. John's,2017-2018,NYC Parks
January - March,Session #2,False,204,Queens,FMCP,2016-2017,NYC Parks
January - March,Session #2,False,201,Manhattan,Chelsea,2017-2018,NYC Parks
April - June,Session #3,False,231,Queens,Roy Wilkins,2018-2019,NYC Parks
January - March,Session #2,False,232,Queens,FMCP,2016-2017,NYC Parks
January - March,Session #2,False,201,Brooklyn,St. John's,2017-2018,NYC Parks
April - June,Session #3,False,203 & 207,Brooklyn,Brownsville,2016-2017,NYC Parks
October - December,Session #1,False,305,Manhattan,River Bank,2019-2020,NYC Parks
October - December,Session #1,False,"603, 604",Manhattan,Asser Levy,2016-2017,NYC Parks
April - June,Session #3,False,201,Queens,FMCP,2017-2018,NYC Parks
April - June,Session #3,False,202,Brooklyn,Metropolitan,2017-2018,NYC Parks
January - March,Session #2,False,201,Queens,Roy Wilkins,2016-2017,NYC Parks
January - March,Session #2,False,205,Manhattan,Hansborough,2017-2018,NYC Parks
October - December,Session #1,False,208,Manhattan,Tony Dapolito,2019-2020,NYC Parks
October - December,Session #1,False,"201, 202",Brooklyn,Brownsville,2018-2019,NYC Parks
October - December,Session #1,False,201,Manhattan,Boys and Girls Harbor,2016-2017,NYC Parks
January - March,Session #2,False,202,Brooklyn,St. John's,2017-2018,NYC Parks
October - December,Session #1,False,"201, 202",Brooklyn,Brownsville,2018-2019,NYC Parks
April - June,Session #3,False,202,Queens,FMCP,2018-2019,NYC Parks
October - December,Session #1,False,13,Brooklyn,Brownsville,2019-2020,NYC Parks
April - June,Session #3,False,201,Queens,Roy Wilkins,2017-2018,NYC Parks
January - March,Session #2,False,221,Queens,FMCP,2017-2018,NYC Parks
October - December,Session #1,False,201,Queens,Roy Wilkins,2016-2017,NYC Parks
April - June,Session #3,False,91,Brooklyn,Metropolitan,2017-2018,NYC Parks
April - June,Session #3,False,203,Manhattan,Hansborough,2016-2017,NYC Parks
January - March,Session #2,False,207,Queens,FMCP,2017-2018,NYC Parks
April - June,Session #3,False,439,Manhattan,Hansborough,2018-2019,NYC Parks
January - March,Session #2,False,209,Queens,FMCP,2017-2018,NYC Parks
October - December,Session #1,False,221,Manhattan,Hansborough,2018-2019,NYC Parks
January - March,Session #2,False,201,Manhattan,River Bank,2018-2019,NYC Parks
January - March,Session #2,False,202,Brooklyn,Brownsville,2017-2018,NYC Parks
October - December,Session #1,False,205,Brooklyn,Brownsville,2016-2017,NYC Parks
April - June,Session #3,False,K01,Manhattan,Chelsea,2017-2018,NYC Parks
April - June,Session #3,False,202,Queens,FMCP,2017-2018,NYC Parks
January - March,Session #2,False,204,Queens,FMCP,2018-2019,NYC Parks
October - December,Session #1,False,205,Bronx,St. Mary's,2019-2020,NYC Parks
October - December,Session #1,False,202,Queens,Roy Wilkins,2017-2018,NYC Parks
April - June,Session #3,False,"21, 22",Bronx,St. Mary's,2016-2017,NYC Parks
October - December,Session #1,False,231,Queens,FMCP,2017-2018,NYC Parks
April - June,Session #3,True,207,Manhattan,Chelsea,2016-2017,NYC Parks
January - March,Session #2,False,202,Bronx,St. Mary's,2016-2017,NYC Parks
October - December,Session #1,False,201,Bronx,St. Mary's,2016-2017,NYC Parks
April - June,Session #3,False,201,Brooklyn,Brownsville,2016-2017,NYC Parks
April - June,Session #3,False,204,Manhattan,Chelsea,2017-2018,NYC Parks
January - March,Session #2,False,231,Queens,Roy Wilkins,2018-2019,NYC Parks
January - March,Session #2,False,201,Queens,FMCP,2016-2017,NYC Parks
January - March,Session #2,False,202,Brooklyn,Metropolitan,2016-2017,NYC Parks
January - March,Session #2,False,2290,Queens,Roy Wilkins,2016-2017,NYC Parks
April - June,Session #3,False,202,Queens,Roy Wilkins,2017-2018,NYC Parks
January - March,Session #2,False,202/204,Brooklyn,Brownsville,2016-2017,NYC Parks
April - June,Session #3,False,231,Queens,Roy Wilkins,2016-2017,NYC Parks
January - March,Session #2,False,203,Brooklyn,Brownsville,2017-2018,NYC Parks
April - June,Session #3,False,204,Brooklyn,Brownsville,2016-2017,NYC Parks
January - March,Session #2,False,203,Manhattan,Gertrude Ederle,2020-2021,NYC Parks
October - December,Session #1,False,201,Brooklyn,Metropolitan,2019-2020,NYC Parks
October - December,Session #1,False,201,Queens,Roy Wilkins,2016-2017,NYC Parks
October - December,Session #1,False,1,Brooklyn,Metropolitan,2017-2018,NYC Parks
January - March,Session #2,True,309/315,Brooklyn,Metropolitan,2017-2018,NYC Parks
January - March,Session #2,False,202,Queens,Roy Wilkins,2020-2021,NYC Parks
January - March,Session #2,False,201,Manhattan,Hansborough,2016-2017,NYC Parks
January - March,Session #2,False,203,Queens,Roy Wilkins,2016-2017,NYC Parks
January - March,Session #2,False,201,Manhattan,Chelsea,2017-2018,NYC Parks
January - March,Session #2,False,205,Brooklyn,St. John's,2017-2018,NYC Parks
October - December,Session #1,False,201,Queens,Roy Wilkins,2018-2019,NYC Parks
October - December,Session #1,False,604,Manhattan,Asser Levy,2017-2018,NYC Parks
January - March,Session #2,False,201,Queens,FMCP,2016-2017,NYC Parks
January - March,Session #2,False,203,Brooklyn,St. John's,2017-2018,NYC Parks
October - December,Session #1,False,204,Queens,Roy Wilkins,2019-2020,NYC Parks
October - December,Session #1,False,"120, 129",Brooklyn,Brownsville,2016-2017,NYC Parks
October - December,Session #1,False,201,Queens,Roy Wilkins,2017-2018,NYC Parks
January - March,Session #2,False,204,Brooklyn,St. John's,2016-2017,NYC Parks
October - December,Session #1,False,240,Manhattan,Asser Levy,2017-2018,NYC Parks
January - March,Session #2,False,11,Brooklyn,Brownsville,2020-2021,NYC Parks
April - June,Session #3,False,201,Manhattan,Gertrude Ederle,2016-2017,NYC Parks
October - December,Session #1,False,201,Brooklyn,Brownsville,2016-2017,NYC Parks
January - March,Session #2,False,202,Queens,FMCP,2016-2017,NYC Parks
January - March,Session #2,False,201,Queens,Roy Wilkins,2020-2021,NYC Parks
January - March,Session #2,False,201,Brooklyn,St. John's,2017-2018,NYC Parks
January - March,Session #2,False,902/903,Brooklyn,St. John's,2016-2017,NYC Parks
January - March,Session #2,False,202,Queens,Roy Wilkins,2018-2019,NYC Parks
April - June,Session #3,False,207,Queens,FMCP,2016-2017,NYC Parks
January - March,Session #2,False,207,Manhattan,Gertrude Ederle,2016-2017,NYC Parks
October - December,Session #1,False,201,Queens,Roy Wilkins,2019-2020,NYC Parks
January - March,Session #2,False,201,Brooklyn,Brownsville,2020-2021,NYC Parks
January - March,Session #2,False,201,Brooklyn,Metropolitan,2020-2021,NYC Parks
January - March,Session #2,False,2DL,Manhattan,Asser Levy,2018-2019,NYC Parks
October - December,Session #1,False,201,Queens,Roy Wilkins,2019-2020,NYC Parks
April - June,Session #3,False,201,Queens,Roy Wilkins,2017-2018,NYC Parks
April - June,Session #3,False,202,Brooklyn,Brownsville,2016-2017,NYC Parks
January - March,Session #2,False,201,Queens,Roy Wilkins,2020-2021,NYC Parks
April - June,Session #3,False,231,Queens,Roy Wilkins,2017-2018,NYC Parks
January - March,Session #2,False,202,Brooklyn,Brownsville,2017-2018,NYC Parks
April - June,Session #3,False,207,Queens,FMCP,2016-2017,NYC Parks
October - December,Session #1,False,307,Manhattan,River Bank,2019-2020,NYC Parks
January - March,Session #2,False,203,Manhattan,Gertrude Ederle,2020-2021,NYC Parks
October - December,Session #1,False,"201, 202",Brooklyn,Brownsville,2018-2019,NYC Parks
April - June,Session #3,False,2,Manhattan,Tony Dapolito,2018-2019,NYC Parks
october - december,Session #1,False,205,Brooklyn,Metropolitan,2016-2017,NYC Parks
October - December,Session #1,False,202,Brooklyn,St. John's,2016-2017,NYC Parks
January - March,Session #2,False,201,Brooklyn,Metropolitan,2016-2017,NYC Parks
April - June,Session #3,False,231,Queens,Roy Wilkins,2018-2019,NYC Parks
October - December,Session #1,False,208,Manhattan,Tony Dapolito,2016-2017,NYC Parks
April - June,Session #3,False,202,Brooklyn,Brownsville,2017-2018,NYC Parks
January - March,Session #2,False,202,Brooklyn,Brownsville,2018-2019,NYC Parks
January - March,Session #2,False,100,Queens,Roy Wilkins,2018-2019,NYC Parks
October - December,Session #1,False,202,Brooklyn,St. John's,2019-2020,NYC Parks
January - March,Session #2,False,201,Queens,Roy Wilkins,2020-2021,NYC Parks
April - June,Session #3,False,205,Brooklyn,St. John's,2016-2017,NYC Parks
April - June,Session #3,False,202,Queens,FMCP,2018-2019,NYC Parks
January - March,Session #2,False,246,Brooklyn,River Bank,2020-2021,NYC Parks
January - March,Session #2,False,204,Queens,Roy Wilkins,2020-2021,NYC Parks
January - March,Session #2,False,209,Queens,FMCP,2017-2018,NYC Parks
January - March,Session #2,False,206,Manhattan,Gertrude Ederle,2018-2019,NYC Parks
April - June,Session #3,False,201,Queens,FMCP,2018-2019,NYC Parks
October - December,Session #1,False,201,Brooklyn,Metropolitan,2018-2019,NYC Parks
October - December,Session #1,False,202,Queens,Roy Wilkins,2019-2020,NYC Parks
April - June,Session #3,False,201,Brooklyn,Brownsville,2018-2019,NYC Parks
October - December,Session #1,False,291/ 231,Queens,Roy Wilkins,2016-2017,NYC Parks
October - December,Session #1,False,2 HR,Queens,Roy Wilkins,2017-2018,NYC Parks
October - December,Session #1,False,202,Queens,Roy Wilkins,2019-2020,NYC Parks
January - March,Session #2,False,205,Manhattan,Tony Dapolito,2016-2017,NYC Parks
April - June,Session #3,False,2,Queens,Roy Wilkins,2016-2017,NYC Parks
April - June,Session #3,False,202,Brooklyn,Brownsville,2017-2018,NYC Parks
October - December,Session #1,False,202,Manhattan,Hansborough,2017-2018,NYC Parks
October - December,Session #1,False,201,Queens,Roy Wilkins,2017-2018,NYC Parks
January - March,Session #2,False,201,Queens,Roy Wilkins,2020-2021,NYC Parks
October - December,Session #1,False,201,Queens,Roy Wilkins,2016-2017,NYC Parks
october - december,Session #1,False,203,Brooklyn,St. John's,2016-2017,NYC Parks
October - December,Session #1,False,203,Manhattan,Gertrude Ederle,2016-2017,NYC Parks
January - March,Session #2,False,203,Queens,Roy Wilkins,2020-2021,NYC Parks
October - December,Session #1,False,205,Brooklyn,Brownsville,2017-2018,NYC Parks
January - March,Session #2,False,201,Queens,FMCP,2016-2017,NYC Parks
January - March,Session #2,False,204,Manhattan,Hansborough,2017-2018,NYC Parks
October - December,Session #1,False,201,Brooklyn,Brownsville,2016-2017,NYC Parks
January - March,Session #2,False,203,Brooklyn,Metropolitan,2016-2017,NYC Parks
January - March,Session #2,False,201,Manhattan,Tony Dapolito,2018-2019,NYC Parks
January - March,Session #2,False,204,Queens,FMCP,2018-2019,NYC Parks
April - June,Session #3,False,205,Brooklyn,Metropolitan,2018-2019,NYC Parks
January - March,Session #2,False,201,Brooklyn,Metropolitan,2017-2018,NYC Parks
January - March,Session #2,False,"236, 200, 234",Manhattan,Asser Levy,2016-2017,NYC Parks
April - June,Session #3,False,201,Brooklyn,St. John's,2016-2017,NYC Parks
April - June,Session #3,False,201,Brooklyn,Metropolitan,2017-2018,NYC Parks
April - June,Session #1,False,202,Queens,FMCP,2018-2019,NYC Parks
October - December,Session #1,False,201,Queens,Roy Wilkins,2019-2020,NYC Parks
April - June,Session #3,False,202,Brooklyn,Brownsville,2016-2017,NYC Parks
January - March,Session #2,False,201,Brooklyn,Metropolitan,2019-2020,NYC Parks
January - March,Session #2,False,202,Brooklyn,Metropolitan,2020-2021,NYC Parks
October - December,Session #1,False,204,Bronx,St. Mary's,2019-2020,NYC Parks
January - March,Session #2,False,201,Manhattan,Hansborough,2016-2017,NYC Parks
April - June,Session #3,False,201,Queens,Roy Wilkins,2018-2019,NYC Parks
January - March,Session #2,False,203,Brooklyn,St. John's,2016-2017,NYC Parks
October - December,Session #1,False,205,Manhattan,Tony Dapolito,2017-2018,NYC Parks
April - June,Session #3,False,201,Brooklyn,Brownsville,2016-2017,NYC Parks
October - December,Session #1,False,202,Queens,Roy Wilkins,2017-2018,NYC Parks
January - March,Session #2,False,233,Queens,FMCP,2018-2019,NYC Parks
January - March,Session #2,False,202,Queens,FMCP,2016-2017,NYC Parks
April - June,Session #3,False,201,Brooklyn,Brownsville,2016-2017,NYC Parks
October - December,Session #1,False,202,Queens,FMCP,2016-2017,NYC Parks
October - December,Session #1,False,201,Brooklyn,St. John's,2016-2017,NYC Parks
October - December,Session #1,False,202,Brooklyn,St. John's,2019-2020,NYC Parks
January - March,Session #2,False,202,Manhattan,Asser Levy,2016-2017,NYC Parks
April - June,Session #3,False,201/202,Brooklyn,Metropolitan,2018-2019,NYC Parks
January - March,Session #2,False,201,Manhattan,Asser Levy,2017-2018,NYC Parks
October - December,Session #1,False,201,Brooklyn,Brownsville,2016-2017,NYC Parks
April - June,Session #3,False,202,Manhattan,Gertrude Ederle,2018-2019,NYC Parks
October - December,Session #1,False,203,Queens,Roy Wilkins,2018-2019,NYC Parks
January - March,Session #2,False,201,Brooklyn,Brownsville,2017-2018,NYC Parks
April - June,Session #3,False,202,Brooklyn,Brownsville,2017-2018,NYC Parks
January - March,Session #2,False,203,Brooklyn,St. John's,2016-2017,NYC Parks
October - December,Session #1,False,203,Queens,Roy Wilkins,2018-2019,NYC Parks
April - June,Session #3,False,204,Queens,FMCP,2016-2017,NYC Parks
January - March,Session #2,False,"201, 202, 203, 204, 205, 206",Brooklyn,St. John's,2016-2017,NYC Parks
April - June,Session #3,False,"291, 202",Queens,Roy Wilkins,2016-2017,NYC Parks
April - June,Session #3,False,206,Manhattan,Chelsea,2016-2017,NYC Parks
January - March,Session #2,True,L7204,Brooklyn,Brownsville,2018-2019,NYC Parks
October - December,Session #1,False,201,Brooklyn,Brownsville,2019-2020,NYC Parks
April - June,Session #3,False,202,Queens,FMCP,2017-2018,NYC Parks
October - December,Session #1,False,201,Manhattan,Asser Levy,2017-2018,NYC Parks
January - March,Session #2,False,203,Brooklyn,St. John's,2016-2017,NYC Parks
October - December,Session #1,False,201,Queens,FMCP,2017-2018,NYC Parks
October - December,Session #1,False,202,Queens,Roy Wilkins,2018-2019,NYC Parks
October - December,Session #1,False,221,Queens,FMCP,2018-2019,NYC Parks
January - March,Session #2,False,202,Manhattan,Hansborough,2018-2019,NYC Parks
January - March,Session #2,False,201,Brooklyn,River Bank,2020-2021,NYC Parks
October - December,Session #1,False,201,Queens,Roy Wilkins,2017-2018,NYC Parks
October - December,Session #1,False,201,Queens,FMCP,2017-2018,NYC Parks
October - December,Session #1,False,"201, 202",Brooklyn,Brownsville,2018-2019,NYC Parks
October - December,Session #1,False,201,Queens,FMCP,2018-2019,NYC Parks
January - March,Session #2,False,205,Manhattan,Gertrude Ederle,2017-2018,NYC Parks
October - December,Session #1,False,203,Brooklyn,Metropolitan,2017-2018,NYC Parks
January - March,Session #2,False,201,Queens,Roy Wilkins,2020-2021,NYC Parks
October - December,Session #1,False,203,Queens,Far Rockaway,2017-2018,NYC Parks
April - June,Session #3,True,"X01,11,12",Manhattan,Asser Levy,2017-2018,NYC Parks
October - December,Session #1,False,Y12 & Y11,Brooklyn,LIU,2016-2017,NYC Parks
April - June,Session #3,False,202,Manhattan,River Bank,2018-2019,NYC Parks
April - June,Session #3,False,202,Queens,FMCP,2018-2019,NYC Parks
January - March,Session #2,False,201,Queens,Roy Wilkins,2016-2017,NYC Parks
April - June,Session #3,False,201,Manhattan,River Bank,2017-2018,NYC Parks
April - June,Session #3,False,202,Brooklyn,Metropolitan,2016-2017,NYC Parks
October - December,Session #1,False,301,Manhattan,River Bank,2019-2020,NYC Parks
January - March,Session #2,False,203,Bronx,St. Mary's,2016-2017,NYC Parks
October - December,Session #1,False,122/124,Manhattan,Asser Levy,2019-2020,NYC Parks
April - June,Session #3,False,202,Brooklyn,Brownsville,2016-2017,NYC Parks
January - March,Session #2,False,201,Queens,FMCP,2018-2019,NYC Parks
october - december,Session #1,False,201,Bronx,St. Mary's,2016-2017,NYC Parks
October - december,Session #1,False,205,Manhattan,Tony Dapolito,2016-2017,NYC Parks
January - March,Session #2,False,204,Queens,FMCP,2018-2019,NYC Parks
April - June,Session #3,False,202,Manhattan,Gertrude Ederle,2018-2019,NYC Parks
January - March,Session #2,False,410,Manhattan,Tony Dapolito,2020-2021,NYC Parks
January - March,Session #2,False,21,Bronx,St. Mary's,2017-2018,NYC Parks
January - March,Session #2,False,203,Brooklyn,St. John's,2017-2018,NYC Parks
January - March,Session #2,False,201,Queens,Roy Wilkins,2020-2021,NYC Parks
October - December,Session #1,False,202,Brooklyn,St. John's,2017-2018,NYC Parks
January - March,Session #2,False,201,Brooklyn,Brownsville,2018-2019,NYC Parks
October - December,Session #1,False,203,Brooklyn,Metropolitan,2017-2018,NYC Parks
October - December,Session #1,False,202,Brooklyn,Metropolitan,2018-2019,NYC Parks
October - December,Session #1,False,201,Queens,Roy Wilkins,2019-2020,NYC Parks
October - December,Session #1,False,201,Queens,Roy Wilkins,2017-2018,NYC Parks
January - March,Session #2,False,201,Manhattan,River Bank,2020-2021,NYC Parks
January - March,Session #2,False,221,Queens,FMCP,2018-2019,NYC Parks
October - December,Session #1,False,205,Manhattan,Tony Dapolito,2017-2018,NYC Parks
October - December,Session #1,False,201,Manhattan,River Bank,2018-2019,NYC Parks
January - March,Session #2,False,"202, 203, 303",Brooklyn,Brownsville,2020-2021,NYC Parks
October - December,Session #1,False,202,Brooklyn,Metropolitan,2018-2019,NYC Parks
October - December,Session #1,False,2,Queens,FMCP,2018-2019,NYC Parks
October - December,Session #1,False,231,Queens,FMCP,2016-2017,NYC Parks
October - December,Session #1,False,206,Manhattan,Tony Dapolito,2019-2020,NYC Parks
January - March,Session #2,False,201,Brooklyn,Metropolitan,2017-2018,NYC Parks
January - March,Session #2,False,201,Brooklyn,Brownsville,2016-2017,NYC Parks
April - June,Session #3,False,231,Queens,Roy Wilkins,2018-2019,NYC Parks
January - March,Session #2,False,201,Brooklyn,Metropolitan,2017-2018,NYC Parks
April - June,Session #3,False,203,Queens,Roy Wilkins,2016-2017,NYC Parks
January - March,Session #2,False,201,Brooklyn,Metropolitan,2020-2021,NYC Parks
October - December,Session #1,False,208,Manhattan,Tony Dapolito,2019-2020,NYC Parks
October - December,Session #1,False,201 & 202,Brooklyn,St. John's,2017-2018,NYC Parks
January - March,Session #2,False,201,Manhattan,River Bank,2020-2021,NYC Parks
October - December,Session #1,False,204,Queens,FMCP,2017-2018,NYC Parks
October - December,Session #1,False,202,Queens,FMCP,2017-2018,NYC Parks
January - March,Session #2,False,201,Manhattan,Hansborough,2017-2018,NYC Parks
October - December,Session #1,False,201,Bronx,St. Mary's,2018-2019,NYC Parks
October - December,Session #1,False,201,Queens,Roy Wilkins,2019-2020,NYC Parks
October - December,Session #1,False,203,Brooklyn,St. John's,2017-2018,NYC Parks
April - June,Session #3,False,202,Brooklyn,Metropolitan,2017-2018,NYC Parks
April - June,Session #3,False,202,Queens,Roy Wilkins,2017-2018,NYC Parks
January - March,Session #2,False,291,Manhattan,River Bank,2020-2021,NYC Parks
October - December,Session #1,False,205,Manhattan,Tony Dapolito,2018-2019,NYC Parks
October - December,Session #1,False,204,Queens,Roy Wilkins,2019-2020,NYC Parks
October - December,Session #1,False,1,Queens,FMCP,2018-2019,NYC Parks
October - December,Session #1,False,205,Manhattan,Tony Dapolito,2016-2017,NYC Parks
January - March,Session #2,False,201,Brooklyn,Brownsville,2016-2017,NYC Parks
April - June,Session #3,False,205,Manhattan,Gertrude Ederle,2017-2018,NYC Parks
January - March,Session #2,False,201,Queens,Roy Wilkins,2018-2019,NYC Parks
October - December,Session #1,False,201,Brooklyn,St. John's,2016-2017,NYC Parks
October - December,Session #1,False,202,Queens,FMCP,2017-2018,NYC Parks
April - June,Session #3,False,206,Brooklyn,St. John's,2016-2017,NYC Parks
January - March,Session #2,False,201,Brooklyn,Metropolitan,2019-2020,NYC Parks
January - March,Session #2,False,307,Manhattan,Tony Dapolito,2020-2021,NYC Parks
October - December,Session #1,False,221,Queens,FMCP,2017-2018,NYC Parks
October - December,Session #1,False,201,Brooklyn,Metropolitan,2018-2019,NYC Parks
October - December,Session #1,False,202,Queens,FMCP,2016-2017,NYC Parks
January - March,Session #2,False,213,Manhattan,Tony Dapolito,2016-2017,NYC Parks
January - March,Session #2,False,205,Brooklyn,Metropolitan,2020-2021,NYC Parks
April - June,Session #3,False,2,Brooklyn,Metropolitan,2016-2017,NYC Parks
April - June,Session #3,True,V44,Brooklyn,Metropolitan,2018-2019,NYC Parks
October - December,Session #1,False,603,Manhattan,Asser Levy,2017-2018,NYC Parks
April - June,Session #3,False,207,Queens,FMCP,2016-2017,NYC Parks
April - June,Session #3,False,2,Manhattan,Tony Dapolito,2018-2019,NYC Parks
April - June,Session #3,False,202,Brooklyn,Brownsville,2016-2017,NYC Parks
April - June,Session #3,False,202,Queens,FMCP,2018-2019,NYC Parks
January - March,Session #2,False,201,Bronx,St. Mary's,2018-2019,NYC Parks
October - December,Session #1,False,205,Bronx,St. Mary's,2019-2020,NYC Parks
April - June,Session #3,False,201,Brooklyn,Brownsville,2017-2018,NYC Parks
October - December,Session #1,False,205,Manhattan,Chelsea,2016-2017,NYC Parks
January - March,Session #2,False,234,Queens,FMCP,2018-2019,NYC Parks
January - March,Session #2,False,205,Manhattan,Hansborough,2017-2018,NYC Parks
April - June,Session #3,False,201,Manhattan,Asser Levy,2017-2018,NYC Parks
October - December,Session #1,False,"202, 219, 229",Manhattan,Gertrude Ederle,2017-2018,NYC Parks
April - June,Session #3,False,231,Queens,Roy Wilkins,2016-2017,NYC Parks
January - March,Session #2,False,201,Manhattan,Asser Levy,2016-2017,NYC Parks
April - June,Session #3,False,201,Bronx,Fieldston,2016-2017,Partner Site
April - June,Session #3,False,201&410,Manhattan,Gertrude Ederle,2017-2018,NYC Parks
October - December,Session #1,False,208,Manhattan,Tony Dapolito,2019-2020,NYC Parks
October - December,Session #1,False,2,Queens,FMCP,2018-2019,NYC Parks
January - March,Session #2,False,201,Brooklyn,Brownsville,2016-2017,NYC Parks
January - March,Session #2,False,201,Manhattan,River Bank,2020-2021,NYC Parks
April - June,Session #3,False,2,Brooklyn,Metropolitan,2016-2017,NYC Parks
January - March,Session #2,False,311,Manhattan,Tony Dapolito,2017-2018,NYC Parks
January - March,Session #2,False,410,Queens,FMCP,2016-2017,NYC Parks
October - December,Session #1,True,Y33,Brooklyn,LIU,2019-2020,Partner Site
January - March,Session #2,False,202,Brooklyn,Metropolitan,2020-2021,NYC Parks
October - December,Session #1,False,1,Queens,Roy Wilkins,2018-2019,NYC Parks
January - March,Session #2,False,221,Queens,FMCP,2018-2019,NYC Parks
October - December,Session #1,False,201 & 219,Brooklyn,Brownsville,2017-2018,NYC Parks
April - June,Session #3,False,201,Manhattan,Tony Dapolito,2017-2018,NYC Parks
April - June,Session #3,False,203,Queens,FMCP,2017-2018,NYC Parks
October - December,Session #1,False,201,Brooklyn,Brownsville,2018-2019,NYC Parks
April - June,Session #3,False,202,Brooklyn,Brownsville,2017-2018,NYC Parks
January - March,Session #2,True,235,Queens,FMCP,2017-2018,NYC Parks
January - March,Session #2,False,2,Queens,Roy Wilkins,2018-2019,NYC Parks
April - June,Session #3,False,2,Manhattan,Gertrude Ederle,2016-2017,NYC Parks
April - June,Session #3,False,201,Manhattan,River Bank,2017-2018,NYC Parks
April - June,Session #3,False,201,Manhattan,Chelsea,2017-2018,NYC Parks
January - March,Session #2,False,201,Brooklyn,River Bank,2020-2021,NYC Parks
April - June,Session #3,False,202,Queens,Roy Wilkins,2017-2018,NYC Parks
April - June,Session #3,False,201,Brooklyn,Brownsville,2016-2017,NYC Parks
January - March,Session #2,False,202,Brooklyn,Brownsville,2017-2018,NYC Parks
January - March,Session #2,False,205,Manhattan,River Bank,2016-2017,NYC Parks
January - March,Session #2,False,202,Bronx,St. Mary's,2016-2017,NYC Parks
April - June,Session #3,False,201,Queens,Roy Wilkins,2018-2019,NYC Parks
January - March,Session #2,False,233,Queens,FMCP,2016-2017,NYC Parks
october - december,Session #1,False,202,Brooklyn,St. John's,2016-2017,NYC Parks
April - June,Session #3,False,201,Manhattan,Tony Dapolito,2017-2018,NYC Parks
October - December,Session #1,False,202,Queens,Roy Wilkins,2019-2020,NYC Parks
April - June,Session #3,False,204,Brooklyn,St. John's,2017-2018,NYC Parks
January - March,Session #2,False,201,Brooklyn,Metropolitan,2016-2017,NYC Parks
April - June,Session #3,False,204,Brooklyn,Brownsville,2017-2018,NYC Parks
October - December,Session #1,False,203,Queens,Far Rockaway,2017-2018,NYC Parks
January - March,Session #2,False,201,Bronx,St. Mary's,2017-2018,NYC Parks
October - December,Session #1,False,"231, 293",Queens,FMCP,2016-2017,NYC Parks
October - December,Session #1,False,231,Queens,FMCP,2017-2018,NYC Parks
April - June,Session #3,False,202,Bronx,St. Mary's,2017-2018,NYC Parks
october - december,Session #1,False,21/22,Bronx,St. Mary's,2016-2017,NYC Parks
January - March,Session #2,False,204,Manhattan,Hansborough,2017-2018,NYC Parks
October - December,Session #1,False,201,Brooklyn,St. John's,2016-2017,NYC Parks
October - December,Session #1,False,201,Brooklyn,Brownsville,2017-2018,NYC Parks
October - December,Session #1,False,201,Queens,Roy Wilkins,2018-2019,NYC Parks
April - June,Session #3,False,231,Queens,Roy Wilkins,2017-2018,NYC Parks
April - June,Session #3,False,202,Queens,FMCP,2018-2019,NYC Parks
October - December,Session #1,False,201,Brooklyn,Metropolitan,2019-2020,NYC Parks
April - June,Session #3,True,"X01,11,12",Manhattan,Asser Levy,2017-2018,NYC Parks
October - December,Session #1,False,231,Queens,FMCP,2018-2019,NYC Parks
January - March,Session #2,False,202,Brooklyn,St. Mary's,2020-2021,NYC Parks
January - March,Session #2,False,206,Brooklyn,Metropolitan,2017-2018,NYC Parks
October - December,Session #1,False,201,Brooklyn,Metropolitan,2018-2019,NYC Parks
October - December,Session #1,False,202,Queens,FMCP,2017-2018,NYC Parks
October - December,Session #1,False,121/123,Manhattan,Asser Levy,2019-2020,NYC Parks
October - December,Session #1,False,"231, 293",Queens,FMCP,2016-2017,NYC Parks
January - March,Session #2,False,203,Manhattan,Gertrude Ederle,2016-2017,NYC Parks
October - December,Session #1,False,204,Queens,FMCP,2016-2017,NYC Parks
October - December,Session #1,False,201,Manhattan,River Bank,2018-2019,NYC Parks
April - June,Session #3,False,201,Queens,Roy Wilkins,2017-2018,NYC Parks
October - December,Session #1,False,21/22,Bronx,St. Mary's,2016-2017,NYC Parks
October - December,Session #1,False,239,Brooklyn,Brownsville,2016-2017,NYC Parks
January - March,Session #2,False,"236, 200, 234",Manhattan,Asser Levy,2016-2017,NYC Parks
October - December,Session #1,False,205,Manhattan,Chelsea,2016-2017,NYC Parks
April - June,Session #3,False,203,Queens,Roy Wilkins,2018-2019,NYC Parks
October - December,Session #1,False,203,Queens,Roy Wilkins,2019-2020,NYC Parks
October - December,Session #1,False,201,Queens,Roy Wilkins,2016-2017,NYC Parks
October - December,Session #1,False,201,Queens,Roy Wilkins,2017-2018,NYC Parks
January - March,Session #2,False,201,Brooklyn,Metropolitan,2017-2018,NYC Parks
April - June,Session #3,False,204,Bronx,St. Mary's,2017-2018,NYC Parks
April - June,Session #3,False,201,Queens,Roy Wilkins,2016-2017,NYC Parks
October - December,Session #1,False,202,Brooklyn,Brownsville,2019-2020,NYC Parks
October - December,Session #1,False,202,Brooklyn,St. John's,2019-2020,NYC Parks
October - December,Session #1,False,201,Brooklyn,St. John's,2017-2018,NYC Parks
October - December,Session #1,False,251,Manhattan,Gertrude Ederle,2016-2017,NYC Parks
October - December,Session #1,False,2 QUINN HR,Queens,Roy Wilkins,2018-2019,NYC Parks
January - March,Session #2,False,202,Brooklyn,Brownsville,2016-2017,NYC Parks
January - March,Session #2,False,209,Queens,FMCP,2017-2018,NYC Parks
October - December,Session #1,False,204,Queens,FMCP,2016-2017,NYC Parks
October - December,Session #1,False,201,Queens,Roy Wilkins,2016-2017,NYC Parks
April - June,Session #3,False,202,Bronx,St. Mary's,2017-2018,NYC Parks
January - March,Session #2,False,202,Manhattan,Gertrude Ederle,2017-2018,NYC Parks
April - June,Session #3,False,201,Queens,FMCP,2017-2018,NYC Parks
January - March,Session #2,False,202,Manhattan,Asser Levy,2016-2017,NYC Parks
October - December,Session #1,False,231,Queens,Roy Wilkins,2018-2019,NYC Parks
April - June,Session #3,False,201,Queens,FMCP,2016-2017,NYC Parks
January - March,Session #2,False,205,Brooklyn,Brownsville,2018-2019,NYC Parks
January - March,Session #2,False,201,Manhattan,Hansborough,2016-2017,NYC Parks
January - March,Session #2,False,202,Brooklyn,Brownsville,2017-2018,NYC Parks
April - June,Session #3,False,204,Brooklyn,Brownsville,2016-2017,NYC Parks
January - March,Session #2,False,205,Manhattan,Hansborough,2017-2018,NYC Parks
January - March,Session #2,False,204,Brooklyn,Brownsville,2020-2021,NYC Parks
January - March,Session #2,False,205,Queens,FMCP,2018-2019,NYC Parks
October - December,Session #1,False,201,Queens,Roy Wilkins,2016-2017,NYC Parks
January - March,Session #2,False,201,Queens,FMCP,2017-2018,NYC Parks
April - June,Session #3,False,202,Brooklyn,Brownsville,2016-2017,NYC Parks
January - March,Session #2,False,203,Queens,FMCP,2018-2019,NYC Parks
October - December,Session #1,False,202,Bronx,St. Mary's,2016-2017,NYC Parks
January - March,Session #2,False,309,Brooklyn,Metropolitan,2017-2018,NYC Parks
January - March,Session #2,True,L7204,Brooklyn,Brownsville,2018-2019,NYC Parks
October - December,Session #1,False,291,Manhattan,Chelsea,2017-2018,NYC Parks
April - June,Session #3,False,204,Bronx,St. Mary's,2017-2018,Partner Site
January - March,Session #2,False,202,Brooklyn,Metropolitan,2016-2017,NYC Parks
October - December,Session #1,False,201,Queens,Roy Wilkins,2016-2017,NYC Parks
October - December,Session #1,False,221,Queens,FMCP,2018-2019,NYC Parks
January - March,Session #2,False,203,Brooklyn,Metropolitan,2018-2019,NYC Parks
April - June,Session #3,False,205,Manhattan,Hansborough,2017-2018,NYC Parks
October - December,Session #1,False,204,Brooklyn,Metropolitan,2019-2020,NYC Parks
April - June,Session #3,False,201,Queens,Roy Wilkins,2017-2018,NYC Parks
January - March,Session #2,False,205,Brooklyn,Brownsville,2018-2019,NYC Parks
January - March,Session #2,False,205,Brooklyn,Metropolitan,2020-2021,NYC Parks
January - March,Session #2,False,"236, 200, 234",Manhattan,Asser Levy,2016-2017,NYC Parks
January - March,Session #2,False,"201, 202, 203, 204, 205, 206",Brooklyn,St. John's,2016-2017,NYC Parks
January - March,Session #2,False,201,Queens,Roy Wilkins,2020-2021,NYC Parks
January - March,Session #2,False,203,Brooklyn,Metropolitan,2016-2017,NYC Parks
January - March,Session #2,False,202,Brooklyn,Brownsville,2017-2018,NYC Parks
January - March,Session #2,False,202,Bronx,St. Mary's,2016-2017,NYC Parks
April - June,Session #3,False,201,Bronx,St. Mary's,2017-2018,NYC Parks
October - December,Session #1,False,"120, 129",Brooklyn,Brownsville,2016-2017,NYC Parks
October - December,Session #1,False,202,Brooklyn,Metropolitan,2019-2020,NYC Parks
January - March,Session #2,False,291,Manhattan,River Bank,2020-2021,NYC Parks
January - March,Session #2,False,203,Brooklyn,Metropolitan,2018-2019,NYC Parks
October - December,Session #1,False,201,Manhattan,Boys and Girls Harbor,2016-2017,NYC Parks
January - March,Session #2,False,201,Manhattan,Asser Levy,2020-2021,NYC Parks
April - June,Session #3,False,205,Brooklyn,St. John's,2016-2017,NYC Parks
April - June,Session #3,False,"X01,11,12",Manhattan,Asser Levy,2017-2018,NYC Parks
January - March,Session #2,False,201,Brooklyn,Metropolitan,2016-2017,NYC Parks
January - March,Session #2,False,201,Brooklyn,St. John's,2017-2018,NYC Parks
January - March,Session #2,True,V01,Manhattan,Tony Dapolito,2017-2018,NYC Parks
October - December,Session #1,False,201,Brooklyn,Metropolitan,2019-2020,NYC Parks
January - March,Session #2,False,201,Queens,FMCP,2017-2018,NYC Parks
October - December,Session #1,False,206,Queens,FMCP,2017-2018,NYC Parks
October - December,Session #1,False,201,Queens,Roy Wilkins,2019-2020,NYC Parks
April - June,Session #3,False,202,Manhattan,River Bank,2016-2017,NYC Parks
October - December,Session #1,False,2 HR,Queens,Roy Wilkins,2017-2018,NYC Parks
October - December,Session #1,False,205,Manhattan,Tony Dapolito,2017-2018,NYC Parks
January - March,Session #2,False,231,Queens,FMCP,2018-2019,NYC Parks
April - June,Session #3,False,201,Queens,Roy Wilkins,2018-2019,NYC Parks
October - December,Session #1,False,202,Brooklyn,St. John's,2017-2018,NYC Parks
October - December,Session #1,False,201,Bronx,St. Mary's,2018-2019,NYC Parks
April - June,Session #3,False,202,Queens,FMCP,2018-2019,NYC Parks
October - December,Session #1,False,205,Queens,FMCP,2017-2018,NYC Parks
April - June,Session #3,True,202,Manhattan,Asser Levy,2017-2018,NYC Parks
January - March,Session #2,False,201,Brooklyn,Brownsville,2016-2017,NYC Parks
January - March,Session #2,False,202,Bronx,St. Mary's,2016-2017,NYC Parks
April - June,Session #3,False,2,Brooklyn,Metropolitan,2016-2017,NYC Parks
April - June,Session #3,False,"291, 202",Queens,Roy Wilkins,2016-2017,NYC Parks
October - December,Session #1,False,202,Brooklyn,Metropolitan,2016-2017,NYC Parks
January - March,Session #2,False,201,Manhattan,Hansborough,2017-2018,NYC Parks
January - March,Session #2,False,214,Brooklyn,St. John's,2020-2021,NYC Parks
January - March,Session #2,False,203,Manhattan,Gertrude Ederle,2020-2021,NYC Parks
January - March,Session #2,False,2DL,Manhattan,Asser Levy,2018-2019,NYC Parks
October - December,Session #1,False,204,Brooklyn,Metropolitan,2019-2020,NYC Parks
January - March,Session #2,False,202,Brooklyn,Metropolitan,2017-2018,NYC Parks
January - March,Session #2,False,2DL,Manhattan,Asser Levy,2018-2019,NYC Parks
October - December,Session #1,False,201,Brooklyn,Brownsville,2018-2019,NYC Parks
January - March,Session #2,False,"236, 200, 234",Manhattan,Asser Levy,2016-2017,NYC Parks
January - March,Session #2,False,410,Manhattan,Tony Dapolito,2020-2021,NYC Parks
January - March,Session #2,False,2DL,Manhattan,Asser Levy,2018-2019,NYC Parks
January - March,Session #2,False,201,Queens,Roy Wilkins,2018-2019,NYC Parks
October - December,Session #1,False,203,Queens,Roy Wilkins,2018-2019,NYC Parks
October - December,Session #1,False,307,Manhattan,River Bank,2019-2020,NYC Parks
January - March,Session #2,True,5,Brooklyn,St. John's,2016-2017,NYC Parks
October - December,Session #1,True,X03,Manhattan,Hansborough,2018-2019,NYC Parks
April - June,Session #3,True,V44,Brooklyn,Metropolitan,2018-2019,NYC Parks
January - March,Session #2,False,202,Manhattan,Gertrude Ederle,2017-2018,NYC Parks
October - December,Session #1,False,201,Brooklyn,Metropolitan,2018-2019,NYC Parks
April - June,Session #3,False,201,Brooklyn,St. John's,2017-2018,NYC Parks
January - March,Session #2,False,202,Brooklyn,Metropolitan,2016-2017,NYC Parks
April - June,Session #3,False,12,Brooklyn,Brownsville,2018-2019,NYC Parks
April - June,Session #3,False,201,Queens,Roy Wilkins,2018-2019,NYC Parks
January - March,Session #2,False,201,Brooklyn,River Bank,2020-2021,NYC Parks
October - December,Session #1,False,239,Brooklyn,Metropolitan,2016-2017,NYC Parks
October - December,Session #1,False,201 & 219,Brooklyn,Brownsville,2017-2018,NYC Parks
January - March,Session #2,False,201,Queens,Roy Wilkins,2016-2017,NYC Parks
April - June,Session #3,False,K01,Manhattan,Chelsea,2017-2018,NYC Parks
January - March,Session #2,False,232,Queens,FMCP,2018-2019,NYC Parks
January - March,Session #2,False,201,Queens,Roy Wilkins,2016-2017,NYC Parks
April - June,Session #3,False,202,Manhattan,Gertrude Ederle,2018-2019,NYC Parks
October - December,Session #1,False,201,Brooklyn,Metropolitan,2019-2020,NYC Parks
April - June,Session #3,False,203,Queens,FMCP,2018-2019,NYC Parks
October - December,Session #1,False,201,Queens,FMCP,2016-2017,NYC Parks
April - June,Session #3,False,203,Brooklyn,St. John's,2017-2018,NYC Parks
January - March,Session #2,False,200,Brooklyn,Brownsville,2018-2019,NYC Parks
April - June,Session #3,False,202,Manhattan,Gertrude Ederle,2018-2019,NYC Parks
October - December,Session #1,False,1,Brooklyn,Metropolitan,2017-2018,NYC Parks
October - December,Session #1,False,202,Brooklyn,St. John's,2017-2018,NYC Parks
January - March,Session #2,False,202,Brooklyn,Metropolitan,2017-2018,NYC Parks
October - December,Session #1,False,203,Brooklyn,Brownsville,2017-2018,NYC Parks
October - December,Session #1,False,203,Queens,FMCP,2018-2019,NYC Parks
January - March,Session #2,False,214,Brooklyn,St. John's,2020-2021,NYC Parks
January - March,Session #2,False,203,Manhattan,Gertrude Ederle,2016-2017,NYC Parks
October - December,Session #1,False,2,Queens,FMCP,2018-2019,NYC Parks
October - December,Session #1,False,"315, 300, 301",Queens,FMCP,2016-2017,NYC Parks
October - December,Session #1,False,201,Brooklyn,Metropolitan,2018-2019,NYC Parks
January - March,Session #2,False,202/204,Brooklyn,Brownsville,2016-2017,NYC Parks
October - December,Session #1,False,205,Brooklyn,Metropolitan,2016-2017,NYC Parks
October - December,Session #1,False,201,Brooklyn,Brownsville,2017-2018,NYC Parks
April - June,Session #3,False,2A219,Brooklyn,Brownsville,2017-2018,NYC Parks
October - December,Session #1,False,203,Queens,Roy Wilkins,2016-2017,NYC Parks
April - June,Session #3,False,207,Queens,FMCP,2016-2017,NYC Parks
April - June,Session #3,False,202,Brooklyn,Metropolitan,2018-2019,NYC Parks
October - December,Session #1,False,201,Queens,Roy Wilkins,2016-2017,NYC Parks
January - March,Session #2,False,203,Brooklyn,Metropolitan,2018-2019,NYC Parks
October - December,Session #1,False,201,Brooklyn,Brownsville,2016-2017,NYC Parks
October - December,Session #1,False,201,Queens,Roy Wilkins,2016-2017,NYC Parks
October - December,Session #1,False,231,Queens,Roy Wilkins,2019-2020,NYC Parks
October - December,Session #1,False,201,Queens,Roy Wilkins,2016-2017,NYC Parks
January - March,Session #2,False,"202, 203, 303",Brooklyn,Brownsville,2020-2021,NYC Parks
October - December,Session #1,False,321,Manhattan,Asser Levy,2018-2019,NYC Parks
January - March,Session #2,False,202,Queens,Roy Wilkins,2020-2021,NYC Parks
April - June,Session #3,False,205,Brooklyn,St. John's,2016-2017,NYC Parks
January - March,Session #2,False,246,Manhattan,River Bank,2020-2021,NYC Parks
October - December,Session #1,False,201,Queens,FMCP,2017-2018,NYC Parks
January - March,Session #2,True,5,Brooklyn,St. John's,2016-2017,NYC Parks
January - March,Session #2,True,5,Brooklyn,St. John's,2016-2017,NYC Parks
October - December,Session #1,False,202,Brooklyn,Brownsville,2017-2018,NYC Parks
April - June,Session #3,False,201,Queens,FMCP,2018-2019,NYC Parks
April - June,Session #3,True,202,Manhattan,Asser Levy,2017-2018,NYC Parks
January - March,Session #2,False,202,Brooklyn,St. John's,2016-2017,NYC Parks
October - December,Session #1,False,201,Manhattan,Hansborough,2018-2019,NYC Parks
October - December,Session #1,False,203,Queens,Roy Wilkins,2016-2017,NYC Parks
April - June,Session #3,False,202,Manhattan,Gertrude Ederle,2018-2019,NYC Parks
April - June,Session #3,False,202,Brooklyn,Metropolitan,2017-2018,NYC Parks
January - March,Session #2,False,201,Brooklyn,Brownsville,2016-2017,NYC Parks
January - March,Session #2,False,204,Manhattan,Tony Dapolito,2016-2017,NYC Parks
January - March,Session #2,False,"201, 202, 203, 204, 205, 206",Brooklyn,St. John's,2016-2017,NYC Parks
January - March,Session #2,False,201,Manhattan,Tony Dapolito,2018-2019,NYC Parks
October - December,Session #1,False,201,Queens,Roy Wilkins,2019-2020,NYC Parks
October - December,Session #1,False,Y12 & Y11,Brooklyn,LIU,2016-2017,NYC Parks
April - June,Session #3,False,203,Brooklyn,St. John's,2016-2017,NYC Parks
January - March,Session #2,False,203,Queens,FMCP,2016-2017,NYC Parks
January - March,Session #2,False,201,Manhattan,Hansborough,2017-2018,NYC Parks
January - March,Session #2,False,201,Bronx,St. Mary's,2020-2021,NYC Parks
April - June,Session #3,False,206,Brooklyn,Brownsville,2017-2018,NYC Parks
January - March,Session #2,False,202,Manhattan,River Bank,2020-2021,NYC Parks
April - June,Session #3,False,439,Manhattan,Hansborough,2018-2019,NYC Parks
October - December,Session #1,False,201,Queens,Roy Wilkins,2017-2018,NYC Parks
January - March,Session #2,False,204,Bronx,St. Mary's,2017-2018,NYC Parks
April - June,Session #3,False,201,Queens,Roy Wilkins,2018-2019,NYC Parks
October - December,Session #1,False,201,Queens,Roy Wilkins,2018-2019,NYC Parks
January - March,Session #2,False,2,Brooklyn,Brownsville,2018-2019,NYC Parks
October - December,Session #1,False,231,Queens,FMCP,2016-2017,NYC Parks
January - March,Session #2,False,203,Manhattan,Gertrude Ederle,2020-2021,NYC Parks
January - March,Session #2,False,202,Brooklyn,Brownsville,2016-2017,NYC Parks
October - December,Session #1,False,201,Brooklyn,Metropolitan,2018-2019,NYC Parks
January - March,Session #2,False,201,Queens,Roy Wilkins,2016-2017,NYC Parks
October - December,Session #1,False,202,Brooklyn,Metropolitan,2017-2018,NYC Parks
October - December,Session #1,False,205,Manhattan,Chelsea,2016-2017,NYC Parks
October - December,Session #1,False,201,Queens,Far Rockaway,2017-2018,NYC Parks
October - December,Session #1,False,603,Manhattan,Asser Levy,2017-2018,NYC Parks
October - December,Session #1,False,201,Brooklyn,Metropolitan,2017-2018,NYC Parks
April - June,Session #3,False,202,Brooklyn,Metropolitan,2017-2018,NYC Parks
April - June,Session #3,False,903/203,Brooklyn,St. John's,2017-2018,NYC Parks
April - June,Session #3,False,205,Manhattan,Tony Dapolito,2018-2019,NYC Parks
April - June,Session #3,False,202,Queens,FMCP,2018-2019,NYC Parks
January - March,Session #2,False,303,Manhattan,Tony Dapolito,2020-2021,NYC Parks
April - June,Session #3,False,,Bronx,St. Mary's,2018-2019,NYC Parks
January - March,Session #2,False,203,Queens,FMCP,2018-2019,NYC Parks
october - december,Session #1,False,205,Brooklyn,Metropolitan,2016-2017,NYC Parks
October - December,Session #1,False,202,Brooklyn,Metropolitan,2016-2017,NYC Parks
April - June,Session #3,False,206,Manhattan,Chelsea,2016-2017,NYC Parks
January - March,Session #2,False,205/129,Brooklyn,Metropolitan,2017-2018,NYC Parks
January - March,Session #2,False,203,Brooklyn,St. John's,2017-2018,NYC Parks
January - March,Session #2,False,202,Brooklyn,Brownsville,2018-2019,NYC Parks
January - March,Session #2,False,233/234,Queens,FMCP,2017-2018,NYC Parks
January - March,Session #2,False,204,Brooklyn,Brownsville,2020-2021,NYC Parks
October - December,Session #1,False,309,Manhattan,River Bank,2019-2020,NYC Parks
January - March,Session #2,False,231,Queens,FMCP,2018-2019,NYC Parks
January - March,Session #2,False,"236, 200, 234",Manhattan,Asser Levy,2016-2017,NYC Parks
October - December,Session #1,False,201,Manhattan,Asser Levy,2017-2018,NYC Parks
January - March,Session #2,False,207,Manhattan,Gertrude Ederle,2016-2017,NYC Parks
October - December,Session #1,False,208,Manhattan,Tony Dapolito,2019-2020,NYC Parks
January - March,Session #2,False,214,Manhattan,Chelsea,2017-2018,NYC Parks
October - December,Session #1,False,204,Manhattan,Gertrude Ederle,2019-2020,NYC Parks
October - December,Session #1,False,201,Queens,FMCP,2017-2018,NYC Parks
April - June,Session #3,False,231,Queens,Roy Wilkins,2017-2018,NYC Parks
April - June,Session #3,False,231,Queens,Roy Wilkins,2016-2017,NYC Parks
April - June,Session #3,False,207,Manhattan,Gertrude Ederle,2016-2017,NYC Parks
January - March,Session #2,False,2,Queens,Roy Wilkins,2017-2018,NYC Parks
October - December,Session #1,False,291/ 231,Queens,Roy Wilkins,2016-2017,NYC Parks
January - March,Session #2,False,202,Brooklyn,St. John's,2017-2018,NYC Parks
October - December,Session #1,False,202 & 205,Brooklyn,St. John's,2017-2018,NYC Parks
October - December,Session #1,False,202,Queens,Roy Wilkins,2019-2020,NYC Parks
October - December,Session #1,False,206,Manhattan,Tony Dapolito,2017-2018,NYC Parks
October - December,Session #1,False,206,Queens,FMCP,2017-2018,NYC Parks
April - June,Session #3,False,2,Queens,Roy Wilkins,2016-2017,NYC Parks
January - March,Session #2,False,201,Brooklyn,Metropolitan,2020-2021,NYC Parks
October - December,Session #1,False,202,Queens,Roy Wilkins,2017-2018,NYC Parks
October - December,Session #1,False,2 HR,Queens,Roy Wilkins,2017-2018,NYC Parks
October - December,Session #1,False,202,Brooklyn,Brownsville,2019-2020,NYC Parks
April - June,Session #3,False,202,Brooklyn,Metropolitan,2017-2018,NYC Parks
April - June,Session #3,False,202,Bronx,St. Mary's,2018-2019,NYC Parks
October - December,Session #1,False,201,Queens,Roy Wilkins,2017-2018,NYC Parks
October - December,Session #1,False,"120, 129",Brooklyn,Brownsville,2016-2017,NYC Parks
January - March,Session #2,False,201,Queens,FMCP,2016-2017,NYC Parks
January - March,Session #2,False,205,Brooklyn,St. John's,2017-2018,NYC Parks
January - March,Session #2,False,202,Manhattan,Hansborough,2016-2017,NYC Parks
April - June,Session #3,False,201,Queens,FMCP,2018-2019,NYC Parks
January - March,Session #2,False,201/202,Brooklyn,Brownsville,2016-2017,NYC Parks
January - March,Session #2,False,204,Queens,Roy Wilkins,2016-2017,NYC Parks
April - June,Session #3,False,221,Queens,FMCP,2016-2017,NYC Parks
January - March,Session #2,False,202,Brooklyn,Brownsville,2016-2017,NYC Parks
October - December,Session #1,False,291,Manhattan,Chelsea,2017-2018,NYC Parks
January - March,Session #2,False,234,Queens,FMCP,2018-2019,NYC Parks
October - December,Session #1,False,201,Queens,Roy Wilkins,2016-2017,NYC Parks
October - December,Session #1,False,306 & 309,Queens,FMCP,2016-2017,NYC Parks
April - June,Session #3,False,201,Queens,Roy Wilkins,2017-2018,NYC Parks
April - June,Session #3,False,201,Queens,Roy Wilkins,2016-2017,NYC Parks
January - March,Session #2,False,234,Queens,FMCP,2018-2019,NYC Parks
January - March,Session #2,False,201,Queens,Roy Wilkins,2020-2021,NYC Parks
January - March,Session #2,False,202,Queens,Roy Wilkins,2018-2019,NYC Parks
January - March,Session #2,False,201,Manhattan,Gertrude Ederle,2020-2021,NYC Parks
April - June,Session #3,False,215,Queens,FMCP,2016-2017,NYC Parks
April - June,Session #3,False,201,Manhattan,Chelsea,2017-2018,NYC Parks
April - June,Session #3,False,201,Bronx,Fieldston,2016-2017,Partner Site
October - December,Session #1,False,2,Queens,FMCP,2018-2019,NYC Parks
October - December,Session #1,False,202,Manhattan,Boys and Girls Harbor,2016-2017,NYC Parks
October - December,Session #1,False,"216, 205, 207, 214",Manhattan,Hansborough,2017-2018,NYC Parks
April - June,Session #3,False,202,Brooklyn,Brownsville,2017-2018,NYC Parks
October - December,Session #1,False,201,Queens,Roy Wilkins,2017-2018,NYC Parks
January - March,Session #2,True,235,Queens,FMCP,2017-2018,NYC Parks
April - June,Session #3,False,207,Queens,FMCP,2016-2017,NYC Parks
January - March,Session #2,False,237,Queens,FMCP,2017-2018,NYC Parks
October - December,Session #1,False,204,Bronx,St. Mary's,2019-2020,NYC Parks
January - March,Session #2,False,202,Queens,Roy Wilkins,2020-2021,NYC Parks
October - December,Session #1,False,201,Queens,Roy Wilkins,2017-2018,NYC Parks
April - June,Session #3,True,Y27,Manhattan,Chelsea,2016-2017,NYC Parks
January - March,Session #2,False,202,Brooklyn,Brownsville,2018-2019,NYC Parks
April - June,Session #3,False,2,Brooklyn,Metropolitan,2016-2017,NYC Parks
April - June,Session #3,False,202,Brooklyn,Brownsville,2017-2018,NYC Parks
January - March,Session #2,False,203,Queens,Roy Wilkins,2016-2017,NYC Parks
October - December,Session #1,True,Y33,Brooklyn,LIU,2019-2020,Partner Site
January - March,Session #2,False,291,Manhattan,Chelsea,2016-2017,NYC Parks
October - December,Session #1,False,202,Queens,Roy Wilkins,2017-2018,NYC Parks
January - March,Session #2,False,201,Queens,FMCP,2016-2017,NYC Parks
January - March,Session #2,False,201,Queens,Roy Wilkins,2018-2019,NYC Parks
January - March,Session #2,False,201,Queens,Roy Wilkins,2020-2021,NYC Parks
April - June,Session #3,False,201,Queens,Roy Wilkins,2017-2018,NYC Parks
January - March,Session #2,False,202,Manhattan,Hansborough,2018-2019,NYC Parks
April - June,Session #3,False,201,Queens,Roy Wilkins,2017-2018,NYC Parks
October - December,Session #1,False,201,Manhattan,Asser Levy,2018-2019,NYC Parks
April - June,Session #3,True,449,Manhattan,Hansborough,2017-2018,NYC Parks
April - June,Session #3,False,202,Queens,FMCP,2018-2019,NYC Parks
January - March,Session #2,False,203,Manhattan,Gertrude Ederle,2020-2021,NYC Parks
January - March,Session #2,False,202,Queens,FMCP,2016-2017,NYC Parks
October - December,Session #1,False,201,Queens,FMCP,2016-2017,NYC Parks
October - December,Session #1,False,201,Bronx,St. Mary's,2019-2020,NYC Parks
April - June,Session #3,False,201,Brooklyn,Metropolitan,2017-2018,NYC Parks
January - March,Session #2,False,218,Manhattan,River Bank,2020-2021,NYC Parks
October - December,Session #1,False,203,Brooklyn,Metropolitan,2016-2017,NYC Parks
October - December,Session #1,False,201,Queens,FMCP,2016-2017,NYC Parks
January - March,Session #2,False,202,Brooklyn,Metropolitan,2020-2021,NYC Parks
October - December,Session #1,False,221,Queens,FMCP,2018-2019,NYC Parks
October - December,Session #1,False,"201, 202",Brooklyn,Brownsville,2018-2019,NYC Parks
April - June,Session #3,False,201,Brooklyn,St. John's,2017-2018,NYC Parks
April - June,Session #3,False,202,Queens,FMCP,2018-2019,NYC Parks
October - December,Session #1,False,251,Manhattan,Gertrude Ederle,2016-2017,NYC Parks
January - March,Session #2,False,201,Queens,Roy Wilkins,2016-2017,NYC Parks
April - June,Session #3,False,231,Queens,Roy Wilkins,2018-2019,NYC Parks
October - December,Session #1,False,203,Queens,Roy Wilkins,2017-2018,NYC Parks
October - December,Session #1,False,201,Brooklyn,Metropolitan,2019-2020,NYC Parks
January - March,Session #2,False,410,Manhattan,Tony Dapolito,2020-2021,NYC Parks
April - June,Session #3,False,12,Brooklyn,Brownsville,2018-2019,NYC Parks
April - June,Session #3,False,202,Queens,FMCP,2018-2019,NYC Parks
October - December,Session #1,False,203,Queens,Roy Wilkins,2019-2020,NYC Parks
october - december,Session #1,False,202,Brooklyn,St. John's,2016-2017,NYC Parks
January - March,Session #2,False,204,Brooklyn,St. John's,2016-2017,NYC Parks
October - December,Session #1,False,203,Brooklyn,St. John's,2017-2018,NYC Parks
April - June,Session #3,False,203,Queens,Roy Wilkins,2018-2019,NYC Parks
October - December,Session #1,False,221,Queens,FMCP,2018-2019,NYC Parks
January - March,Session #2,False,201,Queens,Roy Wilkins,2018-2019,NYC Parks
January - March,Session #2,False,201,Brooklyn,Brownsville,2020-2021,NYC Parks
January - March,Session #2,False,201,Manhattan,Asser Levy,2020-2021,NYC Parks
January - March,Session #2,False,202,Queens,Roy Wilkins,2016-2017,NYC Parks
October - December,Session #1,False,603,Manhattan,Asser Levy,2017-2018,NYC Parks
October - December,Session #1,True,112,Brooklyn,Brownsville,2019-2020,NYC Parks
January - March,Session #2,False,202/204,Brooklyn,Brownsville,2016-2017,NYC Parks
January - March,Session #2,False,201,Brooklyn,St. John's,2016-2017,NYC Parks
October - December,Session #1,False,2,Manhattan,Boys and Girls Harbor,2016-2017,NYC Parks
January - March,Session #2,False,201,Manhattan,River Bank,2020-2021,NYC Parks
April - June,Session #3,False,201,Queens,Roy Wilkins,2016-2017,NYC Parks
October - December,Session #1,False,205,Manhattan,Tony Dapolito,2018-2019,NYC Parks
January - March,Session #2,False,203,Brooklyn,Metropolitan,2016-2017,NYC Parks
April - June,Session #3,False,203,Brooklyn,St. John's,2017-2018,NYC Parks
October - December,Session #1,False,404,Queens,FMCP,2016-2017,NYC Parks
october - december,Session #1,False,215,Manhattan,Tony Dapolito,2016-2017,NYC Parks
January - March,Session #2,True,Y27,Manhattan,Hansborough,2017-2018,NYC Parks
January - March,Session #2,False,100,Queens,Roy Wilkins,2018-2019,NYC Parks
October - December,Session #1,False,201,Queens,Roy Wilkins,2019-2020,NYC Parks
January - March,Session #2,False,205,Brooklyn,Metropolitan,2020-2021,NYC Parks
October - December,Session #1,False,201,Queens,Roy Wilkins,2019-2020,NYC Parks
January - March,Session #2,False,231,Queens,FMCP,2018-2019,NYC Parks
October - December,Session #1,False,205,Manhattan,Tony Dapolito,2017-2018,NYC Parks
October - December,Session #1,False,203,Queens,Roy Wilkins,2018-2019,NYC Parks
April - June,Session #3,False,Dartmoth,Queens,Roy Wilkins,2016-2017,NYC Parks
October - December,Session #1,False,213,Manhattan,Tony Dapolito,2017-2018,NYC Parks
October - December,Session #1,False,201,Brooklyn,Metropolitan,2017-2018,NYC Parks
January - March,Session #2,False,221,Queens,FMCP,2017-2018,NYC Parks
April - June,Session #3,False,202,Queens,Roy Wilkins,2018-2019,NYC Parks
October - December,Session #1,False,202,Brooklyn,St. John's,2016-2017,NYC Parks
January - March,Session #2,False,205,Brooklyn,St. John's,2017-2018,NYC Parks
January - March,Session #2,False,201,Queens,Roy Wilkins,2020-2021,NYC Parks
January - March,Session #2,True,L7204,Brooklyn,Brownsville,2018-2019,NYC Parks
April - June,Session #3,True,207,Manhattan,Chelsea,2016-2017,NYC Parks
october - december,Session #1,False,201,Brooklyn,St. John's,2016-2017,NYC Parks
October - December,Session #1,False,201,Queens,Roy Wilkins,2017-2018,NYC Parks
October - December,Session #1,False,291,Manhattan,Chelsea,2017-2018,NYC Parks
April - June,Session #3,False,272,Brooklyn,Metropolitan,2016-2017,NYC Parks
October - December,Session #1,False,202,Brooklyn,Metropolitan,2019-2020,NYC Parks
April - June,Session #3,False,903/203,Brooklyn,St. John's,2017-2018,NYC Parks
April - June,Session #3,False,203,Brooklyn,Brownsville,2016-2017,NYC Parks
October - December,Session #1,False,201,Brooklyn,St. John's,2019-2020,NYC Parks
January - March,Session #2,False,201,Queens,Roy Wilkins,2020-2021,NYC Parks
January - March,Session #2,False,204,Manhattan,Hansborough,2017-2018,NYC Parks
January - March,Session #2,False,202,Bronx,St. Mary's,2016-2017,NYC Parks
October - December,Session #1,False,309,Manhattan,River Bank,2019-2020,NYC Parks
October - December,Session #1,False,231,Queens,FMCP,2018-2019,NYC Parks
January - March,Session #2,False,201,Manhattan,River Bank,2017-2018,NYC Parks
October - December,Session #1,False,201,Queens,Roy Wilkins,2018-2019,NYC Parks
January - March,Session #2,False,202,Brooklyn,St. John's,2017-2018,NYC Parks
January - March,Session #2,True,y47,Manhattan,Tony Dapolito,2016-2017,NYC Parks
October - December,Session #1,False,200,Brooklyn,Metropolitan,2019-2020,NYC Parks
January - March,Session #2,False,231,Queens,FMCP,2018-2019,NYC Parks
October - December,Session #1,False,201,Manhattan,River Bank,2018-2019,NYC Parks
April - June,Session #3,False,201,Manhattan,Hansborough,2017-2018,NYC Parks
January - March,Session #2,True,Y07,Brooklyn,Metropolitan,2016-2017,NYC Parks
April - June,Session #3,False,201,Manhattan,Chelsea,2017-2018,NYC Parks
October - December,Session #1,False,201,Queens,Roy Wilkins,2017-2018,NYC Parks
October - December,Session #1,False,1,Brooklyn,Metropolitan,2017-2018,NYC Parks
January - March,Session #2,False,202,Manhattan,Gertrude Ederle,2017-2018,NYC Parks
January - March,Session #2,False,204,Queens,Roy Wilkins,2016-2017,NYC Parks
April - June,Session #3,False,203,Brooklyn,St. John's,2017-2018,NYC Parks
April - June,Session #3,False,201,Queens,FMCP,2018-2019,NYC Parks
October - December,Session #1,False,202,Brooklyn,Brownsville,2017-2018,NYC Parks
April - June,Session #3,False,201,Queens,Roy Wilkins,2018-2019,NYC Parks
October - December,Session #1,False,"120, 129",Brooklyn,Brownsville,2016-2017,NYC Parks
October - December,Session #1,False,204,Manhattan,Gertrude Ederle,2019-2020,NYC Parks
January - March,Session #2,False,205,Brooklyn,St. John's,2020-2021,NYC Parks
January - March,Session #2,False,201,Queens,Roy Wilkins,2020-2021,NYC Parks
January - March,Session #2,False,203,Manhattan,Chelsea,2016-2017,NYC Parks
January - March,Session #2,False,201,Brooklyn,Metropolitan,2018-2019,NYC Parks
April - June,Session #3,False,201,Queens,FMCP,2016-2017,NYC Parks
October - December,Session #1,False,205,Manhattan,Tony Dapolito,2018-2019,NYC Parks
October - December,Session #1,False,202,Manhattan,Hansborough,2017-2018,NYC Parks
January - March,Session #2,False,201,Queens,FMCP,2017-2018,NYC Parks
April - June,Session #3,False,201,Manhattan,Tony Dapolito,2017-2018,NYC Parks
January - March,Session #2,False,204,Manhattan,Tony Dapolito,2017-2018,NYC Parks
January - March,Session #3,False,202,Queens,FMCP,2017-2018,NYC Parks
January - March,Session #2,False,201,Bronx,St. Mary's,2020-2021,NYC Parks
April - June,Session #3,False,903/203,Brooklyn,St. John's,2017-2018,NYC Parks
April - June,Session #3,False,201,Brooklyn,Brownsville,2017-2018,NYC Parks
January - March,Session #2,False,202,Brooklyn,Metropolitan,2016-2017,NYC Parks
January - March,Session #2,False,201,Queens,Roy Wilkins,2018-2019,NYC Parks
October - December,Session #1,False,"231, 293",Queens,FMCP,2016-2017,NYC Parks
January - March,Session #2,False,202/239,Brooklyn,Brownsville,2016-2017,NYC Parks
January - March,Session #2,False,201,Brooklyn,Metropolitan,2020-2021,NYC Parks
January - March,Session #2,False,202,Manhattan,Asser Levy,2016-2017,NYC Parks
October - December,Session #1,False,203,Queens,Roy Wilkins,2018-2019,NYC Parks
April - June,Session #3,False,202,Brooklyn,St. John's,2017-2018,NYC Parks
January - March,Session #2,False,232,Queens,FMCP,2017-2018,NYC Parks
October - December,Session #1,False,014/011,Brooklyn,Brownsville,2018-2019,NYC Parks
April - June,Session #3,False,91,Brooklyn,Metropolitan,2017-2018,NYC Parks
January - March,Session #2,False,205,Brooklyn,Metropolitan,2020-2021,NYC Parks
October - December,Session #1,False,204,Manhattan,Asser Levy,2019-2020,NYC Parks
October - December,Session #1,False,203,Queens,Roy Wilkins,2018-2019,NYC Parks
January - March,Session #2,False,221,Queens,FMCP,2017-2018,NYC Parks
October - December,Session #1,False,"k01, y61",Manhattan,Chelsea,2017-2018,NYC Parks
October - December,Session #1,False,204,Queens,FMCP,2016-2017,NYC Parks
January - March,Session #2,False,204,Bronx,St. Mary's,2017-2018,NYC Parks
October - December,Session #1,False,202,Brooklyn,St. John's,2019-2020,NYC Parks
April - June,Session #3,False,"216, 205, 207, 220, 214",Manhattan,Hansborough,2016-2017,NYC Parks
January - March,Session #2,False,202,Brooklyn,Metropolitan,2018-2019,NYC Parks
January - March,Session #2,False,201,Brooklyn,Brownsville,2016-2017,NYC Parks
April - June,Session #3,False,201,Brooklyn,Brownsville,2018-2019,NYC Parks
January - March,Session #2,False,201,Queens,FMCP,2016-2017,NYC Parks
October - December,Session #1,False,200,Brooklyn,Metropolitan,2019-2020,NYC Parks
October - December,Session #1,False,201,Queens,Roy Wilkins,2017-2018,NYC Parks
April - June,Session #3,False,"203, 291",Queens,Roy Wilkins,2016-2017,NYC Parks
October - December,Session #1,False,206,Manhattan,Tony Dapolito,2019-2020,NYC Parks
October - December,Session #1,False,202,Queens,FMCP,2018-2019,NYC Parks
October - December,Session #1,False,203,Queens,FMCP,2018-2019,NYC Parks
October - December,Session #1,False,203,Brooklyn,Metropolitan,2016-2017,NYC Parks
October - December,Session #1,False,203,Queens,Roy Wilkins,2019-2020,NYC Parks
April - June,Session #3,False,202,Brooklyn,St. John's,2016-2017,NYC Parks
October - December,Session #1,False,201,Queens,Roy Wilkins,2016-2017,NYC Parks
January - March,Session #2,False,231,Queens,FMCP,2016-2017,NYC Parks
January - March,Session #2,False,200,Manhattan,Hansborough,2018-2019,NYC Parks
January - March,Session #2,False,202,Brooklyn,Metropolitan,2017-2018,NYC Parks
April - June,Session #3,False,202,Bronx,St. Mary's,2017-2018,NYC Parks
October - December,Session #1,False,201,Brooklyn,Brownsville,2016-2017,NYC Parks
April - June,Session #3,False,208,Manhattan,Chelsea,2016-2017,NYC Parks
April - June,Session #3,False,201,Queens,FMCP,2017-2018,NYC Parks
April - June,Session #3,False,201,Bronx,St. Mary's,2018-2019,NYC Parks
October - December,Session #1,False,205,Brooklyn,Metropolitan,2016-2017,NYC Parks
October - December,Session #1,False,203,Brooklyn,Brownsville,2019-2020,NYC Parks
April - June,Session #3,False,203,Brooklyn,Metropolitan,2018-2019,NYC Parks
October - December,Session #1,False,203,Brooklyn,Metropolitan,2017-2018,NYC Parks
January - March,Session #2,False,201,Brooklyn,Brownsville,2020-2021,NYC Parks
April - June,Session #3,False,203,Brooklyn,St. John's,2017-2018,NYC Parks
October - December,Session #1,False,201,Manhattan,Asser Levy,2017-2018,NYC Parks
January - March,Session #2,False,100,Queens,Roy Wilkins,2018-2019,NYC Parks
October - December,Session #1,False,202,Queens,Roy Wilkins,2017-2018,NYC Parks
October - December,Session #1,False,201,Queens,FMCP,2018-2019,NYC Parks
January - March,Session #2,False,201/202,Brooklyn,Brownsville,2016-2017,NYC Parks
April - June,Session #3,False,205,Brooklyn,St. John's,2016-2017,NYC Parks
January - March,Session #2,False,204,Manhattan,River Bank,2016-2017,NYC Parks
April - June,Session #3,False,202,Queens,Roy Wilkins,2016-2017,NYC Parks
October - December,Session #1,False,201,Brooklyn,Metropolitan,2018-2019,NYC Parks
October - December,Session #1,False,202,Manhattan,Hansborough,2016-2017,NYC Parks
April - June,Session #3,False,201,Queens,FMCP,2018-2019,NYC Parks
January - March,Session #2,False,203,Brooklyn,Brownsville,2017-2018,NYC Parks
April - June,Session #3,False,201,Queens,Roy Wilkins,2018-2019,NYC Parks
October - December,Session #1,False,201,Manhattan,River Bank,2018-2019,NYC Parks
January - March,Session #2,False,204,Manhattan,Hansborough,2017-2018,NYC Parks
October - December,Session #1,False,"201, 202",Brooklyn,Brownsville,2018-2019,NYC Parks
April - June,Session #3,False,202,Queens,Roy Wilkins,2017-2018,NYC Parks
January - March,Session #2,False,201,Queens,FMCP,2016-2017,NYC Parks
April - June,Session #3,False,204,Manhattan,Chelsea,2017-2018,NYC Parks
January - March,Session #2,False,203,Manhattan,Asser Levy,2020-2021,NYC Parks
October - December,Session #1,False,201,Queens,Roy Wilkins,2019-2020,NYC Parks
January - March,Session #2,False,202,Manhattan,Asser Levy,2016-2017,NYC Parks
January - March,Session #2,False,"202, 203, 303",Brooklyn,Brownsville,2020-2021,NYC Parks
October - December,Session #1,False,291,Queens,Tony Dapolito,2018-2019,NYC Parks
January - March,Session #2,False,201,Brooklyn,Brownsville,2016-2017,NYC Parks
October - December,Session #1,False,205,Manhattan,Tony Dapolito,2017-2018,NYC Parks
October - December,Session #1,False,301,Manhattan,River Bank,2019-2020,NYC Parks
April - June,Session #3,False,201,Queens,FMCP,2018-2019,NYC Parks
April - June,Session #3,False,202,Brooklyn,Brownsville,2016-2017,NYC Parks
January - March,Session #2,False,201,Brooklyn,Metropolitan,2018-2019,NYC Parks
October - December,Session #1,False,204,Brooklyn,Metropolitan,2017-2018,NYC Parks
January - March,Session #2,False,201,Manhattan,Tony Dapolito,2018-2019,NYC Parks
April - June,Session #3,False,203,Manhattan,Hansborough,2016-2017,NYC Parks
January - March,Session #3,False,201,Brooklyn,St. John's,2017-2018,NYC Parks
April - June,Session #3,False,201,Queens,Roy Wilkins,2018-2019,NYC Parks
October - December,Session #1,True,202,Manhattan,Hansborough,2018-2019,NYC Parks
April - June,Session #3,False,903/203,Brooklyn,St. John's,2017-2018,NYC Parks
April - June,Session #3,False,202,Brooklyn,Metropolitan,2018-2019,NYC Parks
April - June,Session #3,False,202,Queens,FMCP,2018-2019,NYC Parks
April - June,Session #3,False,201,Queens,FMCP,2016-2017,NYC Parks
April - June,Session #3,True,Y07,Brooklyn,Metropolitan,2016-2017,NYC Parks
October - December,Session #1,False,201,Queens,Roy Wilkins,2016-2017,NYC Parks
October - December,Session #1,False,201,Queens,FMCP,2018-2019,NYC Parks
January - March,Session #2,False,234,Queens,FMCP,2018-2019,NYC Parks
April - June,Session #3,False,215/232/229,Queens,FMCP,2017-2018,NYC Parks
January - March,Session #2,False,201,Brooklyn,Metropolitan,2017-2018,NYC Parks
October - December,Session #1,False,201,Queens,Roy Wilkins,2016-2017,NYC Parks
October - December,Session #1,False,207,Manhattan,Gertrude Ederle,2018-2019,NYC Parks
October - December,Session #1,False,201,Brooklyn,Brownsville,2018-2019,NYC Parks
April - June,Session #3,False,201,Queens,Roy Wilkins,2016-2017,NYC Parks
October - December,Session #1,False,202,Bronx,St. Mary's,2017-2018,NYC Parks
April - June,Session #3,False,202,Queens,FMCP,2016-2017,NYC Parks
January - March,Session #2,False,291/231,Queens,Roy Wilkins,2016-2017,NYC Parks
April - June,Session #3,False,12,Brooklyn,Brownsville,2018-2019,NYC Parks
October - December,Session #1,False,204,Manhattan,Gertrude Ederle,2019-2020,NYC Parks
October - December,Session #1,False,1,Brooklyn,Metropolitan,2017-2018,NYC Parks
October - December,Session #1,False,202,Brooklyn,Brownsville,2019-2020,NYC Parks
January - March,Session #2,True,235,Queens,FMCP,2017-2018,NYC Parks
October - December,Session #1,False,202,Brooklyn,Brownsville,2018-2019,NYC Parks
April - June,Session #3,False,201,Queens,FMCP,2016-2017,NYC Parks
January - March,Session #2,False,2,Brooklyn,Brownsville,2016-2017,NYC Parks
January - March,Session #2,False,231,Queens,FMCP,2017-2018,NYC Parks
October - December,Session #1,False,203,Queens,Far Rockaway,2017-2018,NYC Parks
April - June,Session #3,False,215/232/229,Queens,FMCP,2017-2018,NYC Parks
January - March,Session #2,False,291/293,Queens,FMCP,2018-2019,NYC Parks
January - March,Session #2,False,202,Brooklyn,St. Mary's,2020-2021,NYC Parks
April - June,Session #3,False,2,Brooklyn,Metropolitan,2016-2017,NYC Parks
April - June,Session #3,False,201,Brooklyn,Brownsville,2016-2017,NYC Parks
January - March,Session #2,False,201,Queens,Roy Wilkins,2020-2021,NYC Parks
October - December,Session #1,False,201,Bronx,St. Mary's,2018-2019,NYC Parks
April - June,Session #3,False,202,Queens,FMCP,2016-2017,NYC Parks
April - June,Session #3,False,202,Brooklyn,Metropolitan,2017-2018,NYC Parks
April - June,Session #3,False,201,Brooklyn,St. John's,2016-2017,NYC Parks
October - December,Session #1,False,205,Manhattan,Chelsea,2016-2017,NYC Parks
October - December,Session #1,False,231,Queens,Roy Wilkins,2019-2020,NYC Parks
October - December,Session #1,False,204,Queens,FMCP,2016-2017,NYC Parks
April - June,Session #3,False,201,Manhattan,Tony Dapolito,2016-2017,NYC Parks
October - December,Session #1,False,2 HR,Queens,Roy Wilkins,2017-2018,NYC Parks
October - December,Session #1,False,301,Manhattan,River Bank,2019-2020,NYC Parks
October - December,Session #1,False,201 & 202,Brooklyn,St. John's,2017-2018,NYC Parks
January - March,Session #2,False,202,Brooklyn,Metropolitan,2017-2018,NYC Parks
April - June,Session #3,False,204,Manhattan,Chelsea,2017-2018,NYC Parks
April - June,Session #3,False,2,Brooklyn,Metropolitan,2016-2017,NYC Parks
January - March,Session #2,False,207,Queens,FMCP,2017-2018,NYC Parks
October - December,Session #1,False,203,Queens,FMCP,2018-2019,NYC Parks
April - June,Session #3,False,201,Brooklyn,Brownsville,2017-2018,NYC Parks
October - December,Session #1,False,201,Brooklyn,Brownsville,2018-2019,NYC Parks
January - March,Session #2,False,204,Queens,FMCP,2016-2017,NYC Parks
October - December,Session #1,False,201,Queens,Roy Wilkins,2016-2017,NYC Parks
April - June,Session #3,False,201,Queens,FMCP,2017-2018,NYC Parks
October - December,Session #1,False,201,Queens,FMCP,2016-2017,NYC Parks
April - June,Session #3,True,201,Queens,Roy Wilkins,2017-2018,NYC Parks
April - June,Session #3,False,2,Brooklyn,Metropolitan,2016-2017,NYC Parks
January - March,Session #2,False,205,Brooklyn,Metropolitan,2020-2021,NYC Parks
January - March,Session #2,False,201,Queens,FMCP,2018-2019,NYC Parks
January - March,Session #2,False,201,Brooklyn,Brownsville,2020-2021,NYC Parks
January - March,Session #2,False,202,Manhattan,Asser Levy,2016-2017,NYC Parks
April - June,Session #3,False,Dartmoth,Queens,Roy Wilkins,2016-2017,NYC Parks
October - December,Session #1,False,205,Manhattan,Gertrude Ederle,2016-2017,NYC Parks
October - December,Session #1,False,201,Queens,FMCP,2017-2018,NYC Parks
January - March,Session #2,False,201,Brooklyn,St. John's,2016-2017,NYC Parks
October - December,Session #1,False,603,Manhattan,Asser Levy,2018-2019,NYC Parks
October - December,Session #1,False,202,Brooklyn,Brownsville,2018-2019,NYC Parks
April - June,Session #3,False,201,Brooklyn,Brownsville,2018-2019,NYC Parks
January - March,Session #2,True,Y07,Brooklyn,Metropolitan,2016-2017,NYC Parks
October - December,Session #1,False,205,Manhattan,Tony Dapolito,2018-2019,NYC Parks
October - December,Session #1,False,604,Manhattan,Asser Levy,2017-2018,NYC Parks
January - March,Session #2,False,201,Manhattan,Chelsea,2017-2018,NYC Parks
October - December,Session #1,False,2 HR,Queens,Roy Wilkins,2017-2018,NYC Parks
January - March,Session #2,False,237,Queens,FMCP,2017-2018,NYC Parks
October - December,Session #1,False,309,Manhattan,River Bank,2019-2020,NYC Parks
October - December,Session #1,False,202,Brooklyn,Metropolitan,2019-2020,NYC Parks
January - March,Session #2,False,201,Queens,Roy Wilkins,2018-2019,NYC Parks
October - December,Session #1,False,"120, 277, 203, 205",Manhattan,Hansborough,2018-2019,NYC Parks
April - June,Session #3,False,221,Queens,FMCP,2016-2017,NYC Parks
October - December,Session #1,False,202,Brooklyn,Metropolitan,2018-2019,NYC Parks
January - March,Session #2,False,232,Queens,FMCP,2016-2017,NYC Parks
October - December,Session #1,False,201,Brooklyn,Brownsville,2016-2017,NYC Parks
January - March,Session #2,False,201,Manhattan,Asser Levy,2016-2017,NYC Parks
January - March,Session #2,False,2DL,Manhattan,Asser Levy,2018-2019,NYC Parks
October - December,Session #1,False,202,Brooklyn,Metropolitan,2019-2020,NYC Parks
January - March,Session #2,False,201,Brooklyn,St. John's,2017-2018,NYC Parks
January - March,Session #2,False,201,Brooklyn,St. John's,2020-2021,NYC Parks
April - June,Session #3,False,201,Queens,FMCP,2018-2019,NYC Parks
April - June,Session #3,False,202,Queens,Roy Wilkins,2018-2019,NYC Parks
April - June,Session #3,False,202,Manhattan,Gertrude Ederle,2018-2019,NYC Parks
January - March,Session #2,False,231,Queens,FMCP,2016-2017,NYC Parks
April - June,Session #3,False,201,Queens,FMCP,2017-2018,NYC Parks
January - March,Session #2,False,201,Brooklyn,Brownsville,2017-2018,NYC Parks
January - March,Session #2,True,204,Queens,FMCP,2018-2019,NYC Parks
January - March,Session #2,False,203,Queens,Roy Wilkins,2016-2017,NYC Parks
October - December,Session #1,False,202,Bronx,St. Mary's,2016-2017,NYC Parks
October - December,Session #1,False,203,Manhattan,Gertrude Ederle,2016-2017,NYC Parks
October - December,Session #1,False,"120, 129",Brooklyn,Brownsville,2016-2017,NYC Parks
April - June,Session #3,False,201,Queens,Roy Wilkins,2016-2017,NYC Parks
April - June,Session #3,False,201,Manhattan,River Bank,2016-2017,NYC Parks
January - March,Session #2,False,203,Bronx,St. Mary's,2016-2017,NYC Parks
October - December,Session #1,False,203,Queens,FMCP,2018-2019,NYC Parks
October - December,Session #1,False,231,Queens,Roy Wilkins,2019-2020,NYC Parks
April - June,Session #3,False,202,Brooklyn,Brownsville,2017-2018,NYC Parks
April - June,Session #3,False,201,Queens,Roy Wilkins,2018-2019,NYC Parks
April - June,Session #3,False,215/232/229,Queens,FMCP,2017-2018,NYC Parks
January - March,Session #2,False,233/234,Queens,FMCP,2017-2018,NYC Parks
January - March,Session #2,False,201,Brooklyn,Metropolitan,2020-2021,NYC Parks
January - March,Session #2,False,410,Queens,FMCP,2016-2017,NYC Parks
October - December,Session #1,False,204,Brooklyn,Metropolitan,2017-2018,NYC Parks
April - June,Session #3,True,252,Manhattan,Hansborough,2017-2018,NYC Parks
April - June,Session #3,False,,Bronx,St. Mary's,2018-2019,NYC Parks
January - March,Session #2,False,2DL,Manhattan,Asser Levy,2018-2019,NYC Parks
January - March,Session #2,False,202,Manhattan,Hansborough,2017-2018,NYC Parks
October - December,Session #1,False,201,Queens,FMCP,2016-2017,NYC Parks
April - June,Session #3,False,201,Queens,FMCP,2018-2019,NYC Parks
October - December,Session #1,False,2 HR,Queens,Roy Wilkins,2017-2018,NYC Parks
January - March,Session #2,False,201,Queens,Roy Wilkins,2018-2019,NYC Parks
January - March,Session #2,False,202,Brooklyn,Metropolitan,2017-2018,NYC Parks
October - December,Session #1,False,205,Brooklyn,Brownsville,2016-2017,NYC Parks
October - December,Session #1,False,201,Queens,Roy Wilkins,2018-2019,NYC Parks
October - December,Session #1,False,201,Manhattan,Hansborough,2016-2017,NYC Parks
January - March,Session #2,False,202,Brooklyn,Brownsville,2016-2017,NYC Parks
January - March,Session #2,False,"236, 200, 234",Manhattan,Asser Levy,2016-2017,NYC Parks
October - December,Session #1,False,1,Manhattan,Boys and Girls Harbor,2016-2017,NYC Parks
October - December,Session #1,False,202,Queens,Roy Wilkins,2019-2020,NYC Parks
April - June,Session #3,False,202,Queens,FMCP,2017-2018,NYC Parks
January - March,Session #2,False,205,Manhattan,Asser Levy,2018-2019,NYC Parks
October - December,Session #1,False,204,Queens,FMCP,2018-2019,NYC Parks
January - March,Session #2,False,204,Queens,FMCP,2016-2017,NYC Parks
January - March,Session #2,False,201,Queens,FMCP,2018-2019,NYC Parks
January - March,Session #2,False,201,Brooklyn,Metropolitan,2019-2020,NYC Parks
October - December,Session #1,False,201,Brooklyn,Metropolitan,2017-2018,NYC Parks
January - March,Session #2,False,204,Queens,Roy Wilkins,2020-2021,NYC Parks
April - June,Session #3,False,201&410,Manhattan,Gertrude Ederle,2017-2018,NYC Parks
January - March,Session #2,False,201,Manhattan,River Bank,2020-2021,NYC Parks
April - June,Session #3,False,202,Queens,FMCP,2018-2019,NYC Parks
January - March,Session #2,False,203,Manhattan,Gertrude Ederle,2020-2021,NYC Parks
January - March,Session #2,False,10X246,Manhattan,River Bank,2018-2019,NYC Parks
January - March,Session #2,False,201,Manhattan,Tony Dapolito,2018-2019,NYC Parks
October - December,Session #1,False,202/205,Bronx,St. Mary's,2018-2019,NYC Parks
January - March,Session #2,False,202,Brooklyn,Brownsville,2017-2018,NYC Parks
January - March,Session #2,False,213,Brooklyn,St. John's,2020-2021,NYC Parks
April - June,Session #3,False,204,Bronx,St. Mary's,2017-2018,NYC Parks
October - December,Session #1,False,"X01, Y52",Manhattan,Gertrude Ederle,2018-2019,NYC Parks
October - December,Session #1,False,014/011,Brooklyn,Brownsville,2018-2019,NYC Parks
January - March,Session #2,False,202,Brooklyn,Metropolitan,2020-2021,NYC Parks
January - March,Session #2,False,300,Manhattan,Hansborough,2018-2019,NYC Parks
April - June,Session #3,False,201,Queens,FMCP,2018-2019,NYC Parks
January - March,Session #2,False,232,Queens,FMCP,2018-2019,NYC Parks
October - December,Session #1,False,201,Manhattan,Chelsea,2016-2017,NYC Parks
October - December,Session #1,False,203,Brooklyn,Metropolitan,2018-2019,NYC Parks
October - December,Session #1,False,201,Queens,FMCP,2016-2017,NYC Parks
October - December,Session #1,False,203,Manhattan,Boys and Girls Harbor,2016-2017,NYC Parks
April - June,Session #3,False,201,Queens,Roy Wilkins,2018-2019,NYC Parks
April - June,Session #3,False,"200, 201",Manhattan,Tony Dapolito,2016-2017,NYC Parks
October - December,Session #1,False,2,Queens,FMCP,2018-2019,NYC Parks
April - June,Session #3,False,202,Brooklyn,Metropolitan,2017-2018,NYC Parks
October - December,Session #1,False,204,Queens,Roy Wilkins,2016-2017,NYC Parks
January - March,Session #2,False,214,Manhattan,Chelsea,2017-2018,NYC Parks
January - March,Session #2,False,311,Manhattan,Tony Dapolito,2017-2018,NYC Parks
January - March,Session #2,False,203,Manhattan,Asser Levy,2020-2021,NYC Parks
April - June,Session #3,False,201,Brooklyn,Brownsville,2017-2018,NYC Parks
January - March,Session #2,False,205,Brooklyn,Brownsville,2018-2019,NYC Parks
April - June,Session #3,False,201,Brooklyn,Metropolitan,2017-2018,NYC Parks
January - March,Session #2,False,231,Queens,FMCP,2018-2019,NYC Parks
January - March,Session #2,False,201,Brooklyn,Brownsville,2016-2017,NYC Parks
January - March,Session #2,False,201,Queens,FMCP,2017-2018,NYC Parks
January - March,Session #2,False,201,Brooklyn,Metropolitan,2019-2020,NYC Parks
October - December,Session #1,False,206,Manhattan,Tony Dapolito,2016-2017,NYC Parks
April - June,Session #3,False,203 & 207,Brooklyn,Brownsville,2016-2017,NYC Parks
January - March,Session #2,False,203,Brooklyn,Brownsville,2017-2018,NYC Parks
October - December,Session #1,False,201,Queens,Roy Wilkins,2016-2017,NYC Parks
January - March,Session #2,False,202,Queens,Roy Wilkins,2018-2019,NYC Parks
January - March,Session #2,False,221,Queens,FMCP,2017-2018,NYC Parks
April - June,Session #3,False,"200, 201",Manhattan,Tony Dapolito,2016-2017,NYC Parks
October - December,Session #1,False,202,Bronx,St. Mary's,2016-2017,NYC Parks
April - June,Session #3,False,201,Queens,FMCP,2018-2019,NYC Parks
April - June,Session #3,False,201/202,Brooklyn,Metropolitan,2018-2019,NYC Parks
April - June,Session #3,False,202,Brooklyn,St. John's,2017-2018,NYC Parks
April - June,Session #3,False,202,Manhattan,Hansborough,2016-2017,NYC Parks
April - June,Session #3,False,202,Brooklyn,Metropolitan,2017-2018,NYC Parks
January - March,Session #2,False,201,Brooklyn,Metropolitan,2016-2017,NYC Parks
April - June,Session #3,False,201,Bronx,St. Mary's,2017-2018,NYC Parks
April - June,Session #3,False,204,Manhattan,Chelsea,2017-2018,NYC Parks
October - December,Session #1,False,200,Brooklyn,Metropolitan,2019-2020,NYC Parks
April - June,Session #3,True,V44,Brooklyn,Metropolitan,2018-2019,NYC Parks
April - June,Session #3,False,204,Queens,FMCP,2016-2017,NYC Parks
October - December,Session #1,False,2,Queens,FMCP,2018-2019,NYC Parks
October - December,Session #1,False,203,Brooklyn,Brownsville,2017-2018,NYC Parks
January - March,Session #2,False,201,Brooklyn,Brownsville,2020-2021,NYC Parks
January - March,Session #2,False,2,Brooklyn,Brownsville,2016-2017,NYC Parks
October - December,Session #1,False,204,Brooklyn,Metropolitan,2018-2019,NYC Parks
April - June,Session #3,False,201,Queens,Roy Wilkins,2018-2019,NYC Parks
October - December,Session #1,False,203,Queens,Roy Wilkins,2018-2019,NYC Parks
January - March,Session #2,False,201,Brooklyn,St. John's,2016-2017,NYC Parks
January - March,Session #2,False,205,Brooklyn,Brownsville,2018-2019,NYC Parks
October - December,Session #1,False,"202, 219, 229",Manhattan,Gertrude Ederle,2017-2018,NYC Parks
January - March,Session #2,False,"201, 202, 203, 204, 205, 206",Brooklyn,St. John's,2016-2017,NYC Parks
April - June,Session #3,False,201,Queens,Roy Wilkins,2017-2018,NYC Parks
April - June,Session #3,False,201,Manhattan,Tony Dapolito,2017-2018,NYC Parks
January - March,Session #2,False,204,Manhattan,Hansborough,2017-2018,NYC Parks
October - December,Session #1,False,203,Queens,Far Rockaway,2017-2018,NYC Parks
October - December,Session #1,False,293,Queens,FMCP,2017-2018,NYC Parks
October - December,Session #1,False,204,Brooklyn,Metropolitan,2017-2018,NYC Parks
January - March,Session #2,False,201,Queens,Roy Wilkins,2016-2017,NYC Parks
October - December,Session #1,False,2 QUINN HR,Queens,Roy Wilkins,2018-2019,NYC Parks
April - June,Session #3,False,2,Brooklyn,Metropolitan,2016-2017,NYC Parks
April - June,Session #3,False,203,Brooklyn,St. John's,2016-2017,NYC Parks
April - June,Session #3,False,"201, 449",Manhattan,Hansborough,2016-2017,NYC Parks
April - June,Session #3,False,2,Manhattan,Gertrude Ederle,2016-2017,NYC Parks
January - March,Session #2,False,221,Queens,FMCP,2016-2017,NYC Parks
January - March,Session #2,False,203,Brooklyn,St. John's,2016-2017,NYC Parks
April - June,Session #3,False,2,Manhattan,Gertrude Ederle,2016-2017,NYC Parks
January - March,Session #2,False,204,Manhattan,Hansborough,2017-2018,NYC Parks
October - December,Session #1,False,201,Brooklyn,Metropolitan,2018-2019,NYC Parks
April - June,Session #3,False,201,Queens,FMCP,2018-2019,NYC Parks
April - June,Session #3,False,201,Brooklyn,Brownsville,2018-2019,NYC Parks
January - March,Session #2,False,202,Brooklyn,Brownsville,2017-2018,NYC Parks
October - December,Session #1,False,201,Queens,Roy Wilkins,2019-2020,NYC Parks
January - March,Session #2,False,202,Bronx,St. Mary's,2016-2017,NYC Parks
October - December,Session #1,False,202,Manhattan,Hansborough,2016-2017,NYC Parks
January - March,Session #2,False,201,Brooklyn,St. John's,2020-2021,NYC Parks
January - March,Session #2,False,202,Brooklyn,Metropolitan,2018-2019,NYC Parks
October - December,Session #1,False,201,Queens,Roy Wilkins,2016-2017,NYC Parks
January - March,Session #2,False,205,Brooklyn,St. John's,2017-2018,NYC Parks
October - December,Session #1,False,201,Brooklyn,Metropolitan,2017-2018,NYC Parks
January - March,Session #2,True,L7204,Brooklyn,Brownsville,2018-2019,NYC Parks
April - June,Session #3,False,208,Manhattan,Chelsea,2016-2017,NYC Parks
October - December,Session #1,False,201,Queens,Roy Wilkins,2018-2019,NYC Parks
January - March,Session #2,False,200,Manhattan,Hansborough,2018-2019,NYC Parks
October - December,Session #1,False,201 & 202,Brooklyn,St. John's,2017-2018,NYC Parks
April - June,Session #3,False,201,Queens,Roy Wilkins,2017-2018,NYC Parks
January - March,Session #2,False,201,Queens,FMCP,2016-2017,NYC Parks
January - March,Session #2,False,201,Brooklyn,Metropolitan,2016-2017,NYC Parks
January - March,Session #2,False,291,Manhattan,River Bank,2020-2021,NYC Parks
January - March,Session #2,False,202,Brooklyn,Brownsville,2017-2018,NYC Parks
January - March,Session #2,False,201,Manhattan,River Bank,2020-2021,NYC Parks
January - March,Session #2,False,202,Queens,FMCP,2016-2017,NYC Parks
October - December,Session #1,False,201,Brooklyn,St. John's,2016-2017,NYC Parks
October - December,Session #1,False,201,Queens,FMCP,2018-2019,NYC Parks
January - March,Session #2,False,203,Queens,FMCP,2017-2018,NYC Parks
January - March,Session #2,False,201,Manhattan,River Bank,2020-2021,NYC Parks
October - December,Session #1,False,202,Queens,Roy Wilkins,2018-2019,NYC Parks
October - December,Session #1,False,201,Queens,FMCP,2017-2018,NYC Parks
January - March,Session #2,False,201,Brooklyn,Metropolitan,2018-2019,NYC Parks
october - december,Session #1,False,202,Brooklyn,St. John's,2016-2017,NYC Parks
April - June,Session #3,False,201,Queens,Roy Wilkins,2016-2017,NYC Parks
January - March,Session #2,False,202,Brooklyn,Brownsville,2018-2019,NYC Parks
January - March,Session #2,False,203,Queens,Roy Wilkins,2020-2021,NYC Parks
April - June,Session #3,False,201,Bronx,St. Mary's,2018-2019,NYC Parks
October - December,Session #1,False,205,Brooklyn,Metropolitan,2019-2020,NYC Parks
October - December,Session #1,True,Y25,Manhattan,River Bank,2019-2020,NYC Parks
October - December,Session #1,False,204,Queens,FMCP,2016-2017,NYC Parks
January - March,Session #2,False,201,Queens,FMCP,2017-2018,NYC Parks
October - December,Session #1,False,201,Queens,Roy Wilkins,2016-2017,NYC Parks
October - December,Session #1,False,202,Manhattan,River Bank,2017-2018,NYC Parks
October - December,Session #1,False,201,Brooklyn,Brownsville,2016-2017,NYC Parks
April - June,Session #3,False,231,Queens,Roy Wilkins,2016-2017,NYC Parks
April - June,Session #3,False,221,Manhattan,Hansborough,2016-2017,NYC Parks
January - March,Session #2,False,410,Queens,FMCP,2016-2017,NYC Parks
April - June,Session #3,False,"200, 201",Manhattan,Tony Dapolito,2016-2017,NYC Parks
October - December,Session #1,False,204,Manhattan,Gertrude Ederle,2016-2017,NYC Parks
October - December,Session #1,False,201,Queens,Roy Wilkins,2016-2017,NYC Parks
October - December,Session #1,False,205,Queens,FMCP,2017-2018,NYC Parks
April - June,Session #3,False,272,Brooklyn,Metropolitan,2016-2017,NYC Parks
October - December,Session #1,False,202,Queens,Roy Wilkins,2017-2018,NYC Parks
October - December,Session #1,False,203,Queens,FMCP,2018-2019,NYC Parks
January - March,Session #2,False,203,Manhattan,Gertrude Ederle,2020-2021,NYC Parks
April - June,Session #3,False,2,Manhattan,Gertrude Ederle,2016-2017,NYC Parks
October - December,Session #1,False,201,Manhattan,Asser Levy,2017-2018,NYC Parks
April - June,Session #3,False,202,Brooklyn,Metropolitan,2017-2018,NYC Parks
January - March,Session #2,False,221,Queens,FMCP,2017-2018,NYC Parks
October - December,Session #1,False,201,Queens,FMCP,2016-2017,NYC Parks
October - December,Session #1,False,204,Queens,FMCP,2016-2017,NYC Parks
April - June,Session #3,True,V44,Brooklyn,Metropolitan,2018-2019,NYC Parks
October - December,Session #1,False,1,Brooklyn,Metropolitan,2017-2018,NYC Parks
October - December,Session #1,False,201,Queens,FMCP,2017-2018,NYC Parks
April - June,Session #3,False,202,Brooklyn,Brownsville,2016-2017,NYC Parks
January - March,Session #2,False,202,Brooklyn,Metropolitan,2020-2021,NYC Parks
October - December,Session #1,False,201,Queens,Roy Wilkins,2018-2019,NYC Parks
October - December,Session #1,False,200,Brooklyn,Brownsville,2019-2020,NYC Parks
October - December,Session #1,False,203,Manhattan,Gertrude Ederle,2016-2017,NYC Parks
October - December,Session #1,False,201,Queens,Roy Wilkins,2018-2019,NYC Parks
January - March,Session #2,False,202,Queens,Roy Wilkins,2016-2017,NYC Parks
October - December,Session #1,False,201,Brooklyn,St. John's,2017-2018,NYC Parks
January - March,Session #2,False,205,Brooklyn,Brownsville,2018-2019,NYC Parks
January - March,Session #2,False,201,Queens,Roy Wilkins,2020-2021,NYC Parks
April - June,Session #3,False,205,Manhattan,Hansborough,2017-2018,NYC Parks
January - March,Session #2,False,201,Queens,Roy Wilkins,2016-2017,NYC Parks
April - June,Session #3,False,201,Brooklyn,St. John's,2016-2017,NYC Parks
January - March,Session #2,False,201,Brooklyn,River Bank,2020-2021,NYC Parks
October - December,Session #1,False,201,Brooklyn,Brownsville,2017-2018,NYC Parks
April - June,Session #3,False,"230,232",Manhattan,Gertrude Ederle,2017-2018,NYC Parks
October - December,Session #1,False,405,Manhattan,River Bank,2019-2020,NYC Parks
April - June,Session #3,False,2,Manhattan,Gertrude Ederle,2016-2017,NYC Parks
October - December,Session #1,False,2,Queens,FMCP,2018-2019,NYC Parks
October - December,Session #1,False,201,Queens,FMCP,2016-2017,NYC Parks
October - December,Session #1,False,221,Queens,FMCP,2016-2017,NYC Parks
October - December,Session #1,False,200,Brooklyn,Brownsville,2019-2020,NYC Parks
April - June,Session #3,False,202,Queens,Roy Wilkins,2018-2019,NYC Parks
October - December,Session #1,False,204,Brooklyn,Metropolitan,2018-2019,NYC Parks
October - December,Session #1,False,231,Queens,FMCP,2018-2019,NYC Parks
January - March,Session #2,False,202/239,Brooklyn,Brownsville,2016-2017,NYC Parks
April - June,Session #3,False,202,Queens,FMCP,2018-2019,NYC Parks
October - December,Session #1,False,202,Brooklyn,Metropolitan,2016-2017,NYC Parks
October - December,Session #1,False,205,Queens,FMCP,2017-2018,NYC Parks
October - December,Session #1,False,202,Manhattan,Hansborough,2017-2018,NYC Parks
October - December,Session #1,False,V31,Manhattan,Gertrude Ederle,2018-2019,NYC Parks
January - March,Session #2,False,201,Manhattan,Tony Dapolito,2017-2018,NYC Parks
January - March,Session #2,False,"202, 203, 303",Brooklyn,Brownsville,2020-2021,NYC Parks
January - March,Session #2,False,201,Brooklyn,St. John's,2016-2017,NYC Parks
January - March,Session #2,False,202,Queens,FMCP,2016-2017,NYC Parks
January - March,Session #2,False,201,Queens,Roy Wilkins,2016-2017,NYC Parks
October - December,Session #1,False,203,Brooklyn,St. John's,2017-2018,NYC Parks
October - December,Session #1,False,204,Queens,FMCP,2016-2017,NYC Parks
January - March,Session #2,False,214,Brooklyn,St. John's,2020-2021,NYC Parks
January - March,Session #2,False,201,Brooklyn,Brownsville,2016-2017,NYC Parks
April - June,Session #3,False,202,Manhattan,Gertrude Ederle,2018-2019,NYC Parks
October - December,Session #1,False,201,Brooklyn,Brownsville,2018-2019,NYC Parks
January - March,Session #2,False,201,Manhattan,Hansborough,2016-2017,NYC Parks
January - March,Session #2,False,204,Manhattan,Tony Dapolito,2016-2017,NYC Parks
October - December,Session #1,False,221,Queens,FMCP,2018-2019,NYC Parks
April - June,Session #3,False,231,Queens,Roy Wilkins,2016-2017,NYC Parks
January - March,Session #2,False,231,Queens,Roy Wilkins,2020-2021,NYC Parks
January - March,Session #2,False,201,Queens,FMCP,2017-2018,NYC Parks
January - March,Session #2,False,2,Queens,FMCP,2016-2017,NYC Parks
October - December,Session #1,False,202,Brooklyn,Metropolitan,2017-2018,NYC Parks
October - December,Session #1,False,201,Queens,Roy Wilkins,2016-2017,NYC Parks
January - March,Session #2,False,202,Brooklyn,St. John's,2017-2018,NYC Parks
January - March,Session #2,False,201,Queens,FMCP,2018-2019,NYC Parks
April - June,Session #3,False,202,Queens,FMCP,2017-2018,NYC Parks
October - December,Session #1,False,201,Brooklyn,Metropolitan,2018-2019,NYC Parks
October - December,Session #1,False,307,Manhattan,River Bank,2019-2020,NYC Parks
April - June,Session #3,False,201,Brooklyn,Metropolitan,2017-2018,NYC Parks
January - March,Session #2,False,202,Brooklyn,Metropolitan,2018-2019,NYC Parks
October - December,Session #1,False,203,Queens,Roy Wilkins,2016-2017,NYC Parks
October - December,Session #1,False,204,Brooklyn,Metropolitan,2017-2018,NYC Parks
January - March,Session #2,False,232,Queens,FMCP,2018-2019,NYC Parks
October - December,Session #1,False,"202, 219, 229",Manhattan,Gertrude Ederle,2017-2018,NYC Parks
January - March,Session #2,False,202,Queens,FMCP,2016-2017,NYC Parks
October - December,Session #1,False,201,Queens,Roy Wilkins,2016-2017,NYC Parks
January - March,Session #3,False,204,Brooklyn,St. John's,2017-2018,NYC Parks
April - June,Session #3,False,202,Manhattan,Gertrude Ederle,2018-2019,NYC Parks
April - June,Session #3,True,291,Queens,Roy Wilkins,2018-2019,NYC Parks
October - December,Session #1,False,202,Queens,Far Rockaway,2017-2018,NYC Parks
October - December,Session #1,False,202,Brooklyn,Metropolitan,2019-2020,NYC Parks
January - March,Session #2,False,202,Brooklyn,Brownsville,2017-2018,NYC Parks
April - June,Session #3,False,202,Brooklyn,Metropolitan,2016-2017,NYC Parks
April - June,Session #3,False,202,Brooklyn,Metropolitan,2017-2018,NYC Parks
October - December,Session #1,False,202,Queens,Roy Wilkins,2017-2018,NYC Parks
October - December,Session #1,False,202,Brooklyn,Metropolitan,2016-2017,NYC Parks
October - December,Session #1,False,1,Manhattan,Hansborough,2018-2019,NYC Parks
January - March,Session #2,False,309,Manhattan,Tony Dapolito,2020-2021,NYC Parks
October - December,Session #1,False,202,Queens,Roy Wilkins,2019-2020,NYC Parks
October - December,Session #1,False,205,Queens,FMCP,2017-2018,NYC Parks
January - March,Session #2,False,2,Queens,Roy Wilkins,2018-2019,NYC Parks
January - March,Session #2,False,203,Manhattan,Gertrude Ederle,2016-2017,NYC Parks
January - March,Session #2,False,231,Queens,Roy Wilkins,2020-2021,NYC Parks
April - June,Session #1,False,202,Queens,FMCP,2018-2019,NYC Parks
April - June,Session #3,False,201,Queens,Roy Wilkins,2016-2017,NYC Parks
October - December,Session #1,False,201,Brooklyn,St. John's,2017-2018,NYC Parks
April - June,Session #3,False,208/213,Manhattan,Asser Levy,2018-2019,NYC Parks
January - March,Session #2,False,205,Manhattan,Gertrude Ederle,2017-2018,NYC Parks
January - March,Session #2,False,201,Bronx,St. Mary's,2018-2019,NYC Parks
April - June,Session #3,False,201,Queens,Roy Wilkins,2018-2019,NYC Parks
October - December,Session #1,False,203,Queens,Roy Wilkins,2019-2020,NYC Parks
April - June,Session #3,False,201,Brooklyn,St. John's,2017-2018,NYC Parks
January - March,Session #2,False,201,Manhattan,Tony Dapolito,2017-2018,NYC Parks
January - March,Session #2,False,206,Manhattan,Gertrude Ederle,2016-2017,NYC Parks
October - December,Session #1,False,202,Queens,Roy Wilkins,2018-2019,NYC Parks
October - December,Session #1,False,201,Queens,Roy Wilkins,2018-2019,NYC Parks
October - December,Session #1,False,201,Manhattan,Asser Levy,2017-2018,NYC Parks
April - June,Session #3,False,K01,Manhattan,Chelsea,2017-2018,NYC Parks
January - March,Session #2,False,204,Bronx,St. Mary's,2017-2018,NYC Parks
October - December,Session #1,False,1,Brooklyn,Metropolitan,2017-2018,NYC Parks
April - June,Session #3,False,215,Queens,FMCP,2016-2017,NYC Parks
April - June,Session #3,False,231,Queens,Roy Wilkins,2018-2019,NYC Parks
October - December,Session #1,False,201,Brooklyn,Brownsville,2018-2019,NYC Parks
October - December,Session #1,False,201,Queens,Roy Wilkins,2018-2019,NYC Parks
October - December,Session #1,False,231,Queens,Roy Wilkins,2018-2019,NYC Parks
April - June,Session #3,False,204,Brooklyn,Brownsville,2017-2018,NYC Parks
April - June,Session #3,False,202,Brooklyn,St. John's,2016-2017,NYC Parks
October - December,Session #1,False,204,Manhattan,Asser Levy,2019-2020,NYC Parks
April - June,Session #3,False,201,Brooklyn,Metropolitan,2017-2018,NYC Parks
April - June,Session #3,False,215,Queens,FMCP,2016-2017,NYC Parks
October - December,Session #1,False,120,Brooklyn,Brownsville,2016-2017,NYC Parks
April - June,Session #3,False,"291, 293",Queens,FMCP,2016-2017,NYC Parks
April - June,Session #3,False,"234, 238, 236",Manhattan,Asser Levy,2016-2017,NYC Parks
October - December,Session #1,False,301,Manhattan,River Bank,2019-2020,NYC Parks
October - December,Session #1,False,203,Brooklyn,Metropolitan,2017-2018,NYC Parks
January - March,Session #2,False,204,Queens,Roy Wilkins,2020-2021,NYC Parks
January - March,Session #2,False,204,Brooklyn,Brownsville,2020-2021,NYC Parks
October - December,Session #1,False,"315, 300, 301",Queens,FMCP,2016-2017,NYC Parks
January - March,Session #2,False,291,Queens,Roy Wilkins,2018-2019,NYC Parks
April - June,Session #3,False,201,Manhattan,Asser Levy,2017-2018,NYC Parks
April - June,Session #3,False,2,Manhattan,Tony Dapolito,2018-2019,NYC Parks
April - June,Session #3,False,203 & 207,Brooklyn,Brownsville,2016-2017,NYC Parks
January - March,Session #2,False,2290,Queens,Roy Wilkins,2016-2017,NYC Parks
October - December,Session #1,False,291,Manhattan,Chelsea,2017-2018,NYC Parks
January - March,Session #2,False,201,Bronx,St. Mary's,2020-2021,NYC Parks
October - December,Session #1,False,206,Manhattan,Tony Dapolito,2019-2020,NYC Parks
October - December,Session #1,False,203,Queens,FMCP,2018-2019,NYC Parks
January - March,Session #2,False,201,Manhattan,River Bank,2020-2021,NYC Parks
October - December,Session #1,False,203,Queens,FMCP,2018-2019,NYC Parks
April - June,Session #3,False,201,Manhattan,Tony Dapolito,2017-2018,NYC Parks
April - June,Session #3,False,201,Queens,Roy Wilkins,2018-2019,NYC Parks
April - June,Session #3,False,12,Brooklyn,Brownsville,2018-2019,NYC Parks
April - June,Session #3,False,201/202,Brooklyn,Metropolitan,2018-2019,NYC Parks
January - March,Session #2,False,201,Brooklyn,Metropolitan,2018-2019,NYC Parks
April - June,Session #3,False,203,Brooklyn,Brownsville,2016-2017,NYC Parks
October - December,Session #1,False,203,Brooklyn,Brownsville,2019-2020,NYC Parks
october - december,Session #1,False,21/22,Bronx,St. Mary's,2016-2017,NYC Parks
October - December,Session #1,False,201,Brooklyn,Metropolitan,2019-2020,NYC Parks
April - June,Session #3,False,203,Queens,FMCP,2018-2019,NYC Parks
January - March,Session #2,False,201,Queens,FMCP,2016-2017,NYC Parks
January - March,Session #2,False,201,Queens,Roy Wilkins,2016-2017,NYC Parks
January - March,Session #2,False,202,Queens,Roy Wilkins,2020-2021,NYC Parks
January - March,Session #2,False,201,Queens,Roy Wilkins,2016-2017,NYC Parks
April - June,Session #3,False,201,Manhattan,Gertrude Ederle,2016-2017,NYC Parks
October - December,Session #1,False,201,Brooklyn,Brownsville,2017-2018,NYC Parks
January - March,Session #2,False,201,Manhattan,River Bank,2020-2021,NYC Parks
January - March,Session #2,False,291,Queens,Roy Wilkins,2018-2019,NYC Parks
January - March,Session #2,False,231,Queens,FMCP,2017-2018,NYC Parks
April - June,Session #3,False,"201, 449",Manhattan,Hansborough,2016-2017,NYC Parks
January - March,Session #2,False,201,Brooklyn,Metropolitan,2017-2018,NYC Parks
January - March,Session #2,False,204,Queens,Roy Wilkins,2020-2021,NYC Parks
October - December,Session #1,False,201,Brooklyn,Brownsville,2019-2020,NYC Parks
OCtober - December,Session #1,False,201,Brooklyn,St. John's,2016-2017,NYC Parks
January - March,Session #2,False,202,Brooklyn,Metropolitan,2016-2017,NYC Parks
April - June,Session #3,False,201,Brooklyn,Brownsville,2017-2018,NYC Parks
October - December,Session #1,False,203,Manhattan,Boys and Girls Harbor,2016-2017,NYC Parks
October - December,Session #1,False,202,Bronx,St. Mary's,2016-2017,NYC Parks
April - June,Session #3,False,207,Queens,FMCP,2016-2017,NYC Parks
January - March,Session #2,False,203,Manhattan,Chelsea,2016-2017,NYC Parks
October - December,Session #1,False,202,Queens,Roy Wilkins,2019-2020,NYC Parks
October - December,Session #1,False,204,Manhattan,Gertrude Ederle,2018-2019,NYC Parks
October - December,Session #1,False,"201, 202",Brooklyn,Brownsville,2018-2019,NYC Parks
April - June,Session #3,False,201&410,Manhattan,Gertrude Ederle,2017-2018,NYC Parks
January - March,Session #2,False,201,Brooklyn,St. John's,2020-2021,NYC Parks
January - March,Session #2,False,203,Brooklyn,St. John's,2017-2018,NYC Parks
January - March,Session #2,False,207,Manhattan,Gertrude Ederle,2016-2017,NYC Parks
April - June,Session #3,False,215/232/229,Queens,FMCP,2017-2018,NYC Parks
April - June,Session #3,True,202,Manhattan,Asser Levy,2017-2018,NYC Parks
October - December,Session #1,False,202,Queens,Roy Wilkins,2019-2020,NYC Parks
April - June,Session #3,False,449,Manhattan,Hansborough,2017-2018,NYC Parks
January - March,Session #2,False,201,Brooklyn,Metropolitan,2016-2017,NYC Parks
January - March,Session #2,False,201,Manhattan,Gertrude Ederle,2017-2018,NYC Parks
January - March,Session #2,False,201,Queens,Roy Wilkins,2016-2017,NYC Parks
October - December,Session #1,False,202,Brooklyn,Brownsville,2016-2017,NYC Parks
october - december,Session #1,False,202,Brooklyn,St. John's,2016-2017,NYC Parks
October - December,Session #1,False,201,Brooklyn,Brownsville,2017-2018,NYC Parks
January - March,Session #2,False,201,Brooklyn,Brownsville,2018-2019,NYC Parks
January - March,Session #2,False,204,Queens,FMCP,2018-2019,NYC Parks
January - March,Session #2,False,231,Queens,FMCP,2018-2019,NYC Parks
April - June,Session #3,False,201,Brooklyn,Brownsville,2018-2019,NYC Parks
April - June,Session #3,False,207,Queens,FMCP,2016-2017,NYC Parks
October - December,Session #1,False,201,Brooklyn,Brownsville,2018-2019,NYC Parks
January - March,Session #2,False,201/202,Brooklyn,Brownsville,2016-2017,NYC Parks
October - December,Session #1,False,221,Manhattan,Hansborough,2017-2018,NYC Parks
October - December,Session #1,False,205,Brooklyn,Brownsville,2017-2018,NYC Parks
January - March,Session #2,False,214,Manhattan,Chelsea,2017-2018,NYC Parks
January - March,Session #2,False,201,Bronx,St. Mary's,2018-2019,NYC Parks
October - December,Session #1,False,201,Queens,Roy Wilkins,2016-2017,NYC Parks
January - March,Session #2,False,216,Manhattan,River Bank,2020-2021,NYC Parks
January - March,Session #2,False,201,Queens,FMCP,2016-2017,NYC Parks
January - March,Session #2,False,201,Brooklyn,St. John's,2016-2017,NYC Parks
October - December,Session #1,False,305,Manhattan,River Bank,2019-2020,NYC Parks
October - December,Session #1,False,202,Brooklyn,Brownsville,2019-2020,NYC Parks
April - June,Session #3,False,202,Brooklyn,Metropolitan,2017-2018,NYC Parks
October - December,Session #1,False,321,Manhattan,Asser Levy,2018-2019,NYC Parks
January - March,Session #2,False,202,Queens,Roy Wilkins,2018-2019,NYC Parks
October - December,Session #1,False,202,Bronx,St. Mary's,2017-2018,NYC Parks
April - June,Session #3,False,202,Queens,FMCP,2018-2019,NYC Parks
October - December,Session #1,False,204,Queens,Roy Wilkins,2016-2017,NYC Parks
January - March,Session #2,False,202,Brooklyn,Brownsville,2018-2019,NYC Parks
January - March,Session #2,False,201,Manhattan,Hansborough,2016-2017,NYC Parks
April - June,Session #3,False,202,Brooklyn,Brownsville,2016-2017,NYC Parks
January - March,Session #2,False,201,Manhattan,Asser Levy,2017-2018,NYC Parks
April - June,Session #3,False,202,Manhattan,Asser Levy,2016-2017,NYC Parks
October - December,Session #1,False,203,Queens,Roy Wilkins,2018-2019,NYC Parks
January - March,Session #2,False,221,Queens,FMCP,2018-2019,NYC Parks
October - December,Session #1,False,201,Bronx,St. Mary's,2018-2019,NYC Parks
April - June,Session #3,False,203,Queens,FMCP,2016-2017,NYC Parks
October - December,Session #1,False,202,Manhattan,Hansborough,2017-2018,NYC Parks
October - December,Session #1,False,202/205,Bronx,St. Mary's,2018-2019,NYC Parks
October - December,Session #1,False,202,Manhattan,Boys and Girls Harbor,2016-2017,NYC Parks
January - March,Session #2,False,201,Brooklyn,St. John's,2016-2017,NYC Parks
October - December,Session #1,False,201,Queens,Roy Wilkins,2018-2019,NYC Parks
October - December,Session #1,False,208,Manhattan,Tony Dapolito,2016-2017,NYC Parks
october - december,Session #1,False,201,Brooklyn,St. John's,2016-2017,NYC Parks
October - December,Session #1,True,404,Queens,FMCP,2017-2018,NYC Parks
April - June,Session #3,False,202,Queens,FMCP,2018-2019,NYC Parks
October - December,Session #1,False,208,Manhattan,Tony Dapolito,2016-2017,NYC Parks
January - March,Session #2,False,201,Queens,Roy Wilkins,2020-2021,NYC Parks
January - March,Session #2,True,235,Queens,FMCP,2017-2018,NYC Parks
January - March,Session #2,False,231,Queens,FMCP,2016-2017,NYC Parks
April - June,Session #3,False,2 Quinn HR,Queens,Roy Wilkins,2017-2018,NYC Parks
January - March,Session #2,False,202,Brooklyn,Brownsville,2018-2019,NYC Parks
January - March,Session #2,False,202/239,Brooklyn,Brownsville,2016-2017,NYC Parks
January - March,Session #2,False,202,Manhattan,Hansborough,2017-2018,NYC Parks
April - June,Session #3,False,204,Bronx,St. Mary's,2017-2018,NYC Parks
October - December,Session #1,False,202,Queens,Roy Wilkins,2018-2019,NYC Parks
October - December,Session #1,False,202,Brooklyn,St. John's,2016-2017,NYC Parks
April - June,Session #3,False,202,Brooklyn,St. John's,2016-2017,NYC Parks
January - March,Session #2,False,201,Brooklyn,Brownsville,2017-2018,NYC Parks
January - March,Session #2,False,411/409,Bronx,St. Mary's,2018-2019,NYC Parks
January - March,Session #2,False,218,Manhattan,River Bank,2020-2021,NYC Parks
October - December,Session #1,False,601,Manhattan,Asser Levy,2018-2019,NYC Parks
January - March,Session #2,False,201,Brooklyn,Metropolitan,2016-2017,NYC Parks
January - March,Session #2,False,205/129,Brooklyn,Metropolitan,2017-2018,NYC Parks
April - June,Session #3,False,2,Manhattan,Gertrude Ederle,2016-2017,NYC Parks
April - June,Session #3,False,201,Queens,FMCP,2017-2018,NYC Parks
October - December,Session #1,False,201,Brooklyn,Brownsville,2019-2020,NYC Parks
April - June,Session #3,False,201,Queens,FMCP,2016-2017,NYC Parks
January - March,Session #2,False,404,Manhattan,Hansborough,2017-2018,NYC Parks
April - June,Session #3,True,Y43 and Y25,Brooklyn,Metropolitan,2018-2019,NYC Parks
January - March,Session #2,False,202,Brooklyn,Metropolitan,2018-2019,NYC Parks
April - June,Session #3,False,202,Queens,FMCP,2017-2018,NYC Parks
October - December,Session #1,False,202,Queens,Roy Wilkins,2018-2019,NYC Parks
October - December,Session #1,False,204,Queens,FMCP,2016-2017,NYC Parks
October - December,Session #1,False,203,Queens,Roy Wilkins,2019-2020,NYC Parks
October - December,Session #1,False,"315, 300, 301",Queens,FMCP,2016-2017,NYC Parks
January - March,Session #2,False,201,Queens,FMCP,2017-2018,NYC Parks
October - December,Session #1,False,202,Brooklyn,Brownsville,2018-2019,NYC Parks
January - March,Session #2,False,201,Queens,Roy Wilkins,2016-2017,NYC Parks
April - June,Session #3,False,203,Queens,Roy Wilkins,2018-2019,NYC Parks
April - June,Session #3,False,28,Queens,FMCP,2016-2017,NYC Parks
January - March,Session #2,False,2,Queens,FMCP,2016-2017,NYC Parks
October - December,Session #1,False,201,Brooklyn,Metropolitan,2019-2020,NYC Parks
April - June,Session #3,False,201,Brooklyn,Metropolitan,2017-2018,NYC Parks
January - March,Session #2,False,410,Queens,FMCP,2016-2017,NYC Parks
January - March,Session #2,True,Y44,Brooklyn,Metropolitan,2018-2019,NYC Parks
January - March,Session #2,False,201,Brooklyn,St. John's,2020-2021,NYC Parks
January - March,Session #2,False,231,Queens,FMCP,2018-2019,NYC Parks
January - March,Session #2,False,201,Queens,Roy Wilkins,2016-2017,NYC Parks
April - June,Session #3,False,202,Queens,Roy Wilkins,2017-2018,NYC Parks
October - December,Session #1,False,201,Brooklyn,St. John's,2019-2020,NYC Parks
October - December,Session #1,False,201,Brooklyn,Metropolitan,2018-2019,NYC Parks
October - December,Session #1,False,204,Queens,FMCP,2018-2019,NYC Parks
October - December,Session #1,False,202,Brooklyn,Brownsville,2017-2018,NYC Parks
October - December,Session #1,False,202,Manhattan,Hansborough,2017-2018,NYC Parks
January - March,Session #2,False,201,Manhattan,River Bank,2020-2021,NYC Parks
April - June,Session #3,False,201,Brooklyn,St. John's,2017-2018,NYC Parks
January - March,Session #2,False,201,Queens,Roy Wilkins,2018-2019,NYC Parks
October - December,Session #1,False,201,Queens,Roy Wilkins,2016-2017,NYC Parks
October - December,Session #1,False,201,Brooklyn,Brownsville,2018-2019,NYC Parks
April - June,Session #3,False,201,Queens,Roy Wilkins,2018-2019,NYC Parks
January - March,Session #2,False,231,Queens,FMCP,2016-2017,NYC Parks
April - June,Session #3,False,439,Manhattan,Hansborough,2018-2019,NYC Parks
April - June,Session #3,False,201,Bronx,St. Mary's,2018-2019,NYC Parks
April - June,Session #3,False,"230,232",Manhattan,Gertrude Ederle,2017-2018,NYC Parks
January - March,Session #2,False,2,Queens,Roy Wilkins,2018-2019,NYC Parks
April - June,Session #3,False,201,Brooklyn,Metropolitan,2017-2018,NYC Parks
January - March,Session #2,False,202,Manhattan,Asser Levy,2016-2017,NYC Parks
October - December,Session #1,False,203,Brooklyn,Metropolitan,2016-2017,NYC Parks
January - March,Session #2,False,201,Brooklyn,Brownsville,2016-2017,NYC Parks
April - June,Session #3,False,,Manhattan,Asser Levy,2018-2019,NYC Parks
October - December,Session #1,False,201,Brooklyn,Brownsville,2016-2017,NYC Parks
April - June,Session #3,False,203,Manhattan,Hansborough,2017-2018,NYC Parks
January - March,Session #2,False,201,Brooklyn,Brownsville,2020-2021,NYC Parks
October - December,Session #1,False,201,Queens,Roy Wilkins,2019-2020,NYC Parks
April - June,Session #3,False,203,Brooklyn,Brownsville,2016-2017,NYC Parks
october - december,Session #1,False,203,Brooklyn,St. John's,2016-2017,NYC Parks
April - June,Session #3,False,204,Manhattan,Chelsea,2017-2018,NYC Parks
October - December,Session #1,False,202,Manhattan,Hansborough,2017-2018,NYC Parks
October - December,Session #1,False,13,Brooklyn,Brownsville,2019-2020,NYC Parks
January - March,Session #2,False,203,Queens,FMCP,2016-2017,NYC Parks
October - December,Session #1,False,201,Brooklyn,Metropolitan,2018-2019,NYC Parks
April - June,Session #3,False,215,Queens,FMCP,2016-2017,NYC Parks
April - June,Session #3,False,203,Queens,Roy Wilkins,2017-2018,NYC Parks
October - December,Session #1,False,205,Manhattan,Tony Dapolito,2017-2018,NYC Parks
April - June,Session #3,False,231,Queens,Roy Wilkins,2018-2019,NYC Parks
January - March,Session #2,False,201,Manhattan,Asser Levy,2016-2017,NYC Parks
January - March,Session #2,False,291,Manhattan,River Bank,2020-2021,NYC Parks
January - March,Session #2,False,201,Queens,FMCP,2018-2019,NYC Parks
January - March,Session #2,False,201,Queens,FMCP,2016-2017,NYC Parks
January - March,Session #2,False,202,Brooklyn,Brownsville,2017-2018,NYC Parks
October - December,Session #1,False,201,Queens,Roy Wilkins,2016-2017,NYC Parks
January - March,Session #2,False,231,Queens,FMCP,2016-2017,NYC Parks
October - December,Session #1,False,"Y44, Y23",Manhattan,LIU,2018-2019,NYC Parks
January - March,Session #2,False,"236, 200, 234",Manhattan,Asser Levy,2016-2017,NYC Parks
October - December,Session #1,False,204,Queens,FMCP,2016-2017,NYC Parks
October - December,Session #1,False,231,Queens,FMCP,2016-2017,NYC Parks
October - December,Session #1,False,201,Brooklyn,Brownsville,2019-2020,NYC Parks
October - December,Session #1,False,201,Brooklyn,Metropolitan,2019-2020,NYC Parks
October - December,Session #1,False,206,Queens,FMCP,2017-2018,NYC Parks
October - December,Session #1,False,201,Manhattan,Hansborough,2017-2018,NYC Parks
October - December,Session #1,False,201,Brooklyn,Brownsville,2017-2018,NYC Parks
January - March,Session #2,False,201,Queens,Roy Wilkins,2020-2021,NYC Parks
October - December,Session #1,False,201,Queens,FMCP,2017-2018,NYC Parks
January - March,Session #2,False,411/409,Bronx,St. Mary's,2018-2019,NYC Parks
October - December,Session #1,False,202,Bronx,St. Mary's,2016-2017,NYC Parks
October - December,Session #1,False,201,Queens,Roy Wilkins,2016-2017,NYC Parks
April - June,Session #3,False,2,Queens,Roy Wilkins,2016-2017,NYC Parks
April - June,Session #3,False,203,Brooklyn,St. John's,2017-2018,NYC Parks
April - June,Session #3,False,203,Queens,FMCP,2017-2018,NYC Parks
January - March,Session #2,False,205,Brooklyn,St. John's,2020-2021,NYC Parks
April - June,Session #3,False,205,Manhattan,Asser Levy,2016-2017,NYC Parks
April - June,Session #3,False,231,Queens,Roy Wilkins,2017-2018,NYC Parks
January - March,Session #2,False,203,Queens,FMCP,2017-2018,NYC Parks
October - December,Session #1,False,122/124,Manhattan,Asser Levy,2019-2020,NYC Parks
April - June,Session #3,False,202,Queens,Roy Wilkins,2016-2017,NYC Parks
April - June,Session #3,False,202,Bronx,St. Mary's,2018-2019,NYC Parks
October - December,Session #1,False,201,Queens,FMCP,2017-2018,NYC Parks
April - June,Session #3,False,202,Manhattan,River Bank,2016-2017,NYC Parks
April - June,Session #3,False,201,Queens,Roy Wilkins,2017-2018,NYC Parks
January - March,Session #2,False,206,Manhattan,Gertrude Ederle,2018-2019,NYC Parks
January - March,Session #2,False,203,Brooklyn,Brownsville,2017-2018,NYC Parks
October - December,Session #1,False,205,Brooklyn,Metropolitan,2016-2017,NYC Parks
April - June,Session #3,False,203,Queens,FMCP,2018-2019,NYC Parks
January - March,Session #2,False,2DL,Manhattan,Asser Levy,2018-2019,NYC Parks
April - June,Session #3,False,272,Brooklyn,Metropolitan,2016-2017,NYC Parks
April - June,Session #3,False,201,Brooklyn,Brownsville,2018-2019,NYC Parks
October - December,Session #1,False,201,Queens,FMCP,2018-2019,NYC Parks
April - June,Session #3,False,201,Manhattan,Hansborough,2017-2018,NYC Parks
January - March,Session #2,False,201,Brooklyn,Brownsville,2020-2021,NYC Parks
January - March,Session #2,False,201,Brooklyn,Metropolitan,2016-2017,NYC Parks
October - December,Session #1,False,202,Bronx,St. Mary's,2016-2017,NYC Parks
April - June,Session #3,False,205,Brooklyn,St. John's,2016-2017,NYC Parks
October - December,Session #1,False,231,Queens,FMCP,2018-2019,NYC Parks
October - December,Session #1,True,202,Manhattan,Hansborough,2018-2019,NYC Parks
January - March,Session #2,False,203,Brooklyn,St. John's,2017-2018,NYC Parks
October - December,Session #1,False,205,Queens,FMCP,2017-2018,NYC Parks
October - December,Session #1,False,201,Queens,Far Rockaway,2017-2018,NYC Parks
January - March,Session #2,False,201,Brooklyn,St. John's,2016-2017,NYC Parks
October - December,Session #1,False,203,Queens,Roy Wilkins,2019-2020,NYC Parks
October - December,Session #1,False,208,Manhattan,Gertrude Ederle,2016-2017,NYC Parks
October - December,Session #1,False,202,Brooklyn,St. John's,2016-2017,NYC Parks
October - December,Session #1,False,205,Brooklyn,Metropolitan,2016-2017,NYC Parks
October - December,Session #1,False,202,Brooklyn,Metropolitan,2018-2019,NYC Parks
October - December,Session #1,False,"202,  219, 229",Bronx,St. Mary's,2017-2018,NYC Parks
October - December,Session #1,False,202,Queens,FMCP,2016-2017,NYC Parks
October - December,Session #1,False,202,Brooklyn,Metropolitan,2018-2019,NYC Parks
January - March,Session #2,False,204,Queens,FMCP,2018-2019,NYC Parks
January - March,Session #2,False,2,Queens,Roy Wilkins,2017-2018,NYC Parks
April - June,Session #3,False,231,Queens,Roy Wilkins,2016-2017,NYC Parks
January - March,Session #2,False,202,Brooklyn,Brownsville,2017-2018,NYC Parks
January - March,Session #2,False,201,Queens,FMCP,2018-2019,NYC Parks
January - March,Session #2,True,104,Brooklyn,St. John's,2016-2017,NYC Parks
April - June,Session #3,False,201,Brooklyn,Metropolitan,2017-2018,NYC Parks
January - March,Session #2,False,404,Manhattan,Hansborough,2017-2018,NYC Parks
October - December,Session #1,False,201,Brooklyn,Brownsville,2017-2018,NYC Parks
January - March,Session #2,False,203,Brooklyn,Brownsville,2017-2018,NYC Parks
January - March,Session #2,False,201,Queens,Roy Wilkins,2016-2017,NYC Parks
January - March,Session #2,False,201,Queens,FMCP,2016-2017,NYC Parks
January - March,Session #2,False,202,Brooklyn,Metropolitan,2020-2021,NYC Parks
January - March,Session #2,False,311,Manhattan,Tony Dapolito,2017-2018,NYC Parks
January - March,Session #2,False,201,Queens,FMCP,2018-2019,NYC Parks
October - December,Session #1,False,203,Brooklyn,St. John's,2017-2018,NYC Parks
October - December,Session #1,False,603,Manhattan,Asser Levy,2018-2019,NYC Parks
January - March,Session #2,False,291/231,Queens,Roy Wilkins,2016-2017,NYC Parks
April - June,Session #3,False,231,Queens,FMCP,2017-2018,NYC Parks
October - December,Session #1,False,202,Queens,FMCP,2017-2018,NYC Parks
January - March,Session #2,False,202/239,Brooklyn,Brownsville,2016-2017,NYC Parks
October - December,Session #1,False,201,Queens,Roy Wilkins,2019-2020,NYC Parks
January - March,Session #2,False,201,Brooklyn,St. John's,2017-2018,NYC Parks
October - December,Session #1,False,204,Queens,FMCP,2016-2017,NYC Parks
October - December,Session #1,False,203,Brooklyn,St. John's,2016-2017,NYC Parks
October - December,Session #1,False,202,Brooklyn,St. John's,2017-2018,NYC Parks
October - December,Session #1,False,205,Manhattan,Chelsea,2017-2018,NYC Parks
April - June,Session #3,False,10A/11A,Manhattan,Tony Dapolito,2017-2018,NYC Parks
April - June,Session #3,False,203,Brooklyn,St. John's,2016-2017,NYC Parks
April - June,Session #3,True,419,Queens,FMCP,2018-2019,NYC Parks
January - March,Session #2,False,201,Manhattan,Gertrude Ederle,2020-2021,NYC Parks
January - March,Session #2,False,202,Manhattan,Chelsea,2016-2017,NYC Parks
April - June,Session #3,False,208,Manhattan,Chelsea,2016-2017,NYC Parks
April - June,Session #3,False,202,Queens,FMCP,2018-2019,NYC Parks
october - december,Session #1,False,202,Brooklyn,St. John's,2016-2017,NYC Parks
April - June,Session #3,False,201,Queens,Roy Wilkins,2018-2019,NYC Parks
January - March,Session #2,False,291,Queens,Roy Wilkins,2018-2019,NYC Parks
October - December,Session #1,False,2,Queens,FMCP,2018-2019,NYC Parks
April - June,Session #3,False,202,Brooklyn,Brownsville,2016-2017,NYC Parks
April - June,Session #3,False,2,Brooklyn,Metropolitan,2016-2017,NYC Parks
October - December,Session #1,False,201,Manhattan,Hansborough,2018-2019,NYC Parks
October - December,Session #1,False,201,Brooklyn,St. John's,2017-2018,NYC Parks
April - June,Session #3,False,205,Manhattan,Tony Dapolito,2016-2017,NYC Parks
October - December,Session #1,False,202,Queens,Far Rockaway,2017-2018,NYC Parks
January - March,Session #2,False,202,Manhattan,Hansborough,2018-2019,NYC Parks
October - December,Session #1,False,201,Queens,Roy Wilkins,2016-2017,NYC Parks
April - June,Session #3,False,202,Brooklyn,Brownsville,2016-2017,NYC Parks
January - March,Session #2,False,218,Manhattan,River Bank,2020-2021,NYC Parks
January - March,Session #2,False,201,Queens,Roy Wilkins,2020-2021,NYC Parks
October - December,Session #1,False,201,Brooklyn,Brownsville,2018-2019,NYC Parks
April - June,Session #3,False,201,Manhattan,Hansborough,2017-2018,NYC Parks
October - December,Session #1,True,X03,Manhattan,Hansborough,2018-2019,NYC Parks
April - June,Session #3,False,203,Brooklyn,St. John's,2017-2018,NYC Parks
October - December,Session #1,False,201,Brooklyn,Brownsville,2018-2019,NYC Parks
April - June,Session #3,False,201,Queens,Roy Wilkins,2018-2019,NYC Parks
April - June,Session #3,False,201,Brooklyn,Brownsville,2016-2017,NYC Parks
April - June,Session #3,False,202,Manhattan,Asser Levy,2016-2017,NYC Parks
January - March,Session #2,False,201,Brooklyn,Metropolitan,2017-2018,NYC Parks
October - December,Session #1,False,2 QUINN HR,Queens,Roy Wilkins,2017-2018,NYC Parks
April - June,Session #3,False,204,Brooklyn,Brownsville,2017-2018,NYC Parks
April - June,Session #3,True,419,Queens,FMCP,2018-2019,NYC Parks
October - December,Session #1,False,2 QUINN HR,Queens,Roy Wilkins,2018-2019,NYC Parks
October - December,Session #1,False,"202,  219, 229",Bronx,St. Mary's,2017-2018,NYC Parks
January - March,Session #2,False,201/202,Brooklyn,Brownsville,2016-2017,NYC Parks
October - December,Session #1,False,201,Brooklyn,St. John's,2017-2018,NYC Parks
October - December,Session #1,False,221,Manhattan,Hansborough,2018-2019,NYC Parks
January - March,Session #2,False,291,Queens,Roy Wilkins,2018-2019,NYC Parks
April - June,Session #3,False,204,Brooklyn,St. John's,2016-2017,NYC Parks
January - March,Session #2,True,L7204,Brooklyn,Brownsville,2018-2019,NYC Parks
October - December,Session #1,False,1,Queens,FMCP,2018-2019,NYC Parks
January - March,Session #2,False,410,Manhattan,Tony Dapolito,2020-2021,NYC Parks
October - December,Session #1,False,202,Queens,Roy Wilkins,2017-2018,NYC Parks
April - June,Session #3,False,201,Queens,Roy Wilkins,2018-2019,NYC Parks
October - December,Session #1,False,202,Brooklyn,Brownsville,2018-2019,NYC Parks
October - December,Session #1,False,201,Brooklyn,Metropolitan,2018-2019,NYC Parks
January - March,Session #2,False,201,Queens,Roy Wilkins,2016-2017,NYC Parks
October - December,Session #1,False,201,Queens,Roy Wilkins,2016-2017,NYC Parks
April - June,Session #3,False,202,Queens,FMCP,2018-2019,NYC Parks
January - March,Session #2,False,201,Brooklyn,Brownsville,2016-2017,NYC Parks
October - December,Session #1,False,604,Manhattan,Asser Levy,2016-2017,NYC Parks
January - March,Session #2,False,207,Queens,FMCP,2017-2018,NYC Parks
January - March,Session #2,False,201,Queens,Roy Wilkins,2020-2021,NYC Parks
January - March,Session #2,False,201,Manhattan,River Bank,2020-2021,NYC Parks
April - June,Session #3,False,201&410,Manhattan,Gertrude Ederle,2017-2018,NYC Parks
January - March,Session #2,True,Y07,Brooklyn,Metropolitan,2016-2017,NYC Parks
October - December,Session #1,False,203,Manhattan,Gertrude Ederle,2016-2017,NYC Parks
April - June,Session #3,True,201,Queens,Roy Wilkins,2017-2018,NYC Parks
January - March,Session #2,False,231,Queens,FMCP,2018-2019,NYC Parks
January - March,Session #2,False,201,Brooklyn,St. John's,2017-2018,NYC Parks
January - March,Session #2,False,291,Manhattan,River Bank,2020-2021,NYC Parks
April - June,Session #3,False,204,Brooklyn,Brownsville,2017-2018,NYC Parks
April - June,Session #3,False,202,Queens,FMCP,2017-2018,NYC Parks
April - June,Session #3,False,206,Brooklyn,St. John's,2016-2017,NYC Parks
January - March,Session #2,False,201,Queens,Roy Wilkins,2020-2021,NYC Parks
January - March,Session #2,False,205,Manhattan,River Bank,2016-2017,NYC Parks
January - March,Session #2,False,201,Queens,FMCP,2018-2019,NYC Parks
October - December,Session #1,False,231,Queens,FMCP,2016-2017,NYC Parks
October - December,Session #1,False,202,Queens,Roy Wilkins,2018-2019,NYC Parks
January - March,Session #2,False,201,Manhattan,River Bank,2017-2018,NYC Parks
October - December,Session #1,False,201,Brooklyn,Brownsville,2016-2017,NYC Parks
October - December,Session #1,False,202,Queens,Roy Wilkins,2016-2017,NYC Parks
April - June,Session #3,False,205,Brooklyn,St. John's,2016-2017,NYC Parks
January - March,Session #2,False,205,Manhattan,Asser Levy,2018-2019,NYC Parks
October - December,Session #1,False,202,Brooklyn,Brownsville,2016-2017,NYC Parks
January - March,Session #2,False,202,Queens,Roy Wilkins,2018-2019,NYC Parks
January - March,Session #2,False,231,Queens,FMCP,2018-2019,NYC Parks
January - March,Session #2,False,201,Manhattan,River Bank,2018-2019,NYC Parks
October - December,Session #1,False,603,Manhattan,Asser Levy,2018-2019,NYC Parks
April - June,Session #3,False,201,Queens,Roy Wilkins,2018-2019,NYC Parks
October - December,Session #1,False,201,Brooklyn,Metropolitan,2018-2019,NYC Parks
October - December,Session #1,False,200,Brooklyn,Metropolitan,2019-2020,NYC Parks
October - December,Session #1,False,202,Brooklyn,St. John's,2016-2017,NYC Parks
April - June,Session #3,False,201,Queens,FMCP,2018-2019,NYC Parks
october - december,Session #1,False,201,Brooklyn,St. John's,2016-2017,NYC Parks
January - March,Session #2,False,201,Bronx,St. Mary's,2018-2019,NYC Parks
October - December,Session #1,False,202,Brooklyn,Metropolitan,2016-2017,NYC Parks
April - June,Session #3,True,ADAPTIVE AQUATICS,Brooklyn,Metropolitan,2017-2018,NYC Parks
April - June,Session #3,False,202,Queens,FMCP,2018-2019,NYC Parks
October - December,Session #1,False,201,Queens,Roy Wilkins,2017-2018,NYC Parks
October - December,Session #1,False,201,Brooklyn,St. John's,2017-2018,NYC Parks
January - March,Session #2,False,202,Bronx,St. Mary's,2016-2017,NYC Parks
January - March,Session #2,False,204,Queens,FMCP,2016-2017,NYC Parks
October - December,Session #1,False,201,Queens,Far Rockaway,2017-2018,NYC Parks
January - March,Session #2,False,203,Manhattan,Gertrude Ederle,2016-2017,NYC Parks
April - June,Session #3,False,202,Queens,Roy Wilkins,2017-2018,NYC Parks
April - June,Session #3,False,202,Queens,FMCP,2018-2019,NYC Parks
October - December,Session #1,False,201,Queens,Roy Wilkins,2017-2018,NYC Parks
October - December,Session #1,False,201,Brooklyn,Metropolitan,2017-2018,NYC Parks
October - December,Session #1,False,202,Brooklyn,Brownsville,2017-2018,NYC Parks
January - March,Session #2,False,201,Manhattan,River Bank,2020-2021,NYC Parks
April - June,Session #3,False,203,Manhattan,Hansborough,2016-2017,NYC Parks
April - June,Session #3,False,2A219,Brooklyn,Brownsville,2017-2018,NYC Parks
January - March,Session #2,False,202,Manhattan,Asser Levy,2020-2021,NYC Parks
October - December,Session #1,False,231,Queens,FMCP,2016-2017,NYC Parks
January - March,Session #2,False,203,Brooklyn,St. John's,2016-2017,NYC Parks
April - June,Session #3,False,231,Queens,Roy Wilkins,2016-2017,NYC Parks
October - December,Session #1,False,201,Queens,Roy Wilkins,2018-2019,NYC Parks
January - March,Session #2,False,201,Queens,Roy Wilkins,2020-2021,NYC Parks
January - March,Session #2,False,201,Queens,Roy Wilkins,2020-2021,NYC Parks
April - June,Session #3,False,202,Queens,FMCP,2017-2018,NYC Parks
January - March,Session #2,False,204,Queens,Roy Wilkins,2016-2017,NYC Parks
October - December,Session #1,False,201,Manhattan,Hansborough,2016-2017,NYC Parks
January - March,Session #2,False,201,Brooklyn,Metropolitan,2018-2019,NYC Parks
January - March,Session #2,False,201,Queens,Roy Wilkins,2020-2021,NYC Parks
October - December,Session #1,False,202,Brooklyn,Brownsville,2017-2018,NYC Parks
April - June,Session #3,False,202,Manhattan,Tony Dapolito,2017-2018,NYC Parks
October - December,Session #1,False,202,Queens,FMCP,2016-2017,NYC Parks
April - June,Session #3,False,202,Brooklyn,Brownsville,2017-2018,NYC Parks
October - December,Session #1,False,201,Queens,Roy Wilkins,2018-2019,NYC Parks
October - December,Session #1,False,201,Brooklyn,Brownsville,2018-2019,NYC Parks
October - December,Session #1,False,202,Brooklyn,St. John's,2017-2018,NYC Parks
January - March,Session #2,False,201,Queens,Roy Wilkins,2020-2021,NYC Parks
April - June,Session #3,False,202,Manhattan,Asser Levy,2016-2017,NYC Parks
October - December,Session #1,False,201,Brooklyn,St. John's,2019-2020,NYC Parks
October - December,Session #1,False,1,Manhattan,Boys and Girls Harbor,2016-2017,NYC Parks
January - March,Session #2,False,202,Brooklyn,St. John's,2017-2018,NYC Parks
October - December,Session #1,True,202,Manhattan,Hansborough,2018-2019,NYC Parks
January - March,Session #2,False,202,Brooklyn,Brownsville,2017-2018,NYC Parks
January - March,Session #2,False,201,Brooklyn,Metropolitan,2017-2018,NYC Parks
April - June,Session #3,False,231,Queens,Roy Wilkins,2017-2018,NYC Parks
October - December,Session #1,False,204,Brooklyn,Metropolitan,2019-2020,NYC Parks
October - December,Session #1,False,201,Queens,FMCP,2017-2018,NYC Parks
April - June,Session #3,False,202,Queens,Roy Wilkins,2018-2019,NYC Parks
April - June,Session #3,False,202,Queens,FMCP,2017-2018,NYC Parks
October - December,Session #1,False,014/011,Brooklyn,Brownsville,2018-2019,NYC Parks
January - March,Session #2,False,201,Brooklyn,Metropolitan,2017-2018,NYC Parks
October - December,Session #1,False,204,Manhattan,Gertrude Ederle,2016-2017,NYC Parks
January - March,Session #2,False,204,Brooklyn,Brownsville,2020-2021,NYC Parks
October - December,Session #1,False,201,Brooklyn,St. John's,2016-2017,NYC Parks
January - March,Session #2,False,201,Queens,Roy Wilkins,2016-2017,NYC Parks
October - December,Session #1,False,201,Queens,FMCP,2018-2019,NYC Parks
October - December,Session #1,False,203,Queens,Roy Wilkins,2019-2020,NYC Parks
April - June,Session #3,False,219,Brooklyn,St. John's,2016-2017,NYC Parks
October - December,Session #1,False,201,Manhattan,Hansborough,2018-2019,NYC Parks
October - December,Session #1,False,201,Queens,Roy Wilkins,2017-2018,NYC Parks
October - December,Session #1,False,202,Queens,FMCP,2018-2019,NYC Parks
January - March,Session #2,False,202,Brooklyn,Metropolitan,2016-2017,NYC Parks
October - December,Session #1,False,205,Brooklyn,Brownsville,2016-2017,NYC Parks
January - March,Session #2,False,231,Queens,Roy Wilkins,2018-2019,NYC Parks
April - June,Session #3,False,203,Brooklyn,Metropolitan,2018-2019,NYC Parks
January - March,Session #2,False,201,Brooklyn,Metropolitan,2020-2021,NYC Parks
April - June,Session #3,False,202,Manhattan,Hansborough,2016-2017,NYC Parks
October - December,Session #1,False,201,Queens,Roy Wilkins,2019-2020,NYC Parks
January - March,Session #2,False,231,Queens,FMCP,2017-2018,NYC Parks
April - June,Session #3,False,202,Queens,Roy Wilkins,2016-2017,NYC Parks
April - June,Session #3,False,202,Queens,FMCP,2018-2019,NYC Parks
January - March,Session #2,False,201,Brooklyn,St. John's,2017-2018,NYC Parks
January - March,Session #2,False,202,Queens,FMCP,2016-2017,NYC Parks
April - June,Session #3,False,203,Brooklyn,St. John's,2017-2018,NYC Parks
October - December,Session #1,False,203,Queens,FMCP,2017-2018,NYC Parks
April - June,Session #3,False,202,Queens,FMCP,2018-2019,NYC Parks
January - March,Session #2,False,201,Brooklyn,Brownsville,2020-2021,NYC Parks
October - December,Session #1,False,204,Manhattan,Gertrude Ederle,2016-2017,NYC Parks
January - March,Session #2,False,201,Manhattan,Asser Levy,2020-2021,NYC Parks
January - March,Session #2,False,203,Brooklyn,Brownsville,2017-2018,NYC Parks
January - March,Session #2,False,201,Queens,Roy Wilkins,2016-2017,NYC Parks
January - March,Session #2,False,201,Manhattan,Asser Levy,2017-2018,NYC Parks
April - June,Session #3,False,201,Manhattan,Tony Dapolito,2016-2017,NYC Parks
April - June,Session #3,False,202,Queens,Roy Wilkins,2016-2017,NYC Parks
October - December,Session #1,False,201,Manhattan,Boys and Girls Harbor,2016-2017,NYC Parks
January - March,Session #2,False,206,Brooklyn,Metropolitan,2017-2018,NYC Parks
October - December,Session #1,False,201,Bronx,St. Mary's,2018-2019,NYC Parks
January - March,Session #2,True,419,Queens,Roy Wilkins,2020-2021,NYC Parks
January - March,Session #2,False,205,Brooklyn,St. John's,2017-2018,NYC Parks
January - March,Session #2,False,201,Manhattan,Tony Dapolito,2018-2019,NYC Parks
April - June,Session #3,False,202,Manhattan,River Bank,2018-2019,NYC Parks
October - December,Session #1,False,203,Brooklyn,Metropolitan,2019-2020,NYC Parks
October - December,Session #1,False,201,Brooklyn,Brownsville,2018-2019,NYC Parks
October - December,Session #1,False,2,Queens,FMCP,2018-2019,NYC Parks
October - December,Session #1,False,201,Queens,Roy Wilkins,2018-2019,NYC Parks
April - June,Session #3,False,"291, 202",Queens,Roy Wilkins,2016-2017,NYC Parks
April - June,Session #3,False,231,Queens,Roy Wilkins,2018-2019,NYC Parks
January - March,Session #2,False,309,Brooklyn,Metropolitan,2017-2018,NYC Parks
January - March,Session #2,False,216,Manhattan,River Bank,2020-2021,NYC Parks
October - December,Session #1,False,231,Queens,FMCP,2018-2019,NYC Parks
January - March,Session #2,False,203,Manhattan,Gertrude Ederle,2020-2021,NYC Parks
October - December,Session #1,False,203,Queens,FMCP,2016-2017,NYC Parks
April - June,Session #3,False,201,Queens,FMCP,2016-2017,NYC Parks
January - March,Session #2,False,205,Brooklyn,St. John's,2017-2018,NYC Parks
October - December,Session #1,False,309,Manhattan,River Bank,2019-2020,NYC Parks
October - December,Session #1,False,201,Queens,Roy Wilkins,2016-2017,NYC Parks
October - December,Session #1,False,231,Queens,Roy Wilkins,2019-2020,NYC Parks
October - December,Session #1,False,204,Brooklyn,Metropolitan,2019-2020,NYC Parks
October - December,Session #1,False,204,Queens,FMCP,2017-2018,NYC Parks
January - March,Session #2,False,203,Queens,FMCP,2016-2017,NYC Parks
October - December,Session #1,False,201,Queens,Roy Wilkins,2018-2019,NYC Parks
October - December,Session #1,False,201,Queens,FMCP,2016-2017,NYC Parks
October - December,Session #1,False,601,Manhattan,Asser Levy,2018-2019,NYC Parks
April - June,Session #3,False,201,Queens,Roy Wilkins,2018-2019,NYC Parks
April - June,Session #3,False,203,Queens,FMCP,2018-2019,NYC Parks
January - March,Session #2,False,203,Queens,Roy Wilkins,2020-2021,NYC Parks
January - March,Session #2,False,291/293,Queens,FMCP,2018-2019,NYC Parks
October - December,Session #1,False,604,Manhattan,Asser Levy,2016-2017,NYC Parks
April - June,Session #3,False,10A/11A,Manhattan,Tony Dapolito,2017-2018,NYC Parks
January - March,Session #2,False,202,Brooklyn,Metropolitan,2017-2018,NYC Parks
October - December,Session #1,False,201,Queens,Roy Wilkins,2017-2018,NYC Parks
January - March,Session #2,False,203,Brooklyn,Brownsville,2017-2018,NYC Parks
January - March,Session #2,False,231,Queens,Roy Wilkins,2020-2021,NYC Parks
October - December,Session #1,False,236,Queens,FMCP,2017-2018,NYC Parks
January - March,Session #2,False,"236, 200, 234",Manhattan,Asser Levy,2016-2017,NYC Parks
April - June,Session #3,False,204,Brooklyn,Brownsville,2016-2017,NYC Parks
October - December,Session #1,False,202,Queens,Roy Wilkins,2019-2020,NYC Parks
April - June,Session #3,False,201,Queens,FMCP,2017-2018,NYC Parks
January - March,Session #2,False,201/202,Brooklyn,Brownsville,2016-2017,NYC Parks
October - December,Session #1,False,202,Brooklyn,Metropolitan,2019-2020,NYC Parks
January - March,Session #2,False,202,Brooklyn,St. John's,2017-2018,NYC Parks
January - March,Session #2,False,311,Manhattan,Tony Dapolito,2017-2018,NYC Parks
April - June,Session #3,False,203,Queens,Roy Wilkins,2017-2018,NYC Parks
April - June,Session #3,False,201,Queens,FMCP,2016-2017,NYC Parks
January - March,Session #2,False,202,Manhattan,Hansborough,2018-2019,NYC Parks
January - March,Session #2,False,201,Manhattan,Hansborough,2017-2018,NYC Parks
January - March,Session #2,False,201,Brooklyn,St. John's,2017-2018,NYC Parks
October - December,Session #1,False,208,Manhattan,Tony Dapolito,2016-2017,NYC Parks
January - March,Session #2,False,204,Queens,Roy Wilkins,2016-2017,NYC Parks
April - June,Session #3,False,201,Queens,FMCP,2017-2018,NYC Parks
January - March,Session #2,False,201,Manhattan,Hansborough,2016-2017,NYC Parks
January - March,Session #2,True,Y44,Brooklyn,Metropolitan,2018-2019,NYC Parks
April - June,Session #3,False,201/202,Brooklyn,Metropolitan,2018-2019,NYC Parks
October - December,Session #1,False,203,Queens,FMCP,2016-2017,NYC Parks
April - June,Session #3,False,"129, 201",Brooklyn,St. John's,2016-2017,NYC Parks
April - June,Session #3,False,202,Bronx,St. Mary's,2016-2017,NYC Parks
April - June,Session #3,False,91,Brooklyn,Metropolitan,2017-2018,NYC Parks
April - June,Session #3,False,K01,Manhattan,Chelsea,2017-2018,NYC Parks
January - March,Session #2,False,2,Queens,Roy Wilkins,2018-2019,NYC Parks
April - June,Session #3,False,202,Queens,FMCP,2018-2019,NYC Parks
October - December,Session #1,False,203,Brooklyn,St. John's,2016-2017,NYC Parks
April - June,Session #3,False,2,Queens,Roy Wilkins,2016-2017,NYC Parks
October - December,Session #1,False,202,Brooklyn,St. John's,2017-2018,NYC Parks
April - June,Session #3,True,102,Brooklyn,Metropolitan,2018-2019,NYC Parks
October - December,Session #1,False,202,Brooklyn,St. John's,2016-2017,NYC Parks
October - December,Session #1,False,231,Queens,Roy Wilkins,2018-2019,NYC Parks
October - December,Session #1,False,201,Brooklyn,Brownsville,2016-2017,NYC Parks
January - March,Session #2,False,205/129,Brooklyn,Metropolitan,2017-2018,NYC Parks
October - December,Session #1,False,202,Queens,Roy Wilkins,2017-2018,NYC Parks
January - March,Session #2,False,204,Queens,Roy Wilkins,2020-2021,NYC Parks
January - March,Session #2,False,201,Queens,Roy Wilkins,2020-2021,NYC Parks
January - March,Session #2,False,201,Queens,Roy Wilkins,2016-2017,NYC Parks
January - March,Session #2,False,209,Queens,FMCP,2017-2018,NYC Parks
January - March,Session #2,False,202,Brooklyn,Metropolitan,2020-2021,NYC Parks
october - december,Session #1,False,203,Brooklyn,St. John's,2016-2017,NYC Parks
October - December,Session #1,False,201,Brooklyn,Brownsville,2018-2019,NYC Parks
April - June,Session #3,False,2,Manhattan,Tony Dapolito,2018-2019,NYC Parks
October - December,Session #1,False,205,Brooklyn,Brownsville,2017-2018,NYC Parks
October - December,Session #1,False,208,Manhattan,Tony Dapolito,2016-2017,NYC Parks
October - December,Session #1,False,202,Queens,Roy Wilkins,2016-2017,NYC Parks
January - March,Session #2,False,203,Manhattan,Gertrude Ederle,2020-2021,NYC Parks
January - March,Session #2,False,201,Queens,Roy Wilkins,2016-2017,NYC Parks
October - December,Session #1,False,201,Bronx,St. Mary's,2019-2020,NYC Parks
April - June,Session #3,False,2,Brooklyn,St. John's,2016-2017,NYC Parks
January - March,Session #2,False,203,Queens,Roy Wilkins,2020-2021,NYC Parks
October - December,Session #1,False,221,Queens,FMCP,2017-2018,NYC Parks
October - December,Session #1,False,201,Brooklyn,St. John's,2019-2020,NYC Parks
October - December,Session #1,False,201,Queens,FMCP,2016-2017,NYC Parks
January - March,Session #2,False,410,Manhattan,Tony Dapolito,2020-2021,NYC Parks
October - December,Session #1,False,204,Brooklyn,Metropolitan,2017-2018,NYC Parks
October - December,Session #1,False,206,Manhattan,Tony Dapolito,2019-2020,NYC Parks
April - June,Session #3,False,2A219,Brooklyn,Brownsville,2017-2018,NYC Parks
April - June,Session #3,False,215,Queens,FMCP,2016-2017,NYC Parks
October - December,Session #1,False,201,Queens,Roy Wilkins,2016-2017,NYC Parks
April - June,Session #3,False,231,Queens,Roy Wilkins,2017-2018,NYC Parks
April - June,Session #3,False,201,Brooklyn,St. John's,2016-2017,NYC Parks
October - December,Session #1,False,601,Manhattan,Asser Levy,2018-2019,NYC Parks
January - March,Session #2,False,2,Queens,Roy Wilkins,2018-2019,NYC Parks
October - December,Session #1,False,204,Manhattan,Gertrude Ederle,2019-2020,NYC Parks
January - March,Session #2,False,410,Manhattan,Tony Dapolito,2020-2021,NYC Parks
October - December,Session #1,False,204,Brooklyn,Metropolitan,2019-2020,NYC Parks
October - December,Session #1,False,201,Manhattan,Hansborough,2016-2017,NYC Parks
January - March,Session #2,False,201,Queens,Roy Wilkins,2020-2021,NYC Parks
January - March,Session #2,False,2,Brooklyn,Brownsville,2016-2017,NYC Parks
January - March,Session #2,False,207,Queens,FMCP,2017-2018,NYC Parks
October - December,Session #1,False,201,Queens,Roy Wilkins,2018-2019,NYC Parks
October - December,Session #1,False,202,Brooklyn,Brownsville,2016-2017,NYC Parks
April - June,Session #3,False,201,Brooklyn,Brownsville,2017-2018,NYC Parks
October - December,Session #1,False,203,Queens,Roy Wilkins,2018-2019,NYC Parks
October - December,Session #1,False,202,Brooklyn,Brownsville,2017-2018,NYC Parks
October - December,Session #1,False,201,Brooklyn,Metropolitan,2019-2020,NYC Parks
April - June,Session #3,False,204,Brooklyn,Brownsville,2017-2018,NYC Parks
April - June,Session #3,False,202,Queens,Roy Wilkins,2016-2017,NYC Parks
October - December,Session #1,False,201,Brooklyn,Metropolitan,2017-2018,NYC Parks
April - June,Session #3,False,2,Queens,Roy Wilkins,2016-2017,NYC Parks
October - December,Session #1,False,201,Bronx,St. Mary's,2018-2019,NYC Parks
October - December,Session #1,False,"315, 300, 301",Queens,FMCP,2016-2017,NYC Parks
October - December,Session #1,False,201,Brooklyn,Brownsville,2017-2018,NYC Parks
October - December,Session #1,False,203,Queens,Roy Wilkins,2018-2019,NYC Parks
January - March,Session #2,False,202,Brooklyn,Brownsville,2016-2017,NYC Parks
October - December,Session #1,False,201,Manhattan,Boys and Girls Harbor,2016-2017,NYC Parks
January - March,Session #2,False,202,Brooklyn,Metropolitan,2016-2017,NYC Parks
January - March,Session #2,False,201,Brooklyn,Brownsville,2020-2021,NYC Parks
January - March,Session #2,False,205,Manhattan,Tony Dapolito,2016-2017,NYC Parks
April - June,Session #3,False,203,Queens,Roy Wilkins,2016-2017,NYC Parks
January - March,Session #2,False,204,Brooklyn,Brownsville,2020-2021,NYC Parks
April - June,Session #3,False,201,Queens,Roy Wilkins,2017-2018,NYC Parks
October - December,Session #1,False,"201, 202",Brooklyn,Brownsville,2018-2019,NYC Parks
October - December,Session #1,False,202,Bronx,St. Mary's,2016-2017,NYC Parks
January - March,Session #2,False,202,Queens,Roy Wilkins,2018-2019,NYC Parks
January - March,Session #2,False,291/231,Queens,Roy Wilkins,2016-2017,NYC Parks
April - June,Session #3,True,Y43 and Y25,Brooklyn,Metropolitan,2018-2019,NYC Parks
October - December,Session #1,False,202,Bronx,St. Mary's,2016-2017,NYC Parks
January - March,Session #2,False,201,Queens,Roy Wilkins,2020-2021,NYC Parks
January - March,Session #2,False,205,Manhattan,Gertrude Ederle,2018-2019,NYC Parks
April - June,Session #3,False,204,Bronx,St. Mary's,2017-2018,NYC Parks
October - December,Session #1,False,201,Queens,Roy Wilkins,2017-2018,NYC Parks
January - March,Session #2,False,221,Queens,FMCP,2017-2018,NYC Parks
April - June,Session #3,False,201,Queens,FMCP,2018-2019,NYC Parks
October - December,Session #1,False,204,Brooklyn,Metropolitan,2019-2020,NYC Parks
April - June,Session #3,False,201,Queens,FMCP,2018-2019,NYC Parks
April - June,Session #3,False,201,Brooklyn,Brownsville,2016-2017,NYC Parks
January - March,Session #2,False,203,Queens,FMCP,2017-2018,NYC Parks
April - June,Session #3,False,202,Queens,FMCP,2018-2019,NYC Parks
April - June,Session #3,False,K01,Manhattan,Chelsea,2017-2018,NYC Parks
October - December,Session #1,False,202,Queens,Roy Wilkins,2016-2017,NYC Parks
October - December,Session #1,False,203,Manhattan,Gertrude Ederle,2016-2017,NYC Parks
April - June,Session #3,False,201,Bronx,St. Mary's,2018-2019,NYC Parks
April - June,Session #3,False,202,Queens,FMCP,2018-2019,NYC Parks
April - June,Session #3,False,203,Brooklyn,Metropolitan,2018-2019,NYC Parks
October - December,Session #1,False,202,Queens,Roy Wilkins,2017-2018,NYC Parks
April - June,Session #3,False,202,Queens,Roy Wilkins,2016-2017,NYC Parks
April - June,Session #3,False,201,Queens,Roy Wilkins,2018-2019,NYC Parks
October - December,Session #1,False,201,Queens,Roy Wilkins,2016-2017,NYC Parks
October - December,Session #1,False,205,Brooklyn,Brownsville,2017-2018,NYC Parks
October - December,Session #1,False,205,Queens,FMCP,2017-2018,NYC Parks
April - June,Session #3,False,202,Brooklyn,Brownsville,2016-2017,NYC Parks
October - December,Session #1,False,"201, 202",Brooklyn,Brownsville,2018-2019,NYC Parks
October - December,Session #1,False,202,Brooklyn,Brownsville,2017-2018,NYC Parks
October - December,Session #1,False,203,Brooklyn,Metropolitan,2017-2018,NYC Parks
April - June,Session #3,False,201,Queens,Roy Wilkins,2018-2019,NYC Parks
January - March,Session #2,False,201,Brooklyn,St. John's,2017-2018,NYC Parks
January - March,Session #2,True,Y23 Y22,Brooklyn,Metropolitan,2018-2019,NYC Parks
April - June,Session #3,False,201,Queens,Roy Wilkins,2016-2017,NYC Parks
April - June,Session #3,True,Y27,Manhattan,Chelsea,2016-2017,NYC Parks
January - March,Session #2,False,204,Brooklyn,St. John's,2016-2017,NYC Parks
January - March,Session #2,True,Y27,Manhattan,Hansborough,2017-2018,NYC Parks
October - December,Session #1,False,202,Brooklyn,St. John's,2019-2020,NYC Parks
January - March,Session #2,False,201,Brooklyn,Brownsville,2017-2018,NYC Parks
October - December,Session #1,False,201,Queens,Roy Wilkins,2016-2017,NYC Parks
January - March,Session #2,False,203,Manhattan,Gertrude Ederle,2016-2017,NYC Parks
October - December,Session #1,False,240,Manhattan,Asser Levy,2017-2018,NYC Parks
January - March,Session #2,False,201,Queens,FMCP,2016-2017,NYC Parks
April - June,Session #3,False,202,Brooklyn,Metropolitan,2018-2019,NYC Parks
April - June,Session #3,False,28,Queens,FMCP,2016-2017,NYC Parks
January - March,Session #2,False,203,Brooklyn,Metropolitan,2018-2019,NYC Parks
October - December,Session #1,False,V31,Manhattan,Gertrude Ederle,2018-2019,NYC Parks
April - June,Session #3,False,221,Queens,FMCP,2016-2017,NYC Parks
October - December,Session #1,False,604,Manhattan,Asser Levy,2016-2017,NYC Parks
October - December,Session #1,False,201,Brooklyn,Metropolitan,2019-2020,NYC Parks
April - June,Session #3,False,231,Queens,Roy Wilkins,2017-2018,NYC Parks
January - March,Session #2,False,231,Queens,Roy Wilkins,2020-2021,NYC Parks
January - March,Session #2,False,201,Manhattan,Hansborough,2017-2018,NYC Parks
January - March,Session #2,False,214,Brooklyn,St. John's,2020-2021,NYC Parks
April - June,Session #3,False,205,Manhattan,Tony Dapolito,2018-2019,NYC Parks
October - December,Session #1,False,201,Queens,Roy Wilkins,2018-2019,NYC Parks
October - December,Session #1,False,307,Manhattan,River Bank,2019-2020,NYC Parks
January - March,Session #2,False,201,Manhattan,Gertrude Ederle,2020-2021,NYC Parks
January - March,Session #2,False,201,Queens,Roy Wilkins,2018-2019,NYC Parks
January - March,Session #2,False,11,Brooklyn,Brownsville,2020-2021,NYC Parks
October - December,Session #1,False,202,Manhattan,Boys and Girls Harbor,2016-2017,NYC Parks
October - December,Session #1,False,202,Bronx,St. Mary's,2017-2018,NYC Parks
October - December,Session #1,False,201,Bronx,St. Mary's,2019-2020,NYC Parks
January - March,Session #2,False,231,Queens,FMCP,2017-2018,NYC Parks
January - March,Session #2,False,303,Manhattan,Tony Dapolito,2020-2021,NYC Parks
October - December,Session #1,False,201,Queens,Roy Wilkins,2016-2017,NYC Parks
October - December,Session #1,False,202,Brooklyn,Brownsville,2018-2019,NYC Parks
April - June,Session #3,False,203,Queens,FMCP,2016-2017,NYC Parks
January - March,Session #2,True,204,Queens,FMCP,2018-2019,NYC Parks
January - March,Session #2,False,202,Brooklyn,Metropolitan,2018-2019,NYC Parks
April - June,Session #3,False,2,Brooklyn,Metropolitan,2016-2017,NYC Parks
January - March,Session #2,False,201,Bronx,St. Mary's,2018-2019,NYC Parks
October - December,Session #1,False,204,Brooklyn,Metropolitan,2017-2018,NYC Parks
January - March,Session #2,False,204,Queens,FMCP,2016-2017,NYC Parks
January - March,Session #2,False,201,Queens,FMCP,2017-2018,NYC Parks
October - December,Session #1,False,205,Manhattan,Tony Dapolito,2017-2018,NYC Parks
January - March,Session #2,False,201,Manhattan,Hansborough,2016-2017,NYC Parks
January - March,Session #2,False,200,Manhattan,Hansborough,2018-2019,NYC Parks
October - December,Session #1,False,1,Manhattan,Asser Levy,2016-2017,NYC Parks
October - December,Session #1,False,603,Manhattan,Asser Levy,2018-2019,NYC Parks
October - December,Session #1,False,200,Brooklyn,Brownsville,2019-2020,NYC Parks
April - June,Session #3,False,112,Brooklyn,Brownsville,2018-2019,NYC Parks
October - December,Session #1,False,1,Queens,FMCP,2018-2019,NYC Parks
October - December,Session #1,False,603,Manhattan,Asser Levy,2017-2018,NYC Parks
October - December,Session #1,False,201,Manhattan,Asser Levy,2017-2018,NYC Parks
April - June,Session #3,False,203,Manhattan,Hansborough,2016-2017,NYC Parks
January - March,Session #2,False,201,Brooklyn,St. John's,2016-2017,NYC Parks
October - December,Session #1,False,201,Brooklyn,St. John's,2016-2017,NYC Parks
October - December,Session #1,False,204,Manhattan,Gertrude Ederle,2016-2017,NYC Parks
October - December,Session #1,False,291/ 231,Queens,Roy Wilkins,2016-2017,NYC Parks
January - March,Session #2,False,201,Bronx,St. Mary's,2020-2021,NYC Parks
October - December,Session #1,False,231,Queens,Roy Wilkins,2017-2018,NYC Parks
October - December,Session #1,False,231,Queens,FMCP,2016-2017,NYC Parks
April - June,Session #3,False,202,Queens,FMCP,2018-2019,NYC Parks
January - March,Session #2,False,"202, 203, 303",Brooklyn,Brownsville,2020-2021,NYC Parks
October - December,Session #1,False,201,Bronx,St. Mary's,2018-2019,NYC Parks
October - December,Session #1,False,251,Manhattan,Gertrude Ederle,2019-2020,NYC Parks
October - December,Session #1,False,609,Brooklyn,LIU,2017-2018,NYC Parks
January - March,Session #2,False,2,Brooklyn,Brownsville,2018-2019,NYC Parks
April - June,Session #3,False,201,Manhattan,Asser Levy,2017-2018,NYC Parks
April - June,Session #3,False,202,Manhattan,Gertrude Ederle,2018-2019,NYC Parks
October - December,Session #1,False,201,Manhattan,River Bank,2018-2019,NYC Parks
October - December,Session #1,False,202,Queens,Roy Wilkins,2019-2020,NYC Parks
April - June,Session #3,False,202,Queens,FMCP,2018-2019,NYC Parks
October - December,Session #1,False,201,Bronx,St. Mary's,2018-2019,NYC Parks
January - March,Session #2,False,233,Queens,FMCP,2018-2019,NYC Parks
January - March,Session #2,False,202,Brooklyn,Metropolitan,2017-2018,NYC Parks
October - December,Session #1,False,1,Queens,FMCP,2018-2019,NYC Parks
January - March,Session #2,False,202,Brooklyn,Brownsville,2016-2017,NYC Parks
October - December,Session #1,False,202,Brooklyn,Brownsville,2019-2020,NYC Parks
April - June,Session #3,False,201,Bronx,Fieldston,2016-2017,Partner Site
October - December,Session #1,False,221,Queens,FMCP,2017-2018,NYC Parks
April - June,Session #3,False,202,Manhattan,River Bank,2018-2019,NYC Parks
April - June,Session #3,False,5,Manhattan,River Bank,2018-2019,NYC Parks
April - June,Session #3,False,202,Manhattan,Gertrude Ederle,2018-2019,NYC Parks
January - March,Session #2,False,203,Brooklyn,Brownsville,2017-2018,NYC Parks
April - June,Session #3,False,231,Queens,Roy Wilkins,2016-2017,NYC Parks
April - June,Session #3,False,203,Brooklyn,St. John's,2017-2018,NYC Parks
January - March,Session #2,False,207,Queens,FMCP,2017-2018,NYC Parks
October - December,Session #1,False,202,Brooklyn,Metropolitan,2019-2020,NYC Parks
October - December,Session #1,False,202,Queens,Roy Wilkins,2019-2020,NYC Parks
April - June,Session #3,False,"234, 238, 236",Manhattan,Asser Levy,2016-2017,NYC Parks
October - December,Session #1,False,201,Queens,Roy Wilkins,2016-2017,NYC Parks
January - March,Session #2,False,201,Queens,Roy Wilkins,2020-2021,NYC Parks
October - December,Session #1,False,202,Brooklyn,Brownsville,2017-2018,NYC Parks
January - March,Session #2,False,203,Brooklyn,Metropolitan,2016-2017,NYC Parks
April - June,Session #3,False,202,Queens,FMCP,2018-2019,NYC Parks
April - June,Session #3,False,K01,Manhattan,Chelsea,2017-2018,NYC Parks
April - June,Session #3,False,"231,201",Queens,FMCP,2017-2018,NYC Parks
April - June,Session #3,True,449,Manhattan,Hansborough,2017-2018,NYC Parks
January - March,Session #2,False,201,Brooklyn,Brownsville,2016-2017,NYC Parks
January - March,Session #2,False,410,Queens,FMCP,2016-2017,NYC Parks
April - June,Session #3,False,"230,232",Manhattan,Gertrude Ederle,2017-2018,NYC Parks
April - June,Session #3,False,201,Bronx,St. Mary's,2016-2017,NYC Parks
January - March,Session #2,False,291,Manhattan,Chelsea,2016-2017,NYC Parks
October - December,Session #1,False,203,Queens,FMCP,2017-2018,NYC Parks
January - March,Session #2,False,201,Queens,Roy Wilkins,2020-2021,NYC Parks
October - December,Session #1,False,201,Queens,Roy Wilkins,2018-2019,NYC Parks
January - March,Session #2,False,2,Brooklyn,Brownsville,2018-2019,NYC Parks
January - March,Session #2,False,213,Manhattan,Tony Dapolito,2016-2017,NYC Parks
January - March,Session #2,False,205,Brooklyn,Metropolitan,2020-2021,NYC Parks
October - December,Session #1,False,202,Queens,FMCP,2017-2018,NYC Parks
October - December,Session #1,False,205,Brooklyn,Metropolitan,2016-2017,NYC Parks
October - December,Session #1,False,203,Brooklyn,St. John's,2017-2018,NYC Parks
October - December,Session #1,False,240,Manhattan,Asser Levy,2017-2018,NYC Parks
October - December,Session #1,False,291/ 231,Queens,Roy Wilkins,2016-2017,NYC Parks
January - March,Session #2,False,201,Brooklyn,Brownsville,2016-2017,NYC Parks
April - June,Session #3,False,203,Queens,Roy Wilkins,2016-2017,NYC Parks
January - March,Session #2,False,202,Brooklyn,Metropolitan,2017-2018,NYC Parks
October - December,Session #1,False,404,Queens,FMCP,2016-2017,NYC Parks
January - March,Session #2,False,201,Queens,Roy Wilkins,2018-2019,NYC Parks
April - June,Session #3,False,202,Brooklyn,St. John's,2016-2017,NYC Parks
October - December,Session #1,False,201,Brooklyn,Brownsville,2016-2017,NYC Parks
April - June,Session #3,False,201,Queens,Roy Wilkins,2016-2017,NYC Parks
January - March,Session #2,False,202,Brooklyn,Brownsville,2018-2019,NYC Parks
January - March,Session #2,False,"201, 202, 203, 204, 205, 206",Brooklyn,St. John's,2016-2017,NYC Parks
January - March,Session #2,False,233/234,Queens,FMCP,2017-2018,NYC Parks
January - March,Session #2,False,201,Brooklyn,Metropolitan,2020-2021,NYC Parks
October - December,Session #1,False,201,Brooklyn,Brownsville,2016-2017,NYC Parks
October - December,Session #1,False,201,Queens,Roy Wilkins,2019-2020,NYC Parks
January - March,Session #2,True,204,Queens,FMCP,2018-2019,NYC Parks
October - December,Session #1,False,202,Brooklyn,Metropolitan,2019-2020,NYC Parks
October - December,Session #1,False,2 Thorpe HR,Queens,Roy Wilkins,2016-2017,NYC Parks
April - June,Session #3,False,201,Brooklyn,Brownsville,2017-2018,NYC Parks
April - June,Session #3,False,202,Manhattan,Asser Levy,2017-2018,NYC Parks
April - June,Session #3,False,203,Bronx,Fieldston,2016-2017,Partner Site
April - June,Session #3,False,205,Manhattan,Asser Levy,2016-2017,NYC Parks
October - December,Session #1,True,202,Manhattan,Hansborough,2018-2019,NYC Parks
October - December,Session #1,False,201,Queens,Roy Wilkins,2018-2019,NYC Parks
April - June,Session #3,False,202,Brooklyn,Metropolitan,2017-2018,NYC Parks
January - March,Session #2,False,213,Manhattan,Tony Dapolito,2016-2017,NYC Parks
October - December,Session #1,False,203,Queens,Roy Wilkins,2017-2018,NYC Parks
January - March,Session #2,False,202,Queens,Roy Wilkins,2018-2019,NYC Parks
January - March,Session #2,False,232,Queens,FMCP,2017-2018,NYC Parks
October - December,Session #1,False,202,Brooklyn,St. John's,2016-2017,NYC Parks
January - March,Session #2,False,203,Manhattan,Gertrude Ederle,2020-2021,NYC Parks
April - June,Session #3,False,201,Queens,Roy Wilkins,2017-2018,NYC Parks
January - March,Session #2,False,200,Manhattan,Hansborough,2018-2019,NYC Parks
April - June,Session #3,False,324,Queens,FMCP,2016-2017,NYC Parks
October - December,Session #1,False,203,Queens,Roy Wilkins,2016-2017,NYC Parks
October - December,Session #1,False,204,Queens,Roy Wilkins,2019-2020,NYC Parks
January - March,Session #2,False,11,Brooklyn,Brownsville,2020-2021,NYC Parks
April - June,Session #3,False,203,Brooklyn,Brownsville,2016-2017,NYC Parks
October - December,Session #1,False,202,Brooklyn,Metropolitan,2017-2018,NYC Parks
January - March,Session #2,True,L7204,Brooklyn,Brownsville,2018-2019,NYC Parks
April - June,Session #3,False,201,Brooklyn,Metropolitan,2017-2018,NYC Parks
April - June,Session #3,False,203 & 207,Brooklyn,Brownsville,2016-2017,NYC Parks
October - December,Session #1,False,202,Queens,Roy Wilkins,2018-2019,NYC Parks
April - June,Session #3,False,201,Queens,FMCP,2016-2017,NYC Parks
October - December,Session #1,False,204,Queens,FMCP,2018-2019,NYC Parks
January - March,Session #2,False,201,Brooklyn,Metropolitan,2019-2020,NYC Parks
January - March,Session #2,False,246,Manhattan,River Bank,2020-2021,NYC Parks
April - June,Session #3,False,201,Brooklyn,Brownsville,2017-2018,NYC Parks
October - December,Session #1,False,201,Queens,FMCP,2017-2018,NYC Parks
October - December,Session #1,False,205,Brooklyn,Brownsville,2016-2017,NYC Parks
April - June,Session #3,False,201,Brooklyn,Brownsville,2018-2019,NYC Parks
April - June,Session #3,True,419,Queens,FMCP,2018-2019,NYC Parks
October - December,Session #1,False,231,Queens,Roy Wilkins,2019-2020,NYC Parks
January - March,Session #2,False,201,Brooklyn,Brownsville,2017-2018,NYC Parks
October - December,Session #1,False,208,Manhattan,Gertrude Ederle,2016-2017,NYC Parks
April - June,Session #3,False,231,Queens,FMCP,2018-2019,NYC Parks
October - December,Session #1,False,201,Brooklyn,Metropolitan,2018-2019,NYC Parks
October - December,Session #1,False,309,Manhattan,River Bank,2019-2020,NYC Parks
October - December,Session #1,False,201,Manhattan,River Bank,2018-2019,NYC Parks
January - March,Session #2,False,206,Manhattan,Gertrude Ederle,2020-2021,NYC Parks
October - December,Session #1,False,202,Queens,FMCP,2016-2017,NYC Parks
April - June,Session #3,False,202,Queens,Roy Wilkins,2018-2019,NYC Parks
April - June,Session #3,False,2,Manhattan,Tony Dapolito,2018-2019,NYC Parks
October - December,Session #1,False,205,Manhattan,Tony Dapolito,2017-2018,NYC Parks
April - June,Session #3,False,201,Queens,Roy Wilkins,2018-2019,NYC Parks
April - June,Session #3,False,201,Bronx,St. Mary's,2018-2019,NYC Parks
January - March,Session #2,False,203,Brooklyn,St. John's,2017-2018,NYC Parks
April - June,Session #3,False,221,Queens,FMCP,2016-2017,NYC Parks
April - June,Session #3,False,203 & 207,Brooklyn,Brownsville,2016-2017,NYC Parks
April - June,Session #3,False,201,Queens,Roy Wilkins,2018-2019,NYC Parks
April - June,Session #3,False,2,Queens,Roy Wilkins,2016-2017,NYC Parks
January - March,Session #2,False,2,Queens,FMCP,2016-2017,NYC Parks
October - December,Session #1,False,201,Brooklyn,Metropolitan,2018-2019,NYC Parks
January - March,Session #2,False,203,Manhattan,Chelsea,2016-2017,NYC Parks
October - December,Session #1,False,307,Manhattan,River Bank,2019-2020,NYC Parks
October - December,Session #1,False,201,Brooklyn,Brownsville,2016-2017,NYC Parks
April - June,Session #3,False,205,Manhattan,Gertrude Ederle,2017-2018,NYC Parks
October - December,Session #1,False,"201, 202",Brooklyn,Brownsville,2018-2019,NYC Parks
January - March,Session #2,False,204,Manhattan,River Bank,2016-2017,NYC Parks
April - June,Session #3,False,201,Brooklyn,St. John's,2016-2017,NYC Parks
April - June,Session #3,False,2,Brooklyn,Metropolitan,2016-2017,NYC Parks
April - June,Session #3,False,202,Manhattan,Tony Dapolito,2017-2018,NYC Parks
April - June,Session #3,False,201,Manhattan,Gertrude Ederle,2016-2017,NYC Parks
January - March,Session #2,False,291/231,Queens,Roy Wilkins,2016-2017,NYC Parks
October - December,Session #1,False,202,Manhattan,Boys and Girls Harbor,2016-2017,NYC Parks
April - June,Session #3,False,202,Brooklyn,Metropolitan,2018-2019,NYC Parks
October - December,Session #1,False,205,Manhattan,Chelsea,2016-2017,NYC Parks
April - June,Session #3,False,,Bronx,St. Mary's,2018-2019,NYC Parks
January - March,Session #2,False,204,Manhattan,Tony Dapolito,2017-2018,NYC Parks
April - June,Session #3,False,201,Brooklyn,St. John's,2016-2017,NYC Parks
October - December,Session #1,False,2 HR,Queens,Roy Wilkins,2017-2018,NYC Parks
January - March,Session #2,False,233/234,Queens,FMCP,2017-2018,NYC Parks
January - March,Session #2,False,205,Queens,FMCP,2018-2019,NYC Parks
January - March,Session #2,False,246,Manhattan,River Bank,2020-2021,NYC Parks
April - June,Session #3,False,221,Manhattan,Hansborough,2016-2017,NYC Parks
October - December,Session #1,False,202,Queens,FMCP,2017-2018,NYC Parks
October - December,Session #1,False,1,Queens,FMCP,2018-2019,NYC Parks
January - March,Session #2,False,202,Queens,Roy Wilkins,2018-2019,NYC Parks
April - June,Session #3,False,201/202,Brooklyn,Metropolitan,2018-2019,NYC Parks
January - March,Session #2,False,291,Queens,Roy Wilkins,2018-2019,NYC Parks
April - June,Session #3,False,201,Brooklyn,St. John's,2017-2018,NYC Parks
October - December,Session #1,False,201,Brooklyn,Brownsville,2016-2017,NYC Parks
January - March,Session #2,False,204,Queens,Roy Wilkins,2020-2021,NYC Parks
october - december,Session #1,False,21/22,Bronx,St. Mary's,2016-2017,NYC Parks
January - March,Session #2,True,Y44,Brooklyn,Metropolitan,2018-2019,NYC Parks
October - December,Session #1,False,221,Queens,FMCP,2017-2018,NYC Parks
October - December,Session #1,False,205,Brooklyn,Metropolitan,2019-2020,NYC Parks
April - June,Session #3,False,201,Queens,FMCP,2016-2017,NYC Parks
April - June,Session #3,False,203,Queens,FMCP,2016-2017,NYC Parks
October - December,Session #1,True,202,Manhattan,Hansborough,2018-2019,NYC Parks
April - June,Session #3,False,201,Bronx,St. Mary's,2017-2018,NYC Parks
January - March,Session #2,False,236,Queens,FMCP,2018-2019,NYC Parks
October - December,Session #1,False,203,Queens,Roy Wilkins,2016-2017,NYC Parks
April - June,Session #3,False,201,Queens,FMCP,2018-2019,NYC Parks
October - December,Session #1,False,202 & 205,Brooklyn,St. John's,2017-2018,NYC Parks
January - March,Session #2,False,204,Brooklyn,Brownsville,2020-2021,NYC Parks
January - March,Session #2,False,291/293,Queens,FMCP,2018-2019,NYC Parks
October - December,Session #1,False,203,Brooklyn,Metropolitan,2019-2020,NYC Parks
April - June,Session #3,False,215,Queens,FMCP,2016-2017,NYC Parks
October - December,Session #1,False,"202, 219, 229",Manhattan,Gertrude Ederle,2017-2018,NYC Parks
October - December,Session #1,False,202,Brooklyn,Metropolitan,2018-2019,NYC Parks
October - December,Session #1,False,202,Brooklyn,Metropolitan,2018-2019,NYC Parks
October - December,Session #1,False,206,Manhattan,Tony Dapolito,2019-2020,NYC Parks
October - December,Session #1,False,1,Queens,FMCP,2018-2019,NYC Parks
January - March,Session #2,False,203,Queens,Roy Wilkins,2016-2017,NYC Parks
January - March,Session #2,False,2,Brooklyn,Brownsville,2016-2017,NYC Parks
October - December,Session #1,False,202,Queens,Roy Wilkins,2019-2020,NYC Parks
January - March,Session #2,False,201,Manhattan,Chelsea,2017-2018,NYC Parks
October - December,Session #1,False,201,Brooklyn,St. John's,2017-2018,NYC Parks
January - March,Session #2,False,201,Brooklyn,Metropolitan,2016-2017,NYC Parks
January - March,Session #2,False,205,Manhattan,Gertrude Ederle,2018-2019,NYC Parks
April - June,Session #3,False,205,Brooklyn,St. John's,2016-2017,NYC Parks
April - June,Session #3,False,231,Queens,Roy Wilkins,2017-2018,NYC Parks
January - March,Session #2,False,2,Queens,FMCP,2016-2017,NYC Parks
October - December,Session #1,False,203,Brooklyn,St. John's,2017-2018,NYC Parks
April - June,Session #3,False,202,Manhattan,Hansborough,2016-2017,NYC Parks
October - December,Session #1,False,204,Bronx,St. Mary's,2019-2020,NYC Parks
October - December,Session #1,False,203,Brooklyn,Metropolitan,2017-2018,NYC Parks
January - March,Session #2,False,202,Brooklyn,Metropolitan,2018-2019,NYC Parks
October - December,Session #1,False,202,Brooklyn,Brownsville,2019-2020,NYC Parks
October - December,Session #1,False,201,Brooklyn,Metropolitan,2018-2019,NYC Parks
January - March,Session #2,False,201,Queens,FMCP,2017-2018,NYC Parks
January - March,Session #2,False,21,Bronx,St. Mary's,2018-2019,NYC Parks
January - March,Session #2,False,204,Brooklyn,St. John's,2016-2017,NYC Parks
October - December,Session #1,False,204,Brooklyn,Metropolitan,2019-2020,NYC Parks
January - March,Session #2,False,203,Brooklyn,Brownsville,2017-2018,NYC Parks
January - March,Session #2,False,291/293,Queens,FMCP,2018-2019,NYC Parks
October - December,Session #1,False,201,Queens,FMCP,2016-2017,NYC Parks
October - December,Session #1,False,1,Queens,Roy Wilkins,2018-2019,NYC Parks
October - December,Session #1,False,201,Queens,Roy Wilkins,2018-2019,NYC Parks
January - March,Session #2,False,201,Manhattan,River Bank,2017-2018,NYC Parks
October - December,Session #1,False,205,Manhattan,Gertrude Ederle,2016-2017,NYC Parks
April - June,Session #3,False,203,Brooklyn,St. John's,2017-2018,NYC Parks
April - June,Session #3,False,201,Queens,Roy Wilkins,2017-2018,NYC Parks
october - december,Session #1,False,201,Brooklyn,St. John's,2016-2017,NYC Parks
January - March,Session #2,False,233/234,Queens,FMCP,2017-2018,NYC Parks
October - December,Session #1,False,201,Brooklyn,Metropolitan,2018-2019,NYC Parks
October - December,Session #1,False,201,Queens,Roy Wilkins,2016-2017,NYC Parks
January - March,Session #2,False,201,Queens,Roy Wilkins,2016-2017,NYC Parks
April - June,Session #3,False,"231,201",Queens,FMCP,2017-2018,NYC Parks
January - March,Session #2,False,201,Brooklyn,Metropolitan,2016-2017,NYC Parks
January - March,Session #2,False,201,Manhattan,Chelsea,2017-2018,NYC Parks
October - December,Session #1,False,201,Manhattan,Hansborough,2017-2018,NYC Parks
April - June,Session #3,False,204,Manhattan,Chelsea,2017-2018,NYC Parks
April - June,Session #3,False,202,Queens,Roy Wilkins,2017-2018,NYC Parks
October - December,Session #1,False,231,Queens,Roy Wilkins,2017-2018,NYC Parks
October - December,Session #1,False,120,Brooklyn,Brownsville,2016-2017,NYC Parks
October - December,Session #1,False,202,Brooklyn,Brownsville,2019-2020,NYC Parks
January - March,Session #2,False,201,Brooklyn,Brownsville,2018-2019,NYC Parks
January - March,Session #2,False,203,Queens,FMCP,2017-2018,NYC Parks
January - March,Session #2,False,246,Manhattan,River Bank,2020-2021,NYC Parks
October - December,Session #1,False,203,Brooklyn,Brownsville,2019-2020,NYC Parks
October - December,Session #1,False,204,Queens,FMCP,2017-2018,NYC Parks
January - March,Session #2,False,204,Brooklyn,Brownsville,2020-2021,NYC Parks
January - March,Session #2,False,202,Brooklyn,Metropolitan,2017-2018,NYC Parks
October - December,Session #1,False,"315, 300, 301",Queens,FMCP,2016-2017,NYC Parks
January - March,Session #2,False,201,Manhattan,Asser Levy,2020-2021,NYC Parks
January - March,Session #2,True,104,Brooklyn,St. John's,2016-2017,NYC Parks
April - June,Session #3,False,202,Queens,Roy Wilkins,2017-2018,NYC Parks
October - December,Session #1,False,201,Brooklyn,St. John's,2016-2017,NYC Parks
April - June,Session #3,False,202,Queens,FMCP,2018-2019,NYC Parks
April - June,Session #3,False,201,Queens,FMCP,2016-2017,NYC Parks
October - December,Session #1,False,201,Brooklyn,Metropolitan,2016-2017,NYC Parks
April - June,Session #3,False,201,Brooklyn,Brownsville,2018-2019,NYC Parks
October - December,Session #1,False,201,Queens,Roy Wilkins,2018-2019,NYC Parks
January - March,Session #2,False,232,Queens,FMCP,2016-2017,NYC Parks
October - December,Session #1,False,236,Queens,FMCP,2017-2018,NYC Parks
April - June,Session #3,False,201,Queens,FMCP,2018-2019,NYC Parks
January - March,Session #2,False,201,Brooklyn,Metropolitan,2019-2020,NYC Parks
January - March,Session #2,False,209,Queens,FMCP,2017-2018,NYC Parks
April - June,Session #3,False,10A/11A,Manhattan,Tony Dapolito,2017-2018,NYC Parks
January - March,Session #2,False,204,Queens,Roy Wilkins,2016-2017,NYC Parks
January - March,Session #2,False,2,Queens,Roy Wilkins,2017-2018,NYC Parks
January - March,Session #2,False,202,Manhattan,Gertrude Ederle,2017-2018,NYC Parks
October - December,Session #1,False,"603, 604",Manhattan,Asser Levy,2016-2017,NYC Parks
January - March,Session #2,False,202/239,Brooklyn,Brownsville,2016-2017,NYC Parks
October - December,Session #1,False,201,Brooklyn,St. John's,2019-2020,NYC Parks
October - December,Session #1,False,203,Brooklyn,Metropolitan,2016-2017,NYC Parks
January - March,Session #2,False,214,Brooklyn,St. John's,2020-2021,NYC Parks
October - December,Session #1,False,202,Queens,Roy Wilkins,2019-2020,NYC Parks
April - June,Session #3,False,203,Queens,FMCP,2016-2017,NYC Parks
April - June,Session #3,False,231,Queens,Roy Wilkins,2016-2017,NYC Parks
October - December,Session #1,False,120,Brooklyn,Brownsville,2016-2017,NYC Parks
January - March,Session #2,False,201,Manhattan,River Bank,2017-2018,NYC Parks
April - June,Session #3,False,201,Brooklyn,Brownsville,2017-2018,NYC Parks
October - December,Session #1,False,202,Manhattan,Hansborough,2016-2017,NYC Parks
January - March,Session #2,False,201,Manhattan,Hansborough,2017-2018,NYC Parks
October - December,Session #1,False,604,Manhattan,Asser Levy,2016-2017,NYC Parks
January - March,Session #2,False,201,Queens,FMCP,2018-2019,NYC Parks
January - March,Session #2,False,202,Brooklyn,Brownsville,2017-2018,NYC Parks
April - June,Session #3,False,2,Brooklyn,Metropolitan,2016-2017,NYC Parks
January - March,Session #2,False,291,Queens,Roy Wilkins,2018-2019,NYC Parks
April - June,Session #3,False,203,Queens,Roy Wilkins,2017-2018,NYC Parks
January - March,Session #2,False,216,Manhattan,River Bank,2020-2021,NYC Parks
April - June,Session #3,False,91,Brooklyn,Metropolitan,2017-2018,NYC Parks
January - March,Session #2,False,221,Queens,FMCP,2017-2018,NYC Parks
October - December,Session #1,False,205,Manhattan,Tony Dapolito,2017-2018,NYC Parks
October - December,Session #1,False,203,Brooklyn,Metropolitan,2017-2018,NYC Parks
April - June,Session #3,False,202,Manhattan,Asser Levy,2016-2017,NYC Parks
October - December,Session #1,False,202,Bronx,St. Mary's,2017-2018,NYC Parks
April - June,Session #3,False,201,Queens,FMCP,2018-2019,NYC Parks
October - December,Session #1,False,231,Queens,FMCP,2017-2018,NYC Parks
October - December,Session #1,False,231,Queens,FMCP,2016-2017,NYC Parks
April - June,Session #3,False,202,Manhattan,Tony Dapolito,2017-2018,NYC Parks
October - December,Session #1,False,231,Queens,Roy Wilkins,2017-2018,NYC Parks
April - June,Session #3,False,206,Queens,FMCP,2016-2017,NYC Parks
October - December,Session #1,False,202,Manhattan,Hansborough,2016-2017,NYC Parks
January - March,Session #2,False,204,Bronx,St. Mary's,2017-2018,NYC Parks
October - December,Session #1,False,"202, 219, 229",Manhattan,Gertrude Ederle,2017-2018,NYC Parks
April - June,Session #3,False,201,Bronx,St. Mary's,2017-2018,NYC Parks
April - June,Session #3,False,201,Queens,Roy Wilkins,2018-2019,NYC Parks
January - March,Session #2,False,214,Brooklyn,St. John's,2020-2021,NYC Parks
April - June,Session #3,False,202,Bronx,St. Mary's,2017-2018,NYC Parks
April - June,Session #3,False,202,Manhattan,River Bank,2018-2019,NYC Parks
April - June,Session #3,False,201,Queens,Roy Wilkins,2018-2019,NYC Parks
April - June,Session #3,False,201,Queens,Roy Wilkins,2018-2019,NYC Parks
October - December,Session #1,False,202,Brooklyn,St. John's,2017-2018,NYC Parks
October - December,Session #1,False,202,Brooklyn,St. John's,2017-2018,NYC Parks
April - June,Session #3,False,206,Brooklyn,Brownsville,2017-2018,NYC Parks
October - December,Session #1,False,2 HR,Queens,Roy Wilkins,2017-2018,NYC Parks
January - March,Session #2,False,202,Brooklyn,Metropolitan,2016-2017,NYC Parks
April - June,Session #3,False,903/203,Brooklyn,St. John's,2017-2018,NYC Parks
April - June,Session #3,False,205,Manhattan,Tony Dapolito,2018-2019,NYC Parks
October - December,Session #1,False,204,Manhattan,Gertrude Ederle,2019-2020,NYC Parks
January - March,Session #2,False,203,Brooklyn,St. John's,2017-2018,NYC Parks
January - March,Session #2,False,202,Brooklyn,Brownsville,2016-2017,NYC Parks
October - December,Session #1,False,201,Manhattan,Asser Levy,2018-2019,NYC Parks
April - June,Session #3,False,202,Brooklyn,St. John's,2016-2017,NYC Parks
April - June,Session #3,False,202,Brooklyn,Metropolitan,2017-2018,NYC Parks
April - June,Session #3,False,201,Manhattan,River Bank,2017-2018,NYC Parks
April - June,Session #3,False,202,Queens,FMCP,2018-2019,NYC Parks
January - March,Session #2,False,11,Brooklyn,Brownsville,2020-2021,NYC Parks
April - June,Session #3,False,203,Brooklyn,Brownsville,2016-2017,NYC Parks
January - March,Session #2,True,Y07,Brooklyn,Metropolitan,2016-2017,NYC Parks
January - March,Session #2,False,100,Queens,Roy Wilkins,2018-2019,NYC Parks
January - March,Session #2,False,233/234,Queens,FMCP,2017-2018,NYC Parks
October - December,Session #1,False,201 & 202,Brooklyn,St. John's,2017-2018,NYC Parks
October - December,Session #1,False,231,Queens,FMCP,2017-2018,NYC Parks
April - June,Session #3,False,206,Brooklyn,St. John's,2016-2017,NYC Parks
January - March,Session #2,False,231,Queens,FMCP,2016-2017,NYC Parks
October - December,Session #1,False,201,Queens,Roy Wilkins,2017-2018,NYC Parks
January - March,Session #2,False,201,Manhattan,Asser Levy,2020-2021,NYC Parks
April - June,Session #3,False,201,Manhattan,Hansborough,2017-2018,NYC Parks
April - June,Session #3,False,203,Queens,FMCP,2016-2017,NYC Parks
October - December,Session #1,False,202,Brooklyn,Metropolitan,2019-2020,NYC Parks
April - June,Session #3,False,2 Quinn HR,Queens,Roy Wilkins,2017-2018,NYC Parks
April - June,Session #3,False,112,Brooklyn,Brownsville,2018-2019,NYC Parks
January - March,Session #2,False,200,Manhattan,Hansborough,2018-2019,NYC Parks
April - June,Session #3,False,201,Queens,Roy Wilkins,2016-2017,NYC Parks
October - December,Session #1,False,204,Brooklyn,Metropolitan,2017-2018,NYC Parks
October - December,Session #1,False,2,Queens,FMCP,2018-2019,NYC Parks
January - March,Session #2,False,205,Manhattan,Tony Dapolito,2016-2017,NYC Parks
January - March,Session #2,False,204,Manhattan,Tony Dapolito,2016-2017,NYC Parks
October - December,Session #1,False,201,Brooklyn,Metropolitan,2019-2020,NYC Parks
January - March,Session #2,False,100,Brooklyn,Brownsville,2018-2019,NYC Parks
January - March,Session #2,False,202,Manhattan,Hansborough,2017-2018,NYC Parks
January - March,Session #2,False,202,Brooklyn,Brownsville,2016-2017,NYC Parks
October - December,Session #1,True,SE X03,Manhattan,Hansborough,2017-2018,NYC Parks
October - December,Session #1,False,205,Manhattan,Chelsea,2016-2017,NYC Parks
April - June,Session #3,False,419,Queens,FMCP,2018-2019,NYC Parks
January - March,Session #2,False,11,Brooklyn,Brownsville,2020-2021,NYC Parks
October - December,Session #1,False,2 HR,Queens,Roy Wilkins,2017-2018,NYC Parks
April - June,Session #3,False,201,Queens,Roy Wilkins,2018-2019,NYC Parks
January - March,Session #2,False,201,Brooklyn,St. John's,2020-2021,NYC Parks
January - March,Session #2,False,246,Manhattan,River Bank,2020-2021,NYC Parks
April - June,Session #3,False,202,Queens,FMCP,2018-2019,NYC Parks
April - June,Session #3,True,201,Queens,FMCP,2017-2018,NYC Parks
October - December,Session #1,False,201,Queens,Roy Wilkins,2016-2017,NYC Parks
October - December,Session #1,False,202,Queens,Roy Wilkins,2019-2020,NYC Parks
October - December,Session #1,False,2 HR,Queens,Roy Wilkins,2017-2018,NYC Parks
January - March,Session #2,False,201,Brooklyn,Metropolitan,2020-2021,NYC Parks
April - June,Session #3,False,201,Queens,Roy Wilkins,2016-2017,NYC Parks
January - March,Session #2,False,203,Brooklyn,St. John's,2016-2017,NYC Parks
April - June,Session #3,False,201,Queens,Roy Wilkins,2016-2017,NYC Parks
October - December,Session #1,False,201,Queens,Roy Wilkins,2019-2020,NYC Parks
October - December,Session #1,False,202 & 205,Brooklyn,St. John's,2017-2018,NYC Parks
October - December,Session #1,False,203,Brooklyn,Metropolitan,2017-2018,NYC Parks
January - March,Session #2,False,232,Queens,FMCP,2018-2019,NYC Parks
April - June,Session #3,False,203,Queens,FMCP,2017-2018,NYC Parks
October - December,Session #1,False,202,Brooklyn,Metropolitan,2016-2017,NYC Parks
October - December,Session #1,False,201,Brooklyn,Brownsville,2017-2018,NYC Parks
October - December,Session #1,False,201,Queens,Far Rockaway,2017-2018,NYC Parks
April - June,Session #3,False,202,Queens,FMCP,2018-2019,NYC Parks
April - June,Session #3,False,205,Brooklyn,St. John's,2016-2017,NYC Parks
October - December,Session #1,False,201,Brooklyn,Brownsville,2016-2017,NYC Parks
October - December,Session #1,False,205,Brooklyn,Metropolitan,2019-2020,NYC Parks
October - December,Session #1,False,202,Queens,FMCP,2017-2018,NYC Parks
April - June,Session #3,False,"230,232",Manhattan,Gertrude Ederle,2017-2018,NYC Parks
January - March,Session #2,False,201,Manhattan,Hansborough,2016-2017,NYC Parks
January - March,Session #2,False,203,Brooklyn,St. John's,2016-2017,NYC Parks
April - June,Session #3,False,202,Brooklyn,Brownsville,2016-2017,NYC Parks
January - March,Session #2,False,202,Brooklyn,Brownsville,2018-2019,NYC Parks
April - June,Session #3,False,202,Queens,FMCP,2018-2019,NYC Parks
January - March,Session #2,False,203,Queens,Roy Wilkins,2016-2017,NYC Parks
October - December,Session #1,False,205,Bronx,St. Mary's,2019-2020,NYC Parks
January - March,Session #2,False,205,Manhattan,River Bank,2020-2021,NYC Parks
January - March,Session #2,False,202,Brooklyn,Metropolitan,2016-2017,NYC Parks
January - March,Session #2,False,202,Brooklyn,Metropolitan,2017-2018,NYC Parks
October - December,Session #1,False,202,Queens,Roy Wilkins,2017-2018,NYC Parks
January - March,Session #2,False,203,Queens,FMCP,2016-2017,NYC Parks
April - June,Session #3,False,201,Brooklyn,Brownsville,2018-2019,NYC Parks
January - March,Session #2,False,201,Queens,Roy Wilkins,2020-2021,NYC Parks
October - December,Session #1,False,208,Manhattan,Tony Dapolito,2019-2020,NYC Parks
April - June,Session #3,False,231,Queens,Roy Wilkins,2016-2017,NYC Parks
October - December,Session #1,False,604,Manhattan,Asser Levy,2017-2018,NYC Parks
October - December,Session #1,False,202,Queens,Roy Wilkins,2018-2019,NYC Parks
October - December,Session #1,False,201,Queens,Roy Wilkins,2019-2020,NYC Parks
October - December,Session #1,False,239,Brooklyn,Brownsville,2016-2017,NYC Parks
January - March,Session #2,False,202,Brooklyn,Brownsville,2016-2017,NYC Parks
January - March,Session #2,False,202,Brooklyn,Brownsville,2017-2018,NYC Parks
October - December,Session #1,False,202,Manhattan,Gertrude Ederle,2016-2017,NYC Parks
January - March,Session #2,False,205,Manhattan,River Bank,2017-2018,NYC Parks
April - June,Session #3,False,204,Bronx,St. Mary's,2017-2018,NYC Parks
October - December,Session #1,False,201,Queens,FMCP,2017-2018,NYC Parks
October - December,Session #1,False,240,Manhattan,Asser Levy,2017-2018,NYC Parks
April - June,Session #3,False,201,Queens,Roy Wilkins,2016-2017,NYC Parks
January - March,Session #2,False,201,Bronx,St. Mary's,2018-2019,NYC Parks
October - December,Session #1,False,201,Queens,FMCP,2018-2019,NYC Parks
October - December,Session #1,False,202,Brooklyn,Brownsville,2018-2019,NYC Parks
April - June,Session #3,False,205,Manhattan,Tony Dapolito,2016-2017,NYC Parks
April - June,Session #3,False,903/203,Brooklyn,St. John's,2017-2018,NYC Parks
October - December,Session #1,False,239,Brooklyn,Brownsville,2016-2017,NYC Parks
October - December,Session #1,False,202/205,Bronx,St. Mary's,2018-2019,NYC Parks
October - December,Session #1,False,1,Manhattan,Chelsea,2017-2018,NYC Parks
October - December,Session #1,False,201,Brooklyn,St. John's,2019-2020,NYC Parks
october - december,Session #1,False,203,Brooklyn,St. John's,2016-2017,NYC Parks
October - December,Session #1,False,201,Queens,Roy Wilkins,2018-2019,NYC Parks
October - December,Session #1,False,201,Brooklyn,St. John's,2019-2020,NYC Parks
January - March,Session #2,False,201,Queens,FMCP,2017-2018,NYC Parks
January - March,Session #2,False,204,Manhattan,River Bank,2016-2017,NYC Parks
January - March,Session #2,False,202,Queens,Roy Wilkins,2018-2019,NYC Parks
October - December,Session #1,False,202,Queens,Roy Wilkins,2019-2020,NYC Parks
January - March,Session #2,False,100,Queens,Roy Wilkins,2018-2019,NYC Parks
January - March,Session #2,False,234,Queens,FMCP,2018-2019,NYC Parks
January - March,Session #2,False,201,Brooklyn,Metropolitan,2016-2017,NYC Parks
April - June,Session #3,False,203 & 207,Brooklyn,Brownsville,2016-2017,NYC Parks
January - March,Session #2,False,202,Bronx,St. Mary's,2016-2017,NYC Parks
April - June,Session #3,False,201,Queens,FMCP,2018-2019,NYC Parks
January - March,Session #2,False,202/239,Brooklyn,Brownsville,2016-2017,NYC Parks
October - December,Session #1,False,202,Brooklyn,Metropolitan,2016-2017,NYC Parks
October - December,Session #1,False,291/ 231,Queens,Roy Wilkins,2016-2017,NYC Parks
January - March,Session #2,False,205,Brooklyn,Metropolitan,2020-2021,NYC Parks
April - June,Session #3,False,201,Queens,Roy Wilkins,2016-2017,NYC Parks
January - March,Session #2,True,419,Queens,Roy Wilkins,2020-2021,NYC Parks
April - June,Session #3,False,201,Queens,FMCP,2016-2017,NYC Parks
January - March,Session #2,False,202,Manhattan,Chelsea,2016-2017,NYC Parks
April - June,Session #3,False,324,Queens,FMCP,2016-2017,NYC Parks
April - June,Session #3,False,201,Manhattan,Tony Dapolito,2016-2017,NYC Parks
April - June,Session #3,False,202,Manhattan,Gertrude Ederle,2018-2019,NYC Parks
October - December,Session #1,False,204,Queens,FMCP,2017-2018,NYC Parks
October - December,Session #1,False,231,Queens,FMCP,2017-2018,NYC Parks
October - December,Session #1,False,120,Brooklyn,Brownsville,2016-2017,NYC Parks
April - June,Session #3,False,203,Queens,Roy Wilkins,2018-2019,NYC Parks
October - December,Session #1,False,309,Manhattan,River Bank,2019-2020,NYC Parks
January - March,Session #2,False,201,Brooklyn,Metropolitan,2017-2018,NYC Parks
January - March,Session #2,False,203,Brooklyn,St. John's,2017-2018,NYC Parks
October - December,Session #1,False,202,Brooklyn,Brownsville,2019-2020,NYC Parks
January - March,Session #2,False,202,Queens,FMCP,2016-2017,NYC Parks
January - March,Session #2,False,201,Brooklyn,Brownsville,2017-2018,NYC Parks
January - March,Session #2,False,201,Brooklyn,Brownsville,2018-2019,NYC Parks
October - December,Session #1,False,201,Queens,Roy Wilkins,2018-2019,NYC Parks
April - June,Session #3,False,Dartmoth,Queens,Roy Wilkins,2016-2017,NYC Parks
October - December,Session #1,False,201,Queens,FMCP,2016-2017,NYC Parks
October - December,Session #1,False,"120, 277, 203, 205",Manhattan,Hansborough,2018-2019,NYC Parks
January - March,Session #2,False,201,Queens,Roy Wilkins,2016-2017,NYC Parks
April - June,Session #3,False,201,Queens,FMCP,2018-2019,NYC Parks
October - December,Session #1,False,201,Brooklyn,Brownsville,2019-2020,NYC Parks
April - June,Session #3,False,202,Manhattan,Asser Levy,2016-2017,NYC Parks
April - June,Session #3,False,"291, 293",Queens,FMCP,2016-2017,NYC Parks
January - March,Session #2,True,V01,Manhattan,Tony Dapolito,2017-2018,NYC Parks
January - March,Session #2,False,203,Manhattan,Tony Dapolito,2018-2019,NYC Parks
January - March,Session #2,False,246,Manhattan,River Bank,2020-2021,NYC Parks
October - December,Session #1,False,202,Queens,FMCP,2016-2017,NYC Parks
April - June,Session #3,False,202,Queens,FMCP,2017-2018,NYC Parks
October - December,Session #1,False,014/011,Brooklyn,Brownsville,2018-2019,NYC Parks
January - March,Session #2,False,231,Queens,Roy Wilkins,2020-2021,NYC Parks
April - June,Session #3,False,208/213,Manhattan,Asser Levy,2018-2019,NYC Parks
January - March,Session #2,True,Y44,Brooklyn,Metropolitan,2018-2019,NYC Parks
January - March,Session #2,False,201,Queens,Roy Wilkins,2016-2017,NYC Parks
April - June,Session #3,False,202,Queens,FMCP,2016-2017,NYC Parks
October - December,Session #1,False,201,Bronx,St. Mary's,2018-2019,NYC Parks
April - June,Session #3,False,"234, 238, 236",Manhattan,Asser Levy,2016-2017,NYC Parks
January - March,Session #2,False,201,Queens,FMCP,2017-2018,NYC Parks
April - June,Session #3,False,201,Manhattan,Tony Dapolito,2017-2018,NYC Parks
October - December,Session #1,False,231,Queens,Roy Wilkins,2018-2019,NYC Parks
October - December,Session #1,False,221,Queens,FMCP,2018-2019,NYC Parks
January - March,Session #2,False,237,Queens,FMCP,2017-2018,NYC Parks
October - December,Session #1,False,202,Brooklyn,Metropolitan,2019-2020,NYC Parks
January - March,Session #2,False,231,Queens,Roy Wilkins,2018-2019,NYC Parks
January - March,Session #2,False,237,Queens,FMCP,2017-2018,NYC Parks
January - March,Session #2,False,231,Queens,FMCP,2016-2017,NYC Parks
April - June,Session #3,False,2,Brooklyn,Metropolitan,2016-2017,NYC Parks
October - December,Session #1,False,221,Queens,FMCP,2017-2018,NYC Parks
October - December,Session #1,False,201,Queens,Roy Wilkins,2016-2017,NYC Parks
October - December,Session #1,False,201,Queens,Roy Wilkins,2016-2017,NYC Parks
January - March,Session #2,False,201,Queens,FMCP,2017-2018,NYC Parks
October - December,Session #1,False,201,Queens,Roy Wilkins,2016-2017,NYC Parks
October - December,Session #1,False,201,Brooklyn,Brownsville,2016-2017,NYC Parks
October - December,Session #1,False,202,Brooklyn,Metropolitan,2017-2018,NYC Parks
April - June,Session #3,True,V44,Brooklyn,Metropolitan,2018-2019,NYC Parks
April - June,Session #3,False,201,Queens,Roy Wilkins,2018-2019,NYC Parks
October - December,Session #1,False,201,Queens,Roy Wilkins,2016-2017,NYC Parks
January - March,Session #2,True,Y44,Brooklyn,Metropolitan,2018-2019,NYC Parks
January - March,Session #2,False,202,Manhattan,Gertrude Ederle,2017-2018,NYC Parks
April - June,Session #3,False,231,Queens,Roy Wilkins,2018-2019,NYC Parks
April - June,Session #3,False,202,Brooklyn,Metropolitan,2018-2019,NYC Parks
October - December,Session #1,False,231,Queens,FMCP,2016-2017,NYC Parks
January - March,Session #2,False,201,Bronx,St. Mary's,2017-2018,NYC Parks
January - March,Session #2,False,203,Manhattan,Asser Levy,2020-2021,NYC Parks
April - June,Session #3,False,"231,201",Queens,FMCP,2017-2018,NYC Parks
January - March,Session #2,False,203,Manhattan,Gertrude Ederle,2020-2021,NYC Parks
october - december,Session #1,False,215,Manhattan,Tony Dapolito,2016-2017,NYC Parks
October - December,Session #1,False,205,Manhattan,Tony Dapolito,2017-2018,NYC Parks
October - December,Session #1,False,202,Brooklyn,Metropolitan,2016-2017,NYC Parks
October - December,Session #1,False,201,Queens,Roy Wilkins,2017-2018,NYC Parks
January - March,Session #2,False,201,Manhattan,River Bank,2020-2021,NYC Parks
April - June,Session #3,False,205,Brooklyn,Metropolitan,2018-2019,NYC Parks
October - December,Session #1,False,1,Brooklyn,Metropolitan,2017-2018,NYC Parks
January - March,Session #2,False,202,Brooklyn,Metropolitan,2018-2019,NYC Parks
October - December,Session #1,False,221,Manhattan,Hansborough,2017-2018,NYC Parks
April - June,Session #3,False,231,Queens,Roy Wilkins,2017-2018,NYC Parks
January - March,Session #2,False,"202, 203, 303",Brooklyn,Brownsville,2020-2021,NYC Parks
October - December,Session #1,False,"202, 219, 229",Manhattan,Gertrude Ederle,2017-2018,NYC Parks
October - December,Session #1,False,307,Manhattan,River Bank,2019-2020,NYC Parks
January - March,Session #2,False,231,Queens,FMCP,2017-2018,NYC Parks
October - December,Session #1,False,221,Queens,FMCP,2016-2017,NYC Parks
April - June,Session #3,False,201,Bronx,St. Mary's,2017-2018,NYC Parks
January - March,Session #2,False,202,Brooklyn,Brownsville,2017-2018,NYC Parks
April - June,Session #3,False,2,Manhattan,Gertrude Ederle,2016-2017,NYC Parks
January - March,Session #2,False,201,Queens,FMCP,2016-2017,NYC Parks
October - December,Session #1,False,203,Queens,Roy Wilkins,2016-2017,NYC Parks
October - December,Session #1,False,202,Queens,Roy Wilkins,2018-2019,NYC Parks
April - June,Session #3,True,201,Queens,FMCP,2017-2018,NYC Parks
January - March,Session #2,False,205,Brooklyn,Metropolitan,2020-2021,NYC Parks
October - December,Session #1,False,202,Queens,Roy Wilkins,2017-2018,NYC Parks
January - March,Session #2,False,201,Queens,Roy Wilkins,2016-2017,NYC Parks
October - December,Session #1,False,202,Queens,Roy Wilkins,2017-2018,NYC Parks
October - December,Session #1,False,201,Queens,Roy Wilkins,2016-2017,NYC Parks
October - December,Session #1,False,201,Queens,FMCP,2017-2018,NYC Parks
October - December,Session #1,False,201,Brooklyn,Metropolitan,2018-2019,NYC Parks
January - March,Session #2,False,233/234,Queens,FMCP,2017-2018,NYC Parks
October - December,Session #1,False,206,Manhattan,Tony Dapolito,2017-2018,NYC Parks
October - December,Session #1,False,202,Brooklyn,Metropolitan,2016-2017,NYC Parks
January - March,Session #2,False,203,Manhattan,Gertrude Ederle,2016-2017,NYC Parks
October - December,Session #1,False,202,Manhattan,Hansborough,2017-2018,NYC Parks
April - June,Session #3,False,201,Brooklyn,St. John's,2017-2018,NYC Parks
January - March,Session #2,False,202,Brooklyn,Metropolitan,2017-2018,NYC Parks
October - December,Session #1,False,"202, 219, 229",Manhattan,Gertrude Ederle,2017-2018,NYC Parks
January - March,Session #2,False,219,Manhattan,Chelsea,2017-2018,NYC Parks
January - March,Session #2,False,201,Brooklyn,Brownsville,2020-2021,NYC Parks
January - March,Session #2,False,201,Manhattan,Gertrude Ederle,2017-2018,NYC Parks
April - June,Session #3,True,Y07,Brooklyn,Metropolitan,2016-2017,NYC Parks
January - March,Session #2,False,203,Brooklyn,St. John's,2017-2018,NYC Parks
April - June,Session #3,False,205,Manhattan,Tony Dapolito,2018-2019,NYC Parks
October - December,Session #1,False,201,Brooklyn,St. John's,2017-2018,NYC Parks
October - December,Session #1,False,205,Brooklyn,Brownsville,2017-2018,NYC Parks
January - March,Session #2,False,201,Manhattan,Gertrude Ederle,2017-2018,NYC Parks
October - December,Session #1,False,203,Brooklyn,Metropolitan,2019-2020,NYC Parks
April - June,Session #3,False,202,Bronx,St. Mary's,2018-2019,NYC Parks
October - December,Session #1,False,203,Queens,FMCP,2018-2019,NYC Parks
April - June,Session #3,False,"200, 201",Manhattan,Tony Dapolito,2016-2017,NYC Parks
October - December,Session #1,False,204,Bronx,St. Mary's,2019-2020,NYC Parks
January - March,Session #2,False,201,Manhattan,River Bank,2020-2021,NYC Parks
April - June,Session #3,False,202,Brooklyn,Metropolitan,2016-2017,NYC Parks
April - June,Session #3,False,203,Brooklyn,Brownsville,2016-2017,NYC Parks
January - March,Session #2,False,205,Manhattan,River Bank,2016-2017,NYC Parks
October - December,Session #1,False,221,Queens,FMCP,2018-2019,NYC Parks
April - June,Session #3,False,203,Brooklyn,St. John's,2017-2018,NYC Parks
October - December,Session #1,False,201,Brooklyn,St. John's,2017-2018,NYC Parks
January - March,Session #2,False,201,Brooklyn,St. John's,2020-2021,NYC Parks
January - March,Session #2,False,203,Brooklyn,St. John's,2017-2018,NYC Parks
October - December,Session #1,False,206,Manhattan,Tony Dapolito,2019-2020,NYC Parks
April - June,Session #3,False,201,Manhattan,Hansborough,2017-2018,NYC Parks
October - December,Session #1,False,201,Brooklyn,St. John's,2016-2017,NYC Parks
January - March,Session #2,False,214,Manhattan,Chelsea,2017-2018,NYC Parks
October - December,Session #1,False,205,Brooklyn,Metropolitan,2019-2020,NYC Parks
April - June,Session #3,False,201,Brooklyn,St. John's,2017-2018,NYC Parks
October - December,Session #1,False,201,Manhattan,Boys and Girls Harbor,2016-2017,NYC Parks
April - June,Session #3,False,439,Manhattan,Hansborough,2018-2019,NYC Parks
January - March,Session #2,True,Y07,Brooklyn,Metropolitan,2016-2017,NYC Parks
January - March,Session #2,False,201,Manhattan,Tony Dapolito,2018-2019,NYC Parks
January - March,Session #2,False,202,Queens,Roy Wilkins,2020-2021,NYC Parks
January - March,Session #2,False,205,Brooklyn,Brownsville,2018-2019,NYC Parks
October - December,Session #1,False,202,Queens,Roy Wilkins,2019-2020,NYC Parks
April - June,Session #3,False,215,Queens,FMCP,2016-2017,NYC Parks
October - December,Session #1,False,204,Queens,Roy Wilkins,2016-2017,NYC Parks
January - March,Session #2,False,202,Brooklyn,Brownsville,2017-2018,NYC Parks
April - June,Session #3,False,202,Brooklyn,Metropolitan,2017-2018,NYC Parks
October - December,Session #1,False,204,Brooklyn,Metropolitan,2019-2020,NYC Parks
January - March,Session #2,False,231,Queens,FMCP,2018-2019,NYC Parks
October - December,Session #1,False,"201, 202",Brooklyn,Brownsville,2018-2019,NYC Parks
October - December,Session #1,False,201,Queens,Roy Wilkins,2016-2017,NYC Parks
January - March,Session #2,False,233,Queens,FMCP,2016-2017,NYC Parks
October - December,Session #1,False,202,Queens,Roy Wilkins,2018-2019,NYC Parks
April - June,Session #3,False,203,Brooklyn,Brownsville,2016-2017,NYC Parks
October - December,Session #1,False,291,Manhattan,Tony Dapolito,2018-2019,NYC Parks
October - December,Session #1,False,201,Bronx,St. Mary's,2019-2020,NYC Parks
October - December,Session #1,False,603,Manhattan,Asser Levy,2018-2019,NYC Parks
April - June,Session #3,False,202,Brooklyn,Metropolitan,2018-2019,NYC Parks
October - December,Session #1,False,203,Queens,FMCP,2018-2019,NYC Parks
October - December,Session #1,False,231,Queens,FMCP,2018-2019,NYC Parks
April - June,Session #3,False,201,Brooklyn,Metropolitan,2017-2018,NYC Parks
October - December,Session #1,False,203,Queens,FMCP,2017-2018,NYC Parks
April - June,Session #3,False,201,Queens,FMCP,2018-2019,NYC Parks
October - December,Session #1,False,201,Queens,FMCP,2017-2018,NYC Parks
January - March,Session #2,False,100,Queens,Roy Wilkins,2018-2019,NYC Parks
October - December,Session #1,False,202,Queens,FMCP,2018-2019,NYC Parks
October - December,Session #1,False,201,Queens,Roy Wilkins,2019-2020,NYC Parks
October - December,Session #1,False,202,Brooklyn,St. John's,2019-2020,NYC Parks
January - March,Session #2,False,10X246,Manhattan,River Bank,2018-2019,NYC Parks
October - December,Session #1,False,205,Manhattan,Chelsea,2017-2018,NYC Parks
October - December,Session #1,False,203,Queens,Roy Wilkins,2018-2019,NYC Parks
October - December,Session #1,False,203,Brooklyn,St. John's,2017-2018,NYC Parks
April - June,Session #3,False,201,Queens,Roy Wilkins,2016-2017,NYC Parks
April - June,Session #3,False,2,Manhattan,Tony Dapolito,2018-2019,NYC Parks
April - June,Session #3,False,201,Manhattan,Hansborough,2017-2018,NYC Parks
October - December,Session #1,False,306 & 309,Queens,FMCP,2016-2017,NYC Parks
January - March,Session #2,False,200,Brooklyn,Brownsville,2018-2019,NYC Parks
April - June,Session #3,False,Dartmoth,Queens,Roy Wilkins,2016-2017,NYC Parks
October - December,Session #1,False,201,Brooklyn,Brownsville,2016-2017,NYC Parks
January - March,Session #2,False,201,Manhattan,River Bank,2020-2021,NYC Parks
April - June,Session #3,False,202,Queens,FMCP,2017-2018,NYC Parks
January - March,Session #2,False,201,Manhattan,Hansborough,2016-2017,NYC Parks
October - December,Session #1,False,2 Thorpe HR,Queens,Roy Wilkins,2016-2017,NYC Parks
January - March,Session #2,False,201,Manhattan,River Bank,2020-2021,NYC Parks
January - March,Session #2,False,201,Brooklyn,Metropolitan,2019-2020,NYC Parks
January - March,Session #2,False,205,Manhattan,Tony Dapolito,2016-2017,NYC Parks
January - March,Session #2,False,201,Brooklyn,Brownsville,2020-2021,NYC Parks
April - June,Session #3,False,231,Queens,Roy Wilkins,2016-2017,NYC Parks
October - December,Session #1,False,201,Brooklyn,Metropolitan,2018-2019,NYC Parks
October - December,Session #1,False,201,Manhattan,River Bank,2018-2019,NYC Parks
January - March,Session #2,False,10X246,Manhattan,River Bank,2018-2019,NYC Parks
october - december,Session #1,False,201,Brooklyn,St. John's,2016-2017,NYC Parks
January - March,Session #2,False,204,Brooklyn,St. John's,2016-2017,NYC Parks
January - March,Session #2,False,902/903,Brooklyn,St. John's,2016-2017,NYC Parks
April - June,Session #3,False,207,Queens,FMCP,2016-2017,NYC Parks
October - December,Session #1,False,202,Queens,Roy Wilkins,2019-2020,NYC Parks
January - March,Session #2,False,221,Queens,FMCP,2016-2017,NYC Parks
October - December,Session #1,False,202,Bronx,St. Mary's,2016-2017,NYC Parks
April - June,Session #3,False,201,Bronx,St. Mary's,2017-2018,NYC Parks
April - June,Session #3,False,210,Queens,FMCP,2018-2019,NYC Parks
April - June,Session #3,False,207,Manhattan,Gertrude Ederle,2016-2017,NYC Parks
April - June,Session #3,False,28,Queens,FMCP,2016-2017,NYC Parks
October - December,Session #1,False,201,Brooklyn,Brownsville,2019-2020,NYC Parks
October - December,Session #1,False,201,Queens,Roy Wilkins,2017-2018,NYC Parks
October - December,Session #1,False,206,Queens,FMCP,2017-2018,NYC Parks
January - March,Session #2,True,309/315,Brooklyn,Metropolitan,2017-2018,NYC Parks
April - June,Session #3,False,201,Queens,FMCP,2016-2017,NYC Parks
October - December,Session #1,False,206,Manhattan,Tony Dapolito,2017-2018,NYC Parks
April - June,Session #3,True,201,Brooklyn,Metropolitan,2017-2018,NYC Parks
October - December,Session #1,False,201,Brooklyn,St. John's,2017-2018,NYC Parks
October - December,Session #1,False,201,Brooklyn,St. John's,2021-2022,NYC Parks
January - March,Session #2,False,205,Queens,FMCP,2018-2019,NYC Parks
April - June,Session #3,False,202,Brooklyn,Brownsville,2017-2018,NYC Parks
January - March,Session #2,False,203,Manhattan,Gertrude Ederle,2016-2017,NYC Parks
April - June,Session #3,False,"291, 293",Queens,FMCP,2016-2017,NYC Parks
October - December,Session #1,False,309,Manhattan,River Bank,2019-2020,NYC Parks
October - December,Session #1,False,201,Queens,FMCP,2016-2017,NYC Parks
January - March,Session #2,False,201,Queens,FMCP,2016-2017,NYC Parks
January - March,Session #2,False,202,Bronx,St. Mary's,2016-2017,NYC Parks
October - December,Session #1,False,201,Brooklyn,Metropolitan,2019-2020,NYC Parks
January - March,Session #2,False,X01,Manhattan,Chelsea,2016-2017,NYC Parks
October - December,Session #1,False,203,Brooklyn,Brownsville,2017-2018,NYC Parks
October - December,Session #1,False,291,Manhattan,Chelsea,2017-2018,NYC Parks
October - December,Session #1,False,203,Brooklyn,Metropolitan,2019-2020,NYC Parks
October - December,Session #1,False,203,Queens,Roy Wilkins,2017-2018,NYC Parks
April - June,Session #3,False,202,Queens,Roy Wilkins,2018-2019,NYC Parks
January - March,Session #2,False,202,Queens,FMCP,2016-2017,NYC Parks
January - March,Session #2,False,221,Queens,FMCP,2018-2019,NYC Parks
April - June,Session #3,False,201,Brooklyn,St. John's,2016-2017,NYC Parks
October - December,Session #1,False,204,Brooklyn,Metropolitan,2017-2018,NYC Parks
January - March,Session #2,False,201,Queens,Roy Wilkins,2018-2019,NYC Parks
October - December,Session #1,False,201,Manhattan,Hansborough,2016-2017,NYC Parks
January - March,Session #3,False,203,Brooklyn,St. John's,2017-2018,NYC Parks
October - December,Session #1,False,202,Brooklyn,St. John's,2017-2018,NYC Parks
April - June,Session #3,False,203,Queens,Roy Wilkins,2018-2019,NYC Parks
April - June,Session #3,False,2,Manhattan,Gertrude Ederle,2016-2017,NYC Parks
October - December,Session #1,False,201,Brooklyn,Brownsville,2018-2019,NYC Parks
January - March,Session #2,False,205,Brooklyn,Metropolitan,2020-2021,NYC Parks
April - June,Session #3,False,202,Queens,FMCP,2018-2019,NYC Parks
October - December,Session #1,True,Y33,Brooklyn,LIU,2019-2020,Partner Site
October - December,Session #1,False,203,Brooklyn,Metropolitan,2019-2020,NYC Parks
January - March,Session #2,False,201,Queens,FMCP,2018-2019,NYC Parks
April - June,Session #3,False,208/213,Manhattan,Asser Levy,2018-2019,NYC Parks
October - December,Session #1,False,201,Queens,Roy Wilkins,2016-2017,NYC Parks
April - June,Session #3,False,201,Brooklyn,Brownsville,2017-2018,NYC Parks
January - March,Session #2,False,201,Queens,Roy Wilkins,2020-2021,NYC Parks
October - December,Session #1,False,202,Brooklyn,Brownsville,2017-2018,NYC Parks
April - June,Session #3,False,"230,232",Manhattan,Gertrude Ederle,2017-2018,NYC Parks
January - March,Session #2,False,201,Brooklyn,Metropolitan,2020-2021,NYC Parks
April - June,Session #3,False,201,Brooklyn,St. John's,2016-2017,NYC Parks
October - December,Session #1,False,2,Queens,FMCP,2018-2019,NYC Parks
October - December,Session #1,False,203,Brooklyn,Metropolitan,2019-2020,NYC Parks
October - December,Session #1,False,014/011,Brooklyn,Brownsville,2018-2019,NYC Parks
october - december,Session #1,False,201,Bronx,St. Mary's,2016-2017,NYC Parks
April - June,Session #3,False,203,Queens,Roy Wilkins,2016-2017,NYC Parks
April - June,Session #3,False,208/213,Manhattan,Asser Levy,2018-2019,NYC Parks
January - March,Session #2,False,201,Queens,Roy Wilkins,2016-2017,NYC Parks
October - December,Session #1,False,202,Queens,Roy Wilkins,2017-2018,NYC Parks
October - December,Session #1,False,231,Queens,FMCP,2016-2017,NYC Parks
January - March,Session #2,False,202,Manhattan,Asser Levy,2016-2017,NYC Parks
April - June,Session #3,False,201,Queens,FMCP,2018-2019,NYC Parks
January - March,Session #2,False,2,Brooklyn,Brownsville,2018-2019,NYC Parks
October - December,Session #1,False,204,Brooklyn,Metropolitan,2018-2019,NYC Parks
January - March,Session #2,False,205,Brooklyn,St. John's,2020-2021,NYC Parks
January - March,Session #2,False,207,Manhattan,Gertrude Ederle,2016-2017,NYC Parks
October - December,Session #1,False,202,Queens,FMCP,2017-2018,NYC Parks
October - December,Session #1,False,203,Brooklyn,Metropolitan,2017-2018,NYC Parks
October - December,Session #1,False,291/ 231,Queens,Roy Wilkins,2016-2017,NYC Parks
April - June,Session #3,False,201,Manhattan,Tony Dapolito,2017-2018,NYC Parks
October - December,Session #1,False,203,Queens,FMCP,2017-2018,NYC Parks
October - December,Session #1,False,201,Queens,Roy Wilkins,2017-2018,NYC Parks
January - March,Session #2,False,201,Queens,Roy Wilkins,2020-2021,NYC Parks
April - June,Session #3,False,201,Queens,FMCP,2018-2019,NYC Parks
October - December,Session #1,False,201,Manhattan,River Bank,2018-2019,NYC Parks
October - December,Session #1,False,202,Brooklyn,Brownsville,2019-2020,NYC Parks
October - December,Session #1,False,251,Manhattan,Gertrude Ederle,2016-2017,NYC Parks
October - December,Session #1,False,"315, 300, 301",Queens,FMCP,2016-2017,NYC Parks
October - December,Session #1,False,202,Brooklyn,Brownsville,2018-2019,NYC Parks
October - December,Session #1,False,V31,Manhattan,Gertrude Ederle,2018-2019,NYC Parks
January - March,Session #2,True,235,Queens,FMCP,2017-2018,NYC Parks
April - June,Session #3,False,201,Brooklyn,Metropolitan,2017-2018,NYC Parks
April - June,Session #3,False,"291, 293",Queens,FMCP,2016-2017,NYC Parks
April - June,Session #3,True,ADAPTIVE AQUATICS,Brooklyn,Metropolitan,2017-2018,NYC Parks
October - December,Session #1,True,Y33,Brooklyn,LIU,2019-2020,Partner Site
January - March,Session #2,False,202,Brooklyn,Metropolitan,2018-2019,NYC Parks
April - June,Session #3,False,202,Queens,Roy Wilkins,2018-2019,NYC Parks
January - March,Session #2,False,206,Manhattan,Gertrude Ederle,2018-2019,NYC Parks
April - June,Session #3,False,202,Manhattan,Gertrude Ederle,2018-2019,NYC Parks
October - december,Session #1,False,201,Brooklyn,St. John's,2016-2017,NYC Parks
October - December,Session #1,False,"315, 300, 301",Queens,FMCP,2016-2017,NYC Parks
April - June,Session #3,False,903/203,Brooklyn,St. John's,2017-2018,NYC Parks
April - June,Session #3,False,205,Manhattan,Tony Dapolito,2018-2019,NYC Parks
April - June,Session #3,False,2,Queens,Roy Wilkins,2016-2017,NYC Parks
April - June,Session #3,False,202,Manhattan,River Bank,2018-2019,NYC Parks
April - June,Session #3,False,201,Queens,Roy Wilkins,2016-2017,NYC Parks
October - December,Session #1,False,202,Manhattan,Gertrude Ederle,2016-2017,NYC Parks
October - December,Session #1,False,202,Brooklyn,Brownsville,2019-2020,NYC Parks
April - June,Session #3,False,K01,Manhattan,Chelsea,2017-2018,NYC Parks
October - December,Session #1,False,203,Queens,Roy Wilkins,2019-2020,NYC Parks
January - March,Session #2,False,206,Manhattan,Gertrude Ederle,2020-2021,NYC Parks
April - June,Session #3,False,201,Brooklyn,St. John's,2017-2018,NYC Parks
October - December,Session #1,False,231,Queens,FMCP,2018-2019,NYC Parks
April - June,Session #3,False,202,Bronx,St. Mary's,2017-2018,NYC Parks
October - December,Session #1,False,202,Queens,FMCP,2016-2017,NYC Parks
October - December,Session #1,False,604,Manhattan,Asser Levy,2017-2018,NYC Parks
October - December,Session #1,False,201,Brooklyn,Brownsville,2016-2017,NYC Parks
January - March,Session #2,False,"236, 200, 234",Manhattan,Asser Levy,2016-2017,NYC Parks
January - March,Session #2,True,Y44,Brooklyn,Metropolitan,2018-2019,NYC Parks
January - March,Session #2,False,311,Manhattan,Tony Dapolito,2017-2018,NYC Parks
April - June,Session #3,False,202,Manhattan,Gertrude Ederle,2018-2019,NYC Parks
April - June,Session #3,False,"291, 202",Queens,Roy Wilkins,2016-2017,NYC Parks
October - December,Session #1,False,201,Brooklyn,Brownsville,2016-2017,NYC Parks
October - December,Session #1,False,201,Brooklyn,Metropolitan,2019-2020,NYC Parks
October - December,Session #1,False,201,Queens,Far Rockaway,2017-2018,NYC Parks
January - March,Session #2,False,204,Queens,FMCP,2016-2017,NYC Parks
January - March,Session #2,False,202,Brooklyn,Brownsville,2017-2018,NYC Parks
January - March,Session #2,False,202,Manhattan,Hansborough,2016-2017,NYC Parks
January - March,Session #2,False,201,Brooklyn,Metropolitan,2018-2019,NYC Parks
April - June,Session #3,False,202,Manhattan,River Bank,2018-2019,NYC Parks
October - December,Session #1,False,201,Queens,Roy Wilkins,2019-2020,NYC Parks
January - March,Session #2,False,209,Queens,FMCP,2017-2018,NYC Parks
January - March,Session #2,False,231,Queens,Roy Wilkins,2020-2021,NYC Parks
October - December,Session #1,False,202,Queens,Roy Wilkins,2019-2020,NYC Parks
October - December,Session #1,False,201,Brooklyn,Brownsville,2016-2017,NYC Parks
October - December,Session #1,False,202,Manhattan,Hansborough,2017-2018,NYC Parks
October - December,Session #1,False,205,Brooklyn,Brownsville,2016-2017,NYC Parks
October - December,Session #1,False,202,Brooklyn,St. John's,2017-2018,NYC Parks
January - March,Session #2,False,205,Brooklyn,Brownsville,2018-2019,NYC Parks
October - December,Session #1,False,201,Queens,Roy Wilkins,2018-2019,NYC Parks
January - March,Session #2,False,205,Manhattan,Asser Levy,2018-2019,NYC Parks
January - March,Session #2,False,202,Queens,Roy Wilkins,2016-2017,NYC Parks
January - March,Session #2,False,236,Queens,FMCP,2018-2019,NYC Parks
April - June,Session #3,False,204,Bronx,St. Mary's,2017-2018,NYC Parks
October - December,Session #1,False,202,Brooklyn,Brownsville,2017-2018,NYC Parks
April - June,Session #3,False,202,Bronx,St. Mary's,2017-2018,NYC Parks
April - June,Session #3,False,201,Brooklyn,Metropolitan,2018-2019,NYC Parks
January - March,Session #2,False,201,Brooklyn,Brownsville,2020-2021,NYC Parks
January - March,Session #2,False,204,Brooklyn,Brownsville,2020-2021,NYC Parks
October - December,Session #1,False,201,Manhattan,Hansborough,2017-2018,NYC Parks
January - March,Session #2,False,202,Brooklyn,Metropolitan,2017-2018,NYC Parks
October - December,Session #1,False,221,Queens,FMCP,2018-2019,NYC Parks
January - March,Session #2,False,202,Brooklyn,Metropolitan,2017-2018,NYC Parks
January - March,Session #2,False,201,Queens,FMCP,2017-2018,NYC Parks
October - December,Session #1,False,205,Manhattan,Tony Dapolito,2017-2018,NYC Parks
october - december,Session #1,False,205,Brooklyn,Metropolitan,2016-2017,NYC Parks
January - March,Session #2,False,201,Queens,FMCP,2017-2018,NYC Parks
April - June,Session #3,False,231,Queens,FMCP,2016-2017,NYC Parks
April - June,Session #3,True,Y27,Manhattan,Chelsea,2016-2017,NYC Parks
January - March,Session #2,False,202,Brooklyn,St. Mary's,2020-2021,NYC Parks
April - June,Session #3,False,10A/11A,Manhattan,Tony Dapolito,2017-2018,NYC Parks
October - December,Session #1,False,202,Brooklyn,Metropolitan,2019-2020,NYC Parks
January - March,Session #2,False,201,Brooklyn,Metropolitan,2020-2021,NYC Parks
January - March,Session #2,False,204,Brooklyn,St. John's,2020-2021,NYC Parks
April - June,Session #3,False,2,Manhattan,Tony Dapolito,2018-2019,NYC Parks
April - June,Session #3,False,204,Brooklyn,St. John's,2016-2017,NYC Parks
April - June,Session #3,False,202,Queens,Roy Wilkins,2018-2019,NYC Parks
April - June,Session #3,False,201,Brooklyn,Brownsville,2017-2018,NYC Parks
January - March,Session #2,False,202,Brooklyn,Brownsville,2018-2019,NYC Parks
January - March,Session #2,False,201,Brooklyn,St. John's,2017-2018,NYC Parks
April - June,Session #3,False,202,Brooklyn,Brownsville,2016-2017,NYC Parks
January - March,Session #2,False,204,Queens,Roy Wilkins,2016-2017,NYC Parks
January - March,Session #2,False,203,Brooklyn,St. John's,2017-2018,NYC Parks
January - March,Session #2,False,205,Brooklyn,St. John's,2020-2021,NYC Parks
April - June,Session #3,False,201,Queens,Roy Wilkins,2017-2018,NYC Parks
April - June,Session #3,False,203,Queens,Roy Wilkins,2016-2017,NYC Parks
January - March,Session #2,False,205/129,Brooklyn,Metropolitan,2017-2018,NYC Parks
October - December,Session #1,False,202,Queens,FMCP,2018-2019,NYC Parks
October - December,Session #1,False,202,Bronx,St. Mary's,2017-2018,NYC Parks
April - June,Session #3,False,201,Manhattan,Hansborough,2017-2018,NYC Parks
October - December,Session #1,False,201,Queens,Roy Wilkins,2016-2017,NYC Parks
January - March,Session #2,False,201,Queens,Roy Wilkins,2018-2019,NYC Parks
October - December,Session #1,False,201,Queens,FMCP,2018-2019,NYC Parks
October - December,Session #1,False,293,Queens,FMCP,2017-2018,NYC Parks
April - June,Session #3,False,201,Manhattan,Tony Dapolito,2016-2017,NYC Parks
April - June,Session #3,False,201,Queens,Roy Wilkins,2016-2017,NYC Parks
January - March,Session #2,False,214,Brooklyn,St. John's,2020-2021,NYC Parks
January - March,Session #2,False,221,Queens,FMCP,2018-2019,NYC Parks
October - December,Session #1,False,201,Manhattan,Asser Levy,2018-2019,NYC Parks
April - June,Session #3,False,207,Manhattan,Gertrude Ederle,2016-2017,NYC Parks
April - June,Session #3,False,201,Manhattan,Tony Dapolito,2017-2018,NYC Parks
January - March,Session #2,False,203,Brooklyn,Brownsville,2017-2018,NYC Parks
April - June,Session #3,False,2,Manhattan,Gertrude Ederle,2016-2017,NYC Parks
April - June,Session #3,False,201,Brooklyn,Brownsville,2017-2018,NYC Parks
October - December,Session #1,False,201,Queens,Roy Wilkins,2016-2017,NYC Parks
October - December,Session #1,False,1,Queens,Roy Wilkins,2018-2019,NYC Parks
October - December,Session #1,False,202,Brooklyn,Metropolitan,2019-2020,NYC Parks
October - December,Session #1,False,240,Manhattan,Asser Levy,2017-2018,NYC Parks
October - December,Session #1,False,"216, 205, 207, 214",Manhattan,Hansborough,2017-2018,NYC Parks
October - December,Session #1,False,"216, 205, 207, 214",Manhattan,Hansborough,2017-2018,NYC Parks
October - December,Session #1,False,201,Queens,FMCP,2016-2017,NYC Parks
April - June,Session #3,False,208,Manhattan,Chelsea,2016-2017,NYC Parks
October - December,Session #1,True,SE X03,Manhattan,Hansborough,2017-2018,NYC Parks
October - December,Session #1,False,201,Queens,Roy Wilkins,2018-2019,NYC Parks
January - March,Session #2,False,203,Queens,Roy Wilkins,2016-2017,NYC Parks
October - December,Session #1,False,202,Brooklyn,Metropolitan,2017-2018,NYC Parks
January - March,Session #2,True,419,Queens,Roy Wilkins,2020-2021,NYC Parks
January - March,Session #2,False,205,Brooklyn,St. John's,2020-2021,NYC Parks
January - March,Session #2,False,201,Brooklyn,Metropolitan,2016-2017,NYC Parks
April - June,Session #3,False,201,Brooklyn,Metropolitan,2018-2019,NYC Parks
October - December,Session #1,False,201,Queens,FMCP,2016-2017,NYC Parks
January - March,Session #2,False,2DL,Manhattan,Asser Levy,2018-2019,NYC Parks
April - June,Session #3,False,201,Queens,Roy Wilkins,2016-2017,NYC Parks
April - June,Session #3,False,201,Brooklyn,St. John's,2016-2017,NYC Parks
October - December,Session #1,False,203,Queens,FMCP,2016-2017,NYC Parks
October - December,Session #1,False,205,Brooklyn,Brownsville,2017-2018,NYC Parks
october - december,Session #1,False,205,Brooklyn,Metropolitan,2016-2017,NYC Parks
April - June,Session #3,False,201,Queens,Roy Wilkins,2017-2018,NYC Parks
April - June,Session #3,False,204,Brooklyn,St. John's,2017-2018,NYC Parks
October - December,Session #1,False,204,Brooklyn,Metropolitan,2019-2020,NYC Parks
October - December,Session #1,False,"216, 205, 207, 214",Manhattan,Hansborough,2017-2018,NYC Parks
January - March,Session #2,False,221,Queens,FMCP,2017-2018,NYC Parks
April - June,Session #3,False,202,Brooklyn,Metropolitan,2018-2019,NYC Parks
October - December,Session #1,False,201,Queens,Roy Wilkins,2018-2019,NYC Parks
January - March,Session #2,False,202,Brooklyn,Brownsville,2017-2018,NYC Parks
October - December,Session #1,False,202,Brooklyn,St. John's,2019-2020,NYC Parks
January - March,Session #2,False,902/903,Brooklyn,St. John's,2016-2017,NYC Parks
January - March,Session #2,False,205,Manhattan,Gertrude Ederle,2017-2018,NYC Parks
January - March,Session #2,False,201,Manhattan,Hansborough,2016-2017,NYC Parks
January - March,Session #2,False,201,Brooklyn,Metropolitan,2017-2018,NYC Parks
April - June,Session #3,False,2,Manhattan,Gertrude Ederle,2016-2017,NYC Parks
January - March,Session #2,False,203,Queens,FMCP,2018-2019,NYC Parks
October - December,Session #1,False,309,Manhattan,River Bank,2019-2020,NYC Parks
October - December,Session #1,False,204,Brooklyn,Metropolitan,2019-2020,NYC Parks
January - March,Session #2,False,231,Queens,FMCP,2018-2019,NYC Parks
October - December,Session #1,False,203,Brooklyn,St. John's,2017-2018,NYC Parks
October - December,Session #1,False,201,Queens,Roy Wilkins,2018-2019,NYC Parks
April - June,Session #3,False,203,Brooklyn,Metropolitan,2018-2019,NYC Parks
October - December,Session #1,False,203,Queens,Far Rockaway,2017-2018,NYC Parks
January - March,Session #2,False,203,Queens,FMCP,2016-2017,NYC Parks
October - December,Session #1,False,204,Manhattan,Gertrude Ederle,2018-2019,NYC Parks
April - June,Session #3,False,202,Queens,FMCP,2018-2019,NYC Parks
October - December,Session #1,False,202,Brooklyn,Metropolitan,2019-2020,NYC Parks
April - June,Session #3,False,231,Queens,Roy Wilkins,2018-2019,NYC Parks
October - December,Session #1,False,231,Queens,Roy Wilkins,2018-2019,NYC Parks
October - December,Session #1,False,202,Queens,Roy Wilkins,2018-2019,NYC Parks
January - March,Session #2,False,2,Brooklyn,Brownsville,2018-2019,NYC Parks
January - March,Session #2,False,203,Brooklyn,St. Mary's,2020-2021,NYC Parks
January - March,Session #2,False,202,Brooklyn,Metropolitan,2018-2019,NYC Parks
October - December,Session #1,False,201,Bronx,St. Mary's,2019-2020,NYC Parks
April - June,Session #3,False,208/213,Manhattan,Asser Levy,2018-2019,NYC Parks
January - March,Session #2,False,201,Brooklyn,Metropolitan,2019-2020,NYC Parks
April - June,Session #3,False,202,Brooklyn,St. John's,2017-2018,NYC Parks
January - March,Session #2,False,902/903,Brooklyn,St. John's,2016-2017,NYC Parks
October - December,Session #1,False,203,Queens,Roy Wilkins,2019-2020,NYC Parks
October - December,Session #1,False,291,Manhattan,Tony Dapolito,2018-2019,NYC Parks
January - March,Session #2,False,236,Queens,FMCP,2018-2019,NYC Parks
January - March,Session #2,False,201,Manhattan,Hansborough,2017-2018,NYC Parks
April - June,Session #3,False,"21, 22",Bronx,St. Mary's,2016-2017,NYC Parks
October - December,Session #1,False,291/ 231,Queens,Roy Wilkins,2016-2017,NYC Parks
January - March,Session #2,False,231,Queens,Roy Wilkins,2020-2021,NYC Parks
April - June,Session #3,False,201,Queens,FMCP,2016-2017,NYC Parks
January - March,Session #2,False,205,Manhattan,Gertrude Ederle,2018-2019,NYC Parks
April - June,Session #3,False,231,Queens,Roy Wilkins,2018-2019,NYC Parks
January - March,Session #2,False,202,Brooklyn,Metropolitan,2016-2017,NYC Parks
October - December,Session #1,False,201,Brooklyn,Metropolitan,2017-2018,NYC Parks
October - December,Session #1,False,201,Brooklyn,Metropolitan,2019-2020,NYC Parks
October - December,Session #1,False,205,Brooklyn,Brownsville,2017-2018,NYC Parks
January - March,Session #2,False,2,Queens,Roy Wilkins,2018-2019,NYC Parks
October - December,Session #1,False,221,Queens,FMCP,2018-2019,NYC Parks
October - December,Session #1,False,202,Brooklyn,Metropolitan,2019-2020,NYC Parks
October - December,Session #1,False,202,Queens,Roy Wilkins,2019-2020,NYC Parks
January - March,Session #2,False,205,Manhattan,Asser Levy,2018-2019,NYC Parks
October - December,Session #1,False,202,Brooklyn,St. John's,2016-2017,NYC Parks
October - December,Session #1,False,201,Queens,Roy Wilkins,2016-2017,NYC Parks
April - June,Session #3,False,203,Brooklyn,Metropolitan,2018-2019,NYC Parks
April - June,Session #3,False,202,Manhattan,Asser Levy,2017-2018,NYC Parks
October - December,Session #1,False,206,Manhattan,Tony Dapolito,2019-2020,NYC Parks
April - June,Session #3,False,231,Queens,Roy Wilkins,2017-2018,NYC Parks
April - June,Session #3,False,203,Queens,FMCP,2018-2019,NYC Parks
April - June,Session #3,False,201,Queens,Roy Wilkins,2016-2017,NYC Parks
January - March,Session #2,False,100,Brooklyn,Brownsville,2018-2019,NYC Parks
October - December,Session #1,False,202,Bronx,St. Mary's,2016-2017,NYC Parks
January - March,Session #2,False,201,Queens,FMCP,2016-2017,NYC Parks
January - March,Session #2,False,201,Queens,Roy Wilkins,2020-2021,NYC Parks
April - June,Session #3,False,202,Manhattan,River Bank,2018-2019,NYC Parks
October - December,Session #1,False,202,Brooklyn,Brownsville,2017-2018,NYC Parks
October - December,Session #1,False,221,Queens,FMCP,2016-2017,NYC Parks
October - December,Session #1,False,203,Brooklyn,Metropolitan,2016-2017,NYC Parks
January - March,Session #2,False,202,Manhattan,Hansborough,2016-2017,NYC Parks
January - March,Session #2,False,204,Brooklyn,Brownsville,2020-2021,NYC Parks
April - June,Session #3,False,201,Brooklyn,St. John's,2016-2017,NYC Parks
April - June,Session #3,False,231,Queens,Roy Wilkins,2017-2018,NYC Parks
April - June,Session #3,False,201,Queens,FMCP,2017-2018,NYC Parks
October - December,Session #1,False,208,Manhattan,Tony Dapolito,2016-2017,NYC Parks
January - March,Session #2,False,902/903,Brooklyn,St. John's,2016-2017,NYC Parks
october - december,Session #1,False,203,Brooklyn,St. John's,2016-2017,NYC Parks
October - December,Session #1,False,204,Bronx,St. Mary's,2019-2020,NYC Parks
October - December,Session #1,False,202,Queens,Roy Wilkins,2018-2019,NYC Parks
October - December,Session #1,False,221,Queens,FMCP,2018-2019,NYC Parks
January - March,Session #2,False,201,Queens,Roy Wilkins,2016-2017,NYC Parks
April - June,Session #3,False,201,Brooklyn,Metropolitan,2017-2018,NYC Parks
January - March,Session #2,False,2DL,Manhattan,Asser Levy,2018-2019,NYC Parks
October - December,Session #1,False,202,Brooklyn,Metropolitan,2019-2020,NYC Parks
October - December,Session #1,False,231,Queens,FMCP,2016-2017,NYC Parks
April - June,Session #3,False,202,Queens,FMCP,2018-2019,NYC Parks
April - June,Session #3,False,"230,232",Manhattan,Gertrude Ederle,2017-2018,NYC Parks
October - December,Session #1,False,202,Brooklyn,Brownsville,2019-2020,NYC Parks
January - March,Session #2,False,202,Brooklyn,Brownsville,2017-2018,NYC Parks
January - March,Session #2,False,204,Queens,FMCP,2018-2019,NYC Parks
January - March,Session #2,False,202,Brooklyn,St. Mary's,2020-2021,NYC Parks
January - March,Session #2,False,202,Brooklyn,Metropolitan,2020-2021,NYC Parks
January - March,Session #2,False,203,Manhattan,Gertrude Ederle,2020-2021,NYC Parks
January - March,Session #2,False,203,Manhattan,Gertrude Ederle,2020-2021,NYC Parks
April - June,Session #3,False,2,Brooklyn,Metropolitan,2016-2017,NYC Parks
October - December,Session #1,False,205,Brooklyn,Brownsville,2016-2017,NYC Parks
January - March,Session #2,False,201,Brooklyn,Metropolitan,2018-2019,NYC Parks
April - June,Session #3,False,231,Queens,Roy Wilkins,2016-2017,NYC Parks
October - December,Session #1,False,204,Manhattan,Asser Levy,2019-2020,NYC Parks
October - December,Session #1,False,306 & 309,Queens,FMCP,2016-2017,NYC Parks
October - December,Session #1,False,221,Queens,FMCP,2017-2018,NYC Parks
April - June,Session #3,False,204,Queens,Roy Wilkins,2017-2018,NYC Parks
January - March,Session #2,False,202,Queens,Roy Wilkins,2018-2019,NYC Parks
October - December,Session #1,False,208,Manhattan,Tony Dapolito,2019-2020,NYC Parks
April - June,Session #3,False,215/232/229,Queens,FMCP,2017-2018,NYC Parks
October - December,Session #1,False,204,Queens,FMCP,2017-2018,NYC Parks
April - June,Session #3,False,204,Brooklyn,Brownsville,2017-2018,NYC Parks
April - June,Session #3,False,201,Brooklyn,Brownsville,2017-2018,NYC Parks
January - March,Session #2,False,201,Manhattan,River Bank,2017-2018,NYC Parks
October - December,Session #1,False,202,Queens,Roy Wilkins,2018-2019,NYC Parks
April - June,Session #3,False,230,Manhattan,Gertrude Ederle,2017-2018,NYC Parks
October - December,Session #1,False,203,Brooklyn,St. John's,2017-2018,NYC Parks
January - March,Session #2,False,201,Manhattan,Gertrude Ederle,2020-2021,NYC Parks
October - December,Session #1,False,201,Brooklyn,Metropolitan,2019-2020,NYC Parks
October - December,Session #1,False,221,Manhattan,Hansborough,2017-2018,NYC Parks
January - March,Session #2,False,206,Manhattan,Gertrude Ederle,2018-2019,NYC Parks
October - December,Session #1,False,204,Brooklyn,Metropolitan,2019-2020,NYC Parks
April - June,Session #3,False,203,Queens,FMCP,2017-2018,NYC Parks
October - December,Session #1,False,202,Queens,Roy Wilkins,2019-2020,NYC Parks
January - March,Session #2,False,204,Brooklyn,St. John's,2016-2017,NYC Parks
April - June,Session #3,False,221,Manhattan,Hansborough,2016-2017,NYC Parks
April - June,Session #3,False,201,Queens,FMCP,2018-2019,NYC Parks
January - March,Session #2,False,202/239,Brooklyn,Brownsville,2016-2017,NYC Parks
October - December,Session #1,False,202,Queens,Roy Wilkins,2018-2019,NYC Parks
April - June,Session #3,False,201,Brooklyn,Brownsville,2017-2018,NYC Parks
October - December,Session #1,False,205,Brooklyn,Brownsville,2016-2017,NYC Parks
January - March,Session #2,False,201,Brooklyn,Brownsville,2017-2018,NYC Parks
April - June,Session #3,False,202,Queens,Roy Wilkins,2016-2017,NYC Parks
January - March,Session #2,False,202,Brooklyn,Brownsville,2018-2019,NYC Parks
October - December,Session #1,False,13,Brooklyn,Brownsville,2019-2020,NYC Parks
October - December,Session #1,False,201,Brooklyn,St. John's,2017-2018,NYC Parks
April - June,Session #3,False,203,Queens,Roy Wilkins,2018-2019,NYC Parks
April - June,Session #3,False,2 Quinn HR,Queens,Roy Wilkins,2017-2018,NYC Parks
October - December,Session #1,False,204,Queens,Roy Wilkins,2016-2017,NYC Parks
October - December,Session #1,False,1,Manhattan,Boys and Girls Harbor,2016-2017,NYC Parks
January - March,Session #2,False,291,Manhattan,River Bank,2020-2021,NYC Parks
January - March,Session #2,False,202,Brooklyn,Metropolitan,2020-2021,NYC Parks
April - June,Session #3,False,201,Queens,FMCP,2018-2019,NYC Parks
October - December,Session #1,False,201,Brooklyn,Metropolitan,2018-2019,NYC Parks
October - December,Session #1,False,202,Brooklyn,Metropolitan,2019-2020,NYC Parks
October - December,Session #1,False,306 & 309,Queens,FMCP,2016-2017,NYC Parks
January - March,Session #2,False,203,Brooklyn,St. John's,2017-2018,NYC Parks
January - March,Session #2,False,201,Manhattan,River Bank,2020-2021,NYC Parks
October - December,Session #1,False,Y12 & Y11,Brooklyn,LIU,2016-2017,NYC Parks
October - December,Session #1,False,201,Queens,FMCP,2017-2018,NYC Parks
April - June,Session #3,False,,Manhattan,Asser Levy,2018-2019,NYC Parks
April - June,Session #3,False,215,Queens,FMCP,2016-2017,NYC Parks
April - June,Session #3,False,"234, 238, 236",Manhattan,Asser Levy,2016-2017,NYC Parks
April - June,Session #3,False,202,Brooklyn,St. John's,2016-2017,NYC Parks
October - December,Session #1,False,202,Queens,Roy Wilkins,2018-2019,NYC Parks
January - March,Session #2,False,232,Queens,FMCP,2016-2017,NYC Parks
April - June,Session #3,False,202,Queens,FMCP,2016-2017,NYC Parks
October - December,Session #1,False,"202, 219, 229",Manhattan,Gertrude Ederle,2017-2018,NYC Parks
October - December,Session #1,False,201,Brooklyn,Metropolitan,2019-2020,NYC Parks
January - March,Session #2,False,232,Queens,FMCP,2017-2018,NYC Parks
October - December,Session #1,False,203,Queens,Far Rockaway,2017-2018,NYC Parks
April - June,Session #3,False,202,Queens,FMCP,2017-2018,NYC Parks
January - March,Session #2,False,291,Manhattan,Chelsea,2016-2017,NYC Parks
April - June,Session #3,False,203 & 207,Brooklyn,Brownsville,2016-2017,NYC Parks
April - June,Session #3,False,202,Queens,FMCP,2018-2019,NYC Parks
October - December,Session #1,False,202,Brooklyn,St. John's,2019-2020,NYC Parks
October - December,Session #1,False,201,Brooklyn,Metropolitan,2019-2020,NYC Parks
January - March,Session #2,False,202,Queens,Roy Wilkins,2018-2019,NYC Parks
October - December,Session #1,False,204,Queens,FMCP,2016-2017,NYC Parks
October - December,Session #1,False,201,Brooklyn,Brownsville,2017-2018,NYC Parks
January - March,Session #2,False,214,Brooklyn,St. John's,2020-2021,NYC Parks
April - June,Session #3,False,201,Queens,FMCP,2017-2018,NYC Parks
October - December,Session #1,False,231,Queens,FMCP,2017-2018,NYC Parks
January - March,Session #2,False,201,Manhattan,Gertrude Ederle,2020-2021,NYC Parks
January - March,Session #2,False,203,Brooklyn,Metropolitan,2016-2017,NYC Parks
January - March,Session #2,False,202,Bronx,St. Mary's,2016-2017,NYC Parks
April - June,Session #3,False,202,Queens,FMCP,2017-2018,NYC Parks
January - March,Session #2,False,201,Brooklyn,St. John's,2017-2018,NYC Parks
October - December,Session #1,False,204,Brooklyn,Metropolitan,2018-2019,NYC Parks
January - March,Session #2,False,205/129,Brooklyn,Metropolitan,2017-2018,NYC Parks
January - March,Session #2,False,206,Manhattan,Gertrude Ederle,2018-2019,NYC Parks
October - December,Session #1,False,201,Manhattan,Hansborough,2018-2019,NYC Parks
April - June,Session #3,False,201,Manhattan,Gertrude Ederle,2016-2017,NYC Parks
October - December,Session #1,False,201,Brooklyn,Metropolitan,2018-2019,NYC Parks
April - June,Session #3,False,231,Queens,Roy Wilkins,2017-2018,NYC Parks
January - March,Session #2,False,201,Brooklyn,Metropolitan,2016-2017,NYC Parks
April - June,Session #3,False,221,Queens,FMCP,2016-2017,NYC Parks
January - March,Session #2,False,291/293,Queens,FMCP,2018-2019,NYC Parks
October - December,Session #1,False,205,Manhattan,Tony Dapolito,2017-2018,NYC Parks
October - December,Session #1,False,202,Queens,Roy Wilkins,2017-2018,NYC Parks
October - December,Session #1,False,251,Manhattan,Gertrude Ederle,2019-2020,NYC Parks
January - March,Session #2,False,309,Manhattan,Tony Dapolito,2020-2021,NYC Parks
October - December,Session #1,False,202,Queens,Roy Wilkins,2017-2018,NYC Parks
January - March,Session #2,False,204,Brooklyn,St. John's,2020-2021,NYC Parks
October - December,Session #1,False,120,Brooklyn,Brownsville,2016-2017,NYC Parks
January - March,Session #2,False,231,Queens,FMCP,2016-2017,NYC Parks
October - December,Session #1,False,201,Queens,FMCP,2016-2017,NYC Parks
April - June,Session #3,False,202,Queens,FMCP,2017-2018,NYC Parks
October - December,Session #1,False,203,Brooklyn,St. John's,2016-2017,NYC Parks
April - June,Session #3,False,419,Queens,FMCP,2018-2019,NYC Parks
October - December,Session #1,False,201,Brooklyn,Brownsville,2018-2019,NYC Parks
October - December,Session #1,False,201,Queens,Roy Wilkins,2017-2018,NYC Parks
January - March,Session #2,True,202,Brooklyn,St. John's,2020-2021,NYC Parks
January - March,Session #2,False,204,Queens,Roy Wilkins,2020-2021,NYC Parks
January - March,Session #2,False,201,Manhattan,River Bank,2020-2021,NYC Parks
January - March,Session #2,False,201,Brooklyn,Brownsville,2016-2017,NYC Parks
October - December,Session #1,False,200,Brooklyn,Brownsville,2019-2020,NYC Parks
October - December,Session #1,False,2,Queens,FMCP,2018-2019,NYC Parks
April - June,Session #3,False,"291, 202",Queens,Roy Wilkins,2016-2017,NYC Parks
April - June,Session #3,False,201,Manhattan,Asser Levy,2017-2018,NYC Parks
October - December,Session #1,False,201,Queens,Far Rockaway,2017-2018,NYC Parks
April - June,Session #3,False,202,Brooklyn,Brownsville,2016-2017,NYC Parks
January - March,Session #2,False,204,Manhattan,Tony Dapolito,2017-2018,NYC Parks
January - March,Session #2,False,203,Bronx,St. Mary's,2016-2017,NYC Parks
January - March,Session #2,False,202,Brooklyn,Brownsville,2018-2019,NYC Parks
January - March,Session #2,False,201,Manhattan,Asser Levy,2017-2018,NYC Parks
October - December,Session #1,False,231,Queens,FMCP,2017-2018,NYC Parks
October - December,Session #1,False,2,Queens,FMCP,2018-2019,NYC Parks
April - June,Session #3,False,202,Queens,Roy Wilkins,2017-2018,NYC Parks
October - December,Session #1,False,202,Queens,Roy Wilkins,2018-2019,NYC Parks
April - June,Session #3,False,230,Manhattan,Gertrude Ederle,2017-2018,NYC Parks
October - December,Session #1,False,202,Brooklyn,Brownsville,2019-2020,NYC Parks
April - June,Session #3,False,231,Queens,FMCP,2018-2019,NYC Parks
January - March,Session #2,False,303,Manhattan,Tony Dapolito,2020-2021,NYC Parks
October - December,Session #1,False,202,Brooklyn,St. John's,2019-2020,NYC Parks
January - March,Session #2,False,202,Brooklyn,Brownsville,2017-2018,NYC Parks
October - December,Session #1,False,201,Queens,Roy Wilkins,2019-2020,NYC Parks
January - March,Session #2,False,200,Brooklyn,Brownsville,2018-2019,NYC Parks
April - June,Session #3,False,202,Manhattan,Hansborough,2016-2017,NYC Parks
October - December,Session #1,False,"202,  219, 229",Bronx,St. Mary's,2017-2018,NYC Parks
January - March,Session #2,False,202,Brooklyn,Brownsville,2016-2017,NYC Parks
January - March,Session #2,False,204,Manhattan,River Bank,2016-2017,NYC Parks
April - June,Session #3,False,201,Manhattan,Tony Dapolito,2016-2017,NYC Parks
October - December,Session #1,False,205,Brooklyn,Metropolitan,2019-2020,NYC Parks
April - June,Session #3,False,202,Queens,FMCP,2018-2019,NYC Parks
October - December,Session #1,False,202,Brooklyn,Metropolitan,2016-2017,NYC Parks
April - June,Session #3,True,102,Brooklyn,Metropolitan,2018-2019,NYC Parks
January - March,Session #2,True,Y44,Brooklyn,Metropolitan,2018-2019,NYC Parks
April - June,Session #3,False,202,Queens,FMCP,2018-2019,NYC Parks
October - December,Session #1,False,201,Brooklyn,Brownsville,2017-2018,NYC Parks
April - June,Session #3,False,201,Brooklyn,Brownsville,2016-2017,NYC Parks
October - December,Session #1,False,201,Queens,Roy Wilkins,2017-2018,NYC Parks
January - March,Session #2,False,201,Queens,Roy Wilkins,2020-2021,NYC Parks
October - December,Session #1,False,208,Manhattan,Tony Dapolito,2016-2017,NYC Parks
April - June,Session #3,False,202,Manhattan,Asser Levy,2016-2017,NYC Parks
January - March,Session #2,False,231,Queens,Roy Wilkins,2020-2021,NYC Parks
April - June,Session #3,False,205,Brooklyn,Metropolitan,2018-2019,NYC Parks
January - March,Session #2,False,214,Manhattan,Chelsea,2017-2018,NYC Parks
April - June,Session #3,False,203,Queens,FMCP,2018-2019,NYC Parks
January - March,Session #2,False,201,Queens,Roy Wilkins,2018-2019,NYC Parks
October - December,Session #1,False,202,Queens,Far Rockaway,2017-2018,NYC Parks
October - December,Session #1,False,205,Brooklyn,Metropolitan,2019-2020,NYC Parks
April - June,Session #3,True,252,Manhattan,Hansborough,2017-2018,NYC Parks
April - June,Session #3,False,205,Brooklyn,St. John's,2016-2017,NYC Parks
January - March,Session #2,False,207,Manhattan,Gertrude Ederle,2016-2017,NYC Parks
January - March,Session #2,False,202,Brooklyn,Metropolitan,2016-2017,NYC Parks
January - March,Session #2,False,214,Manhattan,Chelsea,2017-2018,NYC Parks
October - December,Session #1,False,201,Queens,Roy Wilkins,2017-2018,NYC Parks
January - March,Session #2,False,202/239,Brooklyn,Brownsville,2016-2017,NYC Parks
October - December,Session #1,False,204,Manhattan,Gertrude Ederle,2018-2019,NYC Parks
October - December,Session #1,False,201,Queens,Roy Wilkins,2016-2017,NYC Parks
January - March,Session #2,False,201,Brooklyn,Metropolitan,2018-2019,NYC Parks
January - March,Session #2,False,201,Brooklyn,Metropolitan,2019-2020,NYC Parks
October - December,Session #1,False,201,Queens,Roy Wilkins,2018-2019,NYC Parks
January - March,Session #2,False,201,Queens,FMCP,2017-2018,NYC Parks
October - December,Session #1,False,203,Brooklyn,Metropolitan,2016-2017,NYC Parks
october - december,Session #1,False,201,Bronx,St. Mary's,2016-2017,NYC Parks
January - March,Session #2,False,201,Queens,Roy Wilkins,2018-2019,NYC Parks
October - December,Session #1,False,"202, 219, 229",Manhattan,Gertrude Ederle,2017-2018,NYC Parks
October - December,Session #1,False,"120, 277, 203, 205",Manhattan,Hansborough,2018-2019,NYC Parks
October - December,Session #1,False,"201, 202",Brooklyn,Brownsville,2018-2019,NYC Parks
April - June,Session #3,False,221,Manhattan,Hansborough,2016-2017,NYC Parks
April - June,Session #3,False,2,Manhattan,Gertrude Ederle,2016-2017,NYC Parks
October - December,Session #1,False,306 & 309,Queens,FMCP,2016-2017,NYC Parks
October - December,Session #1,False,201,Queens,Roy Wilkins,2019-2020,NYC Parks
October - December,Session #1,False,201,Brooklyn,Metropolitan,2019-2020,NYC Parks
October - December,Session #1,False,201,Manhattan,River Bank,2018-2019,NYC Parks
January - March,Session #2,False,201,Bronx,St. Mary's,2018-2019,NYC Parks
October - December,Session #1,False,201,Brooklyn,Brownsville,2018-2019,NYC Parks
October - December,Session #1,False,206,Manhattan,Tony Dapolito,2019-2020,NYC Parks
October - December,Session #1,False,202,Brooklyn,Metropolitan,2018-2019,NYC Parks
January - March,Session #2,False,203,Brooklyn,St. John's,2016-2017,NYC Parks
January - March,Session #2,False,201,Brooklyn,St. John's,2016-2017,NYC Parks
January - March,Session #2,False,202,Manhattan,Chelsea,2016-2017,NYC Parks
January - March,Session #2,False,202,Brooklyn,St. John's,2017-2018,NYC Parks
October - December,Session #1,False,231,Queens,Roy Wilkins,2017-2018,NYC Parks
October - December,Session #1,False,201,Queens,Roy Wilkins,2016-2017,NYC Parks
October - December,Session #1,False,204,Brooklyn,Metropolitan,2019-2020,NYC Parks
October - December,Session #1,False,"202,  219, 229",Bronx,St. Mary's,2017-2018,NYC Parks
January - March,Session #2,False,202,Queens,Roy Wilkins,2020-2021,NYC Parks
January - March,Session #2,False,202,Queens,FMCP,2016-2017,NYC Parks
January - March,Session #2,False,201,Queens,Roy Wilkins,2020-2021,NYC Parks
October - December,Session #1,False,201,Queens,Roy Wilkins,2016-2017,NYC Parks
October - December,Session #1,False,201,Queens,FMCP,2017-2018,NYC Parks
April - June,Session #3,False,201,Queens,FMCP,2018-2019,NYC Parks
January - March,Session #2,False,201,Bronx,St. Mary's,2017-2018,NYC Parks
October - December,Session #1,False,203,Brooklyn,Metropolitan,2019-2020,NYC Parks
April - June,Session #3,False,202,Queens,FMCP,2018-2019,NYC Parks
April - June,Session #3,False,201,Queens,FMCP,2018-2019,NYC Parks
October - December,Session #1,False,29,Manhattan,River Bank,2019-2020,NYC Parks
October - December,Session #1,False,204,Brooklyn,Metropolitan,2019-2020,NYC Parks
April - June,Session #3,False,2,Queens,Roy Wilkins,2016-2017,NYC Parks
April - June,Session #3,False,205,Manhattan,Tony Dapolito,2018-2019,NYC Parks
October - December,Session #1,False,2,Queens,FMCP,2018-2019,NYC Parks
January - March,Session #2,False,202,Brooklyn,Metropolitan,2018-2019,NYC Parks
January - March,Session #2,False,902/903,Brooklyn,St. John's,2016-2017,NYC Parks
January - March,Session #2,False,21,Bronx,St. Mary's,2018-2019,NYC Parks
October - December,Session #1,False,2 HR,Queens,Roy Wilkins,2017-2018,NYC Parks
April - June,Session #3,False,202,Brooklyn,Brownsville,2016-2017,NYC Parks
January - March,Session #2,False,204,Manhattan,Hansborough,2017-2018,NYC Parks
April - June,Session #3,False,202,Manhattan,Tony Dapolito,2017-2018,NYC Parks
October - December,Session #1,False,203,Queens,Far Rockaway,2017-2018,NYC Parks
April - June,Session #3,False,202,Brooklyn,Metropolitan,2017-2018,NYC Parks
January - March,Session #2,False,202,Brooklyn,Brownsville,2017-2018,NYC Parks
April - June,Session #3,False,201,Queens,Roy Wilkins,2016-2017,NYC Parks
April - June,Session #3,False,,Bronx,St. Mary's,2018-2019,NYC Parks
January - March,Session #2,True,L7204,Brooklyn,Brownsville,2018-2019,NYC Parks
January - March,Session #2,False,203,Brooklyn,St. Mary's,2020-2021,NYC Parks
April - June,Session #3,False,202,Queens,FMCP,2017-2018,NYC Parks
January - March,Session #2,False,201,Manhattan,Hansborough,2016-2017,NYC Parks
October - December,Session #1,False,"202, 219, 229",Manhattan,Gertrude Ederle,2017-2018,NYC Parks
October - December,Session #1,False,208,Manhattan,Tony Dapolito,2016-2017,NYC Parks
October - December,Session #1,False,291/ 231,Queens,Roy Wilkins,2016-2017,NYC Parks
April - June,Session #3,False,Dartmoth,Queens,Roy Wilkins,2016-2017,NYC Parks
october - december,Session #1,False,203,Brooklyn,St. John's,2016-2017,NYC Parks
October - December,Session #1,False,202,Queens,Roy Wilkins,2017-2018,NYC Parks
April - June,Session #3,False,Dartmoth,Queens,Roy Wilkins,2016-2017,NYC Parks
October - December,Session #1,False,Y31,Manhattan,Chelsea,2016-2017,NYC Parks
October - December,Session #1,False,202,Brooklyn,Metropolitan,2019-2020,NYC Parks
January - March,Session #2,False,202,Brooklyn,Metropolitan,2020-2021,NYC Parks
January - March,Session #2,False,201,Queens,Roy Wilkins,2018-2019,NYC Parks
October - December,Session #1,False,203,Queens,Far Rockaway,2017-2018,NYC Parks
January - March,Session #2,False,204,Queens,FMCP,2018-2019,NYC Parks
January - March,Session #2,False,216,Manhattan,River Bank,2020-2021,NYC Parks
October - December,Session #1,False,1,Manhattan,Hansborough,2018-2019,NYC Parks
April - June,Session #3,False,91,Brooklyn,Metropolitan,2017-2018,NYC Parks
October - December,Session #1,False,202,Queens,Roy Wilkins,2017-2018,NYC Parks
April - June,Session #3,False,201&410,Manhattan,Gertrude Ederle,2017-2018,NYC Parks
October - December,Session #1,False,2 HR,Queens,Roy Wilkins,2017-2018,NYC Parks
October - December,Session #1,False,201,Queens,Roy Wilkins,2016-2017,NYC Parks
April - June,Session #3,False,3,Brooklyn,Metropolitan,2018-2019,NYC Parks
January - March,Session #2,False,233/234,Queens,FMCP,2017-2018,NYC Parks
October - December,Session #1,False,202,Brooklyn,St. John's,2017-2018,NYC Parks
April - June,Session #3,False,201,Queens,Roy Wilkins,2017-2018,NYC Parks
January - March,Session #2,False,201,Manhattan,Chelsea,2017-2018,NYC Parks
October - December,Session #1,False,201,Brooklyn,Brownsville,2017-2018,NYC Parks
October - December,Session #1,False,201,Queens,Roy Wilkins,2016-2017,NYC Parks
January - March,Session #2,False,231,Queens,FMCP,2017-2018,NYC Parks
October - December,Session #1,False,203,Brooklyn,Metropolitan,2017-2018,NYC Parks
October - December,Session #1,False,205,Manhattan,Tony Dapolito,2016-2017,NYC Parks
October - December,Session #1,False,236,Queens,FMCP,2017-2018,NYC Parks
April - June,Session #3,False,201,Queens,Roy Wilkins,2018-2019,NYC Parks
January - March,Session #2,False,201,Queens,FMCP,2018-2019,NYC Parks
January - March,Session #2,False,221,Queens,FMCP,2016-2017,NYC Parks
January - March,Session #2,False,205,Queens,FMCP,2018-2019,NYC Parks
October - December,Session #1,False,601,Manhattan,Asser Levy,2018-2019,NYC Parks
January - March,Session #2,False,201,Brooklyn,St. John's,2020-2021,NYC Parks
October - December,Session #1,False,205,Manhattan,Tony Dapolito,2016-2017,NYC Parks
October - December,Session #1,False,203,Queens,Far Rockaway,2017-2018,NYC Parks
October - December,Session #1,False,201,Manhattan,River Bank,2018-2019,NYC Parks
October - December,Session #1,False,201,Manhattan,Hansborough,2016-2017,NYC Parks
January - March,Session #2,False,213,Manhattan,Tony Dapolito,2016-2017,NYC Parks
January - March,Session #2,False,201,Manhattan,Gertrude Ederle,2017-2018,NYC Parks
April - June,Session #3,False,201,Brooklyn,St. John's,2017-2018,NYC Parks
January - March,Session #2,False,201,Brooklyn,St. John's,2016-2017,NYC Parks
october - december,Session #1,False,215,Manhattan,Tony Dapolito,2016-2017,NYC Parks
April - June,Session #3,False,2,Manhattan,Tony Dapolito,2018-2019,NYC Parks
October - December,Session #1,False,203,Brooklyn,Brownsville,2019-2020,NYC Parks
April - June,Session #3,True,419,Queens,FMCP,2018-2019,NYC Parks
October - December,Session #1,False,202,Bronx,St. Mary's,2016-2017,NYC Parks
April - June,Session #3,False,207,Queens,FMCP,2016-2017,NYC Parks
April - June,Session #3,False,202,Queens,FMCP,2018-2019,NYC Parks
January - March,Session #2,False,202,Brooklyn,St. John's,2017-2018,NYC Parks
April - June,Session #3,False,12,Brooklyn,Brownsville,2018-2019,NYC Parks
April - June,Session #3,False,2,Brooklyn,Metropolitan,2016-2017,NYC Parks
October - December,Session #1,False,231,Queens,FMCP,2016-2017,NYC Parks
October - December,Session #1,False,205,Queens,FMCP,2017-2018,NYC Parks
April - June,Session #3,False,202,Brooklyn,St. John's,2017-2018,NYC Parks
January - March,Session #2,False,202,Brooklyn,Metropolitan,2020-2021,NYC Parks
October - December,Session #1,False,202,Queens,FMCP,2016-2017,NYC Parks
April - June,Session #3,False,201,Queens,Roy Wilkins,2017-2018,NYC Parks
January - March,Session #2,True,K01,Manhattan,Chelsea,2017-2018,NYC Parks
October - December,Session #1,False,205,Manhattan,Tony Dapolito,2017-2018,NYC Parks
April - June,Session #3,False,201,Queens,FMCP,2016-2017,NYC Parks
January - March,Session #2,True,Y23 Y22,Brooklyn,Metropolitan,2018-2019,NYC Parks
April - June,Session #3,False,204,Manhattan,Chelsea,2017-2018,NYC Parks
April - June,Session #3,False,202,Queens,Roy Wilkins,2017-2018,NYC Parks
January - March,Session #2,False,231,Queens,FMCP,2018-2019,NYC Parks
April - June,Session #3,False,201&410,Manhattan,Gertrude Ederle,2017-2018,NYC Parks
October - December,Session #1,False,202,Queens,Roy Wilkins,2017-2018,NYC Parks
April - June,Session #3,False,2,Brooklyn,Metropolitan,2016-2017,NYC Parks
October - December,Session #1,False,201 & 202,Brooklyn,St. John's,2017-2018,NYC Parks
October - December,Session #1,False,201,Queens,FMCP,2016-2017,NYC Parks
January - March,Session #2,False,205,Queens,FMCP,2018-2019,NYC Parks
January - March,Session #2,False,233,Queens,FMCP,2018-2019,NYC Parks
October - December,Session #1,False,205,Queens,FMCP,2017-2018,NYC Parks
October - December,Session #1,False,201,Manhattan,Hansborough,2016-2017,NYC Parks
April - June,Session #3,False,203,Queens,FMCP,2016-2017,NYC Parks
January - March,Session #2,False,205,Manhattan,Hansborough,2017-2018,NYC Parks
April - June,Session #3,False,201,Manhattan,Gertrude Ederle,2016-2017,NYC Parks
January - March,Session #2,False,2,Brooklyn,Brownsville,2018-2019,NYC Parks
January - March,Session #2,False,201,Brooklyn,St. John's,2017-2018,NYC Parks
April - June,Session #3,False,205,Manhattan,Gertrude Ederle,2017-2018,NYC Parks
January - March,Session #2,False,309,Manhattan,Tony Dapolito,2020-2021,NYC Parks
October - December,Session #1,False,208,Manhattan,Tony Dapolito,2019-2020,NYC Parks
October - December,Session #1,False,202,Queens,Roy Wilkins,2017-2018,NYC Parks
January - March,Session #2,False,201,Manhattan,River Bank,2020-2021,NYC Parks
April - June,Session #3,False,202,Brooklyn,St. John's,2016-2017,NYC Parks
October - December,Session #1,False,603,Manhattan,Asser Levy,2018-2019,NYC Parks
January - March,Session #2,False,221,Queens,FMCP,2017-2018,NYC Parks
October - December,Session #1,False,240,Manhattan,Asser Levy,2017-2018,NYC Parks
January - March,Session #2,False,21,Bronx,St. Mary's,2018-2019,NYC Parks
January - March,Session #2,False,2,Queens,Roy Wilkins,2018-2019,NYC Parks
April - June,Session #3,False,203,Brooklyn,Brownsville,2016-2017,NYC Parks
October - December,Session #1,False,201,Brooklyn,Brownsville,2016-2017,NYC Parks
October - December,Session #1,False,13,Brooklyn,Brownsville,2019-2020,NYC Parks
January - March,Session #2,False,410,Queens,FMCP,2016-2017,NYC Parks
October - December,Session #1,False,201,Brooklyn,Brownsville,2016-2017,NYC Parks
April - June,Session #3,False,Dartmoth,Queens,Roy Wilkins,2016-2017,NYC Parks
April - June,Session #3,False,204,Queens,Roy Wilkins,2017-2018,NYC Parks
October - December,Session #1,False,"315, 300, 301",Queens,FMCP,2016-2017,NYC Parks
January - March,Session #2,False,214,Brooklyn,St. John's,2020-2021,NYC Parks
April - June,Session #3,False,201,Queens,Roy Wilkins,2016-2017,NYC Parks
April - June,Session #3,False,203,Manhattan,Hansborough,2017-2018,NYC Parks
october - december,Session #1,False,21/22,Bronx,St. Mary's,2016-2017,NYC Parks
October - December,Session #1,False,1,Brooklyn,Metropolitan,2017-2018,NYC Parks
October - December,Session #1,False,202,Brooklyn,Metropolitan,2018-2019,NYC Parks
April - June,Session #3,False,12,Brooklyn,Brownsville,2018-2019,NYC Parks
April - June,Session #3,False,K01,Manhattan,Chelsea,2017-2018,NYC Parks
January - March,Session #2,False,201,Queens,FMCP,2018-2019,NYC Parks
October - December,Session #1,True,X03,Manhattan,Hansborough,2018-2019,NYC Parks
October - December,Session #1,False,204,Queens,Roy Wilkins,2016-2017,NYC Parks
January - March,Session #2,False,201,Brooklyn,Brownsville,2020-2021,NYC Parks
October - December,Session #1,False,202,Manhattan,Hansborough,2016-2017,NYC Parks
January - March,Session #2,False,213,Brooklyn,St. John's,2020-2021,NYC Parks
October - December,Session #1,False,202,Queens,Roy Wilkins,2018-2019,NYC Parks
April - June,Session #3,False,201,Brooklyn,Brownsville,2016-2017,NYC Parks
January - March,Session #2,False,202,Brooklyn,St. John's,2017-2018,NYC Parks
January - March,Session #2,False,201,Manhattan,Gertrude Ederle,2017-2018,NYC Parks
January - March,Session #2,False,202,Brooklyn,Brownsville,2016-2017,NYC Parks
October - December,Session #1,True,SE X04,Manhattan,Hansborough,2017-2018,NYC Parks
October - December,Session #1,False,203,Queens,FMCP,2017-2018,NYC Parks
April - June,Session #3,False,203,Brooklyn,St. John's,2017-2018,NYC Parks
April - June,Session #3,False,202,Queens,FMCP,2017-2018,NYC Parks
October - December,Session #1,False,204,Manhattan,Gertrude Ederle,2019-2020,NYC Parks
October - December,Session #1,False,201,Queens,FMCP,2016-2017,NYC Parks
April - June,Session #3,False,205,Manhattan,Tony Dapolito,2016-2017,NYC Parks
January - March,Session #2,False,204,Brooklyn,Brownsville,2020-2021,NYC Parks
January - March,Session #2,True,235,Queens,FMCP,2017-2018,NYC Parks
January - March,Session #2,False,201,Queens,FMCP,2017-2018,NYC Parks
October - December,Session #1,False,201,Queens,Roy Wilkins,2016-2017,NYC Parks
April - June,Session #3,False,201,Manhattan,Gertrude Ederle,2016-2017,NYC Parks
January - March,Session #2,False,202,Brooklyn,St. John's,2016-2017,NYC Parks
January - March,Session #2,False,202,Brooklyn,Metropolitan,2020-2021,NYC Parks
January - March,Session #2,False,203,Brooklyn,Brownsville,2017-2018,NYC Parks
April - June,Session #3,False,203,Brooklyn,Brownsville,2016-2017,NYC Parks
October - December,Session #1,False,1,Manhattan,Boys and Girls Harbor,2016-2017,NYC Parks
April - June,Session #3,False,202,Queens,FMCP,2018-2019,NYC Parks
April - June,Session #3,False,201,Queens,FMCP,2016-2017,NYC Parks
April - June,Session #3,False,202,Manhattan,Gertrude Ederle,2018-2019,NYC Parks
January - March,Session #2,False,201,Manhattan,River Bank,2020-2021,NYC Parks
April - June,Session #3,True,Y41 & Y42,Brooklyn,Metropolitan,2016-2017,NYC Parks
January - March,Session #2,False,203,Manhattan,Gertrude Ederle,2020-2021,NYC Parks
October - December,Session #1,False,201,Queens,Roy Wilkins,2018-2019,NYC Parks
January - March,Session #2,False,201,Brooklyn,St. John's,2017-2018,NYC Parks
October - December,Session #1,False,204,Brooklyn,Metropolitan,2019-2020,NYC Parks
October - December,Session #1,False,"k01, y61",Manhattan,Chelsea,2017-2018,NYC Parks
January - March,Session #2,False,X01,Manhattan,Chelsea,2016-2017,NYC Parks
April - June,Session #3,False,201,Manhattan,Chelsea,2017-2018,NYC Parks
January - March,Session #2,False,204,Brooklyn,Brownsville,2020-2021,NYC Parks
April - June,Session #3,False,91,Brooklyn,Metropolitan,2017-2018,NYC Parks
April - June,Session #3,False,202,Brooklyn,Brownsville,2016-2017,NYC Parks
April - June,Session #3,False,,Bronx,St. Mary's,2018-2019,NYC Parks
January - March,Session #2,False,205,Manhattan,Gertrude Ederle,2018-2019,NYC Parks
April - June,Session #3,False,207,Manhattan,Gertrude Ederle,2016-2017,NYC Parks
April - June,Session #3,False,202,Bronx,St. Mary's,2017-2018,NYC Parks
October - December,Session #1,False,231,Queens,Roy Wilkins,2018-2019,NYC Parks
April - June,Session #3,False,201,Brooklyn,Metropolitan,2017-2018,NYC Parks
April - June,Session #3,False,203,Queens,Roy Wilkins,2018-2019,NYC Parks
October - December,Session #1,False,201,Manhattan,River Bank,2018-2019,NYC Parks
January - March,Session #2,False,311,Manhattan,Tony Dapolito,2017-2018,NYC Parks
January - March,Session #2,False,201,Manhattan,River Bank,2020-2021,NYC Parks
April - June,Session #3,True,Y07,Brooklyn,Metropolitan,2016-2017,NYC Parks
April - June,Session #3,False,203,Manhattan,Asser Levy,2016-2017,NYC Parks
October - December,Session #1,False,201 & 202,Brooklyn,St. John's,2017-2018,NYC Parks
April - June,Session #3,False,202,Queens,Roy Wilkins,2017-2018,NYC Parks
January - March,Session #2,False,202,Brooklyn,Metropolitan,2017-2018,NYC Parks
October - December,Session #1,False,203,Brooklyn,St. John's,2017-2018,NYC Parks
October - December,Session #1,False,201,Brooklyn,Metropolitan,2016-2017,NYC Parks
October - December,Session #1,False,201,Brooklyn,Brownsville,2017-2018,NYC Parks
January - March,Session #2,False,221,Queens,FMCP,2017-2018,NYC Parks
October - December,Session #1,False,201,Queens,Roy Wilkins,2016-2017,NYC Parks
January - March,Session #2,False,404,Manhattan,Hansborough,2017-2018,NYC Parks
April - June,Session #3,False,201,Queens,Roy Wilkins,2017-2018,NYC Parks
January - March,Session #2,False,214,Manhattan,Chelsea,2017-2018,NYC Parks
October - December,Session #1,False,293,Queens,FMCP,2017-2018,NYC Parks
January - March,Session #2,False,202,Brooklyn,Brownsville,2016-2017,NYC Parks
January - March,Session #2,False,203,Queens,Roy Wilkins,2020-2021,NYC Parks
April - June,Session #3,False,201,Queens,Roy Wilkins,2018-2019,NYC Parks
April - June,Session #3,False,202,Bronx,St. Mary's,2017-2018,NYC Parks
January - March,Session #2,False,202,Brooklyn,Metropolitan,2018-2019,NYC Parks
October - December,Session #1,False,603,Manhattan,Asser Levy,2017-2018,NYC Parks
October - December,Session #1,False,202,Queens,Roy Wilkins,2019-2020,NYC Parks
January - March,Session #2,False,201,Brooklyn,Brownsville,2020-2021,NYC Parks
April - June,Session #3,False,201,Queens,FMCP,2017-2018,NYC Parks
October - December,Session #1,False,201,Brooklyn,Metropolitan,2016-2017,NYC Parks
January - March,Session #2,False,232,Brooklyn,Brownsville,2016-2017,NYC Parks
January - March,Session #2,False,201,Brooklyn,Brownsville,2020-2021,NYC Parks
April - June,Session #3,False,202,Brooklyn,Metropolitan,2017-2018,NYC Parks
January - March,Session #2,False,202,Brooklyn,Metropolitan,2018-2019,NYC Parks
January - March,Session #2,False,201,Queens,Roy Wilkins,2018-2019,NYC Parks
October - December,Session #1,False,204,Queens,Roy Wilkins,2016-2017,NYC Parks
April - June,Session #3,False,201,Manhattan,Tony Dapolito,2016-2017,NYC Parks
October - December,Session #1,False,200,Brooklyn,Metropolitan,2019-2020,NYC Parks
January - March,Session #2,False,201,Manhattan,Gertrude Ederle,2020-2021,NYC Parks
october - december,Session #1,False,201,Brooklyn,St. John's,2016-2017,NYC Parks
October - December,Session #1,False,205,Bronx,St. Mary's,2019-2020,NYC Parks
January - March,Session #2,False,202,Queens,Roy Wilkins,2016-2017,NYC Parks
October - December,Session #1,False,201,Manhattan,Asser Levy,2017-2018,NYC Parks
April - June,Session #3,False,201,Queens,Roy Wilkins,2018-2019,NYC Parks
January - March,Session #2,False,202,Manhattan,Asser Levy,2016-2017,NYC Parks
October - December,Session #1,False,221,Queens,FMCP,2017-2018,NYC Parks
October - December,Session #1,False,201,Brooklyn,Brownsville,2016-2017,NYC Parks
October - December,Session #1,False,204,Queens,FMCP,2017-2018,NYC Parks
October - December,Session #1,False,202,Queens,Roy Wilkins,2017-2018,NYC Parks
October - December,Session #1,False,291,Manhattan,Chelsea,2017-2018,NYC Parks
October - December,Session #1,False,203,Queens,Far Rockaway,2017-2018,NYC Parks
April - June,Session #3,False,,Bronx,St. Mary's,2018-2019,NYC Parks
January - March,Session #2,False,200,Manhattan,Hansborough,2018-2019,NYC Parks
October - December,Session #1,False,201,Queens,Roy Wilkins,2016-2017,NYC Parks
April - June,Session #3,False,201,Queens,Metropolitan,2018-2019,NYC Parks
April - June,Session #3,False,2,Brooklyn,Metropolitan,2016-2017,NYC Parks
January - March,Session #2,False,201,Manhattan,Tony Dapolito,2018-2019,NYC Parks
April - June,Session #3,False,2,Brooklyn,Metropolitan,2016-2017,NYC Parks
April - June,Session #3,False,201,Brooklyn,St. John's,2016-2017,NYC Parks
October - December,Session #1,False,202,Brooklyn,St. John's,2019-2020,NYC Parks
April - June,Session #3,False,207,Queens,FMCP,2016-2017,NYC Parks
April - June,Session #3,False,201,Manhattan,Gertrude Ederle,2016-2017,NYC Parks
January - March,Session #2,False,202,Brooklyn,Brownsville,2018-2019,NYC Parks
January - March,Session #2,False,201,Manhattan,Tony Dapolito,2017-2018,NYC Parks
January - March,Session #2,False,201,Queens,Roy Wilkins,2016-2017,NYC Parks
October - December,Session #1,False,201,Brooklyn,Brownsville,2018-2019,NYC Parks
April - June,Session #3,False,201,Queens,Roy Wilkins,2018-2019,NYC Parks
January - March,Session #2,False,201,Queens,Roy Wilkins,2016-2017,NYC Parks
April - June,Session #3,False,201,Queens,FMCP,2017-2018,NYC Parks
October - December,Session #1,False,201,Queens,Roy Wilkins,2019-2020,NYC Parks
October - December,Session #1,False,201,Queens,Roy Wilkins,2016-2017,NYC Parks
October - December,Session #1,False,202,Brooklyn,Metropolitan,2019-2020,NYC Parks
January - March,Session #2,False,204,Brooklyn,Brownsville,2020-2021,NYC Parks
April - June,Session #3,False,202,Queens,FMCP,2017-2018,NYC Parks
October - December,Session #1,False,1,Brooklyn,Metropolitan,2017-2018,NYC Parks
October - December,Session #1,False,203,Brooklyn,St. John's,2017-2018,NYC Parks
October - December,Session #1,False,203,Queens,Roy Wilkins,2018-2019,NYC Parks
October - December,Session #1,False,201,Queens,Roy Wilkins,2018-2019,NYC Parks
October - December,Session #1,False,200,Brooklyn,Metropolitan,2019-2020,NYC Parks
January - March,Session #2,False,"201, 202, 203, 204, 205, 206",Brooklyn,St. John's,2016-2017,NYC Parks
October - December,Session #1,False,201,Bronx,St. Mary's,2019-2020,NYC Parks
April - June,Session #3,False,202,Queens,FMCP,2017-2018,NYC Parks
January - March,Session #2,False,201,Brooklyn,Metropolitan,2016-2017,NYC Parks
October - December,Session #1,False,202,Brooklyn,Brownsville,2019-2020,NYC Parks
October - December,Session #1,False,201,Manhattan,Hansborough,2017-2018,NYC Parks
January - March,Session #2,False,202,Brooklyn,Brownsville,2018-2019,NYC Parks
January - March,Session #2,False,231,Queens,FMCP,2017-2018,NYC Parks
April - June,Session #3,False,28,Queens,FMCP,2016-2017,NYC Parks
October - December,Session #1,False,203,Manhattan,Gertrude Ederle,2016-2017,NYC Parks
October - December,Session #1,False,204,Brooklyn,Metropolitan,2019-2020,NYC Parks
October - December,Session #1,False,231,Queens,FMCP,2017-2018,NYC Parks
January - March,Session #2,False,201,Manhattan,Asser Levy,2020-2021,NYC Parks
April - June,Session #3,False,201,Bronx,Fieldston,2016-2017,Partner Site
January - March,Session #2,False,203,Manhattan,Gertrude Ederle,2020-2021,NYC Parks
April - June,Session #3,False,201,Queens,Roy Wilkins,2017-2018,NYC Parks
October - December,Session #1,False,203,Queens,Roy Wilkins,2018-2019,NYC Parks
October - December,Session #1,False,2 QUINN HR,Queens,Roy Wilkins,2018-2019,NYC Parks
October - December,Session #1,False,204,Queens,Roy Wilkins,2019-2020,NYC Parks
January - March,Session #2,False,201,Brooklyn,Brownsville,2017-2018,NYC Parks
October - December,Session #1,False,201,Manhattan,River Bank,2018-2019,NYC Parks
october - december,Session #1,False,21/22,Bronx,St. Mary's,2016-2017,NYC Parks
October - December,Session #1,False,203,Queens,Roy Wilkins,2016-2017,NYC Parks
October - December,Session #1,False,205,Brooklyn,Brownsville,2017-2018,NYC Parks
January - March,Session #2,False,202,Brooklyn,Metropolitan,2018-2019,NYC Parks
April - June,Session #3,False,201,Queens,Roy Wilkins,2018-2019,NYC Parks
October - December,Session #1,False,201,Queens,Roy Wilkins,2019-2020,NYC Parks
January - March,Session #2,False,201,Bronx,St. Mary's,2020-2021,NYC Parks
October - December,Session #1,False,122/124,Manhattan,Asser Levy,2019-2020,NYC Parks
January - March,Session #2,False,204,Queens,Roy Wilkins,2016-2017,NYC Parks
April - June,Session #3,False,202,Queens,Roy Wilkins,2017-2018,NYC Parks
April - June,Session #3,False,202,Manhattan,Gertrude Ederle,2018-2019,NYC Parks
January - March,Session #2,False,202,Queens,Roy Wilkins,2016-2017,NYC Parks
October - December,Session #1,False,231,Queens,FMCP,2016-2017,NYC Parks
April - June,Session #3,False,202,Queens,FMCP,2017-2018,NYC Parks
January - March,Session #2,False,202,Brooklyn,St. John's,2016-2017,NYC Parks
October - December,Session #1,False,202,Manhattan,Hansborough,2016-2017,NYC Parks
April - June,Session #3,False,"200, 201",Manhattan,Tony Dapolito,2016-2017,NYC Parks
January - March,Session #2,False,202,Brooklyn,St. John's,2017-2018,NYC Parks
January - March,Session #2,False,201,Manhattan,River Bank,2020-2021,NYC Parks
October - December,Session #1,False,203,Brooklyn,Metropolitan,2019-2020,NYC Parks
October - December,Session #1,False,203,Brooklyn,St. John's,2017-2018,NYC Parks
January - March,Session #2,False,203,Brooklyn,Brownsville,2017-2018,NYC Parks
January - March,Session #2,False,201,Bronx,St. Mary's,2020-2021,NYC Parks
October - December,Session #1,False,251,Manhattan,Gertrude Ederle,2019-2020,NYC Parks
April - June,Session #3,False,201&410,Manhattan,Gertrude Ederle,2017-2018,NYC Parks
April - June,Session #3,True,Y43 and Y25,Brooklyn,Metropolitan,2018-2019,NYC Parks
January - March,Session #2,False,202,Manhattan,River Bank,2020-2021,NYC Parks
January - March,Session #2,False,202,Queens,Roy Wilkins,2018-2019,NYC Parks
October - December,Session #1,False,"201, 202",Brooklyn,Brownsville,2018-2019,NYC Parks
October - December,Session #1,False,201,Queens,Roy Wilkins,2016-2017,NYC Parks
January - March,Session #2,False,236,Queens,FMCP,2018-2019,NYC Parks
April - June,Session #3,False,202,Brooklyn,Metropolitan,2018-2019,NYC Parks
October - December,Session #1,False,201,Manhattan,Hansborough,2016-2017,NYC Parks
January - March,Session #2,False,201,Queens,FMCP,2017-2018,NYC Parks
January - March,Session #2,False,202,Brooklyn,Metropolitan,2018-2019,NYC Parks
october - december,Session #1,False,202,Brooklyn,St. John's,2016-2017,NYC Parks
April - June,Session #3,False,2,Brooklyn,St. John's,2016-2017,NYC Parks
April - June,Session #3,False,201/202,Brooklyn,Metropolitan,2018-2019,NYC Parks
January - March,Session #2,False,205,Manhattan,Gertrude Ederle,2017-2018,NYC Parks
January - March,Session #2,False,202,Manhattan,Chelsea,2016-2017,NYC Parks
April - June,Session #3,False,201,Queens,FMCP,2016-2017,NYC Parks
October - December,Session #1,False,201,Queens,Roy Wilkins,2016-2017,NYC Parks
January - March,Session #2,False,202,Brooklyn,Metropolitan,2020-2021,NYC Parks
October - December,Session #1,False,201,Queens,Roy Wilkins,2018-2019,NYC Parks
January - March,Session #2,False,204,Queens,FMCP,2016-2017,NYC Parks
October - December,Session #1,False,201,Queens,FMCP,2018-2019,NYC Parks
April - June,Session #3,False,203,Brooklyn,St. John's,2017-2018,NYC Parks
January - March,Session #2,False,205,Brooklyn,Metropolitan,2020-2021,NYC Parks
October - December,Session #1,False,201,Manhattan,Boys and Girls Harbor,2016-2017,NYC Parks
January - March,Session #2,False,201,Brooklyn,Metropolitan,2016-2017,NYC Parks
January - March,Session #2,False,201,Manhattan,Hansborough,2016-2017,NYC Parks
January - March,Session #2,False,221,Queens,FMCP,2017-2018,NYC Parks
April - June,Session #3,False,231,Queens,FMCP,2017-2018,NYC Parks
January - March,Session #2,False,201,Brooklyn,Metropolitan,2017-2018,NYC Parks
October - December,Session #1,False,231,Queens,Roy Wilkins,2017-2018,NYC Parks
January - March,Session #2,False,291/231,Queens,Roy Wilkins,2016-2017,NYC Parks
January - March,Session #2,False,221,Queens,FMCP,2018-2019,NYC Parks
October - December,Session #1,False,201,Brooklyn,Brownsville,2016-2017,NYC Parks
October - December,Session #1,False,201,Brooklyn,Brownsville,2016-2017,NYC Parks
October - December,Session #1,False,202,Queens,Roy Wilkins,2016-2017,NYC Parks
January - March,Session #2,False,201,Brooklyn,Metropolitan,2019-2020,NYC Parks
October - December,Session #1,False,201,Brooklyn,Metropolitan,2019-2020,NYC Parks
January - March,Session #2,False,311,Manhattan,Tony Dapolito,2017-2018,NYC Parks
April - June,Session #3,False,203,Queens,FMCP,2017-2018,NYC Parks
April - June,Session #3,False,205,Manhattan,Asser Levy,2016-2017,NYC Parks
January - March,Session #2,False,309,Manhattan,Tony Dapolito,2020-2021,NYC Parks
January - March,Session #2,False,204,Queens,Roy Wilkins,2020-2021,NYC Parks
April - June,Session #3,False,202,Brooklyn,Brownsville,2016-2017,NYC Parks
April - June,Session #3,False,231,Queens,FMCP,2018-2019,NYC Parks
October - December,Session #1,False,221,Manhattan,Hansborough,2017-2018,NYC Parks
October - December,Session #1,False,1,Manhattan,Chelsea,2017-2018,NYC Parks
October - December,Session #1,False,201,Brooklyn,Metropolitan,2019-2020,NYC Parks
October - December,Session #1,False,1,Brooklyn,Metropolitan,2017-2018,NYC Parks
October - December,Session #1,False,221,Manhattan,Hansborough,2017-2018,NYC Parks
January - March,Session #2,False,2,Queens,FMCP,2016-2017,NYC Parks
April - June,Session #3,False,219,Brooklyn,St. John's,2016-2017,NYC Parks
April - June,Session #3,False,204,Brooklyn,St. John's,2016-2017,NYC Parks
April - June,Session #3,False,201,Manhattan,Tony Dapolito,2017-2018,NYC Parks
January - March,Session #2,False,209,Queens,FMCP,2017-2018,NYC Parks
April - June,Session #3,False,203,Queens,Roy Wilkins,2016-2017,NYC Parks
April - June,Session #3,False,201,Queens,FMCP,2017-2018,NYC Parks
January - March,Session #2,False,202,Manhattan,River Bank,2020-2021,NYC Parks
January - March,Session #2,False,203,Brooklyn,St. John's,2016-2017,NYC Parks
January - March,Session #2,False,202,Brooklyn,Brownsville,2017-2018,NYC Parks
April - June,Session #3,False,201,Queens,Roy Wilkins,2017-2018,NYC Parks
October - December,Session #1,False,2,Queens,FMCP,2018-2019,NYC Parks
January - March,Session #2,False,201,Manhattan,River Bank,2020-2021,NYC Parks
October - December,Session #1,False,2,Queens,FMCP,2018-2019,NYC Parks
January - March,Session #2,False,202,Brooklyn,Brownsville,2018-2019,NYC Parks
January - March,Session #2,False,206,Manhattan,Gertrude Ederle,2020-2021,NYC Parks
October - December,Session #1,False,201,Queens,FMCP,2018-2019,NYC Parks
October - December,Session #1,False,231,Queens,FMCP,2016-2017,NYC Parks
October - December,Session #1,False,1,Brooklyn,Metropolitan,2017-2018,NYC Parks
January - March,Session #2,False,401,Brooklyn,St. John's,2017-2018,NYC Parks
April - June,Session #3,False,215/232/229,Queens,FMCP,2017-2018,NYC Parks
October - December,Session #1,False,201,Queens,Roy Wilkins,2016-2017,NYC Parks
April - June,Session #3,False,2,Brooklyn,Metropolitan,2016-2017,NYC Parks
January - March,Session #2,False,202,Brooklyn,Brownsville,2017-2018,NYC Parks
October - december,Session #1,False,215,Manhattan,Tony Dapolito,2016-2017,NYC Parks
January - March,Session #2,False,404,Manhattan,Hansborough,2017-2018,NYC Parks
January - March,Session #2,False,202,Queens,Roy Wilkins,2018-2019,NYC Parks
April - June,Session #3,False,202/201,Queens,FMCP,2018-2019,NYC Parks
October - December,Session #1,False,203,Queens,Roy Wilkins,2019-2020,NYC Parks
October - December,Session #1,False,203,Queens,Roy Wilkins,2017-2018,NYC Parks
October - December,Session #1,False,202,Manhattan,Asser Levy,2019-2020,NYC Parks
January - March,Session #2,False,202,Brooklyn,Brownsville,2016-2017,NYC Parks
January - March,Session #2,False,202,Queens,Roy Wilkins,2018-2019,NYC Parks
October - December,Session #1,False,306 & 309,Queens,FMCP,2016-2017,NYC Parks
January - March,Session #2,False,201,Brooklyn,Brownsville,2020-2021,NYC Parks
January - March,Session #2,False,231,Queens,FMCP,2016-2017,NYC Parks
April - June,Session #3,False,208/213,Manhattan,Asser Levy,2018-2019,NYC Parks
January - March,Session #2,False,202,Queens,FMCP,2016-2017,NYC Parks
October - December,Session #1,False,203,Queens,Far Rockaway,2017-2018,NYC Parks
October - December,Session #1,False,604,Manhattan,Asser Levy,2017-2018,NYC Parks
April - June,Session #3,False,201,Bronx,St. Mary's,2017-2018,NYC Parks
January - March,Session #2,False,202,Brooklyn,Brownsville,2017-2018,NYC Parks
January - March,Session #2,False,231,Queens,FMCP,2017-2018,NYC Parks
October - December,Session #1,False,202,Brooklyn,Brownsville,2019-2020,NYC Parks
January - March,Session #2,False,202,Brooklyn,Brownsville,2017-2018,NYC Parks
October - December,Session #1,False,205,Manhattan,Tony Dapolito,2017-2018,NYC Parks
January - March,Session #2,False,201,Bronx,St. Mary's,2017-2018,NYC Parks
October - December,Session #1,False,201,Queens,FMCP,2017-2018,NYC Parks
October - December,Session #1,False,213,Manhattan,Tony Dapolito,2017-2018,NYC Parks
April - June,Session #3,False,202,Queens,Roy Wilkins,2017-2018,NYC Parks
April - June,Session #3,False,202,Bronx,St. Mary's,2017-2018,NYC Parks
April - June,Session #3,False,202,Brooklyn,Brownsville,2016-2017,NYC Parks
October - December,Session #1,False,201,Brooklyn,Brownsville,2018-2019,NYC Parks
April - June,Session #3,False,2,Manhattan,Tony Dapolito,2018-2019,NYC Parks
October - December,Session #1,False,203,Queens,FMCP,2018-2019,NYC Parks
October - December,Session #1,False,201,Queens,Roy Wilkins,2019-2020,NYC Parks
October - December,Session #1,False,202,Queens,Roy Wilkins,2017-2018,NYC Parks
January - March,Session #2,False,202,Queens,Roy Wilkins,2018-2019,NYC Parks
October - December,Session #1,False,201,Brooklyn,Metropolitan,2018-2019,NYC Parks
October - December,Session #1,False,202,Manhattan,Asser Levy,2019-2020,NYC Parks
October - December,Session #1,False,201,Queens,Roy Wilkins,2017-2018,NYC Parks
January - March,Session #2,False,205,Manhattan,Tony Dapolito,2016-2017,NYC Parks
April - June,Session #3,False,201,Queens,Roy Wilkins,2016-2017,NYC Parks
April - June,Session #3,False,2,Brooklyn,Metropolitan,2016-2017,NYC Parks
April - June,Session #3,False,204,Bronx,St. Mary's,2017-2018,NYC Parks
January - March,Session #2,False,219,Manhattan,Chelsea,2017-2018,NYC Parks
October - December,Session #1,False,201,Queens,Roy Wilkins,2018-2019,NYC Parks
January - March,Session #2,False,205,Brooklyn,Brownsville,2018-2019,NYC Parks
January - March,Session #2,False,202,Manhattan,Asser Levy,2016-2017,NYC Parks
January - March,Session #2,False,203,Manhattan,Gertrude Ederle,2016-2017,NYC Parks
October - December,Session #1,False,236,Queens,FMCP,2017-2018,NYC Parks
January - March,Session #2,False,203,Brooklyn,St. John's,2017-2018,NYC Parks
October - December,Session #1,False,201,Brooklyn,St. John's,2019-2020,NYC Parks
January - March,Session #2,False,202,Brooklyn,Metropolitan,2018-2019,NYC Parks
October - December,Session #1,False,201,Brooklyn,Brownsville,2019-2020,NYC Parks
January - March,Session #2,False,201,Queens,FMCP,2016-2017,NYC Parks
October - December,Session #1,False,"201, 202",Brooklyn,Brownsville,2018-2019,NYC Parks
October - December,Session #1,False,202,Queens,FMCP,2016-2017,NYC Parks
October - December,Session #1,False,305,Manhattan,River Bank,2019-2020,NYC Parks
January - March,Session #2,False,231,Queens,Roy Wilkins,2020-2021,NYC Parks
October - December,Session #1,False,201,Queens,FMCP,2017-2018,NYC Parks
April - June,Session #3,False,439,Manhattan,Hansborough,2018-2019,NYC Parks
October - December,Session #1,False,1,Queens,FMCP,2018-2019,NYC Parks
October - December,Session #1,False,201,Brooklyn,Metropolitan,2018-2019,NYC Parks
April - June,Session #3,False,2,Queens,Roy Wilkins,2016-2017,NYC Parks
January - March,Session #2,False,201,Manhattan,Asser Levy,2020-2021,NYC Parks
October - December,Session #1,False,201,Brooklyn,Brownsville,2016-2017,NYC Parks
January - March,Session #2,False,201,Brooklyn,Brownsville,2018-2019,NYC Parks
January - March,Session #2,False,202,Brooklyn,Metropolitan,2018-2019,NYC Parks
October - December,Session #1,False,202,Brooklyn,Brownsville,2017-2018,NYC Parks
October - December,Session #1,False,202,Queens,Roy Wilkins,2017-2018,NYC Parks
October - December,Session #1,False,201,Queens,Far Rockaway,2017-2018,NYC Parks
January - March,Session #2,False,204,Manhattan,Hansborough,2017-2018,NYC Parks
January - March,Session #2,False,209,Queens,FMCP,2017-2018,NYC Parks
January - March,Session #2,True,V01,Manhattan,Tony Dapolito,2017-2018,NYC Parks
October - December,Session #1,False,202 & 205,Brooklyn,St. John's,2017-2018,NYC Parks
April - June,Session #3,False,202,Brooklyn,Metropolitan,2018-2019,NYC Parks
January - March,Session #2,False,204,Queens,Roy Wilkins,2016-2017,NYC Parks
October - December,Session #1,False,203,Queens,Roy Wilkins,2016-2017,NYC Parks
January - March,Session #2,False,232,Queens,FMCP,2016-2017,NYC Parks
January - March,Session #2,False,201,Manhattan,River Bank,2017-2018,NYC Parks
October - December,Session #1,False,201,Queens,FMCP,2018-2019,NYC Parks
January - March,Session #2,False,203,Brooklyn,Metropolitan,2018-2019,NYC Parks
October - December,Session #1,False,201,Manhattan,River Bank,2018-2019,NYC Parks
January - March,Session #2,False,233,Queens,FMCP,2016-2017,NYC Parks
October - December,Session #1,False,301,Manhattan,River Bank,2019-2020,NYC Parks
January - March,Session #2,False,203,Brooklyn,Metropolitan,2018-2019,NYC Parks
April - June,Session #3,False,2,Manhattan,Gertrude Ederle,2016-2017,NYC Parks
October - December,Session #1,False,202,Queens,Roy Wilkins,2017-2018,NYC Parks
January - March,Session #2,True,235,Queens,FMCP,2017-2018,NYC Parks
October - December,Session #1,False,121/123,Manhattan,Asser Levy,2019-2020,NYC Parks
April - June,Session #3,False,201,Brooklyn,Brownsville,2017-2018,NYC Parks
October - December,Session #1,False,200,Brooklyn,Brownsville,2019-2020,NYC Parks
April - June,Session #3,False,202,Queens,Roy Wilkins,2016-2017,NYC Parks
January - March,Session #2,False,202,Queens,Roy Wilkins,2018-2019,NYC Parks
October - December,Session #1,False,201,Brooklyn,St. John's,2019-2020,NYC Parks
April - June,Session #3,False,202,Brooklyn,Brownsville,2016-2017,NYC Parks
October - December,Session #1,False,202,Brooklyn,Metropolitan,2019-2020,NYC Parks
April - June,Session #3,False,201,Brooklyn,Brownsville,2017-2018,NYC Parks
October - December,Session #1,False,201,Manhattan,Hansborough,2016-2017,NYC Parks
January - March,Session #2,False,202/239,Brooklyn,Brownsville,2016-2017,NYC Parks
October - December,Session #1,False,201,Brooklyn,Brownsville,2017-2018,NYC Parks
October - December,Session #1,False,201,Queens,Roy Wilkins,2016-2017,NYC Parks
October - December,Session #1,False,204,Queens,Roy Wilkins,2019-2020,NYC Parks
October - December,Session #1,False,205,Brooklyn,Brownsville,2016-2017,NYC Parks
January - March,Session #2,False,221,Queens,FMCP,2018-2019,NYC Parks
April - June,Session #3,False,202,Manhattan,River Bank,2016-2017,NYC Parks
October - December,Session #1,False,202,Brooklyn,St. John's,2016-2017,NYC Parks
January - March,Session #2,False,201,Queens,Roy Wilkins,2016-2017,NYC Parks
April - June,Session #3,False,2,Manhattan,Tony Dapolito,2018-2019,NYC Parks
April - June,Session #3,False,202,Manhattan,Gertrude Ederle,2018-2019,NYC Parks
January - March,Session #2,False,205,Brooklyn,St. John's,2020-2021,NYC Parks
April - June,Session #3,False,231,Queens,FMCP,2016-2017,NYC Parks
October - December,Session #1,False,201,Queens,FMCP,2018-2019,NYC Parks
April - June,Session #3,False,201&410,Manhattan,Gertrude Ederle,2017-2018,NYC Parks
January - March,Session #2,False,237,Queens,FMCP,2017-2018,NYC Parks
October - December,Session #1,False,201,Queens,FMCP,2018-2019,NYC Parks
October - December,Session #1,False,201,Manhattan,Asser Levy,2018-2019,NYC Parks
January - March,Session #2,False,206,Manhattan,Gertrude Ederle,2018-2019,NYC Parks
January - March,Session #2,False,202,Queens,Roy Wilkins,2016-2017,NYC Parks
January - March,Session #2,False,201,Queens,Roy Wilkins,2020-2021,NYC Parks
October - December,Session #1,False,205,Brooklyn,Metropolitan,2019-2020,NYC Parks
January - March,Session #2,False,201,Bronx,St. Mary's,2018-2019,NYC Parks
October - December,Session #1,False,291/ 231,Queens,Roy Wilkins,2016-2017,NYC Parks
April - June,Session #3,False,204,Brooklyn,Brownsville,2017-2018,NYC Parks
April - June,Session #3,False,201,Manhattan,Gertrude Ederle,2016-2017,NYC Parks
April - June,Session #3,False,202,Manhattan,Asser Levy,2017-2018,NYC Parks
October - December,Session #1,False,202,Brooklyn,St. John's,2019-2020,NYC Parks
January - March,Session #2,False,202,Brooklyn,Brownsville,2017-2018,NYC Parks
October - December,Session #1,False,1,Brooklyn,Metropolitan,2017-2018,NYC Parks
october - december,Session #1,False,215,Manhattan,Tony Dapolito,2016-2017,NYC Parks
October - December,Session #1,False,201,Queens,Roy Wilkins,2018-2019,NYC Parks
October - December,Session #1,False,"120, 277, 203, 205",Manhattan,Hansborough,2018-2019,NYC Parks
October - December,Session #1,False,202,Brooklyn,St. John's,2016-2017,NYC Parks
January - March,Session #2,False,246,Manhattan,River Bank,2020-2021,NYC Parks
April - June,Session #3,False,202/201,Queens,FMCP,2018-2019,NYC Parks
April - June,Session #3,False,202,Queens,FMCP,2017-2018,NYC Parks
April - June,Session #3,False,203,Manhattan,Hansborough,2016-2017,NYC Parks
January - March,Session #2,False,200,Manhattan,Hansborough,2018-2019,NYC Parks
October - December,Session #1,False,201,Queens,Roy Wilkins,2018-2019,NYC Parks
October - December,Session #1,False,206,Manhattan,Tony Dapolito,2019-2020,NYC Parks
January - March,Session #2,False,202,Manhattan,Hansborough,2016-2017,NYC Parks
January - March,Session #2,False,205,Manhattan,Tony Dapolito,2016-2017,NYC Parks
January - March,Session #2,False,21,Bronx,St. Mary's,2017-2018,NYC Parks
October - December,Session #1,False,604,Manhattan,Asser Levy,2017-2018,NYC Parks
January - March,Session #2,False,204,Manhattan,Hansborough,2017-2018,NYC Parks
April - June,Session #3,True,Y43 and Y25,Brooklyn,Metropolitan,2018-2019,NYC Parks
October - December,Session #1,False,601,Manhattan,Asser Levy,2018-2019,NYC Parks
April - June,Session #3,False,201,Brooklyn,St. John's,2017-2018,NYC Parks
October - December,Session #1,False,201,Queens,Roy Wilkins,2018-2019,NYC Parks
April - June,Session #3,False,201,Queens,Roy Wilkins,2016-2017,NYC Parks
April - June,Session #3,False,201,Queens,Roy Wilkins,2016-2017,NYC Parks
October - December,Session #1,False,202,Brooklyn,St. John's,2016-2017,NYC Parks
January - March,Session #2,False,205,Brooklyn,St. John's,2020-2021,NYC Parks
January - March,Session #2,False,201,Brooklyn,Metropolitan,2020-2021,NYC Parks
April - June,Session #3,False,201,Bronx,St. Mary's,2017-2018,NYC Parks
October - December,Session #1,False,204,Queens,FMCP,2016-2017,NYC Parks
April - June,Session #3,False,439,Manhattan,Hansborough,2018-2019,NYC Parks
April - June,Session #3,False,Dartmoth,Queens,Roy Wilkins,2016-2017,NYC Parks
October - December,Session #1,False,204,Queens,Far Rockaway,2017-2018,NYC Parks
January - March,Session #2,False,202,Queens,Roy Wilkins,2020-2021,NYC Parks
October - December,Session #1,False,202,Manhattan,Hansborough,2016-2017,NYC Parks
October - December,Session #1,False,202,Brooklyn,Brownsville,2018-2019,NYC Parks
October - December,Session #1,False,601,Manhattan,Asser Levy,2018-2019,NYC Parks
April - June,Session #3,False,202,Manhattan,Asser Levy,2017-2018,NYC Parks
October - December,Session #1,False,201,Queens,FMCP,2016-2017,NYC Parks
January - March,Session #2,False,202,Brooklyn,Metropolitan,2020-2021,NYC Parks
October - December,Session #1,False,291/ 231,Queens,Roy Wilkins,2016-2017,NYC Parks
october - december,Session #1,False,202,Brooklyn,St. John's,2016-2017,NYC Parks
April - June,Session #3,False,204,Bronx,St. Mary's,2017-2018,NYC Parks
April - June,Session #3,False,204,Brooklyn,Brownsville,2016-2017,NYC Parks
October - December,Session #1,False,321,Manhattan,Asser Levy,2018-2019,NYC Parks
October - December,Session #1,False,203,Brooklyn,Brownsville,2017-2018,NYC Parks
October - December,Session #1,False,201,Queens,Roy Wilkins,2019-2020,NYC Parks
January - March,Session #2,False,21,Bronx,St. Mary's,2018-2019,NYC Parks
October - December,Session #1,False,202,Brooklyn,Brownsville,2019-2020,NYC Parks
April - June,Session #3,False,201,Bronx,St. Mary's,2018-2019,NYC Parks
April - June,Session #3,False,202,Manhattan,River Bank,2016-2017,NYC Parks
April - June,Session #3,False,K01,Manhattan,Chelsea,2017-2018,NYC Parks
April - June,Session #3,False,202,Queens,FMCP,2017-2018,NYC Parks
october - december,Session #1,False,203,Brooklyn,St. John's,2016-2017,NYC Parks
October - December,Session #1,False,204,Queens,Roy Wilkins,2019-2020,NYC Parks
January - March,Session #2,False,221,Queens,FMCP,2017-2018,NYC Parks
April - June,Session #3,False,2,Brooklyn,Metropolitan,2016-2017,NYC Parks
October - December,Session #1,False,306 & 309,Queens,FMCP,2016-2017,NYC Parks
January - March,Session #2,False,201,Manhattan,River Bank,2017-2018,NYC Parks
January - March,Session #2,False,201,Brooklyn,St. John's,2020-2021,NYC Parks
January - March,Session #2,False,201,Bronx,St. Mary's,2018-2019,NYC Parks
January - March,Session #2,False,231,Queens,Roy Wilkins,2020-2021,NYC Parks
October - December,Session #1,False,201,Manhattan,Hansborough,2017-2018,NYC Parks
October - December,Session #1,False,202,Bronx,St. Mary's,2017-2018,NYC Parks
January - March,Session #2,False,205,Manhattan,Tony Dapolito,2016-2017,NYC Parks
October - December,Session #1,False,201,Brooklyn,St. John's,2016-2017,NYC Parks
January - March,Session #2,False,207,Queens,FMCP,2017-2018,NYC Parks
April - June,Session #3,False,202,Brooklyn,Metropolitan,2017-2018,NYC Parks
October - December,Session #1,False,200,Brooklyn,Brownsville,2019-2020,NYC Parks
April - June,Session #3,False,201,Manhattan,Hansborough,2017-2018,NYC Parks
October - December,Session #1,False,201,Manhattan,Boys and Girls Harbor,2016-2017,NYC Parks
October - December,Session #1,False,201,Queens,Roy Wilkins,2019-2020,NYC Parks
April - June,Session #3,False,201,Queens,FMCP,2016-2017,NYC Parks
October - December,Session #1,False,201,Queens,Roy Wilkins,2017-2018,NYC Parks
October - December,Session #1,False,203,Brooklyn,Metropolitan,2017-2018,NYC Parks
October - December,Session #1,False,201,Queens,Roy Wilkins,2016-2017,NYC Parks
April - June,Session #3,False,202,Queens,FMCP,2017-2018,NYC Parks
October - December,Session #1,False,206,Queens,FMCP,2017-2018,NYC Parks
April - June,Session #3,False,201,Brooklyn,Metropolitan,2018-2019,NYC Parks
January - March,Session #2,False,214,Brooklyn,St. John's,2020-2021,NYC Parks
January - March,Session #2,True,K01,Manhattan,Chelsea,2017-2018,NYC Parks
October - December,Session #1,False,201,Queens,Roy Wilkins,2016-2017,NYC Parks
April - June,Session #3,False,202,Manhattan,Gertrude Ederle,2018-2019,NYC Parks
April - June,Session #3,False,203 & 207,Brooklyn,Brownsville,2016-2017,NYC Parks
January - March,Session #2,False,10X246,Manhattan,River Bank,2018-2019,NYC Parks
October - December,Session #1,False,203,Brooklyn,Metropolitan,2016-2017,NYC Parks
October - December,Session #1,False,1,Manhattan,Boys and Girls Harbor,2016-2017,NYC Parks
January - March,Session #2,False,"202,203,303",Brooklyn,Brownsville,2020-2021,NYC Parks
January - March,Session #2,False,21,Bronx,St. Mary's,2017-2018,NYC Parks
October - December,Session #1,False,604,Manhattan,Asser Levy,2016-2017,NYC Parks
October - December,Session #1,False,204,Queens,FMCP,2016-2017,NYC Parks
April - June,Session #3,False,203,Queens,Roy Wilkins,2018-2019,NYC Parks
January - March,Session #2,False,"236, 200, 234",Manhattan,Asser Levy,2016-2017,NYC Parks
January - March,Session #2,False,201,Queens,Roy Wilkins,2020-2021,NYC Parks
October - December,Session #1,False,205,Manhattan,Chelsea,2017-2018,NYC Parks
April - June,Session #3,False,203,Queens,Roy Wilkins,2018-2019,NYC Parks
January - March,Session #2,False,203,Brooklyn,St. John's,2017-2018,NYC Parks
April - June,Session #3,False,2,Brooklyn,Metropolitan,2016-2017,NYC Parks
January - March,Session #2,False,205,Manhattan,Gertrude Ederle,2018-2019,NYC Parks
October - December,Session #1,False,200,Brooklyn,Brownsville,2019-2020,NYC Parks
April - June,Session #3,False,202,Manhattan,Gertrude Ederle,2018-2019,NYC Parks
October - December,Session #1,False,203,Queens,Roy Wilkins,2018-2019,NYC Parks
January - March,Session #2,False,201,Queens,FMCP,2016-2017,NYC Parks
October - December,Session #1,False,202,Brooklyn,Brownsville,2019-2020,NYC Parks
October - December,Session #1,False,201,Queens,FMCP,2018-2019,NYC Parks
April - June,Session #3,False,202,Brooklyn,St. John's,2017-2018,NYC Parks
April - June,Session #3,False,202,Queens,Roy Wilkins,2017-2018,NYC Parks
January - March,Session #2,False,201,Queens,Roy Wilkins,2018-2019,NYC Parks
January - March,Session #2,False,202,Brooklyn,Metropolitan,2020-2021,NYC Parks
October - December,Session #1,False,"120, 129",Brooklyn,Brownsville,2016-2017,NYC Parks
October - December,Session #1,False,203,Queens,Roy Wilkins,2019-2020,NYC Parks
October - December,Session #1,False,202,Bronx,St. Mary's,2017-2018,NYC Parks
October - December,Session #1,False,309,Manhattan,River Bank,2019-2020,NYC Parks
October - December,Session #1,False,205,Brooklyn,Brownsville,2016-2017,NYC Parks
October - December,Session #1,False,201 & 219,Brooklyn,Brownsville,2017-2018,NYC Parks
October - December,Session #1,False,201,Queens,Roy Wilkins,2016-2017,NYC Parks
October - December,Session #1,False,"X01, Y52",Manhattan,Gertrude Ederle,2018-2019,NYC Parks
October - December,Session #1,False,202,Queens,FMCP,2017-2018,NYC Parks
April - June,Session #3,False,202,Queens,FMCP,2017-2018,NYC Parks
October - December,Session #1,False,201,Queens,FMCP,2016-2017,NYC Parks
April - June,Session #3,False,201,Bronx,St. Mary's,2016-2017,NYC Parks
January - March,Session #2,False,201,Queens,Roy Wilkins,2020-2021,NYC Parks
October - December,Session #1,False,604,Manhattan,Asser Levy,2016-2017,NYC Parks
April - June,Session #3,False,202,Queens,FMCP,2018-2019,NYC Parks
April - June,Session #3,False,2,Queens,Roy Wilkins,2016-2017,NYC Parks
January - March,Session #2,False,201,Brooklyn,Metropolitan,2017-2018,NYC Parks
October - December,Session #1,False,202,Brooklyn,Metropolitan,2019-2020,NYC Parks
January - March,Session #2,False,205,Brooklyn,St. John's,2020-2021,NYC Parks
April - June,Session #3,False,201,Manhattan,River Bank,2017-2018,NYC Parks
October - December,Session #1,False,203,Brooklyn,Brownsville,2017-2018,NYC Parks
April - June,Session #3,False,201,Queens,Roy Wilkins,2018-2019,NYC Parks
October - December,Session #1,False,201,Queens,Roy Wilkins,2016-2017,NYC Parks
October - December,Session #1,False,202,Queens,Roy Wilkins,2019-2020,NYC Parks
October - December,Session #1,False,202,Brooklyn,Metropolitan,2016-2017,NYC Parks
April - June,Session #3,False,202,Manhattan,River Bank,2016-2017,NYC Parks
January - March,Session #2,False,21,Bronx,St. Mary's,2017-2018,NYC Parks
October - December,Session #1,False,"202, 219, 229",Manhattan,Gertrude Ederle,2017-2018,NYC Parks
October - December,Session #1,False,202,Brooklyn,Metropolitan,2016-2017,NYC Parks
October - December,Session #1,False,201,Queens,Roy Wilkins,2016-2017,NYC Parks
April - June,Session #3,False,202,Brooklyn,Metropolitan,2018-2019,NYC Parks
April - June,Session #3,False,201,Queens,Roy Wilkins,2016-2017,NYC Parks
October - December,Session #1,False,201,Queens,Roy Wilkins,2016-2017,NYC Parks
April - June,Session #3,False,204,Queens,Roy Wilkins,2017-2018,NYC Parks
April - June,Session #3,False,205,Brooklyn,St. John's,2016-2017,NYC Parks
January - March,Session #2,False,204,Brooklyn,Brownsville,2020-2021,NYC Parks
January - March,Session #2,False,201,Brooklyn,Brownsville,2020-2021,NYC Parks
October - December,Session #1,False,201,Queens,Roy Wilkins,2018-2019,NYC Parks
January - March,Session #2,True,204,Queens,FMCP,2018-2019,NYC Parks
October - December,Session #1,False,201,Brooklyn,Metropolitan,2018-2019,NYC Parks
January - March,Session #2,False,205,Manhattan,Tony Dapolito,2016-2017,NYC Parks
October - December,Session #1,False,203,Queens,Far Rockaway,2017-2018,NYC Parks
october - december,Session #1,False,201,Brooklyn,St. John's,2016-2017,NYC Parks
April - June,Session #3,False,201,Queens,Roy Wilkins,2017-2018,NYC Parks
April - June,Session #3,False,204,Queens,FMCP,2016-2017,NYC Parks
October - December,Session #1,False,202,Brooklyn,Metropolitan,2019-2020,NYC Parks
January - March,Session #2,False,201,Brooklyn,Metropolitan,2016-2017,NYC Parks
April - June,Session #3,False,2,Manhattan,Tony Dapolito,2018-2019,NYC Parks
October - December,Session #1,False,201,Brooklyn,Metropolitan,2019-2020,NYC Parks
October - December,Session #1,False,239,Brooklyn,Metropolitan,2016-2017,NYC Parks
April - June,Session #3,False,203,Brooklyn,St. John's,2017-2018,NYC Parks
October - December,Session #1,False,201,Queens,FMCP,2017-2018,NYC Parks
October - December,Session #1,False,201,Queens,Roy Wilkins,2018-2019,NYC Parks
January - March,Session #2,False,202,Brooklyn,Metropolitan,2017-2018,NYC Parks
April - June,Session #3,False,201,Queens,FMCP,2017-2018,NYC Parks
January - March,Session #2,False,202,Manhattan,Hansborough,2018-2019,NYC Parks
January - March,Session #2,False,200,Manhattan,Hansborough,2018-2019,NYC Parks
January - March,Session #2,False,2,Queens,Roy Wilkins,2017-2018,NYC Parks
January - March,Session #2,False,201,Brooklyn,Brownsville,2017-2018,NYC Parks
April - June,Session #3,False,201,Bronx,St. Mary's,2016-2017,NYC Parks
April - June,Session #3,False,231,Queens,FMCP,2018-2019,NYC Parks
January - March,Session #2,False,2,Queens,Roy Wilkins,2018-2019,NYC Parks
October - December,Session #1,False,201,Queens,FMCP,2018-2019,NYC Parks
October - December,Session #1,False,201,Queens,Roy Wilkins,2018-2019,NYC Parks
January - March,Session #2,False,201,Brooklyn,St. John's,2020-2021,NYC Parks
October - December,Session #1,False,202 & 205,Brooklyn,St. John's,2017-2018,NYC Parks
April - June,Session #3,False,201,Brooklyn,Brownsville,2018-2019,NYC Parks
January - March,Session #2,False,201,Manhattan,River Bank,2020-2021,NYC Parks
October - December,Session #1,False,201,Brooklyn,Brownsville,2018-2019,NYC Parks
April - June,Session #3,False,201,Queens,Roy Wilkins,2017-2018,NYC Parks
October - December,Session #1,False,202,Brooklyn,St. John's,2016-2017,NYC Parks
October - December,Session #1,False,201,Manhattan,Tony Dapolito,2019-2020,NYC Parks
April - June,Session #3,False,202,Queens,FMCP,2018-2019,NYC Parks
October - December,Session #1,False,206,Manhattan,Tony Dapolito,2019-2020,NYC Parks
October - December,Session #1,False,"202,  219, 229",Bronx,St. Mary's,2017-2018,NYC Parks
April - June,Session #3,False,202,Brooklyn,Metropolitan,2018-2019,NYC Parks
October - December,Session #1,False,202,Brooklyn,Brownsville,2019-2020,NYC Parks
October - December,Session #1,False,603,Manhattan,Asser Levy,2018-2019,NYC Parks
April - June,Session #3,False,201,Brooklyn,St. John's,2017-2018,NYC Parks
October - December,Session #1,False,201,Manhattan,Hansborough,2016-2017,NYC Parks
April - June,Session #3,False,201,Queens,FMCP,2018-2019,NYC Parks
October - December,Session #1,False,202,Manhattan,Hansborough,2017-2018,NYC Parks
January - March,Session #2,False,202,Manhattan,Hansborough,2016-2017,NYC Parks
January - March,Session #2,False,207,Manhattan,Gertrude Ederle,2016-2017,NYC Parks
January - March,Session #2,False,201,Queens,Roy Wilkins,2020-2021,NYC Parks
October - December,Session #1,False,203,Queens,Far Rockaway,2017-2018,NYC Parks
January - March,Session #2,False,201,Queens,Roy Wilkins,2020-2021,NYC Parks
October - December,Session #1,False,202,Brooklyn,Brownsville,2017-2018,NYC Parks
April - June,Session #3,False,439,Manhattan,Hansborough,2018-2019,NYC Parks
January - March,Session #2,False,21,Bronx,St. Mary's,2018-2019,NYC Parks
January - March,Session #2,False,231,Queens,Roy Wilkins,2018-2019,NYC Parks
October - December,Session #1,False,203,Brooklyn,St. John's,2017-2018,NYC Parks
October - December,Session #1,False,239,Brooklyn,Metropolitan,2016-2017,NYC Parks
January - March,Session #2,False,205/129,Brooklyn,Metropolitan,2017-2018,NYC Parks
April - June,Session #3,False,206,Queens,FMCP,2016-2017,NYC Parks
January - March,Session #2,False,231,Queens,FMCP,2018-2019,NYC Parks
January - March,Session #2,False,209,Queens,FMCP,2017-2018,NYC Parks
April - June,Session #3,False,28,Queens,FMCP,2016-2017,NYC Parks
October - December,Session #1,False,204,Queens,FMCP,2016-2017,NYC Parks
April - June,Session #3,False,201,Brooklyn,Metropolitan,2017-2018,NYC Parks
October - December,Session #1,False,202,Queens,Far Rockaway,2017-2018,NYC Parks
October - December,Session #1,False,014/011,Brooklyn,Brownsville,2018-2019,NYC Parks
January - March,Session #2,False,202,Queens,Roy Wilkins,2020-2021,NYC Parks
January - March,Session #2,False,"201, 202, 203, 204, 205, 206",Brooklyn,St. John's,2016-2017,NYC Parks
October - December,Session #1,False,231,Queens,Roy Wilkins,2017-2018,NYC Parks
October - December,Session #1,False,201,Brooklyn,Metropolitan,2019-2020,NYC Parks
April - June,Session #3,False,201,Queens,Roy Wilkins,2017-2018,NYC Parks
January - March,Session #2,False,401,Brooklyn,St. John's,2017-2018,NYC Parks
January - March,Session #2,False,201,Brooklyn,St. John's,2016-2017,NYC Parks
October - December,Session #1,False,291,Manhattan,Tony Dapolito,2018-2019,NYC Parks
October - December,Session #1,False,202,Brooklyn,Brownsville,2017-2018,NYC Parks
October - December,Session #1,False,201,Queens,Far Rockaway,2017-2018,NYC Parks
January - March,Session #2,False,201,Queens,Roy Wilkins,2020-2021,NYC Parks
April - June,Session #3,False,202,Brooklyn,St. John's,2017-2018,NYC Parks
January - March,Session #2,False,204,Queens,FMCP,2016-2017,NYC Parks
January - March,Session #2,False,202,Brooklyn,Metropolitan,2016-2017,NYC Parks
October - December,Session #1,False,201,Brooklyn,Metropolitan,2019-2020,NYC Parks
October - December,Session #1,False,231,Queens,Roy Wilkins,2017-2018,NYC Parks
October - December,Session #1,False,201,Brooklyn,Metropolitan,2019-2020,NYC Parks
October - December,Session #1,False,201,Queens,Roy Wilkins,2016-2017,NYC Parks
January - March,Session #2,True,202,Brooklyn,St. John's,2020-2021,NYC Parks
January - March,Session #2,False,202,Brooklyn,Metropolitan,2018-2019,NYC Parks
January - March,Session #2,False,309,Brooklyn,Metropolitan,2017-2018,NYC Parks
April - June,Session #3,False,205,Brooklyn,Metropolitan,2018-2019,NYC Parks
October - December,Session #1,True,SE X03,Manhattan,Hansborough,2017-2018,NYC Parks
October - December,Session #1,False,201,Brooklyn,Metropolitan,2017-2018,NYC Parks
January - March,Session #2,False,201,Queens,FMCP,2018-2019,NYC Parks
October - December,Session #1,False,231,Queens,FMCP,2016-2017,NYC Parks
April - June,Session #3,False,201,Queens,Roy Wilkins,2017-2018,NYC Parks
January - March,Session #2,False,246,Manhattan,River Bank,2020-2021,NYC Parks
January - March,Session #2,False,203,Brooklyn,St. Mary's,2020-2021,NYC Parks
April - June,Session #3,False,231,Queens,FMCP,2018-2019,NYC Parks
October - December,Session #1,False,204,Queens,FMCP,2016-2017,NYC Parks
January - March,Session #2,False,202,Queens,Roy Wilkins,2018-2019,NYC Parks
October - December,Session #1,False,201,Queens,Roy Wilkins,2017-2018,NYC Parks
October - December,Session #1,False,205,Queens,FMCP,2017-2018,NYC Parks
October - December,Session #1,False,204,Brooklyn,St. John's,2019-2020,NYC Parks
January - March,Session #2,False,202,Manhattan,Gertrude Ederle,2017-2018,NYC Parks
October - December,Session #1,False,202,Manhattan,Hansborough,2017-2018,NYC Parks
October - December,Session #1,False,201,Bronx,St. Mary's,2018-2019,NYC Parks
October - December,Session #1,False,205,Manhattan,Tony Dapolito,2017-2018,NYC Parks
April - June,Session #3,False,221,Manhattan,Hansborough,2016-2017,NYC Parks
April - June,Session #3,False,201,Queens,Roy Wilkins,2018-2019,NYC Parks
April - June,Session #3,False,201,Bronx,St. Mary's,2018-2019,NYC Parks
October - December,Session #1,False,201,Bronx,St. Mary's,2019-2020,NYC Parks
April - June,Session #3,False,205,Manhattan,Gertrude Ederle,2017-2018,NYC Parks
October - December,Session #1,False,201,Queens,Roy Wilkins,2018-2019,NYC Parks
April - June,Session #3,False,439,Manhattan,Hansborough,2018-2019,NYC Parks
January - March,Session #2,False,207,Queens,FMCP,2017-2018,NYC Parks
January - March,Session #2,False,203,Brooklyn,St. John's,2017-2018,NYC Parks
October - December,Session #1,False,306 & 309,Queens,FMCP,2016-2017,NYC Parks
January - March,Session #2,False,202,Queens,FMCP,2016-2017,NYC Parks
October - December,Session #1,False,202,Brooklyn,Brownsville,2017-2018,NYC Parks
October - December,Session #1,False,203,Manhattan,Gertrude Ederle,2016-2017,NYC Parks
January - March,Session #2,False,202,Manhattan,Hansborough,2018-2019,NYC Parks
January - March,Session #2,False,202,Queens,Roy Wilkins,2018-2019,NYC Parks
October - December,Session #1,False,202,Queens,Roy Wilkins,2019-2020,NYC Parks
October - December,Session #1,False,201,Queens,Roy Wilkins,2018-2019,NYC Parks
April - June,Session #3,False,202,Brooklyn,St. John's,2016-2017,NYC Parks
October - December,Session #1,False,603,Manhattan,Asser Levy,2017-2018,NYC Parks
October - December,Session #1,False,202,Manhattan,Asser Levy,2018-2019,NYC Parks
October - December,Session #1,False,201,Manhattan,Hansborough,2016-2017,NYC Parks
October - December,Session #1,False,201,Queens,FMCP,2017-2018,NYC Parks
January - March,Session #2,False,216,Manhattan,River Bank,2020-2021,NYC Parks
April - June,Session #3,False,202,Queens,FMCP,2018-2019,NYC Parks
October - December,Session #1,False,203,Brooklyn,St. John's,2016-2017,NYC Parks
January - March,Session #2,False,205,Brooklyn,Metropolitan,2020-2021,NYC Parks
October - December,Session #1,False,205,Manhattan,Tony Dapolito,2017-2018,NYC Parks
October - December,Session #1,False,201,Manhattan,Boys and Girls Harbor,2016-2017,NYC Parks
October - December,Session #1,False,201,Brooklyn,Metropolitan,2019-2020,NYC Parks
October - December,Session #1,False,201,Queens,Roy Wilkins,2018-2019,NYC Parks
April - June,Session #3,False,201,Brooklyn,Metropolitan,2018-2019,NYC Parks
October - December,Session #1,False,203,Queens,Roy Wilkins,2019-2020,NYC Parks
April - June,Session #3,False,2,Manhattan,Gertrude Ederle,2016-2017,NYC Parks
October - December,Session #1,False,201,Queens,Roy Wilkins,2016-2017,NYC Parks
October - December,Session #1,False,203,Brooklyn,Metropolitan,2016-2017,NYC Parks
April - June,Session #3,False,"21, 22",Bronx,St. Mary's,2016-2017,NYC Parks
January - March,Session #2,True,309/315,Brooklyn,Metropolitan,2017-2018,NYC Parks
October - December,Session #1,False,2,Manhattan,Boys and Girls Harbor,2016-2017,NYC Parks
April - June,Session #3,False,201,Queens,FMCP,2018-2019,NYC Parks
January - March,Session #2,False,236,Queens,FMCP,2018-2019,NYC Parks
October - December,Session #1,False,"201, 202",Brooklyn,Brownsville,2018-2019,NYC Parks
October - December,Session #1,False,201,Brooklyn,Brownsville,2016-2017,NYC Parks
April - June,Session #3,False,112,Brooklyn,Brownsville,2018-2019,NYC Parks
April - June,Session #3,False,203,Queens,Roy Wilkins,2018-2019,NYC Parks
April - June,Session #3,False,207,Queens,FMCP,2016-2017,NYC Parks
January - March,Session #2,True,y47,Manhattan,Tony Dapolito,2016-2017,NYC Parks
October - December,Session #1,False,2 Thorpe HR,Queens,Roy Wilkins,2016-2017,NYC Parks
January - March,Session #2,False,204,Manhattan,Tony Dapolito,2017-2018,NYC Parks
January - March,Session #2,False,204,Manhattan,River Bank,2016-2017,NYC Parks
April - June,Session #3,False,2,Brooklyn,Metropolitan,2016-2017,NYC Parks
October - December,Session #1,False,201 & 202,Brooklyn,St. John's,2017-2018,NYC Parks
January - March,Session #2,False,202,Brooklyn,St. John's,2016-2017,NYC Parks
January - March,Session #2,False,404,Manhattan,Hansborough,2017-2018,NYC Parks
January - March,Session #2,False,221,Queens,FMCP,2017-2018,NYC Parks
January - March,Session #2,False,204,Manhattan,River Bank,2016-2017,NYC Parks
April - June,Session #3,False,202,Manhattan,River Bank,2016-2017,NYC Parks
January - March,Session #2,False,2,Brooklyn,Brownsville,2018-2019,NYC Parks
January - March,Session #2,False,201,Queens,Roy Wilkins,2016-2017,NYC Parks
October - December,Session #1,False,202/205,Bronx,St. Mary's,2018-2019,NYC Parks
January - March,Session #2,False,"202, 203, 303",Brooklyn,Brownsville,2020-2021,NYC Parks
October - December,Session #1,False,202,Queens,Roy Wilkins,2017-2018,NYC Parks
October - December,Session #1,False,201,Brooklyn,Brownsville,2018-2019,NYC Parks
October - December,Session #1,False,201,Queens,Roy Wilkins,2017-2018,NYC Parks
October - December,Session #1,False,205,Manhattan,Tony Dapolito,2017-2018,NYC Parks
January - March,Session #2,False,201,Queens,Roy Wilkins,2016-2017,NYC Parks
October - December,Session #1,False,201,Queens,FMCP,2018-2019,NYC Parks
October - December,Session #1,False,306 & 309,Queens,FMCP,2016-2017,NYC Parks
April - June,Session #3,False,202,Queens,Roy Wilkins,2018-2019,NYC Parks
January - March,Session #1,False,204,Brooklyn,Metropolitan,2017-2018,NYC Parks
January - March,Session #2,False,205,Brooklyn,St. John's,2020-2021,NYC Parks
April - June,Session #3,False,202,Queens,FMCP,2016-2017,NYC Parks
January - March,Session #2,False,2,Queens,Roy Wilkins,2018-2019,NYC Parks
January - March,Session #2,False,203,Queens,Roy Wilkins,2020-2021,NYC Parks
April - June,Session #3,False,201,Manhattan,Asser Levy,2017-2018,NYC Parks
April - June,Session #3,False,202,Manhattan,Asser Levy,2016-2017,NYC Parks
April - June,Session #3,False,201,Brooklyn,Brownsville,2017-2018,NYC Parks
January - March,Session #2,False,202,Brooklyn,Brownsville,2018-2019,NYC Parks
April - June,Session #3,False,201,Manhattan,River Bank,2016-2017,NYC Parks
January - March,Session #2,False,246,Manhattan,River Bank,2020-2021,NYC Parks
October - December,Session #1,False,203,Brooklyn,St. John's,2017-2018,NYC Parks
April - June,Session #3,False,201,Queens,FMCP,2017-2018,NYC Parks
April - June,Session #3,False,231,Queens,Roy Wilkins,2017-2018,NYC Parks
October - December,Session #1,False,203,Brooklyn,Metropolitan,2017-2018,NYC Parks
April - June,Session #3,False,2,Manhattan,Tony Dapolito,2018-2019,NYC Parks
April - June,Session #3,False,203,Queens,FMCP,2018-2019,NYC Parks
April - June,Session #3,False,206,Queens,FMCP,2016-2017,NYC Parks
April - June,Session #3,False,201,Queens,Roy Wilkins,2018-2019,NYC Parks
October - December,Session #1,False,202,Brooklyn,Brownsville,2017-2018,NYC Parks
October - December,Session #1,False,201 & 202,Brooklyn,St. John's,2017-2018,NYC Parks
October - December,Session #1,False,202 & 205,Brooklyn,St. John's,2017-2018,NYC Parks
October - December,Session #1,False,202,Manhattan,Boys and Girls Harbor,2016-2017,NYC Parks
January - March,Session #2,True,204,Queens,FMCP,2018-2019,NYC Parks
January - March,Session #2,False,203,Queens,FMCP,2018-2019,NYC Parks
January - March,Session #2,False,231,Queens,FMCP,2016-2017,NYC Parks
October - December,Session #1,False,201,Brooklyn,Brownsville,2019-2020,NYC Parks
october - december,Session #1,False,201,Bronx,St. Mary's,2016-2017,NYC Parks
January - March,Session #2,False,201,Manhattan,River Bank,2020-2021,NYC Parks
April - June,Session #3,False,203,Queens,Roy Wilkins,2016-2017,NYC Parks
April - June,Session #3,False,201,Brooklyn,Metropolitan,2018-2019,NYC Parks
April - June,Session #3,False,2,Manhattan,Gertrude Ederle,2016-2017,NYC Parks
October - December,Session #1,False,201,Manhattan,Hansborough,2016-2017,NYC Parks
October - December,Session #1,False,204,Manhattan,Gertrude Ederle,2018-2019,NYC Parks
October - December,Session #1,False,201,Queens,FMCP,2016-2017,NYC Parks
January - March,Session #2,False,202,Brooklyn,Brownsville,2016-2017,NYC Parks
April - June,Session #3,False,204,Manhattan,Chelsea,2017-2018,NYC Parks
October - December,Session #1,False,2,Queens,FMCP,2018-2019,NYC Parks
April - June,Session #3,False,201,Manhattan,River Bank,2016-2017,NYC Parks
April - June,Session #3,False,201,Queens,FMCP,2016-2017,NYC Parks
January - March,Session #2,False,201,Queens,FMCP,2017-2018,NYC Parks
January - March,Session #2,False,201,Queens,Roy Wilkins,2020-2021,NYC Parks
October - December,Session #1,False,231,Queens,FMCP,2016-2017,NYC Parks
April - June,Session #3,False,"234, 238, 236",Manhattan,Asser Levy,2016-2017,NYC Parks
April - June,Session #3,False,221,Queens,FMCP,2016-2017,NYC Parks
October - December,Session #1,False,201,Brooklyn,Brownsville,2017-2018,NYC Parks
October - December,Session #1,False,202,Manhattan,Boys and Girls Harbor,2016-2017,NYC Parks
January - March,Session #2,False,203,Queens,Roy Wilkins,2016-2017,NYC Parks
January - March,Session #2,True,202,Brooklyn,St. John's,2020-2021,NYC Parks
April - June,Session #3,False,203,Queens,FMCP,2016-2017,NYC Parks
January - March,Session #2,False,201,Queens,FMCP,2017-2018,NYC Parks
October - December,Session #1,False,201,Queens,Roy Wilkins,2016-2017,NYC Parks
January - March,Session #2,False,201,Manhattan,Hansborough,2016-2017,NYC Parks
January - March,Session #2,False,201,Manhattan,Tony Dapolito,2017-2018,NYC Parks
October - December,Session #1,False,2,Queens,FMCP,2018-2019,NYC Parks
October - December,Session #1,False,122/124,Manhattan,Asser Levy,2019-2020,NYC Parks
January - March,Session #2,False,201,Manhattan,Asser Levy,2020-2021,NYC Parks
April - June,Session #3,False,"21, 22",Bronx,St. Mary's,2016-2017,NYC Parks
october - december,Session #1,False,201,Brooklyn,St. John's,2016-2017,NYC Parks
October - December,Session #1,False,231,Queens,Roy Wilkins,2017-2018,NYC Parks
January - March,Session #2,False,203,Manhattan,Asser Levy,2020-2021,NYC Parks
April - June,Session #3,False,202,Queens,FMCP,2017-2018,NYC Parks
January - March,Session #2,False,201,Queens,Roy Wilkins,2016-2017,NYC Parks
April - June,Session #3,False,202,Brooklyn,Metropolitan,2017-2018,NYC Parks
October - December,Session #1,False,204,Brooklyn,Metropolitan,2019-2020,NYC Parks
April - June,Session #3,False,231,Queens,FMCP,2017-2018,NYC Parks
January - March,Session #2,False,205,Brooklyn,Metropolitan,2020-2021,NYC Parks
October - December,Session #1,False,201,Queens,FMCP,2016-2017,NYC Parks
January - March,Session #2,False,202,Queens,Roy Wilkins,2018-2019,NYC Parks
October - December,Session #1,False,221,Queens,FMCP,2018-2019,NYC Parks
October - December,Session #1,False,203,Brooklyn,Metropolitan,2016-2017,NYC Parks
October - December,Session #1,False,202,Brooklyn,Metropolitan,2017-2018,NYC Parks
October - December,Session #1,False,231,Queens,Roy Wilkins,2019-2020,NYC Parks
October - December,Session #1,False,"216, 205, 207, 214",Manhattan,Hansborough,2017-2018,NYC Parks
October - December,Session #1,False,2,Queens,FMCP,2018-2019,NYC Parks
October - December,Session #1,False,221,Queens,FMCP,2018-2019,NYC Parks
October - December,Session #1,False,121/123,Manhattan,Asser Levy,2019-2020,NYC Parks
October - December,Session #1,False,202,Queens,Roy Wilkins,2017-2018,NYC Parks
January - March,Session #2,False,246,Manhattan,River Bank,2020-2021,NYC Parks
April - June,Session #3,False,3,Brooklyn,Metropolitan,2018-2019,NYC Parks
April - June,Session #3,False,201,Queens,FMCP,2018-2019,NYC Parks
October - December,Session #1,False,202,Brooklyn,Metropolitan,2019-2020,NYC Parks
October - December,Session #1,False,201,Queens,Roy Wilkins,2017-2018,NYC Parks
October - December,Session #1,False,291,Manhattan,Tony Dapolito,2018-2019,NYC Parks
October - December,Session #1,False,231,Queens,Roy Wilkins,2017-2018,NYC Parks
April - June,Session #3,False,201,Brooklyn,St. John's,2017-2018,NYC Parks
January - March,Session #2,False,201,Brooklyn,Metropolitan,2017-2018,NYC Parks
January - March,Session #2,False,201,Queens,FMCP,2018-2019,NYC Parks
January - March,Session #2,False,231,Queens,FMCP,2017-2018,NYC Parks
April - June,Session #3,False,201,Brooklyn,Metropolitan,2017-2018,NYC Parks
October - December,Session #1,False,201,Queens,Roy Wilkins,2019-2020,NYC Parks
January - March,Session #2,True,104,Brooklyn,St. John's,2016-2017,NYC Parks
January - March,Session #2,False,201,Manhattan,Hansborough,2017-2018,NYC Parks
January - March,Session #2,False,10X246,Manhattan,River Bank,2018-2019,NYC Parks
January - March,Session #2,False,202,Brooklyn,St. John's,2016-2017,NYC Parks
January - March,Session #2,False,202,Bronx,St. Mary's,2016-2017,NYC Parks
October - December,Session #1,False,208,Manhattan,Tony Dapolito,2019-2020,NYC Parks
January - March,Session #2,False,201,Queens,FMCP,2017-2018,NYC Parks
October - December,Session #1,False,2,Queens,FMCP,2018-2019,NYC Parks
October - December,Session #1,False,201,Brooklyn,Metropolitan,2019-2020,NYC Parks
October - December,Session #1,False,202,Queens,Roy Wilkins,2018-2019,NYC Parks
January - March,Session #2,False,203,Manhattan,Gertrude Ederle,2020-2021,NYC Parks
October - December,Session #1,False,201,Queens,Roy Wilkins,2016-2017,NYC Parks
January - March,Session #2,False,205,Manhattan,Asser Levy,2018-2019,NYC Parks
October - December,Session #1,True,301,Manhattan,River Bank,2019-2020,NYC Parks
October - December,Session #1,False,202,Manhattan,Gertrude Ederle,2016-2017,NYC Parks
January - March,Session #2,False,202,Queens,Roy Wilkins,2018-2019,NYC Parks
October - December,Session #1,False,200,Brooklyn,Brownsville,2019-2020,NYC Parks
October - December,Session #1,False,201,Queens,Roy Wilkins,2017-2018,NYC Parks
April - June,Session #3,False,203,Manhattan,Hansborough,2017-2018,NYC Parks
April - June,Session #3,False,208,Manhattan,Chelsea,2016-2017,NYC Parks
October - December,Session #1,False,201,Queens,Roy Wilkins,2018-2019,NYC Parks
October - December,Session #1,False,202,Bronx,St. Mary's,2017-2018,NYC Parks
January - March,Session #2,False,204,Manhattan,Tony Dapolito,2016-2017,NYC Parks
October - December,Session #1,False,203,Queens,FMCP,2016-2017,NYC Parks
January - March,Session #2,False,202,Manhattan,Asser Levy,2020-2021,NYC Parks
January - March,Session #2,False,207,Manhattan,Gertrude Ederle,2016-2017,NYC Parks
April - June,Session #3,False,202,Queens,FMCP,2018-2019,NYC Parks
January - March,Session #2,False,201,Queens,Roy Wilkins,2016-2017,NYC Parks
January - March,Session #2,False,201,Manhattan,Tony Dapolito,2018-2019,NYC Parks
January - March,Session #2,False,201,Queens,Roy Wilkins,2016-2017,NYC Parks
October - December,Session #1,False,203,Brooklyn,Metropolitan,2017-2018,NYC Parks
October - December,Session #1,False,2,Queens,FMCP,2018-2019,NYC Parks
January - March,Session #2,False,201,Brooklyn,Brownsville,2017-2018,NYC Parks
April - June,Session #3,False,2,Brooklyn,Metropolitan,2016-2017,NYC Parks
October - December,Session #1,False,201,Brooklyn,Metropolitan,2019-2020,NYC Parks
October - December,Session #1,False,202,Brooklyn,Metropolitan,2018-2019,NYC Parks
January - March,Session #2,False,202,Manhattan,River Bank,2020-2021,NYC Parks
October - December,Session #1,False,201,Brooklyn,Metropolitan,2019-2020,NYC Parks
January - March,Session #2,False,201,Queens,FMCP,2017-2018,NYC Parks
October - December,Session #1,False,201,Queens,FMCP,2017-2018,NYC Parks
October - December,Session #1,False,201,Manhattan,River Bank,2018-2019,NYC Parks
January - March,Session #2,False,201,Bronx,St. Mary's,2018-2019,NYC Parks
October - December,Session #1,False,204,Queens,Far Rockaway,2017-2018,NYC Parks
October - December,Session #1,False,203,Brooklyn,St. John's,2016-2017,NYC Parks
October - December,Session #1,False,201 & 202,Brooklyn,St. John's,2017-2018,NYC Parks
October - December,Session #1,False,203,Queens,Roy Wilkins,2016-2017,NYC Parks
October - December,Session #1,False,Y12 & Y11,Brooklyn,LIU,2016-2017,NYC Parks
October - December,Session #1,False,201,Brooklyn,St. John's,2016-2017,NYC Parks
January - March,Session #2,False,221,Queens,FMCP,2017-2018,NYC Parks
April - June,Session #3,False,,Manhattan,Asser Levy,2018-2019,NYC Parks
October - December,Session #1,False,202,Queens,FMCP,2017-2018,NYC Parks
January - March,Session #2,False,201,Manhattan,Asser Levy,2017-2018,NYC Parks
January - March,Session #2,False,201,Brooklyn,Brownsville,2020-2021,NYC Parks
April - June,Session #3,False,2,Brooklyn,Metropolitan,2016-2017,NYC Parks
October - December,Session #1,False,301,Manhattan,River Bank,2019-2020,NYC Parks
January - March,Session #2,False,201,Queens,Roy Wilkins,2020-2021,NYC Parks
January - March,Session #2,True,y47,Manhattan,Tony Dapolito,2016-2017,NYC Parks
October - December,Session #1,False,203,Queens,Roy Wilkins,2016-2017,NYC Parks
April - June,Session #3,False,201,Brooklyn,Metropolitan,2018-2019,NYC Parks
April - June,Session #3,False,"230,232",Manhattan,Gertrude Ederle,2017-2018,NYC Parks
April - June,Session #3,False,202,Queens,Roy Wilkins,2017-2018,NYC Parks
October - December,Session #1,False,1,Manhattan,Boys and Girls Harbor,2016-2017,NYC Parks
January - March,Session #2,False,231,Queens,FMCP,2018-2019,NYC Parks
April - June,Session #3,False,12,Brooklyn,Brownsville,2018-2019,NYC Parks
January - March,Session #2,False,201,Queens,Roy Wilkins,2020-2021,NYC Parks
October - December,Session #1,False,202,Queens,Roy Wilkins,2018-2019,NYC Parks
October - December,Session #1,False,202,Queens,FMCP,2017-2018,NYC Parks
January - March,Session #2,False,214,Manhattan,Chelsea,2017-2018,NYC Parks
October - December,Session #1,False,201,Manhattan,Hansborough,2016-2017,NYC Parks
October - December,Session #1,False,2 HR,Queens,Roy Wilkins,2017-2018,NYC Parks
October - December,Session #1,False,239,Brooklyn,Metropolitan,2016-2017,NYC Parks
April - June,Session #3,False,201,Queens,Roy Wilkins,2018-2019,NYC Parks
January - March,Session #2,False,202,Manhattan,Asser Levy,2016-2017,NYC Parks
April - June,Session #3,False,202,Queens,FMCP,2017-2018,NYC Parks
January - March,Session #2,False,204,Manhattan,Tony Dapolito,2016-2017,NYC Parks
April - June,Session #3,False,202,Brooklyn,Metropolitan,2018-2019,NYC Parks
October - December,Session #1,False,201,Manhattan,Hansborough,2017-2018,NYC Parks
April - June,Session #3,False,1,Queens,FMCP,2017-2018,NYC Parks
October - December,Session #1,False,201,Queens,Roy Wilkins,2016-2017,NYC Parks
January - March,Session #2,False,202,Manhattan,Hansborough,2017-2018,NYC Parks
October - December,Session #1,False,1,Brooklyn,Metropolitan,2017-2018,NYC Parks
April - June,Session #3,True,207,Manhattan,Chelsea,2016-2017,NYC Parks
January - March,Session #2,False,201,Brooklyn,Metropolitan,2018-2019,NYC Parks
January - March,Session #2,False,204,Queens,Roy Wilkins,2016-2017,NYC Parks
April - June,Session #3,False,91,Brooklyn,Metropolitan,2017-2018,NYC Parks
January - March,Session #2,False,201,Queens,Roy Wilkins,2020-2021,NYC Parks
October - December,Session #1,False,202,Brooklyn,St. John's,2019-2020,NYC Parks
January - March,Session #2,False,201,Brooklyn,Metropolitan,2016-2017,NYC Parks
January - March,Session #2,False,201,Brooklyn,Metropolitan,2019-2020,NYC Parks
January - March,Session #2,False,201,Brooklyn,Metropolitan,2018-2019,NYC Parks
April - June,Session #3,False,219,Brooklyn,St. John's,2016-2017,NYC Parks
April - June,Session #3,False,203,Brooklyn,Metropolitan,2018-2019,NYC Parks
April - June,Session #3,False,2,Brooklyn,Metropolitan,2016-2017,NYC Parks
April - June,Session #3,False,201,Brooklyn,St. John's,2017-2018,NYC Parks
October - December,Session #1,False,203,Queens,FMCP,2017-2018,NYC Parks
January - March,Session #2,True,V01,Manhattan,Tony Dapolito,2017-2018,NYC Parks
October - December,Session #1,False,201 & 219,Brooklyn,Brownsville,2017-2018,NYC Parks
October - December,Session #1,False,202,Manhattan,Hansborough,2016-2017,NYC Parks
January - March,Session #2,False,205,Brooklyn,St. John's,2020-2021,NYC Parks
January - March,Session #2,False,202,Bronx,St. Mary's,2016-2017,NYC Parks
October - December,Session #1,False,202,Manhattan,Hansborough,2016-2017,NYC Parks
January - March,Session #2,False,201,Manhattan,Tony Dapolito,2018-2019,NYC Parks
January - March,Session #2,False,204,Brooklyn,Brownsville,2020-2021,NYC Parks
October - December,Session #1,False,203,Queens,FMCP,2016-2017,NYC Parks
April - June,Session #3,False,202,Manhattan,Asser Levy,2017-2018,NYC Parks
April - June,Session #3,False,"231,201",Queens,FMCP,2017-2018,NYC Parks
January - March,Session #2,False,203,Brooklyn,Metropolitan,2016-2017,NYC Parks
October - December,Session #1,False,291,Manhattan,Tony Dapolito,2018-2019,NYC Parks
April - June,Session #3,False,"216, 205, 207, 220, 214",Manhattan,Hansborough,2016-2017,NYC Parks
January - March,Session #2,False,205/129,Brooklyn,Metropolitan,2017-2018,NYC Parks
January - March,Session #2,False,202,Brooklyn,Metropolitan,2018-2019,NYC Parks
January - March,Session #2,False,21,Bronx,St. Mary's,2018-2019,NYC Parks
October - december,Session #1,False,202,Queens,Roy Wilkins,2016-2017,NYC Parks
April - June,Session #3,False,201,Queens,Roy Wilkins,2018-2019,NYC Parks
January - March,Session #2,True,y47,Manhattan,Tony Dapolito,2016-2017,NYC Parks
April - June,Session #3,False,201,Manhattan,Tony Dapolito,2017-2018,NYC Parks
October - December,Session #1,False,202,Brooklyn,Brownsville,2018-2019,NYC Parks
October - December,Session #1,False,203,Queens,Far Rockaway,2017-2018,NYC Parks
January - March,Session #2,False,213,Brooklyn,St. John's,2020-2021,NYC Parks
January - March,Session #2,False,203,Brooklyn,St. John's,2017-2018,NYC Parks
January - March,Session #2,False,201,Manhattan,Hansborough,2017-2018,NYC Parks
April - June,Session #3,False,202,Queens,FMCP,2016-2017,NYC Parks
January - March,Session #2,False,205,Manhattan,River Bank,2020-2021,NYC Parks
April - June,Session #3,False,201,Queens,FMCP,2018-2019,NYC Parks
October - December,Session #1,False,201,Brooklyn,Metropolitan,2019-2020,NYC Parks
April - June,Session #3,False,272,Brooklyn,Metropolitan,2016-2017,NYC Parks
April - June,Session #3,False,201,Brooklyn,Brownsville,2017-2018,NYC Parks
October - December,Session #1,False,203,Queens,Roy Wilkins,2016-2017,NYC Parks
April - June,Session #3,False,201,Queens,Roy Wilkins,2016-2017,NYC Parks
April - June,Session #3,False,202,Queens,Roy Wilkins,2017-2018,NYC Parks
January - March,Session #2,False,204,Brooklyn,St. John's,2020-2021,NYC Parks
October - December,Session #1,False,201,Bronx,St. Mary's,2019-2020,NYC Parks
April - June,Session #3,False,201,Brooklyn,Brownsville,2017-2018,NYC Parks
April - June,Session #3,False,202,Brooklyn,St. John's,2016-2017,NYC Parks
October - December,Session #1,False,201,Brooklyn,Metropolitan,2017-2018,NYC Parks
January - March,Session #2,False,218,Manhattan,River Bank,2020-2021,NYC Parks
October - December,Session #1,False,201 & 202,Brooklyn,St. John's,2017-2018,NYC Parks
october - december,Session #1,False,201,Bronx,St. Mary's,2016-2017,NYC Parks
January - March,Session #2,False,202,Manhattan,Gertrude Ederle,2017-2018,NYC Parks
October - December,Session #1,False,201,Queens,Roy Wilkins,2017-2018,NYC Parks
January - March,Session #2,False,201,Brooklyn,Brownsville,2017-2018,NYC Parks
January - March,Session #2,False,201,Brooklyn,Brownsville,2018-2019,NYC Parks
October - December,Session #1,False,202 & 205,Brooklyn,St. John's,2017-2018,NYC Parks
October - December,Session #1,False,205,Manhattan,Tony Dapolito,2016-2017,NYC Parks
January - March,Session #2,False,201,Brooklyn,Metropolitan,2019-2020,NYC Parks
January - March,Session #2,False,291/231,Queens,Roy Wilkins,2016-2017,NYC Parks
April - June,Session #3,False,207,Queens,FMCP,2016-2017,NYC Parks
October - December,Session #1,False,201,Brooklyn,Brownsville,2016-2017,NYC Parks
January - March,Session #2,False,201,Brooklyn,Brownsville,2017-2018,NYC Parks
April - June,Session #3,False,201,Brooklyn,Brownsville,2017-2018,NYC Parks
April - June,Session #3,False,201,Manhattan,Asser Levy,2017-2018,NYC Parks
October - December,Session #1,False,201,Queens,Roy Wilkins,2016-2017,NYC Parks
October - December,Session #1,False,1,Queens,FMCP,2018-2019,NYC Parks
April - June,Session #3,False,2,Brooklyn,Metropolitan,2016-2017,NYC Parks
January - March,Session #2,False,201,Manhattan,Hansborough,2017-2018,NYC Parks
October - December,Session #1,False,206,Manhattan,Tony Dapolito,2019-2020,NYC Parks
January - March,Session #2,False,201,Brooklyn,Brownsville,2017-2018,NYC Parks
April - June,Session #3,False,201,Queens,Roy Wilkins,2016-2017,NYC Parks
October - December,Session #1,False,202,Brooklyn,Metropolitan,2019-2020,NYC Parks
April - June,Session #3,False,205,Manhattan,Gertrude Ederle,2017-2018,NYC Parks
April - June,Session #3,False,201,Bronx,Fieldston,2016-2017,Partner Site
October - December,Session #1,False,203,Manhattan,Boys and Girls Harbor,2016-2017,NYC Parks
October - December,Session #1,False,201,Queens,Roy Wilkins,2018-2019,NYC Parks
October - December,Session #1,False,205,Brooklyn,Metropolitan,2019-2020,NYC Parks
October - December,Session #1,False,201,Manhattan,Chelsea,2016-2017,NYC Parks
April - June,Session #3,False,202,Bronx,St. Mary's,2017-2018,NYC Parks
January - March,Session #2,False,203,Brooklyn,St. Mary's,2020-2021,NYC Parks
April - June,Session #3,False,201,Manhattan,River Bank,2017-2018,NYC Parks
January - March,Session #2,False,203,Brooklyn,Metropolitan,2016-2017,NYC Parks
April - June,Session #3,False,202,Queens,FMCP,2018-2019,NYC Parks
October - December,Session #1,False,204,Queens,FMCP,2016-2017,NYC Parks
October - December,Session #1,False,203,Brooklyn,Metropolitan,2016-2017,NYC Parks
April - June,Session #3,False,"203, 291",Queens,Roy Wilkins,2016-2017,NYC Parks
April - June,Session #3,False,204,Brooklyn,St. John's,2017-2018,NYC Parks
October - December,Session #1,False,202,Queens,FMCP,2016-2017,NYC Parks
October - December,Session #1,False,309,Manhattan,River Bank,2019-2020,NYC Parks
April - June,Session #3,False,201,Queens,Roy Wilkins,2016-2017,NYC Parks
April - June,Session #3,False,231,Queens,Roy Wilkins,2017-2018,NYC Parks
October - December,Session #1,False,202,Queens,Roy Wilkins,2016-2017,NYC Parks
January - March,Session #2,False,203,Queens,Roy Wilkins,2016-2017,NYC Parks
October - December,Session #1,False,202,Brooklyn,Metropolitan,2016-2017,NYC Parks
October - december,Session #1,False,202,Queens,Roy Wilkins,2016-2017,NYC Parks
January - March,Session #2,False,201,Manhattan,Tony Dapolito,2018-2019,NYC Parks
January - March,Session #2,False,221,Queens,FMCP,2016-2017,NYC Parks
April - June,Session #3,False,203,Queens,Roy Wilkins,2018-2019,Partner Site
April - June,Session #3,False,201,Queens,Roy Wilkins,2017-2018,NYC Parks
January - March,Session #2,False,201,Manhattan,Hansborough,2016-2017,NYC Parks
october - december,Session #1,False,215,Manhattan,Tony Dapolito,2016-2017,NYC Parks
April - June,Session #3,False,201,Brooklyn,Metropolitan,2017-2018,NYC Parks
January - March,Session #2,False,232,Queens,FMCP,2017-2018,NYC Parks
April - June,Session #3,False,202,Manhattan,Gertrude Ederle,2018-2019,NYC Parks
October - December,Session #1,False,201,Queens,Roy Wilkins,2018-2019,NYC Parks
October - December,Session #1,False,202,Brooklyn,St. John's,2017-2018,NYC Parks
April - June,Session #3,False,201,Queens,Roy Wilkins,2017-2018,NYC Parks
October - December,Session #1,False,201,Brooklyn,Metropolitan,2016-2017,NYC Parks
April - June,Session #3,False,201,Manhattan,Tony Dapolito,2017-2018,NYC Parks
April - June,Session #3,False,205,Manhattan,Tony Dapolito,2016-2017,NYC Parks
April - June,Session #3,False,K01,Manhattan,Chelsea,2017-2018,NYC Parks
October - December,Session #1,False,202,Brooklyn,Brownsville,2018-2019,NYC Parks
January - March,Session #2,False,201,Brooklyn,Metropolitan,2020-2021,NYC Parks
April - June,Session #3,True,291,Queens,Roy Wilkins,2018-2019,NYC Parks
October - December,Session #1,False,202,Queens,Roy Wilkins,2017-2018,NYC Parks
January - March,Session #2,False,205,Queens,FMCP,2018-2019,NYC Parks
October - December,Session #1,False,201,Manhattan,Hansborough,2016-2017,NYC Parks
October - December,Session #1,False,204,Brooklyn,Metropolitan,2019-2020,NYC Parks
October - December,Session #1,False,306 & 309,Queens,FMCP,2016-2017,NYC Parks
January - March,Session #2,False,201,Brooklyn,Metropolitan,2017-2018,NYC Parks
October - December,Session #1,False,203,Queens,Roy Wilkins,2017-2018,NYC Parks
October - December,Session #1,False,201,Brooklyn,St. John's,2016-2017,NYC Parks
October - December,Session #1,False,202,Brooklyn,Metropolitan,2019-2020,NYC Parks
January - March,Session #2,False,201,Manhattan,Tony Dapolito,2018-2019,NYC Parks
April - June,Session #3,False,203,Brooklyn,St. John's,2017-2018,NYC Parks
October - December,Session #1,False,1,Brooklyn,Metropolitan,2017-2018,NYC Parks
October - December,Session #1,False,201,Queens,Roy Wilkins,2016-2017,NYC Parks
April - June,Session #3,False,"291, 202",Queens,Roy Wilkins,2016-2017,NYC Parks
October - December,Session #1,False,201,Brooklyn,Metropolitan,2019-2020,NYC Parks
October - December,Session #1,False,206,Manhattan,Tony Dapolito,2017-2018,NYC Parks
January - March,Session #2,False,205,Manhattan,Tony Dapolito,2016-2017,NYC Parks
April - June,Session #3,False,2,Manhattan,Tony Dapolito,2018-2019,NYC Parks
April - June,Session #3,False,201,Brooklyn,Metropolitan,2018-2019,NYC Parks
October - December,Session #1,False,201,Queens,Roy Wilkins,2019-2020,NYC Parks
April - June,Session #3,False,203,Queens,Roy Wilkins,2016-2017,NYC Parks
October - December,Session #1,False,"Y44, Y23",Manhattan,LIU,2018-2019,NYC Parks
January - March,Session #2,False,21,Bronx,St. Mary's,2017-2018,NYC Parks
January - March,Session #2,False,202,Queens,Roy Wilkins,2016-2017,NYC Parks
October - December,Session #1,False,202,Brooklyn,Brownsville,2017-2018,NYC Parks
April - June,Session #3,False,"230,232",Manhattan,Gertrude Ederle,2017-2018,NYC Parks
April - June,Session #3,False,2A219,Brooklyn,Brownsville,2017-2018,NYC Parks
October - December,Session #1,False,202,Manhattan,River Bank,2017-2018,NYC Parks
April - June,Session #3,False,202,Manhattan,Gertrude Ederle,2018-2019,NYC Parks
October - December,Session #1,False,202,Queens,FMCP,2017-2018,NYC Parks
January - March,Session #2,False,205,Queens,FMCP,2018-2019,NYC Parks
April - June,Session #3,False,201,Brooklyn,Brownsville,2018-2019,NYC Parks
April - June,Session #3,False,203,Manhattan,Hansborough,2017-2018,NYC Parks
April - June,Session #3,False,202,Brooklyn,St. John's,2016-2017,NYC Parks
October - December,Session #1,False,201,Queens,FMCP,2016-2017,NYC Parks
January - March,Session #2,False,203,Bronx,St. Mary's,2016-2017,NYC Parks
January - March,Session #2,False,201,Brooklyn,Brownsville,2020-2021,NYC Parks
October - December,Session #1,False,202,Brooklyn,Brownsville,2017-2018,NYC Parks
January - March,Session #2,False,202,Brooklyn,Brownsville,2017-2018,NYC Parks
April - June,Session #3,False,,Bronx,St. Mary's,2018-2019,NYC Parks
January - March,Session #2,False,203,Queens,Roy Wilkins,2016-2017,NYC Parks
January - March,Session #2,False,309/315,Brooklyn,Metropolitan,2017-2018,NYC Parks
April - June,Session #3,True,201,Brooklyn,Metropolitan,2017-2018,NYC Parks
April - June,Session #3,False,201,Manhattan,Chelsea,2017-2018,NYC Parks
October - December,Session #1,False,202,Bronx,St. Mary's,2016-2017,NYC Parks
January - March,Session #2,False,201,Queens,Roy Wilkins,2016-2017,NYC Parks
April - June,Session #3,False,201,Brooklyn,St. John's,2016-2017,NYC Parks
April - June,Session #3,False,215/232/229,Queens,FMCP,2017-2018,NYC Parks
October - December,Session #1,False,201,Brooklyn,Metropolitan,2017-2018,NYC Parks
October - December,Session #1,False,204,Manhattan,Asser Levy,2019-2020,NYC Parks
October - December,Session #1,False,"120, 129",Brooklyn,Brownsville,2016-2017,NYC Parks
October - December,Session #1,False,239,Brooklyn,Brownsville,2016-2017,NYC Parks
October - December,Session #1,False,202,Queens,FMCP,2016-2017,NYC Parks
October - December,Session #1,False,239,Brooklyn,Brownsville,2016-2017,NYC Parks
January - March,Session #2,False,221,Queens,FMCP,2018-2019,NYC Parks
October - December,Session #1,False,201,Brooklyn,St. John's,2017-2018,NYC Parks
October - December,Session #1,False,201,Brooklyn,Metropolitan,2019-2020,NYC Parks
January - March,Session #2,False,201,Manhattan,Hansborough,2016-2017,NYC Parks
January - March,Session #2,False,201,Brooklyn,St. John's,2020-2021,NYC Parks
January - March,Session #2,False,401,Brooklyn,St. John's,2017-2018,NYC Parks
April - June,Session #3,False,203,Queens,Roy Wilkins,2018-2019,NYC Parks
April - June,Session #3,False,204,Bronx,St. Mary's,2017-2018,NYC Parks
January - March,Session #2,True,204,Queens,FMCP,2018-2019,NYC Parks
April - June,Session #3,False,201,Brooklyn,Metropolitan,2018-2019,NYC Parks
April - June,Session #3,False,"129, 201",Brooklyn,St. John's,2016-2017,NYC Parks
October - December,Session #1,False,"315, 300, 301",Queens,FMCP,2016-2017,NYC Parks
October - December,Session #1,False,202,Queens,Far Rockaway,2017-2018,NYC Parks
October - December,Session #1,False,202,Bronx,St. Mary's,2017-2018,NYC Parks
April - June,Session #3,False,201,Brooklyn,Brownsville,2016-2017,NYC Parks
October - December,Session #1,False,203,Queens,Far Rockaway,2017-2018,NYC Parks
April - June,Session #3,False,202,Manhattan,Gertrude Ederle,2018-2019,NYC Parks
April - June,Session #3,False,201,Queens,Roy Wilkins,2016-2017,NYC Parks
April - June,Session #3,False,231,Queens,Roy Wilkins,2017-2018,NYC Parks
April - June,Session #3,False,206,Brooklyn,Brownsville,2017-2018,NYC Parks
January - March,Session #2,False,201,Queens,FMCP,2016-2017,NYC Parks
April - June,Session #3,False,201,Brooklyn,St. John's,2017-2018,NYC Parks
January - March,Session #2,False,201,Queens,FMCP,2016-2017,NYC Parks
April - June,Session #3,False,2 Quinn HR,Queens,Roy Wilkins,2017-2018,NYC Parks
January - March,Session #2,False,201,Brooklyn,Brownsville,2016-2017,NYC Parks
April - June,Session #3,False,201,Bronx,St. Mary's,2016-2017,NYC Parks
October - December,Session #1,False,201,Queens,FMCP,2016-2017,NYC Parks
January - March,Session #2,False,201,Queens,Roy Wilkins,2020-2021,NYC Parks
October - December,Session #1,False,239,Brooklyn,Brownsville,2016-2017,NYC Parks
October - December,Session #1,False,"216, 205, 207, 214",Manhattan,Hansborough,2017-2018,NYC Parks
April - June,Session #3,False,2,Brooklyn,St. John's,2016-2017,NYC Parks
April - June,Session #3,False,202,Brooklyn,Metropolitan,2017-2018,NYC Parks
October - December,Session #1,False,201,Brooklyn,Brownsville,2018-2019,NYC Parks
April - June,Session #3,False,202,Brooklyn,St. John's,2016-2017,NYC Parks
October - December,Session #1,False,204,Manhattan,Gertrude Ederle,2016-2017,NYC Parks
October - December,Session #1,False,204,Queens,FMCP,2017-2018,NYC Parks
October - December,Session #1,False,201,Brooklyn,Brownsville,2016-2017,NYC Parks
January - March,Session #2,False,201,Queens,Roy Wilkins,2020-2021,NYC Parks
January - March,Session #2,False,231,Queens,FMCP,2016-2017,NYC Parks
January - March,Session #2,False,204,Brooklyn,Brownsville,2020-2021,NYC Parks
April - June,Session #3,False,205,Brooklyn,Metropolitan,2018-2019,NYC Parks
April - June,Session #3,False,230,Manhattan,Gertrude Ederle,2017-2018,NYC Parks
October - December,Session #1,False,201,Brooklyn,St. John's,2019-2020,NYC Parks
January - March,Session #2,False,202,Queens,Roy Wilkins,2016-2017,NYC Parks
October - December,Session #1,False,201,Brooklyn,St. John's,2016-2017,NYC Parks
October - December,Session #1,False,202,Brooklyn,Metropolitan,2019-2020,NYC Parks
october - december,Session #1,False,201,Brooklyn,St. John's,2016-2017,NYC Parks
October - December,Session #1,False,201,Queens,Roy Wilkins,2019-2020,NYC Parks
April - June,Session #3,False,231,Queens,Roy Wilkins,2016-2017,NYC Parks
October - December,Session #1,False,122/124,Manhattan,Asser Levy,2019-2020,NYC Parks
January - March,Session #2,False,221,Queens,FMCP,2016-2017,NYC Parks
January - March,Session #2,False,202,Manhattan,Asser Levy,2020-2021,NYC Parks
October - December,Session #1,False,"315, 300, 301",Queens,FMCP,2016-2017,NYC Parks
January - March,Session #2,False,202,Queens,Roy Wilkins,2018-2019,NYC Parks
January - March,Session #2,False,205,Manhattan,River Bank,2016-2017,NYC Parks
January - March,Session #2,False,202,Manhattan,Chelsea,2016-2017,NYC Parks
October - December,Session #1,False,204,Manhattan,Gertrude Ederle,2016-2017,NYC Parks
January - March,Session #2,False,234,Queens,FMCP,2018-2019,NYC Parks
April - June,Session #3,False,202,Queens,FMCP,2018-2019,NYC Parks
April - June,Session #3,False,201,Queens,FMCP,2017-2018,NYC Parks
January - March,Session #2,False,202,Brooklyn,Brownsville,2016-2017,NYC Parks
April - June,Session #3,False,201,Manhattan,Hansborough,2017-2018,NYC Parks
October - December,Session #1,False,201,Bronx,St. Mary's,2019-2020,NYC Parks
January - March,Session #2,False,205,Brooklyn,St. John's,2017-2018,NYC Parks
January - March,Session #2,False,201,Brooklyn,Metropolitan,2017-2018,NYC Parks
January - March,Session #2,False,201,Brooklyn,Metropolitan,2016-2017,NYC Parks
January - March,Session #2,False,202,Brooklyn,St. John's,2017-2018,NYC Parks
October - December,Session #1,False,202/205,Bronx,St. Mary's,2018-2019,NYC Parks
January - March,Session #2,False,201,Queens,FMCP,2017-2018,NYC Parks
October - December,Session #1,False,201,Brooklyn,Metropolitan,2018-2019,NYC Parks
October - December,Session #1,False,202,Queens,Roy Wilkins,2017-2018,NYC Parks
January - March,Session #2,False,303,Manhattan,Tony Dapolito,2020-2021,NYC Parks
January - March,Session #2,False,202,Queens,Roy Wilkins,2016-2017,NYC Parks
October - December,Session #1,False,204,Queens,Far Rockaway,2017-2018,NYC Parks
October - December,Session #1,False,201,Manhattan,Hansborough,2018-2019,NYC Parks
April - June,Session #3,False,202,Manhattan,Gertrude Ederle,2018-2019,NYC Parks
January - March,Session #2,False,201,Queens,Roy Wilkins,2016-2017,NYC Parks
October - December,Session #1,False,203,Queens,Roy Wilkins,2019-2020,NYC Parks
January - March,Session #2,False,100,Queens,Roy Wilkins,2018-2019,NYC Parks
April - June,Session #3,False,12,Brooklyn,Brownsville,2018-2019,NYC Parks
October - December,Session #1,False,202,Queens,FMCP,2016-2017,NYC Parks
April - June,Session #3,False,203,Queens,Roy Wilkins,2018-2019,NYC Parks
January - March,Session #2,False,232,Queens,FMCP,2018-2019,NYC Parks
April - June,Session #3,False,201,Manhattan,Hansborough,2017-2018,NYC Parks
January - March,Session #2,False,201,Manhattan,Asser Levy,2016-2017,NYC Parks
April - June,Session #3,False,201,Queens,FMCP,2016-2017,NYC Parks
January - March,Session #2,False,205,Brooklyn,St. John's,2017-2018,NYC Parks
January - March,Session #2,False,209,Queens,FMCP,2017-2018,NYC Parks
April - June,Session #3,False,205,Manhattan,Hansborough,2017-2018,NYC Parks
April - June,Session #3,False,202,Queens,Roy Wilkins,2017-2018,NYC Parks
October - December,Session #1,False,203,Brooklyn,Metropolitan,2018-2019,NYC Parks
January - March,Session #2,False,201,Queens,FMCP,2018-2019,NYC Parks
January - March,Session #2,False,202,Brooklyn,Metropolitan,2017-2018,NYC Parks
January - March,Session #2,False,201,Queens,Roy Wilkins,2016-2017,NYC Parks
January - March,Session #2,False,203,Manhattan,Tony Dapolito,2018-2019,NYC Parks
October - December,Session #1,False,201,Queens,FMCP,2018-2019,NYC Parks
April - June,Session #3,False,201,Queens,FMCP,2018-2019,NYC Parks
April - June,Session #3,False,204,Manhattan,Chelsea,2017-2018,NYC Parks
October - December,Session #1,False,13,Brooklyn,Brownsville,2019-2020,NYC Parks
April - June,Session #3,False,"291, 293",Queens,FMCP,2016-2017,NYC Parks
October - December,Session #1,False,202/205,Bronx,St. Mary's,2018-2019,NYC Parks
April - June,Session #3,False,202,Manhattan,Hansborough,2016-2017,NYC Parks
October - December,Session #1,False,204,Brooklyn,Metropolitan,2018-2019,NYC Parks
October - December,Session #1,False,201,Brooklyn,Metropolitan,2019-2020,NYC Parks
October - December,Session #1,False,201,Queens,Roy Wilkins,2017-2018,NYC Parks
October - December,Session #1,False,202,Bronx,St. Mary's,2016-2017,NYC Parks
April - June,Session #3,False,201,Queens,Roy Wilkins,2017-2018,NYC Parks
April - June,Session #3,False,201,Brooklyn,Metropolitan,2017-2018,NYC Parks
October - December,Session #1,False,202,Manhattan,Boys and Girls Harbor,2016-2017,NYC Parks
April - June,Session #3,False,202,Queens,Roy Wilkins,2018-2019,NYC Parks
October - December,Session #1,False,202,Brooklyn,Brownsville,2017-2018,NYC Parks
April - June,Session #3,False,203,Brooklyn,Metropolitan,2018-2019,NYC Parks
October - December,Session #1,False,205,Manhattan,Tony Dapolito,2018-2019,NYC Parks
April - June,Session #3,False,,Manhattan,Asser Levy,2018-2019,NYC Parks
October - December,Session #1,False,2 QUINN HR,Queens,Roy Wilkins,2018-2019,NYC Parks
January - March,Session #2,False,201,Queens,Roy Wilkins,2016-2017,NYC Parks
April - June,Session #3,False,"291, 202",Queens,Roy Wilkins,2016-2017,NYC Parks
April - June,Session #3,False,2 Quinn HR,Queens,Roy Wilkins,2017-2018,NYC Parks
October - December,Session #1,False,"201, 202",Brooklyn,Brownsville,2018-2019,NYC Parks
April - June,Session #3,False,203,Queens,Roy Wilkins,2016-2017,NYC Parks
October - December,Session #1,False,202,Bronx,St. Mary's,2017-2018,NYC Parks
April - June,Session #3,False,201,Queens,Roy Wilkins,2018-2019,NYC Parks
October - December,Session #1,False,201,Queens,Roy Wilkins,2019-2020,NYC Parks
April - June,Session #3,False,201,Queens,FMCP,2016-2017,NYC Parks
April - June,Session #3,False,201,Brooklyn,St. John's,2016-2017,NYC Parks
April - June,Session #3,False,202,Brooklyn,Brownsville,2016-2017,NYC Parks
January - March,Session #2,False,404,Manhattan,Hansborough,2017-2018,NYC Parks
October - December,Session #1,False,205,Manhattan,Gertrude Ederle,2016-2017,NYC Parks
January - March,Session #2,False,201,Brooklyn,Metropolitan,2019-2020,NYC Parks
October - December,Session #1,False,201,Brooklyn,Brownsville,2018-2019,NYC Parks
April - June,Session #3,False,205,Brooklyn,St. John's,2016-2017,NYC Parks
January - March,Session #2,False,401,Brooklyn,St. John's,2017-2018,NYC Parks
January - March,Session #2,False,201,Queens,Roy Wilkins,2020-2021,NYC Parks
October - December,Session #1,False,202,Brooklyn,St. John's,2019-2020,NYC Parks
January - March,Session #2,False,202,Brooklyn,Brownsville,2016-2017,NYC Parks
October - December,Session #1,False,231,Queens,FMCP,2017-2018,NYC Parks
April - June,Session #3,False,201,Manhattan,River Bank,2017-2018,NYC Parks
January - March,Session #2,False,201,Brooklyn,St. John's,2017-2018,NYC Parks
January - March,Session #2,False,202,Brooklyn,Metropolitan,2020-2021,NYC Parks
January - March,Session #2,False,202,Manhattan,Asser Levy,2016-2017,NYC Parks
April - June,Session #3,False,91,Brooklyn,Metropolitan,2017-2018,NYC Parks
October - December,Session #1,False,202,Brooklyn,St. John's,2017-2018,NYC Parks
January - March,Session #2,False,231,Queens,Roy Wilkins,2020-2021,NYC Parks
October - December,Session #1,False,201,Manhattan,Hansborough,2016-2017,NYC Parks
October - December,Session #1,False,301,Manhattan,River Bank,2019-2020,NYC Parks
January - March,Session #2,False,205,Manhattan,Gertrude Ederle,2018-2019,NYC Parks
October - December,Session #1,False,206,Queens,FMCP,2017-2018,NYC Parks
January - March,Session #2,False,202,Brooklyn,Brownsville,2017-2018,NYC Parks
October - December,Session #1,False,"202,  219, 229",Bronx,St. Mary's,2017-2018,NYC Parks
October - December,Session #1,False,201,Queens,FMCP,2016-2017,NYC Parks
April - June,Session #3,False,"291, 202",Queens,Roy Wilkins,2016-2017,NYC Parks
January - March,Session #2,False,21,Bronx,St. Mary's,2017-2018,NYC Parks
October - December,Session #1,False,203,Queens,Roy Wilkins,2018-2019,NYC Parks
January - March,Session #2,False,2290,Queens,Roy Wilkins,2016-2017,NYC Parks
January - March,Session #2,False,219,Manhattan,Chelsea,2017-2018,NYC Parks
January - March,Session #2,False,202,Manhattan,Gertrude Ederle,2017-2018,NYC Parks
April - June,Session #3,False,205,Brooklyn,St. John's,2016-2017,NYC Parks
October - December,Session #1,False,201,Brooklyn,Brownsville,2018-2019,NYC Parks
October - December,Session #1,False,201,Brooklyn,Brownsville,2019-2020,NYC Parks
October - December,Session #1,False,201,Queens,FMCP,2018-2019,NYC Parks
October - December,Session #1,True,207,Manhattan,Gertrude Ederle,2016-2017,NYC Parks
January - March,Session #2,False,10X246,Manhattan,River Bank,2018-2019,NYC Parks
January - March,Session #2,False,2290,Queens,Roy Wilkins,2016-2017,NYC Parks
April - June,Session #3,False,2A219,Brooklyn,Brownsville,2017-2018,NYC Parks
April - June,Session #3,False,201,Bronx,St. Mary's,2016-2017,NYC Parks
April - June,Session #3,False,202,Queens,FMCP,2018-2019,NYC Parks
January - March,Session #2,False,205,Brooklyn,Metropolitan,2020-2021,NYC Parks
January - March,Session #2,False,"236, 200, 234",Manhattan,Asser Levy,2016-2017,NYC Parks
October - December,Session #1,False,202,Brooklyn,St. John's,2017-2018,NYC Parks
January - March,Session #2,False,201,Queens,Roy Wilkins,2018-2019,NYC Parks
January - March,Session #2,False,201/202,Brooklyn,Brownsville,2016-2017,NYC Parks
January - March,Session #2,False,201,Queens,Roy Wilkins,2020-2021,NYC Parks
January - March,Session #2,False,201,Brooklyn,Metropolitan,2018-2019,NYC Parks
October - December,Session #1,False,202,Brooklyn,Brownsville,2016-2017,NYC Parks
January - March,Session #2,False,231,Queens,Roy Wilkins,2020-2021,NYC Parks
January - March,Session #2,False,203,Brooklyn,St. John's,2017-2018,NYC Parks
April - June,Session #3,False,201,Bronx,St. Mary's,2017-2018,NYC Parks
January - March,Session #2,False,205,Brooklyn,Brownsville,2018-2019,NYC Parks
April - June,Session #3,False,202,Queens,FMCP,2017-2018,NYC Parks
April - June,Session #3,False,2,Queens,Roy Wilkins,2016-2017,NYC Parks
October - December,Session #1,False,604,Manhattan,Asser Levy,2016-2017,NYC Parks
October - December,Session #1,False,201,Queens,Roy Wilkins,2019-2020,NYC Parks
January - March,Session #2,False,202,Brooklyn,Metropolitan,2020-2021,NYC Parks
October - December,Session #1,False,"315, 300, 301",Queens,FMCP,2016-2017,NYC Parks
October - December,Session #1,False,203,Queens,Far Rockaway,2017-2018,NYC Parks
October - December,Session #1,False,2,Queens,FMCP,2018-2019,NYC Parks
January - March,Session #2,False,205,Manhattan,River Bank,2020-2021,NYC Parks
January - March,Session #2,False,201,Manhattan,Hansborough,2017-2018,NYC Parks
January - March,Session #2,False,202/204,Brooklyn,Brownsville,2016-2017,NYC Parks
January - March,Session #2,False,201,Brooklyn,Metropolitan,2017-2018,NYC Parks
October - December,Session #1,False,201 & 219,Brooklyn,Brownsville,2017-2018,NYC Parks
October - December,Session #1,False,202,Queens,Roy Wilkins,2019-2020,NYC Parks
October - December,Session #1,False,204,Queens,Roy Wilkins,2019-2020,NYC Parks
October - December,Session #1,False,201,Queens,Roy Wilkins,2016-2017,NYC Parks
April - June,Session #3,False,201,Queens,FMCP,2018-2019,NYC Parks
January - March,Session #2,False,202,Brooklyn,Brownsville,2017-2018,NYC Parks
April - June,Session #3,False,"200, 201",Manhattan,Tony Dapolito,2016-2017,NYC Parks
April - June,Session #3,False,202,Brooklyn,Metropolitan,2017-2018,NYC Parks
April - June,Session #3,False,201,Brooklyn,St. John's,2017-2018,NYC Parks
January - March,Session #2,False,232,Queens,FMCP,2017-2018,NYC Parks
October - December,Session #1,False,202,Brooklyn,Brownsville,2018-2019,NYC Parks
October - December,Session #1,False,301,Manhattan,River Bank,2019-2020,NYC Parks
January - March,Session #2,False,202,Brooklyn,Metropolitan,2016-2017,NYC Parks
October - December,Session #1,False,202,Manhattan,Hansborough,2016-2017,NYC Parks
April - June,Session #3,False,202,Queens,FMCP,2018-2019,NYC Parks
October - December,Session #1,False,204,Brooklyn,Metropolitan,2019-2020,NYC Parks
October - December,Session #1,False,202,Brooklyn,St. John's,2016-2017,NYC Parks
October - December,Session #1,False,202,Queens,Roy Wilkins,2018-2019,NYC Parks
April - June,Session #3,False,231,Queens,FMCP,2017-2018,NYC Parks
January - March,Session #2,False,201,Brooklyn,St. John's,2016-2017,NYC Parks
April - June,Session #3,True,252,Manhattan,Hansborough,2017-2018,NYC Parks
October - December,Session #1,False,202,Brooklyn,Brownsville,2017-2018,NYC Parks
April - June,Session #3,False,"230,232",Manhattan,Gertrude Ederle,2017-2018,NYC Parks
April - June,Session #3,False,903/203,Brooklyn,St. John's,2017-2018,NYC Parks
October - December,Session #1,False,205,Manhattan,Gertrude Ederle,2016-2017,NYC Parks
April - June,Session #3,False,202,Queens,Roy Wilkins,2016-2017,NYC Parks
January - March,Session #2,False,202,Queens,Roy Wilkins,2018-2019,NYC Parks
October - December,Session #1,False,201,Queens,Roy Wilkins,2017-2018,NYC Parks
October - December,Session #1,False,2,Queens,FMCP,2018-2019,NYC Parks
October - December,Session #1,False,202,Queens,Roy Wilkins,2016-2017,NYC Parks
October - December,Session #1,False,202,Queens,Roy Wilkins,2019-2020,NYC Parks
April - June,Session #3,False,202,Manhattan,River Bank,2016-2017,NYC Parks
April - June,Session #3,False,2,Manhattan,Gertrude Ederle,2016-2017,NYC Parks
October - December,Session #1,False,202,Brooklyn,St. John's,2019-2020,NYC Parks
October - December,Session #1,False,201,Queens,Roy Wilkins,2017-2018,NYC Parks
January - March,Session #2,False,213,Brooklyn,St. John's,2020-2021,NYC Parks
October - December,Session #1,False,213,Manhattan,Tony Dapolito,2017-2018,NYC Parks
January - March,Session #2,False,201,Brooklyn,River Bank,2020-2021,NYC Parks
January - March,Session #2,False,203,Brooklyn,Metropolitan,2016-2017,NYC Parks
January - March,Session #2,False,201,Brooklyn,Metropolitan,2018-2019,NYC Parks
October - December,Session #1,False,251,Manhattan,Gertrude Ederle,2016-2017,NYC Parks
October - December,Session #1,False,202,Brooklyn,Metropolitan,2019-2020,NYC Parks
October - December,Session #1,False,"120, 277, 203, 205",Manhattan,Hansborough,2018-2019,NYC Parks
october - december,Session #1,False,202,Brooklyn,St. John's,2016-2017,NYC Parks
October - December,Session #1,False,202/205,Bronx,St. Mary's,2018-2019,NYC Parks
January - March,Session #2,False,201,Brooklyn,Metropolitan,2018-2019,NYC Parks
January - March,Session #2,False,201,Queens,Roy Wilkins,2016-2017,NYC Parks
October - December,Session #1,False,203,Queens,Roy Wilkins,2018-2019,NYC Parks
January - March,Session #2,False,201,Queens,FMCP,2016-2017,NYC Parks
January - March,Session #2,False,205,Queens,FMCP,2018-2019,NYC Parks
January - March,Session #2,False,11,Brooklyn,Brownsville,2020-2021,NYC Parks
October - December,Session #1,False,201 & 219,Brooklyn,Brownsville,2017-2018,NYC Parks
April - June,Session #3,False,201,Manhattan,Tony Dapolito,2017-2018,NYC Parks
April - June,Session #3,False,203,Brooklyn,St. John's,2016-2017,NYC Parks
January - March,Session #2,False,202,Brooklyn,St. John's,2017-2018,NYC Parks
October - December,Session #1,False,201,Brooklyn,Metropolitan,2019-2020,NYC Parks
January - March,Session #2,False,201,Manhattan,Gertrude Ederle,2017-2018,NYC Parks
April - June,Session #3,False,202,Bronx,St. Mary's,2016-2017,NYC Parks
January - March,Session #2,False,205,Manhattan,River Bank,2016-2017,NYC Parks
April - June,Session #3,False,"201, 449",Manhattan,Hansborough,2016-2017,NYC Parks
April - June,Session #3,False,202,Bronx,St. Mary's,2017-2018,NYC Parks
January - March,Session #2,False,201,Brooklyn,St. John's,2020-2021,NYC Parks
October - December,Session #1,False,201,Brooklyn,Brownsville,2018-2019,NYC Parks
October - December,Session #1,False,201 & 202,Brooklyn,St. John's,2017-2018,NYC Parks
october - december,Session #1,False,201,Brooklyn,St. John's,2016-2017,NYC Parks
October - December,Session #1,False,201,Brooklyn,Brownsville,2018-2019,NYC Parks
October - December,Session #1,False,122/124,Manhattan,Asser Levy,2019-2020,NYC Parks
April - June,Session #3,False,201,Queens,FMCP,2016-2017,NYC Parks
April - June,Session #3,False,202,Queens,Roy Wilkins,2018-2019,NYC Parks
April - June,Session #3,False,201,Brooklyn,Metropolitan,2018-2019,NYC Parks
October - December,Session #1,False,201,Manhattan,Asser Levy,2018-2019,NYC Parks
January - March,Session #2,False,100,Queens,Roy Wilkins,2018-2019,NYC Parks
January - March,Session #2,False,205,Manhattan,Gertrude Ederle,2017-2018,NYC Parks
October - December,Session #1,False,202,Queens,Far Rockaway,2017-2018,NYC Parks
January - March,Session #2,False,2,Brooklyn,Brownsville,2016-2017,NYC Parks
January - March,Session #2,False,201,Queens,Roy Wilkins,2016-2017,NYC Parks
October - December,Session #1,False,213,Manhattan,Tony Dapolito,2017-2018,NYC Parks
April - June,Session #3,False,91,Brooklyn,Metropolitan,2017-2018,NYC Parks
April - June,Session #3,False,202,Queens,FMCP,2016-2017,NYC Parks
January - March,Session #2,False,200,Manhattan,Hansborough,2018-2019,NYC Parks
January - March,Session #2,False,204,Manhattan,Hansborough,2017-2018,NYC Parks
January - March,Session #2,False,201,Queens,Roy Wilkins,2020-2021,NYC Parks
October - December,Session #1,False,204,Queens,FMCP,2018-2019,NYC Parks
January - March,Session #2,False,11,Brooklyn,Brownsville,2020-2021,NYC Parks
October - December,Session #1,False,201,Queens,Roy Wilkins,2016-2017,NYC Parks
April - June,Session #3,False,204,Brooklyn,St. John's,2016-2017,NYC Parks
January - March,Session #2,False,201/202,Brooklyn,Brownsville,2016-2017,NYC Parks
January - March,Session #2,False,231,Queens,FMCP,2018-2019,NYC Parks
April - June,Session #3,False,201,Manhattan,Tony Dapolito,2017-2018,NYC Parks
January - March,Session #2,False,201,Brooklyn,Brownsville,2020-2021,NYC Parks
October - December,Session #1,False,202,Bronx,St. Mary's,2016-2017,NYC Parks
April - June,Session #3,False,201,Queens,FMCP,2016-2017,NYC Parks
October - December,Session #1,False,202,Brooklyn,Metropolitan,2016-2017,NYC Parks
October - December,Session #1,False,206,Manhattan,Tony Dapolito,2017-2018,NYC Parks
January - March,Session #2,False,201,Brooklyn,St. John's,2020-2021,NYC Parks
October - December,Session #1,False,203,Brooklyn,Metropolitan,2016-2017,NYC Parks
April - June,Session #3,False,201,Brooklyn,Metropolitan,2018-2019,NYC Parks
April - June,Session #3,False,202,Queens,Roy Wilkins,2016-2017,NYC Parks
January - March,Session #2,False,201,Manhattan,River Bank,2020-2021,NYC Parks
January - March,Session #2,False,203,Brooklyn,Metropolitan,2018-2019,NYC Parks
January - March,Session #2,False,202,Brooklyn,Metropolitan,2020-2021,NYC Parks
April - June,Session #3,False,207,Queens,FMCP,2016-2017,NYC Parks
October - December,Session #1,False,231,Queens,Roy Wilkins,2017-2018,NYC Parks
January - March,Session #2,False,201,Brooklyn,Brownsville,2016-2017,NYC Parks
April - June,Session #3,False,201,Manhattan,Tony Dapolito,2016-2017,NYC Parks
October - December,Session #1,True,207,Manhattan,Gertrude Ederle,2016-2017,NYC Parks
October - December,Session #1,False,200,Brooklyn,Brownsville,2019-2020,NYC Parks
April - June,Session #3,False,201,Queens,FMCP,2018-2019,NYC Parks
October - December,Session #1,False,"231, 293",Queens,FMCP,2016-2017,NYC Parks
January - March,Session #2,False,201,Queens,Roy Wilkins,2020-2021,NYC Parks
October - December,Session #1,False,202,Manhattan,Gertrude Ederle,2016-2017,NYC Parks
October - December,Session #1,False,201,Queens,Roy Wilkins,2019-2020,NYC Parks
October - December,Session #1,False,202,Brooklyn,St. John's,2017-2018,NYC Parks
October - December,Session #1,False,203,Brooklyn,Metropolitan,2017-2018,NYC Parks
January - March,Session #2,True,y47,Manhattan,Tony Dapolito,2016-2017,NYC Parks
October - December,Session #1,False,"k01, y61",Manhattan,Chelsea,2017-2018,NYC Parks
January - March,Session #2,False,202,Brooklyn,Brownsville,2018-2019,NYC Parks
January - March,Session #2,False,201,Brooklyn,St. John's,2016-2017,NYC Parks
January - March,Session #2,False,201,Brooklyn,Brownsville,2018-2019,NYC Parks
October - December,Session #1,False,202,Bronx,St. Mary's,2017-2018,NYC Parks
January - March,Session #2,False,201,Brooklyn,Brownsville,2018-2019,NYC Parks
January - March,Session #2,False,202,Queens,Roy Wilkins,2016-2017,NYC Parks
April - June,Session #3,False,202,Queens,Roy Wilkins,2018-2019,NYC Parks
April - June,Session #3,False,202,Queens,FMCP,2017-2018,NYC Parks
April - June,Session #3,False,231,Queens,FMCP,2017-2018,NYC Parks
October - December,Session #1,False,221,Queens,FMCP,2018-2019,NYC Parks
April - June,Session #3,False,201,Queens,Roy Wilkins,2016-2017,NYC Parks
April - June,Session #3,False,203,Queens,FMCP,2016-2017,NYC Parks
April - June,Session #3,False,205,Brooklyn,St. John's,2016-2017,NYC Parks
January - March,Session #2,False,201,Brooklyn,Metropolitan,2016-2017,NYC Parks
April - June,Session #3,False,201,Brooklyn,Brownsville,2017-2018,NYC Parks
October - December,Session #1,False,202,Queens,FMCP,2017-2018,NYC Parks
October - December,Session #1,False,201,Brooklyn,Brownsville,2017-2018,NYC Parks
January - March,Session #2,False,201,Brooklyn,Metropolitan,2017-2018,NYC Parks
October - December,Session #1,False,"315, 300, 301",Queens,FMCP,2016-2017,NYC Parks
October - December,Session #1,False,"X01, Y52",Manhattan,Gertrude Ederle,2018-2019,NYC Parks
October - December,Session #1,False,205,Manhattan,Tony Dapolito,2017-2018,NYC Parks
October - December,Session #1,False,305,Manhattan,River Bank,2019-2020,NYC Parks
January - March,Session #2,False,202,Brooklyn,Metropolitan,2017-2018,NYC Parks
October - December,Session #1,False,"202, 219, 229",Manhattan,Gertrude Ederle,2017-2018,NYC Parks
October - December,Session #1,False,203,Brooklyn,Metropolitan,2016-2017,NYC Parks
October - December,Session #1,False,202,Brooklyn,Metropolitan,2019-2020,NYC Parks
April - June,Session #3,False,203,Queens,Roy Wilkins,2018-2019,NYC Parks
January - March,Session #2,False,202,Brooklyn,Brownsville,2017-2018,NYC Parks
October - December,Session #1,False,239,Brooklyn,Brownsville,2016-2017,NYC Parks
April - June,Session #3,False,202,Queens,FMCP,2016-2017,NYC Parks
october - december,Session #1,False,202,Brooklyn,St. John's,2016-2017,NYC Parks
October - December,Session #1,False,201,Queens,Roy Wilkins,2016-2017,NYC Parks
October - December,Session #1,False,201,Brooklyn,Metropolitan,2016-2017,NYC Parks
April - June,Session #3,False,201,Manhattan,Asser Levy,2017-2018,NYC Parks
January - March,Session #2,False,201,Queens,Roy Wilkins,2016-2017,NYC Parks
January - March,Session #2,False,410,Queens,FMCP,2016-2017,NYC Parks
January - March,Session #2,False,201,Brooklyn,Metropolitan,2016-2017,NYC Parks
October - December,Session #1,False,205,Queens,FMCP,2017-2018,NYC Parks
October - December,Session #1,False,201,Bronx,St. Mary's,2018-2019,NYC Parks
April - June,Session #3,False,"231,201",Queens,FMCP,2017-2018,NYC Parks
April - June,Session #3,False,202,Queens,FMCP,2018-2019,NYC Parks
October - December,Session #1,False,205,Manhattan,Gertrude Ederle,2016-2017,NYC Parks
January - March,Session #2,False,201,Brooklyn,Brownsville,2016-2017,NYC Parks
October - December,Session #1,False,203,Queens,FMCP,2017-2018,NYC Parks
January - March,Session #2,False,221,Queens,FMCP,2016-2017,NYC Parks
January - March,Session #2,False,231,Queens,FMCP,2018-2019,NYC Parks
October - December,Session #1,False,201,Queens,Roy Wilkins,2016-2017,NYC Parks
January - March,Session #2,False,204,Queens,Roy Wilkins,2020-2021,NYC Parks
April - June,Session #3,False,2,Queens,Roy Wilkins,2016-2017,NYC Parks
January - March,Session #2,False,201,Manhattan,River Bank,2017-2018,NYC Parks
April - June,Session #3,False,2A219,Brooklyn,Brownsville,2017-2018,NYC Parks
January - March,Session #2,False,2,Brooklyn,Brownsville,2018-2019,NYC Parks
April - June,Session #3,False,202,Manhattan,Gertrude Ederle,2018-2019,NYC Parks
April - June,Session #3,False,201,Queens,FMCP,2018-2019,NYC Parks
January - March,Session #2,False,201,Brooklyn,Brownsville,2016-2017,NYC Parks
April - June,Session #3,False,201,Queens,Roy Wilkins,2018-2019,NYC Parks
October - December,Session #1,False,201,Queens,FMCP,2018-2019,NYC Parks
October - December,Session #1,False,202,Queens,FMCP,2016-2017,NYC Parks
October - December,Session #1,False,"216, 205, 207, 214",Manhattan,Hansborough,2017-2018,NYC Parks
January - March,Session #2,True,y47,Manhattan,Tony Dapolito,2016-2017,NYC Parks
January - March,Session #2,False,201,Brooklyn,Brownsville,2017-2018,NYC Parks
October - December,Session #1,False,208,Manhattan,Gertrude Ederle,2016-2017,NYC Parks
January - March,Session #2,False,303,Manhattan,Tony Dapolito,2020-2021,NYC Parks
April - June,Session #3,False,203,Brooklyn,Metropolitan,2018-2019,NYC Parks
January - March,Session #2,False,201,Queens,Roy Wilkins,2020-2021,NYC Parks
April - June,Session #3,False,202,Bronx,St. Mary's,2016-2017,NYC Parks
October - December,Session #1,False,202,Bronx,St. Mary's,2017-2018,NYC Parks
January - March,Session #2,False,221,Queens,FMCP,2018-2019,NYC Parks
January - March,Session #2,False,201,Manhattan,Hansborough,2016-2017,NYC Parks
January - March,Session #2,False,203,Brooklyn,St. John's,2017-2018,NYC Parks
April - June,Session #3,False,201,Brooklyn,Brownsville,2017-2018,NYC Parks
October - December,Session #1,False,"202, 219, 229",Manhattan,Gertrude Ederle,2017-2018,NYC Parks
October - December,Session #1,False,204,Brooklyn,Metropolitan,2019-2020,NYC Parks
January - March,Session #2,False,202,Manhattan,Gertrude Ederle,2017-2018,NYC Parks
October - December,Session #1,False,202,Queens,Far Rockaway,2017-2018,NYC Parks
January - March,Session #2,False,203,Brooklyn,St. John's,2017-2018,NYC Parks
January - March,Session #2,True,419,Queens,Roy Wilkins,2020-2021,NYC Parks
October - December,Session #1,False,203,Queens,Roy Wilkins,2017-2018,NYC Parks
October - December,Session #1,False,204,Manhattan,Gertrude Ederle,2019-2020,NYC Parks
January - March,Session #2,False,231,Queens,Roy Wilkins,2020-2021,NYC Parks
October - December,Session #1,False,201,Brooklyn,Brownsville,2018-2019,NYC Parks
January - March,Session #2,False,2,Brooklyn,Brownsville,2018-2019,NYC Parks
October - December,Session #1,False,208,Manhattan,Tony Dapolito,2019-2020,NYC Parks
January - March,Session #2,False,309,Manhattan,Tony Dapolito,2020-2021,NYC Parks
October - December,Session #1,False,208,Manhattan,Tony Dapolito,2019-2020,NYC Parks
April - June,Session #3,False,201,Brooklyn,Brownsville,2016-2017,NYC Parks
January - March,Session #2,False,202,Queens,Roy Wilkins,2018-2019,NYC Parks
January - March,Session #2,False,201,Queens,FMCP,2016-2017,NYC Parks
January - March,Session #2,False,202,Brooklyn,Metropolitan,2020-2021,NYC Parks
January - March,Session #2,False,203,Queens,FMCP,2016-2017,NYC Parks
October - December,Session #1,False,201,Queens,Roy Wilkins,2017-2018,NYC Parks
October - December,Session #1;#Session #3,False,201,Queens,Roy Wilkins,2016-2017,NYC Parks
January - March,Session #2,False,201,Manhattan,River Bank,2019-2020,NYC Parks
April - June,Session #3,False,201,Brooklyn,Brownsville,2017-2018,NYC Parks
October - December,Session #1,False,201,Queens,FMCP,2017-2018,NYC Parks
April - June,Session #3,False,204,Manhattan,Chelsea,2017-2018,NYC Parks
April - June,Session #3,False,2,Manhattan,Gertrude Ederle,2016-2017,NYC Parks
April - June,Session #3,False,204,Manhattan,Chelsea,2017-2018,NYC Parks
October - December,Session #1,False,202,Queens,Roy Wilkins,2018-2019,NYC Parks
April - June,Session #3,False,203,Brooklyn,St. John's,2017-2018,NYC Parks
January - March,Session #2,False,205/129,Brooklyn,Metropolitan,2017-2018,NYC Parks
October - December,Session #1,False,206,Manhattan,Tony Dapolito,2019-2020,NYC Parks
October - December,Session #1,False,201,Brooklyn,Brownsville,2019-2020,NYC Parks
October - December,Session #1,False,208,Manhattan,Tony Dapolito,2019-2020,NYC Parks
October - December,Session #1,False,204,Manhattan,Gertrude Ederle,2016-2017,NYC Parks
April - June,Session #3,False,202,Brooklyn,Metropolitan,2018-2019,NYC Parks
January - March,Session #2,False,201,Brooklyn,St. John's,2017-2018,NYC Parks
April - June,Session #3,False,201,Brooklyn,Brownsville,2017-2018,NYC Parks
January - March,Session #2,False,201,Queens,Roy Wilkins,2020-2021,NYC Parks
October - December,Session #1,False,203,Queens,FMCP,2018-2019,NYC Parks
October - December,Session #1,False,202 & 205,Brooklyn,St. John's,2017-2018,NYC Parks
October - December,Session #1,False,203,Brooklyn,Brownsville,2017-2018,NYC Parks
October - December,Session #1,False,231,Queens,Roy Wilkins,2019-2020,NYC Parks
April - June,Session #3,False,206,Brooklyn,Brownsville,2017-2018,NYC Parks
October - December,Session #1,False,202,Brooklyn,Brownsville,2017-2018,NYC Parks
January - March,Session #2,False,203,Queens,FMCP,2017-2018,NYC Parks
January - March,Session #2,False,201,Queens,FMCP,2017-2018,NYC Parks
April - June,Session #3,False,221,Queens,FMCP,2016-2017,NYC Parks
January - March,Session #2,False,204,Manhattan,Hansborough,2017-2018,NYC Parks
January - March,Session #2,False,201,Brooklyn,St. John's,2016-2017,NYC Parks
January - March,Session #2,False,213,Brooklyn,St. John's,2020-2021,NYC Parks
April - June,Session #3,False,202,Queens,FMCP,2018-2019,NYC Parks
January - March,Session #2,False,201,Queens,Roy Wilkins,2018-2019,NYC Parks
October - December,Session #1,False,202,Brooklyn,Metropolitan,2018-2019,NYC Parks
October - December,Session #1,False,204,Queens,Roy Wilkins,2016-2017,NYC Parks
April - June,Session #3,False,2,Queens,Roy Wilkins,2016-2017,NYC Parks
October - December,Session #1,False,201,Queens,Roy Wilkins,2016-2017,NYC Parks
October - December,Session #1,False,122/124,Manhattan,Asser Levy,2019-2020,NYC Parks
April - June,Session #3,False,"200, 201",Manhattan,Tony Dapolito,2016-2017,NYC Parks
April - June,Session #3,False,"234, 238, 236",Manhattan,Asser Levy,2016-2017,NYC Parks
April - June,Session #3,False,219,Brooklyn,St. John's,2016-2017,NYC Parks
January - March,Session #2,False,202,Brooklyn,Metropolitan,2017-2018,NYC Parks
January - March,Session #2,False,201,Queens,FMCP,2018-2019,NYC Parks
April - June,Session #3,False,204,Brooklyn,Brownsville,2017-2018,NYC Parks
October - December,Session #1,False,"120, 129",Brooklyn,Brownsville,2016-2017,NYC Parks
April - June,Session #3,False,202,Brooklyn,Brownsville,2016-2017,NYC Parks
January - March,Session #2,False,205,Manhattan,Gertrude Ederle,2017-2018,NYC Parks
January - March,Session #2,False,202,Brooklyn,Metropolitan,2017-2018,NYC Parks
January - March,Session #2,False,309,Brooklyn,Metropolitan,2017-2018,NYC Parks
October - December,Session #1,False,201,Bronx,St. Mary's,2019-2020,NYC Parks
January - March,Session #2,False,202,Brooklyn,Brownsville,2016-2017,NYC Parks
October - December,Session #1,False,201,Bronx,St. Mary's,2019-2020,NYC Parks
October - December,Session #1,False,202,Brooklyn,St. John's,2017-2018,NYC Parks
October - December,Session #1,False,202,Queens,FMCP,2016-2017,NYC Parks
October - December,Session #1,False,202,Queens,Far Rockaway,2017-2018,NYC Parks
October - December,Session #1,False,609,Brooklyn,LIU,2017-2018,NYC Parks
October - December,Session #1,False,202,Brooklyn,St. John's,2016-2017,NYC Parks
October - December,Session #1,False,204,Queens,FMCP,2016-2017,NYC Parks
October - December,Session #1,False,205,Brooklyn,Metropolitan,2016-2017,NYC Parks
October - December,Session #1,False,202,Brooklyn,Metropolitan,2019-2020,NYC Parks
October - December,Session #1,False,201,Manhattan,Asser Levy,2017-2018,NYC Parks
April - June,Session #3,False,201,Queens,FMCP,2018-2019,NYC Parks
october - december,Session #1,False,21/22,Bronx,St. Mary's,2016-2017,NYC Parks
April - June,Session #3,False,205,Manhattan,Hansborough,2017-2018,NYC Parks
October - December,Session #1,False,202,Queens,FMCP,2018-2019,NYC Parks
April - June,Session #3,False,202,Brooklyn,Metropolitan,2017-2018,NYC Parks
January - March,Session #2,False,307,Manhattan,Tony Dapolito,2020-2021,NYC Parks
October - December,Session #1,False,"120, 129",Brooklyn,Brownsville,2016-2017,NYC Parks
April - June,Session #3,False,2,Manhattan,Tony Dapolito,2018-2019,NYC Parks
April - June,Session #3,False,201,Brooklyn,St. John's,2016-2017,NYC Parks
January - March,Session #2,False,202,Manhattan,River Bank,2020-2021,NYC Parks
April - June,Session #3,False,202,Brooklyn,Metropolitan,2016-2017,NYC Parks
January - March,Session #2,False,213,Brooklyn,St. John's,2020-2021,NYC Parks
October - December,Session #1,False,202,Queens,FMCP,2018-2019,NYC Parks
October - December,Session #1,False,201,Queens,FMCP,2016-2017,NYC Parks
January - March,Session #2,False,233,Queens,FMCP,2016-2017,NYC Parks
January - March,Session #2,False,207,Manhattan,Gertrude Ederle,2016-2017,NYC Parks
January - March,Session #2,False,232,Queens,FMCP,2018-2019,NYC Parks
January - March,Session #2,False,21,Bronx,St. Mary's,2018-2019,NYC Parks
January - March,Session #2,False,291,Manhattan,Chelsea,2016-2017,NYC Parks
January - March,Session #2,False,201,Manhattan,Chelsea,2017-2018,NYC Parks
January - March,Session #2,False,311,Manhattan,Tony Dapolito,2017-2018,NYC Parks
January - March,Session #2,False,2,Queens,FMCP,2016-2017,NYC Parks
January - March,Session #2,False,200,Manhattan,Hansborough,2018-2019,NYC Parks
October - December,Session #1,False,203,Queens,Roy Wilkins,2016-2017,NYC Parks
January - March,Session #2,False,201,Queens,Roy Wilkins,2018-2019,NYC Parks
october - december,Session #1,False,202,Brooklyn,St. John's,2016-2017,NYC Parks
April - June,Session #3,False,2,Brooklyn,Metropolitan,2016-2017,NYC Parks
January - March,Session #2,False,202,Manhattan,Chelsea,2016-2017,NYC Parks
October - December,Session #1,False,203,Queens,Roy Wilkins,2016-2017,NYC Parks
October - December,Session #1,False,202,Brooklyn,Metropolitan,2019-2020,NYC Parks
January - March,Session #2,False,201,Brooklyn,Brownsville,2017-2018,NYC Parks
April - June,Session #3,False,201,Manhattan,Chelsea,2017-2018,NYC Parks
April - June,Session #3,False,201,Queens,FMCP,2017-2018,NYC Parks
January - March,Session #2,False,202,Queens,FMCP,2016-2017,NYC Parks
April - June,Session #3,False,201,Queens,FMCP,2018-2019,NYC Parks
October - December,Session #1,False,201,Brooklyn,Metropolitan,2017-2018,NYC Parks
April - June,Session #3,False,2,Manhattan,Tony Dapolito,2018-2019,NYC Parks
April - June,Session #3,False,203,Queens,FMCP,2017-2018,NYC Parks
January - March,Session #2,False,202,Brooklyn,Metropolitan,2020-2021,NYC Parks
October - December,Session #1,False,202,Brooklyn,St. John's,2019-2020,NYC Parks
October - December,Session #1,False,202,Bronx,St. Mary's,2017-2018,NYC Parks
April - June,Session #3,False,202,Brooklyn,Brownsville,2016-2017,NYC Parks
October - December,Session #1,False,1,Manhattan,Boys and Girls Harbor,2016-2017,NYC Parks
October - December,Session #1,False,306 & 309,Queens,FMCP,2016-2017,NYC Parks
April - June,Session #3,False,205,Brooklyn,Metropolitan,2018-2019,NYC Parks
April - June,Session #3,False,202,Brooklyn,Brownsville,2017-2018,NYC Parks
January - March,Session #2,False,202,Brooklyn,Metropolitan,2018-2019,NYC Parks
January - March,Session #2,False,203,Queens,FMCP,2016-2017,NYC Parks
April - June,Session #3,False,K01,Manhattan,Chelsea,2017-2018,NYC Parks
April - June,Session #3,False,201,Brooklyn,Metropolitan,2018-2019,NYC Parks
October - December,Session #1,False,201,Queens,Roy Wilkins,2017-2018,NYC Parks
January - March,Session #2,False,202,Brooklyn,Metropolitan,2018-2019,NYC Parks
October - December,Session #1,False,204,Queens,FMCP,2018-2019,NYC Parks
April - June,Session #3,False,201,Queens,FMCP,2018-2019,NYC Parks
October - December,Session #1,False,202,Queens,Roy Wilkins,2018-2019,NYC Parks
April - June,Session #3,False,324,Queens,FMCP,2016-2017,NYC Parks
January - March,Session #2,False,2,Queens,Roy Wilkins,2018-2019,NYC Parks
April - June,Session #3,False,203 & 207,Brooklyn,Brownsville,2016-2017,NYC Parks
October - December,Session #1,False,201,Queens,Roy Wilkins,2019-2020,NYC Parks
April - June,Session #3,False,202/201,Queens,FMCP,2018-2019,NYC Parks
October - December,Session #1,False,604,Manhattan,Asser Levy,2016-2017,NYC Parks
October - December,Session #1,False,201,Queens,Roy Wilkins,2016-2017,NYC Parks
April - June,Session #3,False,202,Bronx,St. Mary's,2016-2017,NYC Parks
April - June,Session #3,False,202,Queens,FMCP,2017-2018,NYC Parks
October - December,Session #1,False,221,Manhattan,Hansborough,2018-2019,NYC Parks
January - March,Session #2,False,2290,Queens,Roy Wilkins,2016-2017,NYC Parks
October - December,Session #1,False,2,Queens,FMCP,2018-2019,NYC Parks
January - March,Session #2,False,201,Queens,Roy Wilkins,2020-2021,NYC Parks
October - December,Session #1,False,120,Brooklyn,Brownsville,2016-2017,NYC Parks
April - June,Session #3,False,2,Manhattan,Gertrude Ederle,2016-2017,NYC Parks
October - December,Session #1,False,201,Brooklyn,Brownsville,2018-2019,NYC Parks
October - December,Session #1,False,201,Queens,Roy Wilkins,2016-2017,NYC Parks
April - June,Session #3,False,204,Brooklyn,St. John's,2017-2018,NYC Parks
April - June,Session #3,False,202,Manhattan,Hansborough,2016-2017,NYC Parks
April - June,Session #3,False,201,Queens,Roy Wilkins,2016-2017,NYC Parks
January - March,Session #2,False,303,Manhattan,Tony Dapolito,2020-2021,NYC Parks
April - June,Session #3,False,201,Brooklyn,St. John's,2017-2018,NYC Parks
October - December,Session #1,False,202,Queens,Roy Wilkins,2017-2018,NYC Parks
April - June,Session #3,False,2,Brooklyn,Metropolitan,2016-2017,NYC Parks
January - March,Session #2,False,231,Queens,Roy Wilkins,2018-2019,NYC Parks
April - June,Session #3,False,112,Brooklyn,Brownsville,2018-2019,NYC Parks
January - March,Session #2,False,205,Manhattan,Hansborough,2017-2018,NYC Parks
October - December,Session #1,False,204,Queens,Roy Wilkins,2019-2020,NYC Parks
October - December,Session #1,False,201,Brooklyn,Brownsville,2016-2017,NYC Parks
January - March,Session #2,False,202,Brooklyn,Metropolitan,2020-2021,NYC Parks
January - March,Session #2,False,201,Queens,Roy Wilkins,2018-2019,NYC Parks
January - March,Session #2,False,204,Manhattan,River Bank,2016-2017,NYC Parks
October - December,Session #1,False,202,Queens,Roy Wilkins,2017-2018,NYC Parks
October - December,Session #1,False,201,Queens,Roy Wilkins,2016-2017,NYC Parks
January - March,Session #2,False,201,Queens,Roy Wilkins,2018-2019,NYC Parks
October - December,Session #1,False,201,Brooklyn,Metropolitan,2019-2020,NYC Parks
October - December,Session #1,False,202,Brooklyn,Brownsville,2018-2019,NYC Parks
April - June,Session #3,False,221,Manhattan,Hansborough,2016-2017,NYC Parks
January - March,Session #2,False,202,Queens,Roy Wilkins,2018-2019,NYC Parks
October - December,Session #1,False,201,Queens,Roy Wilkins,2016-2017,NYC Parks
October - December,Session #1,False,205,Brooklyn,Brownsville,2017-2018,NYC Parks
April - June,Session #3,False,201,Queens,Roy Wilkins,2016-2017,NYC Parks
October - December,Session #1,False,"231, 293",Queens,FMCP,2016-2017,NYC Parks
April - June,Session #3,False,202,Manhattan,Hansborough,2016-2017,NYC Parks
April - June,Session #3,False,2,Queens,Roy Wilkins,2016-2017,NYC Parks
April - June,Session #3,False,"129, 201",Brooklyn,St. John's,2016-2017,NYC Parks
April - June,Session #3,False,202,Manhattan,Hansborough,2016-2017,NYC Parks
April - June,Session #3,False,2,Manhattan,Gertrude Ederle,2016-2017,NYC Parks
October - December,Session #1,False,202,Queens,Roy Wilkins,2018-2019,NYC Parks
October - December,Session #1,False,1,Queens,Roy Wilkins,2018-2019,NYC Parks
April - June,Session #3,False,201,Brooklyn,Brownsville,2017-2018,NYC Parks
January - March,Session #2,False,201,Queens,Roy Wilkins,2020-2021,NYC Parks
April - June,Session #3,False,202,Brooklyn,Metropolitan,2018-2019,NYC Parks
April - June,Session #3,False,231,Queens,Roy Wilkins,2016-2017,NYC Parks
January - March,Session #2,False,246,Manhattan,River Bank,2020-2021,NYC Parks
April - June,Session #3,False,231,Queens,FMCP,2017-2018,NYC Parks
October - December,Session #1,False,201,Brooklyn,St. John's,2016-2017,NYC Parks
January - March,Session #2,False,231,Queens,FMCP,2018-2019,NYC Parks
October - December,Session #1,False,201,Queens,Roy Wilkins,2018-2019,NYC Parks
January - March,Session #2,False,201,Queens,FMCP,2018-2019,NYC Parks
October - December,Session #1,False,202,Queens,Roy Wilkins,2017-2018,NYC Parks
October - December,Session #1,False,201,Manhattan,Hansborough,2016-2017,NYC Parks
January - March,Session #2,False,202,Brooklyn,Brownsville,2017-2018,NYC Parks
January - March,Session #2,False,204,Queens,FMCP,2016-2017,NYC Parks
October - December,Session #1,False,200,Brooklyn,Metropolitan,2019-2020,NYC Parks
October - December,Session #1,False,201,Brooklyn,Metropolitan,2018-2019,NYC Parks
January - March,Session #2,False,231,Queens,FMCP,2018-2019,NYC Parks
April - June,Session #3,False,202,Queens,FMCP,2018-2019,NYC Parks
October - December,Session #1,False,202,Brooklyn,Brownsville,2019-2020,NYC Parks
April - June,Session #3,False,201,Queens,FMCP,2016-2017,NYC Parks
January - March,Session #2,False,202,Brooklyn,Metropolitan,2016-2017,NYC Parks
January - March,Session #2,False,201,Queens,Roy Wilkins,2018-2019,NYC Parks
January - March,Session #2,False,202,Brooklyn,Brownsville,2017-2018,NYC Parks
April - June,Session #3,False,202,Brooklyn,Metropolitan,2016-2017,NYC Parks
January - March,Session #2,False,202,Brooklyn,Metropolitan,2018-2019,NYC Parks
October - December,Session #1,False,"603, 604",Manhattan,Asser Levy,2016-2017,NYC Parks
October - December,Session #1,False,"231, 293",Queens,FMCP,2016-2017,NYC Parks
April - June,Session #3,False,201,Queens,Roy Wilkins,2018-2019,NYC Parks
October - December,Session #1,False,201,Queens,Roy Wilkins,2016-2017,NYC Parks
October - December,Session #1,False,201,Brooklyn,St. John's,2017-2018,NYC Parks
January - March,Session #2,False,203,Brooklyn,St. John's,2017-2018,NYC Parks
October - December,Session #1,False,203,Brooklyn,St. John's,2017-2018,NYC Parks
January - March,Session #2,False,202,Brooklyn,Metropolitan,2020-2021,NYC Parks
October - December,Session #1,False,201,Queens,Roy Wilkins,2019-2020,NYC Parks
January - March,Session #2,False,202,Brooklyn,Brownsville,2016-2017,NYC Parks
April - June,Session #3,False,201,Queens,Roy Wilkins,2017-2018,NYC Parks
January - March,Session #2,False,203,Brooklyn,St. John's,2016-2017,NYC Parks
January - March,Session #2,False,233,Queens,FMCP,2016-2017,NYC Parks
April - June,Session #3,False,201,Brooklyn,Brownsville,2017-2018,NYC Parks
January - March,Session #2,False,237,Queens,FMCP,2017-2018,NYC Parks
October - December,Session #1,False,1,Manhattan,Chelsea,2017-2018,NYC Parks
October - December,Session #1,False,201,Brooklyn,St. John's,2017-2018,NYC Parks
January - March,Session #2,False,311,Manhattan,Tony Dapolito,2017-2018,NYC Parks
October - December,Session #1,False,201,Brooklyn,St. John's,2016-2017,NYC Parks
October - December,Session #1,False,"201, 202",Brooklyn,Brownsville,2018-2019,NYC Parks
October - December,Session #1,False,200,Brooklyn,Metropolitan,2019-2020,NYC Parks
April - June,Session #3,False,202,Queens,FMCP,2017-2018,NYC Parks
october - december,Session #1,False,21/22,Bronx,St. Mary's,2016-2017,NYC Parks
January - March,Session #2,False,2,Queens,Roy Wilkins,2017-2018,NYC Parks
October - December,Session #1,False,202,Brooklyn,Brownsville,2019-2020,NYC Parks
January - March,Session #2,False,237,Queens,FMCP,2017-2018,NYC Parks
January - March,Session #2,False,231,Queens,FMCP,2017-2018,NYC Parks
October - December,Session #1,False,202,Brooklyn,Brownsville,2018-2019,NYC Parks
April - June,Session #3,False,202,Brooklyn,Metropolitan,2017-2018,NYC Parks
January - March,Session #2,True,204,Queens,FMCP,2018-2019,NYC Parks
April - June,Session #3,False,201,Manhattan,Hansborough,2017-2018,NYC Parks
October - December,Session #1,False,202,Queens,FMCP,2018-2019,NYC Parks
April - June,Session #3,False,204,Brooklyn,St. John's,2016-2017,NYC Parks
April - June,Session #3,True,239,Brooklyn,Metropolitan,2016-2017,NYC Parks
January - March,Session #2,False,202,Brooklyn,St. Mary's,2020-2021,NYC Parks
October - December,Session #1,False,"202, 219, 229",Manhattan,Gertrude Ederle,2017-2018,NYC Parks
April - June,Session #3,False,"231,201",Queens,FMCP,2017-2018,NYC Parks
January - March,Session #2,False,202,Queens,Roy Wilkins,2016-2017,NYC Parks
October - December,Session #1,False,202,Brooklyn,Metropolitan,2019-2020,NYC Parks
October - December,Session #1,False,202,Queens,Roy Wilkins,2019-2020,NYC Parks
October - December,Session #1,False,221,Queens,FMCP,2017-2018,NYC Parks
April - June,Session #3,False,28,Queens,FMCP,2016-2017,NYC Parks
April - June,Session #3,False,202,Queens,Roy Wilkins,2018-2019,NYC Parks
January - March,Session #2,False,201,Brooklyn,Metropolitan,2017-2018,NYC Parks
April - June,Session #3,False,202,Bronx,St. Mary's,2017-2018,NYC Parks
October - December,Session #1,False,202,Brooklyn,St. John's,2019-2020,NYC Parks
January - March,Session #2,False,204,Brooklyn,St. John's,2016-2017,NYC Parks
october - december,Session #1,False,21/22,Bronx,St. Mary's,2016-2017,NYC Parks
October - December,Session #1,False,202,Queens,Roy Wilkins,2018-2019,NYC Parks
April - June,Session #3,False,206,Queens,FMCP,2016-2017,NYC Parks
January - March,Session #2,False,201,Queens,Roy Wilkins,2016-2017,NYC Parks
October - December,Session #1,False,"216, 205, 207, 214",Manhattan,Hansborough,2017-2018,NYC Parks
January - March,Session #2,False,203,Queens,Roy Wilkins,2016-2017,NYC Parks
October - December,Session #1,False,291,Manhattan,Chelsea,2017-2018,NYC Parks
April - June,Session #3,False,"216, 205, 207, 220, 214",Manhattan,Hansborough,2016-2017,NYC Parks
October - December,Session #1,False,202,Queens,Roy Wilkins,2018-2019,NYC Parks
October - December,Session #1,False,201,Queens,Roy Wilkins,2016-2017,NYC Parks
October - December,Session #1,False,201,Bronx,St. Mary's,2018-2019,NYC Parks
January - March,Session #2,False,201,Queens,Roy Wilkins,2018-2019,NYC Parks
October - December,Session #1,False,200,Brooklyn,Brownsville,2019-2020,NYC Parks
October - December,Session #1,False,201,Queens,FMCP,2017-2018,NYC Parks
October - December,Session #1,False,213,Manhattan,Tony Dapolito,2017-2018,NYC Parks
January - March,Session #2,False,201,Queens,Roy Wilkins,2020-2021,NYC Parks
January - March,Session #2,False,201/202,Brooklyn,Brownsville,2016-2017,NYC Parks
April - June,Session #3,False,203,Brooklyn,St. John's,2016-2017,NYC Parks
January - March,Session #2,False,401,Brooklyn,St. John's,2017-2018,NYC Parks
October - December,Session #1,False,405,Manhattan,River Bank,2019-2020,NYC Parks
April - June,Session #3,False,201,Brooklyn,St. John's,2016-2017,NYC Parks
January - March,Session #2,False,201,Queens,Roy Wilkins,2020-2021,NYC Parks
April - June,Session #3,False,"129, 201",Brooklyn,St. John's,2016-2017,NYC Parks
January - March,Session #2,False,201,Manhattan,Tony Dapolito,2017-2018,NYC Parks
January - March,Session #2,False,204,Manhattan,Tony Dapolito,2018-2019,NYC Parks
April - June,Session #3,False,201,Manhattan,River Bank,2017-2018,NYC Parks
October - December,Session #1,False,293,Queens,FMCP,2017-2018,NYC Parks
January - March,Session #2,False,204,Bronx,St. Mary's,2017-2018,NYC Parks
January - March,Session #2,False,202,Queens,FMCP,2016-2017,NYC Parks
January - March,Session #2,False,201,Queens,FMCP,2017-2018,NYC Parks
January - March,Session #2,False,201,Queens,Roy Wilkins,2020-2021,NYC Parks
April - June,Session #3,True,102,Brooklyn,Metropolitan,2018-2019,NYC Parks
October - December,Session #1,False,203,Queens,FMCP,2017-2018,NYC Parks
October - december,Session #1,False,201,Brooklyn,St. John's,2016-2017,NYC Parks
October - December,Session #1,False,203,Queens,Roy Wilkins,2016-2017,NYC Parks
January - March,Session #2,False,202,Queens,Roy Wilkins,2018-2019,NYC Parks
October - December,Session #1,False,203,Queens,Roy Wilkins,2019-2020,NYC Parks
October - December,Session #1,False,201,Queens,Roy Wilkins,2016-2017,NYC Parks
October - December,Session #1,False,201,Brooklyn,Brownsville,2016-2017,NYC Parks
January - March,Session #2,False,201,Queens,Roy Wilkins,2020-2021,NYC Parks
April - June,Session #3,False,202,Manhattan,River Bank,2018-2019,NYC Parks
January - March,Session #2,False,231,Queens,Roy Wilkins,2018-2019,NYC Parks
January - March,Session #2,False,201,Queens,Roy Wilkins,2016-2017,NYC Parks
January - March,Session #2,False,231,Queens,FMCP,2016-2017,NYC Parks
January - March,Session #2,False,309,Brooklyn,Metropolitan,2017-2018,NYC Parks
January - March,Session #2,False,202,Brooklyn,Brownsville,2017-2018,NYC Parks
October - December,Session #1,False,201,Bronx,St. Mary's,2018-2019,NYC Parks
October - December,Session #1,False,240,Manhattan,Asser Levy,2017-2018,NYC Parks
January - March,Session #2,False,201,Manhattan,Asser Levy,2020-2021,NYC Parks
April - June,Session #3,False,205,Manhattan,Gertrude Ederle,2017-2018,NYC Parks
January - March,Session #2,False,233/234,Queens,FMCP,2017-2018,NYC Parks
October - December,Session #1,False,204,Manhattan,Asser Levy,2019-2020,NYC Parks
October - December,Session #1,False,251,Manhattan,Gertrude Ederle,2016-2017,NYC Parks
January - March,Session #2,False,205,Manhattan,Gertrude Ederle,2017-2018,NYC Parks
April - June,Session #3,False,203,Brooklyn,Brownsville,2016-2017,NYC Parks
April - June,Session #3,False,201,Manhattan,River Bank,2017-2018,NYC Parks
January - March,Session #2,False,202,Bronx,St. Mary's,2016-2017,NYC Parks
October - December,Session #1,False,202,Bronx,St. Mary's,2016-2017,NYC Parks
January - March,Session #2,False,203,Manhattan,Asser Levy,2020-2021,NYC Parks
October - December,Session #1,False,201,Queens,Roy Wilkins,2017-2018,NYC Parks
January - March,Session #2,False,309,Manhattan,Tony Dapolito,2020-2021,NYC Parks
April - June,Session #3,False,202,Queens,Roy Wilkins,2016-2017,NYC Parks
January - March,Session #2,False,201,Manhattan,River Bank,2020-2021,NYC Parks
October - December,Session #1,False,202,Brooklyn,Brownsville,2017-2018,NYC Parks
October - December,Session #1,False,2,Queens,FMCP,2018-2019,NYC Parks
January - March,Session #2,False,201,Brooklyn,Metropolitan,2016-2017,NYC Parks
October - December,Session #1,False,202,Queens,Roy Wilkins,2017-2018,NYC Parks
October - December,Session #1,False,231,Queens,Roy Wilkins,2017-2018,NYC Parks
January - March,Session #2,False,203,Queens,Roy Wilkins,2016-2017,NYC Parks
October - December,Session #1,False,203,Queens,Roy Wilkins,2018-2019,NYC Parks
October - December,Session #1,False,201,Brooklyn,Metropolitan,2016-2017,NYC Parks
April - June,Session #3,False,"201, 449",Manhattan,Hansborough,2016-2017,NYC Parks
January - March,Session #2,False,201,Brooklyn,Metropolitan,2018-2019,NYC Parks
October - December,Session #1,False,204,Queens,FMCP,2018-2019,NYC Parks
January - March,Session #2,False,203,Manhattan,Chelsea,2016-2017,NYC Parks
January - March,Session #2,False,201,Queens,Roy Wilkins,2018-2019,NYC Parks
October - December,Session #1,False,203,Brooklyn,Metropolitan,2019-2020,NYC Parks
October - December,Session #1,False,202,Brooklyn,Metropolitan,2019-2020,NYC Parks
April - June,Session #3,False,439,Manhattan,Hansborough,2018-2019,NYC Parks
April - June,Session #3,False,202,Manhattan,Hansborough,2016-2017,NYC Parks
April - June,Session #3,False,201,Brooklyn,Brownsville,2017-2018,NYC Parks
April - June,Session #3,False,202,Manhattan,Gertrude Ederle,2018-2019,NYC Parks
April - June,Session #3,False,202,Manhattan,Tony Dapolito,2017-2018,NYC Parks
April - June,Session #3,False,202,Queens,Roy Wilkins,2016-2017,NYC Parks
April - June,Session #3,False,203,Brooklyn,Metropolitan,2018-2019,NYC Parks
April - June,Session #3,False,"203, 291",Queens,Roy Wilkins,2016-2017,NYC Parks
October - December,Session #1,False,202,Brooklyn,Metropolitan,2019-2020,NYC Parks
October - December,Session #1,False,201,Queens,FMCP,2017-2018,NYC Parks
April - June,Session #3,False,201,Queens,Roy Wilkins,2018-2019,NYC Parks
october - december,Session #1,False,203,Brooklyn,St. John's,2016-2017,NYC Parks
April - June,Session #3,False,201,Brooklyn,Brownsville,2017-2018,NYC Parks
January - March,Session #2,False,203,Brooklyn,Brownsville,2017-2018,NYC Parks
October - December,Session #1,False,2,Queens,FMCP,2018-2019,NYC Parks
October - December,Session #1,False,201,Brooklyn,Brownsville,2018-2019,NYC Parks
October - December,Session #1,False,201,Queens,Roy Wilkins,2016-2017,NYC Parks
April - June,Session #3,False,202,Queens,FMCP,2018-2019,NYC Parks
January - March,Session #2,False,213,Manhattan,Tony Dapolito,2016-2017,NYC Parks
October - December,Session #1,False,203,Queens,Roy Wilkins,2018-2019,NYC Parks
January - March,Session #2,False,202,Bronx,St. Mary's,2016-2017,NYC Parks
April - June,Session #3,False,201,Brooklyn,Brownsville,2017-2018,NYC Parks
January - March,Session #2,False,202,Brooklyn,Brownsville,2016-2017,NYC Parks
October - December,Session #1,False,204,Queens,FMCP,2016-2017,NYC Parks
October - December,Session #1,False,201,Brooklyn,Metropolitan,2019-2020,NYC Parks
October - December,Session #1,False,231,Queens,Roy Wilkins,2017-2018,NYC Parks
January - March,Session #2,False,201,Queens,Roy Wilkins,2016-2017,NYC Parks
October - December,Session #1,False,"201, 202",Brooklyn,Brownsville,2018-2019,NYC Parks
October - December,Session #1,False,2 Thorpe HR,Queens,Roy Wilkins,2016-2017,NYC Parks
October - December,Session #1,False,221,Manhattan,Hansborough,2018-2019,NYC Parks
April - June,Session #3,False,201,Queens,FMCP,2018-2019,NYC Parks
October - December,Session #1,False,201,Brooklyn,Metropolitan,2019-2020,NYC Parks
January - March,Session #2,False,205,Brooklyn,St. John's,2017-2018,NYC Parks
January - March,Session #2,False,202,Brooklyn,Brownsville,2018-2019,NYC Parks
January - March,Session #2,False,201,Brooklyn,Metropolitan,2016-2017,NYC Parks
January - March,Session #2,False,202,Queens,Roy Wilkins,2018-2019,NYC Parks
April - June,Session #3,False,201,Queens,Roy Wilkins,2017-2018,NYC Parks
January - March,Session #2,False,203,Brooklyn,St. John's,2016-2017,NYC Parks
April - June,Session #3,False,202,Queens,Roy Wilkins,2018-2019,NYC Parks
April - June,Session #3,False,201,Brooklyn,St. John's,2016-2017,NYC Parks
October - December,Session #1,False,201,Brooklyn,Brownsville,2018-2019,NYC Parks
January - March,Session #2,False,246,Manhattan,River Bank,2020-2021,NYC Parks
October - December,Session #1,False,204,Queens,FMCP,2018-2019,NYC Parks
January - March,Session #2,False,201,Brooklyn,Brownsville,2020-2021,NYC Parks
January - March,Session #2,False,203,Queens,FMCP,2016-2017,NYC Parks
January - March,Session #2,False,311,Manhattan,Tony Dapolito,2017-2018,NYC Parks
April - June,Session #3,False,202,Brooklyn,Metropolitan,2017-2018,NYC Parks
April - June,Session #3,False,202,Manhattan,Asser Levy,2016-2017,NYC Parks
October - December,Session #1,False,204,Brooklyn,Metropolitan,2017-2018,NYC Parks
October - December,Session #1,False,201,Bronx,St. Mary's,2019-2020,NYC Parks
April - June,Session #3,False,231,Queens,Roy Wilkins,2017-2018,NYC Parks
October - December,Session #1,False,204,Queens,FMCP,2016-2017,NYC Parks
April - June,Session #3,False,205,Brooklyn,St. John's,2016-2017,NYC Parks
January - March,Session #2,False,202,Brooklyn,Metropolitan,2020-2021,NYC Parks
April - June,Session #3,False,"234, 238, 236",Manhattan,Asser Levy,2016-2017,NYC Parks
October - December,Session #1,False,604,Manhattan,Asser Levy,2016-2017,NYC Parks
October - December,Session #1,False,201,Queens,Roy Wilkins,2017-2018,NYC Parks
January - March,Session #2,False,207,Manhattan,Gertrude Ederle,2016-2017,NYC Parks
April - June,Session #3,False,202,Brooklyn,Metropolitan,2017-2018,NYC Parks
January - March,Session #2,False,201,Manhattan,Tony Dapolito,2017-2018,NYC Parks
January - March,Session #2,False,203,Brooklyn,Metropolitan,2016-2017,NYC Parks
January - March,Session #2,False,205,Manhattan,River Bank,2020-2021,NYC Parks
January - March,Session #2,False,201,Queens,Roy Wilkins,2016-2017,NYC Parks
April - June,Session #3,False,202,Bronx,St. Mary's,2016-2017,NYC Parks
October - December,Session #1,False,202,Queens,Far Rockaway,2017-2018,NYC Parks
April - June,Session #3,False,3,Brooklyn,Metropolitan,2018-2019,NYC Parks
April - June,Session #3,False,201,Queens,Roy Wilkins,2017-2018,NYC Parks
April - June,Session #3,False,202,Manhattan,Tony Dapolito,2017-2018,NYC Parks
October - December,Session #1,False,404,Queens,FMCP,2018-2019,NYC Parks
April - June,Session #3,False,202,Queens,FMCP,2016-2017,NYC Parks
January - March,Session #2,False,309,Manhattan,Tony Dapolito,2020-2021,NYC Parks
October - December,Session #1,False,221,Queens,FMCP,2018-2019,NYC Parks
January - March,Session #2,False,303,Manhattan,Tony Dapolito,2020-2021,NYC Parks
